source_dataset,source_row_ids,merged_duplicate_count,product_name,normalized_name,package_size,portion_type,portion_basis,energy_kcal,energy_kj,protein_g,carbohydrates_g,total_sugar_g,total_fat_g,saturated_fat_g,trans_fat_g,fibre_g,sodium_g,salt_g,calcium_mg,sub_type,form,category,flavour,additives,data_quality_flags
all_categories_combined,771|836,2,224 PILAU RICE 2KG,224 PILAU RICE,Pack size : 2kg,Average Nutritional Value As Per 100g,PER_100G,171,715.464,3,30,1,3,,,2,0,0,,Rice,Solid,Food,,,salt_derived_from_sodium
all_categories_combined,872|925|935,3,224 PISHORI RICE 2KG,224 PISHORI RICE,Pack size : 2kg,Average Nutritional Value As Per 100g,PER_100G,349,1460.22,8,77,0,0,,,0,0,0,,Rice,Solid,Food,,,salt_derived_from_sodium
all_categories_combined,4648,1,Acacia Kids Blackcurrant Pouch 200Ml,ACACIA KIDS BLACKCURRANT POUCH,,Nutrition information for 100ml of drink,PER_100ML,53.1,225,0.02,12.9,12.8,0.01,,,0.08,0.01,0.025,,,,,,,sodium_derived_from_salt
all_categories_combined,4635,1,Acacia Kids Bluerasberry Pouch200Ml,ACACIA KIDS BLUERASBERRY POUCH200ML,,Nutrition information for 100ml of drink,PER_100ML,53.5,227,0.04,13.1,12.9,0.01,,,0.07,0.0108,0.027,,,,,,,sodium_derived_from_salt
all_categories_combined,4636,1,Acacia Kids Mango Pouch 200Ml,ACACIA KIDS MANGO POUCH,,Nutrition information for 100ml of drink,PER_100ML,42.1,179.12,0.168,12.5,12.5,0.01,,,0.54,0.0076,0.019,,,,,,,sodium_derived_from_salt
all_categories_combined,3460,1,Afia Apple Drink 1.5L,AFIA APPLE DRINK,Pack size : 1.5L,Average Nutritional Value As Per 200ml,PER_200ML_SCALED,47,196.648,,11.45,11,,,,,0.009,0.0225,,Apple Drink,Liquid,Beverage,,,missing_total_fat|salt_derived_from_sodium
all_categories_combined,3442,1,Afia Apple Juice Tetra 1L,AFIA APPLE JUICE TETRA,Pack size : 1L,Average Nutritional Value As Per 100ml,PER_100ML,285,1192.44,4,71,0,4,,,0,0,0,,Drink,Liquid,Food,Apple,,salt_derived_from_sodium
all_categories_combined,4649,1,Afia Apple Pet 200Ml,AFIA APPLE PET,Pack size : 200ml,Average Nutritional Value As Per 100ml,PER_100ML,285,1192.44,4,71,0,4,,,0,0,0,,Drink,Liquid,Food,Apple,,salt_derived_from_sodium
all_categories_combined,3463,1,Afia Mixedfruit Juice Pet 1L,AFIA MIXEDFRUIT JUICE PET,Pack size : 1L,Average Nutritional Value As Per 100ml,PER_100ML,47,180,0.01,11.7,11.7,,,,,,,,,,,,,missing_sodium|missing_total_fat
all_categories_combined,3456|3516,2,Afia Multi Vitamin Fruit Drink 1.5L,AFIA MULTI VITAMIN FRUIT DRINK,Pack size : 1.5L,Average Nutritional Value As Per 100ml,PER_100ML,50,209,,12.4,9.7,,,,,0.008,0.02,,Fruit Drink,Liquid,Beverage,,,missing_total_fat|salt_derived_from_sodium
all_categories_combined,3475|3495,2,Afia Orange Fruit Drink 250Ml,AFIA ORANGE FRUIT DRINK,Pack size : 250ml,Average Nutritional Value As Per 100ml,PER_100ML,45,188.28,0.7,10,8.4,0.2,,,,0.001,0.0025,,Fruit Drink,Liquid,Beverage,,,salt_derived_from_sodium
all_categories_combined,3499,1,Afia Pink Guava Juice Tetra 1L,AFIA PINK GUAVA JUICE TETRA,Pack size : 1L,Average Nutritional Value As Per 100ml,PER_100ML,26,107,0.4,6,5,0,,,1.2,0.00048,0.0012,,Drink,Liquid,Food,Guava,,salt_derived_from_sodium
all_categories_combined,3534|3569,2,Afia Tropical Carrot Fruit Drink 300Ml,AFIA TROPICAL CARROT FRUIT DRINK,Pack size : 300ml,Average Nutritional Value As Per 100ml,PER_100ML,69,288.696,0.5,17.2,12.5,,,,,,,,Fruit Drink,Liquid,Beverage,,,missing_sodium|missing_total_fat
all_categories_combined,3370,1,Airheads Cherry Candy Bar 15.6g,AIRHEADS CHERRY CANDY BAR,Pack size : 15.6g,Average Nutritional Value As Per 15.6g,PER_15.6G_SCALED,384.615,1608.97,0,96.1538,70.5128,0,,,,,,,Candy Bar,Solid,Food,Cherry,,missing_sodium
all_categories_combined,3371,1,Airheads Orange Candy Bar 15.6g,AIRHEADS ORANGE CANDY BAR,Pack size : 15.6g,Average Nutritional Value As Per 31.2g,PER_31.2G_SCALED,416.667,1740.38,0,96.1538,67.3077,3.20513,,,,0.0160256,0.0400641,,Candy Bar,Solid,Food,Orange,,salt_derived_from_sodium
all_categories_combined,3369,1,Airheads White Mystery Candy Bar 15.6g,AIRHEADS WHITE MYSTERY CANDY BAR,Pack size : 15.6g,Average Nutritional Value As Per 15.6g,PER_15.6G_SCALED,384.615,1608.97,0,96.1538,70.5128,0,,,,,,,Candy Bar,Solid,Food,,,missing_sodium
all_categories_combined,335,1,Ajab All Purpose Flour 2kg,AJAB ALL PURPOSE FLOUR,Pack size : 2kg,Average Nutritional Value As Per 125g,PER_125G_SCALED,364,1522.4,10.4,76,0.24,0.96,,,2.72,0.002,0.005,,All Purpose Flour,Powder,All Purpose Flour,,,salt_derived_from_sodium
all_categories_combined,345,1,Ajab Fortified All Purpose Home Baking Flour 1Kg,AJAB FORTIFIED ALL PURPOSE HOME BAKING FLOUR,Pack size : 1Kg,Average Nutritional Value As Per 100g,PER_100G,252,1054.36,8.4,51,1.9,1.6,,,,,,,Baking Flour,Powder,Food,,,missing_sodium
all_categories_combined,355,1,Ajab Fortified Atta Mark 1 Flour 2Kg,AJAB FORTIFIED ATTA MARK 1 FLOUR,,Average Nutritional Value As Per 125g,PER_125G_SCALED,364,1522.4,10.4,76,0.24,0.96,,,2.72,0.002,0.005,,Flour,Powder,Food,,,salt_derived_from_sodium
all_categories_combined,346,1,Ajab Fortified Mandazi Flour 2Kg,AJAB FORTIFIED MANDAZI FLOUR,,Average Nutritional Value As Per 1g,PER_1G_SCALED,300,1250,10,50,,10,,,,0.32,0.8,,Mandazi Flour,Powder,Food,,,missing_sugar|salt_derived_from_sodium
all_categories_combined,434,1,Ajab Maize Meal Flour 2Kg,AJAB MAIZE MEAL FLOUR,Pack size : 2Kg,Average Nutritional Value As Per 100g,PER_100G,351,1491,7.8,77.7,0.5,0.8,,,1,,,,Maize Meal Flour,Powder,Food,,,missing_sodium
all_categories_combined,2469,1,Al Jazira Extra Virgin Olive Oil 100ml,AL JAZIRA EXTRA VIRGIN OLIVE OIL,Pack size : 100ml,Average Nutritional value As Per 100g,PER_100G,900,3700,,,,100,,,,,,,Olive Oil,Liquid,Food,Olive,,missing_sodium|missing_sugar
all_categories_combined,2456|2458,2,Allegro Extra Virgin Olive Oil 500ml,ALLEGRO EXTRA VIRGIN OLIVE OIL,Pack size : 500ml,Average Nutritional Value As Per 100g,PER_100G,900,3765.6,,,,100,,,,,,,Olive Oil,Liquid,Food,,,missing_sodium|missing_sugar
all_categories_combined,4371,1,Alpenliebe Chocolate Caramel Eclairs Candy 144g,ALPENLIEBE CHOCOLATE CARAMEL ECLAIRS CANDY,,,ASSUMED_PER_100G,3.9,407.7,0.05,1705.82,84.4,66.5,,,,0.84,2.1,,,,Caramel,Eclairs Candy,,assumed_per_100g_missing_portion|sodium_derived_from_salt
all_categories_combined,4364,1,Alpenliebe Gold Cream Strawberry Candy 144g,ALPENLIEBE GOLD CREAM STRAWBERRY CANDY,Pack size : 144g,Average Nutritional Value As Per 100g,PER_100G,417,1744,0.2,88,71,6.8,,,,0.22,0.55,,Candy,Solid,Food,Strawberry,,salt_derived_from_sodium
all_categories_combined,1069,1,Alvaro Malt Drink 330ml,ALVARO MALT DRINK,Pack size : 330ml,Average Nutritional Value As Per 100ml,PER_100ML,126,527.184,3.2,14.3,9.3,6.3,,,,,,,Malt Drink,Liquid,Beverage,,,missing_sodium
all_categories_combined,435,1,Amaize Maize Meal Flour 2Kg,AMAIZE MAIZE MEAL FLOUR,Pack size : 2kg,Average Nutritional Value As Per 100g,PER_100G,92,388,2.2,21.5,,21.5,,,0.8,,,,Maize Meal Flour,Solid,Food,Maize,,missing_sodium|missing_sugar
all_categories_combined,799|860,2,Amana Basmati Rice 5Kg,AMANA BASMATI RICE,Pack size : 5Kg,Average Nutritional Value As Per 100g,PER_100G,365,1527,7.1,80,,0.7,,,1.8,0.00054,0.00135,,Rice,Solid,Food,,,missing_sugar|salt_derived_from_sodium
all_categories_combined,924,1,Amana Healthy Goodness Long Grain Basmati Rice 2Kg,AMANA HEALTHY GOODNESS LONG GRAIN BASMATI RICE,Pack size : 2Kg,Average Nutritional Value As Per 100g,PER_100G,349,1485,8.7,77.8,,0.7,,,0.8,,,,Basmati Rice,Solid,Food,,,missing_sodium|missing_sugar
all_categories_combined,673,1,Amana Nyayo Beans 1Kg,AMANA NYAYO BEANS,Pack size : 1kg,Average Nutritional Value As Per 100g,PER_100G,347,1451.85,23,62,,,,,16,0.015,0.0375,,Nyayo Beans,Solid,Food,,,missing_sugar|missing_total_fat|salt_derived_from_sodium
all_categories_combined,702,1,Amana Premium Basmati Rice 2Kg,AMANA PREMIUM BASMATI RICE,Pack size : 2Kg,Average Nutritional Value As Per 100g,PER_100G,350,1464,8.8,78,,,,,1.6,0.0017,0.00425,,Rice,Solid,Food,,,missing_sugar|missing_total_fat|salt_derived_from_sodium
all_categories_combined,830|851,2,Amana Premium Pishori Rice 1Kg,AMANA PREMIUM PISHORI RICE,Pack size : 1Kg,Average Nutritional Value As Per 100g,PER_100G,351,1491,7.8,77.7,0.5,0.8,,,1,,,,Pishori Rice,Solid,Food,,,missing_sodium
all_categories_combined,649,1,Amana Rosecoco Beans 1Kg,AMANA ROSECOCO BEANS,Pack size : 1Kg,Average Nutritional Value As Per 100g,PER_100G,260,1120,21,46,3.5,2.7,,,12.5,0,0,,Rosecoco Beans,Solid,Food,,,sodium_derived_from_salt
all_categories_combined,577,1,Amana Yellow Beans 1Kg,AMANA YELLOW BEANS,Pack size : 1kg,Average Nutritional Value As Per 100g,PER_100G,347,1451.85,23,62,,,,,16,0.015,0.0375,,Yellow Beans,Solid,Food,,,missing_sugar|missing_total_fat|salt_derived_from_sodium
all_categories_combined,1320,1,Amazon Tomato Ketchup 340g,AMAZON TOMATO KETCHUP,Pack size : 340g,Average Nutritional Value As Per 100g,PER_100G,110,460,1.1,26.3,15.9,0.1,,,0.24,0.412,1.03,,Ketchup,Liquid,Food,,,salt_derived_from_sodium
all_categories_combined,1471,1,AMERICAN G.CREA.RANCH DRESSING267ML,AMERICAN G CREA RANCH DRESSING267ML,Pack size : 267ml,Average Nutritional Value As Per 30g,PER_30G_SCALED,466.667,1952.33,0,6.66667,3.33333,50,,,0,0.733333,1.83333,,Ranch Dressing and Dip,Paste,Food,,,salt_derived_from_sodium
all_categories_combined,1157,1,AMERICAN G. KETCHUP HOT & SPICY567G,AMERICAN G KETCHUP HOT SPICY567G,Pack size : 567g,Average Nutritional Value As Per 17g,PER_17G_SCALED,117.647,491.765,0,29.4118,23.5294,0,,,0,0.882353,2.20588,,Ketchup,Paste,Food,,,salt_derived_from_sodium
all_categories_combined,1527|1528,2,American Garden Apple Cider Vinegar 473ml,AMERICAN GARDEN APPLE CIDER VINEGAR,Pack size : 473ml,Average Nutritional Value As Per 100ml,PER_100ML,70,292.88,,0.3,0.1,,,,,,,,Vinegar,Liquid,Food,,,missing_sodium|missing_total_fat
all_categories_combined,1488,1,American Garden Italian Marinade And Salad Dressing 267ml,AMERICAN GARDEN ITALIAN MARINADE AND SALAD DRESSING,Pack size : 267ml,Average Nutritional Value As Per 100g,PER_100G,80,334.72,,3,3,8,,,,0.53,1.325,,Salad Dressing,Paste,Food,,,salt_derived_from_sodium
all_categories_combined,1371,1,American Garden Lite Mayonnaise 237ml,AMERICAN GARDEN LITE MAYONNAISE,Pack size : 237ml,Average Nutritional Value As Per 100g,PER_100G,150,628,,,,,,,,0.045,0.1125,,Mayonnaise,Paste,Food,,,missing_sugar|missing_total_fat|salt_derived_from_sodium
all_categories_combined,1347,1,American Garden Mayonnaise 237ml,AMERICAN GARDEN MAYONNAISE,Pack size : 237ml,Average Nutritional Value As Per 100g,PER_100G,309,1292,0.93,8.98,4.91,29.9,,,0.23,1.7,4.25,,Mayonnaise,Paste,Food,,,salt_derived_from_sodium
all_categories_combined,1388,1,American Garden Mayonnaise Lite 887ml,AMERICAN GARDEN MAYONNAISE LITE,Pack size : 887ml,Average Nutritional Value As Per 100g,PER_100G,45,188.28,,1,1,,,,,0.105,0.2625,,Mayonnaise,Paste,Food,,,missing_total_fat|salt_derived_from_sodium
all_categories_combined,2278,1,American Garden Mushroom Pasta Sauce 397g,AMERICAN GARDEN MUSHROOM PASTA SAUCE,Pack size : 397g,Average Nutritional Value As Per 127g,PER_127G_SCALED,47.2441,197.638,1.5748,8.66142,5.51181,0.787402,,,2.3622,0.346457,0.866142,,Sauce,Paste,Food,Mushroom,,salt_derived_from_sodium
all_categories_combined,3727,1,American Garden Popcorn Butter 273G,AMERICAN GARDEN POPCORN BUTTER,Pack size : 273g,Average Nutritional Value As Per 33g,PER_33G_SCALED,484.848,2027.27,,57.5758,,24.2424,,,,0.969697,2.42424,,Popcorn,Solid,Food,Butter,,missing_sugar|salt_derived_from_sodium
all_categories_combined,1453,1,American Garden Spicy Brown Mustard 340g,AMERICAN GARDEN SPICY BROWN MUSTARD,Pack size : 340g,Average Nutritional Value As Per 100g,PER_100G,5,20.92,4,,,,,,,0.065,0.1625,,Mustard,Paste,Food,,,missing_sugar|missing_total_fat|salt_derived_from_sodium
all_categories_combined,1301|1305,2,American Garden Tomato Ketchup 567g,AMERICAN GARDEN TOMATO KETCHUP,Pack size : 567g,Average Nutritional Value As Per 100g,PER_100G,88,368.192,0,23,2,0,,,0,0,0,,Ketchup,Paste,Food,,,salt_derived_from_sodium
all_categories_combined,1428,1,American Garden Worcestershire Sauce 295ml,AMERICAN GARDEN WORCESTERSHIRE SAUCE,Pack size : 295ml,Average Nutritional Value As Per 5ml,PER_5ML_SCALED,100,418.4,,20,20,,,,,1.2,3,,Worcestershire Sauce,Paste,Food,,,missing_total_fat|salt_derived_from_sodium
all_categories_combined,1461,1,American Garden yellow mustard Squeeze 227g,AMERICAN GARDEN YELLOW MUSTARD SQUEEZE,Pack size : 227g,Average Nutritional Value As Per 5g,PER_5G_SCALED,0,0,0,0,0,0,,,0,1.2,3,,Mustard,Paste,Food,,,salt_derived_from_sodium
all_categories_combined,1238,1,American Gourmet Barbeque Sauce 510g,AMERICAN GOURMET BARBEQUE SAUCE,Pack size : 510g,Average Nutritional Value As Per 100g,PER_100G,50,209.2,,13,11,,,,,0.34,0.85,,Sauce,Paste,Food,,,missing_total_fat|salt_derived_from_sodium
all_categories_combined,1459,1,American Gourmet Dijon Mustard 370g,AMERICAN GOURMET DIJON MUSTARD,Pack size : 370g,Average Nutritional Value As Per 100g,PER_100G,149,623.416,7.2,3.2,2.7,11.5,,,,,,,Mustard,Paste,Food,,,missing_sodium
all_categories_combined,1490,1,AMERICAN GOURMET ITALIAN DRESS237G,AMERICAN GOURMET ITALIAN DRESS237G,Pack size : 237ml,Average Nutritional Value As Per 100g,PER_100G,283,1184.07,0,10,8,28,,,,1.642,4.105,,Italian Dressing,Paste,Food,,,salt_derived_from_sodium
all_categories_combined,312,1,AMERICAN GOURMET PANCAKE SYRUP 710G,AMERICAN GOURMET PANCAKE SYRUP,Pack size : 710g,Average Nutritional Value As Per 59ml,PER_59ML_SCALED,57.6271,241.102,0,88.1356,57.6271,0,,,0,0.040678,0.101695,,Pancake Syrup,Liquid,Food,,,salt_derived_from_sodium
all_categories_combined,1378,1,American Gourmet Regular Mayonnaise 237g,AMERICAN GOURMET REGULAR MAYONNAISE,Pack size : 237g,Average Nutritional Value As Per 100g,PER_100G,174,728,0.2,0,1.7,15.3,,,0.1,0.745,1.8625,,Mayonnaise,Paste,Food,,,salt_derived_from_sodium
all_categories_combined,4156,1,Amigos Cheese And Onion Potato Chips 100G,AMIGOS CHEESE AND ONION POTATO CHIPS,Pack size : 100g,Average Nutritional Value As Per 100g,PER_100G,533,2230.07,6,53,2,32,,,,1.2,3,,Potato Chips,Solid,Food,"Cheese, Onion",,salt_derived_from_sodium
all_categories_combined,4062,1,Amigos Chilli Twists Pellets Potato 30g,AMIGOS CHILLI TWISTS PELLETS POTATO,Pack size : 30g,Average Nutritional Value As Per 100g,PER_100G,149,623.416,2.3,18,1.3,7.7,,,1,0.184,0.46,,Pellets Potato,Solid,Food,,,salt_derived_from_sodium
all_categories_combined,4063,1,Amigos Design Chilli Pellets Chips 30G,AMIGOS DESIGN CHILLI PELLETS CHIPS,Pack size : 30g,Average Nutritional Value As Per 100g,PER_100G,342,1430,10,75,,0.2,,,,,,,Chips,Solid,Food,Chilli,,missing_sodium|missing_sugar
all_categories_combined,4182,1,Amigos Design Salted Pellets 100G,AMIGOS DESIGN SALTED PELLETS,Pack size : 100g,Average Nutritional Value As Per 15g,PER_15G_SCALED,1333.33,5578.67,0,266.667,0,0,,,0,0.166667,0.416667,,Potato Pellets,Solid,Food,,,salt_derived_from_sodium
all_categories_combined,4064,1,Amigos Design Salted Pellets Chips 30g,AMIGOS DESIGN SALTED PELLETS CHIPS,Pack size : 30g,Average Nutritional Value As Per 100g,PER_100G,554,2317,7,51.7,2.6,35.5,,,,0.51,1.275,,Chips,Solid,Food,Potato,,salt_derived_from_sodium
all_categories_combined,4331,1,Amigos Fried Cashew Nuts 100g,AMIGOS FRIED CASHEW NUTS,Pack size : 100g,Average Nutritional Value As Per 100g,PER_100G,621,2566,17,30,4.9,48,,,3.2,0.26,0.65,,Fried Cashew Nuts,Solid,Food,,,salt_derived_from_sodium
all_categories_combined,2924|2930,2,Amigos Gathia Nuts 50G,AMIGOS GATHIA NUTS,Pack size : 50G,Average Nutritional Value As Per 100g,PER_100G,519.7,2174.42,18.2,47.8,1.5,28.5,,,,,,,Gathia,Solid,Food,,,missing_sodium
all_categories_combined,2954,1,Amigos Indian Nuts Chevda 500g,AMIGOS INDIAN NUTS CHEVDA,Pack size : 500g,Average Nutritional value As Per 100g,PER_100G,512,5142,8,55.5,15,28.62,,,1.3,0.78,1.95,,Chevda,Solid,Food,,,salt_derived_from_sodium
all_categories_combined,4219,1,Amigos Nduma Chips 200G,AMIGOS NDUMA CHIPS,Pack size : 200g,Average Nutritional Value As Per 100g,PER_100G,470,1966.48,7,60,4,20,,,,0.001,0.0025,,Chips,Solid,Food,Nduma,,salt_derived_from_sodium
all_categories_combined,2926|2932|2940,3,Amigos Nuts Chevda 50g,AMIGOS NUTS CHEVDA,Pack size : 50g,Average Nutritional value As Per 100g,PER_100G,512,5142,8,55.5,15,28.62,,,1.3,0.78,1.95,,Chevda,Solid,Food,,,salt_derived_from_sodium
all_categories_combined,2610|2615,2,Amigos Premium Suvadana Mouth Freshener 120g,AMIGOS PREMIUM SUVADANA MOUTH FRESHENER,Pack size : 120g,Average Nutritional Value As Per 100g,PER_100G,389,1627.58,2.2,84,62,5,,,8.06,0.0694,0.1735,,Mouth Freshener,Solid,Food,,,salt_derived_from_sodium
all_categories_combined,4087,1,Amigos Ready Salted Potato Chips 50G,AMIGOS READY SALTED POTATO CHIPS,Pack size : 50g,Average Nutritional Value As Per 36g,PER_36G_SCALED,536.111,2243.09,5.55556,47.2222,,36.1111,,,,0.763889,1.90972,,Potato Chips,Solid,Food,,,missing_sugar|salt_derived_from_sodium
all_categories_combined,4153|4221,2,Amigos Resdy Salted Potato Chips 100G,AMIGOS RESDY SALTED POTATO CHIPS,Pack size : 100g,Average Nutritional Value As Per 36g,PER_36G_SCALED,536.111,2243.09,5.55556,47.2222,,36.1111,,,,0.763889,1.90972,,Potato Chips,Solid,Food,,,missing_sugar|salt_derived_from_sodium
all_categories_combined,4343,1,Amigos Roasted Cashewnuts 200g,AMIGOS ROASTED CASHEWNUTS,Pack size : 200g,Average Nutritional Value As Per 100g,PER_100G,157,657,5.2,8.6,,12,,,0.9,0.0034,0.0085,,Cashewnuts,Solid,Food,,,missing_sugar|salt_derived_from_sodium
all_categories_combined,4086|4157,2,Amigos Salt And Vinegar Potato Chips 50G,AMIGOS SALT AND VINEGAR POTATO CHIPS,Pack size : 50g,Average Nutritional Value As Per 30g,PER_30G_SCALED,490,2050.16,3.33333,56.6667,,23.3333,,,,,,,Potato Chips,Solid,Food,"Salt, Vinegar",,missing_sodium|missing_sugar
all_categories_combined,4183,1,Amigos Salted Matoke Chips 100G,AMIGOS SALTED MATOKE CHIPS,Pack size : 100g,Average Nutritional Value As Per 100g,PER_100G,519,2171.5,2,58,35,32,,,,0.006,0.015,,Chips,Solid,Food,Matoke,,salt_derived_from_sodium
all_categories_combined,2974,1,Amigos Simsim Nuts Chikki 50g,AMIGOS SIMSIM NUTS CHIKKI,Pack size : 50g,Average Nutritional Value As Per 100g,PER_100G,110,509,8,2129.6,66.23,23.5,,,,,,,Chikki,Solid,Food,,,missing_sodium
all_categories_combined,2601|2614,2,Amigos Suvadana Mouth Freshener 150g,AMIGOS SUVADANA MOUTH FRESHENER,Pack size : 150g,Average Nutritional Value As Per 100g,PER_100G,389,1627.58,2.2,84,62,5,,,8.06,0.0694,0.1735,,Mouth Freshener,Solid,Food,,,salt_derived_from_sodium
all_categories_combined,527,1,Aquaclear Purified Drinking Water 500Ml,AQUACLEAR PURIFIED DRINKING WATER,Pack size : 500Ml,Average Nutritional Value As Per 100ml,PER_100ML,0,0,,,,,,,,0.025,0.0625,,Drinking Water,Liquid,Beverage,,,missing_sugar|missing_total_fat|salt_derived_from_sodium
all_categories_combined,549,1,Aquamist Apple Flavoured Water 500Ml,AQUAMIST APPLE FLAVOURED WATER,Pack size : 500Ml,Average Nutritional Value As Per 100ml,PER_100ML,1.4,75.312,,4,,,,,,0.01462,0.03,,Mineral Water,Liquid,Beverage,Apple,,missing_sugar|missing_total_fat
all_categories_combined,523,1,Aquamist Lemon Flavoured Water 500Ml,AQUAMIST LEMON FLAVOURED WATER,Pack size : 500Ml,Average Nutritional Value As Per 100ml,PER_100ML,1.4,669.44,,9,,,,,,0.01462,0.03,,Mineral Water,Liquid,Beverage,Lemon,,missing_sugar|missing_total_fat
all_categories_combined,548,1,Aquamist Mango Flavoured Water 500ml,AQUAMIST MANGO FLAVOURED WATER,Pack size : 500Ml,Average Nutritional Value As Per 100ml,PER_100ML,1.4,150.624,,,,,,,,0.01462,0.03,,Mineral Water,Liquid,Beverage,Mango,,missing_sugar|missing_total_fat
all_categories_combined,492|499|501|511,4,Aquamist Mineral Water 5L,AQUAMIST MINERAL WATER,Pack size : 5L,Average Nutritional Value As Per 100ml,PER_100ML,0,0,,,,,,,,0.01462,0.03,,Mineral Water,Liquid,Beverage,,,missing_sugar|missing_total_fat
all_categories_combined,498,1,Aquamist Mineral Water 1.5Lx6,AQUAMIST MINERAL WATER 1 5LX6,Pack size : 1.5L X 6,Average Nutritional Value As Per 100ml,PER_100ML,0,0,,,,,,,,0.01462,0.03,,Mineral Water,Liquid,Beverage,,,missing_sugar|missing_total_fat
all_categories_combined,496,1,Aquamist Mineral Water 1Lx6,AQUAMIST MINERAL WATER 1LX6,Pack size : 1L X 6,Average Nutritional Value As Per 100ml,PER_100ML,0,0,,,,,,,,0.01462,0.03,,Mineral Water,Liquid,Beverage,,,missing_sugar|missing_total_fat
all_categories_combined,505,1,Aquamist Mineral Water 500Mlx6,AQUAMIST MINERAL WATER 500MLX6,Pack size : 500Ml X 6,Average Nutritional Value As Per 100ml,PER_100ML,0,0,,,,,,,,0.01462,0.03,,Mineral Water,Liquid,Beverage,,,missing_sugar|missing_total_fat
all_categories_combined,489,1,Aquamist Mineral Water Disposable 18.5L,AQUAMIST MINERAL WATER DISPOSABLE,Pack size : 18.5L,,ASSUMED_PER_100G,,,,,,,,,,0.01462,0.03,,Mineral Water,Liquid,,,,assumed_per_100g_missing_portion|missing_sugar|missing_total_fat
all_categories_combined,3540,1,Aquamist Orange Frutz Drink 500Ml,AQUAMIST ORANGE FRUTZ DRINK,Pack size : 500Ml,Average Nutritional Value As Per 250ml,PER_250ML_SCALED,19.2,251.04,0.04,4.8,5.6,0.04,,,0.08,0.00408,0.008,,Fruit Drink,Liquid,Beverage,Orange,,
all_categories_combined,547,1,Aquamist Pineapple Flavoured Water 500ml,AQUAMIST PINEAPPLE FLAVOURED WATER,Pack size : 500Ml,Average Nutritional Value As Per 100ml,PER_100ML,1.4,4.184,,,,,,,,0.01462,0.03,,Mineral Water,Liquid,Beverage,Pineapple,,missing_sugar|missing_total_fat
all_categories_combined,3453,1,Aquamist Pineapple Frutz Drink 500Ml,AQUAMIST PINEAPPLE FRUTZ DRINK,Pack size : 500ml,Average Nutritional Value As Per 100ml,PER_100ML,48,272,0.1,12,15,0.1,,,0.5,0.0102,0.02,,Mango Juice,Liquid,Beverage,Mango,,
all_categories_combined,540|543,2,Aquamist Sparkling Water 1L,AQUAMIST SPARKLING WATER,Pack size : 1L,Average Nutritional Value As Per 100ml,PER_100ML,0,0,,,,,,,,0.01462,0.03,,Sparkling Water,Liquid,Beverage,,,missing_sugar|missing_total_fat
all_categories_combined,2317|2321|2329,3,Aryuva Double Concentrated Tomato Paste 400g,ARYUVA DOUBLE CONCENTRATED TOMATO PASTE,Pack size : 400g,,ASSUMED_PER_100G,18.5,10.9,106,100,1.18,0.25,,,,,,,Food,,4.2g,443kJ,Paste,assumed_per_100g_missing_portion|missing_sodium
all_categories_combined,2379,1,ARYUVA PREMIUM DARK SOY SAUCE 150ML,ARYUVA PREMIUM DARK SOY SAUCE,Pack size : 150ml,Average Nutritional Value As Per 100ml,PER_100ML,36,150.62,7,26,22,0,,,0,7.8,19.5,,Soy Sauce,Liquid,Food,,,salt_derived_from_sodium
all_categories_combined,2358|2385,2,Aryuva Premium Light Soy Sauce 625ml,ARYUVA PREMIUM LIGHT SOY SAUCE,Pack size : 625ml,Average Nutritional Value As Per 100ml,PER_100ML,54,225.93,1,11,9,0,,,0,6.026,15.065,,Sauce,Paste,Food,,,salt_derived_from_sodium
all_categories_combined,703|855|887,3,ASANTA GREEN LENTILS 250G,ASANTA GREEN LENTILS,Pack size : 250g,Average Nutritional Value As Per 100g,PER_100G,116,485.34,20,50,0,0.4,,,8,0.002,0.005,,Green Lentils,Solid,Food,Green Lentils,,salt_derived_from_sodium
all_categories_combined,740,1,ASANTA POPCORN SEEDS 500G,ASANTA POPCORN SEEDS,Pack size : 500g,Average Nutritional Value As Per 100g,PER_100G,382,1598.29,12,78,0,4,,,15,0.004,0.01,,Popcorn Seeds,Solid,Food,Popcorn Seed,,salt_derived_from_sodium
all_categories_combined,750,1,ASANTA YELLOW BEANS 500G,ASANTA YELLOW BEANS,Pack size : 500g,Average Nutritional Value As Per 50g,PER_50G_SCALED,340,1422.56,14,68,0,2,,,16,0.04,0.1,,Yellow Beans,Solid,Food,Yellow Bean,,salt_derived_from_sodium
all_categories_combined,299,1,Askeys Treat Strawberry 325G,ASKEYS TREAT STRAWBERRY,Pack size : 325g,Average Nutritional Value Per 100g,PER_100G,316,1343,0,79,75,0,,,,0,0,,,,Dessert Sauce.,Strawberry,• Free From Artificial Colours • Free From Artificial Flavours • Free From Artificial Preservatives,sodium_derived_from_salt
all_categories_combined,301,1,Askeys Treat Toffee 325G,ASKEYS TREAT TOFFEE,Pack size : 325g,Average Nutritional Value Per 100g,PER_100G,331,1404,1.4,77,73,2,,,,0.048,0.12,,,,Dessert Sauce.,Toffee,• Free From Artificial Colours • Free From Artificial Flavours • Free From Artificial Preservatives,sodium_derived_from_salt
all_categories_combined,1462,1,Atkins & Potts Dill Mustard Sauce 185G,ATKINS POTTS DILL MUSTARD SAUCE,Pack size : 185g,Typical Values per 100g,PER_100G,485,2000,1.8,11.9,11.5,47.2,,,0.9,0.84,2.1,,,,,,,sodium_derived_from_salt
all_categories_combined,2237,1,Atkins & Potts Red Onion & Jalapeno Relish 215G,ATKINS POTTS RED ONION JALAPENO RELISH,Pack size : 215g,Typical Values per 100g,PER_100G,211,893,1.2,45.2,43.1,2.2,,,1.4,0.2,0.5,,,,,,,sodium_derived_from_salt
all_categories_combined,1236,1,Atkins& Potts Salsa Dip 200G,ATKINS POTTS SALSA DIP,,Typical Values per 100g,PER_100G,53,239,1.6,9.2,7.2,1.1,,,1.5,0.8,2,,,,,,,sodium_derived_from_salt
all_categories_combined,2720,1,Atkins & Potts Sea Food Sauce Lemon & Dill 180G,ATKINS POTTS SEA FOOD SAUCE LEMON DILL,Pack size : 180g,Typical Values per 100g,PER_100G,650,2675,2.1,4.1,3.6,69,,,,0.48,1.2,,,,,,,sodium_derived_from_salt
all_categories_combined,1408,1,Atkins & Potts Tartare Sauce 185G,ATKINS POTTS TARTARE SAUCE,Pack size : 185g,Typical Values per 100g,PER_100G,492,2024,2.4,3.6,2.7,52,,,1,0.68,1.7,,,,,,,sodium_derived_from_salt
all_categories_combined,1382,1,Atkins & Potts Toasted Garlic Mayonnaise 175G,ATKINS POTTS TOASTED GARLIC MAYONNAISE,Pack size : 175g,Typical Values per 100g,PER_100G,678,2793,2.7,6.2,2.1,71.1,,,0.8,,,,,,,,,missing_sodium
all_categories_combined,1489,1,Atkins & Potts Wasabi & Lime Dresing 255G,ATKINS POTTS WASABI LIME DRESING,Pack size : 255g,Typical Values per 100g,PER_100G,458,1892,1.5,11.2,8.8,45,,,1,0.296,0.74,,,,,,,sodium_derived_from_salt
all_categories_combined,1387,1,Atkins & Potts Wasabi Mayonnaise 175G,ATKINS POTTS WASABI MAYONNAISE,Pack size : 175g,Typical Values per 100g,PER_100G,598,2464,2.9,5.1,2.8,62.7,,,1,0.48,1.2,,,,,,,sodium_derived_from_salt
all_categories_combined,2436|2438|2513,3,Avena Vegetable Oil 3L,AVENA VEGETABLE OIL,Pack size : 3L,Average Nutritional Value As Per 100ml,PER_100ML,878,3673.55,,1.72,,97.54,,,,,,,Vegetable Oil,Liquid,Food,,,missing_sodium|missing_sugar
all_categories_combined,3525,1,Azam Apple Punch Sparkling Drink 300ml,AZAM APPLE PUNCH SPARKLING DRINK,Pack size : 300ml,Average Nutritional Value As Per 100ml,PER_100ML,110,460.24,14,2,,5,,,,0.447,1.1175,,Sparkling Drink,Liquid,Beverage,Apple,,missing_sugar|salt_derived_from_sodium
all_categories_combined,1096,1,Azam Carbonated Energy Drink 300ml,AZAM CARBONATED ENERGY DRINK,Pack size : 300ml,Average Nutritional Value As Per 100ml,PER_100ML,49,205,0.5,11,11,0.1,,,,0.068,0.17,,Energy Drink,Liquid,Beverage,,,sodium_derived_from_salt
all_categories_combined,1067,1,Azam Malti Coffee Mocha Dark Malt Drink 500ml,AZAM MALTI COFFEE MOCHA DARK MALT DRINK,Pack size : 500ml,Average Nutritional Value As Per 300ml,PER_300ML_SCALED,60.6667,253.827,,3.66667,3.66667,,,,,0.008,0.02,,Malt Drink,Liquid,Beverage,Coffee,,missing_total_fat|salt_derived_from_sodium
all_categories_combined,1068,1,Azam Malti Drink Coffee 300Ml,AZAM MALTI DRINK COFFEE,Pack size : 300ml,Average Nutritional Value As Per 100ml,PER_100ML,18,84,0,4,0,0,,,0,0.005,0.0125,,Malti Drink,Liquid,Food,Coffee,,salt_derived_from_sodium
all_categories_combined,3558,1,Azam Ukwaju Tamarind Fruit Juice Drink 300Ml,AZAM UKWAJU TAMARIND FRUIT JUICE DRINK,Pack size : 300ml,Average Nutritional Value As Per 100ml,PER_100ML,56,234.304,,14,13,,,,,0.02,0.05,,Juice Drink,Liquid,Beverage,Ukwaju Tamarind,,missing_total_fat|salt_derived_from_sodium
all_categories_combined,2450|2452,2,Bahari Fry Vegetable Oil 2L,BAHARI FRY VEGETABLE OIL,Pack size : 2L,Average Nutritional Value As Per 100ml,PER_100ML,884,3569,,,,100,,,,,,,Vegetable Oil,Liquid,Food,,,missing_sodium|missing_sugar
all_categories_combined,2593,1,BAILI BREAD CRUMBS 1000G,BAILI BREAD CRUMBS,Pack size : 1000g,Average Nutritional Value As Per 100g,PER_100G,385,1614,12,72.9,4.6,4.6,,,,0.472,1.18,,Bread Crumbs,Solid,Food,,,salt_derived_from_sodium
all_categories_combined,4298,1,Bakalland BA Cocoa And Milk Kid Cereal Bar 25g,BAKALLAND BA COCOA AND MILK KID CEREAL BAR,Pack size : 25g,Avarage Nutritional Value As Per 37g,PER_37G_SCALED,1100,4606.22,13.2432,197.297,16.7568,21.6216,,,13.7838,,,,Cereal Bar,Solid,Food,"Cocoa, Milk",,missing_sodium
all_categories_combined,460,1,Bake King Premium Light Jaggery 300g,BAKE KING PREMIUM LIGHT JAGGERY,Pack size : 300g,Average Nutritional Value As Per 100g,PER_100G,383,1602.47,0.4,97,,0.1,,,0.6,,,,Jaggery,Solid,Food,,,missing_sodium|missing_sugar
all_categories_combined,3821,1,Bakers Blue Label Marie Biscuits 200g,BAKERS BLUE LABEL MARIE BISCUITS,Pack size : 200g,Average Nutritional Value As Per 100g,PER_100G,423,1772,8.3,74,21.7,9.5,,,1.7,0.377,0.9425,,Biscuits,Solid,Food,,,salt_derived_from_sodium
all_categories_combined,3841,1,Bakers Classic Romany Creams Chocolate Biscuits 200g,BAKERS CLASSIC ROMANY CREAMS CHOCOLATE BISCUITS,Pack size : 200g,Average Nutritional Value As Per 100g,PER_100G,481,2012,7.6,64,33.8,21.3,,,2.2,0.466,1.165,,Biscuits,Solid,Food,"Cream, Chocolate.",,salt_derived_from_sodium
all_categories_combined,3961,1,Bakers Eet Sum Mor Shortbread Biscuits 80g,BAKERS EET SUM MOR SHORTBREAD BISCUITS,Pack size : 80g,Average Nutritional Value As Per 27g,PER_27G_SCALED,525.926,2200.47,3.7037,55.5556,11.1111,29.6296,,,,0.511111,1.27778,,Biscuits,Solid,Food,,,salt_derived_from_sodium
all_categories_combined,3830,1,Bakers Original Romany Creams Mint Chocolate Coconut Biscuits 200g,BAKERS ORIGINAL ROMANY CREAMS MINT CHOCOLATE COCONUT BISCUITS,Pack size : 200g,Average Nutritional Value As Per 100g,PER_100G,499,2089,5.5,,29.5,25.6,,,5,0.479,1.1975,,Biscuits,Solid,Food,"Mint, Chocolate, Coconut",,salt_derived_from_sodium
all_categories_combined,721,1,Barilla Angel Hair No. 1 Pasta 500g,BARILLA ANGEL HAIR NO 1 PASTA,Pack size : 500g,Average Nutritional Value As Per 100g,PER_100G,364,1522.98,12.6,70.9,3.5,2,,,3,0.005,0.0125,,Pasta,Solid,Food,,,salt_derived_from_sodium
all_categories_combined,645,1,Barilla Chifferi Elbows Pasta 500g,BARILLA CHIFFERI ELBOWS PASTA,Pack size : 500g,Average Nutritional Value As Per 100g,PER_100G,364,1522.98,12.6,70.9,3.5,2,,,3,0.005,0.0125,,Pasta,Solid,Food,,,salt_derived_from_sodium
all_categories_combined,2271,1,Barilla Chilli Pepper Arrabbiata Sauce 400g,BARILLA CHILLI PEPPER ARRABBIATA SAUCE,Pack size : 400g,Average Nutritional Value As Per 100g,PER_100G,70,292.8,1,7,,3,,,,,,,Sauce,Paste,Food,Chilli Pepper,,missing_sodium|missing_sugar
all_categories_combined,664,1,Barilla Collezione Tagliatelle Pasta 500g,BARILLA COLLEZIONE TAGLIATELLE PASTA,Pack size : 500g,Average Nutritional Value As Per 100g,PER_100G,359,1502.06,12,71,,2,,,,,,,Pasta,Solid,Food,,,missing_sodium|missing_sugar
all_categories_combined,684,1,Barilla Fettuccine Pasta 500g,BARILLA FETTUCCINE PASTA,Pack size : 500g,Average Nutritional Value As Per 100g,PER_100G,359,1502.06,12,71,,2,,,,0.013,0.0325,,Pasta,Solid,Food,,,missing_sugar|salt_derived_from_sodium
all_categories_combined,625,1,Barilla Lasagne No. 189 Pasta 500g,BARILLA LASAGNE NO 189 PASTA,Pack size : 500g,Average Nutritional Value As Per 100g,PER_100G,142,594.128,4,10,,9,,,,,,,Pasta,Solid,Food,,,missing_sodium|missing_sugar
all_categories_combined,639,1,Barilla Linguine No. 13 Pasta 500g,BARILLA LINGUINE NO 13 PASTA,Pack size : 500g,Average Nutritional Value As Per 100g,PER_100G,364,1522.98,12.8,70.9,3.5,2,,,3,0.005,0.0125,,Pasta,Solid,Food,,,salt_derived_from_sodium
all_categories_combined,705,1,Barilla N.3 Spaghettini Pasta 500g,BARILLA N 3 SPAGHETTINI PASTA,Pack size : 500g,Average Nutritional Value As Per 100g,PER_100G,364,1522.98,12.8,70.9,3.5,2,,,3,0.005,0.0125,,Spaghettini Pasta,Solid,Food,,,salt_derived_from_sodium
all_categories_combined,614,1,Barilla N.5 Spaghetti Pasta 500G,BARILLA N 5 SPAGHETTI PASTA,Pack size : 500g,Average Nutritional Value As Per 100g,PER_100G,364,1522.98,12.8,70.9,3.5,2,,,3,0.005,0.0125,,Spaghetti Pasta,Solid,Food,,,salt_derived_from_sodium
all_categories_combined,852,1,Barilla N65 Farfalle Durum Wheat Pasta 500g,BARILLA N65 FARFALLE DURUM WHEAT PASTA,Pack size : 500g,Average Nutritional Value As Per 100g,PER_100G,359,1502.06,12,71,3,2,,,,,,,Pasta,Solid,Food,,,missing_sodium
all_categories_combined,634,1,Barilla Rigate Penne Pasta 500G,BARILLA RIGATE PENNE PASTA,Pack size : 500g,Average Nutritional Value As Per 100g,PER_100G,364,1522.98,12.5,71.2,3.5,2,,,3,0.005,0.0125,,Pasta,Solid,Food,,,salt_derived_from_sodium
all_categories_combined,913,1,Barilla Spaghettoni No. 7 Pasta 500g,BARILLA SPAGHETTONI NO 7 PASTA,Pack size : 500g,Average Nutritional Value As Per 100g,PER_100G,158,661.072,4,17,1,18,,,31,0.005,0.0125,,Pasta,Solid,Food,,,salt_derived_from_sodium
all_categories_combined,2265,1,Barilla Sugo Olive With Italian Tomatoes Sauce 400g,BARILLA SUGO OLIVE WITH ITALIAN TOMATOES SAUCE,Pack size : 400g,Average Nutritional Value As Per 100g,PER_100G,77,322,1.9,6.2,4.8,4.5,,,2.1,,,,Sauce,Paste,Food,,,missing_sodium
all_categories_combined,1065,1,Bavaria 0.0 Apple Non Alcoholic Malt Drink 500Ml,BAVARIA 0 0 APPLE NON ALCOHOLIC MALT DRINK,Pack size : 500ml,Average Nutritional Value As Per 100ml,PER_100ML,30,126,1,7.9,7.6,1,,,,,,,Malt Drink,Liquid,Beverage,Apple,,missing_sodium
all_categories_combined,1066,1,Bavaria 0.0 Original Non Alcoholic Malt Drink 500Ml,BAVARIA 0 0 ORIGINAL NON ALCOHOLIC MALT DRINK,Pack size : 500ml,Average Nutritional Value As Per 100ml,PER_100ML,24,100.416,,5,3,,,,,0.002,0.005,,Malt Drink,Liquid,Beverage,,,missing_total_fat|salt_derived_from_sodium
all_categories_combined,2028,1,Bayara Chilli Powder 240g,BAYARA CHILLI POWDER,Pack size : 240g,Average Nutritional Value As Per 100g,PER_100G,435,1820,14,51,6,19,,,31,0.401,1.0025,,Chilli Powder,Powder,Food,,,salt_derived_from_sodium
all_categories_combined,2038,1,Bayara Whole Garam Masala 120g,BAYARA WHOLE GARAM MASALA,Pack size : 120g,Average Nutritional Value As Per 100g,PER_100G,300,1252,10,70,,10,,,40,0.15,0.375,,Garam Masala,Solid,Food,,,missing_sugar|salt_derived_from_sodium
all_categories_combined,4464,1,Bazooka Big Baby Pop Cola And Raspberry Candy 32g,BAZOOKA BIG BABY POP COLA AND RASPBERRY CANDY,Pack size : 32g,Average Nutritional Value As Per 100g,PER_100G,121,506,0,30,29,0,,,0,0,0,,Candy,Solid,Food,"Cola, Raspberry",,sodium_derived_from_salt
all_categories_combined,4468,1,Bazooka Big Baby Pop Sour Strawberry Candy 32g,BAZOOKA BIG BABY POP SOUR STRAWBERRY CANDY,Pack size : 32g,Average Nutritional Value As Per 100g,PER_100G,383,1627,0.2,95.3,87,0.02,,,0.02,2e-05,5e-05,,Candy,Solid,Food,Strawberry,,salt_derived_from_sodium
all_categories_combined,4439,1,Bazooka Push Pop Blackcurrant 15G,BAZOOKA PUSH POP BLACKCURRANT,Pack size : 15G,Average Nutritional Value As Per 45g,PER_45G_SCALED,355.556,1487.64,5.55556,77.7778,55.5556,1.77778,,,,,,,Candy,Solid,Food,Black Currant,,missing_sodium
all_categories_combined,4440,1,Bazooka Push Pop Blue Raspberry And Cola Candy 15g,BAZOOKA PUSH POP BLUE RASPBERRY AND COLA CANDY,Pack size : 15g,Average Nutritional Value As Per 15g,PER_15G_SCALED,1220,5104.67,0,100,64.6667,0,,,0,0.113333,0.283333,,Candy,Solid,Food,"Raspberry, Cola",,salt_derived_from_sodium
all_categories_combined,2542,1,Beauideal Shanghai White Vinegar 500ml,BEAUIDEAL SHANGHAI WHITE VINEGAR,Pack size : 500ml,Average Nutritional Value As Per 100g,PER_100G,0,0,,,,,,,,0,0,,White Vinegar,Liquid,Food,,,missing_sugar|missing_total_fat|sodium_derived_from_salt
all_categories_combined,4477,1,Bebeto Strawberry Laces 160G,BEBETO STRAWBERRY LACES,Pack size : 160g,Average Nutritional Value As Per 100g,PER_100G,380,1610,2.7,86,57,2.9,,,,0,0,,Laces,Solid,Food,Strawberry,,sodium_derived_from_salt
all_categories_combined,3385,1,Bebeto Strawberry Metergum 40g,BEBETO STRAWBERRY METERGUM,Pack size : 40g,Average Nutritional Value As Per 100g,PER_100G,381,1594.1,2,88,0,2,,,0,0,0,,Metergum,Solid,Food,Strawberry,,salt_derived_from_sodium
all_categories_combined,3974,1,BERGEN 3 X CHOCO COOKIES 135G,BERGEN 3 X CHOCO COOKIES,Pack size : 135g,Average Nutritional Value As Per 18g,PER_18G_SCALED,522.222,2183.33,5.55556,55.5556,33.3333,27.7778,,,0,0.5,1.25,,Cookies,Solid,Food,Choco,,salt_derived_from_sodium
all_categories_combined,3973,1,Bergen Brownie Chocolate Fudge Cookies 126g,BERGEN BROWNIE CHOCOLATE FUDGE COOKIES,Pack size : 126g,Average Nutritional Value As Per 22g,PER_22G_SCALED,450,1882.8,4.54545,63.6364,36.3636,18.1818,,,,,,,Cookies,Solid,Food,"Cocoa, Fudge",,missing_sodium
all_categories_combined,3969,1,BERGEN CHOCO CHIP HAZELNUT COOK135G,BERGEN CHOCO CHIP HAZELNUT COOK135G,Pack size : 135g,Average Nutritional Value As Per 100g,PER_100G,504,2109,6,60,28,26.5,,,0,0,0,,Cookies,Solid,Food,Hazelnuts,,salt_derived_from_sodium
all_categories_combined,3970|3975,2,Bergen Oat With Sesame Cookies 135g,BERGEN OAT WITH SESAME COOKIES,Pack size : 135g,Average Nutritional Value As Per 100g,PER_100G,512,2142.21,5,62,37,26,,,3,0.24,0.6,,Cookies,Solid,Food,"Oat, Sesame",,salt_derived_from_sodium
all_categories_combined,3972,1,BERGEN OBS.CARAMEL&COCONUT COOK140G,BERGEN OBS CARAMEL COCONUT COOK140G,Pack size : 140g,Average Nutritional Value As Per 100g,PER_100G,469,1962,6,66,42,20,,,0,0.18,0.45,,Biscuit,Solid,Food,Coconut,,salt_derived_from_sodium
all_categories_combined,3992,1,BERGEN S/FREE HAZELNUT COOKIES 150G,BERGEN S FREE HAZELNUT COOKIES,Pack size : 150g,Average Nutritional Value As Per 100g,PER_100G,498,2084,8.2,62.2,3,23.5,,,0,0,0,,Cookies,Solid,Food,Hazelnuts,,salt_derived_from_sodium
all_categories_combined,3971|3976,2,Bergen White Chocolate & Cranberry Cookies 135g,BERGEN WHITE CHOCOLATE CRANBERRY COOKIES,Pack size : 135g,Average Nutritional Value As Per 100g,PER_100G,480,2008.32,4,64,44,24,,,2,0.24,0.6,,Cookies,Solid,Food,"Cocoa, Cranberry",,salt_derived_from_sodium
all_categories_combined,249|4321,2,Betty Crocker Butter Milk Pancake Mix 360g,BETTY CROCKER BUTTER MILK PANCAKE MIX,Pack size : 360g,Average Nutritional Value As Per 100g,PER_100G,375,1567,72,10,8.8,5.5,,,1.3,1.058,2.645,,Pancake Mix,Powder,Food,Butter Milk,,salt_derived_from_sodium
all_categories_combined,4317,1,Betty Crocker Chocolate Fudge Brownie Mix 500g,BETTY CROCKER CHOCOLATE FUDGE BROWNIE MIX,Pack size : 500g,Average Nutritional Value As Per 100g,PER_100G,409,1711.26,4.4,83.3,,5.7,,,3.4,,,,Fudge Brownie Mix,Powder,Food,,,missing_sodium|missing_sugar
all_categories_combined,250,1,Betty Crocker Dark Chocolate Fudge Brownie Mix 500g,BETTY CROCKER DARK CHOCOLATE FUDGE BROWNIE MIX,Pack size : 500g,Average Nutritional Value As Per 100g,PER_100G,110,460.24,1,24,17,1.5,,,1,0.09,0.225,,Brownie Mix,Powder,Food,Dark Chocolate,,salt_derived_from_sodium
all_categories_combined,251,1,Betty Crocker Super Moist Chocolate Fudge Cake Mix 500g,BETTY CROCKER SUPER MOIST CHOCOLATE FUDGE CAKE MIX,Pack size : 500g,Average Nutritional Value As Per 100g,PER_100G,160,669.44,2,35,17,1,,,1,0.38,0.95,,Cake Mix,Powder,Food,Chocolate Fudge,,salt_derived_from_sodium
all_categories_combined,4320,1,Betty Crocker Super Moist Dark Chocolate Cake 510g,BETTY CROCKER SUPER MOIST DARK CHOCOLATE CAKE,Pack size : 510g,Average Nutritional Value As Per 100g,PER_100G,396,1656.86,4.1,79,52,6.6,,,2.5,0.772,1.93,,Cake,Solid,Food,,,salt_derived_from_sodium
all_categories_combined,4318,1,Betty Crocker Super Moist Supreme Vanilla Cake 510g,BETTY CROCKER SUPER MOIST SUPREME VANILLA CAKE,Pack size : 510g,Average Nutritional Value As Per 100g,PER_100G,396,1656.86,4.1,79,52,6.6,,,2.5,0.772,1.93,,Cake,Solid,Food,Vanilla,,salt_derived_from_sodium
all_categories_combined,4316,1,Betty Crocker Super Moist White Cake Mix 510g,BETTY CROCKER SUPER MOIST WHITE CAKE MIX,Pack size : 510g,Average Nutritional Value As Per 100g,PER_100G,398,1665.23,3.3,77,47,8.1,,,1.2,0.647,1.6175,,Cake Mix,Powder,Food,,,salt_derived_from_sodium
all_categories_combined,4314,1,Betty Crocker Whipping Cream Mix 70g,BETTY CROCKER WHIPPING CREAM MIX,Pack size : 70g,Average Nutritional Value As Per 35g,PER_35G_SCALED,505.714,2115.91,4.85714,71.4286,68.5714,22.5714,,,1.42857,0.0742857,0.185714,,Whipping Cream Mix,Cream,Food,,,salt_derived_from_sodium
all_categories_combined,3214,1,Bharti Ben Kenyan Chevdo Farari 350G,BHARTI BEN KENYAN CHEVDO FARARI,Pack size : 350g,Average Nutritional Value As Per 100g,PER_100G,605.96,2535.32,2.285,48.67,5.4,49.17,,,1.058,0.0618,0.1545,,Chevdo,Solid,Food,,,salt_derived_from_sodium
all_categories_combined,2491|2493,2,Bidco Chipsy Pure Yellow Vegetable Cooking Fat 500g,BIDCO CHIPSY PURE YELLOW VEGETABLE COOKING FAT,Pack size : 500g,Average Nutritional Value As Per 100g,PER_100G,124,518.816,,,,14,,,,,,,Cooking Fat,Liquid,Food,,,missing_sodium|missing_sugar
all_categories_combined,2769,1,Bip 3D Dino And Friend Strawberry Lollipop 20g,BIP 3D DINO AND FRIEND STRAWBERRY LOLLIPOP,Pack size : 20g,Average Nutritional Value As Per 100g,PER_100G,395,1680,0,98.8,68.5,0,,,0,0,0,,Lollipop,Solid,Food,Strawberry,,sodium_derived_from_salt
all_categories_combined,4512,1,Biscolata Amada Milk Chocolate Biscuit Stix 40g,BISCOLATA AMADA MILK CHOCOLATE BISCUIT STIX,,Average Nutritional Value As Per 100g,PER_100G,483.1,1999.9,7.5,62.1,,22.2,,,2.1,0.2,0.5,,Stix,Solid,Food,,,missing_sugar|sodium_derived_from_salt
all_categories_combined,4516,1,Biscolata Amada Stix Hazelnut Biscuit Sticks 32g,BISCOLATA AMADA STIX HAZELNUT BISCUIT STICKS,Pack size : 32g,Average Nutritional Value As Per 100g,PER_100G,538.2,2228.4,8.6,52.5,30.6,32,,,2.5,0.12,0.3,,Biscuit Sticks,Solid,Food,Hazelnut,,sodium_derived_from_salt
all_categories_combined,4514,1,Biscolata Coconut Stix Biscuits 32g,BISCOLATA COCONUT STIX BISCUITS,Pack size : 32g,Average Nutritional Value As Per 36g,PER_36G_SCALED,527.778,2208.22,8.33333,55.5556,30.5556,30.5556,,,5.55556,0.222222,0.555556,,Biscuits,Solid,Food,"Chocolate, Coconut",,salt_derived_from_sodium
all_categories_combined,4513,1,Biscolata Duomax Milky Chocolate Coated Wafer 44g,BISCOLATA DUOMAX MILKY CHOCOLATE COATED WAFER,Pack size : 44g,Average Nutritional Value As Per 100g,PER_100G,557,2330,7.6,54.2,42.2,34.1,,,1.5,0.04,0.5,,Wafer,Solid,Food,Cocoa,,
all_categories_combined,2820|2822,2,Biscolata Mood Chocolate Cream Filled Cookies 40g,BISCOLATA MOOD CHOCOLATE CREAM FILLED COOKIES,Pack size : 40g,Average Nutritional Value As Per 100g,PER_100G,527.7,2207,5.7,59.3,36.5,29.2,,,2.5,0.08,0.2,,Cookies,Solid,Food,Cocoa,,sodium_derived_from_salt
all_categories_combined,2823|2824,2,Biscolata Mood Night Bitter Dark Chocolate Cookies 125g,BISCOLATA MOOD NIGHT BITTER DARK CHOCOLATE COOKIES,Pack size : 125g,Average Nutritional Value As Per 100g,PER_100G,496,2072,25,58.6,32.2,25,,,5.3,0.24,0.6,,Cookies,Solid,Food,Dark Cocoa,,sodium_derived_from_salt
all_categories_combined,4528,1,Biscolata Nirvana Minis Hazelnut Cream Milky Wafer 117g,BISCOLATA NIRVANA MINIS HAZELNUT CREAM MILKY WAFER,Pack size : 117g,Average Nutritional Value As Per 100g,PER_100G,493,2062,7.4,60.5,30.4,23.5,,,3.3,0.16,0.4,,Milky Wafer,Solid,Food,Hazelnut,,sodium_derived_from_salt
all_categories_combined,39,1,Bisconni Chocolate Chip Cookies 24g,BISCONNI CHOCOLATE CHIP COOKIES,Pack size : 24g,Average Nutritional Value As Per 100g,PER_100G,84,351.456,1,9,2,4,,,2,0.038,0.095,,Cookies,Solid,Food,Cocoa,,salt_derived_from_sodium
all_categories_combined,35|38,2,Bisconni Chocolatto Center Filled Chocolate Cookies 24g,BISCONNI CHOCOLATTO CENTER FILLED CHOCOLATE COOKIES,Pack size : 24g,Average Nutritional Value As Per 100g,PER_100G,114,476.976,1,16,7,5.7,,,,0.02,0.05,,Cookies,Solid,Food,Cocoa,,salt_derived_from_sodium
all_categories_combined,91,1,Bisconni Cocomo Chocolate Filled Biscuits 23g,BISCONNI COCOMO CHOCOLATE FILLED BISCUITS,Pack size : 23g,Average Nutritional Value As Per 100g,PER_100G,110,460,5,15,16,19,,,2,0.28,0.7,,Biscuits,Solid,Food,Cocoa,,salt_derived_from_sodium
all_categories_combined,1614,1,Blend Africa Espresso Dark Roast Ground Coffee 250g,BLEND AFRICA ESPRESSO DARK ROAST GROUND COFFEE,Pack size : 250g,Average Nutritional Value As Per 237g,PER_237G_SCALED,1.01266,4.21941,0.126582,,,0.0421941,,,,0.00198312,0.00495781,,Ground Coffee,Powder,Food,,,missing_sugar|salt_derived_from_sodium
all_categories_combined,2915,1,BlueBand Choco Spread 250g,BLUEBAND CHOCO SPREAD,Pack size : 250g,Average Nutritional Value As Per 100g,PER_100G,,1965,1,35.2,35,35,,,1,0.2,0.5,,Food,Solid,Food,Chocolate,,salt_derived_from_sodium
all_categories_combined,2910|2916,2,BlueBand Low Fat Spread for Bread 100g,BLUEBAND LOW FAT SPREAD FOR BREAD,Pack size : 100g,,ASSUMED_PER_100G,190.727,798,,0,0,20,,,0,0.985,0,,,Solid,Food,,,assumed_per_100g_missing_portion
all_categories_combined,134,1,BlueBand Peanut Butter 400g,BLUEBAND PEANUT BUTTER,Pack size : 400g,Average Nutritional Value As Per 100g,PER_100G,610,2552.24,23,19,,49,,,,0.482,1.205,,Peanut Butter,Solid,Food,,,missing_sugar|salt_derived_from_sodium
all_categories_combined,3620,1,Bob's Red Mill 7 Grain Hot Cereal 709g,BOB S RED MILL 7 GRAIN HOT CEREAL,Pack size : 709g,Average Nutritional Value As Per 100g,PER_100G,150,627.6,5,30,0,1,,,6,,,,Cereal,Solid,Food,,,missing_sodium
all_categories_combined,3147,1,Bokomo Muesli African Baked Granola 750g,BOKOMO MUESLI AFRICAN BAKED GRANOLA,Pack size : 750g,Average Nutritional Value as Per 100g,PER_100G,385,1614,9.8,60,19,11.9,,,7.7,0.496,1.24,,Granola,Solid,Food,,,salt_derived_from_sodium
all_categories_combined,3148,1,Bokomo Nature's Source Muesli Crispy Crunch Crocante Baked Granola 750g,BOKOMO NATURE S SOURCE MUESLI CRISPY CRUNCH CROCANTE BAKED GRANOLA,Pack size : 750g,Avarage Nutritional Value As Per 75g,PER_75G_SCALED,144,602.496,2.66667,21.3333,9.33333,4,,,4,0.109333,0.273333,,Granola,Solid,Food,,,salt_derived_from_sodium
all_categories_combined,3149,1,Bokomo Nature's Source Muesli Tropical Cluster Granola 750g,BOKOMO NATURE S SOURCE MUESLI TROPICAL CLUSTER GRANOLA,Pack size : 750g,Avarage Nutritional Value As Per 100g,PER_100G,415,1735,7.3,61,23.8,16,,,6,0.143,0.3575,,Granola,Solid,Food,Tropical,,salt_derived_from_sodium
all_categories_combined,3273|3279,2,Bokomo Traditional Oats 1Kg,BOKOMO TRADITIONAL OATS,Pack size : 1Kg,Average Nutritional Value As Per 100g,PER_100G,385,1610,12.4,66,0,8.13,,,4,,,,Oats,Solid,Food,,,missing_sodium
all_categories_combined,3044,1,Bonds Mint Candy Canes 144G,BONDS MINT CANDY CANES,Pack size : 144g,Average Nutritional Value As Per 100g,PER_100G,399,1668,0,98,80,0,,,,0.028,0.07,,Candy Canes,Solid,Food,Mint,,sodium_derived_from_salt
all_categories_combined,481,1,Bonraw Organic Panela Sugar 225G,BONRAW ORGANIC PANELA SUGAR,Pack size : 225g,Nutritional Information (per 100g),PER_100G,387,1645,1.1,94.7,85.3,0,,,,0.186,0.08,,,,,,,
all_categories_combined,3431,1,Booch Kombucha Passion Baobab 300ml,BOOCH KOMBUCHA PASSION BAOBAB,Pack size : 300ml,Average Nutritional Value As Per 100ml,PER_100ML,23,98,1,5.6,5.3,0.5,,,,0.001,0.0025,,Soft Drink,Liquid,Beverage,,,salt_derived_from_sodium
all_categories_combined,3448,1,Booch Kombucha Strawberry Soft Drink 300ml,BOOCH KOMBUCHA STRAWBERRY SOFT DRINK,Pack size : 300ml,Average Nutritional Value As Per 100ml,PER_100ML,45,188.28,,11,9,,,,,0.01,0.025,,Soft Drink,Liquid,Beverage,Strawberry,,missing_total_fat|salt_derived_from_sodium
all_categories_combined,1102,1,Boostrio Tropical Sport Drink 330M,BOOSTRIO TROPICAL SPORT DRINK 330M,,Nutrition information per 100ml,PER_100ML,19,80,,4.4,3.9,,,,,0.052,0.13,,,,,,,missing_total_fat|sodium_derived_from_salt
all_categories_combined,2457|2459,2,Borges Extra Virgin Olive Oil 750ml,BORGES EXTRA VIRGIN OLIVE OIL,Pack size : 750ml,Average Nutritional Value As Per 100g,PER_100G,900,3765.6,,,,100,,,,,,,Olive Oil,Liquid,Food,,,missing_sodium|missing_sugar
all_categories_combined,3190,1,Bounty Coconut Chocolate Bar,BOUNTY COCONUT CHOCOLATE BAR,Pack size : 57g,100g,PER_100G,487,953,3.7,58.9,48.2,25.7,,,,,,,Chocolate Bar,Solid,Food,,,missing_sodium
all_categories_combined,1525,1,Bragg Apple Cider Vinegar 473ml,BRAGG APPLE CIDER VINEGAR,Pack size : 473ml,Average Nutritional Value As Per 100ml,PER_100ML,70,292.88,,0.3,0.1,,,,,,,,Vinegar,Liquid,Food,,,missing_sodium|missing_total_fat
all_categories_combined,2821,1,Britannia Bourbon Chocolate And Cream Biscuit 200g,BRITANNIA BOURBON CHOCOLATE AND CREAM BISCUIT,Pack size : 200g,Average Nutritional Value As Per 26g,PER_26G_SCALED,480.769,2011.54,7.69231,69.2308,38.4615,19.2308,,,,0.153846,0.384615,,Biscuit,Solid,Food,Chocolate And Cream,,salt_derived_from_sodium
all_categories_combined,3866,1,Britannia Digestive Biscuits 200G,BRITANNIA DIGESTIVE BISCUITS,,Nutrition information as per 100g,PER_100G,476,1991,7,58,15,24,,,,0.55,0,,,,,,No Additives,
all_categories_combined,3960,1,Britannia Good Day Cashew Cookies 231g x 24 Pieces,BRITANNIA GOOD DAY CASHEW COOKIES X,Pack size : 231g x 24 Pieces,Average Nutritional Value As Per 100g,PER_100G,514,2154,5.882,67.647,22.059,23.529,,,0,0,0.588,,Cookies,Solid,Food,Cashew,,
all_categories_combined,2811,1,Britannia Good Day Choco Chip Cookies 33g,BRITANNIA GOOD DAY CHOCO CHIP COOKIES,Pack size : 33g,Average Nutritional Value As Per 100g,PER_100G,493,2062,5,71,30,21,,,,,,,Cookies,Solid,Food,,,missing_sodium
all_categories_combined,3798,1,Britannia Good Day Chocochip Cookies 120g,BRITANNIA GOOD DAY CHOCOCHIP COOKIES,Pack size : 120g,Average Nutritional Value As Per 100g,PER_100G,165,690.36,2,23,10,7,,,,0.131,0.3275,,Cookie,Solid,Food,,,salt_derived_from_sodium
all_categories_combined,3916,1,Britannia Good Day Chocochip Cookies 120g x 24 Pieces,BRITANNIA GOOD DAY CHOCOCHIP COOKIES X,Pack size : 120g x 24 Pieces,Average Nutritional Value As Per 100g,PER_100G,500,2092,6.061,69.697,30.303,21.212,,,0,0,0.72,,Cookies,Solid,Food,Cocoa,,
all_categories_combined,3918,1,Britannia Good Day Chocolate Chip Cookies 125g,BRITANNIA GOOD DAY CHOCOLATE CHIP COOKIES,Pack size : 125g,Average Nutritional Value As Per 100g,PER_100G,461,1928.82,5,68,32,18,,,,,,,Cookies,Solid,Food,,,missing_sodium
all_categories_combined,3777,1,Britannia Good Day Pista Almond Cookies 75g,BRITANNIA GOOD DAY PISTA ALMOND COOKIES,Pack size : 75g,Average Nutritional Value As Per 100g,PER_100G,500,2092,8.82,64.71,23.53,23.53,,,,0.00031,0.000775,,Cookies,Solid,Food,Pista Almond,,salt_derived_from_sodium
all_categories_combined,3770,1,Britannia Little Heart Biscuits 50.5g,BRITANNIA LITTLE HEART BISCUITS,Pack size : 50.5g,Average Nutritional Value As Per 100g,PER_100G,488,2041.79,7,70,24.5,20,,,,0.1048,0.262,,Biscuit,Solid,Food,,,sodium_derived_from_salt
all_categories_combined,3794,1,Britannia Pure Magic Chocolush Biscuits 75g,BRITANNIA PURE MAGIC CHOCOLUSH BISCUITS,Pack size : 75g,Average Nutritional Value As Per 100g,PER_100G,528,2209.15,5,64,34,28,,,,,,,Biscuit,Solid,Food,Chocolush,,missing_sodium
all_categories_combined,3803,1,Britannia Toastea Milk Rusk Toast 207g,BRITANNIA TOASTEA MILK RUSK TOAST,Pack size : 207g,Average Nutritional Value As Per 100g,PER_100G,473,1979.03,9,73.7,22,15.8,,,,,,,Toast,Solid,Food,Milk Rusk,,missing_sodium
all_categories_combined,3795,1,Britannia Toastea Suji Rusk Toast 170g,BRITANNIA TOASTEA SUJI RUSK TOAST,Pack size : 170g,Average Nutritional Value As Per 100g,PER_100G,433,1811.67,9,80,23,8.3,,,,,,,Toast,Solid,Food,,,missing_sodium
all_categories_combined,3804,1,Britannia Toastea Wheat Rusk Toast 233g,BRITANNIA TOASTEA WHEAT RUSK TOAST,Pack size : 233g,Average Nutritional Value As Per 100g,PER_100G,135,564.84,2,25,8.5,,,,1,0.065,0.1625,,Toast,Solid,Food,,,missing_total_fat|salt_derived_from_sodium
all_categories_combined,2488,1,Brookside Superfine Ghee 1kg,BROOKSIDE SUPERFINE GHEE,Pack size : 1Kg,Average Nutritional Value As Per 14g,PER_14G_SCALED,6421.43,3885.14,,,,712.857,,,,,,,Ghee,Puree,Food,,,missing_sodium|missing_sugar
all_categories_combined,2465,1,Bulla Regia Extra Virgin Olive Oil 500ml,BULLA REGIA EXTRA VIRGIN OLIVE OIL,Pack size : 500ml,Average Nutritional Value As Per 100g,PER_100G,900,3700,,,,100,,,,,,,Oil,Liquid,Food,,,missing_sodium|missing_sugar
all_categories_combined,2474,1,BULLA REGIA OLIVE OIL 1L,BULLA REGIA OLIVE OIL,Pack size : 1L,Average Nutritional Value As Per 15ml,PER_15ML_SCALED,800,3346.67,,,,93.3333,,,,,,,Oil,Liquid,Food,,,missing_sodium|missing_sugar
all_categories_combined,691,1,Butterfly Cow Peas Red Chora 1Kg,BUTTERFLY COW PEAS RED CHORA,Pack size : 1Kg,Average Nutritional Value As Per 100g,PER_100G,355,1485.32,21,62,,2,,,,,,,Cow Peas Red Chora,Solid,Food,,,missing_sodium|missing_sugar
all_categories_combined,812,1,Butterfly Gold Basmati Rice 2Kg,BUTTERFLY GOLD BASMATI RICE,Pack size : 2Kg,Average Nutritional Value As Per 100g,PER_100G,348,1456,8.2,78,,0.5,,,1.8,0.00075,0.001875,,Rice,Solid,Food,,,missing_sugar|salt_derived_from_sodium
all_categories_combined,707,1,Butterfly Green Lentils 1Kg,BUTTERFLY GREEN LENTILS,Pack size : 1Kg,Average Nutritional Value As Per 45g,PER_45G_SCALED,355.556,1486.67,24.4444,64.4444,2.22222,,,,11.1111,,,,Green Lentils,Solid,Food,,,missing_sodium|missing_total_fat
all_categories_combined,700,1,Butterfly Lentils Oily Toor Dal 1Kg,BUTTERFLY LENTILS OILY TOOR DAL,Pack size : 1Kg,Average Nutritional Value As Per 35g,PER_35G_SCALED,342.857,1434.29,22.8571,62.8571,2.85714,1.42857,,,17.1429,0.0857143,0.214286,,Oily Toor Dal,Solid,Food,,,salt_derived_from_sodium
all_categories_combined,774,1,Butterfly Long Grain Kenya Pishori Rice 5Kg,BUTTERFLY LONG GRAIN KENYA PISHORI RICE,Pack size : 5Kg,Average Nutritional Value As Per 45g,PER_45G_SCALED,333.333,133.333,8.66667,,,0.444444,,,0.444444,,,,Pishori Rice,Solid,Food,,,missing_sodium|missing_sugar
all_categories_combined,656,1,Butterfly Pigeon Peas Washed Toor Dal 1Kg,BUTTERFLY PIGEON PEAS WASHED TOOR DAL,Pack size : 1Kg,Average Nutritional Value As Per 35g,PER_35G_SCALED,342.857,1434.29,22.8571,62.8571,2.85714,1.42857,,,17.1429,0.0857143,0.214286,,Toor Dal,Solid,Food,,,salt_derived_from_sodium
all_categories_combined,827,1,Butterfly Premium Basmati Rice 2Kg,BUTTERFLY PREMIUM BASMATI RICE,Pack size : 2Kg,Average Nutritional Value As Per 100g,PER_100G,350,1464,8.8,78,,,,,1.8,0.0017,0.00425,,Rice,Solid,Food,,,missing_sugar|missing_total_fat|salt_derived_from_sodium
all_categories_combined,655,1,Butterfly Pulses Brown Rosecoco Beans 1Kg,BUTTERFLY PULSES BROWN ROSECOCO BEANS,Pack size : 1Kg,Average Nutritional Value As Per 100g,PER_100G,362,1514,18,63,5,1,,,,0.02,0.05,,Rosecoco Beans,Solid,Food,,,salt_derived_from_sodium
all_categories_combined,601,1,Butterfly Pulses Chick Peas 1Kg,BUTTERFLY PULSES CHICK PEAS,Pack size : 1Kg,Average Nutritional Value As Per 100g,PER_100G,340,1422,11,73,2,0.4,,,8,,,,Chick Peas,Solid,Food,,,missing_sodium
all_categories_combined,712,1,Butterfly Pulses Dried Green Peas 1Kg,BUTTERFLY PULSES DRIED GREEN PEAS,Pack size : 1Kg,Average Nutritional Value As Per 100g,PER_100G,442,1849,19,60,5,13,,,,0.621,1.5525,,Dried Green Peas,Solid,Food,,,salt_derived_from_sodium
all_categories_combined,585,1,Butterfly Pulses Green Lentils 500g,BUTTERFLY PULSES GREEN LENTILS,Pack size : 500g,Average Nutritional Value As Per 45g,PER_45G_SCALED,355.556,1486.67,24.4444,64.4444,2.22222,,,,11.1111,,,,Green Lentils,Solid,Food,,,missing_sodium|missing_total_fat
all_categories_combined,727,1,Butterfly Pulses Kenyan Kidney Beans 1Kg,BUTTERFLY PULSES KENYAN KIDNEY BEANS,Pack size : 1Kg,Average Nutritional Value As Per 100g,PER_100G,333,1393,24,60,2.2,0.8,,,25,0.024,0.06,,Kidney Beans,Solid,Food,,,salt_derived_from_sodium
all_categories_combined,654,1,Butterfly Pulses Lima Butter Beans 1Kg,BUTTERFLY PULSES LIMA BUTTER BEANS,Pack size : 1Kg,Average Nutritional Value As Per 20g,PER_20G_SCALED,35,155,1.4,7.3,2.45,0.2,,,3,,,,Butter Beans,Solid,Food,,,missing_sodium
all_categories_combined,661|920,2,Butterfly Pulses Njahi Black Beans 1Kg,BUTTERFLY PULSES NJAHI BLACK BEANS,Pack size : 1Kg,Average Nutritional Value As Per 100g,PER_100G,341,1426,22,62,2.1,1.4,,,16,0.005,0.0125,,Black Beans,Solid,Food,,,salt_derived_from_sodium
all_categories_combined,897,1,Butterfly Pulses Pinto Beans 1Kg,BUTTERFLY PULSES PINTO BEANS,Pack size : 1Kg,Average Nutritional Value As Per 100g,PER_100G,347,1451,21,63,2.1,1.2,,,16,0.012,0.03,,Pinto Bean,Solid,Food,,,salt_derived_from_sodium
all_categories_combined,868,1,Butterfly Pulses Red Haricot Beans 1Kg,BUTTERFLY PULSES RED HARICOT BEANS,Pack size : 1Kg,Average Nutritional Value As Per 100g,PER_100G,337,1410,22,60,3.88,1.5,,,24,0.005,0.0125,,Haricot Beans,Solid,Food,,,salt_derived_from_sodium
all_categories_combined,761,1,Butterfly Pulses Red Kidney Beans 1Kg,BUTTERFLY PULSES RED KIDNEY BEANS,Pack size : 1Kg,Average Nutritional Value As Per 100g,PER_100G,346,1447,22,60,,1.3,,,4.8,,,,Kidney Beans,Solid,Food,,,missing_sodium|missing_sugar
all_categories_combined,657,1,Butterfly Pulses White Cow Peas (Chora/Black Eyed Beans) 1Kg,BUTTERFLY PULSES WHITE COW PEAS CHORA BLACK EYED BEANS,Pack size : 1Kg,Average Nutritional Value As Per 100g,PER_100G,366,1531,24,60,,1.3,,,,,,,Cow Peas,Solid,Food,,,missing_sodium|missing_sugar
all_categories_combined,573|708,2,Butterfly Pulses Yellow Kidney Beans 1Kg,BUTTERFLY PULSES YELLOW KIDNEY BEANS,Pack size : 1Kg,Average Nutritional Value As Per 100g,PER_100G,333,1393,24,60,2.2,0.8,,,25,0.024,0.06,,Kidney Beans,Solid,Food,,,salt_derived_from_sodium
all_categories_combined,579,1,Butterfly Red Lentil Masoor Dal 1Kg,BUTTERFLY RED LENTIL MASOOR DAL,Pack size : 1Kg,Average Nutritional Value As Per 39g,PER_39G_SCALED,333.333,1392.31,25.641,58.9744,,2.5641,,,10.2564,,,,Masoor Dal,Solid,Food,,,missing_sodium|missing_sugar
all_categories_combined,801,1,BUTTERFLY RICE BASMATI PREMIUM 1KG,BUTTERFLY RICE BASMATI PREMIUM,Pack size : 1kg,Average Nutritional Value As Per 100g,PER_100G,375,1569,8,79,,0,,,0,0,0,,Rice,Solid,Food,,,missing_sugar|salt_derived_from_sodium
all_categories_combined,790,1,BUTTERFLY RICE KENYAN PISHORI 2KG,BUTTERFLY RICE KENYAN PISHORI,Pack size : 2kg,Average Nutritional Value As Per 100g,PER_100G,349,1460.22,8,77,,0,,,0,0,0,,Rice,Solid,Food,,,missing_sugar|salt_derived_from_sodium
all_categories_combined,815|829,2,BUTTERFLY RICE - LONG GRAIN 1KG,BUTTERFLY RICE LONG GRAIN,Pack size : 1kg,Average Nutritional Value As Per 75g,PER_75G_SCALED,348,1456.03,6.66667,74.6667,0,0,,,1.33333,0,0,,Rice,Solid,Food,,,salt_derived_from_sodium
all_categories_combined,603,1,Butterfly Semolina 1Kg,BUTTERFLY SEMOLINA,Pack size : 1Kg,Average Nutritional Value As Per 100g,PER_100G,340,1422.56,9,75,,3,,,,0.005,0.0125,,Semolina,Solid,Food,,,missing_sugar|salt_derived_from_sodium
all_categories_combined,692,1,Butterfly Standard Spaghetti 400g,BUTTERFLY STANDARD SPAGHETTI,Pack size : 400g,Average Nutritional Value As Per 100g,PER_100G,354,1481.14,11,73,3,1,,,2,0.001,0.0025,,Spaghetti,Solid,Food,,,salt_derived_from_sodium
all_categories_combined,734|926,2,Butterfly Standard Spaghetti Pasta 500g,BUTTERFLY STANDARD SPAGHETTI PASTA,Pack size : 500g,Average Nutritional Value As Per 100g,PER_100G,358,1497.87,10,75,2,1,,,2,,,,Spaghetti Pasta,Solid,Food,,,missing_sodium
all_categories_combined,938,1,BUTTERFLY TOOR DAL WASHED 5 KG,BUTTERFLY TOOR DAL WASHED,Pack size : 5kg,Average Nutritional Value As Per 100g,PER_100G,318,1330.51,24,56,0,1,,,4,0,0,,Toor Dal,Solid,Food,,,salt_derived_from_sodium
all_categories_combined,706|715,2,Butterfly Vermicelli Pasta 500g,BUTTERFLY VERMICELLI PASTA,Pack size : 500g,,ASSUMED_PER_100G,73,,351,100,,0.003,,,,,,,Food,,13g,1468.58kJ,Solid,assumed_per_100g_missing_portion|missing_sodium|missing_sugar
all_categories_combined,695,1,Butterfly Washed Toor Dal 1Kg,BUTTERFLY WASHED TOOR DAL,Pack size : 1Kg,Average Nutritional Value As Per 35g,PER_35G_SCALED,342.857,1434.29,22.8571,62.8571,2.85714,1.42857,,,17.1429,0.0857143,0.214286,,Toor Dal,Solid,Food,,,salt_derived_from_sodium
all_categories_combined,4220,1,C R Food Crunch Mix Chikki 200G,C R FOOD CRUNCH MIX CHIKKI,Pack size : 200g,Average Nutritional Value As Per 100g,PER_100G,532,2226,16.83,46.81,36.13,30.81,,,5.9,0.033,0.0825,,Chikki,Solid,Food,,,salt_derived_from_sodium
all_categories_combined,2945,1,C&R Wots Tikha Gathia 250g,C R WOTS TIKHA GATHIA,Pack size : 250g,Average Nutritional Value As Per 30g,PER_30G_SCALED,533.333,2230,20,46.6667,6.66667,30,,,10,1.2,3,,Tikha Gathia,Solid,Food,,,salt_derived_from_sodium
all_categories_combined,2852,1,Cachet Caramel And Sea Salt Chocolate 100G,CACHET CARAMEL AND SEA SALT CHOCOLATE,Pack size : 100g,Average Nutritional Value As Per 100g,PER_100G,527,2205,5.6,60,59,29,,,,0.128,0.32,,Chocolate,Solid,Food,"Caramel, Sea Salt",,sodium_derived_from_salt
all_categories_combined,2864,1,Cachet Costa Rica 71 Extra Dark Chocolate 100G,CACHET COSTA RICA 71 EXTRA DARK CHOCOLATE,Pack size : 100g,Average Nutritional Value As Per 100g,PER_100G,543,2247,7.9,33.4,28.2,41,,,11,,,,Dark Chocolate,Solid,Food,,,missing_sodium
all_categories_combined,2856,1,Cachet Dark 57 Pearalmond Tub100G,CACHET DARK 57 PEARALMOND TUB100G,Pack size : 100g,Average Nutritional Value As Per 100g,PER_100G,523,2188,7.3,40,35,35,,,0,0,0,,Dark Chocolate Bar,Solid,Food,"Cocoa, Pear And Almond",,
all_categories_combined,2854,1,Cachet Extra Dark 85 Chocolate100G,CACHET EXTRA DARK 85 CHOCOLATE100G,Pack size : 100g,Average Nutritional Value As Per 100g,PER_100G,587,2456,10,16,11,50,,,0,0,0.02,,Extra Dark Chocolate Bar,Solid,Food,Cocoa,,
all_categories_combined,2855,1,Cachet Extra Dark Peru 64 100G,CACHET EXTRA DARK PERU 64,Pack size : 100g,Average Nutritional Value As Per 100g,PER_100G,553,2315,6.8,39,35,39,,,0,0,0.02,,Extra Dark Chocolate Bar,Solid,Food,"Cocoa, Peru",,
all_categories_combined,2862,1,Cachet Extremely 90 Cocoa Dark Chocolate Bar 100G,CACHET EXTREMELY 90 COCOA DARK CHOCOLATE BAR,Pack size : 100g,Average Nutritional Value As Per 100g,PER_100G,613,2565,9.7,12,7.9,54,,,0,0,0.03,,Chocolate Bar,Solid,Food,Cocoa,,
all_categories_combined,2857,1,Cachet Orange And Almonds 57% Cocoa Dark Chocolate 100g,CACHET ORANGE AND ALMONDS 57 COCOA DARK CHOCOLATE,Pack size : 100g,Average Nutritional Value As Per 100g,PER_100G,527,2205,6.8,43,39,34,,,,,,,Dark Chocolate,Solid,Food,"Orange, Almond",,missing_sodium
all_categories_combined,2859,1,Cachet Tanzania 72 Cocoa Extra Dark Chocolate Bar 100G,CACHET TANZANIA 72 COCOA EXTRA DARK CHOCOLATE BAR,Pack size : 100g,Average Nutritional Value As Per 100g,PER_100G,580,2427,7.5,29,25,45,,,,0.008,0.02,,Dark Chocolate Bar,Solid,Food,Dark Cocoa,,sodium_derived_from_salt
all_categories_combined,2858,1,Cachet Uganda 80 Extra Dark Chocolate 100G,CACHET UGANDA 80 EXTRA DARK CHOCOLATE,Pack size : 100g,Average Nutritional Value As Per 100g,PER_100G,589,2438,8.6,20,19,48,,,,,,,Dark Chocolate,Solid,Food,,,missing_sodium
all_categories_combined,3204,1,Cadbury Bournville Classic Dark Chocolate 80G,CADBURY BOURNVILLE CLASSIC DARK CHOCOLATE,Pack size : 80g,Average Nutritional Value As Per 100g,PER_100G,524,2195,3.6,59,56.5,29,,,5.2,0.003,0.0075,,Dark Chocolate,Solid,Food,,,salt_derived_from_sodium
all_categories_combined,3184,1,Cadbury Chocolate Ps Original 48G,CADBURY CHOCOLATE PS ORIGINAL,Pack size : 48g,,ASSUMED_PER_100G,1040,2165,5.4,62,52,25,,,2.7,0.08,0,,Chocolate,Solid,Food,Chocolate,,assumed_per_100g_missing_portion
all_categories_combined,3195,1,Cadbury Creamy White With Shortcake Dreamy Biscuit 80G,CADBURY CREAMY WHITE WITH SHORTCAKE DREAMY BISCUIT,Pack size : 80g,Average Nutritional Value As Per 100g,PER_100G,586,2240,5.8,60.5,55,30,,,0.5,0.163,0.4075,,Biscuit,Solid,Food,,,salt_derived_from_sodium
all_categories_combined,3201,1,Cadbury Curly Wurly Chocolate Bar 21.5G,CADBURY CURLY WURLY CHOCOLATE BAR,Pack size : 21.5g,Average Nutritional Value As Per 100g,PER_100G,454,1905,2.1,71,50,18,,,0.7,0.264,0.66,,Chocolate Bar,Solid,Food,,,sodium_derived_from_salt
all_categories_combined,78,1,Cadbury Dairy Milk Biscuit Chocolate Bar 80g,CADBURY DAIRY MILK BISCUIT CHOCOLATE BAR,Pack size : 80g,Average Nutritional Value As Per 100g,PER_100G,0.51,2140,,60,50.5,26.5,,,2.4,0.122,0.305,,Chocolate Bar,Solid,Food,Cocoa,,salt_derived_from_sodium
all_categories_combined,3203,1,Cadbury Dairy Milk Bubbly Milk Chocolate Bar 87G,CADBURY DAIRY MILK BUBBLY MILK CHOCOLATE BAR,Pack size : 87g,Average Nutritional Value As Per 100g,PER_100G,524,2195,7.7,58,56,29,,,2.4,0.081,0.2025,,Chocolate Bar,Solid,Food,Milk Chocolate,,salt_derived_from_sodium
all_categories_combined,3194,1,Cadbury Dairy Milk Cashew And Coconut Chocolate 80G,CADBURY DAIRY MILK CASHEW AND COCONUT CHOCOLATE,Pack size : 80g,Average Nutritional Value As Per 100g,PER_100G,487,2040,7,50,49,28.5,,,3.4,0.074,0.185,,Cashew And Coconut Chocolate,Solid,Food,"Cashew, Coconut",,salt_derived_from_sodium
all_categories_combined,2831|2835|2840,3,Cadbury Dairy Milk Chocolate 80G,CADBURY DAIRY MILK CHOCOLATE,Pack size : 80g,Average Nutritional Value As Per 100g,PER_100G,518,2167.31,7.7,61,46,27,,,0.4,0.142,0.355,,Chocolate,Solid,Food,,,salt_derived_from_sodium
all_categories_combined,3191,1,Cadbury Dairy Milk Fruit And Nut Chocolate 80G,CADBURY DAIRY MILK FRUIT AND NUT CHOCOLATE,Pack size : 80g,Average Nutritional Value As Per 100g,PER_100G,516,2158,7.3,59.7,54,28.4,,,,0.074,0.185,,Fruit And Nut Chocolate,Solid,Food,"Fruit, Nut",,salt_derived_from_sodium
all_categories_combined,176,1,Cadbury Dairy Milk Oreo Chocolate Bar 95G,CADBURY DAIRY MILK OREO CHOCOLATE BAR,Pack size : 95g,Average Nutritional Value As Per 100g,PER_100G,560,2330,6,53.5,48.5,35,,,0.8,,,,Chocolate Bar,Solid,Food,Oreo Biscuit,,missing_sodium
all_categories_combined,3196,1,Cadbury Dairy Milk Rum And Raisin Chocolate 80G,CADBURY DAIRY MILK RUM AND RAISIN CHOCOLATE,Pack size : 80g,Average Nutritional Value As Per 100g,PER_100G,597,2500,6.7,62,61,22,,,2.9,0.071,0.1775,,Rum And Raisin Chocolate,Solid,Food,Raisin,,salt_derived_from_sodium
all_categories_combined,3193,1,Cadbury Dairy Milk Top Deck Chocolate 80G,CADBURY DAIRY MILK TOP DECK CHOCOLATE,Pack size : 80g,Average Nutritional Value As Per 100g,PER_100G,320,1145,6.9,58,58,29,,,1.7,0.101,0.2525,,Top Deck Chocolate,Solid,Food,,,salt_derived_from_sodium
all_categories_combined,3192|3197,2,Cadbury Dairy Milk Top Deck With Mint Chocolate 80G,CADBURY DAIRY MILK TOP DECK WITH MINT CHOCOLATE,Pack size : 80g,Average Nutritional Value As Per 100g,PER_100G,501,2205,6.9,59,58,7.3,,,0.4,0.025,0.0625,,Top Deck With Mint Chocolate,Solid,Food,,,salt_derived_from_sodium
all_categories_combined,3247,1,Cadbury Dairy Milk Whole Nut Chocolate Bar 200g,CADBURY DAIRY MILK WHOLE NUT CHOCOLATE BAR,Pack size : 200g,Average Nutritional Value As Per 100g,PER_100G,536,2245,8.7,52,51,32,,,,,,,Chocolate Bar,Solid,Food,Whole Nut,,missing_sodium
all_categories_combined,3183,1,Cadbury Dream Lunch Bar Milk Peanuts Chocolate Bar 48G,CADBURY DREAM LUNCH BAR MILK PEANUTS CHOCOLATE BAR,Pack size : 48g,Average Nutritional Value As Per 100g,PER_100G,505,2115,6.7,59.5,46,26.5,,,1.3,0.121,0.3025,,Chocolate Bar,Solid,Food,"Milk, Peanut",,salt_derived_from_sodium
all_categories_combined,2836,1,Cadbury Dream White Chocolate 80G,CADBURY DREAM WHITE CHOCOLATE,Pack size : 80g,Average Nutritional Value As Per 100g,PER_100G,217,908,5.6,59.5,59.5,32,,,0.3,0.128,0.32,,White Chocolate,Solid,Food,,,salt_derived_from_sodium
all_categories_combined,4655|4666,2,Cadbury Drinking Chocolate Powder 20g,CADBURY DRINKING CHOCOLATE POWDER,Pack size : 20g,Average Nutritional Value As Per 100g,PER_100G,402,1697,6.3,76,73,5.6,,,9.3,0.6,1.5,,Chocolate Powder,Powder,Food,,,salt_derived_from_sodium
all_categories_combined,179,1,Cadbury Flake Milk Chocolate 80G,CADBURY FLAKE MILK CHOCOLATE,Pack size : 80g,Average Nutritional Value As Per 100g,PER_100G,521,2179,7.4,60,59,27,,,2.4,0.104,0.26,,Milk Chocolate,Solid,Food,Chocoa,,sodium_derived_from_salt
all_categories_combined,3847,1,Cadbury Heroes Chocolate 550g,CADBURY HEROES CHOCOLATE,Pack size : 550g,Average Nutritional Value As Per 100g,PER_100G,439,2049,4.5,65,57,23,,,1.5,0.116,0.29,,Chocolate,Solid,Food,Cocoa,,sodium_derived_from_salt
all_categories_combined,169,1,Cadbury P.S. Caramilk Chocolate Bar 48G,CADBURY P S CARAMILK CHOCOLATE BAR,Pack size : 48g,Average Nutritional Value As Per 100g,PER_100G,524,2195,4.7,66,56.5,26,,,0.7,0.127,0.3175,,Chocolate Bar,Solid,Food,"Caramel, Milk",,salt_derived_from_sodium
all_categories_combined,3035,1,Cadbury Single Creme Egg 40G,CADBURY SINGLE CREME EGG,Pack size : 40g,Per40g PortionType,PER_40G_SCALED,1860,442.5,0.25,72.5,66.25,15.25,,,0.25,0.06,0.15,,chocolate,solid,food,chocolate,,sodium_derived_from_salt
all_categories_combined,3239,1,Cadbury Twirl Chocolate Bar 107g,CADBURY TWIRL CHOCOLATE BAR,Pack size : 107g,Average Nutritional Value As Per 100g,PER_100G,535,2237,7.3,57,56,30,,,2.5,0.088,0.22,,Chocolate Bar,Solid,Food,Chocoa,,sodium_derived_from_salt
all_categories_combined,1746,1,Caffe Del Duca Espresso Roasted Coffee 250g,CAFFE DEL DUCA ESPRESSO ROASTED COFFEE,Pack size : 250g,Average Nutritional Value As Per 100g,PER_100G,2,8.36,,,,,,,,0.004,0.01,,Coffee,Solid,Food,,,missing_sugar|missing_total_fat|salt_derived_from_sodium
all_categories_combined,3658,1,Candy Castle Crew Neon Yo Yo Spinner Fruit Star Candy 26g,CANDY CASTLE CREW NEON YO YO SPINNER FRUIT STAR CANDY,Pack size : 26g,Average Nutritional Value As Per 12g,PER_12G_SCALED,3283.33,13733.3,,808.333,808.333,,,,,,,,Star Candy,Solid,Food,Fruit,,missing_sodium|missing_total_fat
all_categories_combined,178,1,Candy Castle Crew Rose Triple Dipper Candy 35G,CANDY CASTLE CREW ROSE TRIPLE DIPPER CANDY,Pack size : 35g,Average Nutritional Value As Per 100g,PER_100G,379,1583,,95,93,,,,,0,0,,Candy,Solid,Food,,,missing_total_fat|sodium_derived_from_salt
all_categories_combined,3074,1,Candy Kenya Africa Mint 80Pcs,CANDY KENYA AFRICA MINT,Pack size : 80 Pieces,Average Nutritional Value As Per 100g,PER_100G,334,1397,0.2,16,9.7,1.2,,,1,0,0,,Candy,Solid,Food,Mint,,salt_derived_from_sodium
all_categories_combined,3078,1,Candy Kenya Butter Candy Milk Smkt100G,CANDY KENYA BUTTER CANDY MILK SMKT100G,Pack size : 100g,100g,PER_100G,235,982,,87,3,0.2,,,,,,,Food,,Food,,,missing_sodium
all_categories_combined,4419,1,Candy Kenya Butter Scotch Candy 100g,CANDY KENYA BUTTER SCOTCH CANDY,Pack size : 100g,Average Nutritional Value As Per 16g,PER_16G_SCALED,393.75,1647.45,0,87.5,81.25,3.125,,,0,0.39375,0.984375,,Candy,Solid,Food,Butter Scotch,,salt_derived_from_sodium
all_categories_combined,2,1,Candy Kenya Eclairs Lollipop 8 Pieces,CANDY KENYA ECLAIRS LOLLIPOP,Pack size : 8 Pieces,Average Nutritional Value As Per 100g,PER_100G,452,1900,4.2,71,48,17,,,0,,,,Lollipop,Solid,Food,,,missing_sodium
all_categories_combined,4374,1,Candy Kenya Eclairs Premium Toffee 50Pc,CANDY KENYA ECLAIRS PREMIUM TOFFEE,Pack size : 50pieces,100g,PER_100G,235,982,,87,3,0.2,,,,,,,Food,,Food,,,missing_sodium
all_categories_combined,20,1,Candy Kenya Full Filling Butter Pops XXL Candy 50 Pieces,CANDY KENYA FULL FILLING BUTTER POPS XXL CANDY,Pack size : 50 Pieces,Average Nutritional Value As Per 100g,PER_100G,530,2217.52,7,58,22,29,,,,,,,Candy,Solid,Food,,,missing_sodium
all_categories_combined,4429,1,Candy Kenya Milk Toffee 80 Pieces,CANDY KENYA MILK TOFFEE,Pack size : 80 Pieces,Average Nutritional Value As Per 100g,PER_100G,360,1506.24,2,79,49,4,,,3.4,0.22,0.55,,Toffee,Solid,Food,Milk,,salt_derived_from_sodium
all_categories_combined,4420,1,Candy Kenya Milks Candy 100g,CANDY KENYA MILKS CANDY,Pack size : 100g,Average Nutritional Value As Per 100g,PER_100G,535,2238.44,7.65,59.4,51.5,29.66,,,3.4,0.079,0.1975,,Candy,Solid,Food,Milk,,salt_derived_from_sodium
all_categories_combined,4431,1,Candy Kenya Milkyogurt Toffee 80 Pieces,CANDY KENYA MILKYOGURT TOFFEE,Pack size : 80 Pieces,Average Nutritional Value As Per 100g,PER_100G,105,440,5.7,11.6,10.7,4.3,,,,,,,Toffee,Solid,Food,,,missing_sodium
all_categories_combined,3,1,Candy Kenya Sweety Sweety Lollipop 8 Pieces,CANDY KENYA SWEETY SWEETY LOLLIPOP,Pack size : 8 Pieces,Average Nutritional Value As Per 100g,PER_100G,147,615,0,39,25.16,0.08,,,0,,,,Lollipop,Solid,Food,,,missing_sodium
all_categories_combined,3076,1,Candy Kenya Tropical Fruit Candy 100g,CANDY KENYA TROPICAL FRUIT CANDY,Pack size : 100g,Average Nutritional Value As Per 100g,PER_100G,196,828,0,43.9,43.5,2.1,,,,0.004,0.01,,Fruit Candy,Solid,Food,Tropical,,sodium_derived_from_salt
all_categories_combined,4381,1,Candy Land Eclairs Toffee 100g,CANDY LAND ECLAIRS TOFFEE,Pack size : 100g,Average Nutritional Value As Per 100g,PER_100G,458,1921,3.6,68.5,43.3,19.4,,,,0.204,0.51,,Eclairs Toffee,Solid,Food,,,sodium_derived_from_salt
all_categories_combined,3663,1,Candyland Super Twister Marshmallow Candy Sticks 11g,CANDYLAND SUPER TWISTER MARSHMALLOW CANDY STICKS,Pack size : 11g,Average Nutritional Value As Per 100g,PER_100G,498,2093,4,96.8,51,,,,,0.0008,0.002,,Candy Sticks,Solid,Food,,,missing_total_fat|salt_derived_from_sodium
all_categories_combined,3625,1,CAPILANO Manuka Australian Floral Honey 340g,CAPILANO MANUKA AUSTRALIAN FLORAL HONEY,Pack size : 340g,Average Nutritional Value As Per 100g,PER_100G,338.43,1416,0.3,83.1,82.5,,,,,0.015,0.0375,,Honey,Paste,Food,,,missing_total_fat|salt_derived_from_sodium
all_categories_combined,4282,1,CAPILANO Pure Australian Honey 500g,CAPILANO PURE AUSTRALIAN HONEY,Pack size : 500g,Average Nutritional Value As Per 100g,PER_100G,338.43,1416,0.3,83.1,82.5,,,,,0.015,0.0375,,Honey,Paste,Food,,,missing_total_fat|salt_derived_from_sodium
all_categories_combined,4258,1,Capilano Pure Honey 220g,CAPILANO PURE HONEY,Pack size : 220g,Average Nutritional Value As Per 100g,PER_100G,338,1416,0.3,83.1,82.5,0,,,,0.015,0.0375,,Honey,Paste,Food,,,salt_derived_from_sodium
all_categories_combined,2517,1,Captain Cook Pure Corn Oil 5L,CAPTAIN COOK PURE CORN OIL,Pack size : 5L,Average Nutritional Value As Per 100ml,PER_100ML,122,510,,13,,13,,,,,,,Pure Corn Oil,Liquid,Food,Corn,,missing_sodium|missing_sugar
all_categories_combined,257,1,Caroline Chocolate Cupcakes Mix 510g,CAROLINE CHOCOLATE CUPCAKES MIX,Pack size : 510g,Average Nutritional Value As Per 237g,PER_237G_SCALED,55.2743,231.266,0.421941,12.2363,,0.421941,,,,,,,Cupcakes Mix,Powder,Food,Cocoa,,missing_sodium|missing_sugar
all_categories_combined,248,1,Caroline Chocolate Fudge cake Mix 510G,CAROLINE CHOCOLATE FUDGE CAKE MIX,Pack size : 510g,Average Nutritional Value As Per 90g,PER_90G_SCALED,366.667,1534.13,5.55556,86.6667,51.1111,1.11111,,,,,,,Cupcake Mix,Powder,Food,Chocolate,,missing_sodium
all_categories_combined,256,1,Caroline Doughnuts Mix 475g,CAROLINE DOUGHNUTS MIX,Pack size : 475g,Average Nutritional Value As Per 100g,PER_100G,394,1648.5,7,77,24,6,,,0,0.56,1.4,,Doughnuts Mix,Powder,Food,,,salt_derived_from_sodium
all_categories_combined,259,1,Caroline Gingerbread Cookies Mix 500g,CAROLINE GINGERBREAD COOKIES MIX,Pack size : 500g,Average Nutritional Value As Per 453g,PER_453G_SCALED,356.954,1493.49,6.84327,81.8985,35.9823,,,,,,,,Cookies Mix,Powder,Food,Gingerbread,,missing_sodium|missing_total_fat
all_categories_combined,247,1,Caroline Gluten Free Pancakes & Waffles Mix 435g,CAROLINE GLUTEN FREE PANCAKES WAFFLES MIX,Pack size : 435g,Average Nutritional Value As Per 100g,PER_100G,130,543.92,2,24,4,2,,,2,0.25,0.625,,Cassava Flour Pancakes And Waffles Mix,Powder,Food,Cassava,,salt_derived_from_sodium
all_categories_combined,253,1,Caroline Moist Carrot Cake Mix 420g,CAROLINE MOIST CARROT CAKE MIX,Pack size : 420g,Average Nutritional Value As Per 100g,PER_100G,205,857.72,3,29,17,8,,,1,0.3,0.75,,Cake Mix,Powder,Food,Carrot,,salt_derived_from_sodium
all_categories_combined,254,1,Caroline Pizza Crust Mix 540g,CAROLINE PIZZA CRUST MIX,Pack size : 540g,Average Nutritional Value As Per 100g,PER_100G,160,669.44,5,33,2,1,,,1,0.2,0.5,,Pizza Crust Mix,Powder,Food,,,salt_derived_from_sodium
all_categories_combined,252,1,Caroline Red Velvet Cake Mix 510g,CAROLINE RED VELVET CAKE MIX,Pack size : 510g,Average Nutritional Value As Per 100g,PER_100G,200,836.8,2,40,18,5,,,1,,,,Cake Mix,Powder,Food,Red Velvet,,missing_sodium
all_categories_combined,264,1,Caroline Spicy Cake Mix 435g,CAROLINE SPICY CAKE MIX,Pack size : 435g,Average Nutritional Value As Per 86g,PER_86G_SCALED,395.349,1654.14,2.32558,79.0698,41.8605,9.30233,,,1.16279,0.813953,2.03488,,Cake Mix,Powder,Food,,,salt_derived_from_sodium
all_categories_combined,258,1,Caroline Vanilla Cookies Mix 500g,CAROLINE VANILLA COOKIES MIX,Pack size : 500g,Average Nutritional Value As Per 24g,PER_24G_SCALED,375,1569,16.6667,50,8.33333,25,,,12.5,0.395833,0.989583,,Cookies Mix,Powder,Food,Vanilla,,salt_derived_from_sodium
all_categories_combined,262|263,2,Caroline Vanilla Cupcakes Mix 450g,CAROLINE VANILLA CUPCAKES MIX,Pack size : 450g,Average Nutritional Value As Per 100g,PER_100G,140,585.76,2,34,18,,,,1,,,,Cupcakes Mix,Powder,Food,Vanilla,,missing_sodium|missing_total_fat
all_categories_combined,325,1,Carrefour 64% Cocoa Dessert Chocolate Bar 200g,CARREFOUR 64 COCOA DESSERT CHOCOLATE BAR,Pack size : 200g,Average Nutritional Value As Per 100g,PER_100G,545,2266,9.1,41,36,36,,,10,0.012,0.03,,Chocolate Bar,Paste,Food,,,sodium_derived_from_salt
all_categories_combined,2777,1,Carrefour Apricot Cereal Bar 125g,CARREFOUR APRICOT CEREAL BAR,Pack size : 125g,Average Nutritional Value As Per 100g,PER_100G,371,1566,5.3,72,24,5.8,,,,,,,Cereal Bar,Solid,Food,Apricot,,missing_sodium
all_categories_combined,4301|4305,2,Carrefour Apricot Fruit Jam 370g,CARREFOUR APRICOT FRUIT JAM,Pack size : 370g,Average Nutritional Value As Per 100g,PER_100G,48,200.832,1.4,11,9,0.4,,,2,0.001,0.0025,,Jam,Jelly,Food,Apricot,,salt_derived_from_sodium
all_categories_combined,2405,1,Carrefour Arabiata Pasta Sauce 420g,CARREFOUR ARABIATA PASTA SAUCE,Pack size : 420g,Average Nutritional Value As Per 100g,PER_100G,46,192,1.2,7,5,1,,,1.3,0.36,0.9,,Sauce,Paste,Food,,,sodium_derived_from_salt
all_categories_combined,287,1,Carrefour Baking Yeast 30g,CARREFOUR BAKING YEAST,Pack size : 30g,Average Nutritional Value As Per 100g,PER_100G,93,390,50,33,,6,,,,,,,Baking Yeast,Powder,Food,,,missing_sodium|missing_sugar
all_categories_combined,1432,1,Carrefour Barbecue Sauce 350ml,CARREFOUR BARBECUE SAUCE,Pack size : 350ml,Average Nutritional Value As Per 100g,PER_100G,121,513,1.1,27,24,0.7,,,1.2,0.88,2.2,,Barbecue Sauce,Paste,Food,,,sodium_derived_from_salt
all_categories_combined,2404,1,Carrefour Basil Tomato Cooking Sauce 420g,CARREFOUR BASIL TOMATO COOKING SAUCE,Pack size : 420g,Average Nutritional Value As Per 100g,PER_100G,54,228,0.9,8.6,5.5,1.5,,,1.4,0.352,0.88,,Cooking Sauce,Paste,Food,"Tomato, Basil",,sodium_derived_from_salt
all_categories_combined,837,1,Carrefour Beef Chili Con Carne Ready Meal 350g,CARREFOUR BEEF CHILI CON CARNE READY MEAL,Pack size : 350g,Average Nutritional Value As Per 100g,PER_100G,114,476,6.9,12,1.6,3.3,,,4.1,,,,Con Carne Ready Meal,Solid,Food,Beef,,missing_sodium
all_categories_combined,4302,1,Carrefour Bio Apricot Fruit Jam 360g,CARREFOUR BIO APRICOT FRUIT JAM,Pack size : 360g,Average Nutritional Value As Per 100g,PER_100G,246,1048,0.6,58,58,0.2,,,1.1,0.00104,0.0026,,Jam,Jelly,Food,Apricot,,salt_derived_from_sodium
all_categories_combined,2871,1,Carrefour Bio Dark Almond 100G,CARREFOUR BIO DARK ALMOND,Pack size : 100g,Nutrition information as per 100g,PER_100G,550,2289,8.1,43,40,36,,,11,,,,,,,,,missing_sodium
all_categories_combined,2847,1,Carrefour Bio Dark Orange 100G,CARREFOUR BIO DARK ORANGE,Pack size : 100g,Nutrition information as per 100g,PER_100G,551,2293,7.1,44,41,36,,,12,0.008,0.02,,,,,,,
all_categories_combined,3257,1,Carrefour Bio Milk Hazelnut Chocolate Bar 100G,CARREFOUR BIO MILK HAZELNUT CHOCOLATE BAR,Pack size : 100g,Average Nutritional Value As Per 100g,PER_100G,565,2351,8.1,41,39,40,,,4.5,0.08,0.2,,Chocolate Bar,Solid,Food,Hazelnut,,sodium_derived_from_salt
all_categories_combined,2848,1,Carrefour Bio Organic 74 Cocoa Dark Chocolate Bar 100G,CARREFOUR BIO ORGANIC 74 COCOA DARK CHOCOLATE BAR,Pack size : 100g,Average Nutritional Value As Per 100g,PER_100G,567,2353,9.6,32,27,42,,,12,0.012,0.03,,Chocolate Bar,Solid,Food,Cocoa,,sodium_derived_from_salt
all_categories_combined,2846,1,Carrefour Bio Peru 85% 100G,CARREFOUR BIO PERU 85,Pack size : 100g,Nutrition information as per 100g,PER_100G,631,2610,9.1,20,15,55,,,12,,,,,,,,,missing_sodium
all_categories_combined,4229,1,Carrefour Cheese Potato Chips 170G,CARREFOUR CHEESE POTATO CHIPS,Pack size : 170g,Average Nutritional Value As Per 100g,PER_100G,525,2196.6,9.1,56,2.9,30,,,4.4,0.287,0.7175,,Potato Chips,Solid,Food,Cheese,,salt_derived_from_sodium
all_categories_combined,3698,1,Carrefour Corneez Chilli Crispy Corn Snacks 90G,CARREFOUR CORNEEZ CHILLI CRISPY CORN SNACKS,Pack size : 90g,Average Nutritional Value As Per 100g,PER_100G,520,2175.68,3.5,64,4,28,,,3.6,1.029,2.5725,,Corn Snacks,Solid,Food,Chilli,,salt_derived_from_sodium
all_categories_combined,845,1,Carrefour Couscous Thin Semoulina 500g,CARREFOUR COUSCOUS THIN SEMOULINA,Pack size : 500g,Average Nutritional Value As Per 100g,PER_100G,350,1482,12,70,3,1.5,,,4,0.004,0.01,,Semolina,Solid,Food,,,salt_derived_from_sodium
all_categories_combined,81,1,Carrefour Dark Chocolate Butter Biscuits 150g,CARREFOUR DARK CHOCOLATE BUTTER BISCUITS,Pack size : 150g,Average Nutritional Value As Per 100g,PER_100G,511,2142,6.9,67,36,23,,,4.3,0.3,0.75,,Biscuits,Solid,Food,"Dark Chocolate, Butter",,sodium_derived_from_salt
all_categories_combined,322,1,Carrefour Dessert Milk Chocolate Bar 200G,CARREFOUR DESSERT MILK CHOCOLATE BAR,Pack size : 200g,Average Nutritional Value As Per 100g,PER_100G,554,2308,6.7,53,52,35,,,2,0.104,0.26,,Chocolate Bar,Solid,Food,Milk Chocolate,,sodium_derived_from_salt
all_categories_combined,2849,1,Carrefour Extra Fine Tablet Tasting Milk Chocolate Bar 100g,CARREFOUR EXTRA FINE TABLET TASTING MILK CHOCOLATE BAR,Pack size : 100g,Average Nutritional Value As Per 100g,PER_100G,570,2374,9.1,49,48,37,,,2.1,0.092,0.23,,Chocolate Bar,Solid,Food,,,sodium_derived_from_salt
all_categories_combined,3815,1,Carrefour Galette Coconut Biscuits 125g,CARREFOUR GALETTE COCONUT BISCUITS,Pack size : 125g,Average Nutritional Value As Per 100g,PER_100G,479,2011,5.5,69,30,20,,,2.3,,,,Biscuit,Solid,Food,Coconut,,missing_sodium
all_categories_combined,4194,1,Carrefour Handcooked Cheese Potato Chips 40G,CARREFOUR HANDCOOKED CHEESE POTATO CHIPS,Pack size : 40g,Average Nutritional Value As Per 100g,PER_100G,213,891.192,3.5,21,1.2,13,,,1.9,0.1,0.25,,Potato Chips,Solid,Food,Cheese,,salt_derived_from_sodium
all_categories_combined,4193,1,Carrefour Handcooked Chili Potato Chips 40G,CARREFOUR HANDCOOKED CHILI POTATO CHIPS,Pack size : 40g,Average Nutritional Value As Per 100g,PER_100G,214,895.376,3.7,21,1.9,13,,,1.7,0.234,0.585,,Potato Chips,Solid,Food,Chili,,salt_derived_from_sodium
all_categories_combined,4192,1,Carrefour Handcooked Sea Salt And Cider Vinegar Potato Chips 40G,CARREFOUR HANDCOOKED SEA SALT AND CIDER VINEGAR POTATO CHIPS,Pack size : 40g,Average Nutritional Value As Per 100g,PER_100G,208,870.272,3.8,21,1.7,12,,,1.7,0.228,0.57,,Potato Chips,Solid,Food,"Sea Salt, Cider Vinegar",,salt_derived_from_sodium
all_categories_combined,2180,1,Carrefour Iodized Fine Table Salt Red 600g,CARREFOUR IODIZED FINE TABLE SALT RED,Pack size : 600g,Average Nutritional Value As Per 100g,PER_100G,0,0,0,0,0,0,,,0,0.0387,0.09675,,Salt,Powder,Food,,,salt_derived_from_sodium
all_categories_combined,4614,1,Carrefour Jam Rhubarb 370G,CARREFOUR JAM RHUBARB,Pack size : 370g,Average Nutritional Value As Per 100g,PER_100G,238,995.792,0.3,59,59,,,,1.4,,,,Rhubarb Jam,Paste,Food,,,missing_sodium|missing_total_fat
all_categories_combined,2445,1,Carrefour M Vegetable Oil 3L,CARREFOUR M VEGETABLE OIL,Pack size : 3L,100g,PER_100G,884,,0,0,,97,,,,0.0155,0.03875,,,Liquid,Vegetable cooking oil,,,missing_sugar|salt_derived_from_sodium
all_categories_combined,3676,1,Carrefour Marshmallows 300g,CARREFOUR MARSHMALLOWS,Pack size : 300g,Average Nutritional Value As Per 100g,PER_100G,332,1412,3.6,79,71,0.5,,,0,0,0,,Marshmallows,Solid,Food,,,sodium_derived_from_salt
all_categories_combined,4408,1,Carrefour Milk Choco Rocher 7X35G,CARREFOUR MILK CHOCO ROCHER 7X35G,,Nutritional Information Per 100g,PER_100G,592,,8.2,43.8,,42.7,,,2.63,0.0656,0.164,,,,,,,missing_sugar|sodium_derived_from_salt
all_categories_combined,80,1,Carrefour Milk Chocolate Butter Biscuits 150g,CARREFOUR MILK CHOCOLATE BUTTER BISCUITS,Pack size : 150g,Average Nutritional Value As Per 100g,PER_100G,506,2123,6.8,69,40,22,,,2.6,0.3,0.75,,Biscuits,Solid,Food,"Milk Chocolate, Butter",,sodium_derived_from_salt
all_categories_combined,488|493|502|504|509,5,Carrefour Mineral Water 18.5L,CARREFOUR MINERAL WATER,Pack size : 18.5L,Average Nutritional Value As Per 100ml,PER_100ML,0,0,,,,,,,,0.01462,0.03655,,Mineral Water,Liquid,Beverage,,,missing_sugar|missing_total_fat|salt_derived_from_sodium
all_categories_combined,602,1,Carrefour Mlogo Pasta Fusili 400G,CARREFOUR MLOGO PASTA FUSILI,Pack size : 400g,Average Nutritional Value As Per 100g,PER_100G,364,1522.9,7,72,,1,,,3,0,0,,Pasta,Solid,Food,,,missing_sugar|salt_derived_from_sodium
all_categories_combined,638,1,Carrefour Mlogo Pasta Spaghetti 400G,CARREFOUR MLOGO PASTA SPAGHETTI,Pack size : 400g,Average Nutritional Value As Per 100g,PER_100G,363,1518.7,12,74,3,1,,,2,0,0,,Pasta,Solid,Food,,,salt_derived_from_sodium
all_categories_combined,2399,1,Carrefour Mushroom Forest Tomato Cooking Sauce 420G,CARREFOUR MUSHROOM FOREST TOMATO COOKING SAUCE,Pack size : 420g,Average Nutritional Value As Per 100g,PER_100G,71,296,2.1,5.7,4.5,3.6,,,3.8,0.43,1.1,,Cooking Sauce,Paste,Food,Mushroom,,
all_categories_combined,3705,1,Carrefour Nacho Cheese Tortilla Chips 180G,CARREFOUR NACHO CHEESE TORTILLA CHIPS,Pack size : 180g,Average Nutritional Value As Per 100g,PER_100G,481,2012.5,6,70,48,20,,,47,1.05,2.625,,Tortilla Chips,Solid,Food,Nacho Cheese,,salt_derived_from_sodium
all_categories_combined,1475,1,Carrefour Natural Light Vinaigrette Salad Dressing 0.5L,CARREFOUR NATURAL LIGHT VINAIGRETTE SALAD DRESSING,Pack size : 0.5L,Average Nutritional Value As Per 100ml,PER_100ML,239,982,,2.5,2.5,50,,,,0.001,0.0025,,Salad Dressing,Liquid,Food,,,salt_derived_from_sodium
all_categories_combined,4603,1,Carrefour Orange Marmalade Jam 370g,CARREFOUR ORANGE MARMALADE JAM,Pack size : 370g,Average Nutritional Value As Per 100g,PER_100G,245,1025.08,0.3,65,60,0.3,,,0.7,0.037,0.0925,,Jam,Jelly,Food,Orange,,salt_derived_from_sodium
all_categories_combined,718,1,Carrefour Pasta Conchigle Rigate 400G,CARREFOUR PASTA CONCHIGLE RIGATE,Pack size : 400g,Average Nutritional Value As Per 100g,PER_100G,339,1418.3,4,78,61,0,,,0,0,0,,Pasta,Solid,Food,,,salt_derived_from_sodium
all_categories_combined,762,1,Carrefour Pasta Ditali Rigati 400G,CARREFOUR PASTA DITALI RIGATI,Pack size : 400g,Average Nutritional Value As Per 100g,PER_100G,349,1460.2,0,0,0,1,,,0,0,0,,Pasta,Solid,Food,,,salt_derived_from_sodium
all_categories_combined,666,1,Carrefour Pasta Farfalle 400G,CARREFOUR PASTA FARFALLE,Pack size : 400g,Average Nutritional Value As Per 100g,PER_100G,344,1439.3,12,68,3,2,,,3,0,0,,Pasta,Solid,Food,,,salt_derived_from_sodium
all_categories_combined,848,1,Carrefour Pasta Risetti 400G,CARREFOUR PASTA RISETTI,Pack size : 400g,Average Nutritional Value As Per 100g,PER_100G,365,1527.16,13,72,3,2,,,3,0.005,0.0125,,Pasta,Solid,Food,,,salt_derived_from_sodium
all_categories_combined,857,1,Carrefour Pasta Tripolini 400G,CARREFOUR PASTA TRIPOLINI,Pack size : 400g,Average Nutritional Value As Per 100g,PER_100G,357,1493.6,12,75,1,0,,,3,0.002,0.005,,Pasta,Solid,Food,,,salt_derived_from_sodium
all_categories_combined,863,1,Carrefour Pasta Vermicelli 400G,CARREFOUR PASTA VERMICELLI,Pack size : 400g,Average Nutritional Value As Per 100g,PER_100G,354,1481.1,13,72,0,1,,,2,0,0,,Pasta,Solid,Food,,,salt_derived_from_sodium
all_categories_combined,260,1,Carrefour Pastry Flan Cream Mix 360g,CARREFOUR PASTRY FLAN CREAM MIX,Pack size : 360g,Average Nutritional Value As Per 100g,PER_100G,387,1643,0.7,94,55,0.8,,,,0.02,0.05,,Flan Cream Mix,Powder,Food,,,sodium_derived_from_salt
all_categories_combined,4051,1,Carrefour Peach Acid Sweets Jelly 250g,CARREFOUR PEACH ACID SWEETS JELLY,Pack size : 250g,Average Nutritional Value As Per 100g,PER_100G,53.2,222.5,5.4,14,0.1,0,,,0.2,0.006,0.015,,Jelly,Jelly,Food,Peach,,salt_derived_from_sodium
all_categories_combined,1537,1,Carrefour Red Vinegar Pet 946Ml,CARREFOUR RED VINEGAR PET,Pack size : 946ml,Average Nutritional Value As Per 100g,PER_100G,89,362,0.01,1.2,1.2,,,,,5e-05,0.000125,,Vinegar,Liquid,Food,,,missing_total_fat|salt_derived_from_sodium
all_categories_combined,4407,1,Carrefour Rocher Noir 7X35G,CARREFOUR ROCHER NOIR 7X35G,,Nutritional Information Per 100g,PER_100G,557,2321,,,,36,,,,,,,,,,,,missing_sodium|missing_sugar
all_categories_combined,4230,1,Carrefour Salt And Vinegar Potato Chips 170G,CARREFOUR SALT AND VINEGAR POTATO CHIPS,Pack size : 170g,Average Nutritional Value As Per 100g,PER_100G,532,2225.89,9.1,53,0.5,32,,,4.2,0.351,0.8775,,Potato Chips,Solid,Food,"Salt, Vinegar",,salt_derived_from_sodium
all_categories_combined,4232,1,Carrefour Salted Potato Chips 170G,CARREFOUR SALTED POTATO CHIPS,Pack size : 170g,Average Nutritional Value As Per 100g,PER_100G,536,2242.62,8.4,55,0.5,32,,,4.7,0.394,0.985,,Potato Chips,Solid,Food,,,salt_derived_from_sodium
all_categories_combined,2838,1,Carrefour Selection 72 Cocoa Beans Dark Chocolate Bar 100G,CARREFOUR SELECTION 72 COCOA BEANS DARK CHOCOLATE BAR,Pack size : 100g,Average Nutritional Value As Per 100g,PER_100G,539,2241,9,41,36,35,,,11,0.004,0.01,,Chocolate Bar,Solid,Food,Cocoa,,sodium_derived_from_salt
all_categories_combined,3222,1,Carrefour Selection Dark Orange Chocolate Bar 100g,CARREFOUR SELECTION DARK ORANGE CHOCOLATE BAR,Pack size : 100g,Average Nutritional Value As Per 100g,PER_100G,538,2239,6.5,43,37,35,,,8.2,0.012,0.03,,Chocolate Bar,Solid,Food,Orange,,sodium_derived_from_salt
all_categories_combined,3243,1,Carrefour Selection Mango Sichuan Pepper Dark Chocolate Bar 100G,CARREFOUR SELECTION MANGO SICHUAN PEPPER DARK CHOCOLATE BAR,Pack size : 100g,Average Nutritional Value As Per 100g,PER_100G,520,2169,6,54,47,29,,,7.2,0.044,0.11,,Chocolate Bar,Solid,Food,Mango,,sodium_derived_from_salt
all_categories_combined,3252,1,Carrefour Selection Pear Dark Chocolate Bar 100G,CARREFOUR SELECTION PEAR DARK CHOCOLATE BAR,Pack size : 100g,Average Nutritional Value As Per 100g,PER_100G,540,2247,6.9,43,40,37,,,8.3,0.008,0.02,,Chocolate Bar,Solid,Food,Pear,,sodium_derived_from_salt
all_categories_combined,2802|2803|4616,3,Carrefour Sour Cherry Jam 380G,CARREFOUR SOUR CHERRY JAM,,Average Nutritional Value As Per 100g,PER_100G,283,1185,0.8,70,50.7,0.1,,,,0.08,0.2,,Food,Solid,Jam,Cherry,,sodium_derived_from_salt
all_categories_combined,3704,1,Carrefour Spicy Nacho Tortilla Chips 180G,CARREFOUR SPICY NACHO TORTILLA CHIPS,Pack size : 180g,Average Nutritional Value As Per 100g,PER_100G,489,2045.98,5.8,70,28,21,,,4.5,0.842,2.105,,Tortilla Chips,Solid,Food,Nacho Cheese,,salt_derived_from_sodium
all_categories_combined,85,1,Carrefour Stick And Choc White Chocolate Finger Biscuits 125g,CARREFOUR STICK AND CHOC WHITE CHOCOLATE FINGER BISCUITS,Pack size : 125g,Average Nutritional Value As Per 100g,PER_100G,525,2195,6.6,61,38,28,,,1.2,0.16,0.4,,Biscuits,Solid,Food,White Chocolate,,sodium_derived_from_salt
all_categories_combined,2790|2791|2796,3,Carrefour Strawberry Jam 380G,CARREFOUR STRAWBERRY JAM,,Average Nutritional Value As Per 100g,PER_100G,283,1185,2.5,68,53,0.1,,,,,,,Food,Solid,Jam,Strawberry,,missing_sodium
all_categories_combined,4231,1,Carrefour Tomato Ketchup Potato Chips 170G,CARREFOUR TOMATO KETCHUP POTATO CHIPS,Pack size : 170g,Average Nutritional Value As Per 100g,PER_100G,545,2280.28,8.7,51,2.7,34,,,3.9,0.396,0.99,,Potato Chips,Solid,Food,Tomato Ketchup,,salt_derived_from_sodium
all_categories_combined,2397,1,Carrefour Tomato Olive Cooking Sauce 420g,CARREFOUR TOMATO OLIVE COOKING SAUCE,Pack size : 420g,Average Nutritional Value As Per 100g,PER_100G,59,249,1.6,7.4,5.7,2.1,,,,0.44,1.1,,Cooking Sauce,Paste,Food,"Tomato, Olive",,sodium_derived_from_salt
all_categories_combined,2326,1,Carrefour Tomato Paste 370g,CARREFOUR TOMATO PASTE,Pack size : 370g,Average Nutritional Value As Per 100g,PER_100G,92,384.928,4.4,18,13,,,,3.9,0.82,2.05,,Tomato Paste,Paste,Food,,,missing_total_fat|salt_derived_from_sodium
all_categories_combined,2334,1,Carrefour Tomato Puree 500g,CARREFOUR TOMATO PUREE,Pack size : 500g,Average Nutritional Value As Per 100g,PER_100G,34,145,1,5,5,0,,,,0,0,,Tomato Puree,Paste,Food,,,sodium_derived_from_salt
all_categories_combined,3293,1,Carrefour White Flakes Oats 500g,CARREFOUR WHITE FLAKES OATS,Pack size : 500g,Average Nutritional Value As Per 100g,PER_100G,385,1610,12.4,66,,8.13,,,4,,,,Oats,Solid,Food,,,missing_sodium|missing_sugar
all_categories_combined,1511,1,Carrefour White Vinegar Pet 946Ml,CARREFOUR WHITE VINEGAR PET,Pack size : 946ml,Average Nutritional Value As Per 100g,PER_100G,89,362,0.01,1.2,1.2,,,,,5e-05,0.000125,,Vinegar,Liquid,Food,,,missing_total_fat|salt_derived_from_sodium
all_categories_combined,83,1,Carrefour Xtrem Chocolate Hazelnut Filled Biscuits 225g,CARREFOUR XTREM CHOCOLATE HAZELNUT FILLED BISCUITS,Pack size : 225g,Average Nutritional Value As Per 100g,PER_100G,493,2065,7,63,38,23,,,3,0.16,0.4,,Biscuits,Solid,Food,"Hazelnut, Cocoa",,sodium_derived_from_salt
all_categories_combined,4611,1,Carrefour Yellow Plum Jam 370g,CARREFOUR YELLOW PLUM JAM,Pack size : 370g,Average Nutritional Value As Per 100g,PER_100G,72,2408,1.4,59,59,,,,1.1,,,,Jam,Jelly,Food,Plum,,missing_sodium|missing_total_fat
all_categories_combined,84,1,Carrefour Zoo Mini Biscuit 160g,CARREFOUR ZOO MINI BISCUIT,Pack size : 160g,Average Nutritional Value As Per 100g,PER_100G,201,840.984,2.8,27.2,12.8,8.8,,,0.9,0.1,0.25,,Biscuit,Solid,Food,,,salt_derived_from_sodium
all_categories_combined,116,1,CARRS TABLE WATER BITE ORIGINAL125G,CARRS TABLE WATER BITE ORIGINAL125G,Pack size : 125g,Average Nutritional Value As Per 100g,PER_100G,417,1759,10.1,74.7,1.6,7.7,,,4.2,0.6,1.5,,Crackers,Solid,Food,,,salt_derived_from_sodium
all_categories_combined,117,1,CARRS TABLE WATER SESAME BISC. 125G,CARRS TABLE WATER SESAME BISC,Pack size : 125g,Average Nutritional Value As Per 100g,PER_100G,425,1792,10.5,71.5,1.5,9.7,,,4.7,0.6,1.4,,Crackers,Solid,Food,Sesame Seeds,,
all_categories_combined,3671,1,Casa Del Dolce Gluten Free Molly Marshmallow 85g,CASA DEL DOLCE GLUTEN FREE MOLLY MARSHMALLOW,Pack size : 85g,Average Nutritional Value As Per 100g,PER_100G,377,1409,5.8,78,68.9,0.1,,,0.1,0.0001,0.00025,,Marshmallow,Solid,Food,,,salt_derived_from_sodium
all_categories_combined,3068,1,Casa Del Dolce Panna Fragola Bubble Gum 185g,CASA DEL DOLCE PANNA FRAGOLA BUBBLE GUM,Pack size : 185g,Average Nutritional Value As Per 100g,PER_100G,70,292.88,0,17,13,0,,,0,0.123,0.3075,,Bubble Gum,Solid,Food,Panna Fragola,,salt_derived_from_sodium
all_categories_combined,3174,1,Casa Del Dolce Trinkola Cola Flavour Candy Drink 70Ml,CASA DEL DOLCE TRINKOLA COLA FLAVOUR CANDY DRINK,Pack size : 70ml,Average Nutritional Value As Per 100ml,PER_100ML,47,199,0,10,10,0,,,,0,0,,Candy Drink,Liquid,Beverage,Cola,,sodium_derived_from_salt
all_categories_combined,3506,1,Ceres Delight Orange Juice 250M,CERES DELIGHT ORANGE JUICE 250M,Pack size : 250ml,Average Nutritional Value As Per 100ml,PER_100ML,100,400,1,22,0,0,,,0,0,0,,Juice,Liquid,Beverage,Orange,,salt_derived_from_sodium
all_categories_combined,3559,1,Ceres Hanepoot 100 White Grape Juice 1L,CERES HANEPOOT 100 WHITE GRAPE JUICE,Pack size : 1L,Average Nutritional Value As Per 200ml,PER_200ML_SCALED,55,230,,14,,,,,,0.01,0.025,,Juice,Liquid,Beverage,White Grape,,missing_sugar|missing_total_fat|salt_derived_from_sodium
all_categories_combined,3443,1,Ceres Juice Cranberry/Kiwi 100% 1L,CERES JUICE CRANBERRY KIWI 100,Pack size : 1L,Average Nutritional Value As Per 250ml,PER_250ML_SCALED,48,200.8,,12,6.4,,,,,0.004,0.01,,Juice,Liquid,Beverage,"Cranberry,Kiwi",,missing_total_fat|salt_derived_from_sodium
all_categories_combined,3465,1,Ceres Juice Orange 100% 1L,CERES JUICE ORANGE 100,Pack size : 1L,Average Nutritional Value As Per 200ml,PER_200ML_SCALED,50,209,0.5,11,11,,,,,0.0025,0.00625,,Orange Juice,Liquid,Beverage,Orange,,missing_total_fat|salt_derived_from_sodium
all_categories_combined,3462,1,Ceres Season'S Treasure 1L 100%,CERES SEASON S TREASURE 100,Pack size : 1L,Average Nutritional Value As Per 200ml,PER_200ML_SCALED,60,251,,7.5,7,,,,1,0.005,0.0125,,Juice,Liquid,Beverage,,,missing_total_fat|salt_derived_from_sodium
all_categories_combined,2371,1,Chain Kwo Naturally Brewed Soya Sauce 150ml,CHAIN KWO NATURALLY BREWED SOYA SAUCE,Pack size : 150ml,Average Nutritional Value As Per 15ml,PER_15ML_SCALED,60,250.667,,,,,,,,4.79333,11.9833,,Sauce,Liquid,Food,,,missing_sugar|missing_total_fat|salt_derived_from_sodium
all_categories_combined,2396,1,Chain Kwo Oyster Sauce 270g,CHAIN KWO OYSTER SAUCE,Pack size : 270g,Average Nutritional Value As Per 100g,PER_100G,150,448,2.5,23.6,19.1,,,,,1.8,4.3,,Oyster Sauce,Paste,Food,,,missing_total_fat
all_categories_combined,2393,1,Chain Kwo Pure Sesame Oil 150ml,CHAIN KWO PURE SESAME OIL,Pack size : 150ml,Average Nutritional Value As Per 100ml,PER_100ML,816,3414.14,,0.4,,90.5,,,,,,,Sesame Oil,Liquid,Food,,,missing_sodium|missing_sugar
all_categories_combined,2724,1,Chain Kwo Quick Cooking Noodles 250g,CHAIN KWO QUICK COOKING NOODLES,Pack size : 250g,Average Nutritional Value As Per 100g,PER_100G,359,1502.06,13,77,0,0,,,0,0,0,,Noodles,Solid,Food,,,salt_derived_from_sodium
all_categories_combined,1515,1,Chain Kwo Rice Vinegar 500ml,CHAIN KWO RICE VINEGAR,Pack size : 500ml,Average Nutritional Value As Per 100ml,PER_100ML,10,41.8,,,,,,,,0.0003,0.00075,,Vinegar,Liquid,Food,,,missing_sugar|missing_total_fat|salt_derived_from_sodium
all_categories_combined,1243,1,Chain Kwo Siracha Chili Sauce 530g,CHAIN KWO SIRACHA CHILI SAUCE,Pack size : 530g,Average Nutritional Value As Per 100g,PER_100G,122,513,1.8,23,18,1.3,,,,,,,Sauce,Paste,Food,,,missing_sodium
all_categories_combined,2357|2378,2,Chain Kwo Superior Dark Soya Sauce 592ml,CHAIN KWO SUPERIOR DARK SOYA SAUCE,Pack size : 592ml,Average Nutritional Value As Per 15ml,PER_15ML_SCALED,113.333,474,,20,,,,,,6.06,15.15,,Sauce,Liquid,Food,,,missing_sugar|missing_total_fat|salt_derived_from_sodium
all_categories_combined,2359|2383,2,Chain Kwo Superior Light Soya Sauce 1.9L,CHAIN KWO SUPERIOR LIGHT SOYA SAUCE,Pack size : 1.9L,Average Nutritional Value As Per 17ml,PER_17ML_SCALED,64.7059,270.706,,5.88235,,,,,,4.29412,10.7353,,Sauce,Liquid,Food,,,missing_sugar|missing_total_fat|salt_derived_from_sodium
all_categories_combined,2394,1,Chain Kwo Sweet And Sour Sauce 330g,CHAIN KWO SWEET AND SOUR SAUCE,Pack size : 330g,Average Nutritional Value As Per 100g,PER_100G,191,799,0.5,45.6,33,0.3,,,,,,,Sauce,Paste,Food,,,missing_sodium
all_categories_combined,2384,1,CHAIN KWO SWEET CHILI SAUCE 700G,CHAIN KWO SWEET CHILI SAUCE,Pack size : 700g,Average Nutritional Value As Per 100g,PER_100G,230,962.32,0,56,0,0,,,0,0,0,,Sauce,Paste,Food,Chili,,salt_derived_from_sodium
all_categories_combined,2355,1,Chain Two Dark Soy Sauce 150ml,CHAIN TWO DARK SOY SAUCE,Pack size : 150ml,Average Nutritional Value As Per 100ml,PER_100ML,120,510,1.3,28.6,24.8,0.1,,,,,,,Sauce,Paste,Food,,,missing_sodium
all_categories_combined,3539,1,Chamdor Sparkling Red Grape Wine 750Ml,CHAMDOR SPARKLING RED GRAPE WINE,Pack size : 750ml,Average Nutritional Value As Per 250ml,PER_250ML_SCALED,52.4,219.2,,,13.2,,,,,0.014,0.035,,Wine,Liquid,Beverage,Red Grape,,missing_total_fat|salt_derived_from_sodium
all_categories_combined,2630,1,Chandan Kachi Kairi Jar 410G,CHANDAN KACHI KAIRI JAR,Pack size : 410g,Nutrition Information per 100g,PER_100G,,,4.7,83.9,70.6,6,,,,,,,,,Candy,,,missing_sodium
all_categories_combined,2607,1,Chandan Natkhat Imli Jar 410G,CHANDAN NATKHAT IMLI JAR,Pack size : 410g,Nutrition Information per 100g,PER_100G,,,4.7,83.9,70.6,6,,,,,,,,,Candy,,,missing_sodium
all_categories_combined,2622,1,Chandan Pan Delight Jar 410G,CHANDAN PAN DELIGHT JAR,Pack size : 410g,Nutrition Information per 100g,PER_100G,,,4.7,83.9,70.6,6,,,,,,,,,Candy,,,missing_sodium
all_categories_combined,272,1,Chapa Mandashi Baking Powder 100g,CHAPA MANDASHI BAKING POWDER,Pack size : 100g,Average Nutritional Value As Per 4.6g,PER_4.6G_SCALED,52.1739,218.261,,28.2609,,,,,,10.6087,26.5217,,Baking Powder,Powder,Food,,,missing_sugar|missing_total_fat|salt_derived_from_sodium
all_categories_combined,1546,1,Chef King Balsamic Vinegar 500ml,CHEF KING BALSAMIC VINEGAR,Pack size : 500ml,Average Nutritional Value As Per 100ml,PER_100ML,70,292.88,,0.3,0.1,,,,,,,,Vinegar,Liquid,Food,,,missing_sodium|missing_total_fat
all_categories_combined,2503,1,Chef King Blended Sesame Oil 150ml,CHEF KING BLENDED SESAME OIL,Pack size : 150ml,Average Nutritional Value As Per 100g,PER_100G,810,3389.04,0,0,0,91,,,0,0,0,,Oil,Liquid,Food,,,salt_derived_from_sodium
all_categories_combined,1278,1,Chef King Oyster Sauce 510g,CHEF KING OYSTER SAUCE,Pack size : 510g,Average Nutritional Value As Per 100g,PER_100G,136,569.024,5,29,23,0,,,0,4.379,10.9475,,Oyster Sauce,Paste,Food,,,salt_derived_from_sodium
all_categories_combined,2376,1,Chef King Superior Light Soya Sauce 150ml,CHEF KING SUPERIOR LIGHT SOYA SAUCE,Pack size : 150ml,Average Nutritional Value As Per 100ml,PER_100ML,50,209.2,5,6,,,,,,6.477,16.1925,,Sauce,Liquid,Food,,,missing_sugar|missing_total_fat|salt_derived_from_sodium
all_categories_combined,1169,1,Chef King Sweet Chilli Sauce 700g,CHEF KING SWEET CHILLI SAUCE,Pack size : 700g,Average Nutritional Value As Per 100g,PER_100G,172,719.648,0.5,42,39,,,,,,,,Chilli Sauce,Paste,Food,Chilli,,missing_sodium|missing_total_fat
all_categories_combined,2551,1,CHEN KE MING DRIED SPAGHETTI 1000G,CHEN KE MING DRIED SPAGHETTI,Pack size : 1kg,Average Nutritional Value As Per 180g,PER_180G_SCALED,172.222,720.556,6.66667,35,0,0.555556,,,1.66667,0.161111,0.402778,,Noodles,Solid,Food,,,salt_derived_from_sodium
all_categories_combined,613|658|680,3,Chia organic Premium Seed Black 500G,CHIA ORGANIC PREMIUM SEED BLACK,Pack size : 500G,Average Nutritional Value As Per 100g,PER_100G,138,1870,4,12,1,9,,,11,0.001,0.0025,,Chia Seed,Solid,Food,,,salt_derived_from_sodium
all_categories_combined,807|808,2,Chia organic White Chia Seed 250G,CHIA ORGANIC WHITE CHIA SEED,Pack size : 250G,Average Nutritional Value As Per 100g,PER_100G,138,1870,4,12,1,9,,,11,0.001,0.0025,,Chia Seed,Solid,Food,,,salt_derived_from_sodium
all_categories_combined,1434,1,Chicken Tonight Spanish Chicken Sauce 500g,CHICKEN TONIGHT SPANISH CHICKEN SAUCE,Pack size : 500g,Average Nutritional Value As Per 100g,PER_100G,43,180,1.1,6.9,5.5,0.9,,,1.3,0,0.77,,Sauce,Paste,Food,,,
all_categories_combined,4169,1,Chigs Cheese Lip Licking Potato Crisps 100G,CHIGS CHEESE LIP LICKING POTATO CRISPS,Pack size : 100g,Average Nutritional Value As Per 100g,PER_100G,530,2217.5,7,55,,15,,,3.8,0.0018,0.0045,,Potato Crisps,Solid,Food,Cheese,,missing_sugar|salt_derived_from_sodium
all_categories_combined,4103|4163,2,Chigs Cheese Onion Crisps 50G,CHIGS CHEESE ONION CRISPS,Pack size : 50g,Average Nutritional Value As Per 37g,PER_37G_SCALED,535.135,2239.01,5.40541,48.6486,,32.4324,,,2.7027,1.35135,3.37838,,Wafer,Solid,Food,Cheese And Onion,,missing_sugar|salt_derived_from_sodium
all_categories_combined,4168,1,Chigs Funky Chilli Lemon Potato Crisps 100G,CHIGS FUNKY CHILLI LEMON POTATO CRISPS,Pack size : 100g,Average Nutritional Value As Per 100g,PER_100G,496,2075.26,8.5,57.7,,27.2,,,5.2,0.793,1.9825,,Potato Crisps,Solid,Food,"Chilli, Lemon",,missing_sugar|salt_derived_from_sodium
all_categories_combined,4102|4164,2,Chigs Hot Chilli Crisps 50G,CHIGS HOT CHILLI CRISPS,Pack size : 50g,Average Nutritional Value As Per 30g,PER_30G_SCALED,900,3765.6,6.66667,53.3333,,36.6667,,,,0.933333,2.33333,,Wafer,Solid,Food,,,missing_sugar|salt_derived_from_sodium
all_categories_combined,4098|4165,2,Chigs Plain Salted Crisps 50G,CHIGS PLAIN SALTED CRISPS,Pack size : 50g,Average Nutritional Value As Per 50g,PER_50G_SCALED,522,2184.04,4,48,,32,,,4,,,,Wafer,Solid,Food,,,missing_sodium|missing_sugar
all_categories_combined,4095,1,Chigs Tomato Ketchup Crisps 50G,CHIGS TOMATO KETCHUP CRISPS,Pack size : 50g,Average Nutritional Value As Per 30g,PER_30G_SCALED,513.333,2147.79,3.33333,43.3333,,30,,,6.66667,1,2.5,,Wafer,Solid,Food,Tomato,,missing_sugar|salt_derived_from_sodium
all_categories_combined,4160,1,Chigs Tomato Ketchup Potato Crisps 100G,CHIGS TOMATO KETCHUP POTATO CRISPS,Pack size : 100g,Average Nutritional Value As Per 27g,PER_27G_SCALED,533.333,2231.44,3.7037,48.1481,3.7037,29.6296,,,,0.651852,1.62963,,Potato Crisps,Solid,Food,Tomato Ketchup,,salt_derived_from_sodium
all_categories_combined,4212,1,Chigs Tomato Potato Crisps 200G,CHIGS TOMATO POTATO CRISPS,Pack size : 200g,Average Nutritional Value As Per 30g,PER_30G_SCALED,513.333,2147.79,3.33333,43.3333,,30,,,6.66667,1,2.5,,Wafer,Solid,Food,Tomato,,missing_sugar|salt_derived_from_sodium
all_categories_combined,4089|4161,2,Chigs Yummy Salt And Vinegar Potato Crisps 50G,CHIGS YUMMY SALT AND VINEGAR POTATO CRISPS,Pack size : 50g,Average Nutritional Value As Per 45g,PER_45G_SCALED,531.111,2222.16,4.44444,48.8889,2.22222,31.1111,,,4.44444,0.795556,22.2222,,Potato Crisps,Solid,Food,"Salt, Vinegar",,
all_categories_combined,1122,1,CHIKA CHIKA EXTRA HOT 300G,CHIKA CHIKA EXTRA HOT,Pack size : 300ml,Average Nutritional Value As Per 100g,PER_100G,23.18,96.98,0.96,4.3,2.22,0.24,,,,,,,Sauce,Paste,Food,,,missing_sodium
all_categories_combined,1179,1,Chika Chika Extra Hot Sauce 135g,CHIKA CHIKA EXTRA HOT SAUCE,Pack size : 135g,Average Nutritional Value As Per 100g,PER_100G,23.18,96.9851,0.96,4.3,2.22,0.24,,,,,,,Sauce,Paste,Food,,,missing_sodium
all_categories_combined,1264,1,Chika Chika Fire Roasted Garlicky Twist Sauce 135g,CHIKA CHIKA FIRE ROASTED GARLICKY TWIST SAUCE,Pack size : 135g,Average Nutritional Value As Per 100g,PER_100G,23.66,98.9934,0.94,4.57,2.35,0.18,,,,,,,Garlicky Twist Sauce,Paste,Food,Garliky Twist,,missing_sodium
all_categories_combined,1250,1,CHIKA CHIKA GARLIKY TWIST 300G,CHIKA CHIKA GARLIKY TWIST,Pack size : 300ml,Average Nutritional Value As Per 100g,PER_100G,23.18,96.98,0.96,4.3,2.22,0.24,,,,,,,Sauce,Paste,Food,Garlicky Twist,,missing_sodium
all_categories_combined,1193,1,CHIKA CHIKA HOT CHILLI 135G,CHIKA CHIKA HOT CHILLI,Pack size : 135ml,Average Nutritional Value As Per 100g,PER_100G,23.7,99.16,0.94,4.31,2.55,0.23,,,,,,,Sauce,Paste,Food,,,missing_sodium
all_categories_combined,1182,1,Chika Chika Hot Chilli Sauce 300g,CHIKA CHIKA HOT CHILLI SAUCE,Pack size : 300g,Average Nutritional Value As Per 100g,PER_100G,23.07,96.5249,0.94,4.31,2.55,0.23,,,,,,,Sauce,Paste,Food,,,missing_sodium
all_categories_combined,1135,1,CHIKA CHIKA MANGO CHILLY 300G,CHIKA CHIKA MANGO CHILLY,Pack size : 300ml,Average Nutritional Value As Per 100g,PER_100G,23.7,99.16,0.94,4.31,2.55,0.23,,,,,,,Sauce,Paste,Food,Mango,,missing_sodium
all_categories_combined,1131,1,Chika Chika Mango Chilly Sauce 135g,CHIKA CHIKA MANGO CHILLY SAUCE,Pack size : 135g,Average Nutritional Value As Per 100g,PER_100G,23.7,99.16,0.94,4.31,2.55,0.23,,,,,,,Sauce,Paste,Food,,,missing_sodium
all_categories_combined,1160|1167,2,Chika Chika Mint Chilli Sauce 300g,CHIKA CHIKA MINT CHILLI SAUCE,Pack size : 300g,Average Nutritional Value As Per 100g,PER_100G,22.35,93.5124,0.91,4.35,2.31,0.19,,,,,,,Sauce,Paste,Food,,,missing_sodium
all_categories_combined,1120|1187,2,Chika Chika Scotch Bonnet Sauce 300g,CHIKA CHIKA SCOTCH BONNET SAUCE,Pack size : 300g,Average Nutritional Value As Per 100g,PER_100G,23.79,99.5374,0.98,4.36,2.49,0.27,,,,,,,Sauce,Paste,Food,,,missing_sodium
all_categories_combined,1133,1,CHIKA CHIKA SWEET CHILLI 300G,CHIKA CHIKA SWEET CHILLI,Pack size : 300ml,Average Nutritional Value As Per 100g,PER_100G,23.17,96.94,0.93,4.35,2.19,0.21,,,,,,,Sauce,Paste,Food,,,missing_sodium
all_categories_combined,1178,1,Chika Chika Sweet Chilli Sauce 135g,CHIKA CHIKA SWEET CHILLI SAUCE,Pack size : 135g,Average Nutritional Value As Per 100g,PER_100G,23.17,96.9433,0.97,4.35,2.19,0.21,,,,,,,Sauce,Paste,Food,,,missing_sodium
all_categories_combined,1136|1199,2,CHIKA CHIKA TAMARIND CHILLY 300G,CHIKA CHIKA TAMARIND CHILLY,Pack size : 300ml,Average Nutritional Value As Per 100g,PER_100G,24.1,100.83,0.98,4.55,2.71,0.22,,,,,,,Sauce,Paste,Food,Tamarind,,missing_sodium
all_categories_combined,2550,1,CHINESE CANNED FISH 227G,CHINESE CANNED FISH,Pack size : 227g,Average Nutritional Value As Per 100g,PER_100G,543.73,2275,25.2,2.2,0,48.9,,,,,,,Fish Canned In Black Bean Sauce,Solid,Food,,,missing_sodium
all_categories_combined,4650,1,Choco Primo Drinking Chocolate Powder 20g,CHOCO PRIMO DRINKING CHOCOLATE POWDER,Pack size : 20g,Average Nutritional Value As Per 100g,PER_100G,390,1631.76,7.3,82,72,3.57,,,1.8,,,,Chocolate Powder,Powder,Food,,,missing_sodium
all_categories_combined,4485,1,Chocodate Exclusive Real Caramel Chocolate 100G,CHOCODATE EXCLUSIVE REAL CARAMEL CHOCOLATE,Pack size : 100g,Average Nutritional Value As Per 13.5g,PER_13.5G_SCALED,429.63,1792.59,4.44444,67.4074,,15.5556,,,,0.162963,0.407407,,Chocolate,Solid,Food,Caramel,,missing_sugar|salt_derived_from_sodium
all_categories_combined,3045,1,Chocodate Milk Chocolate Dates With Almonds 100g,CHOCODATE MILK CHOCOLATE DATES WITH ALMONDS,Pack size : 100g,Average Nutritional Value As Per 100g,PER_100G,399,1669.42,5.7,71,37.3,10.4,,,3.8,0.02,0.05,,Dates With Almonds,Solid,Food,,,
all_categories_combined,2588|2591,2,Chuang Yi Pai Spicy Dried Cuttlefish 70g,CHUANG YI PAI SPICY DRIED CUTTLEFISH,Pack size : 70g,Average Nutritional Value As Per 100g,PER_100G,133,556.47,13,19,0,1,,,0,0.455,1.1375,,Dried Cuttlefish,Solid,Frozen Food,Spicy,,salt_derived_from_sodium
all_categories_combined,2576,1,Chuangyi Original Dried Shredded Squid 70g,CHUANGYI ORIGINAL DRIED SHREDDED SQUID,Pack size : 70g,Average Nutritional Value As Per 30g,PER_30G_SCALED,300,1255.2,33.3333,36.6667,33.3333,0,,,0,1.8,4.5,,Shredded Squid,Solid,Food,,,salt_derived_from_sodium
all_categories_combined,10,1,Chupa Chups Big Babol Strawberry Soft Bubble Gum 27g (6 Pieces),CHUPA CHUPS BIG BABOL STRAWBERRY SOFT BUBBLE GUM,Pack size : 27g (6 Pieces),Average Nutritional Value As Per 100g,PER_100G,309,1313,0,77.1,59.6,0,,,,0,0,,Bubble Gum,Solid,Food,Strawberry,,salt_derived_from_sodium
all_categories_combined,15,1,Chupa Chups Sour Bites Mixed Fruit Jelly Candy 85.5g,CHUPA CHUPS SOUR BITES MIXED FRUIT JELLY CANDY,Pack size : 85.5g,Average Nutritional Value As Per 100g,PER_100G,104,362,0.8,24,17,0.5,,,0,0.05,0.125,,Jelly Candy,Solid,Food,Mixed Fruit,,salt_derived_from_sodium
all_categories_combined,1,1,Chupa Chups Sour Bites Mixed Fruit Sour Candy Belt 10g,CHUPA CHUPS SOUR BITES MIXED FRUIT SOUR CANDY BELT,Pack size : 10g,Average Nutritional Value As Per 100g,PER_100G,104,362,0.8,24,17,0.5,,,0,0.05,0.125,,Sour Candy Belt,Solid,Food,Mixed Fruit,,salt_derived_from_sodium
all_categories_combined,4039,1,Chupa Chups Sour Mini Tubes Gummies 85.5g,CHUPA CHUPS SOUR MINI TUBES GUMMIES,Pack size : 85.5g,Average Nutritional Value As Per 100g,PER_100G,362,1514.61,1.5,84.1,40,1.85,,,0.5,0.04,0.1,,Gummies,Solid,Food,,,salt_derived_from_sodium
all_categories_combined,3696,1,Chupa Chups Strawberry Love Lollipop 120g,CHUPA CHUPS STRAWBERRY LOVE LOLLIPOP,Pack size : 120g,Average Nutritional Value As Per 100g,PER_100G,385,1636,0,94,82,0.3,,,,0.06,0.15,,Lollipop,Solid,Food,Strawberry,,sodium_derived_from_salt
all_categories_combined,4,1,Chupa Chups Strawberry Melody Pops Lollipop 15g,CHUPA CHUPS STRAWBERRY MELODY POPS LOLLIPOP,Pack size : 15g,Average Nutritional Value As Per 100g,PER_100G,386,1615.02,0,94,76,0,,,0,0.008,0.02,,Lollipop,Solid,Food,Strawberry,,salt_derived_from_sodium
all_categories_combined,652,1,Cil Aromatic Long Grain Sindano Fragrant Rice 2Kg,CIL AROMATIC LONG GRAIN SINDANO FRAGRANT RICE,Pack size : 2kg,,ASSUMED_PER_100G,65,,329,100,0.12,,,,,,,,Food,,8.19g,1375kJ,Solid,assumed_per_100g_missing_portion|missing_sodium|missing_total_fat
all_categories_combined,690,1,CIL Long Grain Blended Rice 1Kg,CIL LONG GRAIN BLENDED RICE,Pack size : 1kg,Average Nutritional Value As Per 45g,PER_45G_SCALED,360,1486.67,6.66667,77.7778,2.22222,,,,,,,,Blended Rice,Solid,Food,,,missing_sodium|missing_total_fat
all_categories_combined,629,1,CIL Long Grain Blended White Rice 2Kg,CIL LONG GRAIN BLENDED WHITE RICE,Pack size : 2kg,,ASSUMED_PER_100G,35,,160,45,1,,,,,,,,Food,,3g,669kJ,Solid,assumed_per_100g_missing_portion|missing_sodium|missing_total_fat
all_categories_combined,631,1,CIL Pishori Brown Rice 1kg.,CIL PISHORI BROWN RICE,Pack size : 1kg,,ASSUMED_PER_100G,23,0.4,111,100,1.8,0.005,,,,,,,Food,,2.6g,464kJ,Solid,assumed_per_100g_missing_portion|missing_sodium
all_categories_combined,563,1,Cil Rice Pishori 5Kg,CIL RICE PISHORI,Pack size : 5Kg,,ASSUMED_PER_100G,77.7,0.5,351,100,1,,,,,,,,Food,,7.8g,1491kJ,Solid,assumed_per_100g_missing_portion|missing_sodium|missing_total_fat
all_categories_combined,2263,1,Cirio Napoletana Pasta Sauce 420g,CIRIO NAPOLETANA PASTA SAUCE,Pack size : 420g,Average Nutritional Value As Per 125g,PER_125G_SCALED,64,267.76,1.6,9.6,5.6,2.4,,,1.6,0.416,1.04,,Sauce,Paste,Food,,,salt_derived_from_sodium
all_categories_combined,2346,1,Cirio Passata Rustica Crushed Tomatoes 680g,CIRIO PASSATA RUSTICA CRUSHED TOMATOES,Pack size : 680g,Average Nutritional Value As Per 100g,PER_100G,32,133.8,1,5,4,,,,1,0.02,0.05,,Crushed Tomatoes,Paste,Food,Tomato,,missing_total_fat|salt_derived_from_sodium
all_categories_combined,2292,1,CIRIO PASTA SAUCE ARRABBIATA 420G,CIRIO PASTA SAUCE ARRABBIATA,Pack size : 420g,Average Nutritional Value As Per 100g,PER_100G,69,289,1.4,10.1,5.4,2.1,,,0.9,0.36,0.9,,Pasta Sauce,Paste,Food,,,sodium_derived_from_salt
all_categories_combined,2391,1,CIRIO PESTO SAUCE PREMIUM 190G,CIRIO PESTO SAUCE PREMIUM,Pack size : 190g,Average Nutritional Value As Per 100g,PER_100G,411,1696,4.1,6.4,1.9,41,,,,0.48,1.2,,Pasta Sauce,Paste,Food,,,sodium_derived_from_salt
all_categories_combined,2426,1,Cirio Pizza Sauce 400G,CIRIO PIZZA SAUCE,Pack size : 400g,Average Nutritional Value As Per 100g,PER_100G,57,237,1.6,6.3,6.3,2.3,,,2.5,0.36,0.9,,Sauce,Paste,Food,,,
all_categories_combined,4360,1,CKL Candy Kenya Old English Toffee 80 Pieces,CKL CANDY KENYA OLD ENGLISH TOFFEE,Pack size : 80 Pieces,Average Nutritional Value As Per 36g,PER_36G_SCALED,527.778,2208.22,8.33333,61.1111,58.3333,30.5556,,,1.38889,0.152778,0.381944,,Old English Toffee,Solid,Food,,,salt_derived_from_sodium
all_categories_combined,4435,1,CKL Candy Kenya Orange Twist Candy 80 Pieces,CKL CANDY KENYA ORANGE TWIST CANDY,Pack size : 80 Pieces,Average Nutritional Value As Per 100g,PER_100G,385,1610.84,0.75,95,,0.15,,,5.1,0.001,0.0025,,Orange Twist Candy,Solid,Food,,,missing_sugar|salt_derived_from_sodium
all_categories_combined,12,1,CKL Kenya Candy Sweety Sweety Lollipop 50 Pieces,CKL KENYA CANDY SWEETY SWEETY LOLLIPOP,Pack size : 50 Pieces,Average Nutritional Value As Per 100g,PER_100G,147,615,,39,25.16,0.08,,,,,,,Lollipop,Solid,Food,,,missing_sodium
all_categories_combined,3075,1,CKL Kenya Mint Twist Candy 80 Pieces,CKL KENYA MINT TWIST CANDY,Pack size : 80 Pieces,Average Nutritional Value As Per 100g,PER_100G,60,251,0.1,14,12,1.1,,,0,0,0,,Candy,Solid,Food,Mint,,salt_derived_from_sodium
all_categories_combined,4436,1,CKL Kenya Pan Masala Candy 80 Pieces,CKL KENYA PAN MASALA CANDY,Pack size : 80 Pieces,Average Nutritional Value As Per 100g,PER_100G,402,1681.96,1.18,95,95,1.55,,,0,0.172,0.43,,Candy,Solid,Food,Pan Masala,,salt_derived_from_sodium
all_categories_combined,25,1,CKL Kenya Sweety Lollipops XXL x 50 Pieces,CKL KENYA SWEETY LOLLIPOPS XXL X,Pack size : XXL x 50 Pieces,Average Nutritional Value As Per 100g,PER_100G,147,615,0,39,25.16,0.08,,,0,0,0,,Lollipops,Solid,Food,,,salt_derived_from_sodium
all_categories_combined,4438,1,CKL Pipi Butter Candy 350g,CKL PIPI BUTTER CANDY,Pack size : 350g,Average Nutritional Value As Per 100g,PER_100G,535,2238.44,8,59,52,30,,,3.4,0.079,0.1975,,Candy,Solid,Food,Butter,,salt_derived_from_sodium
all_categories_combined,230,1,Clovers Bright Golden Food Colour Powder 10g,CLOVERS BRIGHT GOLDEN FOOD COLOUR POWDER,Pack size : 10g,Average Nutritional Value As Per 100g,PER_100G,0,0,0,0,0,0,,,0,0,0,,Food Colour Powder,Powder,Food,,,salt_derived_from_sodium
all_categories_combined,461,1,Clovers Caster Sugar 500g,CLOVERS CASTER SUGAR,Pack size : 500g,Average Nutritional Value As Per 100g,PER_100G,400,1673.6,,100,100,,,,,,,,Caster Sugar,Solid,Food,,,missing_sodium|missing_total_fat
all_categories_combined,4662|4672|4681,3,Clovers Chocolate Drinking Powder 100G,CLOVERS CHOCOLATE DRINKING POWDER,Pack size : 100g,Average Nutritional Value As Per 100g,PER_100G,362,1514.61,6.95,82.22,,3.67,,,,,,,Drinking Powder,Powder,Food,Chocolate,,missing_sodium|missing_sugar
all_categories_combined,211,1,Clovers Chocolate Essence 50ml,CLOVERS CHOCOLATE ESSENCE,Pack size : 50ml,Average Nutritional Value As Per 29g,PER_29G_SCALED,344.828,1441.38,79.3103,6.89655,,,,,3.44828,0.62069,1.55172,,Essence,Liquid,Food,Chocolate,,missing_sugar|missing_total_fat|salt_derived_from_sodium
all_categories_combined,4683,1,Clovers Cocoa Powder Jar 100G,CLOVERS COCOA POWDER JAR,Pack size : 100g,Average Nutritional Value As Per 100g,PER_100G,228,953.952,20,58,1.8,14,,,33,0.021,0.0525,,Powder,Powder,Food,,,salt_derived_from_sodium
all_categories_combined,4664|4677|4679,3,Clovers Cocoa Powder Sachets 50G,CLOVERS COCOA POWDER SACHETS,Pack size : 50g,Average Nutritional Value As Per 100g,PER_100G,228,953.952,20,58,1.8,14,,,33,0.021,0.0525,,Powder,Powder,Food,,,salt_derived_from_sodium
all_categories_combined,1021|1024|1031,3,Clovers Cordial Lime Juice 1.5L,CLOVERS CORDIAL LIME JUICE,Pack size : 1.5L,Average Nutritional Value As Per 25ml,PER_25ML_SCALED,84,348,,16,4,,,,,0,0,,Lime Juice,Liquid,Beverage,Lime,,missing_total_fat|salt_derived_from_sodium
all_categories_combined,443,1,Clovers Corn Flour 440G,CLOVERS CORN FLOUR,Pack size : 440g,Average Nutritional Value As Per 100g,PER_100G,357.2,1493,0.88,88.42,,0.01,,,,1.4e-05,3.5e-05,,Corn Flour,Powder,Food,,,missing_sugar|salt_derived_from_sodium
all_categories_combined,4659,1,Clovers Drinking Chocolate Powder 50G,CLOVERS DRINKING CHOCOLATE POWDER,Pack size : 50g,Average Nutritional Value As Per 100g,PER_100G,362,1514,6.95,82.22,,3.67,,,,,,,Chocolate Powder,Powder,Food,,,missing_sodium|missing_sugar
all_categories_combined,462,1,Clovers Extra Fine Icing Sugar 500g,CLOVERS EXTRA FINE ICING SUGAR,Pack size : 500g,Average Nutritional Value As Per 100g,PER_100G,400,1700,,100,100,,,,,,,,Icing Sugar,Powder,Food,,,missing_sodium|missing_total_fat
all_categories_combined,215|216,2,Clovers Food Colour Powder Bright Red 10g,CLOVERS FOOD COLOUR POWDER BRIGHT RED,Pack size : 10g,Average Nutritional Value As Per 100g,PER_100G,295,1234,20,46,,11,,,,,,,Food Colour,Powder,Food,,,missing_sodium|missing_sugar
all_categories_combined,229,1,Clovers Food Colour Powder Egg Yellow 10g,CLOVERS FOOD COLOUR POWDER EGG YELLOW,Pack size : 10g,Average Nutritional Value As Per 100g,PER_100G,268,1121,,66,47,,,,,,,,Food Colour,Powder,Food,,,missing_sodium|missing_total_fat
all_categories_combined,2226,1,Clovers Gravy Browning 700ml,CLOVERS GRAVY BROWNING,Pack size : 700ml,Average Nutritional Value As Per 100g,PER_100G,53,222,3.75,4.81,0.21,2.36,,,0.4,0.56,1.4,,Gravy Browning,Liquid,Food,,,sodium_derived_from_salt
all_categories_combined,1138|1186|1201,3,Clovers Hot Sweet Sauce 400G,CLOVERS HOT SWEET SAUCE,Pack size : 400g,Average Nutritional Value As Per 100g,PER_100G,154,644.336,0.5,38,37.4,0,,,1,1.0207,2.55175,,Sauce,Paste,Food,,,salt_derived_from_sodium
all_categories_combined,456,1,Clovers Icing Sugar 500g,CLOVERS ICING SUGAR,Pack size : 500g,Average Nutritional Value As Per 100g,PER_100G,389,1627.58,0,100,98,0,,,0,0.002,0.005,,Icing Sugar,Solid,Food,,,salt_derived_from_sodium
all_categories_combined,329|333,2,Clovers Jelly Crystal Lemon Dessert Mix 85g,CLOVERS JELLY CRYSTAL LEMON DESSERT MIX,Pack size : 85g,Average Nutritional Value As Per 100g,PER_100G,97,405.848,2,21,,,,,,0.011,0.0275,,Dessert Mix,Powder,Food,Lemon,,missing_sugar|missing_total_fat|salt_derived_from_sodium
all_categories_combined,328|331,2,Clovers Jelly Crystal Orange Dessert Mix 85g,CLOVERS JELLY CRYSTAL ORANGE DESSERT MIX,Pack size : 85g,Average Nutritional Value As Per 100g,PER_100G,80,334.72,2,19,19,,,,,0.08,0.2,,Dessert Mix,Powder,Food,Orange,,missing_total_fat|salt_derived_from_sodium
all_categories_combined,330|332,2,Clovers Jelly Crystal Pineapple Dessert Mix 85g,CLOVERS JELLY CRYSTAL PINEAPPLE DESSERT MIX,Pack size : 85g,Average Nutritional Value As Per 100g,PER_100G,95,397.48,,23,22,,,,,,,,Dessert Mix,Powder,Food,Pineapple,,missing_sodium|missing_total_fat
all_categories_combined,327|334,2,Clovers Jelly Crystal Strawberry Dessert Mix 400g,CLOVERS JELLY CRYSTAL STRAWBERRY DESSERT MIX,Pack size : 400g,Average Nutritional Value As Per 100g,PER_100G,80,334.72,,20,20,,,,,0.02,0.05,,Dessert Mix,Powder,Food,Strawberry,,missing_total_fat|salt_derived_from_sodium
all_categories_combined,479|480,2,Clovers Molasses Brown Sugar 1Kg,CLOVERS MOLASSES BROWN SUGAR,Pack size : 1Kg,Average Nutritional Value As Per 10g,PER_10G_SCALED,380,1589.92,,90,90,,,,,,,,Brown Sugar,Solid,Food,,,missing_sodium|missing_total_fat
all_categories_combined,198,1,Clovers Orange Essence 50ml,CLOVERS ORANGE ESSENCE,Pack size : 50ml,Average Nutritional Value As Per 40g,PER_40G_SCALED,250,1045,2.5,65,37.5,,,,7.5,,,,Essence,Liquid,Food,Orange,,missing_sodium|missing_total_fat
all_categories_combined,223,1,Clovers Pineapple Essence 50ml,CLOVERS PINEAPPLE ESSENCE,Pack size : 50ml,Average Nutritional Value As Per 10g,PER_10G_SCALED,100,140,,20,10,,,,,,,,Essence,Liquid,Food,Pineapple,,missing_sodium|missing_total_fat
all_categories_combined,487|4652,2,Clovers Pure Glucose 90g,CLOVERS PURE GLUCOSE,Pack size : 90g,Average Nutritional Value As Per 100g,PER_100G,360,1506.24,0,90,0,0,,,,,,,Glucose,Powder,Food,,,missing_sodium
all_categories_combined,486,1,Clovers Pure Glucose Instant Energy Drink Powder 250g,CLOVERS PURE GLUCOSE INSTANT ENERGY DRINK POWDER,Pack size : 250g,Average Nutritional Value As Per 100g,PER_100G,370,1550,1,91,90,,,,,0.01,0.025,,Instant Energy Drink Powder,Powder,Food,,,missing_total_fat|salt_derived_from_sodium
all_categories_combined,1402|1411|1418|1420|1425|1426,6,Clovers Tomato Sauce 1Kg,CLOVERS TOMATO SAUCE,Pack size : 1Kg,Average Nutritional Value As Per 100g,PER_100G,20,83.68,0.2,5,4.8,0.2,,,0.1,0.136,0.34,,Sauce,Paste,Food,,,salt_derived_from_sodium
all_categories_combined,21,1,Clown Candy Kenya Big Boll XXL Fruit Lollipops 50 Pieces,CLOWN CANDY KENYA BIG BOLL XXL FRUIT LOLLIPOPS,Pack size : 50 Pieces,Average Nutritional Value As Per 100g,PER_100G,388,1648,1.3,96,83,7,,,,0.07,0.175,,Lollipops,Solid,Food,,,salt_derived_from_sodium
all_categories_combined,4361,1,Clown Candy Kenya C.K.L Toffee 80 Pieces,CLOWN CANDY KENYA C K L TOFFEE,Pack size : 80 Pieces,Average Nutritional Value As Per 100g,PER_100G,560,2343.04,,65,63,33,,,0,0.135,0.3375,,Toffee,Solid,Food,,,salt_derived_from_sodium
all_categories_combined,3083,1,Clown Candy Kenya Fruit Twist Candy 80 Pieces,CLOWN CANDY KENYA FRUIT TWIST CANDY,Pack size : 80 Pieces,Average Nutritional Value As Per 100g,PER_100G,402.51,1684.1,0.18,95.96,95.96,1.55,,,0,0.17279,0.431975,,Candy,Solid,Food,,,salt_derived_from_sodium
all_categories_combined,3071,1,Clown Candy Kenya Fruit Yoghurt Toffee 80 Pieces,CLOWN CANDY KENYA FRUIT YOGHURT TOFFEE,Pack size : 80 Pieces,Average Nutritional Value As Per 100g,PER_100G,58,242.672,4,9,8,,,,,0.18,0.45,,Toffee,Solid,Food,"Fruit, Yogurt",,missing_total_fat|salt_derived_from_sodium
all_categories_combined,19,1,Clown Candy Kenya Milkees Milk Lollipop 50 Pieces,CLOWN CANDY KENYA MILKEES MILK LOLLIPOP,Pack size : 50 Pieces,Average Nutritional Value As Per 100g,PER_100G,344,1439.3,,86,73,,,,,,,,Lollipop,Solid,Food,Milk,,missing_sodium|missing_total_fat
all_categories_combined,11,1,Clown Candy Kenya Milky Milk Lollipop 50 Pieces,CLOWN CANDY KENYA MILKY MILK LOLLIPOP,Pack size : 50 Pieces,Average Nutritional Value As Per 100g,PER_100G,454,1899.54,1.3,96,62,7,,,,,,,Lollipop,Solid,Food,,,missing_sodium
all_categories_combined,3070,1,Clown Candy Kenya Mint Plus Candy 100g,CLOWN CANDY KENYA MINT PLUS CANDY,Pack size : 100g,Average Nutritional Value As Per 12g,PER_12G_SCALED,300,1258.33,0,75,58.3333,8.33333,,,0,0.0333333,0.0833333,,Candy,Solid,Food,Mint,,salt_derived_from_sodium
all_categories_combined,13|14,2,Clown Kenya Mr Painter Lollipops 50 Pieces,CLOWN KENYA MR PAINTER LOLLIPOPS,Pack size : 50 Pieces,Average Nutritional Value As Per 100g,PER_100G,560,2343.04,0,65,63,33,,,0,0.135,0.3375,,Lollipops,Solid,Food,,,salt_derived_from_sodium
all_categories_combined,24,1,Clown Kenya Mr Painter Lollipops XXL x 50 Pieces,CLOWN KENYA MR PAINTER LOLLIPOPS XXL X,Pack size : XXL x 50 Pieces,Average Nutritional Value As Per 100g,PER_100G,560,2343.04,0,65,63,33,,,0,0.135,0.3375,,Lollipops,Solid,Food,,,salt_derived_from_sodium
all_categories_combined,4428,1,Clown Kenya Pipi Miziwa Candy 80 Pieces,CLOWN KENYA PIPI MIZIWA CANDY,Pack size : 80 Pieces,Average Nutritional Value As Per 100g,PER_100G,384,1606.66,0,95.71,75.9,0.01,,,0,0.027,0.0675,,Candy,Solid,Food,,,salt_derived_from_sodium
all_categories_combined,967,1,Club Apple Juice 1.25L,CLUB APPLE JUICE,Pack size : 1.25L,Average Nutritional Value As Per 236ml,PER_236ML_SCALED,46.6102,194.915,,11.8644,,,,,,0.0148305,0.0370763,,Apple Juice,Liquid,Beverage,Apple,,missing_sugar|missing_total_fat|salt_derived_from_sodium
all_categories_combined,958|964,2,Club Blackcurrant Soda 2L,CLUB BLACKCURRANT SODA,Pack size : 2L,Average Nutritional Value As Per 28ml,PER_28ML_SCALED,0,0,,,,,,,,0.025,0.0625,,Soda,Liquid,Beverage,Blackcurrant.,,missing_sugar|missing_total_fat|salt_derived_from_sodium
all_categories_combined,1058,1,Club Cola Drink 350Ml,CLUB COLA DRINK,Pack size : 350ml,Average Nutritional Value As Per 100ml,PER_100ML,42,175,,10,10,,,,,0,0,,Drink,Liquid,Beverage,,,missing_total_fat|salt_derived_from_sodium
all_categories_combined,1060|1062|1064,3,Club Cola Soda 1.25L,CLUB COLA SODA,Pack size : 1.25L,Average Nutritional Value As Per 250ml,PER_250ML_SCALED,32,133.6,,3.2,,,,,,0,0,,Soda,Liquid,Beverage,,,missing_sugar|missing_total_fat|salt_derived_from_sodium
all_categories_combined,1018|1025|1028,3,Club Lemon And Lime Soda 2L,CLUB LEMON AND LIME SODA,Pack size : 2L,Average Nutritional Value As Per 250ml,PER_250ML_SCALED,36.8,153.6,,8.8,,0.4,,,,0,0,,Soda,Liquid,Beverage,"Lemon, Lime",,missing_sugar|salt_derived_from_sodium
all_categories_combined,1029,1,Club Lemon Lime Drink 350Ml,CLUB LEMON LIME DRINK,Pack size : 350ml,Average Nutritional Value As Per 330ml,PER_330ML_SCALED,50.9091,212.727,,3.63636,12.4242,,,,,0,0,,Lime Drink,Liquid,Beverage,"Lemon, Lime",,missing_total_fat|salt_derived_from_sodium
all_categories_combined,975,1,Club Orange Juice 350Ml,CLUB ORANGE JUICE,Pack size : 350ml,Average Nutritional Value As Per 236ml,PER_236ML_SCALED,46.6102,194.915,0.847458,11.4407,10.1695,,,,,0.00635593,0.0158898,,Orange Juice,Liquid,Beverage,Orange,,missing_total_fat|salt_derived_from_sodium
all_categories_combined,966|977,2,Club Orange Soda 2L,CLUB ORANGE SODA,Pack size : 2L,Average Nutritional Value As Per 100ml,PER_100ML,58,242,,14,14,,,,,0,0,,Orange Soda,Liquid,Beverage,Orange,,missing_total_fat|salt_derived_from_sodium
all_categories_combined,1054|1056,2,Coca Cola Drink 350Ml,COCA COLA DRINK,Pack size : 350ml,Average Nutritional Value As Per 250ml,PER_250ML_SCALED,42.8,178.8,,10.8,10.8,,,,,0.01,0.025,,Drink,Liquid,Beverage,,,missing_total_fat|salt_derived_from_sodium
all_categories_combined,1057,1,Coca Cola No Sugar Drink 500Ml,COCA COLA NO SUGAR DRINK,Pack size : 500ml,Average Nutritional Value As Per 1.75ml,PER_1.75ML_SCALED,400,1657.14,,,,,,,,0,0,,Drink,Liquid,Beverage,,,missing_sugar|missing_total_fat|salt_derived_from_sodium
all_categories_combined,1050,1,Coca Cola Pet 2L,COCA COLA PET,Pack size : 2L,Average Nutritional Value As Per 250ml,PER_250ML_SCALED,42.8,178.8,,10.8,10.8,,,,,0.01,0.025,,Drink,Liquid,Beverage,,,missing_total_fat|salt_derived_from_sodium
all_categories_combined,1053,1,Coca Cola Soda 1.25L,COCA COLA SODA,Pack size : 4,Average Nutritional Value As Per 250ml,PER_250ML_SCALED,42.8,178.8,,10.8,10.8,,,,,0.01,0.025,,Drink,Liquid,Beverage,,,missing_total_fat|salt_derived_from_sodium
all_categories_combined,943,1,Coca Cola Soda Assorted 2L X Pack Of 4,COCA COLA SODA ASSORTED X PACK OF 4,Pack size : 4,Average Nutritional Value As Per 200ml,PER_200ML_SCALED,27.5,115,,6.5,,,,,,0,0,,Drink,Liquid,Beverage,,,missing_sugar|missing_total_fat|salt_derived_from_sodium
all_categories_combined,1052,1,Coca Cola Zero Can 330Ml,COCA COLA ZERO CAN,Pack size : 330ml,Average Nutritional Value As Per 1.75ml,PER_1.75ML_SCALED,400,1657.14,,,,,,,,0,0,,Drink,Liquid,Beverage,,,missing_sugar|missing_total_fat|salt_derived_from_sodium
all_categories_combined,48,1,COCOA BISCUIT WITH COCOA CREAM 39G,COCOA BISCUIT WITH COCOA CREAM,,,ASSUMED_PER_100G,25,14,185,39,0,0.094,,,,,,,Food,Cocoa,2g,774.04kJ,Solid,assumed_per_100g_missing_portion|missing_sodium
all_categories_combined,4657,1,Cocoa Primo Rich Cocoa Powder 20G,COCOA PRIMO RICH COCOA POWDER,Pack size : 20g,Average Nutritional Value As Per 100g,PER_100G,333,1393,6.89,50.9,,11.45,,,,,,,Cocoa Powder,Powder,Food,Cocoa,,missing_sodium|missing_sugar
all_categories_combined,3386,1,COCON GUMMY MANGO 100G,COCON GUMMY MANGO,Pack size : 100g,Average Nutritional Value As Per 6g,PER_6G_SCALED,350,1483.33,1,83.3333,86.6667,0,,,,,,,Gummy Candy,Jelly,Food,Mango,,missing_sodium
all_categories_combined,3388,1,COCON GUMMY ORANGE 100G,COCON GUMMY ORANGE,Pack size : 100g,Average Nutritional Value As Per 100g,PER_100G,355,1485,1,87.7,77.5,0,,,,,,,Gummy Candy,Solid,Food,Orange,,missing_sodium
all_categories_combined,3387,1,COCON GUMMY STRAWBERRY 100G,COCON GUMMY STRAWBERRY,Pack size : 100g,Average Nutritional Value As Per 100g,PER_100G,355,1485,1,87.7,77.5,0,,,,,,,Gummy Candy,Solid,Food,Strawberry,,missing_sodium
all_categories_combined,4038|4049,2,Cocon Lychee Jelly 300g,COCON LYCHEE JELLY,Pack size : 300g,Average Nutritional Value As Per 100g,PER_100G,15,62.76,0,3,3,0,,,0,0,0,,Jelly,Solid,Food,Lychee,,salt_derived_from_sodium
all_categories_combined,1706,1,Coffee Break 2 In 1 Sugar Free Instant Coffee Mix 12g,COFFEE BREAK 2 IN 1 SUGAR FREE INSTANT COFFEE MIX,Pack size : 12g,Average Nutritional Value As Per 100g,PER_100G,63,263.592,1,7,,3.8,,,,0.06,0.15,,Instant Coffee Mix,Powder,Food,,,missing_sugar|salt_derived_from_sodium
all_categories_combined,1705,1,COFFEE BREAK 2IN1 INST. COFFE12GX12,COFFEE BREAK 2IN1 INST COFFE12GX12,Pack size : 12g x 12 Sachet,Average Nutritional Value As Per 12g,PER_12G_SCALED,525,2196.6,,50,,16.6667,,,,,,,Coffee Mix,Powder,Food,,,missing_sodium|missing_sugar
all_categories_combined,1737,1,Coffee Break 3 In 1 High Instant Coffee Mix 18g,COFFEE BREAK 3 IN 1 HIGH INSTANT COFFEE MIX,Pack size : 18g,Average Nutritional Value As Per 100g,PER_100G,79.3,332,0.5,13.9,8.26,2.9,,,,2e-05,5e-05,,Instant Coffee Mix,Powder,Food,,,salt_derived_from_sodium
all_categories_combined,1695,1,Coffee Break 3 In 1 Instant Coffee Mix 18g x Pack of 12,COFFEE BREAK 3 IN 1 INSTANT COFFEE MIX X PACK OF 12,Pack size : 18g x Pack of 12,Average Nutritional Value As Per 100g,PER_100G,79.3,332,0.5,13.9,8.26,2.9,,,,2e-05,5e-05,,Instant Coffee Mix,Powder,Food,,,salt_derived_from_sodium
all_categories_combined,1697,1,Coffee Break Cappuccino Original Instant Coffee 18. 5g,COFFEE BREAK CAPPUCCINO ORIGINAL INSTANT COFFEE 18,Pack size : 18.5g,Average Nutritional Value As Per 18g,PER_18G_SCALED,483.333,2022.27,,72.2222,,11.1111,,,,,,,Instant Coffee,Powder,Food,,,missing_sodium|missing_sugar
all_categories_combined,1698,1,Coffee Break Hazelnut Cappuccino Instant Coffee Mix 18.5g,COFFEE BREAK HAZELNUT CAPPUCCINO INSTANT COFFEE MIX,Pack size : 18.5g,Average Nutritional Value As Per 18.5g,PER_18.5G_SCALED,410.811,1718.83,5.40541,70.2703,,5.40541,,,,,,,Instant Coffee Mix,Powder,Food,Hazelnut,,missing_sodium|missing_sugar
all_categories_combined,1694,1,COFFEE BREAK INST CAPU HAZE18.5GX10,COFFEE BREAK INST CAPU HAZE18 5GX10,Pack size : 18.5g x 10 Sachet,Average Nutritional Value As Per 18.5g,PER_18.5G_SCALED,410.811,1718.83,5.40541,70.2703,,5.40541,,,,,,,Instant Coffee,Powder,Food,Hazelnut,,missing_sodium|missing_sugar
all_categories_combined,1736,1,COFFEE BREAK INST CAPU MOCH18.5GX10,COFFEE BREAK INST CAPU MOCH18 5GX10,Pack size : 18.5g x 10 Sachet,Average Nutritional Value As Per 18.5g,PER_18.5G_SCALED,416.216,1741.45,5.40541,70.2703,,5.40541,,,,,,,Instant Coffee,Powder,Food,Mocha,,missing_sodium|missing_sugar
all_categories_combined,1689,1,COFFEE BREAK INST CAPU. ORIG18.5X10,COFFEE BREAK INST CAPU ORIG18,Pack size : 18.5g x 10 Sachet,Average Nutritional Value As Per 18g,PER_18G_SCALED,483.333,2022.27,,72.2222,,11.1111,,,,,,,Instant Coffee,Powder,Food,,,missing_sodium|missing_sugar
all_categories_combined,1730,1,COFFEE BREAK INST CAPU VAN18.5GX10,COFFEE BREAK INST CAPU VAN18 5GX10,Pack size : 18.5g x 10 Sachet,Average Nutritional Value As Per 12.5g,PER_12.5G_SCALED,392,1640.13,,56,,8,,,,,,,Instant Coffee,Powder,Food,Vanilla,,missing_sodium|missing_sugar
all_categories_combined,1659|1660|1661,3,Coffee Break Instant Coffee 50G,COFFEE BREAK INSTANT COFFEE,Pack size : 50G,Average Nutritional Value As Per 100g,PER_100G,297,1250,23.2,39.1,0.6,0.2,,,23.8,0.0835,0.20875,,Instant Coffee Mix,Powder,Food,,,salt_derived_from_sodium
all_categories_combined,1732,1,Coffee Break Mocha Cappuccino Instant Coffee Mix 18.5g,COFFEE BREAK MOCHA CAPPUCCINO INSTANT COFFEE MIX,Pack size : 18.5g,Average Nutritional Value As Per 18.5g,PER_18.5G_SCALED,402.162,1705.24,10.8108,67.5676,,8.10811,,,,0.313514,0.783784,,Instant Coffee Mix,Powder,Food,,,missing_sugar|salt_derived_from_sodium
all_categories_combined,1699,1,Coffee Break Vanilla Cappuccino Instant Coffee Mix 18.5g,COFFEE BREAK VANILLA CAPPUCCINO INSTANT COFFEE MIX,Pack size : 18.5g,Average Nutritional Value As Per 100g,PER_100G,412,1722.16,9.68,77.9,54.9,6.86,,,0.68,0.381,0.9525,,Instant Coffee Mix,Powder,Food,Vanilla,,salt_derived_from_sodium
all_categories_combined,1051,1,Coke Zero 2L Pet,COKE ZERO PET,Pack size : 2 liters,Average Nutritional Value As Per 1.75ml,PER_1.75ML_SCALED,400,1657.14,,,,,,,,0,0,,Drink,Liquid,Beverage,,,missing_sugar|missing_total_fat|salt_derived_from_sodium
all_categories_combined,3399,1,COLFRESH GUM SPEARMNT SUGARFREE 50G,COLFRESH GUM SPEARMNT SUGARFREE,Pack size : 50g,Average Nutritional Value As Per 100g,PER_100G,168,703,0,70,,0,,,,,,,Chewing Gum,Solid,Food,Spearmint,,missing_sodium|missing_sugar
all_categories_combined,2705,1,Colmans Mustard Powder Dsf 57G,COLMANS MUSTARD POWDER DSF,Pack size : 57g,Average Nutritional Value As Per 100g,PER_100G,560,2323,29,12,6.9,42,,,,0.008,0.02,,Mustard Powder,Powder,Food,,,sodium_derived_from_salt
all_categories_combined,4423,1,Confini Cherry Berry Delight Sour Belts Candy 75g,CONFINI CHERRY BERRY DELIGHT SOUR BELTS CANDY,Pack size : 75g,Average Nutritional Value As Per 100g,PER_100G,330,1380.72,5,76,63,0,,,0,0,0,,Belts Candy,Solid,Food,Sour Cherry,,salt_derived_from_sodium
all_categories_combined,4422,1,Confini Classic Black Licorice Plain Belts Candy 75g,CONFINI CLASSIC BLACK LICORICE PLAIN BELTS CANDY,Pack size : 75g,Average Nutritional Value As Per 100g,PER_100G,339,1418.38,4.4,55,62.2,0,,,0,0,0,,Belts Candy,Solid,Food,,,salt_derived_from_sodium
all_categories_combined,3082,1,Confini Strawberry Belts Licorice Candy 75g,CONFINI STRAWBERRY BELTS LICORICE CANDY,Pack size : 75g,Average Nutritional Value As Per 30g,PER_30G_SCALED,360,1506.24,3.33333,75.6667,56.6667,,,,,,,,Licorice Candy,Solid,Food,Strawberry,,missing_sodium|missing_total_fat
all_categories_combined,3561,1,Core Lemon And Lime Blend Juice 300Ml,CORE LEMON AND LIME BLEND JUICE,Pack size : 300ml,Average Nutritional Value As Per 100ml,PER_100ML,144,602,2.3,22.3,14.8,0.3,,,0.3,0.0012,0.003,,Juice,Liquid,Beverage,Lemon,,salt_derived_from_sodium
all_categories_combined,3502,1,Core Lemon Juice 300Ml,CORE LEMON JUICE,Pack size : 300ml,Average Nutritional Value As Per 100ml,PER_100ML,19.85,41,,4.88,3.2,,,,,,,,Juice,Liquid,Beverages,Lemon,,missing_sodium|missing_total_fat
all_categories_combined,3514,1,Core Lemonade Fruit Juice 500Ml,CORE LEMONADE FRUIT JUICE,Pack size : 500ml,Average Nutritional Value As Per 100ml,PER_100ML,48,200.832,,12,11.7,,,,,,,,Fruit Juice,Liquid,Beverages,Lemonade,,missing_sodium|missing_total_fat
all_categories_combined,2771,1,Crazy Candy Factory Machine Mini Jelly Bean 55g,CRAZY CANDY FACTORY MACHINE MINI JELLY BEAN,Pack size : 55g,Average Nutritional Value As Per 100g,PER_100G,384,1632,0,96,65,0,,,,0,0,,Jelly Bean,Jelly,Food,,,sodium_derived_from_salt
all_categories_combined,2772,1,Crazy Candy Factory Submarine Dip And Lick Candy 19g,CRAZY CANDY FACTORY SUBMARINE DIP AND LICK CANDY,Pack size : 19g,Average Nutritional Value As Per 100g,PER_100G,370,1547,0,91,80,0,,,0,,,,Candy,Solid,Food,,,missing_sodium
all_categories_combined,2770,1,Crazy Candy Factory Unicorn Light Pop Lollipop 11g,CRAZY CANDY FACTORY UNICORN LIGHT POP LOLLIPOP,Pack size : 11g,Average Nutritional Value As Per 100g,PER_100G,392,1666,0,98,88,0,,,,0,0,,Lollipop,Solid,Food,,,sodium_derived_from_salt
all_categories_combined,4079|4155,2,Cribaz Salted Potato Chips 45G,CRIBAZ SALTED POTATO CHIPS,Pack size : 45G,Average Nutritional Value As Per 200g,PER_200G_SCALED,77,322.168,2,18,1,,,,,2.9125,7.28125,,Potato Chips,Solid,Food,Salted,,missing_total_fat|salt_derived_from_sodium
all_categories_combined,4078,1,Cribaz Tomato Potato Chips 45G,CRIBAZ TOMATO POTATO CHIPS,Pack size : 45G,Average Nutritional Value As Per 30g,PER_30G_SCALED,600,2510.4,6.66667,46.6667,3.33333,43.3333,,,,0.7,1.75,,Potato Chips,Solid,Food,Tomato,,salt_derived_from_sodium
all_categories_combined,3218,1,Crunch Milk Block 100G,CRUNCH MILK BLOCK,Pack size : 100g,Average Nutritional Value As Per 100g,PER_100G,513,2146.39,6.5,62.4,50.4,25.8,,,,0.14,0.35,,Chocolate Block,Solid,Food,Milk Chocolate,,sodium_derived_from_salt
all_categories_combined,151,1,Crunchy Peanut Butter Sugar Free 400g,CRUNCHY PEANUT BUTTER SUGAR FREE,Pack size : 400g,Average Nutritional Value As Per 100g,PER_100G,625,2615,30,18,3,49,,,6,0.025,0.0625,,Peanut Butter,Paste,Food,,,salt_derived_from_sodium
all_categories_combined,1110,1,Crying Thaiger Sriracha Hot Chilli Sauce 484g,CRYING THAIGER SRIRACHA HOT CHILLI SAUCE,Pack size : 484g,Average Nutritional Value As Per 100g,PER_100G,103,430.952,0.8,22,16,0.7,,,2.7,1.8,4.5,,Chilli Sauce,Paste,Food,,,sodium_derived_from_salt
all_categories_combined,4398,1,Cupido Mint Chocolate Sticks 125G,CUPIDO MINT CHOCOLATE STICKS,Pack size : 125g,Average Nutritional Value As Per 100g,PER_100G,519,2171,2.7,62,60,20,,,,,,,Chocolate Sticks,Solid,Food,Mint,,missing_sodium
all_categories_combined,561|681,2,Daawat Basmati Rice 5Kg,DAAWAT BASMATI RICE,Pack size : 5Kg,Average Nutritional Value As Per 100g,PER_100G,365,1527,7.1,80,,0.7,,,1.8,0.00054,0.00135,,Rice,Solid,Food,,,missing_sugar|salt_derived_from_sodium
all_categories_combined,653|711|809,3,Daawat Deli Basmati Rice 1kg,DAAWAT DELI BASMATI RICE,Pack size : 1kg,Average Nutritional Value As Per 100g,PER_100G,356,1489.5,8,76,0,1,,,0,0,0,,Rice,Solid,Food,,,salt_derived_from_sodium
all_categories_combined,881,1,Daawat Long Grain Rice 5Kg,DAAWAT LONG GRAIN RICE,Pack size : 5Kg,Average Nutritional Value As Per 158g,PER_158G_SCALED,129.747,542.405,2.72152,28.481,0.0632911,0.253165,,,0.379747,0.00101266,0.00253165,,Rice,Solid,Food,,,salt_derived_from_sodium
all_categories_combined,870,1,Daawat Parboiled Rice 2Kg,DAAWAT PARBOILED RICE,Pack size : 2Kg,Average Nutritional Value As Per 100g,PER_100G,347,1451,9,78,,1,,,,,,,Rice,Solid,Food,,,missing_sodium|missing_sugar
all_categories_combined,742,1,Daawat Royal Basmati Rice 2Kg,DAAWAT ROYAL BASMATI RICE,Pack size : 2Kg,Average Nutritional Value As Per 100g,PER_100G,348,1456,8.2,78,,0.5,,,1.8,0.00075,0.001875,,Rice,Solid,Food,,,missing_sugar|salt_derived_from_sodium
all_categories_combined,589|648,2,Daawat Spaghetti Blue Label 400G,DAAWAT SPAGHETTI BLUE LABEL,Pack size : 400g,Average Nutritional Value As Per 100g,PER_100G,354,1481.14,11,73,3,1,,,2,0.001,0.0025,,Spaghetti,Solid,Food,,,salt_derived_from_sodium
all_categories_combined,567,1,Daawat Traditional Basmati Rice 2Kg,DAAWAT TRADITIONAL BASMATI RICE,Pack size : 2Kg,Average Nutritional Value As Per 100g,PER_100G,350,1464,8.8,78,,,,,1.8,0.0017,0.00425,,Rice,Solid,Food,,,missing_sugar|missing_total_fat|salt_derived_from_sodium
all_categories_combined,164,1,Dairyland Almond And Raisin Chocolate Bar 40G,DAIRYLAND ALMOND AND RAISIN CHOCOLATE BAR,Pack size : 40g,Average Nutritional Value As Per 100g,PER_100G,513,2146.39,10,44.8,41.4,33.6,,,,0.095,0.2375,,Chocolate Bar,Solid,Food,"Almond, Raisin",,salt_derived_from_sodium
all_categories_combined,4013|4014,2,Dairyland Chocolate Spread 250g,DAIRYLAND CHOCOLATE SPREAD,Pack size : 250g,Average Nutritional Value As Per 100g,PER_100G,549,2294.82,6.4,52.6,51.6,34.2,,,2.9,0.05,0.125,,Spread,Paste,Frozen,Chocolate,,salt_derived_from_sodium
all_categories_combined,316,1,Dairyland Dark Compound Chocolate Bar 500g,DAIRYLAND DARK COMPOUND CHOCOLATE BAR,Pack size : 500g,Average Nutritional Value As Per 100g,PER_100G,565,2363.96,3,50,45,37,,,,0.049,0.1225,,Chocolate Bar,Solid,Food,,,salt_derived_from_sodium
all_categories_combined,161,1,Dairyland Dark Milk Chocolate Bar 40G,DAIRYLAND DARK MILK CHOCOLATE BAR,Pack size : 40g,Average Nutritional Value As Per 100g,PER_100G,574,2401.62,6.7,54.6,48.5,36.5,,,,0.065,0.1625,,Chocolate Bar,Solid,Food,Cocoa,,salt_derived_from_sodium
all_categories_combined,3179,1,Dairyland Dip A Chocolate Dip Biscuit Snack 56G,DAIRYLAND DIP A CHOCOLATE DIP BISCUIT SNACK,Pack size : 56g,Average Nutritional Value As Per 100g,PER_100G,912.6,3817.6,11.59,111.3,105.63,,,,,0.05954,0.14885,,Biscuit Snack,,Food,Chocolate,,missing_total_fat|salt_derived_from_sodium
all_categories_combined,155,1,Dairyland Hazelnut Chocolate Bar 40G,DAIRYLAND HAZELNUT CHOCOLATE BAR,Pack size : 40g,Average Nutritional Value As Per 100g,PER_100G,375,1569,22.5,45,27.5,17.5,,,15,0.2,0.5,,Chocolate Bar,Solid,Food,Hazelnut,,salt_derived_from_sodium
all_categories_combined,317,1,Dairyland Milk Compound Chocolate Bar 500g,DAIRYLAND MILK COMPOUND CHOCOLATE BAR,Pack size : 500g,Average Nutritional Value As Per 100g,PER_100G,170,711.28,9,26,26,2,,,,,,,Chocolate Bar,Solid,Food,,,missing_sodium
all_categories_combined,156,1,Dairyland Milk With Cookies Chocolate Bar 40G,DAIRYLAND MILK WITH COOKIES CHOCOLATE BAR,Pack size : 40g,Average Nutritional Value As Per 26g,PER_26G_SCALED,576.923,2413.85,7.69231,50,38.4615,38.4615,,,3.84615,0.115385,0.288462,,Chocolate Bar,Solid,Food,Cocoa,,salt_derived_from_sodium
all_categories_combined,170,1,Dairyland Orange Crunch Chocolate 80G,DAIRYLAND ORANGE CRUNCH CHOCOLATE,Pack size : 80g,Average Nutritional Value As Per 100g,PER_100G,531,2211,6.9,46,44,34,,,,8e-06,0.02,,Chocolate,Solid,Food,Orange,,
all_categories_combined,157,1,Dairyland Orange Crunch Chocolate Bar 40G,DAIRYLAND ORANGE CRUNCH CHOCOLATE BAR,Pack size : 40g,Average Nutritional Value As Per 100g,PER_100G,558,2328,5.6,53.5,51.4,35.3,,,2.3,0.06,0.15,,Chocolate Bar,Solid,Food,Orange,,sodium_derived_from_salt
all_categories_combined,3168,1,Dairyland Real Milk Chocolate 20G,DAIRYLAND REAL MILK CHOCOLATE,Pack size : 20g,Average Nutritional Value As Per 100g,PER_100G,531,2221,3.1,57.3,56,23,,,,,,,Milk Chocolate,Solid,Food,,,missing_sodium
all_categories_combined,162,1,Dairyland Real Milk Chocolate Bar 40G,DAIRYLAND REAL MILK CHOCOLATE BAR,Pack size : 40g,Average Nutritional Value As Per 100g,PER_100G,523,2188.23,8.1,60.5,57.3,28.9,,,2.1,0.156,0.39,,Chocolate Bar,Solid,Food,Cocoa,,salt_derived_from_sodium
all_categories_combined,4283,1,Dairyland Real White Chocolate 20G,DAIRYLAND REAL WHITE CHOCOLATE,Pack size : 20g,Average Nutritional Value As Per 50g,PER_50G_SCALED,560,2343.04,10,52,50,32,,,0,0.104,0.26,,Chocolate,Solid,Food,,,salt_derived_from_sodium
all_categories_combined,160|163,2,Dairyland Salted Caramel Chocolate Bar 40G,DAIRYLAND SALTED CARAMEL CHOCOLATE BAR,Pack size : 40g,Average Nutritional Value As Per 100g,PER_100G,483,2023,4.8,62,48,24,,,1.3,0.16,0.4,,Chocolate Bar,Solid,Food,Salted Caramel,,sodium_derived_from_salt
all_categories_combined,318,1,Dairyland White Compound Chocolate Bar 500g,DAIRYLAND WHITE COMPOUND CHOCOLATE BAR,Pack size : 500g,Average Nutritional Value As Per 100g,PER_100G,328,1372.35,1,40,40,40,,,,0.006,0.015,,Chocolate Bar,Solid,Food,,,salt_derived_from_sodium
all_categories_combined,158|159,2,Dairyland White With Cookies Chocolate Bar 40G,DAIRYLAND WHITE WITH COOKIES CHOCOLATE BAR,Pack size : 40g,Average Nutritional Value As Per 100g,PER_100G,538,2250.99,12,50,48,32,,,,0.146,0.365,,Chocolate Bar,Solid,Food,Cocoa,,salt_derived_from_sodium
all_categories_combined,524|526,2,Dasani Still Water 1L,DASANI STILL WATER,Pack size : 1L,Average Nutritional Value As Per 355ml,PER_355ML_SCALED,0,0,,,,,,,,0.00704225,0.0176056,,Water,Liquid,Beverage,,,missing_sugar|missing_total_fat|salt_derived_from_sodium
all_categories_combined,551,1,Dash British Lemon Sparkling Water 330ml,DASH BRITISH LEMON SPARKLING WATER,Pack size : 330Ml,Average Nutritional Value As Per 100g,PER_100G,2,8,0,0.5,0,0,,,,0,0,,Sparkling Water,Liquid,Food,Lemon,,sodium_derived_from_salt
all_categories_combined,3106,1,DE Bron Less Calories Bears Jelly 90g,DE BRON LESS CALORIES BEARS JELLY,Pack size : 90g,Average Nutritional Value As Per 100g,PER_100G,201,841,6.1,73,0,0.2,,,,0.08,0.2,,Bears Jelly,Jelly,Food,,,sodium_derived_from_salt
all_categories_combined,3109,1,De Bron Sugar Free Caribbean Mix Candy 90g,DE BRON SUGAR FREE CARIBBEAN MIX CANDY,Pack size : 90g,Average Nutritional Value As Per 100g,PER_100G,292,213,0.5,83.2,0.2,10,,,,0.088,0.22,,Candy,Solid,Food,Caribbean,,sodium_derived_from_salt
all_categories_combined,2308,1,De Cecco Alla Arrabbiata Sauce 400G,DE CECCO ALLA ARRABBIATA SAUCE,Pack size : 400g,Average Nutritional Value As Per 100g,PER_100G,60,251.04,1.6,6.4,5.6,2.8,,,1.3,0.344,0.86,,Arrabbiata Sauce,Paste,Food,,,sodium_derived_from_salt
all_categories_combined,2285,1,De Cecco Alla Siciliana Sauce 400G,DE CECCO ALLA SICILIANA SAUCE,Pack size : 400g,Average Nutritional Value As Per 100g,PER_100G,59,245,1.3,5.2,4.2,3.1,,,2.6,0.384,0.96,,Siciliana Sauce,Paste,Food,,,sodium_derived_from_salt
all_categories_combined,2262,1,De Cecco Classic Creamy Tomato Passata 700G,DE CECCO CLASSIC CREAMY TOMATO PASSATA,Pack size : 700g,Average Nutritional Value As Per 100g,PER_100G,31,129,1.5,5.1,4.5,0.1,,,1.6,0.2,0.5,,Tomato Passata,Paste,Food,,,sodium_derived_from_salt
all_categories_combined,940,1,De Cecco Fettuccelle No. 6 Pasta 500g,DE CECCO FETTUCCELLE NO 6 PASTA,Pack size : 500g,Average Nutritional Value As Per 100g,PER_100G,352,1472.77,14,69.2,3.4,1.5,,,4e-05,,,,Pasta,Solid,Food,,,missing_sodium
all_categories_combined,682,1,De Cecco Fusilli Pasta 500g,DE CECCO FUSILLI PASTA,Pack size : 500g,Average Nutritional Value As Per 100g,PER_100G,351,1468.58,14,69,3,1,,,,,,,Pasta,Solid,Food,,,missing_sodium
all_categories_combined,788,1,De Cecco Integrale Linguine Pasta 500g,DE CECCO INTEGRALE LINGUINE PASTA,Pack size : 500g,Average Nutritional Value As Per 100g,PER_100G,343,1453,15,61,2.4,2.5,,,,,,,Pasta,Solid,Food,,,missing_sodium
all_categories_combined,878,1,De Cecco Linguine Pasta 500g,DE CECCO LINGUINE PASTA,Pack size : 500g,Average Nutritional Value As Per 100g,PER_100G,351,1468.58,14,69,3,1,,,,,,,Pasta,Solid,Food,,,missing_sodium
all_categories_combined,704,1,De Cecco No.12 Spaghetti 500g,DE CECCO NO 12 SPAGHETTI,Pack size : 500g,Average Nutritional Value As Per 100g,PER_100G,351,1468.58,14,69,3.4,1.5,,,2.9,,,,Spaghetti,Solid,Food,,,missing_sodium
all_categories_combined,745,1,De Cecco No.23 Tortiglioni Pasta 500g,DE CECCO NO 23 TORTIGLIONI PASTA,Pack size : 500g,Average Nutritional Value As Per 100g,PER_100G,358,1497.87,14,72,3,1,,,,,,,Pasta,Solid,Food,,,missing_sodium
all_categories_combined,1503,1,DE NIGRIS B/WHITE WINE VINEGAR500ML,DE NIGRIS B WHITE WINE VINEGAR500ML,Pack size : 500ml,Average Nutritional Value As Per 100g,PER_100G,19,80,,0.2,,,,,,0.004,0.01,,Vinegar,Liquid,Food,,,missing_sugar|missing_total_fat|sodium_derived_from_salt
all_categories_combined,1522,1,De Nigris Modena Balsamic Vinegar 500ml,DE NIGRIS MODENA BALSAMIC VINEGAR,Pack size : 500ml,Average Nutritional Value As Per 100ml,PER_100ML,88,368.19,0.5,17,15,,,,,0.023,0.0575,,Vinegar,Liquid,Food,,,missing_total_fat|salt_derived_from_sodium
all_categories_combined,1526,1,De Nigris Organic Apple Cider Vinegar 1L,DE NIGRIS ORGANIC APPLE CIDER VINEGAR,Pack size : 1L,Average Nutritional Value As Per 100ml,PER_100ML,70,292.88,,0.3,0.1,,,,,,,,Vinegar,Liquid,Food,,,missing_sodium|missing_total_fat
all_categories_combined,1524,1,De Nigris Original Classic Glaze Balsamic Vinegar 250g,DE NIGRIS ORIGINAL CLASSIC GLAZE BALSAMIC VINEGAR,Pack size : 250g,Average Nutritional Value As Per 100g,PER_100G,88,368.19,0.5,17,15,,,,,0.023,0.0575,,Vinegar,Liquid,Food,,,missing_total_fat|salt_derived_from_sodium
all_categories_combined,3107,1,DEBRON CANDY FRUIT-TOFFEE S/FREE90G,DEBRON CANDY FRUIT TOFFEE S FREE90G,Pack size : 90g,Average Nutritional Value As Per 100g,PER_100G,294,1230.1,0.5,83,0.5,10,,,,,,,Toffee,Solid,Food,,,missing_sodium
all_categories_combined,3108,1,DEBRON CANDY SWT LICORICE S/FRE100G,DEBRON CANDY SWT LICORICE S FRE100G,Pack size : 100g,Average Nutritional Value As Per 100g,PER_100G,239,1002,0.4,85.1,0.3,0.2,,,,0.04,0.1,,Candy,Solid,Food,,,sodium_derived_from_salt
all_categories_combined,3546,1,Del Monte Cranberry Apple 1L,DEL MONTE CRANBERRY APPLE,Pack size : 1L,Average Nutritional Value As Per 200ml,PER_200ML_SCALED,45,188.28,,14,14,,,,,,,,Juice,Liquid,Beverage,"Cranberry, Apple",,missing_sodium|missing_total_fat
all_categories_combined,3437,1,Del Monte Juice Blend Mango 1L,DEL MONTE JUICE BLEND MANGO,Pack size : 1L,Average Nutritional Value As Per 200ml,PER_200ML_SCALED,63,263.592,,15,15,,,,,,,,Juice,Liquid,Beverage,Mango,,missing_sodium|missing_total_fat
all_categories_combined,3418,1,Del Monte Juice Blend Mixed Berry1L,DEL MONTE JUICE BLEND MIXED BERRY1L,Pack size : 1L,Average Nutritional Value As Per 200ml,PER_200ML_SCALED,51,213.384,,12,12,0.5,,,,,,,Juice,Liquid,Beverage,Berry,,missing_sodium
all_categories_combined,3471,1,Del Monte Juice Blend Orange 1L,DEL MONTE JUICE BLEND ORANGE,Pack size : 1L,Average Nutritional Value As Per 100ml,PER_100ML,56,234.304,,13,13,,,,,,,,Juice,Liquid,Beverage,Orange,,missing_sodium|missing_total_fat
all_categories_combined,3428,1,Del Monte Juice Blend Passion 1L,DEL MONTE JUICE BLEND PASSION,Pack size : 1L,Average Nutritional Value As Per 200ml,PER_200ML_SCALED,62,259.408,,14.5,14.5,,,,,,,,Juice,Liquid,Beverage,Passion Fruit,,missing_sodium|missing_total_fat
all_categories_combined,3440,1,Del Monte Juice Blend Pineapple Mango 1L,DEL MONTE JUICE BLEND PINEAPPLE MANGO,Pack size : 1L,Average Nutritional Value As Per 100ml,PER_100ML,52,217.568,,12,4,,,,,,,,Juice,Liquid,Beverage,"Pineapple, Mango",,missing_sodium|missing_total_fat
all_categories_combined,3424,1,Del Monte Orange Juice 1L,DEL MONTE ORANGE JUICE,Pack size : 1L,Average Nutritional Value As Per 240ml,PER_240ML_SCALED,45.8333,191.767,,12.0833,12.0833,,,,,0.00416667,0.0104167,,Juice,Liquid,Beverage,Orange,,missing_total_fat|salt_derived_from_sodium
all_categories_combined,3494,1,Del Monte Pineapple And Passion Blended Juice 1L,DEL MONTE PINEAPPLE AND PASSION BLENDED JUICE,Pack size : 1L,Average Nutritional Value As Per 200ml,PER_200ML_SCALED,62,259.408,,14.5,14.5,,,,,,,,Juice,Liquid,Beverage,"Passion Fruit, Pineapple",,missing_sodium|missing_total_fat
all_categories_combined,3438,1,Del Monte Pineapple Blend Juice 1L,DEL MONTE PINEAPPLE BLEND JUICE,Pack size : 1L,Average Nutritional Value As Per 225ml,PER_225ML_SCALED,48.8889,204.551,,12,11.1111,,,,,0.00666667,0.0166667,,Juice,Liquid,Beverage,Pineapple,,missing_total_fat|salt_derived_from_sodium
all_categories_combined,3427,1,Del Monte Pineapple Gold Juice 1L,DEL MONTE PINEAPPLE GOLD JUICE,Pack size : 1L,Average Nutritional Value As Per 100ml,PER_100ML,51,219,0.3,12.1,12.1,,,,,,,,Pineapple Juice,Liquid,Beverage,Pineapple,,missing_sodium|missing_total_fat
all_categories_combined,3537,1,Del Monte Pineapple Juice 250Ml,DEL MONTE PINEAPPLE JUICE,Pack size : 250ml,Average Nutritional Value As Per 100ml,PER_100ML,53,242,0.1,13.6,13.3,0.13,,,0.21,0.00209,0.005225,,Pineapple Juice,Liquid,Beverage,Pineapple,,salt_derived_from_sodium
all_categories_combined,3549,1,Del Monte Pineapple Mango 250Ml,DEL MONTE PINEAPPLE MANGO,Pack size : 250ml,Average Nutritional Value As Per 100ml,PER_100ML,58,2474,0.3,14,14,,,,,,,,Fruit Juice,Liquid,Beverage,"Pineapple, Mango",,missing_sodium|missing_total_fat
all_categories_combined,3560,1,Del Monte Pineapple Orange 250Ml,DEL MONTE PINEAPPLE ORANGE,Pack size : 250ml,Average Nutritional Value As Per 100ml,PER_100ML,47,196.648,0.1,11.9,11.8,,,,,,,,Fruit Juice,Liquid,Beverage,"Pineapple, Orange",,missing_sodium|missing_total_fat
all_categories_combined,3441,1,Del Monte Pineapple Orange Juice Blend 1L,DEL MONTE PINEAPPLE ORANGE JUICE BLEND,Pack size : 1L,Average Nutritional Value As Per 240ml,PER_240ML_SCALED,54.1667,226.633,,14.1667,4.16667,,,,,0.00416667,0.0104167,,Juice,Liquid,Beverage,"Pineapple, Orange",,missing_total_fat|salt_derived_from_sodium
all_categories_combined,3538,1,Del Monte Pineapple Passion 250Ml,DEL MONTE PINEAPPLE PASSION,Pack size : 250ml,Average Nutritional Value As Per 100ml,PER_100ML,20,83.68,0.1,3,3,,,,,,,,Fruit Juice,Liquid,Beverage,"Pineapple, Passion Fruit",,missing_sodium|missing_total_fat
all_categories_combined,3556,1,Del Monte Pure Apple Juice 250Ml,DEL MONTE PURE APPLE JUICE,Pack size : 250ml,Average Nutritional Value As Per 100ml,PER_100ML,45,188.28,0.1,11.4,10.8,,,,,,,,Apple Juice,Liquid,Beverage,Apple,,missing_sodium|missing_total_fat
all_categories_combined,3543,1,Del Monte Tropical Fruit 250Ml,DEL MONTE TROPICAL FRUIT,Pack size : 250ml,Average Nutritional Value As Per 100ml,PER_100ML,57,240,0.2,13.4,13.4,,,,,,,,Tropical Juice,Liquid,Beverage,,,missing_sodium|missing_total_fat
all_categories_combined,2977|3006,2,Depy's Fried Peanuts 200g,DEPY S FRIED PEANUTS,Pack size : 200g,Average Nutritional Value As Per 25g,PER_25G_SCALED,600,2510.4,24,12,,48,,,,0.832,2.08,,Fried Peanuts,Solid,Food,,,missing_sugar|salt_derived_from_sodium
all_categories_combined,2929|2950,2,Depy's Nuts Chevda 50g,DEPY S NUTS CHEVDA,Pack size : 50g,Average Nutritional value As Per 100g,PER_100G,512,5142,8,55.5,15,28.62,,,1.3,0.78,1.95,,Chevda,Solid,Food,,,salt_derived_from_sodium
all_categories_combined,2933,1,Depy's Sugar Free Nuts Chevda 100g,DEPY S SUGAR FREE NUTS CHEVDA,Pack size : 100g,Average Nutritional value As Per 100g,PER_100G,512,5142,8,55.5,,28.62,,,1.3,0.78,1.95,,Chevda,Solid,Food,,,missing_sugar|salt_derived_from_sodium
all_categories_combined,4060|4104|4138,3,Depys Cheese And Onion Potato Crisps 30G,DEPYS CHEESE AND ONION POTATO CRISPS,Pack size : 30g,Average Nutritional Value As Per 100g,PER_100G,584,2292.83,4,44,,42,,,4,,,,Potato Crisps,Solid,Food,"Cheese, Onion",,missing_sodium|missing_sugar
all_categories_combined,4090,1,Depys Foil Tomato Potato Crisps 35G,DEPYS FOIL TOMATO POTATO CRISPS,Pack size : 35g,Average Nutritional Value As Per 20g,PER_20G_SCALED,300,1255.2,10,30,10,15,,,5,1.4,3.5,,Potato Crisps,Solid,Food,Tomato,,salt_derived_from_sodium
all_categories_combined,4185,1,Depys Matoke Crisps 100g,DEPYS MATOKE CRISPS,Pack size : 100g,Average Nutritional Value As Per 450g,PER_450G_SCALED,104,435.136,1.11111,26.8889,12.6667,0.222222,,,2,0.00422222,0.0105556,,Crisps,Solid,Food,,,salt_derived_from_sodium
all_categories_combined,4122,1,Depys Salt And Vinegar Potato Crisps 50G,DEPYS SALT AND VINEGAR POTATO CRISPS,Pack size : 50g,Average Nutritional Value As Per 45g,PER_45G_SCALED,531.111,2222.16,4.44444,48.8889,2.22222,31.1111,,,4.44444,0.795556,22.2222,,Potato Crisps,Solid,Food,"Salt, Vinegar",,
all_categories_combined,4061|4101|4125|4172,4,Depys Salted Potato Crisps 30G,DEPYS SALTED POTATO CRISPS,Pack size : 30g,Average Nutritional Value As Per 100g,PER_100G,470,1966.48,6,63,,20,,,,0.001,8,,Potato Crisps,Solid,Food,Salted,,missing_sugar
all_categories_combined,4123|4146,2,Depys Tomato Potato Crisps 50G,DEPYS TOMATO POTATO CRISPS,Pack size : 50g,Average Nutritional Value As Per 20g,PER_20G_SCALED,300,1255.2,10,30,10,15,,,5,1.4,3.5,,Potato Crisps,Solid,Food,Tomato,,salt_derived_from_sodium
all_categories_combined,2696,1,Desi Treat Italian Soya Tikka 800G,DESI TREAT ITALIAN SOYA TIKKA,,,ASSUMED_PER_100G,120,,13,11,2,1.5,,,3,0.26,0.65,,,,,,,assumed_per_100g_missing_portion|salt_derived_from_sodium
all_categories_combined,2669,1,Desi Treat Peri Peri Soya Tikka 800G,DESI TREAT PERI PERI SOYA TIKKA,,Nutritional information as per 100g,PER_100G,120,,13,11,11,1.5,,,3,0.26,0.65,,,,,,,salt_derived_from_sodium
all_categories_combined,2643,1,Desiam Chilli Pineapple Thai Dipping Sauce 250ml,DESIAM CHILLI PINEAPPLE THAI DIPPING SAUCE,Pack size : 250ml,Average Nutritional Value As Per 100ml,PER_100ML,180,752,0.2,43.6,41.4,0.4,,,0.9,1.2,3,,Sauce,Paste,Food,Chilli Pineapple,,sodium_derived_from_salt
all_categories_combined,2239,1,Desiam Thai Green Curry Paste 200g,DESIAM THAI GREEN CURRY PASTE,Pack size : 200g,Average Nutritional Value As Per 100g,PER_100G,131,550,2.8,9.2,5.3,7.8,,,7,4.48,11.2,,Curry Paste,Paste,Food,,,sodium_derived_from_salt
all_categories_combined,2662,1,Desiam Thai Seasoning Oyster Sauce 200ml,DESIAM THAI SEASONING OYSTER SAUCE,Pack size : 200ml,Average Nutritional Value As Per 100ml,PER_100ML,152,637,4.4,32.9,28,0.1,,,,6,15,,Sauce,Paste,Food,,,sodium_derived_from_salt
all_categories_combined,2217,1,Desiam Yellow Thai Curry Paste 200g,DESIAM YELLOW THAI CURRY PASTE,Pack size : 200g,Average Nutritional Value As Per 100g,PER_100G,283,1182,5,15,5.3,21,,,8.7,4.48,11.2,,Curry Paste,Paste,Food,Curry,,sodium_derived_from_salt
all_categories_combined,4291,1,Diablo Sugar Free Strawberry And Cream Sweets Candy 75g,DIABLO SUGAR FREE STRAWBERRY AND CREAM SWEETS CANDY,Pack size : 75g,Average Nutritional Value As Per 100g,PER_100G,292,1222,0.1,86.9,0.5,9.1,,,,0.224,0.56,,Candy,Solid,Food,Strawberry,,sodium_derived_from_salt
all_categories_combined,3086,1,Docile Canudinho Tutti Frutti Candy 70g,DOCILE CANUDINHO TUTTI FRUTTI CANDY,Pack size : 70g,,ASSUMED_PER_100G,50,0,344,100,0,0,,,,,,,Food,,2g,1376kJ,Solid,assumed_per_100g_missing_portion|missing_sodium
all_categories_combined,419,1,Dola Chapati Flour 2Kg,DOLA CHAPATI FLOUR,Pack size : 2Kg,Average Nutritional Value As Per 100g,PER_100G,333,1393.27,13,73,,1,,,,,,,Chapati Flour,Powder,Food,,,missing_sodium|missing_sugar
all_categories_combined,427,1,Dola Gold Superior Maize Flour 1Kg,DOLA GOLD SUPERIOR MAIZE FLOUR,Pack size : 1Kg,Average Nutritional Value As Per 100g,PER_100G,370,1548.08,7,79,1.6,1.8,,,,0.007,0.0175,,Maize Flour,Powder,Food,,,salt_derived_from_sodium
all_categories_combined,444,1,Dola Maize Meal 1Kg,DOLA MAIZE MEAL,Pack size : 1Kg,Average Nutritional Value As Per 100g,PER_100G,361,1510,7,77,1,4,,,7.3,0.005,0.0125,,Maize Flour,Powder,Food,,,salt_derived_from_sodium
all_categories_combined,2597,1,Dong Po Sesame Oil 220ml,DONG PO SESAME OIL,Pack size : 220ml,Average Nutritional Value As Per 100g,PER_100G,884,3698.66,0,0,0,100,,,0,0,0,,Sesame Oil,Liquid,Food,,,salt_derived_from_sodium
all_categories_combined,1683,1,Dormans 3-In-1 Irish Cream Coffee Mix 18g,DORMANS 3 IN 1 IRISH CREAM COFFEE MIX,Pack size : 18g,Average Nutritional Value As Per 100g,PER_100G,82,350,15,4.5,,0.5,,,,,,,Coffee Mix,Solid,Food,,,missing_sodium|missing_sugar
all_categories_combined,1676,1,Dormans 3In1 Irish Cream Coffee Mix 18g x Pack of 12,DORMANS 3IN1 IRISH CREAM COFFEE MIX X PACK OF 12,Pack size : 18g x Pack of 12,Average Nutritional Value As Per 100g,PER_100G,82,350,15,4.5,,0.5,,,,,,,Coffee Mix,Solid,Food,,,missing_sodium|missing_sugar
all_categories_combined,1631,1,Dormans AA Blue Mountain Kenya Coffee Beans 375G,DORMANS AA BLUE MOUNTAIN KENYA COFFEE BEANS,Pack size : 375g,Average Nutritional Value As Per 100g,PER_100G,2.4,10.0416,0.3,0,0,0.1,,,0,0.0047,0.01175,,Coffee Beans,Solid,Food,,,salt_derived_from_sodium
all_categories_combined,1634,1,Dormans Arabica Medium Coffee Beans 375g,DORMANS ARABICA MEDIUM COFFEE BEANS,Pack size : 375g,Average Nutritional Value As Per 100g,PER_100G,2.4,10.0416,0.3,0,0,0.1,,,0,0.0047,0.01175,,Coffee Beans,Solid,Food,,,salt_derived_from_sodium
all_categories_combined,1635,1,Dormans Arabica Medium Roast Dark Coffee Beans 375g,DORMANS ARABICA MEDIUM ROAST DARK COFFEE BEANS,Pack size : 375g,Average Nutritional Value As Per 226g,PER_226G_SCALED,0.884956,3.53982,0,0,0,0,,,0,0.00176991,0.00442478,,Coffee Beans,Solid,Food,,,salt_derived_from_sodium
all_categories_combined,1610,1,Dormans Arabica Rich Traditional Kenya Coffee 375g,DORMANS ARABICA RICH TRADITIONAL KENYA COFFEE,Pack size : 375g,Average Nutritional Value As Per 100g,PER_100G,2,8.36,0.5,0.1,0.1,0.1,,,0.7,1e-05,2.5e-05,,Coffee,Powder,Food,,,salt_derived_from_sodium
all_categories_combined,1646,1,Dormans Breakfast Dark Chocolate Coffee Beans 375g,DORMANS BREAKFAST DARK CHOCOLATE COFFEE BEANS,Pack size : 375g,Average Nutritional Value As Per 100g,PER_100G,2.4,10.0416,0.3,0,0,0.1,,,0,0.0047,0.01175,,Coffee Beans,Solid,Food,,,salt_derived_from_sodium
all_categories_combined,1655,1,Dormans Breakfast Medium Coffee Beans 375g,DORMANS BREAKFAST MEDIUM COFFEE BEANS,Pack size : 375g,Average Nutritional Value As Per 100g,PER_100G,2.4,10.0416,0.3,0,0,0.1,,,0,0.0047,0.01175,,Coffee Beans,Solid,Food,,,salt_derived_from_sodium
all_categories_combined,1693,1,Dormans Classic 3-In-1 Coffee Mix 18g,DORMANS CLASSIC 3 IN 1 COFFEE MIX,Pack size : 18g,Average Nutritional Value As Per 100g,PER_100G,363,1519,22.5,68.2,39.4,,,,23.8,,,,Coffee Mix,Solid,Food,,,missing_sodium|missing_total_fat
all_categories_combined,1715,1,Dormans Classic 3In 1 Instant Coffee Mix 18g x Pack of 12,DORMANS CLASSIC 3IN 1 INSTANT COFFEE MIX X PACK OF 12,Pack size : 18g x Pack of 12,Average Nutritional Value As Per 100g,PER_100G,304,1276,22.6,40.2,0.5,0.5,,,23.7,0.03655,0.091375,,Instant Coffee Mix,Powder,Food,,,salt_derived_from_sodium
all_categories_combined,1568,1,Dormans Continental Dark Fine 375g,DORMANS CONTINENTAL DARK FINE,Pack size : 375g,Average Nutritional Value As Per 100g,PER_100G,2.4,10.0416,,0,0,0,,,,0.0047,0.01175,,Grounded coffee,solid,food,coffee,,salt_derived_from_sodium
all_categories_combined,1723,1,Dormans Creamer Coffee Stick 4g x 36 Pieces,DORMANS CREAMER COFFEE STICK X,Pack size : 4g x 36 Pieces,Average Nutritional Value As Per 100g,PER_100G,82,350,15,4.5,,0.5,,,,,,,Coffee Stick,Solid,Food,,,missing_sodium|missing_sugar
all_categories_combined,1696,1,Dormans Creamer Stick 4G X Pack Of 36,DORMANS CREAMER STICK X PACK OF 36,Pack size : 4g,Average Nutritional Value As Per 100g,PER_100G,15,62.76,0,1,0,1,,,0,0,0,,Creamer Stick,Powder,Food,,,salt_derived_from_sodium
all_categories_combined,1751,1,Dormans Decaf Coffee Capsules 5g x 25 Pieces,DORMANS DECAF COFFEE CAPSULES X,Pack size : 125g,Average Nutritional Value As Per 100g,PER_100G,2.4,10.0416,0.3,0,0,0,,,0,0.0047,0.01175,,Coffee capsule,solid,Food,coffee,,salt_derived_from_sodium
all_categories_combined,1675,1,Dormans Decaf Instant Coffee 100g,DORMANS DECAF INSTANT COFFEE,Pack size : 100g,Average Nutritional Value As Per 2g,PER_2G_SCALED,50,209.2,5,15,,,,,,0.2,0.5,,Instant Coffee,Powder,Food,,,missing_sugar|missing_total_fat|salt_derived_from_sodium
all_categories_combined,1569,1,Dormans Decaffeinated Fine Grind Dark Roast Coffee 375g,DORMANS DECAFFEINATED FINE GRIND DARK ROAST COFFEE,Pack size : 375g,Average Nutritional Value As Per 100g,PER_100G,2,8,0,0,0,0,,,0,0.004,0.01,,ground coffee,solid,Food,coffee,,salt_derived_from_sodium
all_categories_combined,1561,1,Dormans Decaffeinated Medium Grind Dark Roast Coffee 375g,DORMANS DECAFFEINATED MEDIUM GRIND DARK ROAST COFFEE,Pack size : 375g,Average Nutritional Value As Per 100g,PER_100G,2,8,0,0,0,0,,,,0.004,0.01,,ground coffee,solid,Food,coffee,,salt_derived_from_sodium
all_categories_combined,1626,1,Dormans Decaffeinated Medium Ground Dark Coffee Beans 375g,DORMANS DECAFFEINATED MEDIUM GROUND DARK COFFEE BEANS,Pack size : 375g,Average Nutritional Value As Per 226g,PER_226G_SCALED,0.884956,3.53982,0,0,0,0,,,0,0.00176991,0.00442478,,Coffee Beans,Solid,Food,,,salt_derived_from_sodium
all_categories_combined,1752,1,Dormans Espresso Capsules 5Gx25,DORMANS ESPRESSO CAPSULES 5GX25,Pack size : 5G X 25,Average Nutritional Value As Per 100g,PER_100G,2.4,10.0416,0.3,0,0,0.1,,,0,0.0047,0.01175,,Coffee Capsules,Solid,Food,,,salt_derived_from_sodium
all_categories_combined,1573,1,Dormans Espresso Intense And Bold Dark And Medium Kenya Coffee 375g,DORMANS ESPRESSO INTENSE AND BOLD DARK AND MEDIUM KENYA COFFEE,Pack size : 375g,Average Nutritional Value As Per 100g,PER_100G,2,8.36,0.5,0.1,0.1,0.1,,,0.7,1e-05,2.5e-05,,Coffee,Powder,Food,,,salt_derived_from_sodium
all_categories_combined,1633,1,Dormans Espresso Intense And Bold Kenya Coffee Beans 375g,DORMANS ESPRESSO INTENSE AND BOLD KENYA COFFEE BEANS,Pack size : 375g,Average Nutritional Value As Per 100g,PER_100G,2.4,10.0416,0.3,0,0,0.1,,,0,0.0047,0.01175,,Coffee Beans,Solid,Food,,,salt_derived_from_sodium
all_categories_combined,1713,1,Dormans Fine Instant Coffee 1.6Gx36,DORMANS FINE INSTANT COFFEE 1 6GX36,Pack size : 1.6G X 36,Average Nutritional Value As Per 100g,PER_100G,297,1250,23.2,39.1,0.6,0.2,,,23.8,0.0835,0.20875,,Instant Coffee Mix,Powder,Food,,,salt_derived_from_sodium
all_categories_combined,1559|1570,2,Dormans Gourmet Kenya World Finest Coffee Medium Roast Medium Grind 375g,DORMANS GOURMET KENYA WORLD FINEST COFFEE MEDIUM ROAST MEDIUM GRIND,Pack size : 375g,Average Nutritional Value As Per 100g,PER_100G,2,8.36,0.5,0.1,0.1,0.1,,,0.1,1e-05,2.5e-05,,ground coffee,solid,Food,coffee,,salt_derived_from_sodium
all_categories_combined,1719,1,Dormans Granule Instant coffee 1.6Gx36,DORMANS GRANULE INSTANT COFFEE 1 6GX36,Pack size : 1.6G X 36,Average Nutritional Value As Per 100g,PER_100G,297,1250,23.2,39.1,0.6,0.2,,,23.8,0.0835,0.20875,,Instant Coffee Mix,Powder,Food,,,salt_derived_from_sodium
all_categories_combined,1652,1,Dormans Household Blend Intense And Fruity Coffee Beans 375g,DORMANS HOUSEHOLD BLEND INTENSE AND FRUITY COFFEE BEANS,Pack size : 375g,Average Nutritional Value As Per 100g,PER_100G,2.4,10.0416,0.3,0,0,0.1,,,0,0.0047,0.01175,,Coffee Beans,Solid,Food,,,salt_derived_from_sodium
all_categories_combined,1607|1609,2,Dormans Household Medium Fine Ground Dark Coffee Beans 375g,DORMANS HOUSEHOLD MEDIUM FINE GROUND DARK COFFEE BEANS,Pack size : 375g,Average Nutritional Value As Per 226g,PER_226G_SCALED,0.884956,3.53982,0,0,0,0,,,0,0.00176991,0.00442478,,Coffee Beans,Solid,Food,,,salt_derived_from_sodium
all_categories_combined,1566|1650,2,Dormans Household Medium Ground Coffee Beans 375g,DORMANS HOUSEHOLD MEDIUM GROUND COFFEE BEANS,Pack size : 375g,Average Nutritional Value As Per 226g,PER_226G_SCALED,0.884956,3.53982,0,0,0,0,,,0,0.00176991,0.00442478,,Coffee Beans,Solid,Food,,,salt_derived_from_sodium
all_categories_combined,1583,1,Dormans Household Medium Ground Dark Coffee Beans 375g,DORMANS HOUSEHOLD MEDIUM GROUND DARK COFFEE BEANS,Pack size : 375g,Average Nutritional Value As Per 226g,PER_226G_SCALED,0.884956,3.53982,0,0,0,0,,,0,0.00176991,0.00442478,,grounded coffee,solid,food,coffee,,salt_derived_from_sodium
all_categories_combined,1709,1,Dormans Instant Decaff Coffee 1.6Gx36,DORMANS INSTANT DECAFF COFFEE 1 6GX36,Pack size : 1.6G X 36,Average Nutritional Value As Per 2g,PER_2G_SCALED,300,1255.2,0,50,0,0,,,0,0,0,,Instant Coffee Mix,Powder,Food,,,salt_derived_from_sodium
all_categories_combined,1743,1,Dormans Kilimanjaro Coffee Capsule 5Gx25,DORMANS KILIMANJARO COFFEE CAPSULE 5GX25,Pack size : 5G X 25,Average Nutritional Value As Per 100g,PER_100G,2.4,10.0416,0.3,0,0,0.1,,,0,0.0047,0.01175,,Coffee Capsules,Solid,Food,,,salt_derived_from_sodium
all_categories_combined,1618,1,Dormans Kilimanjaro Medium Fine Ground Dark Coffee Beans 375g,DORMANS KILIMANJARO MEDIUM FINE GROUND DARK COFFEE BEANS,Pack size : 375g,Average Nutritional Value As Per 226g,PER_226G_SCALED,0.884956,3.53982,0,0,0,0,,,0,0.00176991,0.00442478,,Coffee Beans,Solid,Food,,,salt_derived_from_sodium
all_categories_combined,1619|1647,2,Dormans Kilimanjaro Medium Ground Dark Coffee Beans 375g,DORMANS KILIMANJARO MEDIUM GROUND DARK COFFEE BEANS,Pack size : 375g,Average Nutritional Value As Per 226g,PER_226G_SCALED,0.884956,3.53982,0,0,0,0,,,0,0.00176991,0.00442478,,grounded coffee,solid,food,coffee,,salt_derived_from_sodium
all_categories_combined,1587,1,Dormans Medium Roast Medium Grind Kenya AA Coffee 375g,DORMANS MEDIUM ROAST MEDIUM GRIND KENYA AA COFFEE,Pack size : 375g,Average Nutritional Value As Per 100g,PER_100G,1,4.184,,,,,,,,0.004,0.01,,Coffee,Powder,Food,,,missing_sugar|missing_total_fat|salt_derived_from_sodium
all_categories_combined,1622,1,Dormans Rwanda Medium Fine Ground Dark Coffee Beans 375g,DORMANS RWANDA MEDIUM FINE GROUND DARK COFFEE BEANS,Pack size : 375g,Average Nutritional Value As Per 226g,PER_226G_SCALED,0.884956,3.53982,0,0,0,0,,,0,0.00176991,0.00442478,,grounded coffee,solid,food,coffee,,salt_derived_from_sodium
all_categories_combined,1577,1,Dormans Rwanda Medium Roast Medium Grind Coffee 375g,DORMANS RWANDA MEDIUM ROAST MEDIUM GRIND COFFEE,Pack size : 375g,Average Nutritional Value As Per 226g,PER_226G_SCALED,0.884956,3.53982,0,0,0,0,,,0,0.00176991,0.00442478,,grounded coffee,solid,food,coffee,,salt_derived_from_sodium
all_categories_combined,1657,1,Dormans Safari Fairtrade Medium Roast Coffee Beans 375g,DORMANS SAFARI FAIRTRADE MEDIUM ROAST COFFEE BEANS,Pack size : 375g,Average Nutritional Value As Per 226g,PER_226G_SCALED,0.884956,3.53982,0,0,0,0,,,0,0.00176991,0.00442478,,ground coffee,solid,Food,coffee,,salt_derived_from_sodium
all_categories_combined,1611,1,Dormans Safari Fairtrade Medium Roast Medium Grind Coffee 375g,DORMANS SAFARI FAIRTRADE MEDIUM ROAST MEDIUM GRIND COFFEE,Pack size : 375g,Average Nutritional Value As Per 226g,PER_226G_SCALED,0.884956,3.53982,0,0,0,0,,,0,0.00176991,0.00442478,,ground coffee,solid,Food,coffee,,salt_derived_from_sodium
all_categories_combined,1615|1621,2,Dormans Suprema Bright And Citrus Medium Roast And Medium Ground Coffee 375g,DORMANS SUPREMA BRIGHT AND CITRUS MEDIUM ROAST AND MEDIUM GROUND COFFEE,Pack size : 375g,Average Nutritional Value As Per 100g,PER_100G,10,42.84,,,,,,,,0.004,0.01,,grounded coffee,solid,food,coffee,,missing_sugar|missing_total_fat|salt_derived_from_sodium
all_categories_combined,1744,1,Dormans Suprema Coffee Capsule 5Gx25,DORMANS SUPREMA COFFEE CAPSULE 5GX25,Pack size : 5G X 25,Average Nutritional Value As Per 100g,PER_100G,2.4,10.0416,0.3,0,0,0.1,,,0,0.0047,0.01175,,Coffee Capsules,Solid,Food,,,salt_derived_from_sodium
all_categories_combined,1637,1,Dormans Suprema Dark Coffee Beans 375g,DORMANS SUPREMA DARK COFFEE BEANS,Pack size : 375g,Average Nutritional Value As Per 100g,PER_100G,2,8,0,0,0,0,,,0,0.004,0.01,,Coffee Beans,solid,food,coffee,,salt_derived_from_sodium
all_categories_combined,1572,1,Dormans Suprema Dark Roast Fine Grind 375g,DORMANS SUPREMA DARK ROAST FINE GRIND,Pack size : 375g,Average Nutritional Value As Per 226g,PER_226G_SCALED,0.884956,3.53982,0,0,0,0,,,0,0.00176991,0,,ground coffee,solid,Food,,,
all_categories_combined,1620,1,Dormans Suprema Medium Fine Ground Dark Coffee Beans 375g,DORMANS SUPREMA MEDIUM FINE GROUND DARK COFFEE BEANS,Pack size : 375g,Average Nutritional Value As Per 226g,PER_226G_SCALED,0.884956,3.53982,0,0,0,0,,,0,0.00176991,0.00442478,,Coffee Beans,Solid,Food,,,salt_derived_from_sodium
all_categories_combined,1589,1,Dormans Suprema Medium Ground Dark Coffee 375g,DORMANS SUPREMA MEDIUM GROUND DARK COFFEE,Pack size : 375g,Average Nutritional Value As Per 226g,PER_226G_SCALED,0.884956,3.53982,0,0,0,0,,,0,0.00176991,0.00442478,,grounded coffee,solid,food,coffee,,salt_derived_from_sodium
all_categories_combined,1617,1,Dormans Suprema Medium Ground Fine Dark Coffee 375g,DORMANS SUPREMA MEDIUM GROUND FINE DARK COFFEE,Pack size : 375g,Average Nutritional Value As Per 226g,PER_226G_SCALED,0.884956,3.53982,0,0,0,0,,,0,0.00176991,0.00442478,,grounded coffee,solid,food,coffee,,salt_derived_from_sodium
all_categories_combined,1643,1,Dormans Suprema Medium Roast Coffee Beans 375g,DORMANS SUPREMA MEDIUM ROAST COFFEE BEANS,Pack size : 375g,Average Nutritional Value As Per 226g,PER_226G_SCALED,0.884956,3.53982,0,0,0,0,,,0,0.00176991,0.00442478,,beans,solid,food,coffee,,salt_derived_from_sodium
all_categories_combined,1728,1,Dormans Supreme Decaf Instant Coffee Mix 2g,DORMANS SUPREME DECAF INSTANT COFFEE MIX,Pack size : 2g,Average Nutritional Value As Per 2g,PER_2G_SCALED,300,1255.2,0,50,0,0,,,0,0,0,,Instant Coffee Mix,Powder,Food,,,salt_derived_from_sodium
all_categories_combined,1721,1,Dormans Supreme Fine Instant Coffee Mix 2g,DORMANS SUPREME FINE INSTANT COFFEE MIX,Pack size : 2g,Average Nutritional Value As Per 100g,PER_100G,297,1250,23.2,39.1,0.6,0.2,,,23.8,0.0835,0.20875,,Instant Coffee Mix,Powder,Food,,,salt_derived_from_sodium
all_categories_combined,1724,1,Dormans Supreme Granulated Instant Coffee Mix 2g,DORMANS SUPREME GRANULATED INSTANT COFFEE MIX,Pack size : 2g,Average Nutritional Value As Per 100g,PER_100G,297,1250,23.2,39.1,0.6,0.2,,,23.8,0.0835,0.20875,,Instant Coffee Mix,Powder,Food,,,salt_derived_from_sodium
all_categories_combined,665,1,Dr. Chia Seeds Of Life Chia Seeds 100g,DR CHIA SEEDS OF LIFE CHIA SEEDS,Pack size : 100g,Average Nutritional Value As Per 100g,PER_100G,60,251.04,2,5,,3.5,,,4,,,,Chia Seeds,Solid,Food,,,missing_sodium|missing_sugar
all_categories_combined,2715,1,Dr. Oetker Chocolatey Strands 55Gm,DR OETKER CHOCOLATEY STRANDS,Pack size : 55gm,Nutrition information per 100g,PER_100G,397,1685,1.4,92,90,2.3,,,,0,0,,,,Food,Chocolate,,sodium_derived_from_salt
all_categories_combined,1433,1,Duerr's Mint Sauce 200g,DUERR S MINT SAUCE,Pack size : 200g,Average Nutritional Value As Per 100g,PER_100G,125,529,1.5,24,17,0.5,,,1.9,0.44,1.1,,Sauce,Paste,Food,Mint,,sodium_derived_from_salt
all_categories_combined,1091,1,Duma Energy Drink 330Ml,DUMA ENERGY DRINK,Pack size : 330ml,Average Nutritional Value As Per 100ml,PER_100ML,50,8.36,0.1,12,10,0.1,,,0.1,0.19,0.01,,Energy Drink,Liquid,Beverages,Strawberry,,
all_categories_combined,4240,1,El Sabor Hot Salsa Dip 300G,EL SABOR HOT SALSA DIP,Pack size : 300g,Average Nutritional Value As Per 100g,PER_100G,40,167.36,1.2,7.5,5,0.2,,,1.5,,,,Salsa Dip,Paste,Food,,,missing_sodium
all_categories_combined,4126,1,Elbbin Nibble BBQ Wavy Chips 35G,ELBBIN NIBBLE BBQ WAVY CHIPS,Pack size : 35g,Average Nutritional Value As Per 100g,PER_100G,160,669.44,1,15,2,10,,,1,0.13,0.325,,Wavy Chips,Solid,Food,,,salt_derived_from_sodium
all_categories_combined,4073,1,Elbbin Nibble Snacks Chocolate 30G,ELBBIN NIBBLE SNACKS CHOCOLATE,Pack size : 30g,Average Nutritional Value As Per 30g,PER_30G_SCALED,440,1840,6.66667,73.3333,36.6667,10,,,,,,,Chocolate,Solid,Food,,,missing_sodium
all_categories_combined,3585,1,Elbbin Shapies Honey Hoops 350G,ELBBIN SHAPIES HONEY HOOPS,,Average Nutritional Value As Per 35g,PER_35G_SCALED,,,,,18.8571,0.142857,,,,0.0342857,0.0857143,,,solid,Breakfast Cereals,Chocolatery Hoops,,sodium_derived_from_salt
all_categories_combined,2518,1,Elianto Corn Oil 10L,ELIANTO CORN OIL,Pack size : 10L,Average Nutritional Value As Per 100ml,PER_100ML,884,3569,,,,100,,,,,,,Corn Oil,Liquid,Food,,,missing_sodium|missing_sugar
all_categories_combined,2182,1,Equatorial Naturals Iodine Herbal Salt 200g,EQUATORIAL NATURALS IODINE HERBAL SALT,Pack size : 200g,Average Nutritional Value As Per 100g,PER_100G,46.1,193,5.1,4.1,,1.3,,,,,,,Herbal Salt,Solid,Food,,,missing_sodium|missing_sugar
all_categories_combined,383|423,2,Equatorial Naturals Toto Afya Flour 500g,EQUATORIAL NATURALS TOTO AFYA FLOUR,Pack size : 500g,Average Nutritional Value As Per 100g,PER_100G,455,1903.72,12.9,95.4,0.3,1.2,,,3.4,0.0025,0.00625,,Toto Afya Flour,Powder,Food,,,salt_derived_from_sodium
all_categories_combined,2166|2179,2,Equatorial Sea Salt 500G,EQUATORIAL SEA SALT,Pack size : 500g,Average Nutritional Value As Per 100g,PER_100G,46.1,193,5.1,4.1,0,1.3,,,,0.59,1.475,,Sea Salt,Solid,Food,,,salt_derived_from_sodium
all_categories_combined,411,1,Equatorial Wimbi Afya Classic Flour 1kg,EQUATORIAL WIMBI AFYA CLASSIC FLOUR,Pack size : 1kg,Average Nutritional Value As Per 100g,PER_100G,346,1447.66,8,75,,2,,,,,,,Flour,Powder,Food,,,missing_sodium|missing_sugar
all_categories_combined,399,1,Equatorial Wimbi Afya Flour 1Kg,EQUATORIAL WIMBI AFYA FLOUR,Pack size : 1Kg,Average Nutritional Value As Per 100g,PER_100G,364,1522.98,10,76,0.3,1,,,2.7,0.002,0.005,,Flour,Powder,Food,,,salt_derived_from_sodium
all_categories_combined,1996,1,Eva Black Seeds,EVA BLACK SEEDS,,Average Nutritional Value As Per 100g,PER_100G,100,418,3,3,5,0,,,3,0.002,0.005,,Black Seeds,Solid,,,No Additives,salt_derived_from_sodium
all_categories_combined,877,1,Eva Chia Seeds,EVA CHIA SEEDS,,Average Nutritional Value As Per 100g,PER_100G,490,205,15.6,43.8,,30.8,,,,,,,Chia Seeds,Solid,Food,,No Additives,missing_sodium|missing_sugar
all_categories_combined,2016,1,Eva Fenugreek Spice,EVA FENUGREEK SPICE,,Average Nutritional Value As Per 1g,PER_1G_SCALED,300,1250,20,60,,10,,,20,0.07,0.175,,Fenugreek Spice,Solid,Food,,,missing_sugar|salt_derived_from_sodium
all_categories_combined,928,1,Eva Njahi Beans,EVA NJAHI BEANS,,Average Nutritional Value As Per 86g,PER_86G_SCALED,132.558,554.623,8.86047,23.7093,0.325581,0.534884,,,8.72093,0.00116279,0.00290698,,Njahi Beans,Solid,Food,,No Additives,salt_derived_from_sodium
all_categories_combined,898,1,Eva Roasted Salted Pumpkin,EVA ROASTED SALTED PUMPKIN,,Average Nutritional Value As Per 100g,PER_100G,522,2184.05,13.43,1,32.97,42.13,,,3.9,0.018,0.045,,Roasted Salted Pumpkin,Solid,,,,salt_derived_from_sodium
all_categories_combined,2010,1,Eva Whole Oregano Spice,EVA WHOLE OREGANO SPICE,,Average Nutritional Value As Per 100g,PER_100G,265,1109.71,9,68.9,4.1,4.3,,,42.5,,,,Whole Oregano,Solid,Food,,,missing_sodium
all_categories_combined,1002|1006,2,Excel Quencher Lemon Treat Drink 1.5L,EXCEL QUENCHER LEMON TREAT DRINK,Pack size : 1.5L,Average Nutritional Value As Per 100ml,PER_100ML,99,414,2.9,11,11,4.8,,,,0.036,0.09,,Drink,Liquid,Beverage,Lemon,,salt_derived_from_sodium
all_categories_combined,998,1,Excel Quencher Orange Drink 5L,EXCEL QUENCHER ORANGE DRINK,Pack size : 5L,Average Nutritional Value As Per 100g,PER_100G,13,54.392,0,3,2,0,,,0,0,0,,Drink,Liquid,Food,Orange,,
all_categories_combined,1014,1,Excel Quencher Pineapple Drink 2L,EXCEL QUENCHER PINEAPPLE DRINK,Pack size : 2L,Average Nutritional Value As Per 100ml,PER_100ML,56,234.304,0.1,14,8,,,,,0.001,0.0025,,Drink,Liquid,Beverage,Pineapple,,missing_total_fat|salt_derived_from_sodium
all_categories_combined,3524|3526,2,Excel Quencher Pineapple Juice 700Ml,EXCEL QUENCHER PINEAPPLE JUICE,Pack size : 700ml,Average Nutritional Value As Per 100ml,PER_100ML,55,181,0.4,9.8,13.2,0.1,,,0.2,0.00022,0.00055,,Juice,Liquid,Beverage,Pineapple,,salt_derived_from_sodium
all_categories_combined,338|350,2,Exe Unga All Purpose Fortified Wheat Flour 2Kg,EXE UNGA ALL PURPOSE FORTIFIED WHEAT FLOUR,Pack size : 2Kg,Average Nutritional Value As Per 100g,PER_100G,364,1522.97,10,76,0.3,1,,,,0.002,0.005,,Wheat Flour,Powder,Food,,,salt_derived_from_sodium
all_categories_combined,340,1,Exe Unga Mandazi Fortified Wheat Flour 2Kg,EXE UNGA MANDAZI FORTIFIED WHEAT FLOUR,Pack size : 2Kg,Average Nutritional Value As Per 100g,PER_100G,364,1522.97,10,76,0.3,1,,,,0.002,0.005,,Wheat Flour,Powder,Food,,,salt_derived_from_sodium
all_categories_combined,339|348,2,Exe Unga Self Raising Fortified Wheat Flour 2Kg,EXE UNGA SELF RAISING FORTIFIED WHEAT FLOUR,Pack size : 2Kg,Average Nutritional Value As Per 100g,PER_100G,333,1393.27,6.9,70,,,,,,1.067,2.6675,,Wheat Flour,Powder,Food,,,missing_sugar|missing_total_fat|salt_derived_from_sodium
all_categories_combined,454|466,2,Fairleigh Jaggery Sugar 500g,FAIRLEIGH JAGGERY SUGAR,Pack size : 500g,Average Nutritional Value As Per 100g,PER_100G,387,1619.2,,100,100,,,,,0.001,0.0025,,Jaggery Sugar,Solid,Food,,,missing_total_fat|salt_derived_from_sodium
all_categories_combined,455,1,Fairleigh Jaggery Sweetener Block 500g,FAIRLEIGH JAGGERY SWEETENER BLOCK,Pack size : 500g,Average Nutritional Value As Per 100g,PER_100G,297,1302,,76,69,,,,,,,,Sweetener Block,Powder,Food,,,missing_sodium|missing_total_fat
all_categories_combined,58,1,Fairy Bee Oat Choco Chocolate Biscuit 90g,FAIRY BEE OAT CHOCO CHOCOLATE BISCUIT,Pack size : 90g,Average Nutritional Value As Per 100g,PER_100G,52.9,221.51,4.2,45.8,26,2.39,,,,,,,Biscuit,Solid,Food,Chocolate,,missing_sodium
all_categories_combined,941,1,Fanta Blackcurrant Pet 2L,FANTA BLACKCURRANT PET,Pack size : 2 liters,Average Nutritional Value As Per 20ml,PER_20ML_SCALED,105,439.32,,20,20,,,,,0.3,0.75,,Drink,Liquid,Beverage,Blackcurrant,,missing_total_fat|salt_derived_from_sodium
all_categories_combined,980,1,Fanta Blackcurrant Soda 500Ml,FANTA BLACKCURRANT SODA,Pack size : 500ml,Average Nutritional Value As Per 20ml,PER_20ML_SCALED,105,439.32,,20,20,,,,,0.3,0.75,,Drink,Liquid,Beverage,Blackcurrant,,missing_total_fat|salt_derived_from_sodium
all_categories_combined,949,1,Fanta Blackcurrant Soda350Ml,FANTA BLACKCURRANT SODA350ML,Pack size : 350ml,Average Nutritional Value As Per 20ml,PER_20ML_SCALED,105,439.32,,20,20,,,,,0.3,0.75,,Drink,Liquid,Beverage,Blackcurrant,,missing_total_fat|salt_derived_from_sodium
all_categories_combined,942,1,Fanta Orange Pet 2L,FANTA ORANGE PET,Pack size : 2 liters,Average Nutritional Value As Per 22ml,PER_22ML_SCALED,236.364,988.909,,59.0909,59.0909,,,,,,,,Drink,Liquid,Beverage,Orange,,missing_sodium|missing_total_fat
all_categories_combined,948|952|953,3,Fanta Orange Soda 1.25L,FANTA ORANGE SODA,Pack size : 4,Average Nutritional Value As Per 22ml,PER_22ML_SCALED,236.364,988.909,,59.0909,59.0909,,,,,,,,Drink,Liquid,Beverage,Orange,,missing_sodium|missing_total_fat
all_categories_combined,944,1,Fanta Passion Juice 2L,FANTA PASSION JUICE,Pack size : 2 liters,Average Nutritional Value As Per 100ml,PER_100ML,126,527,1,33.7,33.2,0.12,,,0.5,0.0149,0.03725,,Drink,Liquid,Beverage,Passion Fruit,,salt_derived_from_sodium
all_categories_combined,2341,1,FARAGELLO PURE SACHECT TOM. PAST50G,FARAGELLO PURE SACHECT TOM PAST50G,Pack size : 50g,Average Nutritional Value As Per 100g,PER_100G,104,437,4,77,27,,,,0,,,,Tomato Puree,Paste,Food,Tomato,,missing_sodium|missing_total_fat
all_categories_combined,2347,1,FARAGELLO TOMATO PASTE 400G,FARAGELLO TOMATO PASTE,Pack size : 400g,Average Nutritional Value As Per 100g,PER_100G,104,437,4,77,27,,,,0,,,,Tomato Puree,Paste,Food,Tomato,,missing_sodium|missing_total_fat
all_categories_combined,3955,1,FAYAZ BUTTER CHOC COOKIES 200G,FAYAZ BUTTER CHOC COOKIES,Pack size : 200g,Average Nutritional Value As Per 100g,PER_100G,414,1732.18,3,69,48,17,,,0,0.155,0.3875,,Cookies,Solid,Food,Chocolate,,salt_derived_from_sodium
all_categories_combined,111,1,FAYAZ CHEESE CRACKERS 200G,FAYAZ CHEESE CRACKERS,Pack size : 200g,Average Nutritional Value As Per 100g,PER_100G,493,2062,7,63,14,24,,,3,1.092,2.73,,Cheese Crackers,Solid,,Cheese,,salt_derived_from_sodium
all_categories_combined,3911,1,FAYAZ CHOC CHIP COOKIES 200G,FAYAZ CHOC CHIP COOKIES,Pack size : 200g,Average Nutritional Value As Per 100g,PER_100G,488,2041,5,58,0,28,,,2,0.364,0.91,,Chocolate Chip,Solid,,Chocolate,,salt_derived_from_sodium
all_categories_combined,3954,1,FAYAZ COCONUT COOKIES 200G,FAYAZ COCONUT COOKIES,Pack size : 200g,Average Nutritional Value As Per 100g,PER_100G,488,2041,5,58,,28,,,2,0.361,0.9025,,Coconut Cookies,Solid,,Coconut,,missing_sugar|salt_derived_from_sodium
all_categories_combined,4551,1,Ferrero Kinder Bueno Hazelnut Chocolate 43G,FERRERO KINDER BUENO HAZELNUT CHOCOLATE,Pack size : 43g,Average Nutritional Value As Per 100g,PER_100G,572,2384,8.6,49.5,41.2,37.3,,,2,,,,Chocolate,Solid,Food,Hazelnut,,missing_sodium
all_categories_combined,4546,1,Ferrero Kinder Joy Boys Chocolate 20G,FERRERO KINDER JOY BOYS CHOCOLATE,Pack size : 20g,Average Nutritional Value As Per 20g,PER_20G_SCALED,545,2280,8,56.5,,32,,,,,,,Chocolate,Solid,Food,,,missing_sodium|missing_sugar
all_categories_combined,4545,1,Ferrero Kinder Joy Girl Chocolate 20G,FERRERO KINDER JOY GIRL CHOCOLATE,Pack size : 20g,Average Nutritional Value As Per 20g,PER_20G_SCALED,545,2280,8,56.5,,32,,,,,,,Chocolate,Solid,Food,,,missing_sodium|missing_sugar
all_categories_combined,4553,1,Ferrero Raffalleo Chocolate 30G,FERRERO RAFFALLEO CHOCOLATE,Pack size : 30g,Average Nutritional Value As Per 100g,PER_100G,627,2623,7.4,38.6,33.6,48.3,,,,,,,Chocolate,Solid,Food,Coconut,,missing_sodium
all_categories_combined,4556,1,Ferrero Rocher Original Milk Chocolate 90G,FERRERO ROCHER ORIGINAL MILK CHOCOLATE,Pack size : 90g,Average Nutritional Value As Per 100g,PER_100G,614,2554,6.2,46.2,45.4,44.4,,,,0.0652,0.163,,Milk Chocolate,Solid,Food,Hazelnuts,,sodium_derived_from_salt
all_categories_combined,4417,1,Ferrero Rocher Rocher T30 Chocolate 375G,FERRERO ROCHER ROCHER T30 CHOCOLATE,Pack size : 375g,Average Nutritional Value As Per 100g,PER_100G,595,2489.4,8.2,44,39.9,,,,,,,,Chocolate,Solid,Food,,,missing_sodium|missing_total_fat
all_categories_combined,4554,1,Ferrero Rocher T3 Imported Chocolates 37.5G,FERRERO ROCHER T3 IMPORTED CHOCOLATES,Pack size : 37.5g,Average Nutritional Value As Per 100g,PER_100G,595,2489.4,8.2,44,39.9,,,,,,,,Chocolate,Solid,Food,,,missing_sodium|missing_total_fat
all_categories_combined,4555,1,Ferrero Rocher White Hazelnut Chocolate Bar 90G,FERRERO ROCHER WHITE HAZELNUT CHOCOLATE BAR,Pack size : 90g,Average Nutritional Value As Per 100g,PER_100G,610,2538,9.2,44.9,44.7,43.4,,,,0.1384,0.346,,Chocolate Bar,Solid,Food,Hazelnut,,sodium_derived_from_salt
all_categories_combined,235,1,Festival Chocolate Essence 50ml,FESTIVAL CHOCOLATE ESSENCE,Pack size : 50ml,Average Nutritional Value As Per 29g,PER_29G_SCALED,344.828,1441.38,6.89655,6.89655,,,,,3.44828,0.62069,1.55172,,Essence,Liquid,Food,Chocolate,,missing_sugar|missing_total_fat|salt_derived_from_sodium
all_categories_combined,207,1,Festival Coconut Essence 50ml,FESTIVAL COCONUT ESSENCE,Pack size : 50ml,Average Nutritional Value As Per 260ml,PER_260ML_SCALED,19.2308,80.3846,,5.76923,,,,,,0.0326923,0.0817308,,Essence,Liquid,Food,Coconut,,missing_sugar|missing_total_fat|salt_derived_from_sodium
all_categories_combined,204|233,2,Festival Food Colour Egg Yellow 40g,FESTIVAL FOOD COLOUR EGG YELLOW,Pack size : 40g,Average Nutritional Value As Per 100g,PER_100G,358,1497,13,66,1,3,,,,0.029,0.0725,,Food Colour,Powder,Food,,,salt_derived_from_sodium
all_categories_combined,212|246,2,Festival Food Colour Pink 10g,FESTIVAL FOOD COLOUR PINK,Pack size : 10g,Average Nutritional Value As Per 100g,PER_100G,100,418,1,9,8,6,,,,0.065,0.1625,,Food Colour,Powder,Food,,,salt_derived_from_sodium
all_categories_combined,239,1,Festival Food Colour Raspberry Red 40g,FESTIVAL FOOD COLOUR RASPBERRY RED,Pack size : 40g,Average Nutritional Value As Per 100g,PER_100G,50,209,,13,10,,,,,0.005,0.0125,,Food Colour,Powder,Food,,,missing_total_fat|salt_derived_from_sodium
all_categories_combined,208,1,Festival Orange Essence 50ml,FESTIVAL ORANGE ESSENCE,Pack size : 50ml,Average Nutritional Value As Per 40g,PER_40G_SCALED,250,1045,2.5,65,37.5,,,,7.5,,,,Essence,Liquid,Food,Orange,,missing_sodium|missing_total_fat
all_categories_combined,4027,1,Festival Strawberry Crystal Jelly 80G,FESTIVAL STRAWBERRY CRYSTAL JELLY,,Average Nutritional Value As Per 100g,PER_100G,330.45,,0.09,98.4,91,,,,,8e-05,1.9,,,Solid,Food,Strawberry,,missing_total_fat
all_categories_combined,4026,1,Festival Tropical Crystal Jelly 80G,FESTIVAL TROPICAL CRYSTAL JELLY,,Average Nutritional Value As Per 100g,PER_100G,330.45,,0.09,98.4,91,,,,,8e-05,1.9,,,Solid,Food,Tropical,,missing_total_fat
all_categories_combined,2742,1,"Festive Tortilla Wrap - 8""""",FESTIVE TORTILLA WRAP 8,Pack size : 8 inch,Average Nutritional Value As Per 100g,PER_100G,308,1288,,47,3.2,6.6,,,,0.4,1,,Tortilla Wraps,Solid,Food,,,sodium_derived_from_salt
all_categories_combined,2741,1,Festive Tortilla Wraps 10 Pieces,FESTIVE TORTILLA WRAPS,Pack size : 10 Pieces,Average Nutritional Value As Per 100g,PER_100G,308,1288,,47,3.2,6.6,,,,0.4,1,,Tortilla Wraps,Solid,Food,,,sodium_derived_from_salt
all_categories_combined,3672|3673|3675,3,Fini Clouds Marshmallow 80g,FINI CLOUDS MARSHMALLOW,Pack size : 80g,Average Nutritional Value As Per 100g,PER_100G,328,1372,4,78,69,0,,,,0.04,0.1,,Marshmallow,Solid,Food,,,sodium_derived_from_salt
all_categories_combined,4035,1,Fini Jelly Sharks Candy 100g,FINI JELLY SHARKS CANDY,Pack size : 100g,Average Nutritional Value As Per 100g,PER_100G,323,1373,6,76,52,,,,,0.04,0.1,,Sharks Candy,Solid,Food,,,missing_total_fat|sodium_derived_from_salt
all_categories_combined,4033,1,Fini Magic Carpet Jelly Candy 90g,FINI MAGIC CARPET JELLY CANDY,Pack size : 90g,Average Nutritional Value As Per 100g,PER_100G,340,1423,1.8,81,54,1,,,,0.2,0.5,,Jelly Candy,Solid,Food,,,sodium_derived_from_salt
all_categories_combined,4034,1,Fini Sour Laces Colour Shock Candy 90g,FINI SOUR LACES COLOUR SHOCK CANDY,Pack size : 90g,Average Nutritional Value As Per 100g,PER_100G,338,1437,1.8,81,56,0.8,,,,0.2,0.5,,Fruit Candy,Solid,Food,,,sodium_derived_from_salt
all_categories_combined,4036,1,Fini Sour Worms Gummy Candy 90g,FINI SOUR WORMS GUMMY CANDY,Pack size : 90g,Average Nutritional Value As Per 100g,PER_100G,323,1351,6,76,52,0,,,,0.04,0.1,,Gummy Candy,Solid,Food,,,sodium_derived_from_salt
all_categories_combined,4476,1,Fini Strawberry Filled Candy 150g,FINI STRAWBERRY FILLED CANDY,Pack size : 150g,Average Nutritional Value As Per 100g,PER_100G,337,1410,1.6,81,51,0.8,,,,0.12,0.3,,Candy,Solid,Food,Strawberry,,sodium_derived_from_salt
all_categories_combined,3670,1,Fini Strawberry Sour Pencils Jelly 90g x Pack of 12,FINI STRAWBERRY SOUR PENCILS JELLY X PACK OF 12,Pack size : 90g x Pack of 12,Average Nutritional Value As Per 100g,PER_100G,359,1502,1.5,89,89,10,,,,0.24,0.6,,Sour Pencils,Jelly,Food,Strawberry,,sodium_derived_from_salt
all_categories_combined,3687,1,Fini Strawberry Sugar Jelly Kisses Candy 90g,FINI STRAWBERRY SUGAR JELLY KISSES CANDY,Pack size : 475ml,Average Nutritional Value As Per 100g,PER_100G,326,1363.98,4,79,58,,,,,,,,Candy,Solid,Food,Strawberry,,missing_sodium|missing_total_fat
all_categories_combined,2569,1,Fish Well Preserved Vegetable Pickled Mustard 70g,FISH WELL PRESERVED VEGETABLE PICKLED MUSTARD,Pack size : 70g,Average Nutritional Value as per 35g,PER_35G_SCALED,57.1429,,2.85714,5.71429,2.85714,2.85714,,,2.85714,2,5,,,,,,,salt_derived_from_sodium
all_categories_combined,3612,1,Fit Cereal Choco Rice 400G,FIT CEREAL CHOCO RICE,Pack size : 400g,Average Nutritional Value As Per 100g,PER_100G,391,1658,7.8,81,,3.5,,,3,0.22,0.55,,,Solid,,Chocolate,No Additives,missing_sugar|salt_derived_from_sodium
all_categories_combined,3646|3653,2,Fit Cereal Corn Flakes 100G,FIT CEREAL CORN FLAKES,Pack size : 100g,Average Nutritional Value As Per 100g,PER_100G,391,1661,7.1,83,,3,,,1.5,0.7,1.75,,,Solid,,Corn Flakes,No Additives,missing_sugar|salt_derived_from_sodium
all_categories_combined,3596,1,Fit Cereal Honey Balls 400G,FIT CEREAL HONEY BALLS,Pack size : 400g,Average Nutritional Value As Per 100g,PER_100G,390,1654,5.9,85,,2.5,,,1.3,0.224,0.56,,,Solid,,Honey,No Additives,missing_sugar|salt_derived_from_sodium
all_categories_combined,3618|3619,2,Fit Cereal Honey Wheat 100G,FIT CEREAL HONEY WHEAT,Pack size : 100g,Average Nutritional Value As Per 100g,PER_100G,391,1655,8.2,78,,4.1,,,4.6,0.076,0.19,,,Solid,,Honey,No Additives,missing_sugar|salt_derived_from_sodium
all_categories_combined,3613,1,Fit Choco Rice Cereal 100g,FIT CHOCO RICE CEREAL,Pack size : 100g,Average Nutritional Values As Per 100g,PER_100G,383,1602.47,7,80,0,3,,,,0.003,0.0075,,,,,,,salt_derived_from_sodium
all_categories_combined,3553,1,Fitch And Leedes Ginger Ale Sparkling Drink 200ml,FITCH AND LEEDES GINGER ALE SPARKLING DRINK,Pack size : 200ml,Average Nutritional Values As Per 100g,PER_100G,37,155,0.5,9,0.1,0.5,,,,,,,,,,,,missing_sodium
all_categories_combined,3550,1,Fitch And Leedes Indian Tonic Lite Sugar Free Can 200Ml,FITCH AND LEEDES INDIAN TONIC LITE SUGAR FREE CAN,Pack size : 200ml,Average Nutritional Values As Per 100g,PER_100G,37,155,0.5,9,0.1,0.5,,,,,,,,,,,,missing_sodium
all_categories_combined,1036,1,Fitch And Leedes Lemonade Sparkling Drink 200Ml,FITCH AND LEEDES LEMONADE SPARKLING DRINK,Pack size : 200ml,Average Nutritional Value as per 200ml,PER_200ML_SCALED,43.5,182.004,,11,10.5,,,,0.011,,,,,,,,,missing_sodium|missing_total_fat
all_categories_combined,1045,1,Fitch And Leedes Pink Tonic Sparkling 200Ml,FITCH AND LEEDES PINK TONIC SPARKLING,Pack size : 200ml,Average Nutritional Value As Per 100ml,PER_100ML,2.62,11,0.3,2.5,0.5,0.1,,,0.5,0.005,0.0125,,Sparkling Drink,Liquid,Beverage,Rose And Cucumber,,salt_derived_from_sodium
all_categories_combined,1039,1,Fitch And Leedes Pink Tonic Sparkling Rose And Cucumber Drink 200Ml,FITCH AND LEEDES PINK TONIC SPARKLING ROSE AND CUCUMBER DRINK,Pack size : 200ml,Average Nutritional Values As Per 100g,PER_100G,169,707,0,10,7.1,0.1,,,,,,,,,,,,missing_sodium
all_categories_combined,1044,1,FITCH AND LEEDS BLUE TONIC200ML,FITCH AND LEEDS BLUE TONIC200ML,Pack size : 200ml,Average Nutritional Value As Per 100ml,PER_100ML,28.91,121,0.3,7,7,0.1,,,0.5,0.005,0.0125,,Sparkling Drink,Liquid,Beverage,Blueberry,,salt_derived_from_sodium
all_categories_combined,1047,1,Fitch Leedes Classic Ginger Beer 300Ml,FITCH LEEDES CLASSIC GINGER BEER,Pack size : 300ml,Average Nutritional Value As Per 100ml,PER_100ML,160,178,0.1,40,40,0.1,,,,0.041,27.3,,Beer,Liquid,Beverage,Ginger,,
all_categories_combined,1049,1,Fitch Leedes Classics Passion Fruit And Lemon Sparkling Drink 300Ml,FITCH LEEDES CLASSICS PASSION FRUIT AND LEMON SPARKLING DRINK,Pack size : 300ml,Average Nutritional Value As Per 100ml,PER_100ML,174,728,,42,42,,,,,,,,Sparkling Drink,Liquid,Beverage,"Passion Fruit, Lemon",,missing_sodium|missing_total_fat
all_categories_combined,1048,1,Fitch Leedes Indian Tonic Sparkling Drink 200ml,FITCH LEEDES INDIAN TONIC SPARKLING DRINK,Pack size : 200ml,Average Nutritional Values As Per 100g,PER_100G,37,155,0.5,9,0.1,0.5,,,,,,,,,,,,missing_sodium
all_categories_combined,2510,1,Flora Frying Solution Cooking Oil 3L,FLORA FRYING SOLUTION COOKING OIL,Pack size : 3L,Average Nutritional Value As Per 15ml,PER_15ML_SCALED,820,3430.87,,,,86.6667,,,,,,,,,,,,missing_sodium|missing_sugar
all_categories_combined,6,1,Florestal Pop Kiss Black Cola Lollipop 50g,FLORESTAL POP KISS BLACK COLA LOLLIPOP,Pack size : 50g,Average Nutritional Value As Per 100g,PER_100G,77,322.168,1.5,19,40,9,,,,0.0077,0.01925,,Lollipop,Solid,Food,Black Cola,,salt_derived_from_sodium
all_categories_combined,7|8,2,Florestal Pop Tattoo Panico Tutti Frutti Lollipop 48g,FLORESTAL POP TATTOO PANICO TUTTI FRUTTI LOLLIPOP,Pack size : 48g,Average Nutritional Value As Per 40g,PER_40G_SCALED,400,1673.6,3.25,97.5,80,17.5,,,,,,,Lollipop,Solid,Food,Tutti Frutti,,missing_sodium
all_categories_combined,3677,1,Florestal Zolle Stick Green Apple Chewing Candy 20g,FLORESTAL ZOLLE STICK GREEN APPLE CHEWING CANDY,Pack size : 20g,Average Nutritional Value As Per 100g,PER_100G,397.3,1662.3,1.4,92.1,58.1,2.6,,,,,,,Chewing Candy,Solid,,Green Apple,,missing_sodium
all_categories_combined,3678,1,Florestal Zolle Tubinhos Strawberry Chewable Candy 20g,FLORESTAL ZOLLE TUBINHOS STRAWBERRY CHEWABLE CANDY,Pack size : 20g,Average Nutritional Value As Per 100g,PER_100G,370,1548.08,2,88,52,1,,,,0.035,0.0875,,Chewable Candy,Solid,,Strawberry,,salt_derived_from_sodium
all_categories_combined,3715,1,Floydeez Caramel Popcorn 60G,FLOYDEEZ CARAMEL POPCORN,Pack size : 65g,Average Nutritional Value As Per 100g,PER_100G,398,1665,1,90,,3.67,,,0.92,0.2,0.5,,Popcorn,Solid,Food,Caramel,,missing_sugar|salt_derived_from_sodium
all_categories_combined,3725,1,Floydeez Chocolate Popcorn 30G,FLOYDEEZ CHOCOLATE POPCORN,Pack size : 35g,Average Nutritional Value As Per 100g,PER_100G,273,1142.23,1,33,27,18,,,,,,,Popcorn,Solid,Food,,,missing_sodium
all_categories_combined,3718,1,Floydeez Crunchy Coconut Popcorn 30G,FLOYDEEZ CRUNCHY COCONUT POPCORN,Pack size : 35g,Average Nutritional Value As Per 100g,PER_100G,503,2105,2.64,69,34,24,,,10,0.133,0.3325,,Popcorn,Solid,Food,Coconut,,salt_derived_from_sodium
all_categories_combined,3717,1,Floydeez Popcorn Caramel 30G,FLOYDEEZ POPCORN CARAMEL,Pack size : 35g,Average Nutritional Value As Per 100g,PER_100G,273,1142.23,1,33,27,18,,,,,,,Popcorn,Solid,Food,Caramel,,missing_sodium
all_categories_combined,3716,1,Floydeez Popcorn Chocolate 60G,FLOYDEEZ POPCORN CHOCOLATE,Pack size : 65g,Average Nutritional Value As Per 36g,PER_36G_SCALED,477.778,1997.22,2.5,61.1111,50,26.1111,,,2.5,0.294444,0.736111,,Popcorn,Solid,Food,Chocolate,,salt_derived_from_sodium
all_categories_combined,3093,1,FOXS CANDY BAG BERRIES 90G,FOXS CANDY BAG BERRIES,Pack size : 90g,Average Nutritional Value As Per 100g,PER_100G,388,1623,0,92,75,0,,,,0.1,0.25,,Candy,Solid,Food,"Wildberry, Raspberry And Black Cherry",,salt_derived_from_sodium
all_categories_combined,3092,1,Foxs Crystal Clear Fruits Candy 90g,FOXS CRYSTAL CLEAR FRUITS CANDY,Pack size : 90g,Average Nutritional Value As Per 45g,PER_45G_SCALED,44.4444,1859.56,0,8.88889,8.88889,0,,,,0,0,,Candy,Solid,Food,,,salt_derived_from_sodium
all_categories_combined,4598,1,FRAGATA BLACKBERRY MARMALADE 350G,FRAGATA BLACKBERRY MARMALADE,Pack size : 350g,Average Nutritional Value As Per 100g,PER_100G,215,914,0.5,52,52,0,,,,,,,Spread,Paste,Food,Blackberry,,missing_sodium
all_categories_combined,4599,1,Fragata La Vieja Fabrica Peach Marmalde 350g,FRAGATA LA VIEJA FABRICA PEACH MARMALDE,Pack size : 350g,Average Nutritional Values As Per 100g,PER_100G,224,952,0.5,55,55,,,,,,,,,,,,,missing_sodium|missing_total_fat
all_categories_combined,1086,1,Freego Energy Drink Can 250Ml,FREEGO ENERGY DRINK CAN,,100 ml,PER_100ML,46,197,0,11,11,0,,,,0.068,0.17,,,,,,,sodium_derived_from_salt
all_categories_combined,3484,1,Fruit Dale Apple Juice 1L,FRUIT DALE APPLE JUICE,Pack size : 1L,Average Nutritional Value As Per 100ml,PER_100ML,47,196.6,0.2,11.5,11.5,,,,,0.009,0.0225,,Juice,Liquid,Beverage,Apple,,missing_total_fat|salt_derived_from_sodium
all_categories_combined,3517,1,Fruit Dale Mango Juice 1L,FRUIT DALE MANGO JUICE,Pack size : 1L,Average Nutritional Value As Per 100ml,PER_100ML,60,251.04,0.8,15,14,0.4,,,1.6,0.001,0.0025,,Juice,Liquid,Beverage,Mango,,salt_derived_from_sodium
all_categories_combined,3523,1,Fruit Dale Mango Milk Juice 500Ml,FRUIT DALE MANGO MILK JUICE,Pack size : 500ml,Average Nutritional Value As Per 113g,PER_113G_SCALED,113.274,473.894,2.65487,17.6991,14.6018,,,,,0.0442478,0.110619,,Juice,Liquid,Beverage,Mango,,missing_total_fat|salt_derived_from_sodium
all_categories_combined,3567,1,Fruit Dale Orange And Banana Fruity Milk Drink 500Ml,FRUIT DALE ORANGE AND BANANA FRUITY MILK DRINK,Pack size : 500ml,Average Nutritional Value As Per 100g,PER_100G,72,301.248,1.6,10.4,,1,,,1.8,,,,,,,,,missing_sodium|missing_sugar
all_categories_combined,3472,1,Fruit Dale Pineapple Fruit Juice 1L,FRUIT DALE PINEAPPLE FRUIT JUICE,Pack size : 1L,Average Nutritional Value As Per 100g,PER_100G,51,213.38,0.4,12.67,,0.03,,,,,,,,,,,,missing_sodium|missing_sugar
all_categories_combined,3566,1,Fruit Dale Strawberry And Apple Fruity Milk Drink 500Ml,FRUIT DALE STRAWBERRY AND APPLE FRUITY MILK DRINK,Pack size : 500ml,Average Nutritional Value As Per 100g,PER_100G,68,284.512,1.9,10,,0.9,,,1.8,,,,,,,,,missing_sodium|missing_sugar
all_categories_combined,3477,1,Fruit Dale Tropical Mix Fruit Juice 1L,FRUIT DALE TROPICAL MIX FRUIT JUICE,Pack size : 1L,Average Nutritional Value As Per 100ml,PER_100ML,48,201,0.2,11.5,,0.1,,,,,,,Mix Fruit Juice,Liquid,Beverage,,,missing_sodium|missing_sugar
all_categories_combined,3483,1,Fruit Full Pinacolada Fruit Juice 1L,FRUIT FULL PINACOLADA FRUIT JUICE,Pack size : 1L,Average Nutritional Value As Per 100ml,PER_100ML,48,200.83,0.1,11.7,,0.1,,,0.2,,,,,,,,,missing_sodium|missing_sugar
all_categories_combined,4638,1,Fruit Full Tembo Blackberry And Grape Juice 100Ml,FRUIT FULL TEMBO BLACKBERRY AND GRAPE JUICE,Pack size : 100ml,Average Nutritional Value As Per 100ml,PER_100ML,62,259.408,2,13.8,7,0.7,,,7.6,0.001,0.0025,,,,,,,salt_derived_from_sodium
all_categories_combined,3466,1,Fruitdale Nectar Passion Fruit Juice 1L,FRUITDALE NECTAR PASSION FRUIT JUICE,Pack size : 1L,Average Nutritional Value As Per 200ml,PER_200ML_SCALED,62,259.405,,14.5,14.5,,,,,,,,Fruit Juice,Liquid,Beverage,Passion Fruit,,missing_sodium|missing_total_fat
all_categories_combined,3551,1,Fruitville Apple Fruit Drink 1L,FRUITVILLE APPLE FRUIT DRINK,Pack size : 1L,Average Nutritional Value As Per 100ml,PER_100ML,45,188.28,0,11,0,0,,,0,0.011,0.0275,,,,,,,salt_derived_from_sodium
all_categories_combined,3476,1,Fruitville Berry Juice 1L,FRUITVILLE BERRY JUICE,Pack size : 1L,Average Nutritional Value As Per 100ml,PER_100ML,48,200.832,0,12,7,0,,,,,,,,,,,,missing_sodium
all_categories_combined,3420,1,Fruitville Cranberry Juice 1L,FRUITVILLE CRANBERRY JUICE,Pack size : 1L,Average Nutritional Value As Per 100ml,PER_100ML,47,196.6,0.4,12,12,,,,,0.002,0.005,,Juice,Liquid,Beverage,Cranberry,,missing_total_fat|salt_derived_from_sodium
all_categories_combined,3488,1,Fruitville Guava Fruit Drink 500Ml,FRUITVILLE GUAVA FRUIT DRINK,Pack size : 500ml,Average Nutritional Value As Per 100ml,PER_100ML,48,200.8,,48,13,,,,,,,,Drink,Liquid,Beverage,Guava,,missing_sodium|missing_total_fat
all_categories_combined,3563,1,Fruitville Mango Juice 300Ml,FRUITVILLE MANGO JUICE,Pack size : 300ml,Average Nutritional Value As Per 100ml,PER_100ML,61,255.224,0.2,15,15,0,,,,0.004,0.01,,,,,,,salt_derived_from_sodium
all_categories_combined,3508|3548,2,Fruitville Orange Juice 500Ml,FRUITVILLE ORANGE JUICE,Pack size : 500ml,Average Nutritional Value As Per 100ml,PER_100ML,110,460.24,2,26,22,1,,,0,0.015,0.0375,,,,,,,salt_derived_from_sodium
all_categories_combined,3504,1,Fruitville Pineapple Juice 500Ml,FRUITVILLE PINEAPPLE JUICE,Pack size : 500ml,Average Nutritional Value As Per 200ml,PER_200ML_SCALED,50,209.2,0.5,12,11,0,,,0,0,0,,,,,,,salt_derived_from_sodium
all_categories_combined,3552,1,Fruitville Strawberry And Banana Juice 500Ml,FRUITVILLE STRAWBERRY AND BANANA JUICE,Pack size : 500ml,Average Nutritional Value As Per 200ml,PER_200ML_SCALED,65,271.96,0,15.5,0,0,,,0,0,0,,,,,,,salt_derived_from_sodium
all_categories_combined,3493|3509,2,Fruitville Tropical Juice 500Ml,FRUITVILLE TROPICAL JUICE,Pack size : 500ml,Average Nutritional Value As Per 100ml,PER_100ML,24,100.416,0,5,5,0,,,0,0,0,,,,,,,salt_derived_from_sodium
all_categories_combined,2837,1,Galaxy Smooth Milk Chocolate 42Gm,GALAXY SMOOTH MILK CHOCOLATE,Pack size : 42gm,Nutrition values per 100g,PER_100G,544,2273,7.3,55,54,32,,,,0.128,0.32,,Food,Solid,Biscuits,Milk,,sodium_derived_from_salt
all_categories_combined,1401,1,Galito's Mild Piri-Piri Sauce 250ml,GALITO S MILD PIRI PIRI SAUCE,Pack size : 250ml,Average Nutritional Value As Per 100g,PER_100G,42,175.728,1.91,1,16.33,3,,,,0.004,0.01,,Piri-Piri Sauce,Paste,Food,,,salt_derived_from_sodium
all_categories_combined,1276,1,Galitos Garlic Piri-Piri Sauce 250ml,GALITOS GARLIC PIRI PIRI SAUCE,Pack size : 250ml,Average Nutritional Value As Per 100g,PER_100G,275,1150.6,,9,4,26,,,,,,,Piri-Piri Sauce,Paste,Food,Garlic,,missing_sodium
all_categories_combined,1431,1,Galitos Hot Piri-Piri Sauce 250ml,GALITOS HOT PIRI PIRI SAUCE,Pack size : 250ml,Average Nutritional Value As Per 100g,PER_100G,40,167.36,1.91,3,1,2,,,,0.001,0.0025,,Piri-Piri Sauce,Paste,Food,,,salt_derived_from_sodium
all_categories_combined,1393,1,Galitos Lemon And Herb Piri-Piri Sauce 250ml,GALITOS LEMON AND HERB PIRI PIRI SAUCE,Pack size : 250ml,Average Nutritional Value As Per 100g,PER_100G,120,502.08,1.91,42.1,16.33,0.14,,,,,,,Piri-Piri Sauce,Paste,Food,"Lemon, Herb",,missing_sodium
all_categories_combined,1400,1,Galitos Premium Reserve Piri-Piri Sauce 250ml,GALITOS PREMIUM RESERVE PIRI PIRI SAUCE,Pack size : 250ml,Average Nutritional Value As Per 100g,PER_100G,20,20,1,2,16.33,0.14,,,,,,,Piri-Piri Sauce,Paste,Food,,,missing_sodium
all_categories_combined,2024,1,Garlic Powder,GARLIC POWDER,,Average Nutritional Value As Per 100g,PER_100G,54,225.9,0.9,6,1.2,0.3,,,,0.026,0.065,,Garlic Powder,Powder,Food,,No Additives,salt_derived_from_sodium
all_categories_combined,4533,1,Gastone Lago Mini Roll Cocoa Wafers 125g,GASTONE LAGO MINI ROLL COCOA WAFERS,Pack size : 125g,Average Nutritional Value As Per 100g,PER_100G,507,2121,4.1,67.3,48.3,23.9,,,,0.12,0.3,,Wafers,Solid,Food,Cocoa,,sodium_derived_from_salt
all_categories_combined,1653,1,Gibsons Household 100% Arabica Medium Grind Dark Roast Coffee Beans 454g,GIBSONS HOUSEHOLD 100 ARABICA MEDIUM GRIND DARK ROAST COFFEE BEANS,Pack size : 454g,Average Nutritional Value As Per 15ml,PER_15ML_SCALED,400,1673.6,,106.667,106.667,,,,,0.1,0.25,,Coffee Beans,Solid,Food,,,missing_total_fat|salt_derived_from_sodium
all_categories_combined,1718,1,Gibsons Instant Coffee Stick 2G,GIBSONS INSTANT COFFEE STICK,Pack size : 2g,Average Nutritional Value As Per 100g,PER_100G,2,8,0.1,0.3,,,,,,0.004,0.01,,Coffee Stick,Powder,Food,,,missing_sugar|missing_total_fat|salt_derived_from_sodium
all_categories_combined,1591,1,Gibsons Kenya H Medium Grind 250G,GIBSONS KENYA H MEDIUM GRIND,Pack size : 250g,Average Nutritional Value As Per 100g,PER_100G,60,251.04,,16,16,,,,,0.015,0.0375,,Coffee,Solid,Food,,,missing_total_fat|salt_derived_from_sodium
all_categories_combined,2339,1,Gilda Tomato Paste 400g,GILDA TOMATO PASTE,Pack size : 400g,Average Nutritional Value As Per 100g,PER_100G,106,443,4.2,18.5,10.9,0.21,,,1.18,0.00025,0.000625,,Tomato Paste,Paste,Food,,,salt_derived_from_sodium
all_categories_combined,591,1,Godson Organics Chia Seed Black 250G,GODSON ORGANICS CHIA SEED BLACK,Pack size : 250G,Average Nutritional Value As Per 100g,PER_100G,135,669.44,3,14,,14,,,,,,,Chai Seeds,Solid,Food,,,missing_sodium|missing_sugar
all_categories_combined,618,1,Godson Organics Quinoa Seeds 500G,GODSON ORGANICS QUINOA SEEDS,Pack size : 500G,Average Nutritional Value As Per 100g,PER_100G,222,669.44,8,39,,3.7,,,5,,,,Quinoa Seeds,Solid,Food,,,missing_sodium|missing_sugar
all_categories_combined,685|894,2,Godson Organics Sesame Seeds 150G,GODSON ORGANICS SESAME SEEDS,Pack size : 150G,Average Nutritional Value As Per 100g,PER_100G,138,2631.73,4,12,,9,,,11,,,,Sesame Seeds,Solid,Food,,,missing_sodium|missing_sugar
all_categories_combined,3485,1,Gofrut Apple 500Ml,GOFRUT APPLE,Pack size : 500ml,Average Nutritional Value As Per 237ml,PER_237ML_SCALED,46.4135,194.093,,11.8143,,,,,,0.00843882,0.021097,,Apple Fruit Drink,Liquid,Beverage,Apple,,missing_sugar|missing_total_fat|salt_derived_from_sodium
all_categories_combined,3435,1,Gofrut Apple Juice 1L,GOFRUT APPLE JUICE,Pack size : 1L,Average Nutritional Value As Per 237ml,PER_237ML_SCALED,46.4135,194.093,0,11.8143,10.9705,0,,,0,0.00843882,0.021097,,,,,,,salt_derived_from_sodium
all_categories_combined,3872,1,GOLDEN BUTTER COOKIES 200G,GOLDEN BUTTER COOKIES,Pack size : 200g,Average Nutritional Value As Per 34g,PER_34G_SCALED,529.412,2215.06,5.88235,67.6471,,26.4706,,,,,,,Cookies,Solid,Food,,,missing_sodium|missing_sugar
all_categories_combined,3788,1,Golden Coco Nice Biscuits 200g,GOLDEN COCO NICE BISCUITS,Pack size : 200g,Average Nutritional Value As Per 100g,PER_100G,473,1979.03,7.5,72.8,,16.9,,,,,,,Biscuits,Solid,Food,Coconut,,missing_sodium|missing_sugar
all_categories_combined,3828,1,Golden Delicious Shortcake Biscuits 1Kg,GOLDEN DELICIOUS SHORTCAKE BISCUITS,Pack size : 1Kg,Average Nutritional Value As Per 100g,PER_100G,346,1448,6.1,48.5,48.5,14.2,,,,0.504,1.26,,Biscuits,Solid,Food,,,sodium_derived_from_salt
all_categories_combined,3852,1,GOLDEN DIGESTIVE CLASSIC 100G,GOLDEN DIGESTIVE CLASSIC,Pack size : 100g,Average Nutritional Value As Per 100g,PER_100G,493,2062.71,8,68,,21,,,,,,,Biscuits,Solid,Food,,,missing_sodium|missing_sugar
all_categories_combined,3879,1,Golden Digestive Classic Biscuits 400g,GOLDEN DIGESTIVE CLASSIC BISCUITS,Pack size : 400g,Average Nutritional Value As Per 100g,PER_100G,495,2071,6,67,16,12,,,3,0.27,0.675,,,,,,,salt_derived_from_sodium
all_categories_combined,3864,1,Golden Digestive High Fiber Biscuits 200g,GOLDEN DIGESTIVE HIGH FIBER BISCUITS,Pack size : 200g,Average Nutritional Value As Per 100g,PER_100G,495,2071,6,67,16,12,,,3,0.27,0.675,,,,,,,salt_derived_from_sodium
all_categories_combined,3781,1,Golden Family Tea Biscuit 200g,GOLDEN FAMILY TEA BISCUIT,Pack size : 200g,Average Nutritional Value As Per 32g,PER_32G_SCALED,468.75,1962.5,9.375,78.125,,12.5,,,,0.328125,0.820312,,Biscuit,Solid,Food,,,missing_sugar|salt_derived_from_sodium
all_categories_combined,3784,1,GOLDEN FAMILY TEA BISCUITS 200G,GOLDEN FAMILY TEA BISCUITS,Pack size : 200g,Average Nutritional Value As Per 32g,PER_32G_SCALED,469.05,1962.5,9.375,78.125,,12.5,,,,0.328125,0.820312,,Biscuits,Solid,Food,,,missing_sugar|salt_derived_from_sodium
all_categories_combined,2430|2441|2444|2446,4,Golden Fry Vegetable Cooking Oil 5L,GOLDEN FRY VEGETABLE COOKING OIL,Pack size : 5L,Average Nutritional Value As Per 100ml,PER_100ML,47,196.648,,,,100,,,,,,,,,,,,missing_sodium|missing_sugar
all_categories_combined,3789|3832,2,Golden Ginger Snaps Biscuits 200g,GOLDEN GINGER SNAPS BISCUITS,Pack size : 200g,Average Nutritional Value As Per 100g,PER_100G,474,1990,4.2,71.8,34.2,18.4,,,,,,,Biscuits,Solid,Food,Ginger,,missing_sodium
all_categories_combined,3896,1,Golden High Fibre Digestive Biscuit 1kg,GOLDEN HIGH FIBRE DIGESTIVE BISCUIT,Pack size : 1Kg,Average Nutritional Value As Per 100g,PER_100G,495,2071.08,6,67,16,12,,,,0.27,0.675,,Biscuit,Solid,Food,,,salt_derived_from_sodium
all_categories_combined,3752,1,Golden Marie Biscuits 100g,GOLDEN MARIE BISCUITS,Pack size : 100g,Average Nutritional Value As Per 100g,PER_100G,445,1861.88,8.4,78.9,21.9,10.7,,,,,,,Biscuits,Solid,Food,,,missing_sodium
all_categories_combined,3829,1,Golden Nice Coconut Biscuits 1Kg,GOLDEN NICE COCONUT BISCUITS,Pack size : 1Kg,Average Nutritional Value As Per 100g,PER_100G,463,1937.19,6,76,30.5,15,,,3,0.016,0.04,,Biscuits,Solid,Food,Coconut,,salt_derived_from_sodium
all_categories_combined,3831,1,Golden Scotch Short Cake Biscuit 1kg,GOLDEN SCOTCH SHORT CAKE BISCUIT,Pack size : 1kg,Average Nutritional Value As Per 30g,PER_30G_SCALED,333.333,1394.67,10,80,23.3333,16.6667,,,,,,,Biscuit,Solid,Food,,,missing_sodium
all_categories_combined,2449,1,Goldn Pure Soya Gold Soybean Oil 3L,GOLDN PURE SOYA GOLD SOYBEAN OIL,Pack size : 3L,Average Nutritional Value As Per 100ml,PER_100ML,900,3765.6,,,,100,,,,,,,Soybean Oil,Liquid,Food,,,missing_sodium|missing_sugar
all_categories_combined,2994,1,Gonuts skinned roasted peanuts 100g.,GONUTS SKINNED ROASTED PEANUTS,Pack size : 100g,Average Nutritional Value As Per 100g,PER_100G,585,2447.64,23.68,21.51,,49.66,,,,,,,Roasted Peanuts,Solid,Food,,,missing_sodium|missing_sugar
all_categories_combined,716,1,GORO NO 100 SPIRALI GRANDI 500G,GORO NO 100 SPIRALI GRANDI,Pack size : 500g,Average Nutritional Value As Per 100g,PER_100G,355,1507,13,71,3,1.5,,,,,,,Pasta,Solid,Food,,,missing_sodium
all_categories_combined,637,1,GORO NO 121 LASAGNE 500G,GORO NO 121 LASAGNE,Pack size : 500g,Average Nutritional Value As Per 100g,PER_100G,351,1490,12,71,3,1.5,,,,,,,Pasta,Solid,Food,,,missing_sodium
all_categories_combined,755,1,GORO NO 43 PENNONI RIGATE 500G,GORO NO 43 PENNONI RIGATE,Pack size : 500g,Average Nutritional Value As Per 100g,PER_100G,355,1487,13,71,3,1.5,,,,,,,Pasta,Solid,Food,,,missing_sodium
all_categories_combined,879,1,GORO NO 81 TAGLIATELLE 500G,GORO NO 81 TAGLIATELLE,Pack size : 500g,Average Nutritional Value As Per 100g,PER_100G,354,1481,7.5,76.5,2.5,1.5,,,,,,,Pasta,Solid,Food,,,missing_sodium
all_categories_combined,698,1,Granoro Canneroni No. 21 Pasta 500g,GRANORO CANNERONI NO 21 PASTA,Pack size : 500g,Average Nutritional Value As Per 100g,PER_100G,355,1507,13,71,3,1.5,,,3,0,0,,Pasta,Solid,,,,salt_derived_from_sodium
all_categories_combined,630,1,Granoro I Classici No.4 Linguini Pasta 500g,GRANORO I CLASSICI NO 4 LINGUINI PASTA,Pack size : 500g,Average Nutritional Value As Per 100g,PER_100G,355,1507,13,71,3,1.5,,,3,,,,Pasta,Solid,Food,,,missing_sodium
all_categories_combined,802,1,Granoro il Primo Cannelloni Pasta 250g,GRANORO IL PRIMO CANNELLONI PASTA,Pack size : 250g,Average Nutritional Value As Per 100g,PER_100G,322,1347.25,11,60,2,2,,,,,,,Pasta,Solid,Food,,,missing_sodium
all_categories_combined,650,1,Granoro Integrale Organic Whole Wheat No. 12 Spaghetti Pasta 500g,GRANORO INTEGRALE ORGANIC WHOLE WHEAT NO 12 SPAGHETTI PASTA,Pack size : 500g,Average Nutritional Value As Per 100g,PER_100G,352,1472.77,11.5,67,3.4,2.4,,,0,0,0,,Pasta,Solid,,,,salt_derived_from_sodium
all_categories_combined,748,1,Granoro N. 13 Spaghetti Vermicelli Classic Pasta 500g,GRANORO N 13 SPAGHETTI VERMICELLI CLASSIC PASTA,Pack size : 500g,Average Nutritional Value As Per 100g,PER_100G,355,1507,13,71,3,,,,3,0,0,,Pasta,Solid,Food,,,missing_total_fat|sodium_derived_from_salt
all_categories_combined,683,1,Granoro N. 27 Penne Classic Pasta 500g,GRANORO N 27 PENNE CLASSIC PASTA,Pack size : 500g,Average Nutritional Value As Per 100g,PER_100G,355,1485,13,71,3,1.5,,,3,0,0,,Pasta,Solid,Food,,,sodium_derived_from_salt
all_categories_combined,713,1,Granoro N. 32 Spirali Classic Pasta 500g,GRANORO N 32 SPIRALI CLASSIC PASTA,Pack size : 500g,Average Nutritional Value As Per 100g,PER_100G,335,1402,13,71,3,1.5,,,,,,,Pasta,Solid,Food,,,missing_sodium
all_categories_combined,820,1,Granoro N.41 Gomiti Dedicato Pasta 500g,GRANORO N 41 GOMITI DEDICATO PASTA,Pack size : 500g,Average Nutritional Value As Per 100g,PER_100G,335,1507,13,71,3,1.5,,,3,0.132,0.33,,Pasta,Solid,Food,,,sodium_derived_from_salt
all_categories_combined,647,1,GRANORO NO 14 SPAGHETTI RISTO 500G,GRANORO NO 14 SPAGHETTI RISTO,Pack size : 500g,Average Nutritional Value As Per 100g,PER_100G,355,1507,13,71,3,1.5,,,3,,,,Pasta,Solid,Food,,,missing_sodium
all_categories_combined,622,1,GRANORO NO 17 RIGATONI 500G,GRANORO NO 17 RIGATONI,Pack size : 500g,Average Nutritional Value As Per 100g,PER_100G,355,1507,13,71,3,1.5,,,3,,,,Pasta,Solid,Food,,,missing_sodium
all_categories_combined,635,1,GRANORO NO 26 PENNE RIGATE 500G,GRANORO NO 26 PENNE RIGATE,Pack size : 500g,Average Nutritional Value As Per 100g,PER_100G,355,1507,13,71,3,1.5,,,3,,,,Pasta,Solid,Food,,,missing_sodium
all_categories_combined,910,1,Granoro Pappardelle No. 134 Pasta 500g,GRANORO PAPPARDELLE NO 134 PASTA,Pack size : 500g,Average Nutritional Value As Per 100g,PER_100G,355,1485,14,69,5,1.8,,,3.4,0,0,,Pasta,Solid,,,,salt_derived_from_sodium
all_categories_combined,4357,1,Green Forest Cashew Nuts 500g,GREEN FOREST CASHEW NUTS,Pack size : 500g,Average Nutritional Value As Per 100g,PER_100G,581,2430.9,16.8,30.2,,47.8,,,3.3,0.308,0.77,,Cashew Nuts,Solid,Food,,,missing_sugar|salt_derived_from_sodium
all_categories_combined,4335,1,Green Forest Dry Salted And Roasted Cashew Nuts 100g,GREEN FOREST DRY SALTED AND ROASTED CASHEW NUTS,Pack size : 100g,Average Nutritional Value As Per 100g,PER_100G,621,2566,17,30,4.9,48,,,3.2,0.26,0.65,,Cashew Nuts,Solid,Food,Salted,,salt_derived_from_sodium
all_categories_combined,4351,1,Green Forest Raw Cashew Nuts 250g,GREEN FOREST RAW CASHEW NUTS,Pack size : 250g,Average Nutritional Value As Per 100g,PER_100G,581,2430.9,16.8,30.2,,47.8,,,3.3,0.308,0.77,,Cashew Nuts,Solid,Food,,,missing_sugar|salt_derived_from_sodium
all_categories_combined,4337,1,Green Forest Roasted And Salted Cashew Nuts 100g,GREEN FOREST ROASTED AND SALTED CASHEW NUTS,Pack size : 100g,Average Nutritional Value As Per 100g,PER_100G,621,2566,17,30,4.9,48,,,3.2,0.26,0.65,,Cashew Nuts,Solid,Food,Salted,,salt_derived_from_sodium
all_categories_combined,2987|3008|3023|3032,4,Green Forest Roasted And Salted Peeled Peanuts 100g,GREEN FOREST ROASTED AND SALTED PEELED PEANUTS,Pack size : 100g,Average Nutritional Value As Per 100g,PER_100G,580,2426.72,30,2,2,49,,,,0.459,1.1475,,Peeled Peanuts,Solid,Food,,,salt_derived_from_sodium
all_categories_combined,2988,1,Green Forest Roasted And Salted Unpeeled Peanuts 100g,GREEN FOREST ROASTED AND SALTED UNPEELED PEANUTS,Pack size : 100g,Average Nutritional Value As Per 30g,PER_30G_SCALED,620,2594.08,23.3333,10,3.33333,50,,,6.66667,,,,Unpeeled Peanuts,Solid,Food,,,missing_sodium
all_categories_combined,2992,1,Green Forest Salted Peeled Peanuts 100g,GREEN FOREST SALTED PEELED PEANUTS,Pack size : 100g,Average Nutritional Value As Per 100g,PER_100G,580,2426.72,30,2,2,49,,,,0.459,1.1475,,Peeled Peanuts,Solid,Food,,,salt_derived_from_sodium
all_categories_combined,2991|3016|3030,3,Green Forest Unpeeled Peanuts 100g,GREEN FOREST UNPEELED PEANUTS,Pack size : 100g,Average Nutritional Value As Per 28g,PER_28G_SCALED,607.143,2540.29,28.5714,17.8571,3.57143,50,,,7.14286,0.0178571,0.0446429,,Unpeeled Peanuts,Solid,Food,,,salt_derived_from_sodium
all_categories_combined,3003,1,Green Forest Unpeeled Roasted And Salted Peanuts 200g,GREEN FOREST UNPEELED ROASTED AND SALTED PEANUTS,Pack size : 200g,Average Nutritional Value As Per 100g,PER_100G,634,2653,26,20,4.1,50,,,8.6,0.26,0.65,,Peanuts,Solid,Food,Salted,,salt_derived_from_sodium
all_categories_combined,290,1,Greens Carmelle Vanilla Dessert Mix Pudding 70g,GREENS CARMELLE VANILLA DESSERT MIX PUDDING,Pack size : 70g,Average Nutritional Value As Per 100g,PER_100G,88,374,2.8,15.7,13.7,1.4,,,,0.13,0.325,,Dessert Mix Pudding,Liquid,Food,"Carmelle, Vanilla",,salt_derived_from_sodium
all_categories_combined,2583,1,GUAI XI FU Pepper Chicken Feet 238g,GUAI XI FU PEPPER CHICKEN FEET,Pack size : 238g,Average Nutritional Value As Per 100g,PER_100G,121,508,12.2,,,8.1,,,,1.8,4.5,,Chicken Feet,Solid,Food,,,missing_sugar|salt_derived_from_sodium
all_categories_combined,785|835,2,Guru Aromatic Biryani Rice 5Kg,GURU AROMATIC BIRYANI RICE,Pack size : 5Kg,Average Nutritional Value As Per 100g,PER_100G,357,1493,8.6,79,,0.9,,,1.3,0.0041,0.01025,,Biryani Rice,Solid,Food,,,missing_sugar|salt_derived_from_sodium
all_categories_combined,824|888|932,3,Guru Long Grain White Rice 2Kg,GURU LONG GRAIN WHITE RICE,Pack size : 2Kg,Average Nutritional Value As Per 100g,PER_100G,158,663,3,36,,0.2,,,2,0.004,0.01,,Rice,Solid,Food,,,missing_sugar|salt_derived_from_sodium
all_categories_combined,842|875,2,Guru Parboiled Rice 1Kg,GURU PARBOILED RICE,Pack size : 1Kg,Average Nutritional Value As Per 100g,PER_100G,347,1451,9,78,,1,,,,,,,Rice,Solid,Food,,,missing_sodium|missing_sugar
all_categories_combined,733,1,Guru Pishori Basmati Rice 5Kg,GURU PISHORI BASMATI RICE,Pack size : 5Kg,Average Nutritional Value As Per 100g,PER_100G,180,7531,6,57,,0.5,,,1.8,0.00032,0.0008,,Rice,Solid,Food,,,missing_sugar|salt_derived_from_sodium
all_categories_combined,766,1,GURU PREMIUM BLEND PISHORI RICE1KG,GURU PREMIUM BLEND PISHORI RICE1KG,Pack size : 1kg,Average Nutritional Value As Per 100g,PER_100G,349,1425,8,77,0,0,,,0,0,0,,Pishori Rice,Solid,Food,,,salt_derived_from_sodium
all_categories_combined,867,1,Guru Premium Blended Pishori Rice 2kg,GURU PREMIUM BLENDED PISHORI RICE,Pack size : 2kg,Average Nutritional Value As Per 100g,PER_100G,349,1425,8,77,0,0,,,0,0,0,,Pishori Rice,Solid,Food,,,salt_derived_from_sodium
all_categories_combined,834,1,Guru Premium Blended Varity Pishori Rice 1Kg,GURU PREMIUM BLENDED VARITY PISHORI RICE,Pack size : 1Kg,Average Nutritional Value As Per 100g,PER_100G,349,1425,8,77,0,0,,,0,0,0,,Pishori Rice,Solid,Food,,,salt_derived_from_sodium
all_categories_combined,917,1,Guru Pure Kenya Pishori Rice 2Kg,GURU PURE KENYA PISHORI RICE,Pack size : 2Kg,Average Nutritional Value As Per 100g,PER_100G,180,7531,6,57,,0.5,,,1.8,0.00032,0.0008,,Rice,Solid,Food,,,missing_sugar|salt_derived_from_sodium
all_categories_combined,562|806,2,GURU SPECIAL BASMATI RICE 5KG,GURU SPECIAL BASMATI RICE,Pack size : 5Kg,Average Nutritional Value As Per 100g,PER_100G,365,1527,7.1,80,,0.7,,,1.8,0.00054,0.00135,,Rice,Solid,Food,,,missing_sugar|salt_derived_from_sodium
all_categories_combined,2860,1,Guylian 72% Cocoa Raspberry Dark Chocolate Bar 100g,GUYLIAN 72 COCOA RASPBERRY DARK CHOCOLATE BAR,,Average Nutritional Value As Per 100g,PER_100G,541,2263.54,9.4,27.5,23.1,39.8,,,,0.008,0.02,,Dark Chocolate Bar,Solid,Food,"Raspberry, Cocoa",,salt_derived_from_sodium
all_categories_combined,2863,1,Guylian Caramel Almond Milk Chocolate Bar 100g,GUYLIAN CARAMEL ALMOND MILK CHOCOLATE BAR,,Average Nutritional Value As Per 100g,PER_100G,548,2292.83,9.3,48.7,47.6,34.1,,,,0.094,0.235,,Chocolate Bar,Solid,Food,"Almond, Caramel",,salt_derived_from_sodium
all_categories_combined,4401,1,GUYLIAN MILK BAR SUGAR FREE 100G,GUYLIAN MILK BAR SUGAR FREE,Pack size : 100g,Average Nutritional Value As Per 100g,PER_100G,486,2040,8.4,27.8,10.5,40.3,,,,0.09,0.225,,Milk Chocolate,Solid,Food,Milk,,salt_derived_from_sodium
all_categories_combined,2861,1,GUYLIAN MILK CHOCO SCARAMEL BAR100G,GUYLIAN MILK CHOCO SCARAMEL BAR100G,Pack size : 100g,Average Nutritional Value As Per 100g,PER_100G,539,2258,8.6,52,51,32,,,,,,,Milk Chocolate,Solid,Food,Salted Caramel,,missing_sodium
all_categories_combined,4734,1,Guylian Opus Luxury Assortment Belgian Chocolates Gift Box 180G,GUYLIAN OPUS LUXURY ASSORTMENT BELGIAN CHOCOLATES GIFT BOX,Pack size : 180g,Average Nutritional Value As Per 100g,PER_100G,555,2319,7.7,50,48,36,,,,,,,Chocolates Gift Box,Solid,Food,,,missing_sodium
all_categories_combined,3248,1,Guylian Premium Dark 72% Belgian Chocolate Bar 100g,GUYLIAN PREMIUM DARK 72 BELGIAN CHOCOLATE BAR,Pack size : 100g,Average Nutritional Value As Per 100g,PER_100G,516,2159,9,30,24,40,,,,0.004,0.01,,Chocolate Bar,Solid,Food,Dark Chocolate,,salt_derived_from_sodium
all_categories_combined,4727,1,Guylian Sea Horse Pralines Belgian Chocolates 168g,GUYLIAN SEA HORSE PRALINES BELGIAN CHOCOLATES,Pack size : 168g,Average Nutritional Value As Per 100g,PER_100G,552,2310,7.5,52,51,34,,,,,,,Chocolate,Solid,Food,,,missing_sodium
all_categories_combined,4695,1,GUYLIAN SEA SHELL CON STORE TRAY65G,GUYLIAN SEA SHELL CON STORE TRAY65G,Pack size : 65g,Average Nutritional Value As Per 100g,PER_100G,552,2312,7.8,50,49,35,,,,0.28,0.7,,Belgian Chocolates,Solid,Food,,,sodium_derived_from_salt
all_categories_combined,4716,1,Guylian Sea Shells Artisanal Belgian Chocolates 125g,GUYLIAN SEA SHELLS ARTISANAL BELGIAN CHOCOLATES,Pack size : 125g,Average Nutritional Value As Per 100g,PER_100G,555,2319,7.7,50,48,36,,,,,,,Chocolates,Solid,Food,Cocoa,,missing_sodium
all_categories_combined,4735,1,Guylian Sea Shells Belgian Chocolates Gift Ballotin 250g,GUYLIAN SEA SHELLS BELGIAN CHOCOLATES GIFT BALLOTIN,Pack size : 250g,Average Nutritional Value As Per 100g,PER_100G,587,2440,7,45,44,28,,,,,,,Chocolates Gift Ballotin,Solid,Food,Cocoa,,missing_sodium
all_categories_combined,2535,1,Haday Dark Soya Sauce 500ml,HADAY DARK SOYA SAUCE,Pack size : 500ml,Average Nutritional Value As Per 100g,PER_100G,126,527.18,7,21,8,,,,,1.64,4.1,,Dark Soy Sauce,Liquid,Food,,,missing_total_fat|salt_derived_from_sodium
all_categories_combined,2596,1,Haday Soybean Sauce 800g,HADAY SOYBEAN SAUCE,Pack size : 800g,Average Nutritional Value As Per 100g,PER_100G,137,575,9.3,16.6,11.9,,,,,4.64,11.6,,Soybean Sauce,Paste,Food,,,missing_total_fat|sodium_derived_from_salt
all_categories_combined,2563,1,HAILONG SWEET POTATO NOODLES 248G,HAILONG SWEET POTATO NOODLES,Pack size : 248g,Average Nutritional Value As Per 113g,PER_113G_SCALED,115.929,485.048,6.19469,13.2743,,2.65487,,,,,,,Noodles,Solid,Food,Sweet Potato,,missing_sodium|missing_sugar
all_categories_combined,2635,1,Haldiram's Orange Soan Papadi 250g,HALDIRAM S ORANGE SOAN PAPADI,Pack size : 250g,Average Nutritional Value As Per 100g,PER_100G,490,2050.16,5.33,65.35,46.06,23.06,,,0.62,0.008,0.02,,Soan Papadi,Solid,Food,Orange,Solid,salt_derived_from_sodium
all_categories_combined,2623,1,Haldiram's Soan Papdi 250g,HALDIRAM S SOAN PAPDI,Pack size : 250g,Average Nutritional Value As Per 21g,PER_21G_SCALED,523.81,2190.48,4.7619,66.6667,47.619,23.8095,,,0,0.00952381,0,,Soan Papdi,Solid,Food,Cardemom,,
all_categories_combined,4718,1,Hamlet Assortment White Belgian Chocolate 125G,HAMLET ASSORTMENT WHITE BELGIAN CHOCOLATE,Pack size : 125g,Average Nutritional Value As Per 180ml,PER_180ML_SCALED,338.889,1416.67,2.72222,22.2222,18.8889,26.1111,,,0,0,0,,Chocolate,Solid,Food,Cocoa,,salt_derived_from_sodium
all_categories_combined,4411,1,Hamlet Belgian Chocolat Cupido 250G,HAMLET BELGIAN CHOCOLAT CUPIDO,Pack size : 250g,Average Nutritional Value As Per 100g,PER_100G,523,2188,6.2,56,53,30,,,,0.08,0.2,,Cupido Chocolate,Solid,Food,Cocoa,,sodium_derived_from_salt
all_categories_combined,4705,1,Hamlet Belgian Chocolate 100G,HAMLET BELGIAN CHOCOLATE,Pack size : 100g,Average Nutritional Value As Per 100g,PER_100G,526,2201,5.5,45,44,36,,,,0.048,0.12,,Pralines Chocolate,Solid,Food,Cocoa,,sodium_derived_from_salt
all_categories_combined,4721,1,Hamlet Chesterfield Line Black Chocolate 125G,HAMLET CHESTERFIELD LINE BLACK CHOCOLATE,Pack size : 125g,Average Nutritional Value As Per 100g,PER_100G,526,2201,6.2,56,54,30,,,,,,,Black Chocolate,Solid,Food,,,missing_sodium
all_categories_combined,188,1,HAMLET CHOCOLATE IMAGE LINE RED125G,HAMLET CHOCOLATE IMAGE LINE RED125G,Pack size : 125g,Average Nutritional Value As Per 100g,PER_100G,526,2201,6.2,56,54,30,,,,0.064,0.16,,Belgian Chocolate,Solid,Food,Cocoa,,sodium_derived_from_salt
all_categories_combined,4700,1,Hamlet Chocolate Sticks Orange125G,HAMLET CHOCOLATE STICKS ORANGE125G,Pack size : 125g,Average Nutritional Value As Per 100g,PER_100G,511,2130,7,61,59,26,,,,0.068,0.17,,Orange Chocolate Sticks,Solid,Food,"Orange, Cocoa",,sodium_derived_from_salt
all_categories_combined,321,1,HAMLET COOKING CHOCOLATE DARK 200G,HAMLET COOKING CHOCOLATE DARK,Pack size : 200g,Average Nutritional Value As Per 100g,PER_100G,554,2320,6,43,39,38,,,,0.008,0.02,,Dark Chocolate,Solid,Food,Cocoa,,sodium_derived_from_salt
all_categories_combined,4708,1,Hamlet Cupido Irish Whiskey And Cream Chocolate 150G,HAMLET CUPIDO IRISH WHISKEY AND CREAM CHOCOLATE,Pack size : 150g,Average Nutritional Value As Per 100g,PER_100G,469,1920,2.8,57,51,21,,,,,,,Chocolate,Solid,Food,"Whiskey, Cream",,missing_sodium
all_categories_combined,4403,1,Hamlet Excelcium Assortment Red Pralines Chocolate 180G,HAMLET EXCELCIUM ASSORTMENT RED PRALINES CHOCOLATE,Pack size : 180g,Average Nutritional Value As Per 100g,PER_100G,472,1975,6.2,63,47,21,,,0,,,,Chocolate,Solid,Food,Cocoa,,missing_sodium
all_categories_combined,186,1,Hamlet Excelcium Gpraline Asso180G,HAMLET EXCELCIUM GPRALINE ASSO180G,Pack size : 180g,Average Nutritional Value As Per 100g,PER_100G,465,1946,6.1,64,48,20,,,,0.032,0.08,,Excelsium Pralines Chocolate,Solid,Food,Cocoa,,sodium_derived_from_salt
all_categories_combined,4719,1,Hamlet Excellent Chocolate Box 125G,HAMLET EXCELLENT CHOCOLATE BOX,Pack size : 125g,Average Nutritional Value As Per 100g,PER_100G,526,2200,6.2,55.5,53.5,,,,30.4,,,,Chocolate Box,Solid,Food,,,missing_sodium|missing_total_fat
all_categories_combined,4720,1,Hamlet Excellent Line Gold Box 125G,HAMLET EXCELLENT LINE GOLD BOX,Pack size : 125g,Average Nutritional Value As Per 100g,PER_100G,526,2201,6.2,56,54,30,,,,0.06,0.15,,Belgian Chocolate,Solid,Food,Cocoa,,sodium_derived_from_salt
all_categories_combined,4694,1,Hamlet Gold Euro Coins Chocolate 100G,HAMLET GOLD EURO COINS CHOCOLATE,Pack size : 100g,Average Nutritional Value As Per 100g,PER_100G,524,2194,6,62,53,28,,,,,,,Chocolate,Solid,Food,,,missing_sodium
all_categories_combined,4722,1,Hamlet Love Chocolate Box 125G,HAMLET LOVE CHOCOLATE BOX,Pack size : 125g,Average Nutritional Value As Per 100g,PER_100G,526,2201,6.2,56,54,30,,,,,,,Love Line Chocolate,Solid,Food,Cocoa,,missing_sodium
all_categories_combined,4699,1,HAMLET MILK CHOCO FLAKE TRUFFLE125G,HAMLET MILK CHOCO FLAKE TRUFFLE125G,Pack size : 125g,Average Nutritional Value As Per 100g,PER_100G,601,2515,4.1,50,49,43,,,,0.048,0.12,,Truffle Chocolate,Solid,Food,Cocoa,,sodium_derived_from_salt
all_categories_combined,4707,1,HAMLET ROYAL MINTS 200 G,HAMLET ROYAL MINTS,Pack size : 200g,Average Nutritional Value As Per 100g,PER_100G,457,1910,3.5,70,68,17,,,,0.032,0.08,,Mint Chocolate,Solid,Food,Cocoa,,sodium_derived_from_salt
all_categories_combined,4706,1,Hamlet Royal Orange Mints 200 G,HAMLET ROYAL ORANGE MINTS,Pack size : 200g,Average Nutritional Value As Per 100g,PER_100G,457,1910,3.5,70,61,17,,,,0.032,0.08,,Orange Mint Chocolate,Solid,Food,"Orange, Cocoa",,sodium_derived_from_salt
all_categories_combined,4724,1,Hamlet Sea Shell Chocolate Box250G,HAMLET SEA SHELL CHOCOLATE BOX250G,Pack size : 250g,Average Nutritional Value As Per 100g,PER_100G,560,2343,4,58,57,35,,,,0.004,0.01,,Sea Shells Chocolate,Solid,Food,Cocoa,,sodium_derived_from_salt
all_categories_combined,4402,1,Hamlet Sea Shell Hazelnut Fill.125G,HAMLET SEA SHELL HAZELNUT FILL,Pack size : 125g,Average Nutritional Value As Per 100g,PER_100G,553,2314,3.9,50,49,37,,,,0.032,0.08,,Hazelnut Fill Belgian Chocolate,Solid,Food,Cocoa,,sodium_derived_from_salt
all_categories_combined,4726,1,Hamlet Seashell Hazelnut Filling Chocolate 250G,HAMLET SEASHELL HAZELNUT FILLING CHOCOLATE,Pack size : 250g,Average Nutritional Value As Per 100g,PER_100G,553,2314,3.9,50,49,37,,,,,,,Chocolate,Solid,Food,Hazelnut,,missing_sodium
all_categories_combined,4710,1,Hamlet Selection Chocolate 125G,HAMLET SELECTION CHOCOLATE,Pack size : 125g,Average Nutritional Value As Per 100g,PER_100G,512,2140,6.2,58,,28,,,,,,,Chocolate,Solid,Food,,,missing_sodium|missing_sugar
all_categories_combined,4397,1,Hamlets Chocolas Hazelnut 125G,HAMLETS CHOCOLAS HAZELNUT,Pack size : 125g,Average Nutritional Value As Per 100g,PER_100G,536,2243,7,54,46,32,,,,0.104,0.26,,Crispy Hazelnut Chips,Solid,Food,Cocoa Hazelnut,,sodium_derived_from_salt
all_categories_combined,4400,1,Hamlets Chocolas Milk 125G,HAMLETS CHOCOLAS MILK,Pack size : 125g,Average Nutritional Value As Per 100g,PER_100G,533,2230,6.9,55,45,31,,,,0.12,0.3,,Milk Chocolate Chips,Solid,Food,Cocoa,,sodium_derived_from_salt
all_categories_combined,4399,1,Hamlets Chocolas Orange 125G,HAMLETS CHOCOLAS ORANGE,Pack size : 125g,Average Nutritional Value As Per 100g,PER_100G,533,2230,6.9,55,45,31,,,,0.12,0.3,,Crispy Orange Chips,Solid,Food,"Orange, Cocoa",,sodium_derived_from_salt
all_categories_combined,4167,1,Happy Golden Salted Chips 100G,HAPPY GOLDEN SALTED CHIPS,Pack size : 100g,Average Nutritional Value As Per 100g,PER_100G,470,1966.4,6,63,0,20,,,0,0.001,0.0025,,Salted Chips,Solid,Food,,,salt_derived_from_sodium
all_categories_combined,4207,1,Happy's Golden Cheese And Onion Potato Crisps 200g,HAPPY S GOLDEN CHEESE AND ONION POTATO CRISPS,Pack size : 200g,Average Nutritional Value As Per 100g,PER_100G,506,2113,5.6,62,54,3.3,,,28.2,4.8,12,,Potato Crisps,Solid,Food,"Cheese, Onion",,salt_derived_from_sodium
all_categories_combined,4211,1,Happy's Golden Chilli Potato Crisps 200g,HAPPY S GOLDEN CHILLI POTATO CRISPS,Pack size : 200g,Average Nutritional Value As Per 100g,PER_100G,544,2276.1,7.1,54.1,2.6,33.2,,,,0.859,2.1475,,Crisps,Solid,Food,Chilli,,salt_derived_from_sodium
all_categories_combined,3026,1,Happy39S Golden Masala Peanuts 400G,HAPPY39S GOLDEN MASALA PEANUTS,Pack size : 400g,Average Nutritional Value As Per 100g,PER_100G,637,2665.21,20.62,21.85,,51.91,,,3.33,0.425,1.0625,,Masala Peanuts,Solid,Food,Masala,,missing_sugar|salt_derived_from_sodium
all_categories_combined,4097,1,Happys Golden Cheese And Onion Potato Crisps 50G,HAPPYS GOLDEN CHEESE AND ONION POTATO CRISPS,Pack size : 50g,Average Nutritional Value As Per 100g,PER_100G,506,2113,5.6,62,54,3.3,,,28.2,4.8,12,,Potato Crisps,Solid,Food,"Cheese, Onion",,salt_derived_from_sodium
all_categories_combined,4099|4171,2,Happys Golden Chilli Potato Crisps 50G,HAPPYS GOLDEN CHILLI POTATO CRISPS,Pack size : 50g,Average Nutritional Value As Per 100g,PER_100G,544,2276,7.1,54.2,2.6,33.2,,,,0.859,2.1475,,Potato Crisps,Solid,Food,,,salt_derived_from_sodium
all_categories_combined,3176|4074,2,Happys Golden Fruit Chutney Crisps Chips 30G,HAPPYS GOLDEN FRUIT CHUTNEY CRISPS CHIPS,Pack size : 30g,Average Nutritional Value As Per 20g,PER_20G_SCALED,440,1840.5,5,65,0,10,,,0,0.585,1.4625,,Chutney Crisps Chips,Solid,Food,,,salt_derived_from_sodium
all_categories_combined,4200,1,Happys Golden Fruit Chutney Potato Crisps 125G,HAPPYS GOLDEN FRUIT CHUTNEY POTATO CRISPS,Pack size : 125g,Average Nutritional Value As Per 100g,PER_100G,280,1171,5.5,35.8,,19.5,,,3.8,0.0007,0.00175,,Potato Crisps,Solid,Food,Fruit Chutney,,missing_sugar|salt_derived_from_sodium
all_categories_combined,3167|3175,2,Happys Golden Lemon Zing Potato Chips 30G,HAPPYS GOLDEN LEMON ZING POTATO CHIPS,Pack size : 30g,Average Nutritional Value As Per 100g,PER_100G,280,1171.52,5.5,35.8,,19.5,,,3.8,0.7,1.75,,Potato Chips,Solid,Food,Lemon,,missing_sugar|salt_derived_from_sodium
all_categories_combined,4166,1,Happys Golden Salt And Vinegar Potato Crisps 100G,HAPPYS GOLDEN SALT AND VINEGAR POTATO CRISPS,Pack size : 100g,Average Nutritional Value As Per 100g,PER_100G,516,2160,9.5,53.1,1,30.2,,,4.2,0.778,1.945,,Potato Crisps,Solid,Food,,,salt_derived_from_sodium
all_categories_combined,4083,1,Happys Golden Salted Potato Crisps 30G,HAPPYS GOLDEN SALTED POTATO CRISPS,Pack size : 30g,Average Nutritional Value As Per 100g,PER_100G,470,1966.48,6,63,,20,,,,0.001,8,,Potato Crisps,Solid,Food,,,missing_sugar
all_categories_combined,3178,1,Happys Golden Sour Cream And Onion Potato Chips 70G,HAPPYS GOLDEN SOUR CREAM AND ONION POTATO CHIPS,Pack size : 70g,Average Nutritional Value As Per 100g,PER_100G,280,1171.52,5.5,35.8,,19.5,,,3.8,0.7,1.75,,Potato Chips,Solid,Food,"Sour Cream, Onion.",,missing_sugar|salt_derived_from_sodium
all_categories_combined,3166|3177,2,Happys Golden Spicy Twist Potato Chips 30G,HAPPYS GOLDEN SPICY TWIST POTATO CHIPS,Pack size : 30g,Average Nutritional Value As Per 100g,PER_100G,280,1171.52,5.5,35.8,,19.5,,,3.8,0.7,1.75,,Potato Chips,Solid,Food,Spicy,,missing_sugar|salt_derived_from_sodium
all_categories_combined,4082,1,Happys Golden Spring Onion Potato Crisps 30G,HAPPYS GOLDEN SPRING ONION POTATO CRISPS,Pack size : 30g,Average Nutritional Value As Per 100g,PER_100G,570,2384.88,5,48,,35,,,,,,,Potato Crisps,Solid,Food,Onion,,missing_sodium|missing_sugar
all_categories_combined,4096|4100|4162|4210,4,Happys Golden Tomato Potato Crisps 50g,HAPPYS GOLDEN TOMATO POTATO CRISPS,Pack size : 50g,Average Nutritional Value As Per 20g,PER_20G_SCALED,300,1255.2,10,30,10,15,,,5,1.4,3.5,,Potato Crisps,Solid,Food,Tomato,,salt_derived_from_sodium
all_categories_combined,3095,1,HARIBO CHAMALLOWS 150G,HARIBO CHAMALLOWS,Pack size : 150g,Average Nutritional Value As Per 30g,PER_30G_SCALED,336.667,1436.67,5.8,80,70,0,,,0,0.01,0.025,,Candy,Solid,Food,Chamallows,,
all_categories_combined,3097,1,HARIBO GOLDBEAR 160G,HARIBO GOLDBEAR,Pack size : 160g,Average Nutritional Value As Per 100g,PER_100G,343,1459,6.9,77,46,0.5,,,0,0,0.07,,Jelly Candy,Solid,Food,Mix Fruit,,
all_categories_combined,3089,1,Haribo Halal Worms Gummy Candy 80g,HARIBO HALAL WORMS GUMMY CANDY,Pack size : 80g,Average Nutritional Value As Per 100g,PER_100G,103,429,2.3,22.9,14.4,,,,,0.006,0.015,,Gummy Candy,Solid,Food,,,missing_total_fat|salt_derived_from_sodium
all_categories_combined,3090,1,Haribo Happy Cherries Candy 80g,HARIBO HAPPY CHERRIES CANDY,Pack size : 80g,Average Nutritional Value As Per 100g,PER_100G,343,1459,6.9,77,46,0.5,,,,,,,Candy,Solid,Food,Cherries,,missing_sodium
all_categories_combined,3085|3088,2,Haribo Happy Cola Halal Candy 80g,HARIBO HAPPY COLA HALAL CANDY,Pack size : 80g,Average Nutritional Value As Per 100g,PER_100G,338,1442,6,78,52,0.5,,,,,,,Candy,Solid,Food,Cola,,missing_sodium
all_categories_combined,3091,1,HARIBO PEACHES 80G,HARIBO PEACHES,Pack size : 80g,Average Nutritional Value As Per 100g,PER_100G,349,1482,4.5,82,63,0.5,,,0,0,0.03,,Gummi Candy,Solid,Food,,,
all_categories_combined,3077,1,Haribo Roulette Candy 25g,HARIBO ROULETTE CANDY,Pack size : 25g,Average Nutritional Value As Per 100g,PER_100G,90,376.56,2,20,10,,,,,,,,Candy,Solid,Food,Fruit Mix,,missing_sodium|missing_total_fat
all_categories_combined,3110,1,Haribo Squidgy Strawberry Candy 160g,HARIBO SQUIDGY STRAWBERRY CANDY,Pack size : 160g,Average Nutritional Value As Per 100g,PER_100G,328,1394,4.3,75,44,0.5,,,,,,,Candy,Solid,Food,Strawberry,,missing_sodium
all_categories_combined,2902,1,Healthy Kajuju Tropical Fruit Granola 500g,HEALTHY KAJUJU TROPICAL FRUIT GRANOLA,Pack size : 500g,Average Nutritional Value As Per 50g,PER_50G_SCALED,424,1774.02,8,64,18,12,,,6,0.08,0.2,,Granola,Solid,Food,Tropical Fruit,,salt_derived_from_sodium
all_categories_combined,555,1,Heinz Baked Beans In Tomato Sauce 415G,HEINZ BAKED BEANS IN TOMATO SAUCE,Pack size : 415g,Average Nutritional Value As Per 100g,PER_100G,73,305.432,4.9,12.9,5,0.2,,,3.8,0.3,0.75,,Baked Beans,Solid,Food,,,salt_derived_from_sodium
all_categories_combined,1183,1,Heinz Chilli Garlic Sauce 300g,HEINZ CHILLI GARLIC SAUCE,Pack size : 300g,Average Nutritional Value As Per 60g,PER_60G_SCALED,75,313.8,1.66667,15,11.6667,,,,1.66667,0.0383333,0.0958333,,Garlic Sauce,Paste,Food,,,missing_total_fat|salt_derived_from_sodium
all_categories_combined,1341|1360|1363,3,Heinz Mayonnaise Sauce 430g,HEINZ MAYONNAISE SAUCE,Pack size : 430g,Average Nutritional Value As Per 100g,PER_100G,596,2497,0.8,4.2,3.2,64,,,,0.55,1.375,,Mayonnaise Sauce,Paste,Food,,,salt_derived_from_sodium
all_categories_combined,1451,1,Heinz Mustard Sauce 245g,HEINZ MUSTARD SAUCE,Pack size : 245g,Average Nutritional Value As Per 100g,PER_100G,81,338.904,5,6,,1,,,,1.27,3.175,,Sauce,Paste,Food,,,missing_sugar|salt_derived_from_sodium
all_categories_combined,1430,1,Heinz Original Salad Cream 285g,HEINZ ORIGINAL SALAD CREAM,Pack size : 285g,Average Nutritional Value As Per 100g,PER_100G,18.5,17,293,100,17,23.8,,,1.5,,,,Food,Liquid,1.3g,1215kJ,Cream,missing_sodium
all_categories_combined,1344,1,Heinz Regular Mayonnaise 400ml,HEINZ REGULAR MAYONNAISE,Pack size : 400ml,Average Nutritional Value As Per 100g,PER_100G,596,2497,0.8,4.2,3.2,64,,,,0.55,1.375,,Mayonnaise,Paste,Food,,,salt_derived_from_sodium
all_categories_combined,1293,1,Heinz Tomato Ketchup 342g,HEINZ TOMATO KETCHUP,Pack size : 342g,Average Nutritional Value As Per 100g,PER_100G,102,435,1.2,23.2,22.8,0.1,,,0,0,0,,Ketchup,Paste,Food,Tomato,,
all_categories_combined,1291,1,Heinz Tomato Ketchup Squeezy 910G,HEINZ TOMATO KETCHUP SQUEEZY,Pack size : 910g,Average Nutritional Value As Per 100g,PER_100G,15,65,0.2,3.5,3.4,,,,,,,,Ketchup,Paste,Food,Tomato,,missing_sodium|missing_total_fat
all_categories_combined,4300|4306,2,Helios Apricot Fruit Jam 340g,HELIOS APRICOT FRUIT JAM,Pack size : 340g,Average Nutritional Value As Per 100g,PER_100G,48,200.832,1.4,11,9,0.4,,,2,0.001,0.0025,,Jam,Jelly,Food,Apricot,,salt_derived_from_sodium
all_categories_combined,4608,1,HELIOS FRUITS OF THE FOREST E/P340G,HELIOS FRUITS OF THE FOREST E P340G,Pack size : 340g,Average Nutritional Value As Per 100g,PER_100G,181,757,0.5,44,42.7,0,,,,,,,Jam,Jelly,Food,,,missing_sodium
all_categories_combined,4617,1,HELIOS RASPBERRY E/FRUIT PRESER340G,HELIOS RASPBERRY E FRUIT PRESER340G,Pack size : 340g,Average Nutritional Value As Per 100g,PER_100G,178,757,0.9,42,40.5,0.6,,,0.8,,,,Jam,Jelly,Food,Raspberry,,missing_sodium
all_categories_combined,2787|2801,2,HELIOS SUGARED STRAWBERRY PRESE340G,HELIOS SUGARED STRAWBERRY PRESE340G,Pack size : 340g,Average Nutritional Value As Per 100g,PER_100G,180.923,757,0.5,44,42.7,0,,,1.3,,,,Fruit Jam,Gel,Food,Strawberry,,missing_sodium
all_categories_combined,2537,1,Heng Shun Brown Rice Vinegar 500ml,HENG SHUN BROWN RICE VINEGAR,Pack size : 500ml,Average Nutritional Value As Per 100ml,PER_100ML,36,150.62,,9,9,,,,,0.024,0.06,,Brown Rice Vinegar,Liquid,Food,,,missing_total_fat|salt_derived_from_sodium
all_categories_combined,2555,1,Hengshun Balsamic Vinegar 500ml,HENGSHUN BALSAMIC VINEGAR,Pack size : 500ml,Average Nutritional Value As Per 100ml,PER_100ML,40.8,170.7,,9.7,8.2,,,,,0.215,0.5375,,Black Vinegar,Liquid,Food,,,missing_total_fat|salt_derived_from_sodium
all_categories_combined,4601,1,HERO RASPBERRY JAM 350G,HERO RASPBERRY JAM,Pack size : 350g,Average Nutritional Value As Per 100g,PER_100G,255,1080,0.7,61,49,0.2,,,,0.004,0.01,,Raspberry Jam,Jelly,Food,Raspberry,,salt_derived_from_sodium
all_categories_combined,2806,1,HERO STRAWBERRY JAM 340G,HERO STRAWBERRY JAM,Pack size : 340g,Average Nutritional Value As Per 100g,PER_100G,251,1067,0.4,61,48,0.2,,,,0.007,0.0175,,Strawberry Jam,Jelly,Food,Strawberry,,salt_derived_from_sodium
all_categories_combined,3535,1,Hibiscus And Ginger Drink 1L,HIBISCUS AND GINGER DRINK,Pack size : 1L,Average Nutritional Value As Per 260ml,PER_260ML_SCALED,23.0769,96.5538,0,5.38462,5.38462,0,,,0,0.00192308,0.00480769,,Hibiscus And Ginger Drink,Liquid,Beverage,"Hibiscus, Ginger",,salt_derived_from_sodium
all_categories_combined,3500,1,Hibiscus And Pineapple Fruit Drink 500Ml,HIBISCUS AND PINEAPPLE FRUIT DRINK,Pack size : 500ml,Average Nutritional Value As Per 100ml,PER_100ML,90,376.56,0,2,0,0,,,,,,,Hibiscus And Pineapple Drink,Liquid,Beverage,,,missing_sodium
all_categories_combined,3518,1,Hibiscus With Cocktail Drink 500Ml,HIBISCUS WITH COCKTAIL DRINK,Pack size : 500ml,Average Nutritional Value As Per 100ml,PER_100ML,166,6970.54,0.2,10.1,9.7,0.1,,,0,0.017,0.0425,,Hibiscus With Cocktail Drink,Liquid,Beverage,,,salt_derived_from_sodium
all_categories_combined,32,1,Hide&Seek Chocolate Jar Biscuit 22G,HIDE SEEK CHOCOLATE JAR BISCUIT,Pack size : 22G,Average Nutritional Value As Per 100g,PER_100G,479,2004.14,5.9,73.3,32.2,18,,,,,,,Cookies,Solid,,Chocolate Chip,,missing_sodium
all_categories_combined,3823,1,Highland Scottish Petticoat Tails Shortbread 125g,HIGHLAND SCOTTISH PETTICOAT TAILS SHORTBREAD,Pack size : 125g,Average Nutritional Value As Per 100g,PER_100G,511,2138,5.2,65.3,16.4,25.7,,,,,,,Shortbread,Solid,Food,,,missing_sodium
all_categories_combined,960,1,Highlands Club Blackcurrant Soda 1.25L,HIGHLANDS CLUB BLACKCURRANT SODA,Pack size : 1.25L,Average Nutritional Value As Per 100ml,PER_100ML,280,1171,0.16,72,71,,,,,,,,Soda,Liquid,Beverage,Blackcurrant,,missing_sodium|missing_total_fat
all_categories_combined,3445,1,Highlands Cordial Orange Juice 3L,HIGHLANDS CORDIAL ORANGE JUICE,Pack size : 3L,Average Nutritional Value As Per 100ml,PER_100ML,48,200,,12,12,,,,,,,,Juice,Liquid,Beverage,Orange,,missing_sodium|missing_total_fat
all_categories_combined,1061,1,Hola Cola Carbonated Drink 301Ml,HOLA COLA CARBONATED DRINK,Pack size : 301ml,Average Nutritional Value As Per 100ml,PER_100ML,44,175,0,10.9,10.6,0,,,,0.0085,0.02125,,Carbonated Drink,Liquid,Beverage,Cola,,salt_derived_from_sodium
all_categories_combined,974,1,Hola Orange Carbonated Drink 301Ml,HOLA ORANGE CARBONATED DRINK,Pack size : 301ml,Average Nutritional Value As Per 100ml,PER_100ML,56,242,14.5,14,13,0,,,,0.022,0.055,,Carbonated Drink,Liquid,Beverage,Orange,,salt_derived_from_sodium
all_categories_combined,986,1,Hola Rose Carbonated Drink 301Ml,HOLA ROSE CARBONATED DRINK,Pack size : 301ml,Average Nutritional Value As Per 100ml,PER_100ML,26,108,,5.9,5.9,,,,,0.044,0.11,,Carbonated Drink,Liquid,Beverage,Rose,,missing_total_fat|sodium_derived_from_salt
all_categories_combined,969,1,Hola Very Berry Carbonated Drink 301Ml,HOLA VERY BERRY CARBONATED DRINK,Pack size : 301ml,Average Nutritional Value As Per 100ml,PER_100ML,53,221,,13,,,,,,0.003,0.0075,,Carbonated Drink,Liquid,Beverage,Very Berry,,missing_sugar|missing_total_fat|salt_derived_from_sodium
all_categories_combined,3993,1,Honeycomb Cardamom Cookies 400G,HONEYCOMB CARDAMOM COOKIES,Pack size : 400g,Average Nutritional Value As Per 100g,PER_100G,400,1673,10,90,25,22.5,,,10,0.05,0.125,,Cookies,Solid,Food,Cardamom,,salt_derived_from_sodium
all_categories_combined,4140|4173,2,Hoops Cheese And Onion Crisps Potato Chips 50G,HOOPS CHEESE AND ONION CRISPS POTATO CHIPS,Pack size : 50g,,ASSUMED_PER_100G,53,2,533,100,4,1.2,,,,,,,Food,"Cheese, Onion",6g,2230.072kJ,Solid,assumed_per_100g_missing_portion|missing_sodium
all_categories_combined,4124,1,Hoops Peanut Bar 50G,HOOPS PEANUT BAR,Pack size : 50g,,ASSUMED_PER_100G,56,34,497,100,5,,,,,,,,Food,Peanuts,13.9g,2079kJ,Solid,assumed_per_100g_missing_portion|missing_sodium|missing_total_fat
all_categories_combined,4174,1,Hoops Salt And Vinegar Crisps Potato Chips 100G,HOOPS SALT AND VINEGAR CRISPS POTATO CHIPS,Pack size : 100g,,ASSUMED_PER_100G,12,,135,,1,,,,,,,,Food,"Salt, Vinegar",1g,564.84kJ,Solid,assumed_per_100g_missing_portion|missing_sodium|missing_total_fat
all_categories_combined,4115|4152,2,Hoops Salted Crisps Potato Chips 50G,HOOPS SALTED CRISPS POTATO CHIPS,Pack size : 50g,,ASSUMED_PER_100G,25,,220,,1,0.13,,,,,,,Food,,3g,920.48kJ,Solid,assumed_per_100g_missing_portion|missing_sodium
all_categories_combined,4132|4184,2,Hoops Sesame Bar 100G,HOOPS SESAME BAR,Pack size : 100g,Average Nutritional Value As Per 100g,PER_100G,573,2397.43,18,23,,52,,,8,,,,Sesame Bar,Solid,Food,Sesame,,missing_sodium|missing_sugar
all_categories_combined,4248|4392,2,Hosen Pure Honey 1Kg,HOSEN PURE HONEY,Pack size : 1Kg,Average Nutritional Value As Per 50g,PER_50G_SCALED,140,587.6,,32,,,,,,0.008,0.02,,Honey,Solid,Food,,,missing_sugar|missing_total_fat|salt_derived_from_sodium
all_categories_combined,2353,1,HOSEN WHOLE PEELED TOMATOES 800G,HOSEN WHOLE PEELED TOMATOES,Pack size : 800g,Average Nutritional Value As Per 100g,PER_100G,27,112.96,1,4,3,,,,,,,,Peeled Tomato,Solid,Food,,,missing_sodium|missing_total_fat
all_categories_combined,438,1,Hostess Maize Flour 2Kg,HOSTESS MAIZE FLOUR,Pack size : 2Kg,Average Nutritional Value As Per 100g,PER_100G,351,1491,7.8,77.7,0.5,0.8,,,1,,,,Maize Meal Flour,Powder,Food,,,missing_sodium
all_categories_combined,1404,1,HP Original Sauce 255g,HP ORIGINAL SAUCE,Pack size : 255g,Average Nutritional Value As Per 100g,PER_100G,121.89,510,0.9,28.3,23.1,0.1,,,,0.512,1.28,,Sauce,Paste,Food,,,salt_derived_from_sodium
all_categories_combined,2573,1,Hsufuchi Sachima Flour Cake With Egg 469g,HSUFUCHI SACHIMA FLOUR CAKE WITH EGG,Pack size : 469g,Average Nutritional Value As Per 100g,PER_100G,509,2133,7.9,54.9,22.2,28.8,,,0,,,,Flour Cake,Powder,Food,,,missing_sodium
all_categories_combined,907,1,Indian Savoury Methi Puri,INDIAN SAVOURY METHI PURI,,Average Nutritional Value As Per 100g,PER_100G,567,2372,6.03,50.21,0.84,37.99,,,1.86,0.1982,0.4955,,Methi Puri,Solid,Food,,,salt_derived_from_sodium
all_categories_combined,930,1,Indian Savoury Potato Crisps,INDIAN SAVOURY POTATO CRISPS,,Average Nutritional Value As Per 100g,PER_100G,552,2309,7.3,55,1.1,33.5,,,3.7,0.81,2.025,,Potato Crisps,Solid,Food,,,salt_derived_from_sodium
all_categories_combined,2851,1,Jacobsen Scenes Of Europe Butter Biscuit 150G,JACOBSEN SCENES OF EUROPE BUTTER BISCUIT,Pack size : 150g,Average Nutritional Value As Per 100g,PER_100G,360.6,1508.75,9.2,78.19,,1,,,,0,0,,Biscuit,Solid,Food,Butter,,missing_sugar|salt_derived_from_sodium
all_categories_combined,3051,1,Jacobsenes Original Butter And Choco Chip Cookies 340G,JACOBSENES ORIGINAL BUTTER AND CHOCO CHIP COOKIES,Pack size : 340g,Average Nutritional Value As Per 100g,PER_100G,481,2012,7,68,29,21.1,,,2,0.444,1.11,,Cookies,Solid,Food,"Butter, Choco Chip",,salt_derived_from_sodium
all_categories_combined,3046,1,Jacobsens Bakery Classic Santa Cookies 150g,JACOBSENS BAKERY CLASSIC SANTA COOKIES,Pack size : 150g,Average Nutritional Value As Per 100g,PER_100G,479,2004,5,62,23,23,,,,,,,Cookies,Solid,Food,,,missing_sodium
all_categories_combined,1256,1,Jade Bridge Fish Sauce 625ml,JADE BRIDGE FISH SAUCE,,Average Nutritional Value As Per 100ml,PER_100ML,20,83.68,4.4,0.3,,0,,,,8.21,20.525,,Fish Sauce,Paste,Food,,,missing_sugar|salt_derived_from_sodium
all_categories_combined,2372|2373,2,Jade Bridge Super Light Soya Sauce 625ml,JADE BRIDGE SUPER LIGHT SOYA SAUCE,Pack size : 625ml,Average Nutritional Value As Per 100ml,PER_100ML,20,83.6,2,2,,,,,,6.7,13.6,,Sauce,Liquid,Food,,,missing_sugar|missing_total_fat
all_categories_combined,2370,1,Jade Bridge Superior Dark Soy Sauce 150ml,JADE BRIDGE SUPERIOR DARK SOY SAUCE,Pack size : 150ml,Average Nutritional Value As Per 16ml,PER_16ML_SCALED,53.125,222.25,8.125,5,0.625,0.625,,,,5.49375,13.7344,,Sauce,Paste,Food,Soy,,salt_derived_from_sodium
all_categories_combined,3685,1,Jake Funny Sour Pencils Strawberry Candy 100g,JAKE FUNNY SOUR PENCILS STRAWBERRY CANDY,Pack size : 100g,Average Nutritional Value As Per 100g,PER_100G,383,1602,2.2,85,62,2.9,,,,0.184,0.46,,Candy,Solid,Food,Strawberry,,sodium_derived_from_salt
all_categories_combined,4037,1,Jake Jelly Mania Classic Mix Gummy Candy 100g,JAKE JELLY MANIA CLASSIC MIX GUMMY CANDY,Pack size : 100g,Average Nutritional Value As Per 100g,PER_100G,336,1406,4.1,80,62,0,,,,0.052,0.13,,Candy,Solid,Food,,,sodium_derived_from_salt
all_categories_combined,3587|3589,2,Jake Pineapple Candy 100g,JAKE PINEAPPLE CANDY,Pack size : 100g,Average Nutritional Value As Per 100g,PER_100G,327,1389,4.3,76,55,0.5,,,,0.056,0.14,,Candy,Solid,Food,Pineapple,,sodium_derived_from_salt
all_categories_combined,3686|3688|3690,3,Jake Sour Wild Strawberries Candy 100g,JAKE SOUR WILD STRAWBERRIES CANDY,Pack size : 100g,Average Nutritional Value As Per 100g,PER_100G,340,1423,4,79,61,0,,,,0.4,1,,Candy,Solid,Food,Strawberry,,sodium_derived_from_salt
all_categories_combined,3590,1,Jake Teddy Bears Candy 100g,JAKE TEDDY BEARS CANDY,Pack size : 100g,Average Nutritional Value As Per 100g,PER_100G,313,1307,5,72,51,,,,,,,,Candy,Solid,Food,,,missing_sodium|missing_total_fat
all_categories_combined,3041,1,Jakemans Blackcurrant Soothing Menthol Lozenges 73G,JAKEMANS BLACKCURRANT SOOTHING MENTHOL LOZENGES,Pack size : 73g,Average Nutritional Value As Per 100g,PER_100G,398,1690,,98.3,73.8,0.5,,,,,,,Lozenges,Solid,Food,Blackcurrant,,missing_sodium
all_categories_combined,3038,1,Jakemans Blueberry Soothing Menthol Lozenges 73G,JAKEMANS BLUEBERRY SOOTHING MENTHOL LOZENGES,Pack size : 73g,Average Nutritional Value As Per 100g,PER_100G,398,1690,,98.3,73.8,0.5,,,,,,,Lozenges,Solid,Food,Blueberry,,missing_sodium
all_categories_combined,3042,1,Jakemans Cherry Soothing Menthol Lozenges 73G,JAKEMANS CHERRY SOOTHING MENTHOL LOZENGES,Pack size : 73g,Average Nutritional Value As Per 100g,PER_100G,398,1690,,98.3,73.8,0.5,,,,,,,Lozenges,Solid,Food,Cherry,,missing_sodium
all_categories_combined,3040,1,Jakemans Honey And Lemon Soothing Menthol Lozenges 73g,JAKEMANS HONEY AND LEMON SOOTHING MENTHOL LOZENGES,Pack size : 73g,Average Nutritional Value As Per 100g,PER_100G,401,1705,,99.4,77.1,0.4,,,,,,,Lozenges,Solid,Food,"Honey, Lemon",,missing_sodium
all_categories_combined,3039,1,Jakemans Peppermint Soothing Menthol Lozenges 73G,JAKEMANS PEPPERMINT SOOTHING MENTHOL LOZENGES,Pack size : 73g,Average Nutritional Value As Per 100g,PER_100G,402,1708,,98.7,80.4,0.8,,,,,,,Lozenges,Solid,Food,Peppermint,,missing_sodium
all_categories_combined,3037,1,Jakemans Throat Chest Soothing Menthol Lozenges 73G,JAKEMANS THROAT CHEST SOOTHING MENTHOL LOZENGES,Pack size : 73g,Average Nutritional Value As Per 100g,PER_100G,401,1705,,99.2,77.1,0.5,,,,,,,Lozenges,Solid,Food,,,missing_sodium
all_categories_combined,2531,1,Japanese Maoxin Gold Stamped White Ginger Sour Sweet Sushi 1.5kg,JAPANESE MAOXIN GOLD STAMPED WHITE GINGER SOUR SWEET SUSHI,Pack size : 1.5kg,Average Nutritional Value As Per 100g,PER_100G,174.5,730.1,3.9,19,3.5,9.5,,,1.6,0.2685,0.67125,,Sushi,Solid,Food,,,salt_derived_from_sodium
all_categories_combined,3921,1,JAVA CINNAMON COOKIES 300GR,JAVA CINNAMON COOKIES 300GR,Pack size : 300g,Average Nutritional Value As Per 10g,PER_10G_SCALED,350,1460,10,40,30,10,,,0,,,,Cookies,Solid,Food,,,missing_sodium
all_categories_combined,4284,1,Java Crispy Chocolate Granola Bar 70gr,JAVA CRISPY CHOCOLATE GRANOLA BAR 70GR,Pack size : 70g,Average Nutritional Value As Per 100g,PER_100G,565,2363,26,55,22,26,,,3,,,,Granola Bar,Solid,Food,Cocoa,,missing_sodium
all_categories_combined,1629,1,Java East Africa Blend Coffee Beans 375g,JAVA EAST AFRICA BLEND COFFEE BEANS,Pack size : 375g,Average Nutritional Value As Per 100g,PER_100G,2.4,10.0416,0.3,0,0,0.1,,,0,0.0047,0.01175,,Coffee Beans,Solid,Food,,,salt_derived_from_sodium
all_categories_combined,1624,1,Java Espresso Coffee Beans 375g,JAVA ESPRESSO COFFEE BEANS,Pack size : 375g,Average Nutritional Value As Per 100g,PER_100G,2.4,10.0416,0.3,0,0,0.1,,,0,0.0047,0.01175,,Coffee Beans,Solid,Food,,,salt_derived_from_sodium
all_categories_combined,1632,1,Java Ethiopian Yirgacheffe Coffee Beans 375g,JAVA ETHIOPIAN YIRGACHEFFE COFFEE BEANS,Pack size : 375g,Average Nutritional Value As Per 100g,PER_100G,2.4,10.0416,0.3,0,0,0.1,,,0,0.0047,0.01175,,Coffee Beans,Solid,Food,,,salt_derived_from_sodium
all_categories_combined,3953,1,JAVA GINGER LEMON COOKIES 90G,JAVA GINGER LEMON COOKIES,Pack size : 90g,Average Nutritional Value As Per 100g,PER_100G,510,2133,7.75,61.07,19.07,26.16,,,0.93,,,,Cookies,Solid,Food,Ginger Lemon,,missing_sodium
all_categories_combined,1663,1,Java House Arabica Kenya Blend Ground Coffee 250g,JAVA HOUSE ARABICA KENYA BLEND GROUND COFFEE,Pack size : 250g,Average Nutritional Value As Per 100g,PER_100G,33,138,1.5,1.69,,0.9,,,,,,,Ground Coffee,Powder,Food,,,missing_sodium|missing_sugar
all_categories_combined,3913|3922,2,Java House Chocolate Chip Cookies 300g,JAVA HOUSE CHOCOLATE CHIP COOKIES,Pack size : 300g,Average Nutritional Value As Per 100g,PER_100G,214,895.37,2.8,5,4,2.6,,,,,,,Cookies,Solid,Food,Chocolate,,missing_sodium
all_categories_combined,2898,1,Java House Crispy Crunchy Granola Cereal 400g,JAVA HOUSE CRISPY CRUNCHY GRANOLA CEREAL,Pack size : 400g,Average Nutritional Value As Per 100g,PER_100G,565,2363,26,55,22,26,,,3,,,,Cereal,Solid,Food,,,missing_sodium
all_categories_combined,3996,1,Java House Ginger Lemon Cookies 300g,JAVA HOUSE GINGER LEMON COOKIES,Pack size : 300g,Average Nutritional Values As Per 100g,PER_100G,510,2136,7.75,61.07,19.07,26.16,,,0.93,,,,,,,,,missing_sodium
all_categories_combined,1625,1,Java House Kenya AA Coffee Beans 375g,JAVA HOUSE KENYA AA COFFEE BEANS,Pack size : 375g,Average Nutritional values As Per 226g,PER_226G_SCALED,0.884956,3.53982,,,,,,,,0.00176991,0.00442478,,,,,,,missing_sugar|missing_total_fat|salt_derived_from_sodium
all_categories_combined,1548,1,Java House Kenya AA Ground Coffee 375g,JAVA HOUSE KENYA AA GROUND COFFEE,Pack size : 375g,Average Nutritional Values As Per 100g,PER_100G,33,138,1.5,1.69,0,0.9,,,,,,,,,,,,missing_sodium
all_categories_combined,3986,1,Java House Love Cookies 300g,JAVA HOUSE LOVE COOKIES,Pack size : 300g,Average Nutritional Value As Per 90g,PER_90G_SCALED,494.444,2068.76,,57.7778,16.6667,25.5556,,,6.66667,,,,Cookies,Solid,Food,,,missing_sodium
all_categories_combined,4007,1,Java House Macadamia Nut Cookies 300g,JAVA HOUSE MACADAMIA NUT COOKIES,Pack size : 300g,Average Nutritional values As Per 300g,PER_300G_SCALED,160,669.333,8.66667,17.6667,,8.66667,,,,,,,,,,,,missing_sodium|missing_sugar
all_categories_combined,3962|4001,2,Java House Oats And Raisins Cookies 300g,JAVA HOUSE OATS AND RAISINS COOKIES,Pack size : 300g,Average Nutritional Value As Per 100g,PER_100G,470,1966.48,7.4,64.6,25.8,20.2,,,3.3,0.1437,0.35925,,Cookies,Solid,Food,"Oats, Raisins",,salt_derived_from_sodium
all_categories_combined,2899,1,Java House Tropical Crunch Granola Cereal 400g,JAVA HOUSE TROPICAL CRUNCH GRANOLA CEREAL,Pack size : 400g,Average Nutritional Value As Per 100g,PER_100G,431,1808,10,64,29,14.7,,,5,0.294,0.735,,Cereal,Solid,Food,,,salt_derived_from_sodium
all_categories_combined,1557,1,Java Kenya Blue Blend Beans 375G,JAVA KENYA BLUE BLEND BEANS,Pack size : 375g,,ASSUMED_PER_100G,2.4,10.0416,0.4,0,0,,,,0.01,0.0047,0,,Coffee Beans,Solid,Food,,,assumed_per_100g_missing_portion|missing_total_fat
all_categories_combined,1628,1,Java Kenya Blue Blend Ground 375g.,JAVA KENYA BLUE BLEND GROUND,Pack size : 375g,Average Nutritional Value As Per 100g,PER_100G,33,138,1.5,1.6,,0.9,,,,,,,Ground Coffee,Powder,Food,,,missing_sodium|missing_sugar
all_categories_combined,3963,1,JAVA MACADAMIA NUT COOKIE 90G,JAVA MACADAMIA NUT COOKIE,Pack size : 90g,Average Nutritional Value As Per 300g,PER_300G_SCALED,160,669.333,8.66667,17.6667,,8.66667,,,,,,,Cookies,Solid,Food,Macadamia,,missing_sodium|missing_sugar
all_categories_combined,1638,1,Java Uganda Kigezi Special Coffee Beans 375g,JAVA UGANDA KIGEZI SPECIAL COFFEE BEANS,Pack size : 375g,Average Nutritional Value As Per 100g,PER_100G,2.4,10.0416,0.3,0,0,0.1,,,0,0.0047,0.01175,,Coffee Beans,Solid,Food,,,salt_derived_from_sodium
all_categories_combined,4421,1,JAWBREAKER 4 BALLS FRENZY SWEE65.8G,JAWBREAKER 4 BALLS FRENZY SWEE65,Pack size : 65. 8g,Average Nutritional Values As Per 100g,PER_100G,380,1588,0,79.1,72.2,5.7,,,4,0,0,,,,,,,salt_derived_from_sodium
all_categories_combined,4424,1,Jawbreaker Emoti Ball Stick Sweet Lollipop 60g,JAWBREAKER EMOTI BALL STICK SWEET LOLLIPOP,Pack size : 60g,Average Nutritional Value As Per 100g,PER_100G,394,1648.5,0,98,62.6,0.2,,,0,0.038,0.095,,Lollipop,Solid,Food,,,salt_derived_from_sodium
all_categories_combined,3346,1,Jawbreaker Strawberry Tornado Pop 33.2g,JAWBREAKER STRAWBERRY TORNADO POP,Pack size : 3.2g,Average Nutritional Value As Per 100g,PER_100G,370,1572,,89,85,1.6,,,,,,,Tornado Pop,Solid,Food,Strawberry,,missing_sodium
all_categories_combined,3345,1,JAWBREAKER TORNADO POP SOURBLU33.2G,JAWBREAKER TORNADO POP SOURBLU33,Pack size : 33.2g,Average Nutritional Value As Per 33.25g,PER_33.25G_SCALED,390.977,1636.09,0,87.218,84.2105,3.00752,,,0,0,0,,Bubble Gum,Solid,Food,Sour Blue,,salt_derived_from_sodium
all_categories_combined,3342,1,Jawbreaker Tropical Candy 41.3g,JAWBREAKER TROPICAL CANDY,Pack size : 41. 3g,Average Nutritional Values As Per 100g,PER_100G,370,1572,0,89,85,1.6,,,,,,,,,,,,missing_sodium
all_categories_combined,4022,1,Jelly Pop Ready To Eat Blackcurrant Jelly 30g,JELLY POP READY TO EAT BLACKCURRANT JELLY,Pack size : 30g,Average Nutritional Value As Per 100g,PER_100G,9,37.656,0,1,1,0,,,0,0.35,0.875,,Blackcurrant Jelly,Jelly,Food,Blackcurrant,,salt_derived_from_sodium
all_categories_combined,4030,1,Jelly Pop Ready To Eat Pineapple Jelly 65g,JELLY POP READY TO EAT PINEAPPLE JELLY,Pack size : 65g,Average Nutritional Value As Per 100g,PER_100G,9,37.656,0,1,1,0,,,0,0.35,0.875,,Pineapple Jelly,Jelly,Food,Pineapple,,salt_derived_from_sodium
all_categories_combined,4024,1,Jelly Pop Ready To Eat Strawberry Jelly 30g,JELLY POP READY TO EAT STRAWBERRY JELLY,Pack size : 30g,Average Nutritional Value As Per 100g,PER_100G,9,37.656,0,1,1,0,,,0,0.35,0.875,,Strawberry Jelly,Jelly,Food,Strawberry,,salt_derived_from_sodium
all_categories_combined,4045,1,JELLY TOTS CRAZI BERRIES 100G,JELLY TOTS CRAZI BERRIES,Pack size : 100g,Average Nutritional Value As Per 100g,PER_100G,351,1470,0,87.9,77.9,0,,,,0.073,0.1825,,Jelly,Solid,Food,Berrie,,salt_derived_from_sodium
all_categories_combined,4029,1,JELLY TOTS ORIGINAL 41G,JELLY TOTS ORIGINAL,Pack size : 41g,Average Nutritional Value As Per 100g,PER_100G,273,1142,0.1,68,49.7,0,,,0,0.045,0.1125,,Jelly,Solid,Food,,,salt_derived_from_sodium
all_categories_combined,2565,1,JIANGMEN RICE STICKS 454G,JIANGMEN RICE STICKS,Pack size : 454g,Average Nutritional Value As Per 100g,PER_100G,356,1514,7,80.3,0,0.8,,,0.8,0.02,0.05,,Rice Sticks,Solid,Food,,,salt_derived_from_sodium
all_categories_combined,4181,1,Jimcy Banana Crisps 100G,JIMCY BANANA CRISPS,Pack size : 100g,Average Nutritional Value As Per 100g,PER_100G,519,2171.5,2.3,58,35,34,,,,,,,Banana Crisps,Solid,Food,,,missing_sodium
all_categories_combined,4330|4342|4354,3,JIMCY CASHEWNUTS 400G,JIMCY CASHEWNUTS,Pack size : 400g,Average Nutritional Value As Per 100g,PER_100G,553,2313,18,30,6,44,,,3.3,0.012,0.03,,Cashewnuts,Solid,Food,,,salt_derived_from_sodium
all_categories_combined,2976|2998|3015,3,Jimcy fried peanuts 200g,JIMCY FRIED PEANUTS,Pack size : 200g,Average Nutritional Value As Per 30g,PER_30G_SCALED,666.667,2766.67,16.6667,20,3.33333,56.6667,,,,0.633333,1.58333,,Fried Peanuts,Solid,Food,,,salt_derived_from_sodium
all_categories_combined,3720|3721,2,Jimcy Popcorn 65G,JIMCY POPCORN,Pack size : 65g,Average Nutritional Value As Per 100g,PER_100G,150,627.6,2,17,1,8,,,2,0.24,0.6,,Popcorn,Solid,Food,,,salt_derived_from_sodium
all_categories_combined,3319|3728,2,Jimcy Roasted Macadamia 200G,JIMCY ROASTED MACADAMIA,Pack size : 200g,Average Nutritional Value As Per 100g,PER_100G,716,2995.74,7.8,13,4.1,76,,,8,,,,Macadamia,Solid,Food,,,missing_sodium
all_categories_combined,2782|2783|2828,3,Jimcy Roasted Pistachios 100G,JIMCY ROASTED PISTACHIOS,Pack size : 100g,Average Nutritional Value As Per 100g,PER_100G,557,2376.51,20.61,27.97,7.64,44.44,,,10.3,0.001,0.0025,,Roasted Pistachios,Solid,Food,,,salt_derived_from_sodium
all_categories_combined,2723,1,JIN RAMEN MILD NOODLES 120G,JIN RAMEN MILD NOODLES,Pack size : 120g,Average Nutritional Value As Per 100g,PER_100G,415,1740,12,65.8,3.3,12.5,,,,1.57,3.925,,Noodles,Solid,Food,,,salt_derived_from_sodium
all_categories_combined,3066|3067,2,Jiu Jiuwang Crazy Rollz Fruit Bubble Gum 12g,JIU JIUWANG CRAZY ROLLZ FRUIT BUBBLE GUM,Pack size : 12g,Average Nutritional Value As Per 100g,PER_100G,305,1276,0,76,,0,,,,,,,Bubble Gum,Solid,Food,Fruit,,missing_sodium|missing_sugar
all_categories_combined,295,1,Joe & Seph'S Capucino Carmel Sauce 230G,JOE SEPH S CAPUCINO CARMEL SAUCE,Pack size : 230g,Nutritional Information (per 100g),PER_100G,540,2255,1.9,57.1,56.8,36,,,,0.16,0.4,,,,Dessert Sauce.,,,sodium_derived_from_salt
all_categories_combined,298,1,Joe & Seph'S Chocolate Caramel Sauce 230G,JOE SEPH S CHOCOLATE CARAMEL SAUCE,Pack size : 230g,Nutritional Information (per 100g),PER_100G,545,2274,1.7,58.7,58.4,35.7,,,,0.24,0.6,,,,Dessert Sauce.,,,sodium_derived_from_salt
all_categories_combined,302,1,Joe & Seph'S Pie Caramel Sauce 230G,JOE SEPH S PIE CARAMEL SAUCE,Pack size : 230g,Nutritional Information (per 100g),PER_100G,397,1655,0.9,41.7,40.2,26.5,,,,,,,,,Dessert Sauce.,,,missing_sodium
all_categories_combined,300,1,Joe & Seph'S Sticky Toffee Sauce 230G,JOE SEPH S STICKY TOFFEE SAUCE,Pack size : 230g,Nutritional Information (per 100g),PER_100G,545,2275,1.2,59.6,59.6,35.7,,,,0.28,0.7,,,,Dessert Sauce.,,,sodium_derived_from_salt
all_categories_combined,297,1,Joe & Seph's Toffee Aple & Cinnamon Sauce 230G,JOE SEPH S TOFFEE APLE CINNAMON SAUCE,Pack size : 230g,Nutritional Information (per 100g),PER_100G,555,2311,1.3,52.9,52.8,39.2,,,,0.28,0.7,,,,Dessert Sauce.,,,sodium_derived_from_salt
all_categories_combined,296,1,Joe & Seph Salted Carmel Cheese Cake Sauce 230G,JOE SEPH SALTED CARMEL CHEESE CAKE SAUCE,Pack size : 230g,Nutritional Information (per 100g),PER_100G,476,1994,1.7,65.5,65.5,23.3,,,,0.2,0.5,,,,Dessert Sauce.,,,sodium_derived_from_salt
all_categories_combined,303,1,Joe & Seph Speculoos Carmel Sauce 230G,JOE SEPH SPECULOOS CARMEL SAUCE,Pack size : 230g,Nutritional Information (per 100g),PER_100G,538,2247,1.2,58.8,58.8,35.3,,,,0.92,2.3,,,,Dessert Sauce.,,,sodium_derived_from_salt
all_categories_combined,3565,1,Jooz Pet Bottle Orange Juice 300Ml,JOOZ PET BOTTLE ORANGE JUICE,Pack size : 300ml,Average Nutritional Values As Per 100g,PER_100G,50,209,1,13,10,,,,,0.01,0.025,,,,,,,missing_total_fat|salt_derived_from_sodium
all_categories_combined,3157,1,Jordans Organic Oat Porridge 750G,JORDANS ORGANIC OAT PORRIDGE,,Nutrition information per 100g,PER_100G,379,1596,12.5,61.9,1,7.2,,,8.1,0.012,0.03,,,,,,• Free From Artificial Colours • Free From Artificial Flavours • Free From Artificial Preservatives,sodium_derived_from_salt
all_categories_combined,3935|3985,2,Josh Double Chocolate Cookies 300G,JOSH DOUBLE CHOCOLATE COOKIES,Pack size : 300g,Average Nutritional Value As Per 100g,PER_100G,482,2016.69,6,65,38,22,,,2,0.268,0.67,,Cookies,Solid,Food,Cocoa,,salt_derived_from_sodium
all_categories_combined,3943,1,Josh Milk Cookies 85g,JOSH MILK COOKIES,Pack size : 85g,Average Nutritional Value As Per 100g,PER_100G,472,1975,7.8,72,26.5,17,,,0,0,0,,Cookies,Solid,Food,,,salt_derived_from_sodium
all_categories_combined,3944|3945,2,Josh Orange Chocolate Cookies 85G,JOSH ORANGE CHOCOLATE COOKIES,Pack size : 85g,Average Nutritional Value As Per 100g,PER_100G,465,1945.56,6.7,71.3,,17,,,1.87,,,,Cookies,Solid,Food,"Orange, Chocolate",,missing_sodium|missing_sugar
all_categories_combined,2527,1,K.C.C Super Fine Ghee 1kg,K C C SUPER FINE GHEE,Pack size : 1kg,Average Nutritional Value As Per 100ml,PER_100ML,130,543.92,0.1,,,15,,,,,,,Ghee,Puree,Food,,,missing_sodium|missing_sugar
all_categories_combined,364|394,2,Kamal Gram Flour 1kg,KAMAL GRAM FLOUR,Pack size : 1kg,Average Nutritional Values As Per 100g,PER_100G,351,1468.58,18,48,,6,,,,,,,,,,,,missing_sodium|missing_sugar
all_categories_combined,2151|2160,2,Kamili's Top Chef Table Salt 1kg,KAMILI S TOP CHEF TABLE SALT,Pack size : 1kg,Average Nutritional Value As Per 100g,PER_100G,0,0,0,0,0,0,,,0,38.758,96.895,,Table Salt,Solid,Food,,,salt_derived_from_sodium
all_categories_combined,1468,1,Kaputei 1000 Islands Salad Dressing 250Ml,KAPUTEI 1000 ISLANDS SALAD DRESSING,Pack size : 250ml,Average Nutritional Value As Per 100ml,PER_100ML,154,644.33,6,12,3,3,,,2.5,0.252,0.63,,Salad Dressing,Cream,Food,,,salt_derived_from_sodium
all_categories_combined,1437,1,Kaputei Barbecue Sauce 400g,KAPUTEI BARBECUE SAUCE,Pack size : 400g,Average Nutritional Value As Per 100g,PER_100G,19,79.496,,4,4,,,,,,,,Barbecue Sauce,Paste,Food,Barbecue,,missing_sodium|missing_total_fat
all_categories_combined,1239|1265,2,Kaputei Barbeque Sauce 1Kg,KAPUTEI BARBEQUE SAUCE,Pack size : 1Kg,Average Nutritional Value As Per 100g,PER_100G,125,523,0.45,29,25,0.7,,,0.5,0.88,2.2,,Sauce,Paste,Food,,,salt_derived_from_sodium
all_categories_combined,2299,1,Kaputei Basil Pasta Sauce 330G,KAPUTEI BASIL PASTA SAUCE,Pack size : 330g,Average Nutritional Value As Per 100g,PER_100G,50,209.2,1,5,5,2,,,1,0.05,0.125,,Sauce,Paste,Food,Basil,,salt_derived_from_sodium
all_categories_combined,1251,1,KAPUTEI BBQ HICKORY SMOKE FLAVO700G,KAPUTEI BBQ HICKORY SMOKE FLAVO700G,Pack size : 700g,Average Nutritional Value As Per 36g,PER_36G_SCALED,138.889,580.556,0,36.1111,30.5556,0,,,0,0.833333,2.08333,,Sauce,Paste,Food,,,salt_derived_from_sodium
all_categories_combined,1329,1,Kaputei Chipotle Dressing 250G,KAPUTEI CHIPOTLE DRESSING,Pack size : 250g,Average Nutritional Value As Per 100g,PER_100G,30,125.52,0.1,2,2,2.5,,,,0.08,0.2,,Dressing,Paste,Food,,,salt_derived_from_sodium
all_categories_combined,1465,1,Kaputei Dressing Cool Ranch Sauce 250G,KAPUTEI DRESSING COOL RANCH SAUCE,Pack size : 250g,Average Nutritional Value As Per 100g,PER_100G,110,460,12,2,1,0,,,0,0.29,0.725,,Sauce,Paste,Food,,,salt_derived_from_sodium
all_categories_combined,1479,1,Kaputei Dressing Honey Mustard Sauce 250G,KAPUTEI DRESSING HONEY MUSTARD SAUCE,Pack size : 250g,Average Nutritional Value As Per 100g,PER_100G,130,543,0,7,6,11,,,0,0.12,0.3,,Sauce,Paste,Food,,,salt_derived_from_sodium
all_categories_combined,1474,1,Kaputei Dressing Teriyaki Sauce 250G,KAPUTEI DRESSING TERIYAKI SAUCE,Pack size : 250g,Average Nutritional Value As Per 100g,PER_100G,197,824.24,143,46.35,38.75,0.75,,,0,0,0,,Sauce,Paste,Food,,,salt_derived_from_sodium
all_categories_combined,553,1,Kaputei Gherkins Pickle 285g,KAPUTEI GHERKINS PICKLE,Pack size : 285g,Average Nutritional Value As Per 100g,PER_100G,38,158.99,1,7.8,5,0,,,1.2,0.05,0.125,,Gherkins Pickle,Solid,Food,,,salt_derived_from_sodium
all_categories_combined,1439,1,Kaputei Honey Barbecue Sauce 400g,KAPUTEI HONEY BARBECUE SAUCE,Pack size : 400g,Average Nutritional Value As Per 100g,PER_100G,70,292.88,,17,15,,,,,0.3,0.75,,Barbecue Sauce,Paste,Food,Honey,,missing_total_fat|salt_derived_from_sodium
all_categories_combined,1252,1,"Kaputei Honey, Barbeque Sauce 700g",KAPUTEI HONEY BARBEQUE SAUCE,Pack size : 700g,Average Nutritional Value As Per 100g,PER_100G,50,209.2,,14,12,,,,,0.31,0.775,,Sauce,Paste,Food,"Honey, Barbeque",,missing_total_fat|salt_derived_from_sodium
all_categories_combined,1139,1,Kaputei Hot Chili Sauce 180g,KAPUTEI HOT CHILI SAUCE,Pack size : 180g,Average Nutritional Value As Per 100g,PER_100G,5,20.92,,1,1,,,,,0.08,0.2,,Sauce,Paste,Food,,,missing_total_fat|salt_derived_from_sodium
all_categories_combined,1189,1,Kaputei Hot Chilli Sauce 400g,KAPUTEI HOT CHILLI SAUCE,Pack size : 400g,Average Nutritional Value As Per 100g,PER_100G,5,20.92,,1,1,,,,,0.08,0.2,,Hot Chilli Sauce,Paste,Food,,,missing_total_fat|salt_derived_from_sodium
all_categories_combined,2305,1,Kaputei Hot Pasta Sauce 330G,KAPUTEI HOT PASTA SAUCE,Pack size : 330g,Average Nutritional Value As Per 100g,PER_100G,71,297.06,1,6,5,3,,,1,0.84,2.1,,Sauce,Paste,Food,,,salt_derived_from_sodium
all_categories_combined,2424,1,Kaputei Hot Pizza Sauce 330G,KAPUTEI HOT PIZZA SAUCE,Pack size : 330g,Average Nutritional Value As Per 63g,PER_63G_SCALED,39.6825,166.032,1.5873,6.34921,3.1746,1.5873,,,1.5873,0.396825,0.992063,,Sauce,Paste,Food,,,salt_derived_from_sodium
all_categories_combined,2298,1,Kaputei Lasagna Sauce 330g,KAPUTEI LASAGNA SAUCE,Pack size : 330g,Average Nutritional Value As Per 300g,PER_300G_SCALED,33.3333,139.367,1.33333,3.66667,2.66667,1.33333,,,0.333333,0.15,0.375,,Sauce,Paste,Food,,,salt_derived_from_sodium
all_categories_combined,1304,1,Kaputei Mayo Ketchup Dressing 250G,KAPUTEI MAYO KETCHUP DRESSING,Pack size : 250g,Average Nutritional Value As Per 100g,PER_100G,64,268,12,12,11,0.01,,,0.36,0,0,,Mayo Ketchup Dressing,Paste,Food,,,salt_derived_from_sodium
all_categories_combined,1351,1,Kaputei Mayonnaise 350g,KAPUTEI MAYONNAISE,,,ASSUMED_PER_100G,10,5,217,100,,0.766,,,,,,,Food,,,907kJ,Paste,assumed_per_100g_missing_portion|missing_sodium|missing_sugar
all_categories_combined,1349,1,Kaputei Mayonnaise Premium Blend 350g,KAPUTEI MAYONNAISE PREMIUM BLEND,,,ASSUMED_PER_100G,10,5,217,100,,0.766,,,,,,,Food,,,907kJ,Paste,assumed_per_100g_missing_portion|missing_sodium|missing_sugar
all_categories_combined,2297,1,Kaputei Mushroom Pasta Sauce 330G,KAPUTEI MUSHROOM PASTA SAUCE,Pack size : 330g,Average Nutritional Value As Per 125g,PER_125G_SCALED,64,267.76,1.6,9.6,5.6,1.6,,,2.4,0.344,0.86,,Sauce,Paste,Food,Mushroom,,salt_derived_from_sodium
all_categories_combined,1458,1,Kaputei Mustard Sauce 250G,KAPUTEI MUSTARD SAUCE,Pack size : 250g,Average Nutritional Value As Per 100g,PER_100G,98,492,4.2,7.5,,13.4,,,3.5,0.0028,0.007,,Mustard Sauce,Paste,Food,,,missing_sugar|salt_derived_from_sodium
all_categories_combined,4246|4253,2,Kaputei Natural Honey 2kg,KAPUTEI NATURAL HONEY,Pack size : 2kg,Average Nutritional Value As Per 21g,PER_21G_SCALED,330.952,1380.95,,82.381,80,,,,,0.0247619,0.0619048,,Honey,Liquid,Food,,,missing_total_fat|salt_derived_from_sodium
all_categories_combined,2290,1,Kaputei Pasta Cheese Sauce 375g,KAPUTEI PASTA CHEESE SAUCE,Pack size : 375g,Average Nutritional Value As Per 125g,PER_125G_SCALED,48,200.8,1.6,9.6,4.8,0.8,,,1.6,0.344,0.86,,Cheese Sauce,Paste,Food,,,salt_derived_from_sodium
all_categories_combined,2294,1,Kaputei Pasta Sauce 330G,KAPUTEI PASTA SAUCE,Pack size : 330g,Average Nutritional Value As Per 125g,PER_125G_SCALED,48,200.8,1.6,9.6,4.8,0.8,,,1.6,0.344,0.86,,Sauce,Paste,Food,,,salt_derived_from_sodium
all_categories_combined,2268,1,Kaputei Pasta Sauce Basil 650g,KAPUTEI PASTA SAUCE BASIL,Pack size : 650g,Average Nutritional Value As Per 100g,PER_100G,50,209.2,1,5,5,2,,,1,0.05,0.125,,Sauce,Paste,Food,Basil,,salt_derived_from_sodium
all_categories_combined,2291,1,Kaputei Pasta Sauce Regular 650g,KAPUTEI PASTA SAUCE REGULAR,Pack size : 650g,Average Nutritional Value As Per 125g,PER_125G_SCALED,48,200.8,1.6,9.6,4.8,0.8,,,1.6,0.344,0.86,,Sauce,Paste,Food,,,salt_derived_from_sodium
all_categories_combined,1406,1,Kaputei Pizza Sauce Regular 650g,KAPUTEI PIZZA SAUCE REGULAR,Pack size : 650g,Average Nutritional Value As Per 100g,PER_100G,58.21,243.551,1.79,12.33,8.16,0.19,,,1.38,0.7,1.75,,Sauce,Paste,Food,,,salt_derived_from_sodium
all_categories_combined,1395,1,Kaputei Roasted Pepper Pesto 190g,KAPUTEI ROASTED PEPPER PESTO,Pack size : 190g,Average Nutritional Value As Per 100g,PER_100G,266,1112,3,5,3,25,,,2,0.6,1.5,,Roasted Pepper Pesto,Paste,Food,,,salt_derived_from_sodium
all_categories_combined,1442,1,Kaputei Smokey Barbecue Sauce 400g,KAPUTEI SMOKEY BARBECUE SAUCE,Pack size : 400g,Average Nutritional Value As Per 100g,PER_100G,50,209,,13,11,,,,,0.3,0.75,,Barbecue Sauce,Paste,Food,Barbecue,,missing_total_fat|salt_derived_from_sodium
all_categories_combined,2264,1,Kaputei Spaghetti Bolognaise Sauce 330G,KAPUTEI SPAGHETTI BOLOGNAISE SAUCE,Pack size : 330g,Average Nutritional Values As Per 100g,PER_100G,79,330.536,3.3,10.4,1.6,2.5,,,0,0.6,1.5,,,,,,,salt_derived_from_sodium
all_categories_combined,2276,1,Kaputei Spaghetti Bolognese Sauce 650g,KAPUTEI SPAGHETTI BOLOGNESE SAUCE,Pack size : 650g,Average Nutritional Value As Per 100g,PER_100G,79,330.5,3.3,10.4,1.6,2.5,,,,0.0006,0.0015,,Sauce,Paste,Food,,,salt_derived_from_sodium
all_categories_combined,2794,1,Kaputei Strawberry Jam 400g,KAPUTEI STRAWBERRY JAM,Pack size : 400g,Average Nutritional Values As Per 100g,PER_100G,299,1251.01,0.19,74.5,62.4,0,,,,0.015,0.0375,,,,,,,salt_derived_from_sodium
all_categories_combined,1440,1,Kaputei Sweet And Sticky Barbecue Sauce 400g,KAPUTEI SWEET AND STICKY BARBECUE SAUCE,Pack size : 400g,Average Nutritional Value As Per 100g,PER_100G,19,79.496,,4,4,,,,,,,,Barbecue Sauce,Paste,Food,Barbecue,,missing_sodium|missing_total_fat
all_categories_combined,1241,1,Kaputei Sweet And Sticky Barbeque Sauce 700g,KAPUTEI SWEET AND STICKY BARBEQUE SAUCE,Pack size : 700g,Average Nutritional Value As Per 100g,PER_100G,208,886,1.4,50,44,0,,,,,,,Sauce,Paste,Food,,,missing_sodium
all_categories_combined,1296|1302,2,Kaputei Tomato Ketchup 700g,KAPUTEI TOMATO KETCHUP,Pack size : 700g,Average Nutritional Value As Per 100g,PER_100G,64,268,12,12,11,0.1,,,,0.36,0.9,,Ketchup,Paste,Food,,,salt_derived_from_sodium
all_categories_combined,1253|1260|1266|1277,4,Kaputei Tomato Sauce 250g,KAPUTEI TOMATO SAUCE,,Average Nutritional Value As Per 100g,PER_100G,42,174,1,8,5,3.1,,,1,0.0012,0.003,,Tomato Sauce,Paste,Food,,,salt_derived_from_sodium
all_categories_combined,2496,1,Kasuku Fortified Edible Vegetable Cooking Fat 250G,KASUKU FORTIFIED EDIBLE VEGETABLE COOKING FAT,Pack size : 250g,Average Nutritional Value As Per 100g,PER_100G,112,468.608,,,,12.7,,,,,,,Cooking Fat,Paste,Food,,,missing_sodium|missing_sugar
all_categories_combined,3595,1,Kellogg'S Cereal Rice Crispies 375G,KELLOGG S CEREAL RICE CRISPIES,Pack size : 375g,Average Nutritional Value As Per 100g,PER_100G,116,485.344,2.1,26,2.4,0.1,,,0.6,0.12,0.3,,Rice Krispies,Solid,Food,,,salt_derived_from_sodium
all_categories_combined,3629|3630,2,Kellogg'S Corn Flakes 450G,KELLOGG S CORN FLAKES,Pack size : 450g,Average Nutritional Values As Per 100g,PER_100G,378,1604,7,84,8,0.9,,,3,,,,,,,,,missing_sodium
all_categories_combined,3594,1,Kellogg'S Frosties 470G,KELLOGG S FROSTIES,Pack size : 470g,Average Nutritional Values As Per 100g,PER_100G,375,1594,4.5,87,37,0.6,,,2,0.332,0.83,,,,,,,salt_derived_from_sodium
all_categories_combined,2730,1,Kelloggs Bon Appetit Korean 2X Spicy Chicken Noodles 140G,KELLOGGS BON APPETIT KOREAN 2X SPICY CHICKEN NOODLES,Pack size : 140g,Average Nutritional Value As Per 100g,PER_100G,449.8,1882,10.8,52,2.8,21.7,,,2.2,0.712,1.78,,Noodles,Solid,Food,Durban Curry,,salt_derived_from_sodium
all_categories_combined,2732,1,Kelloggs Jumbo Beef Noodles 100G,KELLOGGS JUMBO BEEF NOODLES,Pack size : 100g,Average Nutritional Value As Per 70g,PER_70G_SCALED,437.143,1828.57,7.14286,52.8571,0,21.4286,,,0,2.17286,5.43214,,Noodles,Solid,Food,Kebab,,salt_derived_from_sodium
all_categories_combined,2736,1,Kelloggs Jumbo Sausage Noodles 100G,KELLOGGS JUMBO SAUSAGE NOODLES,Pack size : 100g,Average Nutritional Value As Per 100g,PER_100G,1,4,10,60,1.8,18,,,,,,,Noodles,Solid,Food,Chili And Tomato,,missing_sodium
all_categories_combined,2727,1,Kelloggs Noodles Chicken 70G,KELLOGGS NOODLES CHICKEN,Pack size : 70g,Average Nutritional Value As Per 390g,PER_390G_SCALED,86.1538,360.468,1.53846,10.5128,0.25641,3.33333,,,,0.425897,1.06474,,Noodles,Solid,Food,,,salt_derived_from_sodium
all_categories_combined,2738,1,Kelloggs Noodles Oriental Sausage 70G,KELLOGGS NOODLES ORIENTAL SAUSAGE,Pack size : 70g,Average Nutritional Value As Per 390g,PER_390G_SCALED,114.103,477.436,2.5641,15.3846,0.589744,4.61538,,,,0.166051,0.415128,,Sausage,Solid,Food,,,sodium_derived_from_salt
all_categories_combined,2733,1,Kelloggs Noodles Vegetables 70G,KELLOGGS NOODLES VEGETABLES,Pack size : 70g,Average Nutritional Value As Per 100g,PER_100G,1,4,10,60,1.8,18,,,,,,,Noodles,Solid,Food,,,missing_sodium
all_categories_combined,2184,1,Kensalt Free Flow Iodized Table Salt 1kg,KENSALT FREE FLOW IODIZED TABLE SALT,Pack size : 1kg,Average Nutritional Value As Per 100g,PER_100G,0,0,0,0,0,0,,,0,38.758,96.895,,Table Salt,Solid,Food,,,salt_derived_from_sodium
all_categories_combined,2147,1,Kensalt Premium Iodated Edible Table Salt 2kg,KENSALT PREMIUM IODATED EDIBLE TABLE SALT,Pack size : 2kg,Average Nutritional Value As Per 100g,PER_100G,0,0,0,0,0,0,,,0,38.758,96.895,,Table Salt,Solid,Food,,,salt_derived_from_sodium
all_categories_combined,2148|2150,2,Kensalt Premium Iodated Table Salt 1kg,KENSALT PREMIUM IODATED TABLE SALT,Pack size : 1kg,Average Nutritional Value As Per 100g,PER_100G,0,0,0,0,0,0,,,0,38.758,96.895,,Table Salt,Solid,Food,,,salt_derived_from_sodium
all_categories_combined,2155,1,Kensalt Table Salt 200g,KENSALT TABLE SALT,,Average Nutritional Value As Per 100g,PER_100G,0,0,0,0,0,0,,,0,38.758,96.895,,Table Salt,Solid,Food,,,salt_derived_from_sodium
all_categories_combined,265,1,Kent Boringer Blueberry Muffin Mix 345g,KENT BORINGER BLUEBERRY MUFFIN MIX,Pack size : 345g,Average Nutritional values As Per 50g,PER_50G_SCALED,338,1414.19,4,44,22,16,,,0,0.13,0.325,,,,,,,salt_derived_from_sodium
all_categories_combined,326,1,Kent Boringer White Chocolate Topping Sauce 750g,KENT BORINGER WHITE CHOCOLATE TOPPING SAUCE,Pack size : 750g,Average Nutritional Value As Per 100g,PER_100G,271,1133,,63,62,1,,,,,,,White Chocolate Topping Sauce,Solid,Food,White Chocolate,,missing_sodium
all_categories_combined,4189,1,Kentaste Chocolate Coconut Chips 40G,KENTASTE CHOCOLATE COCONUT CHIPS,Pack size : 40g,Average Nutritional Value As Per 40g,PER_40G_SCALED,425,1778.2,5,35,22.5,30,,,10,0.0625,0.15625,,Coconut Chips,Solid,,Chocolate,,salt_derived_from_sodium
all_categories_combined,4190,1,Kentaste Original Coconut Chips 40G,KENTASTE ORIGINAL COCONUT CHIPS,Pack size : 40g,Average Nutritional Value As Per 40g,PER_40G_SCALED,625,2615,5,47.5,30,45,,,12.5,0.275,0.6875,,Coconut Chips,Solid,,,,salt_derived_from_sodium
all_categories_combined,4188,1,Kentaste Salted Caramel Coconut Chips 40G,KENTASTE SALTED CARAMEL COCONUT CHIPS,Pack size : 40g,Average Nutritional Value As Per 40g,PER_40G_SCALED,425,1778.2,5,35,22.5,30,,,10,0.0625,0.15625,,Coconut Chips,Solid,Food,Salted Caramel,,salt_derived_from_sodium
all_categories_combined,2520,1,Kentaste Virgin Coconut Oil 500ml,KENTASTE VIRGIN COCONUT OIL,Pack size : 500ml,Average Nutritional Value As Per 15ml,PER_15ML_SCALED,533.333,2231.47,6.66667,6.66667,,93.3333,,,,,,,Coconut Oil,Liquid,Food,Coconut,,missing_sodium|missing_sugar
all_categories_combined,1649,1,Kenya Gibsons Espresso Whole Dark Roast Coffee Beans 454g,KENYA GIBSONS ESPRESSO WHOLE DARK ROAST COFFEE BEANS,Pack size : 454g,Average Nutritional Value As Per 100g,PER_100G,2,8.368,0.28,0,0,0.05,,,0,0.00474,0.01185,,Coffee Beans,Solid,Food,,,salt_derived_from_sodium
all_categories_combined,557,1,Kenylon Beans In Tomato sauce 420G,KENYLON BEANS IN TOMATO SAUCE,Pack size : 420g,Average Nutritional Value As Per 100g,PER_100G,73,305.432,4.9,12.9,5,0.2,,,3.8,0.3,0.75,,Baked Beans,Solid,Food,,,salt_derived_from_sodium
all_categories_combined,556,1,Kenylon Chick Peas 420g,KENYLON CHICK PEAS,Pack size : 420g,Average Nutritional Value As Per 100g,PER_100G,85,355.64,8,11,,,,,,0.198,0.495,,,,,,,missing_sugar|missing_total_fat|salt_derived_from_sodium
all_categories_combined,554,1,Kenylon Crushed Tomatoes 400g,KENYLON CRUSHED TOMATOES,Pack size : 400g,Average Nutritional Value As Per 100g,PER_100G,31.6,132.7,1.4,4.7,4.7,0.2,,,2.7,0.24,0.6,,Tomatoes,Solid,Frozen,,,salt_derived_from_sodium
all_categories_combined,2799,1,Kenylon Strawberry Jam 500g,KENYLON STRAWBERRY JAM,Pack size : 500g,Average Nutritional Value As Per 100g,PER_100G,240,1004.16,,59,59,,,,1.1,,,,Jam,Jelly,Food,Strawberry,,missing_sodium|missing_total_fat
all_categories_combined,2310|2313|2315|2319|2328,5,Kenylon Tomato Paste 450g,KENYLON TOMATO PASTE,Pack size : 450g,Average Nutritional Value As Per 100g,PER_100G,106,443,4.2,18.5,10.9,0.21,,,1.18,0.25,0.625,,Tomato Paste,Paste,Food,,,salt_derived_from_sodium
all_categories_combined,4150,1,Kettle Chips Sour Cream Chives 40,KETTLE CHIPS SOUR CREAM CHIVES 40,Pack size : 40g,Average Nutritional Value As Per 100g,PER_100G,508,2125,5.8,52,1.17,8.26,,,4,,,,Potato Chips,Solid,Food,Sour Cream And Chives,,missing_sodium
all_categories_combined,4147,1,Kettle Fruit Chutney Chips 40G,KETTLE FRUIT CHUTNEY CHIPS,Pack size : 40g,Average Nutritional Value As Per 100g,PER_100G,507,2121,5,51,2,27,,,0,0,0,,Fruit Chutney Chips,Solid,Food,Fruit Chutney,,salt_derived_from_sodium
all_categories_combined,4151,1,Kettle Salsa Verde Chips 40G,KETTLE SALSA VERDE CHIPS,Pack size : 40g,Average Nutritional Value As Per 100g,PER_100G,145,6066,2,18,1,7,,,2,0.125,0.3125,,Chips,Solid,Food,,,salt_derived_from_sodium
all_categories_combined,2381,1,Kikkoman Naturally Brewed Soy Sauce 75ml,KIKKOMAN NATURALLY BREWED SOY SAUCE,Pack size : 75ml,Average Nutritional Value As Per 15ml,PER_15ML_SCALED,100,418,10,13.3333,12.6667,0,,,0.666667,6.47333,16.1833,,Soy Sauce,Liquid,,,,salt_derived_from_sodium
all_categories_combined,2366,1,Kikkoman Sachet Soy Sauce 30ml,KIKKOMAN SACHET SOY SAUCE,Pack size : 30ml,Average Nutritional Value As Per 100g,PER_100G,40,167,5,6,3,,,,,2.4,6,,Soy Sauce,Solid,Food,,,missing_total_fat|sodium_derived_from_salt
all_categories_combined,2364,1,Kikkoman Soy Sauce 500ml,KIKKOMAN SOY SAUCE,Pack size : 90g,Average Nutritional Value As Per 15ml,PER_15ML_SCALED,100,418.4,10,13.3333,12.6667,0,,,0.666667,6.47333,16.1833,,Soy Sauce,Paste,Food,,,salt_derived_from_sodium
all_categories_combined,2362,1,Kikkoman Sushi & Sashimi Soy 250Ml,KIKKOMAN SUSHI SASHIMI SOY,Pack size : 250ml,Nutrion information per 100g,PER_100G,82,349,8.2,8.8,7.1,,,,,5.36,13.4,,,,,,,missing_total_fat|sodium_derived_from_salt
all_categories_combined,2382,1,Kikkoman Tamari Gluten Free Soy Sauce 250Ml,KIKKOMAN TAMARI GLUTEN FREE SOY SAUCE,Pack size : 250ml,Average Nutritional Value Per 100g,PER_100G,57,240,10,2,0,0,,,,6.56,16.4,,,,,,,sodium_derived_from_salt
all_categories_combined,900,1,Kings Daily Brand Grade 1 Lentils Mosoor Whole 1kg,KINGS DAILY BRAND GRADE 1 LENTILS MOSOOR WHOLE,Pack size : 1kg,Average Nutritional Value As Per 100g,PER_100G,350,1464,25,6,,0.58,,,31,0.04,0.1,,,,,,,missing_sugar|salt_derived_from_sodium
all_categories_combined,770,1,Kings Daily Brand Grade 1 Rose Coco Bean 1kg,KINGS DAILY BRAND GRADE 1 ROSE COCO BEAN,Pack size : 1kg,Average Nutritional Value As Per 100g,PER_100G,362,1514,18,63,5,1,,,,0.02,0.05,,,,,,,salt_derived_from_sodium
all_categories_combined,891,1,Kings Daily Brand Grade Mwea Brown Rice 1kg,KINGS DAILY BRAND GRADE MWEA BROWN RICE,Pack size : 1kg,Average Nutritional Value As Per 100g,PER_100G,362,1514,8,76,,3,,,3,0.004,0.01,,,,,,,missing_sugar|salt_derived_from_sodium
all_categories_combined,780|814,2,Kings Daily Brand Pishori Basmati Rice 1kg,KINGS DAILY BRAND PISHORI BASMATI RICE,Pack size : 1kg,Average Nutritional Value As Per 100g,PER_100G,360,1506,8,79,,,,,,0.1,0.25,,,,,,,missing_sugar|missing_total_fat|salt_derived_from_sodium
all_categories_combined,918,1,Kings M. P. S Premium Long Grain Rice 1kg,KINGS M P S PREMIUM LONG GRAIN RICE,Pack size : 1kg,Average Nutritional Value As Per 100g,PER_100G,205,857,4,44,,,,,,0.002,0.005,,,,,,,missing_sugar|missing_total_fat|salt_derived_from_sodium
all_categories_combined,922,1,Kings MRPP Pishori Rice 2Kg,KINGS MRPP PISHORI RICE,Pack size : 2Kg,Average Nutritional Value As Per 100g,PER_100G,348,1456,8.2,78,,0.5,,,1.9,0.00075,0.001875,,Rice,Solid,Food,,,missing_sugar|salt_derived_from_sodium
all_categories_combined,841,1,Kings S & S Long Grain Rice 2kg,KINGS S S LONG GRAIN RICE,Pack size : 2kg,Average Nutritional Value As Per 100g,PER_100G,205,857,4,44,,,,,,0.002,0.005,,,,,,,missing_sugar|missing_total_fat|salt_derived_from_sodium
all_categories_combined,416,1,Kitui Flour Mills Jahazi All Purpose Flour 2Kg,KITUI FLOUR MILLS JAHAZI ALL PURPOSE FLOUR,Pack size : 2Kg,Average Nutritional Value As Per 100g,PER_100G,364,1522.97,10,76,0.3,1,,,,0.002,0.005,,All Purpose Flour,Powder,Food,,,salt_derived_from_sodium
all_categories_combined,1819,1,Knorr Aromat Naturally Tasty Seasoning 70g,KNORR AROMAT NATURALLY TASTY SEASONING,Pack size : 70g,Average Nutritional Value As Per 1g,PER_1G_SCALED,13100,54810.4,300,2400,600,100,,,100,2427.6,6069,,Seasoning,Powder,Food,,,salt_derived_from_sodium
all_categories_combined,2198,1,"Knorr Chilli Beef Cubes, For delicious meals full of flavour, 8g x 6",KNORR CHILLI BEEF CUBES FOR DELICIOUS MEALS FULL OF FLAVOUR X 6,Pack size : 8g x Pack of 6,Average Nutritional values As Per 8g,PER_8G_SCALED,187.5,775,12.5,0,,12.5,,,,13.25,33.125,,,,,,,missing_sugar|salt_derived_from_sodium
all_categories_combined,2200,1,Knorr Soft Beef Cubes 8g X 6pieces,KNORR SOFT BEEF CUBES X,Pack size : 8g x Pack of 6,Average Nutritional values As Per 8g,PER_8G_SCALED,187.5,775,12.5,0,,12.5,,,,13.25,33.125,,,,,,,missing_sugar|salt_derived_from_sodium
all_categories_combined,2199,1,"Knorr Soft Chicken Cubes, For delicious meals full of flavour, 8g x 6",KNORR SOFT CHICKEN CUBES FOR DELICIOUS MEALS FULL OF FLAVOUR X 6,Pack size : 8g x Pack of 6,Average Nutritional values As Per 8g,PER_8G_SCALED,187.5,775,12.5,0,,12.5,,,,12.125,30.3125,,,,,,,missing_sugar|salt_derived_from_sodium
all_categories_combined,1206,1,Kol Chilli Sauce 250ml,KOL CHILLI SAUCE,Pack size : 250ml,Average Nutritional Value As Per 100ml,PER_100ML,11,46,0,1,1,0,,,0,0.002,0,,Sauce,Paste,Food,Chilli,,
all_categories_combined,293,1,Kol Golden Syrup 470g,KOL GOLDEN SYRUP,Pack size : 470g,Average Nutritional Value As Per 100g,PER_100G,310,1297.04,,77,,,,,,0.02,0.05,,Syrup,Liquid,Food,,,missing_sugar|missing_total_fat|salt_derived_from_sodium
all_categories_combined,1174,1,Kol Hot & Sweet Sauce 400g,KOL HOT SWEET SAUCE,Pack size : 400g,Average Nutritional Value As Per 100g,PER_100G,226,946,0.6,56.01,37.78,0,,,,,,,Sauce,Paste,Food,,,missing_sodium
all_categories_combined,2092,1,KOL PILAU MASALA100G,KOL PILAU MASALA100G,Pack size : 100g,Average Nutritional Value As Per 100g,PER_100G,429.35,1796.4,11.68,70.75,3.55,11.7,,,,,,,Pilau Masala,Powder,Food,,,missing_sodium
all_categories_combined,2110,1,Kol Pure Chicken Masala 100g,KOL PURE CHICKEN MASALA,Pack size : 100g,Average Nutritional Value As Per 100g,PER_100G,344.14,1440.01,9.19,56.94,,8.85,,,,0.258,0.645,,Chicken Masala,Powder,Food,,,missing_sugar|salt_derived_from_sodium
all_categories_combined,2011,1,KOL Pure Curry Powder 100g,KOL PURE CURRY POWDER,Pack size : 100g,Average Nutritional Value As Per 100g,PER_100G,325,1359.8,13,58,2.8,14,,,33,0.052,0.13,,Curry Powder,Powder,Food,,,salt_derived_from_sodium
all_categories_combined,1934,1,KOL Pure Ground Black Pepper 100g,KOL PURE GROUND BLACK PEPPER,Pack size : 100g,Average Nutritional Value As Per 6.9g,PER_6.9G_SCALED,246.377,1028.99,,63.7681,,,,,24.6377,0.0144928,0.0362319,,Ground Black Pepper,Powder,Food,,,missing_sugar|missing_total_fat|salt_derived_from_sodium
all_categories_combined,1846,1,KOL Pure Ground Cardamoms 100g,KOL PURE GROUND CARDAMOMS,Pack size : 100g,Average Nutritional Value As Per 100g,PER_100G,311,1301,11,68,0,7,,,28,0.018,0,,Ground Cardamoms,Powder,Food,Cardamoms,,
all_categories_combined,1942,1,KOL Pure Ground Cumin 100g,KOL PURE GROUND CUMIN,Pack size : 100g,Average Nutritional Value As Per 2.1g,PER_2.1G_SCALED,376.19,1571.43,19.0476,42.8571,4.7619,23.8095,,,9.52381,0.166667,0.416667,,Ground Cumin,Powder,Food,,,salt_derived_from_sodium
all_categories_combined,2111,1,Kol Pure Tea Masala 100g,KOL PURE TEA MASALA,Pack size : 100g,Average Nutritional Value As Per 100g,PER_100G,7,29.288,0.6,1,,0.5,,,,0.029,0.0725,,Tea Masala,Powder,Food,,,missing_sugar|salt_derived_from_sodium
all_categories_combined,4559|4593,2,KOL RED PLUM JAM 1KG,KOL RED PLUM JAM,Pack size : 1kg,Average Nutritional Value As Per 100g,PER_100G,292.18,1222.48,0.42,72,53,0.2,,,1.2,0.0214,0.0535,,Jam,Jelly,Food,Red Plum,,salt_derived_from_sodium
all_categories_combined,2800|2809,2,KOL Strawberry Jam 1Kg,KOL STRAWBERRY JAM,,Average Nutritional Value As Per 100g,PER_100G,267,1117.13,,65,58,,,,2,,,,Strawberry Jam,Paste,Food,Strawberry,,missing_sodium|missing_total_fat
all_categories_combined,1326,1,KOL Tomato Ketchup 425g,KOL TOMATO KETCHUP,Pack size : 425g,Average Nutritional Value As Per 100g,PER_100G,105,439.32,1,22,17,,,,,0.547,1.3675,,Tomato Ketchup,Paste,Food,,,missing_total_fat|salt_derived_from_sodium
all_categories_combined,2340|2354,2,Kol Tomato Paste 900G,KOL TOMATO PASTE,Pack size : 900g,Average Nutritional Value As Per 100g,PER_100G,105,439.32,1,22,17,,,,,0.547,1.3675,,Tomato Sauce,Paste,Food,,,missing_total_fat|salt_derived_from_sodium
all_categories_combined,4442,1,KOPIKO COFFEE CANDY BAG 150G,KOPIKO COFFEE CANDY BAG,Pack size : 150g,Average Nutritional Value As Per 100g,PER_100G,434.99,1820,0.6,86,67,9.9,,,,0.112,0.28,,Candy,Solid,Food,Coffee,,salt_derived_from_sodium
all_categories_combined,620|651,2,KPL Classic Long Grain Rice 2Kg,KPL CLASSIC LONG GRAIN RICE,Pack size : 2Kg,Average Nutritional Value As Per 100g,PER_100G,130,543,2.7,28,0.1,0.3,,,0.4,,,,Rice,Solid,Food,,,missing_sodium
all_categories_combined,578,1,KPL LONG GRAIN RICE 5KG,KPL LONG GRAIN RICE,Pack size : 5kg,Average Nutritional Value As Per 100g,PER_100G,350,1464.4,8.8,78,,0.47,,,1.6,1.7,4.25,,Rice,Solid,Food,,,missing_sugar|salt_derived_from_sodium
all_categories_combined,3129,1,Krackles Bang Bang Chilli 125G,KRACKLES BANG BANG CHILLI,Pack size : 125g,Average Nutritional Value As Per 100g,PER_100G,544,2276.1,7.1,54.1,2.6,33.2,,,,0.859,2.1475,,Potato Crisps,Solid,Food,Chilli,,salt_derived_from_sodium
all_categories_combined,4112,1,Krackles Bang Bang Chilli Potato Chips 30G,KRACKLES BANG BANG CHILLI POTATO CHIPS,Pack size : 30g,Average Nutritional Value As Per 100g,PER_100G,103,430.952,,22,16,,,,,0.004,0.01,,Potato Chips,Solid,Food,Chilli,,missing_total_fat|salt_derived_from_sodium
all_categories_combined,4111,1,Krackles Barbeque Potato Chips 30G,KRACKLES BARBEQUE POTATO CHIPS,Pack size : 30g,Average Nutritional Value As Per 30g,PER_30G_SCALED,526.667,2203.57,6.66667,50,,33.3333,,,,1.2,3,,Potato Chips,Solid,Food,Barbecue,,missing_sugar|salt_derived_from_sodium
all_categories_combined,4110|4114,2,Krackles Perfectly Salted Potato Chips 30G,KRACKLES PERFECTLY SALTED POTATO CHIPS,Pack size : 30g,Average Nutritional Value As Per 100g,PER_100G,505,2112.92,5,52,,28,,,,,,,Potato Chips,Solid,Food,,,missing_sodium|missing_sugar
all_categories_combined,4113,1,Krackles Tangy Tomato Potato Chips 30G,KRACKLES TANGY TOMATO POTATO CHIPS,Pack size : 30g,Average Nutritional Value As Per 100g,PER_100G,544,2276.1,7,54,,33,,,,,,,Potato Chips,Solid,Food,Tomato,,missing_sodium|missing_sugar
all_categories_combined,3127,1,Krackles Tingly Cheeseonion 125G,KRACKLES TINGLY CHEESEONION,Pack size : 125g,Average Nutritional Value As Per 30g,PER_30G_SCALED,526.667,2.20357e+06,6.66667,50,,33.3333,,,3.33333,0.466667,1.16667,,Potato Crisps,Solid,Food,Cheese And Onion,,missing_sugar|salt_derived_from_sodium
all_categories_combined,4107,1,Krackles Toons Barbecue Potato Chips 30G,KRACKLES TOONS BARBECUE POTATO CHIPS,Pack size : 30g,Average Nutritional Value As Per 23g,PER_23G_SCALED,417.391,1746.37,4.34783,60.8696,8.69565,13.0435,,,,,,,Potato Chips,Solid,Food,Barbecue,,missing_sodium
all_categories_combined,4105,1,Krackles Toons Caramel Potato Crisps 30G,KRACKLES TOONS CARAMEL POTATO CRISPS,Pack size : 30g,Average Nutritional Value As Per 100g,PER_100G,77,322.168,2,17,,,,,2,0.065,0.1625,,Potato Crisp,Solid,Food,Caramel,,missing_sugar|missing_total_fat|salt_derived_from_sodium
all_categories_combined,4106,1,Krackles Toons Tutti Frutti Potato Crisps 30G,KRACKLES TOONS TUTTI FRUTTI POTATO CRISPS,Pack size : 30g,Average Nutritional Value As Per 100g,PER_100G,400,1673.6,8,40,5,18,,,,,,,Potato Crisp,Solid,Food,Tutti Frutti,,missing_sodium
all_categories_combined,4109,1,Krackles Zingy Salt And Vinegar Potato Chips 30G,KRACKLES ZINGY SALT AND VINEGAR POTATO CHIPS,Pack size : 30g,Average Nutritional Value As Per 30g,PER_30G_SCALED,520,2175.68,,46.6667,,33.3333,,,,0.8,2,,Potato Chips,Solid,Food,"Salt, Vinegar",,missing_sugar|salt_derived_from_sodium
all_categories_combined,3128,1,Krackles Zingy Saltvinegar 125G,KRACKLES ZINGY SALTVINEGAR,Pack size : 125g,Average Nutritional Value As Per 30g,PER_30G_SCALED,520,2175.68,,46.6667,,33.3333,,,,0.8,2,,Potato Crisps,Solid,Food,Salt And Vinegar,,missing_sugar|salt_derived_from_sodium
all_categories_combined,3146,1,Kracks BBQ Potato Chips 160g,KRACKS BBQ POTATO CHIPS,Pack size : 160g,Average Nutritional Value As Per 100g,PER_100G,543,3320,2.1,56,1,34,,,1,,,,Potato Chips,Solid,Food,Barbeque,,missing_sodium
all_categories_combined,3143,1,Kracks Cream And Onion Sour Snack 160g,KRACKS CREAM AND ONION SOUR SNACK,Pack size : 160g,Average Nutritional Value As Per 100g,PER_100G,470,1966,9,70,13,17,,,3,0.49,1.225,,Snack,Solid,Food,"Cheese, Onion",,salt_derived_from_sodium
all_categories_combined,3145,1,Kracks Hot And Spicy Chips 160G,KRACKS HOT AND SPICY CHIPS,Pack size : 160g,Average Nutritional Value As Per 100g,PER_100G,506,2125,5.4,15.5,3.9,26.3,,,,0.709,1.7725,,Chips,Solid,Food,"Hot, Spicy",,salt_derived_from_sodium
all_categories_combined,4333|4347,2,Krunchy Nutz Salted Flavour Roasted Cashews 100g,KRUNCHY NUTZ SALTED FLAVOUR ROASTED CASHEWS,Pack size : 100g,Average Nutritional Value As Per 50g,PER_50G_SCALED,636,2661.02,16.4,26.4,6.2,51.6,,,,0.5,1.25,,Cashews,Solid,Food,,,salt_derived_from_sodium
all_categories_combined,4085|4159,2,Kudos Cassava And Chilli Chips 50g,KUDOS CASSAVA AND CHILLI CHIPS,Pack size : 50g,Average Nutritional Value As Per 100g,PER_100G,483,2020.87,1,71,,21,,,,,,,Chips,Solid,Food,"Cassava, Chilli",,missing_sodium|missing_sugar
all_categories_combined,4084,1,Kudos Cassava Salted Potato Chips 50g,KUDOS CASSAVA SALTED POTATO CHIPS,Pack size : 50g,Average Nutritional Value As Per 180g,PER_180G_SCALED,487.778,2040.86,1.11111,71.6667,,21.6667,,,,,,,Potato Chips,Solid,Food,Cassava,,missing_sodium|missing_sugar
all_categories_combined,4208,1,Kudos Chilli Cassava Chips 200g,KUDOS CHILLI CASSAVA CHIPS,Pack size : 200g,Average Nutritional Value As Per 100g,PER_100G,483,2020.87,1,71,,21,,,,,,,Cassava Chips,Solid,Food,Chilli,,missing_sodium|missing_sugar
all_categories_combined,2968,1,Kudos Fried Peanuts 50g,KUDOS FRIED PEANUTS,Pack size : 50g,Average Nutritional Value As Per 50g,PER_50G_SCALED,1268,5305.31,52,40,8.2,100,,,17.2,0.52,1.3,,Fried Peanuts,Solid,Food,,,salt_derived_from_sodium
all_categories_combined,3125,1,Kudos Numbers And Letters Cornbites 200G,KUDOS NUMBERS AND LETTERS CORNBITES,Pack size : 200g,Average Nutritional Value As Per 100g,PER_100G,583,2439.27,38,54,,5,,,,,,,Cornbites,Solid,Food,,,missing_sodium|missing_sugar
all_categories_combined,3115,1,Kudos Numbers And Letters Cornbites Puffs 100G,KUDOS NUMBERS AND LETTERS CORNBITES PUFFS,Pack size : 100g,Average Nutritional Value As Per 100g,PER_100G,234,1235,9,32,12,1.2,,,,0.345,0.8625,,Cornbites Puffs,Solid,Food,,,salt_derived_from_sodium
all_categories_combined,2983|3004,2,Kudos Roasted Peanuts 200g,KUDOS ROASTED PEANUTS,Pack size : 200g,Average Nutritional Value As Per 100g,PER_100G,634,2653,26,20,4.1,50,,,8.6,0.26,0.65,,Roasted Peanuts,Solid,Food,,,salt_derived_from_sodium
all_categories_combined,4209,1,Kudos Salted Cassava Chips 200g,KUDOS SALTED CASSAVA CHIPS,Pack size : 200g,Average Nutritional Value As Per 180g,PER_180G_SCALED,487.778,2040.86,1.11111,71.6667,,21.6667,,,,,,,Cassava Chips,Solid,Food,,,missing_sodium|missing_sugar
all_categories_combined,3726|3729,2,Kudos Salted Popcorn 50G,KUDOS SALTED POPCORN,Pack size : 50g,Average Nutritional Value As Per 100g,PER_100G,413,1727,11.5,74,,8.1,,,15,0.5,1.25,,Popcorn,Solid,Food,Salted,,missing_sugar|salt_derived_from_sodium
all_categories_combined,2561,1,KUISHU RICE VERMICELLI 250G,KUISHU RICE VERMICELLI,Pack size : 250g,Average Nutritional Value As Per 100g,PER_100G,355,1485.32,11,74,3,1,,,1,0.049,0.1225,,Noodle,Solid,Food,,,salt_derived_from_sodium
all_categories_combined,2170,1,La Baleine Coarse Iodized Sea Salt 600g,LA BALEINE COARSE IODIZED SEA SALT,Pack size : 600g,Average Nutritional Value As Per 100g,PER_100G,428,179,15.3,13.4,2.7,34.8,,,5.2,0.341,0.8525,,Sea Salt,Powder,Food,,,salt_derived_from_sodium
all_categories_combined,2153|2189,2,La Baleine Fine Iodized Sea Salt 600g,LA BALEINE FINE IODIZED SEA SALT,Pack size : 600g,Average Nutritional Value As Per 100g,PER_100G,428,179,15.3,13.4,2.7,34.8,,,5.2,0.341,0.8525,,Sea Salt,Powder,Food,,,salt_derived_from_sodium
all_categories_combined,2172,1,La Baleine Fine Sea Salt 125g,LA BALEINE FINE SEA SALT,Pack size : 125g,Average Nutritional Value As Per 100g,PER_100G,0,0,,,,,,,,38.81,97.025,,Fine Sea Salt,Solid,Food,,,missing_sugar|missing_total_fat|salt_derived_from_sodium
all_categories_combined,2163,1,La Baleine Iodized Coarse Sea Salt 1kg,LA BALEINE IODIZED COARSE SEA SALT,Pack size : 1kg,Average Nutritional Value As Per 100g,PER_100G,0,0,0,0,0,0,,,0,0.581,1.4525,,Coarse Sea Salt,Solid,Food,,,salt_derived_from_sodium
all_categories_combined,2188,1,La Baleine Iodized Fine Sea Salt 1kg,LA BALEINE IODIZED FINE SEA SALT,Pack size : 1kg,Average Nutritional Value As Per 100g,PER_100G,0,0,0,0,0,0,,,0,38.81,98,,Fine Sea Salt,Solid,Food,,,
all_categories_combined,471|472,2,Lakanto Classic Monkfruit Sweetener With Erythritol 800g,LAKANTO CLASSIC MONKFRUIT SWEETENER WITH ERYTHRITOL,Pack size : 800g,Average Nutritional Value As Per 4g,PER_4G_SCALED,0,0,0,100,100,0,,,0,0,0,,Monkfruit Sweetener,Solid,,,,salt_derived_from_sodium
all_categories_combined,476,1,Lakanto Golden Monkfruit Sweetener With Erythritol 235g,LAKANTO GOLDEN MONKFRUIT SWEETENER WITH ERYTHRITOL,Pack size : 235g,Average Nutritional Value As Per 4g,PER_4G_SCALED,0,0,0,100,0,0,,,0,0,0,,Monkfruit Sweetener,Solid,,,,salt_derived_from_sodium
all_categories_combined,4483,1,Lakanto Sugar Free 54 Cocoa Dark Chocolate Bar 80G,LAKANTO SUGAR FREE 54 COCOA DARK CHOCOLATE BAR,Pack size : 80g,Average Nutritional Value As Per 30g,PER_30G_SCALED,533.333,2230,10,36.6667,3.33333,50,,,13.3333,0.166667,0.416667,,Dark Chocolate Bar,Solid,Food,,,salt_derived_from_sodium
all_categories_combined,2539,1,Laoganma Chicken Chilli Oil With Tofu Pickle 280g,LAOGANMA CHICKEN CHILLI OIL WITH TOFU PICKLE,Pack size : 280g,Average Nutritional Value As Per 100g,PER_100G,552,2308,6.2,44,3.4,59.3,,,,1.48,3.7,,Pickle,Solid,Food,,,sodium_derived_from_salt
all_categories_combined,2533,1,LAOGANMA CHILI PASTE 280G,LAOGANMA CHILI PASTE,Pack size : 280g,Average Nutritional Value As Per 100g,PER_100G,544,2276,9.2,19.9,1.2,45.6,,,0,0,2.9,,Black Beans In Chilli Oil,Liquid,Food,,,
all_categories_combined,2570,1,Lay's Stax Original Potato Chips 104g,LAY S STAX ORIGINAL POTATO CHIPS,Pack size : 104g,Average Nutritional Value As Per 100g,PER_100G,150,627.6,2,17,,8,,,1,0.14,0.35,,Potato Chips,Solid,Food,,,missing_sugar|salt_derived_from_sodium
all_categories_combined,2407,1,Le Phare Du Cap Bon Harissa Red Chilli Hot Sauce Tunisie 70g,LE PHARE DU CAP BON HARISSA RED CHILLI HOT SAUCE TUNISIE,Pack size : 70g,Average Nutritional Value As Per 100g,PER_100G,69,290,9,8.3,4.5,2.25,,,,,,,Hot Sauce Tunisie,Paste,Food,,,missing_sodium
all_categories_combined,1397|1409,2,Lea & Perrins Worcestershire Sauce 150ml,LEA PERRINS WORCESTERSHIRE SAUCE,Pack size : 150ml,Average Nutritional Value As Per 100g,PER_100G,77,322.168,,19,10,,,,,0.98,2.45,,Worcestershire Sauce,Paste,Food,,,missing_total_fat|salt_derived_from_sodium
all_categories_combined,4458,1,Liking Honey Filled Candies 150G,LIKING HONEY FILLED CANDIES,,Nutrition facts per 100g,PER_100G,385,1637,0,96,74,0,,,,,,,Food,,Candy,Honey,,missing_sodium
all_categories_combined,3259,1,Lindt Excellence 85% Cocoa Dark Chocolate 100g,LINDT EXCELLENCE 85 COCOA DARK CHOCOLATE,Pack size : 100g,Average Nutritional Value As Per 100g,PER_100G,584,2413,12.5,19,11,46,,,16.3,0.01,0.025,,Dark Chocolate,Solid,Food,,,salt_derived_from_sodium
all_categories_combined,3260,1,Lindt Excellence A Touch Of Sea Salt Dark Chocolate 100g,LINDT EXCELLENCE A TOUCH OF SEA SALT DARK CHOCOLATE,Pack size : 100g,Average Nutritional Value As Per 100g,PER_100G,529,2205,6.2,50,48,32,,,,,,,Dark Chocolate,Solid,Food,,,missing_sodium
all_categories_combined,2873,1,Lindt Excellence Mint Intense Dark Chocolate 100g,LINDT EXCELLENCE MINT INTENSE DARK CHOCOLATE,Pack size : 100g,Average Nutritional Value As Per 100g,PER_100G,529,2202,6.3,51,49,32,,,,0.012,0.03,,Dark Chocolate,Solid,Food,Mint,,sodium_derived_from_salt
all_categories_combined,2879,1,Lindt Les Grandes 32 Whole Almond White Chocolate Bar 150G,LINDT LES GRANDES 32 WHOLE ALMOND WHITE CHOCOLATE BAR,Pack size : 150g,Average Nutritional Value As Per 100g,PER_100G,606,2522,11,44,39,42,,,,0.068,0.17,,White Chocolate Bar,Solid,Food,Almonds,,sodium_derived_from_salt
all_categories_combined,2881,1,Lindt Les Grandes 34% Hazelnut Dark Chocolate Bar 150g,LINDT LES GRANDES 34 HAZELNUT DARK CHOCOLATE BAR,Pack size : 150g,Average Nutritional Value As Per 100g,PER_100G,573,2382,8,42,39,40,,,,0.008,0.02,,Dark Chocolate Bar,Solid,Food,Hazelnut,,sodium_derived_from_salt
all_categories_combined,3268,1,Lindt Lindor Cornet Milk Chocolate 200g,LINDT LINDOR CORNET MILK CHOCOLATE,Pack size : 200g,Average Nutritional Value As Per 100g,PER_100G,617,2564,4.6,43,43,47,,,2,0.16,0.4,,Milk Chocolate,Solid,Food,,,sodium_derived_from_salt
all_categories_combined,3254,1,Lindt Lindor Milk Chocolate 100g,LINDT LINDOR MILK CHOCOLATE,Pack size : 100g,Average Nutritional Value As Per 100g,PER_100G,622,2582,4.6,44,43,47,,,2,0.16,0.4,,Milk Chocolate,Solid,Food,,,sodium_derived_from_salt
all_categories_combined,4415,1,Lindt Lindor Milk Cornet Chocolate 337g,LINDT LINDOR MILK CORNET CHOCOLATE,Pack size : 337g,Average Nutritional Value As Per 100g,PER_100G,623,2606.63,5,44,42,47,,,,0.068,0.17,,Milk Cornet Chocolate,Solid,Food,,,sodium_derived_from_salt
all_categories_combined,3244,1,Lindt Lindor Swiss Classic White Chocolate With Almond Brittle 100g,LINDT LINDOR SWISS CLASSIC WHITE CHOCOLATE WITH ALMOND BRITTLE,Pack size : 100g,Average Nutritional Value As Per 100g,PER_100G,643,2669,5.2,43,43,50,,,,0.084,0.21,,White Chocolate,Solid,Food,,,salt_derived_from_sodium
all_categories_combined,3253,1,Lindt Lindor Swiss Hazelnut Milk Chocolate 100g,LINDT LINDOR SWISS HAZELNUT MILK CHOCOLATE,Pack size : 100g,Average Nutritional Value As Per 100g,PER_100G,612,2561,5.3,43,42,46,,,,,,,Hazelnut Milk Chocolate,Solid,Food,Hazelnut,,missing_sodium
all_categories_combined,189|3269,2,Lindt Swiss Premium Assorted Napolitains Dark Chocolate 700g,LINDT SWISS PREMIUM ASSORTED NAPOLITAINS DARK CHOCOLATE,Pack size : 700g,Average Nutritional Value As Per 100g,PER_100G,567,2362,6.3,53,50,36,,,2.7,0.064,0.16,,Dark Chocolate,Solid,Food,,,salt_derived_from_sodium
all_categories_combined,412,1,LIVE LIFE W GREEN BANANA FLOUR750G,LIVE LIFE W GREEN BANANA FLOUR750G,Pack size : 750g,Average Nutritional Value As Per 100g,PER_100G,346,1447,3.9,88.3,0,1.8,,,9.9,,,,Flour,Powder,Food,Banana,,missing_sodium
all_categories_combined,431,1,LIVE LIFE W ORANGE SWEET POTATO750G,LIVE LIFE W ORANGE SWEET POTATO750G,Pack size : 750g,Average Nutritional Value As Per 100g,PER_100G,359,1502,1.6,20.1,4.2,0.1,,,3,0.055,0.1375,,Flour,Powder,Food,Sweet Potato,,salt_derived_from_sodium
all_categories_combined,402,1,Live Life Well Butternut Flour 750g,LIVE LIFE WELL BUTTERNUT FLOUR,Pack size : 750g,Average Nutritional Value As Per 100g,PER_100G,364,1522.97,10,76,0.3,1,,,,0.002,0.005,,Butternut Flour,Powder,Food,Butternut,,salt_derived_from_sodium
all_categories_combined,410,1,Live Life Well Carrot Flour 750g,LIVE LIFE WELL CARROT FLOUR,Pack size : 750g,Average Nutritional Value As Per 57g,PER_57G_SCALED,178.947,748.716,5.26316,40.3509,,0,,,,,,,Carrot Flour,Powder,Food,,,missing_sodium|missing_sugar
all_categories_combined,3300,1,Live Life Well Organic Porridge Oats 500g,LIVE LIFE WELL ORGANIC PORRIDGE OATS,Pack size : 500g,Average Nutritional Value As Per 100g,PER_100G,370,1548.08,11,58,1,8,,,10,,,,Oats,Solid,Food,,,missing_sodium
all_categories_combined,406,1,Live Life Well Pumpkin Flour 750g,LIVE LIFE WELL PUMPKIN FLOUR,Pack size : 750g,Average Nutritional Value As Per 28g,PER_28G_SCALED,364.286,1524.14,14.2857,71.4286,28.5714,3.57143,,,,0.025,0.0625,,Pumpkin Flour,Powder,Food,Pumpkin,,salt_derived_from_sodium
all_categories_combined,2578,1,Liwei Cracker 160g,LIWEI CRACKER,Pack size : 160g,Average Nutritional Value As Per 60g,PER_60G_SCALED,200,836.8,6.66667,31.6667,,5,,,5,,,,Cracker,Solid,Food,,,missing_sodium|missing_sugar
all_categories_combined,4539,1,Loacker Crispy Double Chocolate Cream Wafers 175g,LOACKER CRISPY DOUBLE CHOCOLATE CREAM WAFERS,Pack size : 175g,Average Nutritional Value As Per 23g,PER_23G_SCALED,521.739,2182.61,8.69565,60.8696,30.4348,26.087,,,,0.130435,0.326087,,Wafers,Solid,Food,Cocoa,,salt_derived_from_sodium
all_categories_combined,4542,1,Loacker Quadratini Bite Size Vanilla Wafer Cookies 250g,LOACKER QUADRATINI BITE SIZE VANILLA WAFER COOKIES,Pack size : 250g,Average Nutritional Value As Per 100g,PER_100G,517,2163,7,61,30,26,,,,0.162,0.405,,Wafer Cookies,Solid,Food,Vanilla,,salt_derived_from_sodium
all_categories_combined,150,1,Lotus Biscoff Spread Cookie Butter 400g,LOTUS BISCOFF SPREAD COOKIE BUTTER,Pack size : 400g,Average Nutritional Value As Per 100g,PER_100G,365,2430,2.9,57,36.8,38.1,,,,0.216,0.54,,Cookie Butter,Cream,Food,,,salt_derived_from_sodium
all_categories_combined,2819,1,Lu Prince Chocolate Biscuit 100g,LU PRINCE CHOCOLATE BISCUIT,Pack size : 100g,Average Nutritional Value As Per 100g,PER_100G,525,2196.6,4.9,68,34.4,25.6,,,,0.136,0.34,,Chocolate Biscuit,Solid,Food,Chocolate,,salt_derived_from_sodium
all_categories_combined,1104,1,Lucozade Boost Buzz Energy Drink 1L,LUCOZADE BOOST BUZZ ENERGY DRINK,Pack size : 1L,Average Nutritional Value As Per 100ml,PER_100ML,355,1485.32,1,87,70,1,,,,,,,Energy Drink,Liquid,Beverage,,,missing_sodium
all_categories_combined,1105,1,Lucozade Boost Glucose Energy Drink 250ml,LUCOZADE BOOST GLUCOSE ENERGY DRINK,Pack size : 250ml,Average Nutritional Value As Per 100ml,PER_100ML,355,1485.32,1,87,70,1,,,,,,,Energy Drink,Liquid,Beverage,,,missing_sodium
all_categories_combined,1616,1,Lukholele Fine Grind Roasted Coffee 250g,LUKHOLELE FINE GRIND ROASTED COFFEE,Pack size : 250g,Average Nutritional Value As Per 100g,PER_100G,1,4,1,1,1,1,,,1,,,,Coffee,Powder,Food,,,missing_sodium
all_categories_combined,2702,1,Luna Concentrated Evaporated Milk Karak 170G,LUNA CONCENTRATED EVAPORATED MILK KARAK,Pack size : 170g,Average Nutritional Value As Per 100g,PER_100G,139,581.576,6.2,10.4,10.4,8.1,,,0.5,6e-05,0.00015,,Milk Karak,Liquid,Food,,,salt_derived_from_sodium
all_categories_combined,292,1,Luna Cream 155G,LUNA CREAM,Pack size : 155ml,Average Nutritional Value As Per 100g,PER_100G,137,573,6,10,9,8,,,,,,,Cream Milk,Liquid,Cream Milk,,,missing_sodium
all_categories_combined,2177,1,Lunn Black Salt 100g,LUNN BLACK SALT,Pack size : 100g,Average Nutritional Value As Per 100g,PER_100G,0,0,0,0,0,0,,,0,0.034,0.085,,Black Salt,Solid,Food,,,salt_derived_from_sodium
all_categories_combined,2031,1,Lunn Cinnamon And Sugar 60g,LUNN CINNAMON AND SUGAR,Pack size : 60g,Average Nutritional Value As Per 100g,PER_100G,397.1,1661.46,10.5,85.4,54.2,1.5,,,,0.0091,0.02275,,Cinnamon And Sugar,Solid,Food,Cinnamon,,salt_derived_from_sodium
all_categories_combined,2194,1,Lunn Dessert Fine Salt 100g,LUNN DESSERT FINE SALT,Pack size : 100g,Average Nutritional Value As Per 100g,PER_100G,0,0,0,0,0,0,,,,0.034,0.085,,Fine Salt,Solid,Food,,,salt_derived_from_sodium
all_categories_combined,2181,1,Lunn Grinder Black Salt 200g,LUNN GRINDER BLACK SALT,Pack size : 200g,Average Nutritional Value As Per 100g,PER_100G,0,0,0,0,0,0,,,0,34,85,,Black Salt,Solid,Food,,,salt_derived_from_sodium
all_categories_combined,2161,1,Lunn Himalayan Pink Rock Salt 500g,LUNN HIMALAYAN PINK ROCK SALT,Pack size : 500g,Average Nutritional Value As Per 100g,PER_100G,0,0,0,0,0,0,,,0,34,85,,Pink Rock Salt,Solid,Food,,,salt_derived_from_sodium
all_categories_combined,2176,1,Lunn Low Sodium Desert Salt 500g,LUNN LOW SODIUM DESERT SALT,Pack size : 500g,Average Nutritional Value As Per 100g,PER_100G,0,0,0,0,0,0,,,,24.58,61.45,,Salt,Solid,Food,,,salt_derived_from_sodium
all_categories_combined,2190,1,Lunn Mineral Rich Desert Salt 500g,LUNN MINERAL RICH DESERT SALT,Pack size : 500g,Average Nutritional Value As Per 100g,PER_100G,0,0,0,0,0,0,,,0,0.034,0.085,,Salt,Solid,Food,,,salt_derived_from_sodium
all_categories_combined,1897,1,Lunn Thai Seasoning 40g,LUNN THAI SEASONING,Pack size : 40g,Average Nutritional Value As Per 100g,PER_100G,1120,4686.08,10.2,30.9,17,7.6,,,,,,,Seasoning,Solid,Food,4686kJ,Solid,missing_sodium
all_categories_combined,1245,1,Lyons Burger Sauce 340ml,LYONS BURGER SAUCE,Pack size : 340ml,Average Nutritional Value As Per 15ml,PER_15ML_SCALED,293.333,1227.31,1.33333,18,15.3333,24,,,0.666667,0.92,2.3,,Burger Sauce,Paste,Food,,,salt_derived_from_sodium
all_categories_combined,1374,1,Lyons Chilli Mayo Creamy Mayonnaise 340ml,LYONS CHILLI MAYO CREAMY MAYONNAISE,Pack size : 340ml,Average Nutritional Value As Per 100g,PER_100G,385.1,1611,1.4,9.9,6,38.4,,,,0.492,1.23,,Mayonnaise,Paste,Food,Chilli,,salt_derived_from_sodium
all_categories_combined,1190|1203,2,Lyons Chilli Sauce 375g,LYONS CHILLI SAUCE,Pack size : 375g,Average Nutritional Value As Per 100ml,PER_100ML,88,368.192,1.7,9.6,1.1,2.4,,,4.7,0.92,2.3,,Chilli Sauce,Paste,Food,,,sodium_derived_from_salt
all_categories_combined,1348,1,Lyons Garlic Mayo Creamy Mayonnaise 340ml,LYONS GARLIC MAYO CREAMY MAYONNAISE,Pack size : 340ml,Average Nutritional Value As Per 100g,PER_100G,724,2979,1.9,1.1,1.1,79.1,,,,,,,Mayonnaise,Paste,Food,Garlic,,missing_sodium
all_categories_combined,1340|1356,2,Lyons Gourmet Mayonnaise 400ml,LYONS GOURMET MAYONNAISE,Pack size : 400ml,Average Nutritional Value As Per 100g,PER_100G,100,418.4,,,,2,,,,0.075,0.1875,,Mayonnaise,Paste,Food,,,missing_sugar|salt_derived_from_sodium
all_categories_combined,1469,1,Lyons Greek Light Salad Dressing 360ml,LYONS GREEK LIGHT SALAD DRESSING,Pack size : 360ml,Average Nutritional Value As Per 100g,PER_100G,1970,8242.48,3,3,0,0,,,,0,0,,Salad Dressing,Paste,Food,,,salt_derived_from_sodium
all_categories_combined,1130|1202,2,Lyons Hot And Sweet Sauce 700g,LYONS HOT AND SWEET SAUCE,Pack size : 700g,Average Nutritional Value As Per 100g,PER_100G,108.64,454.55,0.81,26.27,24.54,0.25,,,1.05,1.2,3,,Sauce,Paste,Food,,,sodium_derived_from_salt
all_categories_combined,1463,1,Lyons Island Salad Dressing 360ml,LYONS ISLAND SALAD DRESSING,Pack size : 360ml,Average Nutritional Value As Per 100ml,PER_100ML,154,644.33,6,12,3,3,,,2.5,0.252,0.63,,Salad Dressing,Cream,Food,,,salt_derived_from_sodium
all_categories_combined,1353|1355,2,Lyons Light Mayonnaise Jar 380ml,LYONS LIGHT MAYONNAISE JAR,Pack size : 380ml,Average Nutritional Value As Per 15g,PER_15G_SCALED,280,1171.52,,,,26.6667,,,,,,,Mayonnaise,Cream,Food,,,missing_sodium|missing_sugar
all_categories_combined,4015|4016,2,Lyons Maid Chocomania Chocolate Spread 250g,LYONS MAID CHOCOMANIA CHOCOLATE SPREAD,Pack size : 250g,Average Nutritional Value As Per 100g,PER_100G,537,2247,5,55.8,54.9,32.6,,,,,,,Chocolate Spread,Paste,Food,Chocolate,,missing_sodium
all_categories_combined,4012|4019,2,Lyons Maid Chocotella Tub 500Gm,LYONS MAID CHOCOTELLA TUB,Pack size : 500g,Average Nutritional Value As Per 100g,PER_100G,77,322.168,2,12,,4,,,,,,,Ice Cream,Cream,Food,Chocolate,,missing_sodium|missing_sugar
all_categories_combined,323,1,Lyons Maid Dark Compound Chocolate 500g,LYONS MAID DARK COMPOUND CHOCOLATE,Pack size : 500g,Average Nutritional Value As Per 100g,PER_100G,532,2225.89,7,59,43,30.2,,,0,0,0,,Chocolate,Solid,Food,,,salt_derived_from_sodium
all_categories_combined,319,1,Lyons Maid Milk Compound Chocolate 500g,LYONS MAID MILK COMPOUND CHOCOLATE,Pack size : 500g,Average Nutritional Value As Per 100g,PER_100G,546,2284.46,6.2,58,,31.8,,,,,,,Chocolate,Solid,Food,Milk,,missing_sodium|missing_sugar
all_categories_combined,320,1,Lyons Maid White Compound Chocolate 500g,LYONS MAID WHITE COMPOUND CHOCOLATE,Pack size : 500g,Average Nutritional Value As Per 100g,PER_100G,558,2334.67,5.05,62.23,,33.26,,,,,,,Chocolate,Solid,Food,,,missing_sodium|missing_sugar
all_categories_combined,1375,1,Lyons Mayowhip Creaming And Tangy Dressing Eggless Mayonnaise 340ml,LYONS MAYOWHIP CREAMING AND TANGY DRESSING EGGLESS MAYONNAISE,Pack size : 340ml,Average Nutritional Value As Per 20g,PER_20G_SCALED,210,878.64,0.75,4,2,22,,,0,0.0006,0.0015,,Mayonnaise,Paste,Food,,,salt_derived_from_sodium
all_categories_combined,1470,1,Lyons Salad Cream Salad Dressing 360ml,LYONS SALAD CREAM SALAD DRESSING,Pack size : 360ml,Average Nutritional Value As Per 100g,PER_100G,268,1121.31,0,25,24,28,,,0,0.79,1.975,,Salad Dressing,Paste,Food,,,salt_derived_from_sodium
all_categories_combined,1327,1,Lyons Tomato Ketchuo 385g,LYONS TOMATO KETCHUO,Pack size : 385g,Average Nutritional Value As Per 61g,PER_61G_SCALED,24.5902,102.885,1.63934,4.91803,1.63934,0,,,1.63934,0.459016,1.14754,,Tomato Sauce,Paste,Food,Tomato,,salt_derived_from_sodium
all_categories_combined,1410|1415|1421|1423,4,Lyons Tomato Sauce 700g,LYONS TOMATO SAUCE,Pack size : 700g,Average Nutritional Value As Per 100g,PER_100G,15,62.76,1,3,1,,,,1,0.28,0.7,,Tomato Sauce,Paste,Food,Tomato,,missing_total_fat|salt_derived_from_sodium
all_categories_combined,4547|4548,2,M&Ms Chocolate 45G,M MS CHOCOLATE,Pack size : 45g,100g,PER_100G,516,2157,10,58,53,26,,,,,,,Chocolate Bar,Solid,Food,Peanut,,missing_sodium
all_categories_combined,1464,1,Ma Cuisine Classic Tartare Sauce 330g,MA CUISINE CLASSIC TARTARE SAUCE,Pack size : 330g,Average Nutritional Value As Per 100g,PER_100G,397.1,1661.46,10.5,85.4,54.2,1.5,,,,0.0091,0.02275,,Sauce,Paste,Food,,,salt_derived_from_sodium
all_categories_combined,4588,1,Ma Cuisine Just Mixed Fruit Jam 300g,MA CUISINE JUST MIXED FRUIT JAM,Pack size : 300g,Average Nutritional Value As Per 100g,PER_100G,285,1192.44,0.5,70,70,0,,,0.5,0.12,0.3,,Jam,Jelly,Food,Mixed Fruit,,salt_derived_from_sodium
all_categories_combined,4589,1,Ma Cuisine Just Raspberry Jam 300g,MA CUISINE JUST RASPBERRY JAM,Pack size : 300g,Average Nutritional Value As Per 100g,PER_100G,232,970.688,0.5,56,0.3,0.5,,,3.9,0.007,0.0175,,Jam,Jelly,Food,Raspberry,,salt_derived_from_sodium
all_categories_combined,2792,1,Ma Cuisine Just Strawberry Jam 300g,MA CUISINE JUST STRAWBERRY JAM,Pack size : 300g,Average Nutritional Value As Per 100g,PER_100G,240,1021,0,59,59,0,,,1.1,,,,Jam,Jelly,Food,Strawberry,,missing_sodium
all_categories_combined,2617,1,Ma Cuisine Mango Chutney 400g,MA CUISINE MANGO CHUTNEY,Pack size : 400g,Average Nutritional Value As Per 100g,PER_100G,136,569.024,0.8,32.8,2.4,1.2,,,,,,,Mango Chutney,Paste,Food,,,missing_sodium
all_categories_combined,4590,1,Ma Cuisine Seville Orange Marmalade Fruit Jam 450g,MA CUISINE SEVILLE ORANGE MARMALADE FRUIT JAM,Pack size : 450g,Average Nutritional Value As Per 100g,PER_100G,245,1025.08,0.3,65,60,0.3,,,0.7,0.037,0.0925,,Jam,Jelly,Food,Orange,,salt_derived_from_sodium
all_categories_combined,2616,1,Ma Cuisine Tomato Chutney 430g,MA CUISINE TOMATO CHUTNEY,Pack size : 430g,Average Nutritional Value As Per 100g,PER_100G,313,1309.59,0.1,61,27,0.1,,,1,0.52,1.3,,Tomato Chutney,Paste,Food,,,salt_derived_from_sodium
all_categories_combined,3991,1,Mac Andrews Chocolate Chip And Hazelnut Cookies 150g,MAC ANDREWS CHOCOLATE CHIP AND HAZELNUT COOKIES,Pack size : 150g,Average Nutritional Value As Per 100g,PER_100G,457,1912.09,5,60,38,23,,,4,0.027,0.0675,,Cookies,Solid,Food,Chocolate Chip And Hazelnut,,salt_derived_from_sodium
all_categories_combined,1688,1,MacCoffee 3 In 1 Hazelnut Coffee 18g,MACCOFFEE 3 IN 1 HAZELNUT COFFEE,Pack size : 18g,Average Nutritional Value As Per 100g,PER_100G,430,1799.12,3,83,,10,,,,,,,Coffee,Powder,Food,Hazelnut,,missing_sodium|missing_sugar
all_categories_combined,1678,1,MacCoffee 3 In 1 Hazelnut Coffee 18g x Pack of 10,MACCOFFEE 3 IN 1 HAZELNUT COFFEE X PACK OF 10,Pack size : 18g x Pack of 10,Average Nutritional Value As Per 100g,PER_100G,430,1799.12,3,83,,10,,,,,,,Coffee,Powder,Food,Hazelnut,,missing_sodium|missing_sugar
all_categories_combined,1734,1,MacCoffee 3 In 1 Irish Cream Coffee 18g,MACCOFFEE 3 IN 1 IRISH CREAM COFFEE,Pack size : 18g,Average Nutritional Value As Per 100g,PER_100G,420,1757.28,3,81,,9,,,,,,,Coffee,Powder,Food,,,missing_sodium|missing_sugar
all_categories_combined,1684,1,MacCoffee 3 In 1 Morning White Coffee Mix 34g,MACCOFFEE 3 IN 1 MORNING WHITE COFFEE MIX,Pack size : 34g,Average Nutritional Value As Per 40g,PER_40G_SCALED,450,1882.8,5,70,37.5,17.5,,,,0.325,0.8125,,Coffee Mix,Powder,Food,,,salt_derived_from_sodium
all_categories_combined,1672|1702,2,Maccoffee 3 In 1 Plus White Coffee Mix 15g,MACCOFFEE 3 IN 1 PLUS WHITE COFFEE MIX,Pack size : 15g,Average Nutritional Value As Per 100g,PER_100G,425,1780,19.7,36.8,33.3,19.7,,,4.3,0.33,0.825,,White Coffee Mix,Powder,Food,,,salt_derived_from_sodium
all_categories_combined,1712,1,Maccoffee 3 In 1 Plus White Coffee Mix 18g x Pack of 12,MACCOFFEE 3 IN 1 PLUS WHITE COFFEE MIX X PACK OF 12,Pack size : 18g X Pack Of 12,Average Nutritional Value As Per 100g,PER_100G,425,1780,19.7,36.8,33.3,19.7,,,4.3,0.33,0.825,,White Coffee Mix,Powder,Food,,,salt_derived_from_sodium
all_categories_combined,1710,1,Maccoffee 3 In 1 Plus White Coffee Mix 15g x Pack of 24,MACCOFFEE 3 IN 1 PLUS WHITE COFFEE MIX X PACK OF 24,Pack size : 15g,Average Nutritional Value As Per 100g,PER_100G,425,1780,19.7,36.8,33.3,19.7,,,4.3,0.33,0.825,,White Coffee Mix,Powder,Food,,,salt_derived_from_sodium
all_categories_combined,1687,1,Maccoffee 3 In 1 Strong Coffee 20g,MACCOFFEE 3 IN 1 STRONG COFFEE,Pack size : 20g,Average Nutritional Value As Per 100g,PER_100G,426,1782.38,4.5,78,55,10,,,2.5,,,,Coffee,Powder,Food,,,missing_sodium
all_categories_combined,1704,1,Maccoffee Cafe PHO 3 In 1 Instant Iced Coffee 24g,MACCOFFEE CAFE PHO 3 IN 1 INSTANT ICED COFFEE,Pack size : 24g,Average Nutritional Value As Per 24g,PER_24G_SCALED,475,1987.4,3.91667,71.6667,48.3333,18.9167,,,,0.366667,0.916667,,Instant Iced Coffee,Powder,Food,,,salt_derived_from_sodium
all_categories_combined,1686,1,Maccoffee Cafe PHO 3 In 1 Instant Iced Coffee 24g x Pack of 5,MACCOFFEE CAFE PHO 3 IN 1 INSTANT ICED COFFEE X PACK OF 5,Pack size : 24g x Pack of 5,Average Nutritional Value As Per 24g,PER_24G_SCALED,475,1987.4,3.91667,71.6667,48.3333,18.9167,,,,0.366667,0.916667,,Instant Iced Coffee,Powder,Food,,,salt_derived_from_sodium
all_categories_combined,1673,1,Maccoffee Classic Coffee 200g,MACCOFFEE CLASSIC COFFEE,,,ASSUMED_PER_100G,0.3,,2,100,,0.004,,,,,,,Food,,0.1g,8.368KJ,Powder,assumed_per_100g_missing_portion|missing_sodium|missing_sugar
all_categories_combined,1670,1,Maccoffee Classic Instant Coffee Mix 1.6g,MACCOFFEE CLASSIC INSTANT COFFEE MIX,Pack size : 1.6g,Average Nutritional Value As Per 100g,PER_100G,304,1276,22.6,40.2,0.5,0.5,,,23.7,0.03655,0.091375,,Instant Coffee Mix,Powder,Food,,,salt_derived_from_sodium
all_categories_combined,1671|1720,2,MacCoffee Creme Non Dairy Creamer 450g,MACCOFFEE CREME NON DAIRY CREAMER,Pack size : 450g,Average Nutritional Value As Per 100g,PER_100G,551,2305.38,1.2,57,7.6,34,,,,,,,Dairy Creamer,Powder,Food,,,missing_sodium
all_categories_combined,1690,1,Maccoffee Strong 3 In 1 Coffee 20g x 20 Pieces,MACCOFFEE STRONG 3 IN 1 COFFEE X,Pack size : 20g x 20 Pieces,Average Nutritional Value As Per 100g,PER_100G,91,380.744,0.5,15.5,13.6,3,,,0.5,0.0252,0.063,,Coffee,Powder,Food,,,salt_derived_from_sodium
all_categories_combined,1703,1,Mactea Original 3 In 1 Milk Instant Tea Mix 20g,MACTEA ORIGINAL 3 IN 1 MILK INSTANT TEA MIX,Pack size : 20g,Average Nutritional Value As Per 100g,PER_100G,89,372,0.4,16.7,13.2,2.2,,,0.2,0.02,0.05,,Instant Tea Mix,Powder,Food,Milk,,salt_derived_from_sodium
all_categories_combined,1343,1,Macuisine Garlic Mayonnaise 330g,MACUISINE GARLIC MAYONNAISE,Pack size : 330g,Average Nutritional Value As Per 100g,PER_100G,580,2426.72,1,9,4,,,,,0.45,1.125,,Mayonnaise,Paste,Food,Garlic,,missing_total_fat|salt_derived_from_sodium
all_categories_combined,4241,1,MaCuisine Good Bee Honey 500g,MACUISINE GOOD BEE HONEY,Pack size : 500g,Average Nutritional Value As Per 100g,PER_100G,272.51,1140.18,0.3,66.79,,0.11,,,,,,,Honey,Paste,Food,,,missing_sodium|missing_sugar
all_categories_combined,1339,1,Macuisine Just Mayonnaise 330g,MACUISINE JUST MAYONNAISE,Pack size : 330g,Average Nutritional Value As Per 100g,PER_100G,680,2845.12,1,0.6,0.6,12,,,,0.635,1.5875,,Mayonnaise,Paste,Food,,,salt_derived_from_sodium
all_categories_combined,1358,1,Macuisine Vegan Mayonnaise 330g,MACUISINE VEGAN MAYONNAISE,Pack size : 330g,Average Nutritional Value As Per 100g,PER_100G,654,2738,0.5,3.9,2.7,72,,,,,,,Mayonnaise,Paste,Food,,,missing_sodium
all_categories_combined,2204,1,Maggi Star Fortified Seasoning Cubes 4g x Pack of 28,MAGGI STAR FORTIFIED SEASONING CUBES X PACK OF 28,Pack size : 4g x Pack of 28,Average Nutritional Value As Per 100g,PER_100G,173,728,5.1,29,0.4,3.7,,,,,,,Seasoning Cubes,Powder,Food,,,missing_sodium
all_categories_combined,3378,1,Magical Gummy Bananas 80Gm,MAGICAL GUMMY BANANAS,Pack size : 80gm,Nutrition information per 100g,PER_100G,340,,7.9,75.7,52.5,0.1,,,0,0.028,0.07,,Food,solid,Candy,Banana,,salt_derived_from_sodium
all_categories_combined,3377,1,Magical Gummy Bones 80Gm,MAGICAL GUMMY BONES,Pack size : 80gm,Nutrition information per 100g,PER_100G,340,,7.9,75.7,52.5,0.1,,,0,0.028,0.07,,Food,solid,Candy,Bones,,salt_derived_from_sodium
all_categories_combined,3375,1,Magical Gummy Cola Bottles 80Gm,MAGICAL GUMMY COLA BOTTLES,Pack size : 80gm,Nutrition information per 100g,PER_100G,340,,7.9,75.7,52.5,0.1,,,0,0.028,0.07,,Food,solid,Candy,,,salt_derived_from_sodium
all_categories_combined,3381,1,Magical Gummy Ring 80Gm,MAGICAL GUMMY RING,Pack size : 80gm,Nutrition information per 100g,PER_100G,340,,7.9,75.7,52.5,0.1,,,0,0.028,0.07,,Food,solid,Candy,,,salt_derived_from_sodium
all_categories_combined,3376,1,Magical Gummy Turtle 80Gm,MAGICAL GUMMY TURTLE,Pack size : 80gm,Nutrition information per 100g,PER_100G,340,,7.9,75.7,52.5,0.1,,,0,0.028,0.07,,Food,solid,Candy,,,salt_derived_from_sodium
all_categories_combined,3382,1,Magical Sour Gummy Worms 80Gm,MAGICAL SOUR GUMMY WORMS,Pack size : 80gm,Nutrition information per 100g,PER_100G,340,,7.9,75.7,52.5,0.1,,,0,0.028,0.07,,Food,solid,Candy,,,salt_derived_from_sodium
all_categories_combined,1452,1,Maille Dijon Original Mustard 215g,MAILLE DIJON ORIGINAL MUSTARD,Pack size : 215g,Average Nutritional Value As Per 100g,PER_100G,151,631,7,3.5,1.9,11,,,2,,,,Mustard,Solid,Food,,,missing_sodium
all_categories_combined,532,1,Maisha Drinking Water 500Ml,MAISHA DRINKING WATER,Pack size : 500Ml,Average Nutritional Value As Per 100ml,PER_100ML,0,0,,,,,,,,0.004,0.01,,Water,Liquid,Beverage,,,missing_sugar|missing_total_fat|salt_derived_from_sodium
all_categories_combined,874,1,Malbros Daawat Biryani Rice 1Kg,MALBROS DAAWAT BIRYANI RICE,Pack size : 1Kg,Average Nutritional Value As Per 100g,PER_100G,350,1464,8.8,78,,0.47,,,1.6,0.0017,0.00425,,Rice,Solid,Food,,,missing_sugar|salt_derived_from_sodium
all_categories_combined,714,1,Malbros Daawat Brown Rice 1Kg,MALBROS DAAWAT BROWN RICE,Pack size : 1Kg,Average Nutritional Value As Per 100g,PER_100G,350,1464,9.7,75,,2.5,,,2.5,0.005,0.0125,,Rice,Solid,Food,,,missing_sugar|salt_derived_from_sodium
all_categories_combined,678|908,2,Malbros Daawat Long Grain Rice 2Kg,MALBROS DAAWAT LONG GRAIN RICE,Pack size : 2Kg,Average Nutritional Value As Per 158g,PER_158G_SCALED,129.747,542.405,2.72152,28.481,0.0632911,0.253165,,,0.379747,0.00101266,0.00253165,,Rice,Solid,Food,,,salt_derived_from_sodium
all_categories_combined,4549,1,Maltersers Chocolate Ball 37G,MALTERSERS CHOCOLATE BALL,Pack size : 37g,100g,PER_100G,505,2115,8.2,62,52,25,,,0,0.17,0.4,,Chocolate,Solid,Food,Chocolate,,
all_categories_combined,2880,1,Maltesers Small Box 110G,MALTESERS SMALL BOX,Pack size : 110g,Average Nutritional Value As Per 100g,PER_100G,503,2105,8.1,62,53,25,,,,,,,Chocolate Box,Solid,Frozen,Cocoa,,missing_sodium
all_categories_combined,1254|1258|1268|1269,4,Mama's Choice Chips Sauce 5kg,MAMA S CHOICE CHIPS SAUCE,Pack size : 5kg,Average Nutritional Value As Per 100g,PER_100G,82,336,4.3,19,12,0.5,,,4.1,0.059,0,,Chips Sauce,Paste,Food,Tomato,,
all_categories_combined,1257,1,Mama's Choice Chips Tomato Sauce 400g,MAMA S CHOICE CHIPS TOMATO SAUCE,Pack size : 400g,Average Nutritional Value As Per 100g,PER_100G,82,336,4.3,19,12,0.5,,,4.1,0.059,0.1475,,Sauce,Paste,Food,,,salt_derived_from_sodium
all_categories_combined,1172,1,Mamas Choice Chilli 375G,MAMAS CHOICE CHILLI,Pack size : 375g,Average Nutritional Value As Per 35g,PER_35G_SCALED,114.286,477.143,11.4286,2.85714,2.85714,8.57143,,,0,0.485714,1.21429,,Chilli Sauce,Liquid,Food,,,salt_derived_from_sodium
all_categories_combined,3957,1,Manji Assorted Cream Biscuits 160g,MANJI ASSORTED CREAM BISCUITS,Pack size : 160g,Average Nutritional Value As Per 125g,PER_125G_SCALED,400,1673.6,6.4,51.2,,18.4,,,,,,,Biscuits,Solid,Food,,,missing_sodium|missing_sugar
all_categories_combined,3899,1,MANJI BISCUITS CLASSIC COMBO 1K,MANJI BISCUITS CLASSIC COMBO 1K,Pack size : 1kg,Average Nutritional Value As Per 25g,PER_25G_SCALED,468,1958.11,8,68,,16,,,,,,,Biscuit,Solid,Food,,,missing_sodium|missing_sugar
all_categories_combined,3900,1,MANJI BISCUITS DIGESTIVE JAR 1KG,MANJI BISCUITS DIGESTIVE JAR,Pack size : 1Kg,Average Nutritional Value As Per 100g,PER_100G,459,1920.46,5,72,,17,,,,,,,Biscuit,Solid,Food,Wheat,,missing_sodium|missing_sugar
all_categories_combined,3999,1,Manji Chocolate Chips Cookies 500g,MANJI CHOCOLATE CHIPS COOKIES,Pack size : 500g,Average Nutritional Value As Per 15g,PER_15G_SCALED,466.667,1952.53,,60,53.3333,6.66667,,,26.6667,0.0666667,0.166667,,Cookies,Solid,Food,Cocoa,,salt_derived_from_sodium
all_categories_combined,3881,1,Manji Chocolate Digestive Biscuit 150g,MANJI CHOCOLATE DIGESTIVE BISCUIT,Pack size : 150g,Average Nutritional Value As Per 30g,PER_30G_SCALED,1530,6401.53,16.6667,240,,56.6667,,,,,,,Digestive Biscuit,Solid,Food,Cocoa,,missing_sodium|missing_sugar
all_categories_combined,3964,1,Manji Cookies Fairyland Chips 200G,MANJI COOKIES FAIRYLAND CHIPS,Pack size : 200g,Average Nutritional Value As Per 100g,PER_100G,459,1920.46,5,64,,27,,,,,,,Cookies,Solid,Food,Cocoa,,missing_sodium|missing_sugar
all_categories_combined,3951,1,Manji Custard Cream Biscuits 160g,MANJI CUSTARD CREAM BISCUITS,Pack size : 160g,Average Nutritional Value As Per 100g,PER_100G,588,2460.19,6,68,,19,,,,,,,Biscuits,Solid,Food,Custard,,missing_sodium|missing_sugar
all_categories_combined,3867|3890,2,Manji Digestive Biscuit 200g,MANJI DIGESTIVE BISCUIT,Pack size : 200g,Average Nutritional Value As Per 30g,PER_30G_SCALED,1530,6401.53,16.6667,240,,56.6667,,,,,,,Biscuit,Solid,Food,,,missing_sodium|missing_sugar
all_categories_combined,113,1,Manji Dinner Crackers Biscuit 200g,MANJI DINNER CRACKERS BISCUIT,Pack size : 200g,Average Nutritional Value As Per 25g,PER_25G_SCALED,512,2142.21,,64,,20,,,,0.044,0.11,,Biscuit,Solid,Food,,,missing_sugar|salt_derived_from_sodium
all_categories_combined,3767,1,Manji Family Biscuits 80g,MANJI FAMILY BISCUITS,Pack size : 80g,Average Nutritional Value As Per 25g,PER_25G_SCALED,468,1958,8,68,0,16,,,0,0,0,,Biscuit,Solid,Food,,,salt_derived_from_sodium
all_categories_combined,3733|3761|3779,3,Manji Glucose Biscuit 50g,MANJI GLUCOSE BISCUIT,Pack size : 50g,Average Nutritional Value As Per 100g,PER_100G,464,1941.3,8,72,,15,,,,,,,Biscuit,Solid,Food,,,missing_sodium|missing_sugar
all_categories_combined,3857,1,Manji Good Day Digestive Biscuit 100g,MANJI GOOD DAY DIGESTIVE BISCUIT,Pack size : 100g,Average Nutritional Value As Per 100g,PER_100G,459,1920.46,5,72,,17,,,,,,,Digestive Biscuit,Solid,Food,Wheat,,missing_sodium|missing_sugar
all_categories_combined,3759,1,Manji High Energy Egg And Milk Biscuit 85g,MANJI HIGH ENERGY EGG AND MILK BISCUIT,Pack size : 85g,Average Nutritional Value As Per 100g,PER_100G,450,1882.8,8,74,0,15,,,0,0,0,,Biscuit,Solid,Food,Egg,,salt_derived_from_sodium
all_categories_combined,3758,1,Manji High Energy Honey And Chocolate Biscuit 80g,MANJI HIGH ENERGY HONEY AND CHOCOLATE BISCUIT,Pack size : 80g,Average Nutritional Value As Per 50g,PER_50G_SCALED,460,1924.6,8,72,24,16,,,6,0.34,0.85,,Biscuit,Solid,Food,"Honey, Chocolate",,salt_derived_from_sodium
all_categories_combined,3611,1,Manji Manjimix Oats With Almonds And Raisins Whole Grain Cereal Biscuits 280g,MANJI MANJIMIX OATS WITH ALMONDS AND RAISINS WHOLE GRAIN CEREAL BISCUITS,Pack size : 280g,Average Nutritional Value As Per 13g,PER_13G_SCALED,430.769,1802.31,,69.2308,,14.6154,,,,,,,Cereal Biscuits,Solid,Food,"Almonds, Raisins",,missing_sodium|missing_sugar
all_categories_combined,77,1,Manji Milk Chocolate Chocolate Fingers Biscuit 125g,MANJI MILK CHOCOLATE CHOCOLATE FINGERS BISCUIT,Pack size : 125g,Average Nutritional Value As Per 100g,PER_100G,509,2130,,64,37,25,,,2.1,0.192,0.48,,Biscuit,Solid,Food,Cocoa,,sodium_derived_from_salt
all_categories_combined,3776,1,Manji Milkstar Milk Biscuit With Glucose 200g,MANJI MILKSTAR MILK BISCUIT WITH GLUCOSE,Pack size : 200g,Average Nutritional Value As Per 100g,PER_100G,210,878.6,3,87,0,6,,,0,0,0,,Biscuit,Solid,Food,Milk,,salt_derived_from_sodium
all_categories_combined,3802,1,Manji Nice Biscuit 200g,MANJI NICE BISCUIT,Pack size : 200g,Average Nutritional Value As Per 25g,PER_25G_SCALED,468,1958,8,68,0,16,,,0,0,0,,Biscuit,Solid,Food,,,salt_derived_from_sodium
all_categories_combined,3837,1,Manji Nice Biscuit Jar 1kg,MANJI NICE BISCUIT JAR,Pack size : 1kg,Average Nutritional Value As Per 25g,PER_25G_SCALED,468,1958,8,68,0,16,,,0,0,0,,Biscuit,Solid,Food,,,salt_derived_from_sodium
all_categories_combined,3827,1,Manji Nice Biscuits With Coconut Budget 1Kg,MANJI NICE BISCUITS WITH COCONUT BUDGET,Pack size : 1kg,Average Nutritional Value As Per 25g,PER_25G_SCALED,468,1958,8,68,0,16,,,0,0,0,,Biscuit,Solid,Food,,,salt_derived_from_sodium
all_categories_combined,3764,1,Manji Nice Coconut Biscuit 100g,MANJI NICE COCONUT BISCUIT,Pack size : 100g,Average Nutritional Value As Per 25g,PER_25G_SCALED,468,1958,8,68,0,16,,,0,0,0,,Biscuit,Solid,Food,Coconut,,salt_derived_from_sodium
all_categories_combined,3949,1,Manji Orange Cream Biscuit 160g,MANJI ORANGE CREAM BISCUIT,Pack size : 160g,Average Nutritional Value As Per 100g,PER_100G,69,282,0,11,0,2,,,0,0,0,,Biscuit,Solid,Food,Orange,,
all_categories_combined,92,1,Manji Orange Cream Biscuits 90g,MANJI ORANGE CREAM BISCUITS,Pack size : 90g,Average Nutritional Value As Per 100g,PER_100G,588,2460,6,68,,19,,,,,,,Biscuits,Solid,Food,Orange,,missing_sodium|missing_sugar
all_categories_combined,3952,1,Manji Pineapple Cream Biscuits 160g,MANJI PINEAPPLE CREAM BISCUITS,Pack size : 160g,Average Nutritional Value As Per 125g,PER_125G_SCALED,400,1673.6,6.4,51.2,,18.4,,,,,,,Biscuits,Solid,Food,Pineapple,,missing_sodium|missing_sugar
all_categories_combined,3965,1,Manji Pure Butter Almond Cookies 150g,MANJI PURE BUTTER ALMOND COOKIES,Pack size : 150g,Average Nutritional Value As Per 150g,PER_150G_SCALED,286.667,1199.41,,51.3333,,10.6667,,,4,,,,Cookies,Solid,Food,Almond,,missing_sodium|missing_sugar
all_categories_combined,115,1,Manji Salty Snack Biscuit 200g,MANJI SALTY SNACK BISCUIT,Pack size : 200g,Average Nutritional Value As Per 25g,PER_25G_SCALED,468,1958.11,8,68,,16,,,,,,,Biscuit,Solid,Food,,,missing_sodium|missing_sugar
all_categories_combined,3812|3814,2,Manji Shortbread Biscuits 200g,MANJI SHORTBREAD BISCUITS,Pack size : 200g,Average Nutritional Value As Per 100g,PER_100G,516,2158.94,6.54,61,18,27.5,,,,,,,Biscuits,Solid,Food,,,missing_sodium
all_categories_combined,3772,1,Manji Shortcake Biscuit 100g,MANJI SHORTCAKE BISCUIT,Pack size : 100g,Average Nutritional Value As Per 25g,PER_25G_SCALED,416,1740.4,8,72,8,8,,,8,0,0,,Biscuit,Solid,Food,,,salt_derived_from_sodium
all_categories_combined,3840,1,Manji Shortcake Biscuit Jar 1kg,MANJI SHORTCAKE BISCUIT JAR,Pack size : 1kg,Average Nutritional Value As Per 25g,PER_25G_SCALED,416,1740.4,8,72,8,8,,,8,0,0,,Biscuit,Solid,Food,,,salt_derived_from_sodium
all_categories_combined,4486,1,Manji Swiss Banana Wafer 15g,MANJI SWISS BANANA WAFER,Pack size : 15g,Average Nutritional Value As Per 24g,PER_24G_SCALED,541.667,2266.33,0,62.5,33.3333,33.3333,,,0,0.166667,0.416667,,Wafer,Solid,Food,Banana,,salt_derived_from_sodium
all_categories_combined,4487,1,Manji Swiss Strawberry Wafer 15g,MANJI SWISS STRAWBERRY WAFER,Pack size : 15g,Average Nutritional Value As Per 100g,PER_100G,500,2092,5,71,20,22,,,,,,,Wafer,Solid,Food,Strawberry,,missing_sodium
all_categories_combined,3805,1,Manji Treat Cashew Cookies 240g,MANJI TREAT CASHEW COOKIES,Pack size : 240g,Average Nutritional Value As Per 100g,PER_100G,451,2263,6.35,66,22,18,,,,0.3,0.75,,Cookies,Solid,Food,Cashew,,salt_derived_from_sodium
all_categories_combined,3807,1,Manji Treat Milk Chocolate Cookies 240g,MANJI TREAT MILK CHOCOLATE COOKIES,Pack size : 240g,Average Nutritional Value As Per 100g,PER_100G,517,2163,7,65,,25,,,,,,,Cookies,Solid,Food,Milk Chocolate,,missing_sodium|missing_sugar
all_categories_combined,285,1,Mariandazi Baking Powder 100g,MARIANDAZI BAKING POWDER,Pack size : 100g,Average Nutritional Value As Per 4.6g,PER_4.6G_SCALED,52.1739,218.283,,28.2609,,,,,,10.6087,26.5217,,Baking Powder,Powder,Food,,,missing_sugar|missing_total_fat|salt_derived_from_sodium
all_categories_combined,1584,1,Marinat Kirinyaga Dark Roast Coffee Beans 250g,MARINAT KIRINYAGA DARK ROAST COFFEE BEANS,Pack size : 250g,Average Nutritional Value As Per 100g,PER_100G,2.4,10.0416,0.3,0,0,0.1,,,0,0.0047,0.01175,,Coffee Beans,Solid,Food,,,salt_derived_from_sodium
all_categories_combined,1658,1,Marinat Kirinyaga Honey Select And Grind Arabica Coffee Beans 250g,MARINAT KIRINYAGA HONEY SELECT AND GRIND ARABICA COFFEE BEANS,Pack size : 250g,Average Nutritional Value As Per 100g,PER_100G,2.4,10.041,0.3,0,0,0.01,,,0,4.7,11.75,,Coffee Beans,Solid,Food,Honey,,salt_derived_from_sodium
all_categories_combined,2700,1,Marmite Yeast Extract Jar 250G,MARMITE YEAST EXTRACT JAR,Pack size : 250g,Average Nutritional Value As Per 100g,PER_100G,263,1100,34,30,,0.1,,,1.1,4.32,10.8,,Yeast Extract,Paste,Food,,,missing_sugar|sodium_derived_from_salt
all_categories_combined,3848,1,Mars Celebrations Chocolate 600g,MARS CELEBRATIONS CHOCOLATE,Pack size : 600g,Average Nutritional Value As Per 100g,PER_100G,495,2071,5.5,62,55,24,,,,0.156,0.39,,Chocolate,Solid,Food,Cocoa,,sodium_derived_from_salt
all_categories_combined,3182,1,Mars 51G Chocolate Bar,MARS CHOCOLATE BAR,Pack size : 51g,100g,PER_100G,228,953,2,35,31.5,8.4,,,,,,,Chocolate Bar,Solid,Food,,,missing_sodium
all_categories_combined,2585,1,Master Kang Beef With Cabbage Pickled Instant Noodle 116g,MASTER KANG BEEF WITH CABBAGE PICKLED INSTANT NOODLE,Pack size : 116g,Average Nutritional Value As Per 100g,PER_100G,721,3019,47.2,75.7,,41.3,,,,4.64,11.6,,Instant Noodle,Solid,Food,,,missing_sugar|sodium_derived_from_salt
all_categories_combined,2559,1,Master Kang Green Tea 600Ml,MASTER KANG GREEN TEA,Pack size : 600ml,Average Nutritional Value As Per 100ml,PER_100ML,18,75,0,4.5,4.2,0,,,0,0,0,,Tea,Liquid,Food,,,
all_categories_combined,2553,1,Master Kang Iced Pear Tea Drink 500ml,MASTER KANG ICED PEAR TEA DRINK,Pack size : 500ml,Average Nutritional Value As Per 100g,PER_100G,48,204,,22,2.8,,,,,,,,Iced Pear Tea Drink,Liquid,Beverage,,,missing_sodium|missing_total_fat
all_categories_combined,2595,1,Master Kang Jasmine Tea 600ml,MASTER KANG JASMINE TEA,Pack size : 600ml,Average Nutritional Value As Per 100ml,PER_100ML,18,75,0,4.5,4.2,0,,,0,0,0,,Tea,Liquid,Food,,,
all_categories_combined,3880,1,McVitie's Digestive Biscuit 250g,MCVITIE S DIGESTIVE BISCUIT,Pack size : 250g,Average Nutritional Value As Per 100g,PER_100G,481,2012.5,7,62,16,21,,,,,,,Biscuit,Solid,Food,,,missing_sodium
all_categories_combined,3893,1,McVitie's Digestive Dark Chocolate Biscuit 200g,MCVITIE S DIGESTIVE DARK CHOCOLATE BISCUIT,Pack size : 200g,Average Nutritional Value As Per 100g,PER_100G,496,2075.26,4,40,17,16,,,,0.198,0.495,,Biscuit,Solid,Food,Cocoa,,salt_derived_from_sodium
all_categories_combined,3892,1,McVitie's Digestive Wheat Biscuit 400g,MCVITIE S DIGESTIVE WHEAT BISCUIT,Pack size : 400g,Average Nutritional Value As Per 100g,PER_100G,481,2012.5,7,62,16,21,,,,0.534,1.335,,Biscuit,Solid,Food,,,salt_derived_from_sodium
all_categories_combined,3887,1,McVitie's Light Digestive Biscuit 250g,MCVITIE S LIGHT DIGESTIVE BISCUIT,Pack size : 250g,Average Nutritional Value As Per 15g,PER_15G_SCALED,440,1840.96,6.66667,66.6667,20,13.3333,,,,,,,Biscuit,Solid,Food,,,missing_sodium
all_categories_combined,3822,1,Mcvitie's Marie Finger Biscuits 200g,MCVITIE S MARIE FINGER BISCUITS,Pack size : 200g,Average Nutritional Value As Per 100g,PER_100G,448,1874,7.2,72.5,20.7,14.3,,,3,0.016,0.4,,Biscuits,Solid,Food,,,
all_categories_combined,87,1,Mcvities Bn Strawberry Biscuit 285G,MCVITIES BN STRAWBERRY BISCUIT,Pack size : 285g,Average Nutritional Value As Per 100g,PER_100G,398,1681,5.3,75,32,8.4,,,2.5,0.192,0.48,,Biscuits,Solid,Food,,,sodium_derived_from_salt
all_categories_combined,3235,1,Mcvities Oat Crunch Cookies 300G,MCVITIES OAT CRUNCH COOKIES,Pack size : 300g,Average Nutritional Value As Per 100g,PER_100G,472,1976,7.4,61.8,22.9,20.2,,,6.5,0.327,0.8175,,Cookies,Solid,Food,,,salt_derived_from_sodium
all_categories_combined,1664,1,Melitta Original White Filter Paper Coffee 40 pieces,MELITTA ORIGINAL WHITE FILTER PAPER COFFEE,Pack size : 40 Pieces,Average Nutritional Value As Per 100g,PER_100G,2.4,10.0416,0.3,0,0,0.1,,,0,0.0047,0.01175,,Coffee,Powder,Food,,,salt_derived_from_sodium
all_categories_combined,2171,1,Melvins BBQ Seasoning Salt 120g,MELVINS BBQ SEASONING SALT,Pack size : 120g,Average Nutritional Value As Per 100g,PER_100G,367,1535.53,10,57,30,8.3,,,6.7,0.183,0.4575,,Seasoning Salt,Powder,Food,Barbecue,,salt_derived_from_sodium
all_categories_combined,2219|2232,2,Melvins Herbal Salt 120G,MELVINS HERBAL SALT,Pack size : 120g,Average Nutritional Value As Per 100g,PER_100G,44,184.09,2,0,0,0,,,0,0.032,0.08,,Salt,Solid,Beverage,"Salt, Assorted Herbs",N-Zorbit Anti-caking agent,salt_derived_from_sodium
all_categories_combined,2173,1,Melvins Herbal Seasoning Mix 200g,MELVINS HERBAL SEASONING MIX,Pack size : 200g,Average Nutritional Value As Per 100g,PER_100G,44,184.09,2,0,0,0,,,0,0.032,0.08,,Seasoning Mix,Powder,Food,"Salt, Assorted Herbs",N-Zorbit Anti-caking agent,salt_derived_from_sodium
all_categories_combined,2165|2169,2,Melvins Iodized Flow Table Salt 500g,MELVINS IODIZED FLOW TABLE SALT,Pack size : 500g,Average Nutritional Value As Per 100g,PER_100G,0,0,0,0,0,0,,,0,38.758,96.895,,Table Salt,Solid,Food,Salt,N-Zorbit Anti-caking agent,salt_derived_from_sodium
all_categories_combined,2186,1,Melvins Lemon Chili Seasoning Salt 120g,MELVINS LEMON CHILI SEASONING SALT,Pack size : 120g,Average Nutritional Value As Per 100g,PER_100G,100,418.4,4,26,0,1,,,10,21.3,53.25,,Seasoning Salt,Powder,Food,"Lemon, Chili",,salt_derived_from_sodium
all_categories_combined,3396,1,Mentos Incredible Chew Green Apple Candy 45g,MENTOS INCREDIBLE CHEW GREEN APPLE CANDY,Pack size : 45g,Average Nutritional Value As Per 100g,PER_100G,414,1732.18,2,81,59,8.8,,,,0.01,0.025,,Candy,Solid,Food,Green Apple,,salt_derived_from_sodium
all_categories_combined,3350,1,Mentos Pure Fresh Mint Chewing Gum 14g,MENTOS PURE FRESH MINT CHEWING GUM,Pack size : 14g,Average Nutritional Value As Per 100g,PER_100G,181,757,,73,71,,,,,,,,Chewing Gum,Solid,Food,Mint,,missing_sodium|missing_total_fat
all_categories_combined,3349,1,Mentos Pure Fresh Winter Green Chewing Gum 14g,MENTOS PURE FRESH WINTER GREEN CHEWING GUM,Pack size : 14g,Average Nutritional Value As Per 100g,PER_100G,173,724,70.7,0.1,,0.1,,,0.1,0.008,0.02,,Chewing Gum,Solid,Food,,,missing_sugar|salt_derived_from_sodium
all_categories_combined,3348,1,Mentos Strawberry Chewing Gum 37.5g (14 Pieces),MENTOS STRAWBERRY CHEWING GUM,Pack size : 37.5g (14 Pieces),Average Nutritional Value As Per 100g,PER_100G,386,1615,,92.5,70.1,1.7,,,,0.04,0.1,,Chewing Gum,Solid,Food,Strawberry,,salt_derived_from_sodium
all_categories_combined,477,1,Meridian Organic Molasses 600G,MERIDIAN ORGANIC MOLASSES,Pack size : 600g,Average Nutritional Value As Per 100g,PER_100G,278,1163,3.8,65.3,60.5,0.2,,,,,,,Molasses,Solid,Food,,,missing_sodium
all_categories_combined,4654|4689,2,Miksi Chocolate Milk Drink Powder 20g,MIKSI CHOCOLATE MILK DRINK POWDER,Pack size : 30g,Average Nutritional Value As Per 100g,PER_100G,457,1912.09,12,61,,18,,,,,,,Milk Drink Powder,Powder,Food,,,missing_sodium|missing_sugar
all_categories_combined,1707,1,Miksi Coffee Singles 20G,MIKSI COFFEE SINGLES,Pack size : 20g,Average Nutritional Value As Per 100g,PER_100G,33,138.072,,3,,1.2,,,,0.035,0.0875,,Milk Drink,Liquid,Food,coffee,,missing_sugar|salt_derived_from_sodium
all_categories_combined,1735,1,Miksi Coffee Tub 450G,MIKSI COFFEE TUB,Pack size : 500g,Average Nutritional Value As Per 100g,PER_100G,452,1891.17,11,61,0,17,,,0,0,0,,Milk Drink,Powder,Food,Coffee,,
all_categories_combined,1662,1,Miksi Flavoured Tub Chocolate 220G,MIKSI FLAVOURED TUB CHOCOLATE,Pack size : 240g,Average Nutritional Value As Per 100g,PER_100G,457,1912.09,12,61,0,18,,,0,0,0,,Drink Powder,Powder,Food,chocolate,,
all_categories_combined,4527,1,Milango Diamond Hazelnut Milk Choco Wafer 38g,MILANGO DIAMOND HAZELNUT MILK CHOCO WAFER,Pack size : 38g,Average Nutritional Value As Per 38g,PER_38G_SCALED,531.579,2224.13,10.5263,42.1053,42.1053,36.8421,,,10.5263,0.0894737,0.223684,,Wafer,Solid,Food,Hazelnut Milk Choco,,salt_derived_from_sodium
all_categories_combined,3722,1,Milya's Caramel Popcorn 53g,MILYA S CARAMEL POPCORN,Pack size : 53g,Average Nutritional Value As Per 100g,PER_100G,398,1665,1,90,,3.67,,,0.92,0.2,0.5,,Popcorn,Solid,Food,Caramel,,missing_sugar|salt_derived_from_sodium
all_categories_combined,3723,1,Milya's Tutti Frutti Flavoured Popcorn 53g,MILYA S TUTTI FRUTTI FLAVOURED POPCORN,Pack size : 53g,Average Nutritional Value As Per 100g,PER_100G,430,1812,6.7,71,38,11.5,,,7.5,,,,Popcorn,Solid,Food,Tutti Fruity,,missing_sodium
all_categories_combined,3730,1,Milya's Tuttifrutti Flavoured Popcorn 105g,MILYA S TUTTIFRUTTI FLAVOURED POPCORN,Pack size : 105g,Average Nutritional Value As Per 100g,PER_100G,430,1812,6.7,71,38,11.5,,,7.5,,,,Popcorn,Solid,Food,Tutti Fruity,,missing_sodium
all_categories_combined,3421,1,Minute Maid Mango Juice 1L,MINUTE MAID MANGO JUICE,Pack size : 6,Average Nutritional Value As Per 100ml,PER_100ML,60,251.04,0.8,15,14,0.4,,,1.6,0.001,0.0025,,Juice,Liquid,Beverage,Mango,,salt_derived_from_sodium
all_categories_combined,3542,1,Minute Maid Mango Pulpy Juice 400Ml,MINUTE MAID MANGO PULPY JUICE,Pack size : 400ml,Average Nutritional Value As Per 100ml,PER_100ML,60,251.04,0.8,15,14,0.4,,,1.6,0.001,0.0025,,Juice,Liquid,Beverage,Mango,,salt_derived_from_sodium
all_categories_combined,3416,1,Minute Maid Tropical Juice 1L.,MINUTE MAID TROPICAL JUICE,Pack size : 1L,Average Nutritional Value As Per 100ml,PER_100ML,65,271.96,0.3,15,,0.1,,,0.3,,,,Juice,Liquid,Beverage,,,missing_sodium|missing_sugar
all_categories_combined,984|987,2,Mirinda Green Apple Soft Drink 2L,MIRINDA GREEN APPLE SOFT DRINK,Pack size : 2L,Average Nutritional Value As Per 100ml,PER_100ML,49,206,0,15,13,0,,,0,0.005,0.0125,,Soft Drink,Liquid,Beverage,Green Apple,,salt_derived_from_sodium
all_categories_combined,956|1026,2,Mirinda Orange Soft Drink 330ml,MIRINDA ORANGE SOFT DRINK,Pack size : 330ml,Average Nutritional Value As Per 100ml,PER_100ML,53,221,0,14,14,0,,,0,0.004,0.01,,Soft Drink,Liquid,Beverage,Orange,,salt_derived_from_sodium
all_categories_combined,2330,1,Miyata Bio Organic Miso Aka Paste 200g,MIYATA BIO ORGANIC MISO AKA PASTE,Pack size : 200g,Average Nutritional Value As Per 100g,PER_100G,199,832,12,26,,5,,,5,3.722,9.305,,Miso Aka Paste,Paste,Food,,,missing_sugar|salt_derived_from_sodium
all_categories_combined,2529,1,Miyata Panko Bread Crumbs 200G,MIYATA PANKO BREAD CRUMBS,Pack size : 200g,Average Nutritional Value As Per 100g,PER_100G,348.5,1458.12,7.8,37.9,7,18.8,,,0,0.5368,0.97,,Bread Crumbs,Solid,Food,,,
all_categories_combined,2734,1,Miyata Soba Buck Wheat Noodle 300g,MIYATA SOBA BUCK WHEAT NOODLE,Pack size : 300g,Average Nutritional Value As Per 100g,PER_100G,345,1443.48,18,65,0,1,,,0,0,0,,Noodle,Solid,Food,,,salt_derived_from_sodium
all_categories_combined,2726,1,Miyata Somen Noodles 300g,MIYATA SOMEN NOODLES,Pack size : 300g,Average Nutritional Value As Per 100g,PER_100G,345,1443.48,18,65,0,1,,,0,0,0,,Noodle,Solid,Food,,,salt_derived_from_sodium
all_categories_combined,1467,1,Miyata Sushi Expert Mirin 250ml,MIYATA SUSHI EXPERT MIRIN,Pack size : 250ml,Average Nutritional Value As Per 100ml,PER_100ML,307,1305,0.5,77,54,0.5,,,,,,,Mirin,Liquid,Food,,,missing_sodium
all_categories_combined,2530,1,Miyata Sushi Expert Panko Breadcrumbs 1Kg,MIYATA SUSHI EXPERT PANKO BREADCRUMBS,Pack size : 1Kg,Average Nutritional Value As Per 100g,PER_100G,360,1528,13,73,5.6,1.4,,,2.1,0.276,0.69,,Breadcrumbs,Powder,Food,,,sodium_derived_from_salt
all_categories_combined,2392,1,Miyata Teriyaki Sauce 500ml,MIYATA TERIYAKI SAUCE,Pack size : 500ml,Average Nutritional Value As Per 100ml,PER_100ML,128,544,2.5,28,27,0.5,,,,4.84,12.1,,Sauce,Liquid,Food,,,sodium_derived_from_salt
all_categories_combined,2725,1,MIYATA Udon Noodles 300g,MIYATA UDON NOODLES,Pack size : 300g,Average Nutritional Value As Per 100g,PER_100G,352,1492,12,73,1.7,1.1,,,,0.4,1,,Noodles,Solid,Food,,,sodium_derived_from_salt
all_categories_combined,1237,1,MJ’s Barbecue Sauce 510g,MJ S BARBECUE SAUCE,Pack size : 510g,Average Nutritional Value As Per 100g,PER_100G,70,292.88,0,17,15,0,,,0,0.3,0.75,,Sauce,Paste,Food,,,salt_derived_from_sodium
all_categories_combined,1368,1,MJ’s Black Pepper Mayonnaise 310ml,MJ S BLACK PEPPER MAYONNAISE,Pack size : 310ml,Average Nutritional Value As Per 100ml,PER_100ML,49,205.016,0,0,0,5,,,0,0.058,0.145,,Mayonnaise,Cream,Food,,,salt_derived_from_sodium
all_categories_combined,1246,1,Mj'S Italian Dressing 237Ml,MJ S ITALIAN DRESSING,Pack size : 237ml,Average Nutritional Value As Per 100ml,PER_100ML,283,1184.07,0.5,10.3,4,28.1,,,0,1.642,4.105,,Sauce,Liquid,Food,,,salt_derived_from_sodium
all_categories_combined,1370,1,MJ’s Mayochup Sauce 310ml,MJ S MAYOCHUP SAUCE,Pack size : 310ml,Average Nutritional Value As Per 100ml,PER_100ML,174,728.016,0,10,1,15,,,0,0.745,1.8625,,Sauce,Paste,Food,,,salt_derived_from_sodium
all_categories_combined,1366,1,MJ’s Olives Mayonnaise 310ml,MJ S OLIVES MAYONNAISE,Pack size : 310ml,Average Nutritional Value As Per 100ml,PER_100ML,176,736.384,0,4,0,15,,,0,0.664,1.66,,Mayonnaise,Cream,Food,Olives,,salt_derived_from_sodium
all_categories_combined,1342|1350|1354,3,MJ’s Original Mayonnaise 473ml,MJ S ORIGINAL MAYONNAISE,Pack size : 473ml,Average Nutritional Value As Per 100ml,PER_100ML,174,728.016,0.2,0,1.7,15.3,,,0.1,0.745,1.8625,,Mayonnaise,Cream,Food,,,salt_derived_from_sodium
all_categories_combined,1307,1,MJ's Original Tomato Ketchup 567g,MJ S ORIGINAL TOMATO KETCHUP,Pack size : 567g,Average Nutritional Value As Per 100g,PER_100G,95,397.48,0,24,22,0,,,0,0.441,1.1025,,Ketchup,Paste,Food,Tomato,,salt_derived_from_sodium
all_categories_combined,1455,1,MJ's Premium Yellow Mustard Sauce 227g,MJ S PREMIUM YELLOW MUSTARD SAUCE,Pack size : 227g,Average Nutritional Value As Per 5g,PER_5G_SCALED,100,418.4,,,,,,,,1.28,3.2,,Sauce,Paste,Food,,,missing_sugar|missing_total_fat|salt_derived_from_sodium
all_categories_combined,1373,1,MJ’s Red Chilli Mayonnaise 310ml,MJ S RED CHILLI MAYONNAISE,Pack size : 310ml,Average Nutritional Value As Per 100ml,PER_100ML,174,728.016,0,1,0,15,,,0,0.745,1.8625,,Mayonnaise,Cream,Food,Red Chilli,,salt_derived_from_sodium
all_categories_combined,3512,1,Mogu Mogu Grape Drink 320Ml,MOGU MOGU GRAPE DRINK,Pack size : 320ml,Average Nutritional Value As Per 300ml,PER_300ML_SCALED,50,209.2,0,12.6667,11.6667,0,,,0.333333,0.0333333,0.0833333,,Fruit Juice,Liquid,Beverage,Grape,,salt_derived_from_sodium
all_categories_combined,1590,1,Moka Fine Grind Coffee 250g,MOKA FINE GRIND COFFEE,Pack size : 250g,Average Nutritional Value As Per 100g,PER_100G,7.5,31.38,1,1,0,0,,,,0,0,,Coffee,Powder,Food,,,salt_derived_from_sodium
all_categories_combined,1076,1,Monster Mucho Loco Can 500Ml,MONSTER MUCHO LOCO CAN,Pack size : 500ml,Average Nutritional Value As Per 100ml,PER_100ML,1,6,,0.4,,,,,,0.032,0.08,,Energy Drink,Liquid,Beverage,Ginger,,missing_sugar|missing_total_fat|sodium_derived_from_salt
all_categories_combined,1073,1,Monster Mucho Loco Energy Drink 500ml x Pack of 4,MONSTER MUCHO LOCO ENERGY DRINK X PACK OF 4,Pack size : 500ml x Pack of 4,Average Nutritional Value As Per 240ml,PER_240ML_SCALED,45.8333,191.767,,12.0833,11.6667,,,,,0.0145833,0.0364583,,Energy Drink,Liquid,Beverage,Mango,,missing_total_fat|salt_derived_from_sodium
all_categories_combined,1092,1,Monster Zero Ultra White Energy Drink 500ml,MONSTER ZERO ULTRA WHITE ENERGY DRINK,,,ASSUMED_PER_100G,,,2,100,,0.076,,,,,,,Beverage,,,7kJ,Liquid,assumed_per_100g_missing_portion|missing_sodium|missing_sugar
all_categories_combined,1075,1,Monster Zero Ultra White Energy Drink 500ml x Pack of 4,MONSTER ZERO ULTRA WHITE ENERGY DRINK X PACK OF 4,,,ASSUMED_PER_100G,,,2,100,,0.076,,,,,,,Beverage,,,7kJ,Liquid,assumed_per_100g_missing_portion|missing_sodium|missing_sugar
all_categories_combined,3608|3609|3614|3623,4,Morning Harvest Bran Flakes 250g,MORNING HARVEST BRAN FLAKES,Pack size : 250g,Average Nutritional Value As Per 100g,PER_100G,339,1431,13.5,62,13.4,2,,,15.6,0.6,1.5,,Bran Flakes,Solid,Food,,,sodium_derived_from_salt
all_categories_combined,3647|3652,2,Morning Harvest Corn Flakes 250g,MORNING HARVEST CORN FLAKES,Pack size : 250g,Average Nutritional Value As Per 100g,PER_100G,1610,6736.24,7,82,0,64,,,1,0,0,,Corn Flakes,Solid,Food,Corn Flakes,,salt_derived_from_sodium
all_categories_combined,3628|3643|3648,3,Morning Harvest Corn Flakes Cereal 500g,MORNING HARVEST CORN FLAKES CEREAL,Pack size : 500g,Average Nutritional Value As Per 100g,PER_100G,390,1653,5,82,9.2,3.1,,,1.7,0.00188,0.0047,,Corn Flakes Cereal,Solid,Food,,,salt_derived_from_sodium
all_categories_combined,3651,1,Morning Harvest Frosted Corn Flakes 500g,MORNING HARVEST FROSTED CORN FLAKES,Pack size : 500g,Average Nutritional Value As Per 100g,PER_100G,387,1641,7.7,85,6.1,1.2,,,2.5,0.236,0.59,,Corn Flakes,Solid,Food,,,sodium_derived_from_salt
all_categories_combined,3283|3285|3287,3,Morning Harvest Instant White Oats 500g,MORNING HARVEST INSTANT WHITE OATS,Pack size : 500g,Average Nutritional Value As Per 100g,PER_100G,360,1506,11,60,,8,,,8.5,,,,Oats,Solid,Food,,,missing_sodium|missing_sugar
all_categories_combined,3270|3271,2,Morning Harvest Jumbo Oats 500g,MORNING HARVEST JUMBO OATS,Pack size : 500g,Average Nutritional Value As Per 100g,PER_100G,376,1588,11.8,62,1,6.5,,,11.1,,,,Oats,Solid,Food,,,missing_sodium
all_categories_combined,3602|3615|3617,3,Morning Harvest Rice Crispies 250g,MORNING HARVEST RICE CRISPIES,Pack size : 250g,Average Nutritional Value As Per 100g,PER_100G,378,1105,7,85,7,1,,,1.5,0.1,0.25,,Rice Crispies,Solid,Food,,,sodium_derived_from_salt
all_categories_combined,3156,1,Morning Harvest Strawberry Muesli 400g,MORNING HARVEST STRAWBERRY MUESLI,Pack size : 400g,Average Nutritional Value As Per 100g,PER_100G,396.76,1660,9.48,80.13,14.51,4.28,,,8,,,,Muesli,Solid,Food,Strawberry,,missing_sodium
all_categories_combined,3274,1,Morning harvest Superfast Oats Bag 1Kg,MORNING HARVEST SUPERFAST OATS BAG,Pack size : 1Kg,Average Nutritional Value As Per 100g,PER_100G,385,1610,12.4,66,0,8.13,,,4,,,,Oats,Solid,Food,,,missing_sodium
all_categories_combined,3286|3288,2,Morning Harvest Superfast White Oats 1Kg,MORNING HARVEST SUPERFAST WHITE OATS,Pack size : 1Kg,Average Nutritional Value As Per 100g,PER_100G,360,1506,11,60,,8,,,8.5,,,,Oats,Solid,Food,,,missing_sodium|missing_sugar
all_categories_combined,368|426,2,Mothers Choice Home Baking Flour 2Kg,MOTHERS CHOICE HOME BAKING FLOUR,Pack size : 2kg,Average Nutritional Value As Per 100g,PER_100G,364,1522.98,10,76,0,0,,,0,0,0,,Home Baking Flour,Powder,Food,,,salt_derived_from_sodium
all_categories_combined,4359,1,Mr Berry Co.Assorted Toffee 180g,MR BERRY CO ASSORTED TOFFEE,Pack size : 180g,Average Nutritional Value As Per 100g,PER_100G,190,794.96,1,31,19,7,,,0,0.095,0.2375,,Toffee,Solid,Food,,,salt_derived_from_sodium
all_categories_combined,9,1,Mr. Berry's Bigg Daddy Passion Lollipop 16.70g,MR BERRY S BIGG DADDY PASSION LOLLIPOP,Pack size : 16.70g,Average Nutritional Value As Per 100g,PER_100G,392,1641.92,0,95,0,0,,,0,,,,Lollipop,Solid,Food,Passion,,missing_sodium
all_categories_combined,3064,1,Mr. Berry's Mambo Banana Bubble Gum 5 Pieces,MR BERRY S MAMBO BANANA BUBBLE GUM,Pack size : 5 Pieces,Average Nutritional Value As Per 100g,PER_100G,320,1338.9,,2,2,,,,,,,,Bubble Gum,Solid,Food,Banana,,missing_sodium|missing_total_fat
all_categories_combined,4358,1,Mr Berry Too Goody Toffee Bars 1 Pieces,MR BERRY TOO GOODY TOFFEE BARS,Pack size : 1 Pieces,Average Nutritional Value As Per 27g,PER_27G_SCALED,414.815,1735.59,3.7037,59.2593,0,14.8148,,,0,0,0,,Toffee Bar,Solid,Food,,,salt_derived_from_sodium
all_categories_combined,3069,1,Mr. Berry Xplode Strawberry Bubble Gum 5.50G,MR BERRY XPLODE STRAWBERRY BUBBLE GUM,Pack size : 5.50g,Average Nutritional Value As Per 100g,PER_100G,390,1631,0,78,0,0,,,0,,,,Bubble Gum,Solid,Food,Strawberry,,missing_sodium
all_categories_combined,529|530|534,3,Mt. Kenya Natural Drinking Water 1.5L,MT KENYA NATURAL DRINKING WATER,Pack size : 1.5L,Average Nutritional Value As Per 100ml,PER_100ML,0,0,,,,,,,,0.005,0.0125,,Drinking Water,Liquid,Beverage,,,missing_sugar|missing_total_fat|salt_derived_from_sodium
all_categories_combined,518,1,Mt. Kenya Natural Drinking Water 18.9,MT KENYA NATURAL DRINKING WATER 18 9,Pack size : 18.9L,Average Nutritional Value As Per 100ml,PER_100ML,0,0,0,0,0,0,,,0,0.035,0.0875,,Drinking Water,Liquid,Food,,,salt_derived_from_sodium
all_categories_combined,535,1,Mt. Kenyan Natural Drinking Water 1L,MT KENYAN NATURAL DRINKING WATER,Pack size : 1L,Average Nutritional Value As Per 100ml,PER_100ML,0,0,,,,,,,,0.005,0.0125,,Drinking Water,Liquid,Beverage,,,missing_sugar|missing_total_fat|salt_derived_from_sodium
all_categories_combined,2014,1,Mulsons Cummin Seeds 100G,MULSONS CUMMIN SEEDS,Pack size : 100g,Average Nutritional Value As Per 100g,PER_100G,375,1569,18,44,2.3,22,,,11,0.168,0.42,,Cummin Seeds,Solid,Food,,No additives,salt_derived_from_sodium
all_categories_combined,1852,1,Mulsons Spices Chicken Masala 50g,MULSONS SPICES CHICKEN MASALA,Pack size : 50g,Average Nutritional Value As Per 100g,PER_100G,30,125,1,4,1,1,,,,0.045,0.1125,,Chicken Masala,Powder,Food,,,salt_derived_from_sodium
all_categories_combined,1924|1927,2,Mulsons Spices Chili Powder 100g,MULSONS SPICES CHILI POWDER,Pack size : 100g,Average Nutritional Value As Per 100g,PER_100G,282,1179.89,13,50,7,14,,,35,1.64,4.1,,Chili Powder,Powder,Food,,,salt_derived_from_sodium
all_categories_combined,1807|1975,2,Mulsons Spices Cinnamon Powder 100g,MULSONS SPICES CINNAMON POWDER,Pack size : 100g,Average Nutritional Value As Per 100g,PER_100G,352,14732,4.25,81,0,1.3,,,50.6,0,0,,Cinnamon Powder,Powder,Food,,,salt_derived_from_sodium
all_categories_combined,1990,1,Mulsons Spices Cloves Whole 100g,MULSONS SPICES CLOVES WHOLE,Pack size : 100g,Average Nutritional Value As Per 0.2g,PER_0.2G_SCALED,250,1500,0,50,0,0,,,,0.25,0.625,,Cloves Whole,Solid,Food,,,salt_derived_from_sodium
all_categories_combined,1865,1,Mulsons Spices Coriander Powder 100g,MULSONS SPICES CORIANDER POWDER,Pack size : 100g,Average Nutritional Value As Per 100g,PER_100G,468.91,1958,11.9,54.9,0,19,,,41,0.036,0.09,,Coriander Powder,Powder,Food,,,salt_derived_from_sodium
all_categories_combined,1797,1,Mulsons Spices Cumin Powder 100g,MULSONS SPICES CUMIN POWDER,Pack size : 100g,Average Nutritional Value As Per 100g,PER_100G,444,1857,17.2,44.36,0,22,,,10.29,1.758,4.395,,Cumin Powder,Powder,Food,,,salt_derived_from_sodium
all_categories_combined,1887,1,Mulsons Spices Curry Powder 100g,MULSONS SPICES CURRY POWDER,Pack size : 100g,Average Nutritional Value As Per 100g,PER_100G,325,1360,13,58,2.8,14,,,33,0.345,0.8625,,Curry Powder,Powder,Food,,,salt_derived_from_sodium
all_categories_combined,1842,1,Mulsons Spices Dhana Jeera Powder 100g,MULSONS SPICES DHANA JEERA POWDER,Pack size : 100g,Average Nutritional Value As Per 100g,PER_100G,375,1569,18,44,2.3,22,,,11,0.168,0.42,,Dhana Jeera Powder,Powder,Food,,,salt_derived_from_sodium
all_categories_combined,2081,1,Mulsons Spices Garam Masala 100g,MULSONS SPICES GARAM MASALA,Pack size : 100g,Average Nutritional Value As Per 100g,PER_100G,306.4,1281.97,11.3,56.6,1.3,12.7,,,24,0.0799,0.19975,,Garam Masala,Powder,Food,,,salt_derived_from_sodium
all_categories_combined,1963|2020,2,Mulsons Spices Ginger Powder 50g,MULSONS SPICES GINGER POWDER,Pack size : 50g,Average Nutritional Value As Per 100g,PER_100G,358,1497,9,66,3.4,6.4,,,13,0.0455,0.11375,,Ginger Powder,Powder,Food,,,salt_derived_from_sodium
all_categories_combined,1889|2022,2,Mulsons Spices Mixed Spices 50g,MULSONS SPICES MIXED SPICES,Pack size : 50g,Average Nutritional Value As Per 100g,PER_100G,366,1531,8.38,71.75,21.8,5.05,,,1,1.777,4.4425,,Mixed Spices,Powder,Food,,,salt_derived_from_sodium
all_categories_combined,2247,1,Mulsons Spices Oregano 20g,MULSONS SPICES OREGANO,Pack size : 20g,Average Nutritional Value As Per 100g,PER_100G,270,1129.68,9,69,4,4,,,43,0.025,0.0625,,Oregano,Solid,Food,,,salt_derived_from_sodium
all_categories_combined,2245,1,Mulsons Spices Parsley 20g,MULSONS SPICES PARSLEY,Pack size : 20g,Average Nutritional Value As Per 100g,PER_100G,276,1154.78,22.4,51.7,,4.4,,,,,,,Parsley,Solid,Food,,,missing_sodium|missing_sugar
all_categories_combined,1857|1905,2,Mulsons Spices Pillau Masala 50g,MULSONS SPICES PILLAU MASALA,Pack size : 50g,Average Nutritional Value As Per 100g,PER_100G,150.9,631.36,7.5,15.9,0.4,5.7,,,2.9,0.1788,0.447,,Pillau Masala,Powder,Food,,,salt_derived_from_sodium
all_categories_combined,2242,1,Mulsons Spices Rosemary 20g,MULSONS SPICES ROSEMARY,Pack size : 20g,Average Nutritional Value As Per 100g,PER_100G,131,548.104,3.31,20.7,,5.86,,,14.1,,,,Rosemary,Solid,Food,,,missing_sodium|missing_sugar
all_categories_combined,2248,1,Mulsons Spices Rubbed Basil 20g,MULSONS SPICES RUBBED BASIL,Pack size : 20g,Average Nutritional Value As Per 100g,PER_100G,23,96,3.2,2.6,0,0.6,,,1.6,0.004,0.01,,Rubbed Basil,Solid,Food,,,salt_derived_from_sodium
all_categories_combined,1810,1,Mulsons Spices Spanish Paprika 100g,MULSONS SPICES SPANISH PAPRIKA,Pack size : 100g,Average Nutritional Value As Per 100g,PER_100G,249,1041.81,14,19,10,12,,,0,0.068,0.17,,Paprika,Powder,Food,,,salt_derived_from_sodium
all_categories_combined,2004,1,Mulsons Spices Tea Masala 100g,MULSONS SPICES TEA MASALA,Pack size : 100g,Average Nutritional Value As Per 100g,PER_100G,56,234.3,1.9,10,2.51,1,,,0,0.063,0.1575,,Tea Masala,Powder,Food,,,salt_derived_from_sodium
all_categories_combined,732,1,Mutlu Cous Cous 500g,MUTLU COUS COUS,Pack size : 500g,Average Nutritional Value As Per 100g,PER_100G,369,1543.9,1.3,27,3,2,,,3.4,0.0004,0.001,,Cous Cous,Solid,Food,,,salt_derived_from_sodium
all_categories_combined,3920,1,Naara Chocolate Oatmeal Cookies 250g,NAARA CHOCOLATE OATMEAL COOKIES,Pack size : 250g,Average Nutritional Value As Per 27g,PER_27G_SCALED,448.148,1875.05,5.18519,59.2593,36.6667,22.2222,,,2.96296,0.311111,0.777778,,Oatmeal Cookies,Solid,Food,Chocolate,,salt_derived_from_sodium
all_categories_combined,4005|4006,2,Nairn's Gluten Free Oats & Chocolate Chip Cookies 160g,NAIRN S GLUTEN FREE OATS CHOCOLATE CHIP COOKIES,Pack size : 160g,Average Nutritional Value As Per 100g,PER_100G,470,1966.48,7.6,61.8,22.7,20.1,,,5.5,,,,Cookies,Solid,Food,"Cocoa, Oats",,missing_sodium
all_categories_combined,1192,1,Nando's Medium Peri Peri Sauce 250g,NANDO S MEDIUM PERI PERI SAUCE,Pack size : 250g,Average Nutritional Value As Per 100g,PER_100G,45,188.28,0.7,1.1,1,3.4,,,,,,,Sauce,Paste,Food,,,missing_sodium
all_categories_combined,1113,1,Nandos Peri Peri Hot Sauce 250g,NANDOS PERI PERI HOT SAUCE,Pack size : 250g,Average Nutritional Value As Per 20g,PER_20G_SCALED,50,205,7,0,23,5,,,,2.865,7.1625,,Hot Sauce,Paste,Food,Peri Peri,,salt_derived_from_sodium
all_categories_combined,1196,1,Nandos Peri Peri Rub Garlic Med 25G,NANDOS PERI PERI RUB GARLIC MED,Pack size : 25g,Nutrition information per 100g,PER_100G,,1218,5.5,67,45,2.1,,,,0.0189,0.04725,,Food,Powder,Spice,,Free From Artificial Colours Free From Artificial Flavours Free From Artificial Preservatives,salt_derived_from_sodium
all_categories_combined,1197,1,Nandos Peri Peri Rub Smokey Bbq Med 25G,NANDOS PERI PERI RUB SMOKEY BBQ MED,Pack size : 25g,Nutrition information per 100g,PER_100G,279,1177,4.2,52,42,4.2,,,,0.025,0.0625,,Food,Powder,Spice,Smoky BBQ,Free From Artificial Colours Free From Artificial Flavours Free From Artificial Preservatives,salt_derived_from_sodium
all_categories_combined,314,1,Nappi Amareno Golden Cherries 212Ml,NAPPI AMARENO GOLDEN CHERRIES,Pack size : 212ml,Average Nutritional Value As Per 30g,PER_30G_SCALED,266.667,1115.73,0,66.6667,60,0,,,0.666667,0.000333333,0.000833333,,Cherries,Solid,Food,,,salt_derived_from_sodium
all_categories_combined,310,1,Nappi Red Maraschino Cherries 370Ml,NAPPI RED MARASCHINO CHERRIES,Pack size : 370ml,Average Nutritional Value As Per 4g,PER_4G_SCALED,250,1025,0,50,1000,0,,,0,0.0025,0.00625,,Cherries,Solid,Food,,,salt_derived_from_sodium
all_categories_combined,1853,1,Natural Health Herbal Mchuzi Mix 100g,NATURAL HEALTH HERBAL MCHUZI MIX,,,ASSUMED_PER_100G,62,16,255,101,,10.059,,,,,,,Food,,1g,1066.92kJ,Powder,assumed_per_100g_missing_portion|missing_sodium|missing_sugar
all_categories_combined,3322,1,Naturalli Blanched Roasted And Salted Almonds 100g,NATURALLI BLANCHED ROASTED AND SALTED ALMONDS,Pack size : 100g,Average Nutritional Value As Per 100g,PER_100G,600,2510.4,20,14,,54,,,7,0.52,1.3,,Roasted And Salted Almonds,Solid,Food,Roasted And Salted,,missing_sugar|salt_derived_from_sodium
all_categories_combined,3313,1,Naturalli Brown Linseeds 100g,NATURALLI BROWN LINSEEDS,Pack size : 100g,Average Nutritional Value As Per 100g,PER_100G,405,1694.52,19,29,1,34,,,,,,,Brown Linseeds,Solid,Food,,,missing_sodium
all_categories_combined,2522,1,Naturalli Coconut Oil 650Ml,NATURALLI COCONUT OIL,Pack size : 650ml,Average Nutritional Value As Per 14g,PER_14G_SCALED,857.143,3586.29,0,0,0,100,,,0,,,,Coconut Oil,Liquid,Food,,,missing_sodium
all_categories_combined,3150,1,Naturalli Cranberry Crunch Muesli Cereal 500g,NATURALLI CRANBERRY CRUNCH MUESLI CEREAL,Pack size : 500g,Avarage Nutritional Value As Per 57g,PER_57G_SCALED,456.14,1908.49,12.2807,56.1404,15.7895,21.0526,,,10.5263,,,,Muesli Cereal,Solid,Food,Cranberry,,missing_sodium
all_categories_combined,3604,1,Naturalli Crunchy Bran Muesli Cereal 500g,NATURALLI CRUNCHY BRAN MUESLI CEREAL,Pack size : 500g,Avarage Nutritional Value As Per 40g,PER_40G_SCALED,410,1715.44,8,68.5,19.5,9.5,,,9,,,,Muesli Cereal,Solid,Food,Bran,,missing_sodium
all_categories_combined,3320,1,Naturalli Desiccated Coconut 250g,NATURALLI DESICCATED COCONUT,Pack size : 250g,Average Nutritional Value As Per 100g,PER_100G,711,2974.82,7,7,7,69,,,16,,,,Desiccated Coconut,Solid,Food,,,missing_sodium
all_categories_combined,2152,1,Naturalli Himalayan Iodized Pink Salt 1 Kg,NATURALLI HIMALAYAN IODIZED PINK SALT,Pack size : 1 Kg,Average Nutritional Value As Per 100g,PER_100G,0,0,0,0,0,0,,,0,0.518,1.295,,Pink Salt,Solid,Food,,,salt_derived_from_sodium
all_categories_combined,2157,1,Naturalli Himalayan Pink Fine Salt 150Gms,NATURALLI HIMALAYAN PINK FINE SALT 150GMS,Pack size : 150g,Average Nutritional Value As Per 100g,PER_100G,0,0,0,0,0,0,,,0,38.75,96.875,,Pink Salt,Solid,Food,,,salt_derived_from_sodium
all_categories_combined,2154,1,Naturalli Himalayan Pink Fine Salt 300Gms,NATURALLI HIMALAYAN PINK FINE SALT 300GMS,Pack size : 300g,Average Nutritional Value As Per 100g,PER_100G,0,0,0,0,0,0,,,0,38.75,96.875,,Pink Salt,Solid,Food,,,salt_derived_from_sodium
all_categories_combined,2149,1,Naturalli Himalayan Pink Fine Salt 500Gms,NATURALLI HIMALAYAN PINK FINE SALT 500GMS,Pack size : 500g,Average Nutritional Value As Per 100g,PER_100G,0,0,0,0,0,0,,,0,38.75,96.875,,Pink Salt,Solid,Food,,,salt_derived_from_sodium
all_categories_combined,2960,1,Naturalli Moringa Powder 400g,NATURALLI MORINGA POWDER,Pack size : 400g,Average Nutritional Value As Per 100g,PER_100G,281,1179,5.9,38.2,0,0.2,,,8.27,0,0,,Moringa Powder,Powder,Food,,,salt_derived_from_sodium
all_categories_combined,2784,1,Naturalli Pistachios Roasted & Salted 100g,NATURALLI PISTACHIOS ROASTED SALTED,Pack size : 100g,Average Nutritional Value As Per 100g,PER_100G,568,2376,21,27,8,46,,,10,0.405,1.0125,,Pistachios,Solid,Food,,,salt_derived_from_sodium
all_categories_combined,2922,1,Naturalli Salted Almond Butter 360g,NATURALLI SALTED ALMOND BUTTER,Pack size : 360g,Average Nutritional Value As Per 100g,PER_100G,190,794.96,6,6,2,17,,,3,0,0,,Almond Butter,Paste,Food,,,salt_derived_from_sodium
all_categories_combined,2889|2896,2,Naturalli Sesame Seeds 100g,NATURALLI SESAME SEEDS,Pack size : 100g,Average Nutritional Value As Per 100g,PER_100G,573,2397.43,18,23,0.3,50,,,12,0.011,0.0275,,Sesame Seeds,Solid,Food,,,salt_derived_from_sodium
all_categories_combined,3151,1,Naturalli Strawberry Muesli Cereal 500g,NATURALLI STRAWBERRY MUESLI CEREAL,Pack size : 500g,Avarage Nutritional Value As Per 100g,PER_100G,397,1661.05,8,61,5,15,,,9,0.008,0.02,,Muesli Cereal,Solid,Food,Strawberry,,salt_derived_from_sodium
all_categories_combined,2890|2897,2,Naturalli Sunflower Seeds 100g,NATURALLI SUNFLOWER SEEDS,Pack size : 100g,Average Nutritional Value As Per 100g,PER_100G,584,2443.46,21,20,2.6,51,,,9,0.009,0.0225,,Sunflower Seeds,Solid,Food,,,salt_derived_from_sodium
all_categories_combined,3153,1,Naturalli Super Swiss Muesli Cereal 500g,NATURALLI SUPER SWISS MUESLI CEREAL,Pack size : 500g,Avarage Nutritional Value As Per 100g,PER_100G,377,1577.37,11,66,23,5,,,7,0.11,0.275,,Muesli Cereal,Solid,Food,,,salt_derived_from_sodium
all_categories_combined,2921,1,Naturalli Unsalted Almond Butter 170g,NATURALLI UNSALTED ALMOND BUTTER,Pack size : 170g,Average Nutritional Value As Per 100g,PER_100G,190,794.96,6,6,2,17,,,3,0,0,,Almond Butter,Paste,Food,,,salt_derived_from_sodium
all_categories_combined,4341,1,Naturalli W-240 Cashewnuts 100g,NATURALLI W 240 CASHEWNUTS,Pack size : 100g,Average Nutritional Value As Per 100g,PER_100G,625,2615,18,25,8,49,,,,,,,Cashewnuts,Solid,Food,Cashewnuts,,missing_sodium
all_categories_combined,3321,1,Naturalli Walnuts 100g,NATURALLI WALNUTS,Pack size : 100g,Average Nutritional Value As Per 100g,PER_100G,185,774.04,4,3,,18,,,1,0.001,0.0025,,Walnuts,Solid,Food,,,missing_sugar|salt_derived_from_sodium
all_categories_combined,2829|3314,2,Naturalli Whole Almonds 250g,NATURALLI WHOLE ALMONDS,Pack size : 250g,Average Nutritional Value As Per 100g,PER_100G,575,2406,21,20,4.9,49,,,12,0.001,0.0025,,Almonds,Solid,Food,,,salt_derived_from_sodium
all_categories_combined,939,1,Naturalli Wild Rice 100g,NATURALLI WILD RICE,Pack size : 100g,Average Nutritional Value As Per 100g,PER_100G,101,422,4,21,0.7,0.3,,,1.8,0.003,0.0075,,Rice,Solid,Food,,,salt_derived_from_sodium
all_categories_combined,2516,1,Naturals Cold Pressed Extra Virgin Sunflower Oil 500ml,NATURALS COLD PRESSED EXTRA VIRGIN SUNFLOWER OIL,Pack size : 500ml,Average Nutritional Value As Per 100g,PER_100G,900,3762,,,,100,,,,,,,Sunflower Oil,Liquid,Food,,,missing_sodium|missing_sugar
all_categories_combined,659,1,Nature's Choice Quinoa Grains White 500g,NATURE S CHOICE QUINOA GRAINS WHITE,Pack size : 500g,Average Nutritional Value As Per 49g,PER_49G_SCALED,428.571,1793.14,8.16327,69.3878,12.2449,7.14286,,,6.12245,0.612245,1.53061,,Quinoa Grains,Solid,Food,,,salt_derived_from_sodium
all_categories_combined,1944,1,Nature's Own Beef Masala 50g,NATURE S OWN BEEF MASALA,Pack size : 50g,Average Nutritional Value As Per 150g,PER_150G_SCALED,140,585.76,14.6667,2,2,8,,,,0.3,0.75,,Beef Masala,Powder,Food,,,salt_derived_from_sodium
all_categories_combined,2134,1,Nature's Own Chicken Masala 100g,NATURE S OWN CHICKEN MASALA,Pack size : 100g,Average Nutritional Value As Per 100g,PER_100G,344.14,1440.01,9.19,56.94,,8.85,,,,0.258,0.645,,Chicken Masala,Powder,Food,,,missing_sugar|salt_derived_from_sodium
all_categories_combined,2049|2059|2067|2069,4,Nature's Own Curry Powder 50g,NATURE S OWN CURRY POWDER,Pack size : 50g,Average Nutritional Value As Per 2g,PER_2G_SCALED,325,1359.8,15,55,5,15,,,55,0.05,0.125,,Curry Powder,Powder,Food,,,salt_derived_from_sodium
all_categories_combined,1909,1,Nature's Own Fennel Seeds 40g,NATURE S OWN FENNEL SEEDS,Pack size : 40g,Average Nutritional Value As Per 100g,PER_100G,323,1351.43,23,58,0,6.4,,,25,0.067,0.1675,,Fennel Seeds,Solid,Food,,,salt_derived_from_sodium
all_categories_combined,2138,1,Nature's Own Fish Masala 50g,NATURE S OWN FISH MASALA,Pack size : 50g,Average Nutritional Value As Per 100g,PER_100G,385.7,1627.1,16.5,58.1,,9.7,,,,1.4166,3.5415,,Fish Masala,Powder,Food,,,missing_sugar|salt_derived_from_sodium
all_categories_combined,2142,1,Nature's Own Garam Masala 50g,NATURE S OWN GARAM MASALA,Pack size : 50g,Average Nutritional Value As Per 1.5g,PER_1.5G_SCALED,306.667,1283.09,13.3333,53.3333,0,13.3333,,,26.6667,0.08,0.2,,Garam Masala,Powder,Food,,,salt_derived_from_sodium
all_categories_combined,2055,1,Nature's Own Ground Black Pepper 50g,NATURE S OWN GROUND BLACK PEPPER,Pack size : 50g,Average Nutritional Value As Per 2.6g,PER_2.6G_SCALED,250,1046,11.5385,65.3846,0,3.84615,,,26.9231,0.0192308,0.0480769,,Black Pepper,Powder,Food,,,salt_derived_from_sodium
all_categories_combined,2056|2058|2068,3,Nature's Own Ground Cinnamon 100g,NATURE S OWN GROUND CINNAMON,Pack size : 100g,Average Nutritional Value As Per 100g,PER_100G,247,1033.45,4,81,2.2,1.2,,,53,0.01,0.025,,Ground Cinnamon,Powder,Food,,,salt_derived_from_sodium
all_categories_combined,2050|2066,2,Nature's Own Ground Cloves 50g,NATURE S OWN GROUND CLOVES,Pack size : 50g,Average Nutritional Value As Per 100g,PER_100G,274,1146.42,5,65,2,13,,,33,0.277,0.6925,,Ground Cloves,Powder,Food,,,salt_derived_from_sodium
all_categories_combined,2047|2063,2,Nature's Own Ground Coriander 50g,NATURE S OWN GROUND CORIANDER,Pack size : 50g,Average Nutritional Value As Per 100g,PER_100G,23,96.232,2.13,3.67,0.87,0.52,,,2.8,0.046,0.115,,Ground Coriander,Powder,Food,,,salt_derived_from_sodium
all_categories_combined,2053|2065,2,Nature's Own Ground Cumin 100g,NATURE S OWN GROUND CUMIN,Pack size : 100g,Average Nutritional Value As Per 2.1g,PER_2.1G_SCALED,376.19,1573.98,19.0476,42.8571,4.7619,23.8095,,,9.52381,0.166667,0.416667,,Ground Cumin,Powder,Food,,,salt_derived_from_sodium
all_categories_combined,2048|2057,2,Nature's Own Ground Dhana Jeera 50g,NATURE S OWN GROUND DHANA JEERA,Pack size : 50g,Average Nutritional Value As Per 2.1g,PER_2.1G_SCALED,376.19,1573.98,19.0476,42.8571,4.7619,23.8095,,,9.52381,0.166667,0.416667,,Ground Dhana Jeera,Powder,Food,,,salt_derived_from_sodium
all_categories_combined,2051|2064,2,Nature's Own Ground Ginger 50g,NATURE S OWN GROUND GINGER,Pack size : 50g,Average Nutritional Value As Per 1.8g,PER_1.8G_SCALED,333.333,1394.67,11.1111,72.2222,5.55556,5.55556,,,16.6667,0.0277778,0.0694444,,Ground Ginger,Powder,Food,,,salt_derived_from_sodium
all_categories_combined,2062,1,Nature's Own Ground Spice Turmeric 50g,NATURE S OWN GROUND SPICE TURMERIC,Pack size : 50g,Average Nutritional Value As Per 7g,PER_7G_SCALED,342.857,1434.51,14.2857,57.1429,,14.2857,,,14.2857,0.0428571,0.107143,,Ground Spice Turmeric,Powder,Food,,,missing_sugar|salt_derived_from_sodium
all_categories_combined,1914,1,Nature's Own Ground Spices Garlic Powder 250g,NATURE S OWN GROUND SPICES GARLIC POWDER,Pack size : 250g,Average Nutritional Value As Per 100g,PER_100G,149,623.416,6,33,0,0,,,0,0.153,0.3825,,Garlic Powder,Powder,Food,,,salt_derived_from_sodium
all_categories_combined,2046,1,Nature's Own Mint 20g,NATURE S OWN MINT,Pack size : 20g,Average Nutritional Value As Per 100g,PER_100G,70,292.88,3.8,15,,0.9,,,8,0.031,0.0775,,Mint,Solid,Food,,,missing_sugar|salt_derived_from_sodium
all_categories_combined,2054,1,Nature's Own Mixed Herbs 20g,NATURE S OWN MIXED HERBS,Pack size : 20g,Average Nutritional Value As Per 100g,PER_100G,290,1213.36,11.1,55.3,,2.8,,,,,,,Mixed Herbs,Solid,Food,,,missing_sodium|missing_sugar
all_categories_combined,2141|2143,2,Nature's Own Mixed Spices 50g,NATURE S OWN MIXED SPICES,Pack size : 50g,Average Nutritional Value As Per 5.5g,PER_5.5G_SCALED,272.727,1141.09,10.9091,61.8182,3.63636,9.09091,,,38.1818,0.0436364,0.109091,,Mixed Spices,Powder,Food,,,salt_derived_from_sodium
all_categories_combined,2146,1,Nature's Own Pilau Masala 50g,NATURE S OWN PILAU MASALA,Pack size : 50g,Average Nutritional Value As Per 8g,PER_8G_SCALED,312.5,1307.5,12.5,37.5,,6.25,,,25,10.625,26.5625,,Pilau Masala,Powder,Food,,,missing_sugar|salt_derived_from_sodium
all_categories_combined,2060,1,Nature's Own Rosemary Herbs 20g,NATURE S OWN ROSEMARY HERBS,Pack size : 20g,Average Nutritional Value As Per 40g,PER_40G_SCALED,572.5,2395.34,17.725,23.45,0.3,49.675,,,11.75,0.01,0.025,,Rosemary Herbs,Powder,Food,,,salt_derived_from_sodium
all_categories_combined,2135,1,Nature's Own Spice Mix Chat Masala 100g,NATURE S OWN SPICE MIX CHAT MASALA,Pack size : 100g,Average Nutritional Value As Per 2g,PER_2G_SCALED,500,2092,0,50,0,0,,,0,7.5,18.75,,Chat Masala,Powder,Food,,,salt_derived_from_sodium
all_categories_combined,2137,1,Nature's Own Spice Mix Chicken Masala 50g,NATURE S OWN SPICE MIX CHICKEN MASALA,Pack size : 50g,Average Nutritional Value As Per 8g,PER_8G_SCALED,375,1569,12.5,62.5,12.5,12.5,,,25,8.125,20.3125,,Chicken Masala,Powder,Food,,,salt_derived_from_sodium
all_categories_combined,2144,1,Nature's Own Spice Mix Tandoori Masala 100g,NATURE S OWN SPICE MIX TANDOORI MASALA,Pack size : 100g,Average Nutritional Value As Per 100g,PER_100G,238,995.792,1,43,,10,,,,0.048,0.12,,Tandoori Masala,Powder,Food,,,missing_sugar|salt_derived_from_sodium
all_categories_combined,2145,1,Nature's Own Spice Mix Tea Masala 50g,NATURE S OWN SPICE MIX TEA MASALA,Pack size : 50g,Average Nutritional Value As Per 226.7g,PER_226.7G_SCALED,193.648,810.223,8.82223,24.7022,7.05779,6.61667,,,,,,,Tea Masala,Powder,Food,,,missing_sodium
all_categories_combined,2140,1,Nature's Own Tandoori Masala 50g,NATURE S OWN TANDOORI MASALA,Pack size : 50g,Average Nutritional Value As Per 100g,PER_100G,238,995.7,1,43,,10,,,,0.048,0.12,,Tandoori Masala,Powder,Food,,,missing_sugar|salt_derived_from_sodium
all_categories_combined,1818,1,Nature's Own Whole Fenugreek Seeds 40g,NATURE S OWN WHOLE FENUGREEK SEEDS,Pack size : 40g,Average Nutritional Value As Per 100g,PER_100G,323,1351.43,23,58,0,6,,,25,0.067,0.1675,,Fenugreek Seeds,Solid,Food,,,salt_derived_from_sodium
all_categories_combined,1891,1,Nature's Own Whole Spices Mustard 40g,NATURE S OWN WHOLE SPICES MUSTARD,Pack size : 40g,Average Nutritional Value As Per 100g,PER_100G,508,2125.47,26,28,6.8,36,,,12,0.013,0.0325,,Mustard,Solid,Food,,,salt_derived_from_sodium
all_categories_combined,1150,1,Nature's Tastes Hot Chilli Sauce 425g,NATURE S TASTES HOT CHILLI SAUCE,Pack size : 425g,Average Nutritional Value As Per 17g,PER_17G_SCALED,88.2353,369.176,,17.6471,17.6471,,,,,1.88235,4.70588,,Sauce,Paste,Food,,,missing_total_fat|salt_derived_from_sodium
all_categories_combined,1126,1,Nature's Tastes Kachumbari Medium Red Salsa 400g,NATURE S TASTES KACHUMBARI MEDIUM RED SALSA,Pack size : 400g,Average Nutritional Value As Per 100g,PER_100G,863,3610.79,117,64,,16,,,,0.007,0.0175,,Salsa,Paste,Food,,,missing_sugar|salt_derived_from_sodium
all_categories_combined,1125,1,Nature's Tastes Kachumbari Mild Red Salsa 400g,NATURE S TASTES KACHUMBARI MILD RED SALSA,Pack size : 400g,Average Nutritional Value As Per 100g,PER_100G,10,41.84,,2,,,,,,0.1,0.25,,Red Salsa,Paste,Food,,,missing_sugar|missing_total_fat|salt_derived_from_sodium
all_categories_combined,4602,1,Nature's Tastes Lemon Marmalade 450G,NATURE S TASTES LEMON MARMALADE,Pack size : 450g,Average Nutritional Value As Per 100g,PER_100G,30,125.52,0,8,7,0,,,0,0,0,,Marmalade,Paste,Food,Lemon,,salt_derived_from_sodium
all_categories_combined,4605,1,Nature's Tastes Mango Jam 450g,NATURE S TASTES MANGO JAM,Pack size : 450g,Average Nutritional Value As Per 100g,PER_100G,60,251.04,0,14,13,0,,,0,0.005,0.0125,,Mango Jam,Jelly,Food,Mango,,salt_derived_from_sodium
all_categories_combined,4609,1,Nature's Tastes Raspberry Jam 450g,NATURE S TASTES RASPBERRY JAM,Pack size : 450g,Average Nutritional Value As Per 100g,PER_100G,241.3,1024,0.6,56.9,56.9,0.2,,,3.1,0.00056,0.0014,,Jam,Jelly,Food,Raspberry,,salt_derived_from_sodium
all_categories_combined,1541,1,Nature Taste Tahini Paste 200g,NATURE TASTE TAHINI PASTE,Pack size : 200g,Average Nutritional Value As Per 100g,PER_100G,663,2738,24,2.2,0.7,6,,,9.3,,,,Tahini,Paste,Food,,,missing_sodium
all_categories_combined,1864,1,Nature39S Own Ground Pilau Masala Pouch 250G,NATURE39S OWN GROUND PILAU MASALA POUCH,Pack size : 250g,Average Nutritional Value As Per 8g,PER_8G_SCALED,312.5,1307.5,12.5,37.5,,6.25,,,25,10.625,26.5625,,Pilau Masala,Powder,Food,,,missing_sugar|salt_derived_from_sodium
all_categories_combined,2162,1,Naturersquos Own Sea Salt 120g,NATURERSQUOS OWN SEA SALT,Pack size : 120g,Average Nutritional Value As Per 1.3g,PER_1.3G_SCALED,0,0,0,0,0,0,,,0,40.7692,101.923,,Sea Salt,Solid,Food,,,salt_derived_from_sodium
all_categories_combined,1875|1879,2,Natures Own Chicken Masala 250G,NATURES OWN CHICKEN MASALA,Pack size : 250g,Average Nutritional Value As Per 100g,PER_100G,30,1570,1,5,1,1,,,2,0.65,1.625,,Chicken Masala,Powder,Food,,,salt_derived_from_sodium
all_categories_combined,1921,1,Natures Own Curry Powder 250G,NATURES OWN CURRY POWDER,Pack size : 250g,Average Nutritional Value As Per 100g,PER_100G,62,259.408,12.3,45,0,13.1,,,0,0,0,,Curry Powder,Solid,Food,,,salt_derived_from_sodium
all_categories_combined,2041|2136,2,Natures Own Fish Masala 250G,NATURES OWN FISH MASALA,Pack size : 250g,Average Nutritional Value As Per 100g,PER_100G,405,1694.52,11,61,3,13,,,0,0.145,0.3625,,Fish Masala,Powder,Food,,,salt_derived_from_sodium
all_categories_combined,1841|2139,2,Natures Own Garam Masala 250G,NATURES OWN GARAM MASALA,Pack size : 250g,Average Nutritional Value As Per 100g,PER_100G,20,83.68,1,4,0,1,,,0,0.046,0.115,,Garam Masala,Powder,Food,,,salt_derived_from_sodium
all_categories_combined,1906,1,Natures Own Whole Coriander Seeds 40g,NATURES OWN WHOLE CORIANDER SEEDS,Pack size : 40g,Average Nutritional Value As Per 100g,PER_100G,298,1246.83,12,13,0,18,,,42,0.035,0.0875,,Coriander Seeds,Solid,Food,,,salt_derived_from_sodium
all_categories_combined,1825,1,Natures Own Whole Cumin 250g,NATURES OWN WHOLE CUMIN,Pack size : 250g,Average Nutritional Value As Per 100g,PER_100G,375,1569,18,44,2.3,22,,,11,0.168,0.42,,Whole Cumin,Solid,Food,,,salt_derived_from_sodium
all_categories_combined,1974,1,Natures Own Whole Cumin Seeds 40g,NATURES OWN WHOLE CUMIN SEEDS,Pack size : 40g,Average Nutritional Value As Per 100g,PER_100G,428,1790.75,17,33,2,22,,,10,0.2,0.5,,Cumin Seeds,Solid,Food,,,salt_derived_from_sodium
all_categories_combined,2037,1,Natures Own Whole Nutmeg 250g,NATURES OWN WHOLE NUTMEG,Pack size : 250g,Average Nutritional Value As Per 100g,PER_100G,509,2129.66,6,37,0,36,,,0,0.018,0.045,,Nutmeg,Solid,Food,,,salt_derived_from_sodium
all_categories_combined,1162,1,Natures Taste Hot N Sweet Sauce 425g,NATURES TASTE HOT N SWEET SAUCE,Pack size : 425g,Average Nutritional Value As Per 100g,PER_100G,154,644.336,0.5,38,37.4,,,,1,1.02,2.55,,Sauce,Paste,Food,,,missing_total_fat|salt_derived_from_sodium
all_categories_combined,2788|2808,2,Natures Tastes Strawberry Jam 450g,NATURES TASTES STRAWBERRY JAM,Pack size : 450g,Average Nutritional Value As Per 100g,PER_100G,344,1439.3,0.67,85.22,72.12,0.08,,,,,,,Jam,Jelly,Food,,,missing_sodium
all_categories_combined,1708,1,Nescafe 3 In 1 Original Instant Coffee 18g,NESCAFE 3 IN 1 ORIGINAL INSTANT COFFEE,Pack size : 18g,Average Nutritional Value As Per 100g,PER_100G,447,1880,3,78,55,13,,,2.8,,,,Instant Coffee,Powder,Food,,,missing_sodium
all_categories_combined,1722,1,Nescafe 3in1 Organic Coffee Pouch 18gx25,NESCAFE 3IN1 ORGANIC COFFEE POUCH 18GX25,Pack size : 18g,Average Nutritional Value As Per 100g,PER_100G,447,1880,3,78,55,13,,,2.8,,,,Instant Coffee,Powder,Food,,,missing_sodium
all_categories_combined,1665|1667|1669,3,Nescafe Classic Instant Coffee 1.6g,NESCAFE CLASSIC INSTANT COFFEE,Pack size : 1.6g,Average Nutritional Value As Per 100g,PER_100G,90,376.56,2,23,5,1,,,5,0.19,0.475,,Instant Coffee,Powder,Food,,,salt_derived_from_sodium
all_categories_combined,1716,1,Nescafe Gold Blend Decaf Instant Coffee 100g,NESCAFE GOLD BLEND DECAF INSTANT COFFEE,Pack size : 100g,Average Nutritional Value As Per 100g,PER_100G,8,33.472,7,3,3,,,,34,,,,Coffee,Powder,Food,,,missing_sodium|missing_total_fat
all_categories_combined,3605|3607,2,Nestle Cerevita Flakes With Milk 420g,NESTLE CEREVITA FLAKES WITH MILK,Pack size : 420g,Average Nutritional Value As Per 45g,PER_45G_SCALED,411.111,1720.09,8.88889,64.4444,20,11.1111,,,2.22222,0.264444,0.661111,,Flakes,Solid,Food,,,salt_derived_from_sodium
all_categories_combined,3622,1,Nestle Cerevita Honey Breakfast Cereal 420g,NESTLE CEREVITA HONEY BREAKFAST CEREAL,Pack size : 420g,Avarage Nutritional Value As Per 30g,PER_30G_SCALED,630,2670,50,227,53.3333,9.66667,,,6,0.226667,0.566667,,Breakfast Cereal,Solid,Food,Honey,,sodium_derived_from_salt
all_categories_combined,2815,1,Nestle Cerevita Honey Breakfast Cereals Flakes 30g,NESTLE CEREVITA HONEY BREAKFAST CEREALS FLAKES,Pack size : 30g,Average Nutritional Value As Per 100g,PER_100G,183,765.672,2,28,,7,,,,0.098,0.245,,Cereals Flakes,Solid,Food,Honey,,missing_sugar|salt_derived_from_sodium
all_categories_combined,2834,1,Nestle Kitkat 4 Finger Milk And Cocoa Plan Chocolate Bar 41. 5G,NESTLE KITKAT 4 FINGER MILK AND COCOA PLAN CHOCOLATE BAR 41,Pack size : 1. 5g,Average Nutritional Value As Per 100g,PER_100G,502,2102,6.7,62.7,51,24.4,,,2.1,,,,,,,,,missing_sodium
all_categories_combined,3212,1,Nestle Lion Bar 50G,NESTLE LION BAR,Pack size : 50g,Average Nutritional Value As Per 100g,PER_100G,491,2057,5.3,66,50.9,22.6,,,1.4,0.208,0.52,,Chocolate Bar,Solid,Food,,,sodium_derived_from_salt
all_categories_combined,4653,1,Nestle Milo Active-Go Chocolate Milk Powder 10g,NESTLE MILO ACTIVE GO CHOCOLATE MILK POWDER,Pack size : 10g,Average Nutritional Value As Per 100g,PER_100G,416,1740.5,10.4,67.1,44,10.9,,,4,0.15,0.375,,Milk Powder,Powder,Food,Chocolate,,salt_derived_from_sodium
all_categories_combined,3409,1,Nestle Polo Original Mint Candy 125g,NESTLE POLO ORIGINAL MINT CANDY,Pack size : 125g,Average Nutritional Value As Per 100g,PER_100G,402,1707,,98.1,95.6,1,,,,0.004,0.01,,Candy,Solid,Food,Mint,,sodium_derived_from_salt
all_categories_combined,3849,1,Nestle Quality Street Chocolate 600g,NESTLE QUALITY STREET CHOCOLATE,Pack size : 600g,Average Nutritional Value As Per 100g,PER_100G,471,1976,3.3,67.3,58,20.7,,,1.2,0.088,0.22,,Chocolate,Solid,Food,Cocoa,,sodium_derived_from_salt
all_categories_combined,3213,1,Nestle Rolo Chocolate Tube 52G,NESTLE ROLO CHOCOLATE TUBE,Pack size : 52g,Average Nutritional Value As Per 100g,PER_100G,478,2004,4.8,67,58,20,,,1.2,,,,Chocolate Tube,Solid,Food,Cocoa,,missing_sodium
all_categories_combined,3665,1,Nom Noms Mini Chocolate Marshmallows 15g,NOM NOMS MINI CHOCOLATE MARSHMALLOWS,Pack size : 15g,Average Nutritional Value As Per 100g,PER_100G,97,412.9,1.1,23.1,21.1,0,,,0.2,0.0045,0.01125,,Marshmallows,Solid,Food,Cocoa,,salt_derived_from_sodium
all_categories_combined,3674,1,Nom Noms Original Marshmallows 150g,NOM NOMS ORIGINAL MARSHMALLOWS,Pack size : 150g,Average Nutritional Value As Per 100g,PER_100G,96,406,1,28.3,21.3,0.3,,,0,0.0044,0.011,,Marshmallows,Solid,Food,,,salt_derived_from_sodium
all_categories_combined,3668,1,Nom Noms Original Mini Marshmallows 17g,NOM NOMS ORIGINAL MINI MARSHMALLOWS,Pack size : 17g,Average Nutritional Value As Per 100g,PER_100G,96,406,1,28.3,21.3,0.3,,,0,0.0044,0.011,,Marshmallows,Solid,Food,,,salt_derived_from_sodium
all_categories_combined,3664,1,Nom Noms Sours Apple Mini Marshmallow 15g,NOM NOMS SOURS APPLE MINI MARSHMALLOW,Pack size : 15g,Average Nutritional Value As Per 26g,PER_26G_SCALED,384.615,1609.23,3.84615,88.4615,76.9231,0,,,0,0,0,,Marshmallow,Solid,Food,Sours Apple,,salt_derived_from_sodium
all_categories_combined,3662,1,Nom Noms Sours Cola Mini Marshmallow 15g,NOM NOMS SOURS COLA MINI MARSHMALLOW,Pack size : 15g,Average Nutritional Value As Per 100g,PER_100G,70,297,0.8,16,15.5,0,,,0.02,0,0,,Marshmallow,Solid,Food,Sours cola,,salt_derived_from_sodium
all_categories_combined,3666,1,Nom Noms Sours Peach Mini Marshmallow 15g,NOM NOMS SOURS PEACH MINI MARSHMALLOW,Pack size : 15g,Average Nutritional Value As Per 22g,PER_22G_SCALED,322.727,1386.36,3.18182,78.6364,71.8182,0,,,1.36364,0.0313636,0.0784091,,Marshmallow,Solid,Food,Sours Peach,,salt_derived_from_sodium
all_categories_combined,3667|3669,2,Nom Noms Sours Strawberry Mini Marshmallows 17g,NOM NOMS SOURS STRAWBERRY MINI MARSHMALLOWS,Pack size : 17g,Average Nutritional Value As Per 100g,PER_100G,336,1405.82,2.8,79.9,53.6,0.6,,,0,0.036,0.09,,Marshmallows,Solid,Food,Strawberry,,salt_derived_from_sodium
all_categories_combined,4154,1,Norda Cribaz Barbeque Potato Crisps 95G,NORDA CRIBAZ BARBEQUE POTATO CRISPS,Pack size : 95G,Average Nutritional Value As Per 100g,PER_100G,533,2230.07,5,54,,33,,,4,,,,Potato Crisps,Solid,Food,Barbeque,,missing_sodium|missing_sugar
all_categories_combined,4055,1,Norda Tamu Tamu Tomato Ketchup Corn Curls 30G,NORDA TAMU TAMU TOMATO KETCHUP CORN CURLS,Pack size : 25G,Average Nutritional Value As Per 100g,PER_100G,445,1861,7,69,5,15,,,,0.627,1.5675,,Corn Curls,Solid,Food,Tomato Ketchup,,salt_derived_from_sodium
all_categories_combined,4056,1,Norda Tamu Tamu Tutti Fruity Corn Curls 30G,NORDA TAMU TAMU TUTTI FRUITY CORN CURLS,Pack size : 25G,Average Nutritional Value As Per 100g,PER_100G,445,1861,6,67,5,15,,,,0.625,1.5625,,Corn Curls,Solid,Food,Tutti Fruity,,salt_derived_from_sodium
all_categories_combined,4120,1,Norda Urban Bites Funky Fruity Chutney Potato Crisps 30G,NORDA URBAN BITES FUNKY FRUITY CHUTNEY POTATO CRISPS,Pack size : 30G,Average Nutritional Value As Per 120g,PER_120G_SCALED,556.667,2329.09,5.66667,52.6667,,37,,,4.33333,0.000625,0.0015625,,Potato Crisps,Solid,Food,Fruit Chutney,,missing_sugar|salt_derived_from_sodium
all_categories_combined,4117,1,Norda Urban Bites Nyama Choma Potato Crisps 30G,NORDA URBAN BITES NYAMA CHOMA POTATO CRISPS,Pack size : 30G,Average Nutritional Value As Per 120g,PER_120G_SCALED,563.333,2356.98,5.66667,51.3333,,38.3333,,,4.66667,0.000408333,0.00102083,,Potato Crisps,Solid,Food,Nyam Chom,,missing_sugar|salt_derived_from_sodium
all_categories_combined,4121,1,Norda Urban Bites Party Paprika Potato Crisps 30G,NORDA URBAN BITES PARTY PAPRIKA POTATO CRISPS,Pack size : 30G,Average Nutritional Value As Per 120g,PER_120G_SCALED,556.667,2329.09,6,51.3333,,37.6667,,,5,0.541667,1.35417,,Potato Crisps,Solid,Food,Party Paprika,,missing_sugar|salt_derived_from_sodium
all_categories_combined,4119,1,Norda Urban Bites Samba Salt And Vinegar Potato Crisps 30G,NORDA URBAN BITES SAMBA SALT AND VINEGAR POTATO CRISPS,Pack size : 30G,Average Nutritional Value As Per 45g,PER_45G_SCALED,531.111,2222.16,4.44444,48.8889,2.22222,31.1111,,,4.44444,0.795556,22.2222,,Potato Crisps,Solid,Food,Salt&Vinegar,,
all_categories_combined,4116,1,Norda Urban Bites Summer Salt Potato Crisps 30G,NORDA URBAN BITES SUMMER SALT POTATO CRISPS,Pack size : 30G,Average Nutritional Value As Per 100g,PER_100G,470,1966.48,6,63,,20,,,,0.001,8,,Potato Crisps,Solid,Food,Salt,,missing_sugar
all_categories_combined,4118,1,Norda Urban Bites Trendy Tomato Potato Crisps 30G,NORDA URBAN BITES TRENDY TOMATO POTATO CRISPS,Pack size : 30G,Average Nutritional Value As Per 20g,PER_20G_SCALED,300,1255.2,10,30,10,15,,,5,1.4,3.5,,Potato Crisps,Solid,Food,Tomato,,salt_derived_from_sodium
all_categories_combined,3702,1,Norda Urban Stix Kuku Choma Crunchy Corn Snacks 35G,NORDA URBAN STIX KUKU CHOMA CRUNCHY CORN SNACKS,Pack size : 35G,Average Nutritional Value As Per 100g,PER_100G,504,2109,45.4,64.2,1.3,22.7,,,,,,,Corn Snacks,Solid,Food,Kuku Choma,,missing_sodium
all_categories_combined,2423,1,Ntamu Traditional Pizza Sauce 380g,NTAMU TRADITIONAL PIZZA SAUCE,Pack size : 380g,Average Nutritional Value As Per 100g,PER_100G,35,146.44,1,6,4,1,,,1,0,0,,Sauce,Paste,Food,,,salt_derived_from_sodium
all_categories_combined,144,1,Nut Gold Crunchy Peanut Butter 500G,NUT GOLD CRUNCHY PEANUT BUTTER,Pack size : 500g,Average Nutritional Value As Per 100g,PER_100G,642,2686.13,26,20,9,51,,,5,0.35,0.875,,Peanut Butter,Paste,Food,,,salt_derived_from_sodium
all_categories_combined,3317,1,Nutcracker Macadamia Nuts 100G,NUTCRACKER MACADAMIA NUTS,Pack size : 100 g,Average Nutritional Value As Per 28g,PER_28G_SCALED,35.7143,146.429,0,0,0,3.57143,,,0,0.0142857,0.0357143,,Macadamia Nuts,Solid,Food,,,salt_derived_from_sodium
all_categories_combined,3325,1,Nutcracker Pecan Halves 75G,NUTCRACKER PECAN HALVES,Pack size : 75 g,Average Nutritional Value As Per 100g,PER_100G,690,2886,9,14,4,72,,,10,0,0,,Pecan Nuts,Solid,Food,,,salt_derived_from_sodium
all_categories_combined,2953,1,Nutcracker Periperi Flavour Mixed Nuts 150G,NUTCRACKER PERIPERI FLAVOUR MIXED NUTS,Pack size : 150g,Average Nutritional Value As Per 100g,PER_100G,468.85,,16.1,13.23,6.26,65.33,,,4.7,0.1201,0.52,,snack,solid,snack,,No additives,
all_categories_combined,3330,1,Nutcracker Pinenuts 75G,NUTCRACKER PINENUTS,Pack size : 75 g,Average Nutritional Value As Per 100g,PER_100G,634,2653,20,26,0.3,50,,,0,0,0,,Pinenuts,Solid,Food,,,salt_derived_from_sodium
all_categories_combined,2895,1,Nutcracker Pumpkin Seeds 100G,NUTCRACKER PUMPKIN SEEDS,Pack size : 100 g,Average Nutritional Value As Per 100g,PER_100G,446,1866,19,54,,19,,,18,0.018,0.045,,Pumpkin Seeds,Solid,Food,,,missing_sugar|salt_derived_from_sodium
all_categories_combined,2939,1,Nutcracker Safari Snack Mix 90G,NUTCRACKER SAFARI SNACK MIX,Pack size : 90g,Average Nutritional Value As Per 100g,PER_100G,743.4,,14.37,19.56,13.04,3.67,,,2.78,0,0.034,,snack,solid,snack,,No additives,
all_categories_combined,2955,1,Nutcracker Salt & Black Pepper Mixed Nut 150G,NUTCRACKER SALT BLACK PEPPER MIXED NUT,Pack size : 150g,Average Nutritional Value As Per 100g,PER_100G,523.07,,17.35,21.31,4.64,66.57,,,6.78,0.04424,0.23,,snack,solid,snack,,No additives,
all_categories_combined,2893,1,Nutcracker Sesame Seeds 100G,NUTCRACKER SESAME SEEDS,Pack size : 100 g,Average Nutritional Value As Per 100g,PER_100G,565,2363,19,17.8,0,48,,,,,,,Sesame Seeds,Solid,Food,,,missing_sodium
all_categories_combined,2956,1,Nutcracker Smokey Bbq Flavour Mixed Nut 150G,NUTCRACKER SMOKEY BBQ FLAVOUR MIXED NUT,Pack size : 150g,Average Nutritional Value As Per 100g,PER_100G,471.5,,15.99,13.8,8.22,65.18,,,5.63,4.07,0.3,,snack,solid,snack,,No additives,
all_categories_combined,4336,1,Nutcracker Whole Cashew Nuts 100G,NUTCRACKER WHOLE CASHEW NUTS,Pack size : 100 g,Average Nutritional Value As Per 100g,PER_100G,553,2313.75,18.22,30.19,5.91,43.85,,,3.3,0.012,0.03,,Cashew Nuts,Solid,Food,,,salt_derived_from_sodium
all_categories_combined,2935,1,Nutcraker Granola Snack Mix 75G,NUTCRAKER GRANOLA SNACK MIX,Pack size : 75g,Average Nutritional Value As Per 100g,PER_100G,436,,5,45,21,4.5,,,6.9,0,0.095,,snack,solid,snack,,No additives,
all_categories_combined,136|148,2,Nuteez Natural Crunchy Peanut Butter 400g,NUTEEZ NATURAL CRUNCHY PEANUT BUTTER,Pack size : 400g,Average Nutritional Value As Per 100g,PER_100G,616,2577.34,27,12,,50,,,,,,,Peanut Butter,Paste,Food,,,missing_sodium|missing_sugar
all_categories_combined,135,1,Nuteez Smooth Peanut Butter 400g,NUTEEZ SMOOTH PEANUT BUTTER,Pack size : 400g,Average Nutritional Value As Per 15g,PER_15G_SCALED,620,2594.08,26.6667,20,6.66667,46.6667,,,10,0.02,0.05,,Peanut Butter,Paste,Food,,,salt_derived_from_sodium
all_categories_combined,4009|4010|4011,3,Nutella Ferrero Cocoa And Hazelnut Spread 350g,NUTELLA FERRERO COCOA AND HAZELNUT SPREAD,Pack size : 350g,Average Nutritional Value As Per 100g,PER_100G,539,2253.02,6.3,57.5,56.3,30.9,,,,0.043,0.1075,,Spread,Paste,Frozen,"Cocoa, Hazelnut",,salt_derived_from_sodium
all_categories_combined,2919,1,Nutella Ferrero & Go Hazelnut Spread And Malted Bread Sticks 52g,NUTELLA FERRERO GO HAZELNUT SPREAD AND MALTED BREAD STICKS,Pack size : 52g,Average Nutritional Value As Per 52g,PER_52G_SCALED,519.231,2172.46,7.69231,63.4615,44.2308,25,,,3.84615,0.230769,0.576923,,Hazelnut Spread,Solid,Food,,,salt_derived_from_sodium
all_categories_combined,4334|4355,2,Nutfields Cashew Nuts 80g,NUTFIELDS CASHEW NUTS,Pack size : 80g,Average Nutritional Value As Per 100g,PER_100G,581,2430.9,16.8,30.2,,47.8,,,3.3,0.308,0.77,,Cashew Nuts,Solid,Food,,,missing_sugar|salt_derived_from_sodium
all_categories_combined,2925,1,Nutfields Dry Roasted And Salted Mixed Nuts 20g,NUTFIELDS DRY ROASTED AND SALTED MIXED NUTS,Pack size : 20g,Average Nutritional Value As Per 100g,PER_100G,569.8,2384.04,16.8,24.5,4.6,49,,,8.4,0.3311,0.82775,,Mixed Nuts,Solid,Food,,,salt_derived_from_sodium
all_categories_combined,3005|3031,2,Nutfields Dry Roasted And Salted Peanuts 80g,NUTFIELDS DRY ROASTED AND SALTED PEANUTS,Pack size : 80g,Average Nutritional Value As Per 100g,PER_100G,614,2541,26,9.2,4.5,51,,,8.8,0.32,0.8,,Peanuts,Solid,Food,Salted,,salt_derived_from_sodium
all_categories_combined,3315|3326,2,Nutfields Macadamia Nuts 80g,NUTFIELDS MACADAMIA NUTS,Pack size : 80g,Average Nutritional Value As Per 100g,PER_100G,761,3186,7.2,12.7,4.6,75.7,,,,,,,Macadamia Nuts,Solid,Food,,,missing_sodium
all_categories_combined,2942|2943|2958,3,Nutfields Mixed Nuts 80g,NUTFIELDS MIXED NUTS,Pack size : 80g,Average Nutritional Value As Per 100g,PER_100G,597,2497.85,24,19,4,52,,,8,0.321,0.8025,,Mixed Nuts,Solid,Food,,,salt_derived_from_sodium
all_categories_combined,4349,1,Nutfields Unsalted Cashew Nuts 250g,NUTFIELDS UNSALTED CASHEW NUTS,Pack size : 250g,Average Nutritional Value As Per 100g,PER_100G,582,2435.09,18,26,5,43,,,3,,,,Cashew Nuts,Solid,Food,Cashew Nuts,,missing_sodium
all_categories_combined,3328,1,Nutfields Unsalted Macadamia Nuts 250g,NUTFIELDS UNSALTED MACADAMIA NUTS,Pack size : 250g,Average Nutritional Value As Per 100g,PER_100G,761,3184.02,7,12,,75,,,,,,,Macadamia Nuts,Solid,Food,Macadamia Nuts,,missing_sodium|missing_sugar
all_categories_combined,660,1,Nutrameal Black Njahi Beans 1Kg,NUTRAMEAL BLACK NJAHI BEANS,Pack size : 1Kg,Average Nutritional Value As Per 100g,PER_100G,341,1426,22,62,2.1,1.4,,,16,0.005,0.0125,,Njahi Beans,Solid,Food,,,salt_derived_from_sodium
all_categories_combined,728,1,Nutrameal Brown Roscoco Beans 1Kg,NUTRAMEAL BROWN ROSCOCO BEANS,Pack size : 1Kg,Average Nutritional Value As Per 100g,PER_100G,362,1514,18,63,5,1,,,,0.02,0.05,,Roscoco Beans,Solid,Food,,,salt_derived_from_sodium
all_categories_combined,616,1,Nutrameal Butter Beans 1Kg,NUTRAMEAL BUTTER BEANS,Pack size : 1Kg,Average Nutritional Value As Per 20g,PER_20G_SCALED,35,155,1.4,7.3,2.45,0.2,,,3,,,,Butter Beans,Solid,Food,,,missing_sodium
all_categories_combined,1844,1,Nutrameal Cumin Seeds Powder 500g,NUTRAMEAL CUMIN SEEDS POWDER,Pack size : 500g,Average Nutritional Value As Per 100g,PER_100G,356,1489.5,18.7,36.6,0,15,,,12,0.06,0.15,,Cumin Seeds Powder,Powder,Food,,,salt_derived_from_sodium
all_categories_combined,594,1,Nutrameal Green Lentils 1Kg,NUTRAMEAL GREEN LENTILS,Pack size : 1Kg,Average Nutritional Value As Per 45g,PER_45G_SCALED,355.556,1486.67,24.4444,64.4444,2.22222,,,,11.1111,,,,Green Lentils,Solid,Food,,,missing_sodium|missing_total_fat
all_categories_combined,3714,1,Nutrameal Imported Popcorn Kernels 500G,NUTRAMEAL IMPORTED POPCORN KERNELS,Pack size : 500g,Average Nutritional Value As Per 100g,PER_100G,382,1598,12,78,,4,,,15,0.004,0.01,,Kernels,Solid,Food,,,missing_sugar|salt_derived_from_sodium
all_categories_combined,575,1,Nutrameal Kamande (Masoor Whole)500g,NUTRAMEAL KAMANDE MASOOR WHOLE,Pack size : 500g,Average Nutritional Value As Per 100g,PER_100G,164,686.176,7,26,5,4,,,7,1.046,2.615,,Red Lentil,Solid,Food,Red Lentil,,salt_derived_from_sodium
all_categories_combined,892,1,Nutrameal Mwitemania Beans 1Kg,NUTRAMEAL MWITEMANIA BEANS,Pack size : 1Kg,Average Nutritional Value As Per 100g,PER_100G,337,1410,22,60,3.88,1.5,,,24,0.005,0.0125,,Mwitemania Beans,Solid,Food,,,salt_derived_from_sodium
all_categories_combined,483|484|485,3,Nutrameal Natural Wholesome Cane Sugar 2Kg,NUTRAMEAL NATURAL WHOLESOME CANE SUGAR,Pack size : 2Kg,Average Nutritional Value As Per 100g,PER_100G,387,1619.2,,100,100,,,,,0.001,0.0025,,Cane Sugar,Solid,Food,,,missing_total_fat|salt_derived_from_sodium
all_categories_combined,623|779,2,Nutrameal Nyayo Beans 1Kg,NUTRAMEAL NYAYO BEANS,Pack size : 1Kg,Average Nutritional Value As Per 100g,PER_100G,346,1447,22,60,,1.3,,,4.8,,,,Nyayo Beans,Solid,Food,,,missing_sodium|missing_sugar
all_categories_combined,604,1,Nutrameal Pigeon Peas 1Kg,NUTRAMEAL PIGEON PEAS,Pack size : 1Kg,Average Nutritional Value As Per 100g,PER_100G,343,1435,22,63,,1.5,,,15,0.017,0.0425,,Pigeon Peas,Solid,Food,,,missing_sugar|salt_derived_from_sodium
all_categories_combined,699,1,Nutrameal Red Cowpeas 1Kg,NUTRAMEAL RED COWPEAS,Pack size : 1Kg,Average Nutritional Value As Per 100g,PER_100G,336,1405,23,60,6.9,1.26,,,10.6,0.016,0.04,,Red Cowpeas,Solid,Food,,,salt_derived_from_sodium
all_categories_combined,608,1,Nutrameal Red Kidney Beans 1Kg,NUTRAMEAL RED KIDNEY BEANS,Pack size : 1Kg,Average Nutritional Value As Per 100g,PER_100G,346,1447,22,60,,1.3,,,4.8,,,,Red Kidney Beans,Solid,Food,,,missing_sodium|missing_sugar
all_categories_combined,586,1,Nutrameal Regular Chick Peas 1Kg,NUTRAMEAL REGULAR CHICK PEAS,Pack size : 1Kg,Average Nutritional Value As Per 100g,PER_100G,340,1422,11,73,2,0.4,,,8,,,,Chick Peas,Solid,Food,,,missing_sodium
all_categories_combined,923,1,Nutrameal Semolina Flour 1Kg,NUTRAMEAL SEMOLINA FLOUR,Pack size : 1Kg,Average Nutritional Value As Per 101g,PER_101G_SCALED,80.198,335.549,13.8614,,,1.9802,,,,,,,Semolina Flour,Powder,Food,,,missing_sodium|missing_sugar
all_categories_combined,720,1,Nutrameal Soya Beans 1Kg,NUTRAMEAL SOYA BEANS,Pack size : 1Kg,Average Nutritional Value As Per 100g,PER_100G,172,719,18,8.4,3,9,,,6,0.001,0.0025,,Soya Beans,Solid,Food,,,salt_derived_from_sodium
all_categories_combined,818,1,Nutrameal Sunflower Seeds 500g,NUTRAMEAL SUNFLOWER SEEDS,Pack size : 500g,Average Nutritional Value As Per 100g,PER_100G,584,2443.46,20,20,2,51,,,8,0.009,0.0225,,Sunflower Seeds,Solid,Food,,,salt_derived_from_sodium
all_categories_combined,729,1,Nutrameal Wairimu Beans 1Kg,NUTRAMEAL WAIRIMU BEANS,Pack size : 1Kg,Average Nutritional Value As Per 100g,PER_100G,341,1426.74,22,62,2.1,1.4,,,16,0.005,0.0125,,Wairimu Beans,Solid,Food,,,salt_derived_from_sodium
all_categories_combined,668,1,Nutrameal White Cowpeas 1Kg,NUTRAMEAL WHITE COWPEAS,Pack size : 1Kg,Average Nutritional Value As Per 100g,PER_100G,366,1405,24,60,,1.3,,,,,,,White Cowpeas,Solid,Food,,,missing_sodium|missing_sugar
all_categories_combined,3318,1,Nutrameal Whole Nutmeg 150g,NUTRAMEAL WHOLE NUTMEG,Pack size : 150g,Average Nutritional Value As Per 100g,PER_100G,525,2196.6,5,49,,36,,,20,0.016,0.04,,Nutmeg,Solid,Food,,,missing_sugar|salt_derived_from_sodium
all_categories_combined,576,1,Nutrameal Yellow Beans 1Kg,NUTRAMEAL YELLOW BEANS,Pack size : 1Kg,Average Nutritional Value As Per 100g,PER_100G,345,1443,22,60,,2.6,,,25,0.012,0.03,,Yellow Beans,Solid,Food,,,missing_sugar|salt_derived_from_sodium
all_categories_combined,873,1,Nutrameal Yellow Grams Chana 1Kg,NUTRAMEAL YELLOW GRAMS CHANA,Pack size : 1Kg,Average Nutritional Value As Per 100g,PER_100G,363,1518.79,20,58,,5,,,,,,,Yellow Grams Chana,Solid,Food,,,missing_sodium|missing_sugar
all_categories_combined,3912,1,Nutri Delight Gluten Free Original Chip Chip Cookies 100G,NUTRI DELIGHT GLUTEN FREE ORIGINAL CHIP CHIP COOKIES,Pack size : 100g,Average Nutritional Value As Per 100g,PER_100G,,,18.62,30.34,11.17,14.97,,,4.2,0.377,0.9425,,Food,Solid,Cookies,,No additives,salt_derived_from_sodium
all_categories_combined,3914,1,Nutri Delight Gluten Free Protein Packed Chocolate Chip Cookies 100G,NUTRI DELIGHT GLUTEN FREE PROTEIN PACKED CHOCOLATE CHIP COOKIES,Pack size : 100g,Average Nutritional Value As Per 100g,PER_100G,,,18.62,30.34,11.17,14.97,,,4.2,0.377,0.9425,,Food,,Cookies,,No additives,salt_derived_from_sodium
all_categories_combined,3907,1,Nutri Delights C.Chip Cookies 100G,NUTRI DELIGHTS C CHIP COOKIES,Pack size : 100g,Average Nutritional Value As Per 100g,PER_100G,497,2081,5.5,64,33,12,,,3.3,0.296,0.74,,Cookies,Solid,Food,Cocoa,,sodium_derived_from_salt
all_categories_combined,3906,1,Nutri Delights Red Velvet Chocolate Chip Cookies 100g,NUTRI DELIGHTS RED VELVET CHOCOLATE CHIP COOKIES,Pack size : 100g,Average Nutritional Value As Per 48g,PER_48G_SCALED,520.833,2179.17,6.25,72.9167,43.75,25,,,2.08333,0.260417,0.651042,,Chocolate Chip Cookies,Solid,Food,Red Velvet Chocolate Chip,,salt_derived_from_sodium
all_categories_combined,4000,1,Nuttish Land Macadamia Cookies 300G,NUTTISH LAND MACADAMIA COOKIES,Pack size : 300g,Average quantity per 100g,PER_100G,480.59,669.4,26.31,53.63,20.36,12.36,,,2.15,,,,Cookies,Solid,Food,,,missing_sodium
all_categories_combined,4346,1,Nuttishland Dry Roasted And Salted Cashew Nuts 125g,NUTTISHLAND DRY ROASTED AND SALTED CASHEW NUTS,Pack size : 125g,Average Nutritional Value As Per 100g,PER_100G,553,2313.75,18,30,6,44,,,,,,,Cashew Nuts,Solid,Food,Salted,,missing_sodium
all_categories_combined,4328|4338|4350,3,Nuttishland Dry Rosted And Salted Cashew Nuts 50g,NUTTISHLAND DRY ROSTED AND SALTED CASHEW NUTS,Pack size : 50g,Average Nutritional Value As Per 100g,PER_100G,553,2313.75,18,30,6,44,,,,0.012,0.03,,Cashew Nuts,Solid,Food,,,salt_derived_from_sodium
all_categories_combined,3309|3316|3327,3,Nuttishland Dry Rosted And Salted Macadamia Nut 50g,NUTTISHLAND DRY ROSTED AND SALTED MACADAMIA NUT,Pack size : 50g,Average Nutritional Value As Per 100g,PER_100G,718,3004.11,8,14,4.6,76,,,,0.005,0.0125,,Macadamia Nut,Solid,Food,,,salt_derived_from_sodium
all_categories_combined,2996,1,Nuttishland Dry Rosted And Salted Peanuts 100g,NUTTISHLAND DRY ROSTED AND SALTED PEANUTS,Pack size : 100g,Average Nutritional Value As Per 100g,PER_100G,567,2372.33,26,16,4,49,,,,0.018,0.045,,Peanuts,Solid,Food,,,salt_derived_from_sodium
all_categories_combined,2464|2466|2471,3,Nuttishland Extra Virgin Macadamia Oil 750ml,NUTTISHLAND EXTRA VIRGIN MACADAMIA OIL,Pack size : 750ml,Average Nutritional Value As Per 100g,PER_100G,803,3360,,,,91,,,,,,,Macadamia Oil,Liquid,Food,,,missing_sodium|missing_sugar
all_categories_combined,3959,1,Nuttishland Macadamia Cookies 65G,NUTTISHLAND MACADAMIA COOKIES,Pack size : 65g,Average Nutritional Value As Per 100g,PER_100G,480.59,,26.31,53.63,20.36,26.31,,,2.15,,,,,,,,,missing_sodium
all_categories_combined,2499,1,Nuttishland Macadamia Vegetable Oil 2L,NUTTISHLAND MACADAMIA VEGETABLE OIL,,Approximate composition per 100g,PER_100G,900,,0,0,0,100,,,0,0,0,,,,,,,salt_derived_from_sodium
all_categories_combined,2944,1,Nuttishland Mixed Nuts 100G,NUTTISHLAND MIXED NUTS,,Average Nutritional Value As Per 100g,PER_100G,,2588,16.1,20.2,,58.4,,,,,,,,,nuts,,,missing_sodium|missing_sugar
all_categories_combined,3927,1,NuVita Apple & Cinnamon Cookies 100g,NUVITA APPLE CINNAMON COOKIES,Pack size : 100g,Average Nutritional Value As Per 1g,PER_1G_SCALED,49000,205016,700,7000,1700,1900,,,,,,,Cookies,Solid,Food,"Apple, Cinnamon",,missing_sodium
all_categories_combined,3120|3122,2,Nuvita Barbeque Baked Corn Puffs 100G,NUVITA BARBEQUE BAKED CORN PUFFS,Pack size : 100g,Average Nutritional Value As Per 100g,PER_100G,377,1577,6,86,11,2,,,3,0.891,2.2275,,Corn Puffs,Solid,Food,Barbeque,,salt_derived_from_sodium
all_categories_combined,4075,1,NUVITA BARBEQUE THINS 50G,NUVITA BARBEQUE THINS,Pack size : 50g,Average Nutritional Value As Per 28g,PER_28G_SCALED,428.571,1793.14,7.14286,75,10.7143,12.5,,,3.57143,0.607143,1.51786,,Potato Snack,Solid,Food,Barbeque,,salt_derived_from_sodium
all_categories_combined,3731,1,NuVita Bravo G Glucose Biscuits 29g,NUVITA BRAVO G GLUCOSE BISCUITS,Pack size : 38g,Average Nutritional Value As Per 100g,PER_100G,478.99,1999,7.1,82.4,,15,,,,,,,Biscuits,Solid,Food,,,missing_sodium|missing_sugar
all_categories_combined,3750,1,NuVita Breaktime Biscuits 100g,NUVITA BREAKTIME BISCUITS,Pack size : 100g,Average Nutritional Value As Per 100g,PER_100G,488,2041,5,58,0,28,,,2,0.364,0.91,,Biscuits,Solid,Food,,,salt_derived_from_sodium
all_categories_combined,3753,1,NuVita Breaktime Coconut Biscuits 100g,NUVITA BREAKTIME COCONUT BISCUITS,Pack size : 100g,Average Nutritional Value As Per 100g,PER_100G,452,1891,7,58,8,32,,,6,0.671,1.6775,,Biscuits,Solid,Food,Coconut,,salt_derived_from_sodium
all_categories_combined,3773,1,NuVita Butter Bites Biscuits 100g,NUVITA BUTTER BITES BISCUITS,Pack size : 100g,Average Nutritional Value As Per 100g,PER_100G,500,2092,7,64,,25,,,,,,,Biscuits,Solid,Food,Butter,,missing_sodium|missing_sugar
all_categories_combined,3929,1,NuVita Butter Cookies 100g,NUVITA BUTTER COOKIES,Pack size : 100g,Average Nutritional Value As Per 100g,PER_100G,495,2071.08,8,68,,21,,,,,,,Cookies,Solid,Food,,,missing_sodium|missing_sugar
all_categories_combined,3606,1,NuVita Cereos Choco Chip Cereal 375g,NUVITA CEREOS CHOCO CHIP CEREAL,Pack size : 375g,Average Nutritional Value As Per 100g,PER_100G,467,1954,8.7,59.9,26.5,20,,,1,0.28,0.7,,Cereal Biscuits,Solid,Food,Chocolate,,salt_derived_from_sodium
all_categories_combined,3616|3621,2,NuVita Cereos Honey & Cinnamon Cereal 375g,NUVITA CEREOS HONEY CINNAMON CEREAL,Pack size : 375g,Average Nutritional Value As Per 100g,PER_100G,467,1954,8.7,59.9,26.5,20,,,1,0.28,0.7,,Cereal Biscuits,Solid,Food,"Honey, Cinnamon",,salt_derived_from_sodium
all_categories_combined,3292,1,NuVita Cereos Oatmeal Cereal 375g,NUVITA CEREOS OATMEAL CEREAL,Pack size : 375g,Average Nutritional Value As Per 75g,PER_75G_SCALED,369.333,1544,14.6667,64,,6.10667,,,10.9333,0.285333,0.713333,,Cereal,Solid,Food,,,missing_sugar|salt_derived_from_sodium
all_categories_combined,3121,1,Nuvita Cheese Corn Puffs 100G,NUVITA CHEESE CORN PUFFS,Pack size : 100g,Average Nutritional Value As Per 100g,PER_100G,559,2339,5.76,54.1,2.76,35.76,,,2.2,1.05,2.625,,Corn Puffs,Solid,Food,Cheese,,salt_derived_from_sodium
all_categories_combined,3734,1,NuVita Choco Biscuits 75g,NUVITA CHOCO BISCUITS,Pack size : 75g,Average Nutritional Value As Per 100g,PER_100G,517,2163,7,65,,25,,,,,,,Biscuits,Solid,Food,Cocoa,,missing_sodium|missing_sugar
all_categories_combined,3931,1,NuVita Chocolate Chips Cookies 100g,NUVITA CHOCOLATE CHIPS COOKIES,Pack size : 100g,Average Nutritional Value As Per 15g,PER_15G_SCALED,466.667,1952.53,26.6667,60,53.3333,6.66667,,,,0.0666667,0.166667,,Cookies,Solid,Food,Cocoa,,salt_derived_from_sodium
all_categories_combined,2814,1,NuVita Chocolate Coated With Vanilla Cream Sponge Cake 33g,NUVITA CHOCOLATE COATED WITH VANILLA CREAM SPONGE CAKE,Pack size : 33g,Average Nutritional Value As Per 100g,PER_100G,382,1598.29,7,64,29,15,,,,,,,Cake,Solid,Food,"Chocolate, Vanilla",,missing_sodium
all_categories_combined,3926,1,NuVita Chocolate Cookies 100g,NUVITA CHOCOLATE COOKIES,Pack size : 100g,Average Nutritional Value As Per 100g,PER_100G,500,2092,8,68,,21,,,,,,,Cookies,Solid,Food,Cocoa,,missing_sodium|missing_sugar
all_categories_combined,114,1,NUVITA CRACKERS CHEESE 200G,NUVITA CRACKERS CHEESE,Pack size : 200g,Average Nutritional Value As Per 101g,PER_101G_SCALED,417.822,1748.17,6.93069,80.198,,6.93069,,,,,,,Biscuit,Solid,Food,Cheese,,missing_sodium|missing_sugar
all_categories_combined,3868|3884|3898,3,NuVita Digestive Biscuits 1Kg,NUVITA DIGESTIVE BISCUITS,Pack size : 1kg,Average Nutritional Value As Per 100g,PER_100G,560,2343.04,0,64,19,17,,,2,0,0,,Biscuits,Solid,Food,,,
all_categories_combined,3878,1,NuVita Digestive Chocolate Coated Biscuits 200G,NUVITA DIGESTIVE CHOCOLATE COATED BISCUITS,Pack size : 200g,Average Nutritional Value As Per 100g,PER_100G,430,1799.12,6,0,0,24,,,0,0,0,,Biscuits,Solid,Food,Cocoa,,
all_categories_combined,3859,1,Nuvita Digestive Chocolate Creams 50g,NUVITA DIGESTIVE CHOCOLATE CREAMS,Pack size : 50g,Average Nutritional Value As Per 15g,PER_15G_SCALED,500,2092,,60,20,20,,,,,,,Biscuit,Solid,Food,Cocoa,,missing_sodium
all_categories_combined,3858,1,Nuvita Digestive Vanilla Creams 50G,NUVITA DIGESTIVE VANILLA CREAMS,Pack size : 50g,Average Nutritional Value As Per 28g,PER_28G_SCALED,500,2092,3.57143,64.2857,,21.4286,,,,0.5,1.25,,Biscuit,Solid,Food,Vanilla,,missing_sugar|salt_derived_from_sodium
all_categories_combined,107,1,NuVita Dinner Crackers 200G,NUVITA DINNER CRACKERS,Pack size : 200g,Average Nutritional Value As Per 100g,PER_100G,464.34,1857.36,10.01,70.3,1,0,,,,0.556,1.39,,Crackers,Solid,Food,,,sodium_derived_from_salt
all_categories_combined,3737,1,NuVita Energy glucose Biscuits 75g,NUVITA ENERGY GLUCOSE BISCUITS,Pack size : 75g,Average Nutritional Value As Per 100g,PER_100G,478.99,1999,7.1,82.4,,15,,,,,,,Biscuits,Solid,Food,,,missing_sodium|missing_sugar
all_categories_combined,3738,1,NuVita Energy Honey Biscuits 75g,NUVITA ENERGY HONEY BISCUITS,Pack size : 75g,Average Nutritional Value As Per 100g,PER_100G,513,2146,6.2,62.6,25.7,26.4,,,1.6,0.36,0.9,,Biscuits,Solid,Food,Honey,,salt_derived_from_sodium
all_categories_combined,3742|3780,2,NuVita Family Biscuits 75g,NUVITA FAMILY BISCUITS,Pack size : 75g,Average Nutritional Value As Per 100g,PER_100G,473.5,1979,7.4,78.3,,15.9,,,,,,,Biscuits,Solid,Food,,,missing_sodium|missing_sugar
all_categories_combined,3745,1,NuVita Family Orange Biscuits 75G,NUVITA FAMILY ORANGE BISCUITS,Pack size : 75g,Average Nutritional Value As Per 100g,PER_100G,457,1912,9.4,74,20.9,13.7,,,,,,,Biscuits,Solid,Food,Orange,,missing_sodium
all_categories_combined,3980,1,Nuvita Flap Jacks Oat Bakes Sugar Free200G,NUVITA FLAP JACKS OAT BAKES SUGAR FREE200G,Pack size : 200G,,ASSUMED_PER_100G,58,19,579,100,2,0,,,,,,,Food,,8g,2422.54kJ,Solid,assumed_per_100g_missing_portion|missing_sodium
all_categories_combined,4080,1,NUVITA FRUIT CHUTNEY THINS 50G,NUVITA FRUIT CHUTNEY THINS,Pack size : 50g,Average Nutritional Value As Per 100g,PER_100G,549,2297.01,8,47,3,36.7,,,7,0.797,1.9925,,Potato Snack,Solid,Food,Fruit Chutney,,salt_derived_from_sodium
all_categories_combined,3956,1,NUVITA GRANDMA'S HOMEMADE COOKI200G,NUVITA GRANDMA S HOMEMADE COOKI200G,Pack size : 200g,Average Nutritional Value As Per 100g,PER_100G,458,1916,8,21,,17,,,,,,,Cookies,Solid,Food,,,missing_sodium|missing_sugar
all_categories_combined,108,1,NuVita Light & Crisp Cream Crackers 200G,NUVITA LIGHT CRISP CREAM CRACKERS,Pack size : 200g,Average Nutritional Value As Per 100g,PER_100G,464.34,1857.36,10.01,70.3,1,0,,,,0.556,1.39,,Crackers,Solid,Food,,,sodium_derived_from_salt
all_categories_combined,3756|3783,2,NuVita Marie Biscuits 75g,NUVITA MARIE BISCUITS,Pack size : 75g,Average Nutritional Value As Per 100g,PER_100G,426,1782,6.5,68.6,19.8,13.5,,,0.6,0.257,0.6425,,Biscuits,Solid,Food,,,salt_derived_from_sodium
all_categories_combined,3824,1,NuVita Nice 1 Kg Jars,NUVITA NICE JARS,Pack size : 1Kg,Average Nutritional Value As Per 100g,PER_100G,117,489.5,2,17,0,4,,,0,0,0,,Biscuits,Solid,Food,,,salt_derived_from_sodium
all_categories_combined,3869|3891,2,NuVita Oat Digestive Biscuit 200g,NUVITA OAT DIGESTIVE BISCUIT,Pack size : 200g,Average Nutritional Value As Per 100g,PER_100G,579,2422.54,8,58,19,23,,,,,,,Digestive Biscuit,Solid,Food,Oat,,missing_sodium
all_categories_combined,3946,1,NUVITA OAT & RAISIN COOKIES 200G,NUVITA OAT RAISIN COOKIES,Pack size : 200g,Average Nutritional Value As Per 100g,PER_100G,419,1753.1,7.1,70.5,22,12.1,,,3.5,,,,Biscuits,Solid,Food,,,missing_sodium
all_categories_combined,3877,1,NuVita Oats Digestive Chocolate Coated Biscuits 200G,NUVITA OATS DIGESTIVE CHOCOLATE COATED BISCUITS,Pack size : 200g,Average Nutritional Value As Per 100g,PER_100G,579,2422.54,8,58,19,23,,,2,0,0,,Biscuits,Solid,Food,Cocoa,,
all_categories_combined,3276,1,NuVita Porridge Oats 1Kg,NUVITA PORRIDGE OATS,Pack size : 1Kg,Average Nutritional Value As Per 100g,PER_100G,386,1613,12,73,1.3,5.5,,,6.1,,,,Oats,Solid,Food,,,missing_sodium
all_categories_combined,4081,1,NUVITA SALT THINS 50G,NUVITA SALT THINS,Pack size : 50g,Average Nutritional Value As Per 28g,PER_28G_SCALED,392.857,1643.71,7.14286,82.1429,7.14286,5.35714,,,7.14286,0.571429,1.42857,,Potato Snack,Solid,Food,,,salt_derived_from_sodium
all_categories_combined,110,1,NuVita Salty Crackers 200g,NUVITA SALTY CRACKERS,Pack size : 200g,Average Nutritional Value As Per 100g,PER_100G,422,1765,7,81,,7,,,,,,,Biscuit,Solid,Food,,,missing_sodium|missing_sugar
all_categories_combined,31,1,NuVita Secrets Coconut Cream 30g,NUVITA SECRETS COCONUT CREAM,Pack size : 40g,Average Nutritional Value As Per 80g,PER_80G_SCALED,587.5,2458.1,8.75,78.75,73.75,25,,,,,,,Biscuits,Solid,Food,Coconut,,missing_sodium
all_categories_combined,44,1,NUVITA SECRETS COCONUT CREAMS60G,NUVITA SECRETS COCONUT CREAMS60G,Pack size : 80g,Average Nutritional Value As Per 80g,PER_80G_SCALED,587.5,2458.1,8.75,78.75,73.75,25,,,,,,,Biscuits,Solid,Food,Coconut,,missing_sodium
all_categories_combined,29,1,NuVita Secrets Original Cream 30g,NUVITA SECRETS ORIGINAL CREAM,Pack size : 40g,Average Nutritional Value As Per 100g,PER_100G,479,2004.14,7,61,61,22,,,,0,0,,Biscuits,Solid,Food,,,salt_derived_from_sodium
all_categories_combined,42,1,NUVITA SECRETS ORIGINAL CREAM60G,NUVITA SECRETS ORIGINAL CREAM60G,Pack size : 80g,Average Nutritional Value As Per 100g,PER_100G,479,2004.14,7,61,61,22,,,,0,0,,Biscuits,Solid,Food,,,salt_derived_from_sodium
all_categories_combined,3811,1,NuVita Shortbread Choco Chip Biscuits 200g,NUVITA SHORTBREAD CHOCO CHIP BISCUITS,Pack size : 200g,Average Nutritional Value As Per 100g,PER_100G,518,2167,5.2,61.3,25.7,27.6,,,2,,,,Biscuits,Solid,Food,Cocoa,,missing_sodium
all_categories_combined,3834,1,NuVita Shortcake Biscuits Jar 900g,NUVITA SHORTCAKE BISCUITS JAR,Pack size : 900g,Average Nutritional Value As Per 100g,PER_100G,468.5,1958,6.49,77.2,,13.42,,,,,,,Biscuit,Solid,Food,,,missing_sodium|missing_sugar
all_categories_combined,4077,1,NUVITA SOUR CREAM&HERB THINS 50G,NUVITA SOUR CREAM HERB THINS,Pack size : 50g,Average Nutritional Value As Per 23g,PER_23G_SCALED,417.391,1746.37,6.08696,73.913,1.73913,12.1739,,,4.34783,0,0,,Potato Snack,Solid,Food,"Sour Cream, Herb",,salt_derived_from_sodium
all_categories_combined,2813,1,NuVita Sponge Cake Chocolate 33g,NUVITA SPONGE CAKE CHOCOLATE,Pack size : 33g,Average Nutritional Value As Per 100g,PER_100G,539,2255.18,6.22,60,6.64,30,,,1.15,,,,Cake,Solid,Food,Chocolate,,missing_sodium
all_categories_combined,4310|4311|4313,3,NuVita Strawberry & Vanilla Sponge Cake 33g,NUVITA STRAWBERRY VANILLA SPONGE CAKE,Pack size : 33g,Average Nutritional Value As Per 100g,PER_100G,250,1046,1,35,27,11,,,0,0.22,0.55,,Sponge Cake,Solid,Food,"Strawberry, Vanilla",,salt_derived_from_sodium
all_categories_combined,3851,1,NuVita Sugar Free Digestive Biscuit 45g,NUVITA SUGAR FREE DIGESTIVE BISCUIT,Pack size : 45g,Average Nutritional Value As Per 30g,PER_30G_SCALED,466.667,1952.53,6.66667,56.6667,,23.3333,,,,,,,Biscuit,Solid,Food,,,missing_sodium|missing_sugar
all_categories_combined,3871,1,Nuvita Sugerfree Digestive Biscuits200G,NUVITA SUGERFREE DIGESTIVE BISCUITS200G,Pack size : 200G,Average Nutritional Value As Per 30g,PER_30G_SCALED,466.667,1952.53,6.66667,56.6667,,23.3333,,,,,,,Biscuit,Solid,Food,,,missing_sodium|missing_sugar
all_categories_combined,3790,1,NuVita Sunbix Malty Shortcake 200g,NUVITA SUNBIX MALTY SHORTCAKE,Pack size : 200g,Average Nutritional Value As Per 100g,PER_100G,468.5,1958,6.49,77.2,,13.42,,,,,,,Biscuits,Solid,Food,Milk,,missing_sodium|missing_sugar
all_categories_combined,109,1,NuVita Sweet & Salty Crackers 200g,NUVITA SWEET SALTY CRACKERS,Pack size : 200g,Average Nutritional Value As Per 100g,PER_100G,468,1958,8,67,,17,,,,,,,Biscuit,Solid,Food,,,missing_sodium|missing_sugar
all_categories_combined,99,1,NuVita Sweet & Salty Crackers Biscuit 50g,NUVITA SWEET SALTY CRACKERS BISCUIT,Pack size : 50g,Average Nutritional Value As Per 100g,PER_100G,422,1765.65,7,62,,16,,,,0.341,0.8525,,Crackers Biscuit,Solid,Food,Sweet And Salty,,missing_sugar|salt_derived_from_sodium
all_categories_combined,4312,1,NuVita Vanilla Chocolate Coated Sponge Cake 33g,NUVITA VANILLA CHOCOLATE COATED SPONGE CAKE,Pack size : 33g,Average Nutritional Value As Per 100g,PER_100G,402,1681.97,3,78,49,8.3,,,1,0.611,1.5275,,Cake,Solid,Food,"Vanilla, Cocoa",,salt_derived_from_sodium
all_categories_combined,4508,1,NuVita Wafer Choco Delight 100g,NUVITA WAFER CHOCO DELIGHT,Pack size : 100g,Average Nutritional Value As Per 28g,PER_28G_SCALED,439.286,1837.96,6.78571,75,39.2857,14.2857,,,3.57143,0.585714,1.46429,,Wafer,Solid,Food,Cocoa,,salt_derived_from_sodium
all_categories_combined,4509,1,NuVita Wafer Chocolate 100g,NUVITA WAFER CHOCOLATE,Pack size : 100g,Average Nutritional Value As Per 100g,PER_100G,382,1598.29,7,64,29,15,,,,0,0,,Wafer,Solid,Food,Cocoa,,salt_derived_from_sodium
all_categories_combined,4504|4505,2,NuVita Wafer Lemon 100g,NUVITA WAFER LEMON,Pack size : 100g,Average Nutritional Value As Per 100g,PER_100G,468,1958.11,8,71,0,17,,,0,0,0,,Wafer,Solid,Food,Lemon,,salt_derived_from_sodium
all_categories_combined,3797,1,NuVita Westbury39S Original Coconut Biscuits 200g,NUVITA WESTBURY39S ORIGINAL COCONUT BISCUITS,Pack size : 200g,Average Nutritional Value As Per 100g,PER_100G,560,2343.04,,64,19,17,,,2,0,0,,Biscuits,Solid,Food,Coconut,,salt_derived_from_sodium
all_categories_combined,3446,1,Ocean Spray Classic Cranberry Juice 1L,OCEAN SPRAY CLASSIC CRANBERRY JUICE,Pack size : 1L,Average Nutritional Value As Per 120g,PER_120G_SCALED,16.6667,69.7333,,4.16667,1.66667,,,,,,,,Juice,Liquid,Beverage,Cranberry,,missing_sodium|missing_total_fat
all_categories_combined,1181,1,Ola Hot Salsa Dipping Sauce 270g,OLA HOT SALSA DIPPING SAUCE,Pack size : 270g,Average Nutritional Value As Per 100g,PER_100G,84.9,,0.75,4.35,2.39,0.29,,,0.36,0.447,1.1175,,Dipping Sauce,Paste,Food,,,salt_derived_from_sodium
all_categories_combined,965,1,Old Jamaica Cream Soda 330Ml,OLD JAMAICA CREAM SODA,Pack size : 330ml,Average Nutritional Value As Per 100ml,PER_100ML,50,212,0,12.4,12.4,0,,,,0.004,0.01,,Cream Soda,Liquid,Food,,,sodium_derived_from_salt
all_categories_combined,963,1,Old Jamaica Grape Soda 330Ml,OLD JAMAICA GRAPE SODA,Pack size : 330ml,Average Nutritional Value As Per 100ml,PER_100ML,51,,0,12.4,12.4,0,,,0,0.01,0.025,,Grape Soda,Liquid,Grape,,,salt_derived_from_sodium
all_categories_combined,2461|2468,2,Olivia Extra Virgin Olive Oil 750ml,OLIVIA EXTRA VIRGIN OLIVE OIL,Pack size : 750ml,Average Nutritional Value As Per 100g,PER_100G,900,3765.6,,,,100,,,,,,,Olive Oil,Liquid,Food,,,missing_sodium|missing_sugar
all_categories_combined,2225,1,Onga Garlic Onion And Ginger Mchuzi Mix 200g,ONGA GARLIC ONION AND GINGER MCHUZI MIX,Pack size : 200g,Average Nutritional Value As Per 100g,PER_100G,139,583,1.2,19.5,16.4,5.5,,,,,,,Mchuzi Mix,Powder,Food,"Garlic Onion, Ginger",,missing_sodium
all_categories_combined,2223,1,Onga Mchuzi Chicken Jar 200G,ONGA MCHUZI CHICKEN JAR,Pack size : 200g,Average Nutritional Value As Per 100g,PER_100G,278,1165,,64,0.5,2.9,,,1.5,1.19,2.975,,Mchuzi Mix,Powder,Food,,,salt_derived_from_sodium
all_categories_combined,2229,1,Onga Mchuzi Mix Beef Seasoning 200g,ONGA MCHUZI MIX BEEF SEASONING,Pack size : 200g,Average Nutritional Value As Per 100g,PER_100G,278,1165,,64,0.5,2.9,,,1.5,1.19,2.975,,Beef Seasoning,Powder,Food,,,salt_derived_from_sodium
all_categories_combined,315,1,Opies Stem Ginger Syrup 280G,OPIES STEM GINGER SYRUP,Pack size : 280g,Average Nutritional Value Per 100g,PER_100G,285,1212,0,71,64,0.5,,,,0.012,0.03,,,,,,,sodium_derived_from_salt
all_categories_combined,4622,1,Orange Juice Local 1L,ORANGE JUICE LOCAL,Pack size : 1liter,Average Nutritional Value As Per 100ml,PER_100ML,45,188,0.7,10.4,8.4,0.2,,,0.2,0.001,0.0025,,Orange Juice,Liquid,Beverage,Orange,,salt_derived_from_sodium
all_categories_combined,3449,1,Orchid Valley Apple Juice 1L,ORCHID VALLEY APPLE JUICE,Pack size : 1L,Average Nutritional Value As Per 100g,PER_100G,47,197,0.1,11,,0.1,,,0.2,0.004,0.01,,Juice,Liquid,Beverage,Apple,,missing_sugar|salt_derived_from_sodium
all_categories_combined,3451|3454,2,Orchid Valley Delight Apple Juice 1L,ORCHID VALLEY DELIGHT APPLE JUICE,Pack size : 1L,Average Nutritional Value As Per 100g,PER_100G,47,197,0.1,11,,0.1,,,0.2,0.004,0.01,,Juice,Liquid,Beverage,Apple,,missing_sugar|salt_derived_from_sodium
all_categories_combined,3422,1,ORCHID VALLEY DELIGHT MANGO 1L,ORCHID VALLEY DELIGHT MANGO,Pack size : 1L,Average Nutritional Value As Per 64g,PER_64G_SCALED,218.75,915.25,,54.6875,54.6875,,,,,0.0234375,0.0585938,,Juice,Liquid,Beverage,Mango,,missing_total_fat|salt_derived_from_sodium
all_categories_combined,3470,1,Orchid Valley Delight Mango Juice 250Ml,ORCHID VALLEY DELIGHT MANGO JUICE,Pack size : 250ml,Average Nutritional Value As Per 64g,PER_64G_SCALED,218.75,915.25,,54.6875,54.6875,,,,,0.0234375,0.0585938,,Juice,Liquid,Beverage,Mango,,missing_total_fat|salt_derived_from_sodium
all_categories_combined,69,1,Oreo Chocolate Creme Flavoured Biscuits 128G,OREO CHOCOLATE CREME FLAVOURED BISCUITS,Pack size : 128g,Average Nutritional Value As Per 100g,PER_100G,586,2454,5,69,40.6,19.8,,,1.5,0.555,1.3875,,Biscuits,Solid,Food,Chocolate,,salt_derived_from_sodium
all_categories_combined,3915,1,Oreo Dark And White Chocolate Sandwich Cookies 123.5g,OREO DARK AND WHITE CHOCOLATE SANDWICH COOKIES,Pack size : 123.5g,Average Nutritional Value As Per 100g,PER_100G,140,585.76,1,21,11,6,,,1,0.15,0.375,,Cookies,Solid,Food,"Dark, White Chocolate.",,salt_derived_from_sodium
all_categories_combined,3799,1,Oreo Golden Biscuits 128G,OREO GOLDEN BISCUITS,Pack size : 128g,Average Nutritional Value As Per 100g,PER_100G,483,2020,5.3,71.4,37.9,19.7,,,,0.42,1.05,,Biscuits,Solid,Food,,,salt_derived_from_sodium
all_categories_combined,33|34|3796,3,Oreo Original Biscuits 128g,OREO ORIGINAL BISCUITS,Pack size : 128g,Average Nutritional Value As Per 100g,PER_100G,483,2020,5.3,71.4,37.9,19.7,,,,0.42,1.05,,Biscuits,Solid,Food,,,salt_derived_from_sodium
all_categories_combined,46,1,Oreo Original Chocolate Cream Biscuit 38g,OREO ORIGINAL CHOCOLATE CREAM BISCUIT,Pack size : 38g,Average Nutritional Value As Per 100g,PER_100G,478,2009,5.4,67,40,19,,,2.9,0.55,1.375,,Biscuit,Solid,Food,Cocoa,,salt_derived_from_sodium
all_categories_combined,3180,1,Orion Double Chocolate-Pie 360G,ORION DOUBLE CHOCOLATE PIE,Pack size : 360g,Nutrition information per 100g,PER_100G,130,543.9,,,11,6,,,,,,,,,,,,missing_sodium
all_categories_combined,1899,1,Orley's Basil Leaves 20g,ORLEY S BASIL LEAVES,Pack size : 20g,Average Nutritional Value As Per 100g,PER_100G,319.55,1337,22.98,47.75,1.71,4.07,,,14.85,0.076,0.19,,Basil Leaves,Solid,Food,,,salt_derived_from_sodium
all_categories_combined,1871,1,Orley's Bay Leaves 20g,ORLEY S BAY LEAVES,Pack size : 20g,Average Nutritional Value As Per 100g,PER_100G,313,1309.59,7.6,75,0.4,8.4,,,26,0.023,0.0575,,Bay Leaves,Solid,Food,,,salt_derived_from_sodium
all_categories_combined,2261,1,Orley's Ground Cayenne Pepper 50g,ORLEY S GROUND CAYENNE PEPPER,Pack size : 50g,Average Nutritional Value As Per 5.3g,PER_5.3G_SCALED,113.208,473.66,,56.6038,,,,,18.8679,0.0377358,0.0943396,,Ground Cayenne Pepper,Powder,Food,,,missing_sugar|missing_total_fat|salt_derived_from_sodium
all_categories_combined,1824|1932,2,Orley's Ground Citric Acid 100g,ORLEY S GROUND CITRIC ACID,Pack size : 100g,Average Nutritional Value As Per 1g,PER_1G_SCALED,0,0,,,,,,,,0.01,0.025,,Ground Citric Acid,Powder,Food,,,missing_sugar|missing_total_fat|salt_derived_from_sodium
all_categories_combined,2112,1,Orley's Ground Fish Masala 50g,ORLEY S GROUND FISH MASALA,Pack size : 50g,Average Nutritional Value As Per 100g,PER_100G,385.7,1627.1,16.5,58.1,,9.7,,,,1.4166,3.5415,,Fish Masala,Powder,Food,,,missing_sugar|salt_derived_from_sodium
all_categories_combined,2083,1,Orley's Ground Garam Masala 50g,ORLEY S GROUND GARAM MASALA,Pack size : 50g,Average Nutritional Value As Per 5g,PER_5G_SCALED,400,1673.6,20,80,,20,,,,0.92,2.3,,Garam Masala,Powder,Food,,,missing_sugar|salt_derived_from_sodium
all_categories_combined,1868,1,Orley's Ground Ginger 50g,ORLEY S GROUND GINGER,Pack size : 50g,Average Nutritional Value As Per 100g,PER_100G,238,995.792,3,22,,2,,,,,,,Ground Ginger,Powder,Food,,,missing_sodium|missing_sugar
all_categories_combined,2251,1,Orley's Ground White Pepper 50g,ORLEY S GROUND WHITE PEPPER,Pack size : 50g,Average Nutritional Value As Per 100g,PER_100G,20,83.68,7,4,0,1,,,0,0,0,,Ground White Pepper,Powder,Food,,,salt_derived_from_sodium
all_categories_combined,1947,1,Orley's Herbs Mint Leaves Spices 20g,ORLEY S HERBS MINT LEAVES SPICES,Pack size : 20g,Average Nutritional Value As Per 100g,PER_100G,70,292.88,3,14,,,,,8,0.031,0.0775,,Mint Leaves Spices,Powder,Food,,,missing_sugar|missing_total_fat|salt_derived_from_sodium
all_categories_combined,1822,1,Orley's Oregano Leaves 20g,ORLEY S OREGANO LEAVES,Pack size : 20g,Average Nutritional Value As Per 100g,PER_100G,355,1485.32,6.7,77,,2.2,,,,,,,Oregano Leaves,Solid,Food,,,missing_sodium|missing_sugar
all_categories_combined,1916,1,Orley's Parsley Leaves 20g,ORLEY S PARSLEY LEAVES,Pack size : 20g,Average Nutritional Value As Per 100g,PER_100G,292,1221.73,27,51,7.3,5.5,,,27,,,,Parsley Leaves,Solid,Food,,,missing_sodium
all_categories_combined,2104,1,Orley's Pure Ground Beef Masala 100g,ORLEY S PURE GROUND BEEF MASALA,Pack size : 100g,Average Nutritional Value As Per 100g,PER_100G,45,188.2,3,13,2,0.9,,,,0.028,0.07,,Beef Masala,Powder,Food,,,salt_derived_from_sodium
all_categories_combined,1856,1,Orley's Pure Ground Cinnamon 50g,ORLEY S PURE GROUND CINNAMON,Pack size : 50g,Average Nutritional Value As Per 100g,PER_100G,247,1033.45,4,81,2.2,1.2,,,53,0.01,0.025,,Ground Cinnamon,Powder,Food,,,salt_derived_from_sodium
all_categories_combined,1912,1,Orley's Pure Ground Cinnamon Spices 100g,ORLEY S PURE GROUND CINNAMON SPICES,Pack size : 100g,Average Nutritional Value As Per 100g,PER_100G,16,66.944,0,5,0,0,,,3,0,0,,Spices,Powder,Food,Cinnamon,,salt_derived_from_sodium
all_categories_combined,1928,1,Orley's Pure Ground Coriander 50g,ORLEY S PURE GROUND CORIANDER,Pack size : 50g,Average Nutritional Value As Per 100g,PER_100G,23,96.232,2.13,3.67,0.87,0.52,,,2.8,0.046,0.115,,Ground Coriander,Powder,Food,,,salt_derived_from_sodium
all_categories_combined,2114,1,Orley's Pure Ground Dhana Jeera Powder 50g,ORLEY S PURE GROUND DHANA JEERA POWDER,Pack size : 50g,Average Nutritional Value As Per 10g,PER_10G_SCALED,80,334.7,15,20,,9,,,,0.091,0.2275,,Dhana Jeera Powder,Powder,Food,,,missing_sugar|salt_derived_from_sodium
all_categories_combined,1918,1,Orley's Pure Ground Garlic Powder 100g,ORLEY S PURE GROUND GARLIC POWDER,Pack size : 100g,Average Nutritional Value As Per 100g,PER_100G,361,1510.42,17.94,70.35,,0.84,,,,,,,Garlic Powder,Powder,Food,,,missing_sodium|missing_sugar
all_categories_combined,2102,1,Orley's Pure Ground Mixed Spices 100g,ORLEY S PURE GROUND MIXED SPICES,Pack size : 100g,Average Nutritional Value As Per 100g,PER_100G,298,1246.8,9.97,50.53,5.03,6.31,,,,,,,Mixed Spices,Powder,Food,,,missing_sodium
all_categories_combined,1901,1,Orley's Pure Ground Mustard 100g,ORLEY S PURE GROUND MUSTARD,Pack size : 100g,Average Nutritional Value As Per 100g,PER_100G,597.34,2499.27,19.26,15.1,,51.1,,,5.1,0.005,0.0125,,Ground Mustard,Powder,Food,,,missing_sugar|salt_derived_from_sodium
all_categories_combined,2003,1,Orley's Pure Ground Spanish Paprika 50g,ORLEY S PURE GROUND SPANISH PAPRIKA,Pack size : 50g,Average Nutritional Value As Per 100g,PER_100G,330,1380.72,14,32,9,15,,,,0.038,0.095,,Ground Spanish Paprika,Powder,Food,,,salt_derived_from_sodium
all_categories_combined,2026,1,Orley's Pure Ground Turmeric 50g,ORLEY S PURE GROUND TURMERIC,Pack size : 50g,Average Nutritional Value As Per 100g,PER_100G,385,1610.84,12.1,68.6,,6.9,,,,,,,Ground Turmeric,Powder,Food,,,missing_sodium|missing_sugar
all_categories_combined,1829,1,Orley's Pure Mixed Herbs 100g,ORLEY S PURE MIXED HERBS,Pack size : 100g,Average Nutritional Value As Per 100g,PER_100G,290,1213.36,11.1,55.3,,2.8,,,,,,,Mixed Herbs,Solid,Food,,,missing_sodium|missing_sugar
all_categories_combined,1938,1,Orley's Sage Leaves 20g,ORLEY S SAGE LEAVES,Pack size : 20g,Average Nutritional Value As Per 100g,PER_100G,315,1317.96,11,61,1.7,13,,,40,,,,Sage Leaves,Solid,Food,,,missing_sodium
all_categories_combined,2033,1,Orley's Spice Ground Chillies 100g,ORLEY S SPICE GROUND CHILLIES,Pack size : 100g,Average Nutritional Value As Per 2.4g,PER_2.4G_SCALED,316.667,154.167,16.6667,54.1667,8.33333,,,,37.5,3.20833,8.02083,,Chillies,Powder,Food,,,missing_total_fat|salt_derived_from_sodium
all_categories_combined,2094,1,Orley's Spice Mix Ground Tea Masala 50g,ORLEY S SPICE MIX GROUND TEA MASALA,Pack size : 50g,Average Nutritional Value As Per 100g,PER_100G,7,29.288,0.6,1,,0.5,,,,0.029,0.0725,,Tea Masala,Powder,Food,,,missing_sugar|salt_derived_from_sodium
all_categories_combined,1890,1,Orley's Spice Onion Powder 100g,ORLEY S SPICE ONION POWDER,Pack size : 100g,Average Nutritional Value As Per 100g,PER_100G,15,62.76,,4,,,,,,0.13,0.325,,Onion Powder,Powder,Food,,,missing_sugar|missing_total_fat|salt_derived_from_sodium
all_categories_combined,1806,1,Orley's Spice Pure Ground Tandoori Masala 100g,ORLEY S SPICE PURE GROUND TANDOORI MASALA,Pack size : 100g,Average Nutritional Value As Per 100g,PER_100G,238,995.792,1,43,,10,,,,0.048,0.12,,Tandoori Masala,Powder,Food,,,missing_sugar|salt_derived_from_sodium
all_categories_combined,1920,1,Orley's Spice Salad Seasoning 100g,ORLEY S SPICE SALAD SEASONING,Pack size : 100g,Average Nutritional Value As Per 100g,PER_100G,290,1213.36,11.1,55.3,,2.8,,,,0.4,1,,Salad Seasoning,Powder,Food,,,missing_sugar|salt_derived_from_sodium
all_categories_combined,1840,1,Orley's Thyme Leaves 20g,ORLEY S THYME LEAVES,Pack size : 20g,Average Nutritional Value As Per 100g,PER_100G,276,1154.78,9.11,64,1.7,7.4,,,37,,,,Thyme,Solid,Food,,,missing_sodium
all_categories_combined,1976,1,Orley's Whole Cumin Seed 100g,ORLEY S WHOLE CUMIN SEED,Pack size : 100g,Average Nutritional Value As Per 100g,PER_100G,425,1778.2,17,33,2,22,,,10,0.168,0.42,,Cumin Seed,Solid,Food,,,salt_derived_from_sodium
all_categories_combined,2090,1,Orleys Pure Ground Pilau Masala 100g,ORLEYS PURE GROUND PILAU MASALA,Pack size : 100g,Average Nutritional Value As Per 100g,PER_100G,185,774.04,0,0,0,0,,,0,0,0,,Ground Pilau Masala,Powder,Food,,,
all_categories_combined,3474,1,Osterberg Aloe Vera Drink 500Ml,OSTERBERG ALOE VERA DRINK,Pack size : 500ml,Average Nutritional Value As Per 100ml,PER_100ML,54,2259,1.4,18,20,0.1,,,,0.056,0.14,,Aloe Vera Drink,Liquid,Beverage,Aloe Vera,,salt_derived_from_sodium
all_categories_combined,3547,1,Osterberg Blueberry Lime And Chia Seed Fruit Drink 500Ml,OSTERBERG BLUEBERRY LIME AND CHIA SEED FRUIT DRINK,Pack size : 500ml,Average Nutritional Value As Per 100ml,PER_100ML,90,376.56,1,20,14,,,,3,,,,Drink,Liquid,Beverage,"Blueberry, Lime And Chia Seed",,missing_sodium|missing_total_fat
all_categories_combined,3507,1,Osterberg Tropical Aloe Vera 500Ml,OSTERBERG TROPICAL ALOE VERA,Pack size : 500ml,Average Nutritional Value As Per 250ml,PER_250ML_SCALED,48,200.832,0.08,12,11.6,0,,,,0.004,0.01,,Aloe Vera Drink,Liquid,Beverage,,,salt_derived_from_sodium
all_categories_combined,3510,1,Osterg Apple Grape And Strawberry With Aloe Vera Blend Fruit Drink 500Ml,OSTERG APPLE GRAPE AND STRAWBERRY WITH ALOE VERA BLEND FRUIT DRINK,Pack size : 500ml,Average Nutritional Value As Per 100ml,PER_100ML,47,199,0.1,12,12,0.05,,,,0.0041,0.01025,,Fruit Drink,Liquid,Beverage,"Apple, Grape, Strawberry",,salt_derived_from_sodium
all_categories_combined,1558|1600,2,Out Of Africa 100% Arabica Espresso Ground Coffee 250g,OUT OF AFRICA 100 ARABICA ESPRESSO GROUND COFFEE,Pack size : 250g,Average Nutritional Value As Per 100g,PER_100G,2,8.36,0.5,0.1,0.1,0.1,,,0.7,1e-05,2.5e-05,,Ground Coffee,Powder,Food,,,salt_derived_from_sodium
all_categories_combined,1580|1592,2,Out Of Africa 100% Arabica Medium Roast Ground Coffee 250g,OUT OF AFRICA 100 ARABICA MEDIUM ROAST GROUND COFFEE,Pack size : 250g,Average Nutritional Value As Per 100g,PER_100G,284,1188.26,10.4,25.9,,15.4,,,19.8,0.074,0.185,,Ground Coffee,Powder,Food,,,missing_sugar|salt_derived_from_sodium
all_categories_combined,4348|4356,2,Out Of Africa Cholesterol Free Dry Roasted And Salted Cashew Nuts 150g,OUT OF AFRICA CHOLESTEROL FREE DRY ROASTED AND SALTED CASHEW NUTS,Pack size : 150g,Average Nutritional Value As Per 100g,PER_100G,621,2566,17,30,4.9,48,,,3.2,0.26,0.65,,Salted Cashew Nuts,Solid,Food,Salted,,salt_derived_from_sodium
all_categories_combined,4345|4353,2,Out Of Africa Cholesterol Free Honey Coated Cashew Nuts 150g,OUT OF AFRICA CHOLESTEROL FREE HONEY COATED CASHEW NUTS,Pack size : 150g,Average Nutritional Value As Per 100g,PER_100G,621,2566,17,30,4.9,48,,,3.2,0.26,0.65,,Cashew Nuts,Solid,Food,Honey,,salt_derived_from_sodium
all_categories_combined,3312|3323|3329,3,Out Of Africa Cholesterol Free Honey Coated Macadamia Nuts 50g,OUT OF AFRICA CHOLESTEROL FREE HONEY COATED MACADAMIA NUTS,Pack size : 50g,Average Nutritional Value As Per 100g,PER_100G,761,3186,7.2,12.7,4.6,75.7,,,,,,,Macadamia Nuts,Solid,Food,Honey,,missing_sodium
all_categories_combined,1636|1639,2,Out of Africa Dark Coffee Beans 500g,OUT OF AFRICA DARK COFFEE BEANS,Pack size : 500g,Average Nutritional Value As Per 100g,PER_100G,2.4,10.0416,0.3,0,0,0.1,,,0,0.0047,0.01175,,Coffee Beans,Solid,Food,,,salt_derived_from_sodium
all_categories_combined,3311|3324,2,Out Of Africa Dry Roasted And Salted Macadamia Nuts 50g,OUT OF AFRICA DRY ROASTED AND SALTED MACADAMIA NUTS,Pack size : 50g,Average Nutritional Value As Per 100g,PER_100G,761,3186,7.2,12.7,4.6,75.7,,,,0.24,0.6,,Macadamia Nuts,Solid,Food,Salted,,sodium_derived_from_salt
all_categories_combined,4327|4329,2,Out Of Africa Honey Coated Cashew Nuts 50g,OUT OF AFRICA HONEY COATED CASHEW NUTS,Pack size : 50g,Average Nutritional Value As Per 100g,PER_100G,621,2566,17,30,4.9,48,,,3.2,0.26,0.65,,Cashew Nuts,Solid,Food,Honey,,salt_derived_from_sodium
all_categories_combined,2936|2952|2957,3,Out of Africa Honey Coated Mixed Nuts 50g,OUT OF AFRICA HONEY COATED MIXED NUTS,Pack size : 50g,Average Nutritional Value As Per 100g,PER_100G,578,2418.35,15,33,20,47,,,5.9,0.388,0.97,,Mixed Nuts,Solid,Food,Honey,,salt_derived_from_sodium
all_categories_combined,1648|1651,2,Out of Africa Medium Coffee Beans 500g,OUT OF AFRICA MEDIUM COFFEE BEANS,Pack size : 500g,Average Nutritional Value As Per 100g,PER_100G,2.4,10.0416,0.3,0,0,0.1,,,0,0.0047,0.01175,,Coffee Beans,Solid,Food,,,salt_derived_from_sodium
all_categories_combined,2937|2951|2959,3,Out of Africa Mixed Nuts 50g,OUT OF AFRICA MIXED NUTS,Pack size : 50g,Average Nutritional Value As Per 100g,PER_100G,597,2497.85,24,19,4,52,,,8,0.321,0.8025,,Mixed Nuts,Solid,Food,,,salt_derived_from_sodium
all_categories_combined,1563,1,Out of Africa Mt. Elgon Medium Roast Ground Coffee 500g,OUT OF AFRICA MT ELGON MEDIUM ROAST GROUND COFFEE,Pack size : 500g,Average Nutritional Value As Per 100g,PER_100G,284,1188.26,10.4,25.9,0,15.4,,,19.8,0.074,0.185,,Coffee,Solid,Food,,,salt_derived_from_sodium
all_categories_combined,1593,1,Out of Africa Mt. Kenya Medium Roast Ground Coffee 500g,OUT OF AFRICA MT KENYA MEDIUM ROAST GROUND COFFEE,Pack size : 500g,Average Nutritional Value As Per 100g,PER_100G,284,1188.26,10.4,25.9,0,15.4,,,19.8,0.074,0.185,,Coffee,Solid,Food,,,salt_derived_from_sodium
all_categories_combined,3627,1,P&A CEREAL CORNFLAKES VALUEPACK 1KG,P A CEREAL CORNFLAKES VALUEPACK,Pack size : 1kg,Average Nutritional Value As Per 100g,PER_100G,378,1604,7,84,8,0.9,,,3,,,,Corn Flakes,Solid,Food,,,missing_sodium
all_categories_combined,430,1,Pacho All Purpose Home Baking Flour 2Kg,PACHO ALL PURPOSE HOME BAKING FLOUR,Pack size : 2Kg,Average Nutritional Value As Per 100g,PER_100G,292,1221,13,53,0,4,,,0,0,0,,Flour,Powder,Food,,,salt_derived_from_sodium
all_categories_combined,1895,1,Paldo Fun And Yum Hot And Spicy Ramen Jumbo Bowl Noodle 110g,PALDO FUN AND YUM HOT AND SPICY RAMEN JUMBO BOWL NOODLE,Pack size : 110g,Average Nutritional Value As Per 55g,PER_55G_SCALED,445.455,1863.78,9.09091,60,3.63636,18.1818,,,3.63636,1.77091,4.42727,,Noodle,Solid,Food,,,salt_derived_from_sodium
all_categories_combined,4642,1,Paldo Pororo Apple Drink 235Ml,PALDO PORORO APPLE DRINK,Pack size : 235ml,Average Nutritional Value As Per 235ml,PER_235ML_SCALED,19.5745,81.8996,,13.1915,12.3404,,,,,0.0148936,0.037234,,Apple Drink,Liquid,Beverage,Apple,,missing_total_fat|salt_derived_from_sodium
all_categories_combined,4639,1,Paldo Pororo Blueberry Drink 235Ml,PALDO PORORO BLUEBERRY DRINK,Pack size : 235ml,Average Nutritional Value As Per 100g,PER_100G,60,251.04,0,15,14,0,,,0,0,0,,Drink,Liquid,Beverage,Blueberry,,salt_derived_from_sodium
all_categories_combined,4645,1,Paldo Pororo Milk Fruit Juice Drink 235Ml,PALDO PORORO MILK FRUIT JUICE DRINK,Pack size : 235ml,Average Nutritional Value As Per 100g,PER_100G,21,86,0.7,4.5,3.6,0.04,,,0.4,,,,Juice Drink,Liquid,Beverage,Milk,,missing_sodium
all_categories_combined,4644,1,Paldo Pororo Strawberry Drink 235Ml,PALDO PORORO STRAWBERRY DRINK,Pack size : 235ml,Average Nutritional Value As Per 100ml,PER_100ML,100,418.4,1,22,19,0.5,,,,0.14,0.35,,Strawberry Drink,Liquid,Beverage,Strawberry,,salt_derived_from_sodium
all_categories_combined,4643,1,Paldo Pororo Tropica Drink 235Ml,PALDO PORORO TROPICA DRINK,Pack size : 235ml,Average Nutritional Value As Per 235ml,PER_235ML_SCALED,34.4681,144.214,0.340426,7.23404,7.23404,0.12766,,,0.255319,0.0170213,0.0425532,,Tropical Drink,Liquid,Beverage,,,salt_derived_from_sodium
all_categories_combined,4028|4050,2,Papillion Jellino 150Gm,PAPILLION JELLINO,Pack size : 150g,Average Nutritional Value As Per 100g,PER_100G,341,1428,6.3,78.35,78,0.3,,,0,0.0084,0.021,,Candy,Solid,Food,Fruit,,sodium_derived_from_salt
all_categories_combined,4479,1,Papillon Mixed Nuts Halva 350g,PAPILLON MIXED NUTS HALVA,Pack size : 350g,Average Nutritional Value As Per 100g,PER_100G,529,2216,10.53,50.3,46.86,30.66,,,,,,,Halva,Solid,Food,Mixed Nuts,,missing_sodium
all_categories_combined,2523,1,Parachute Coconut Oil 200ml,PARACHUTE COCONUT OIL,Pack size : 200ml,Average Nutritional Value As Per 100ml,PER_100ML,900,3765.6,,,,100,,,,,,,Coconut Oil,Liquid,Food,,,missing_sodium|missing_sugar
all_categories_combined,3743,1,Parle-G Original Glucose Biscuits 72.25g,PARLE G ORIGINAL GLUCOSE BISCUITS,Pack size : 72.25g,Average Nutritional Value As Per 100g,PER_100G,453,1895.35,7,77.3,,12.9,,,,,,,Biscuits,Solid,Food,,,missing_sodium|missing_sugar
all_categories_combined,3778,1,Parle Hide & Seek Black Bourbon Vanilla Sandwich Biscuits 100g,PARLE HIDE SEEK BLACK BOURBON VANILLA SANDWICH BISCUITS,Pack size : 100g,Average Nutritional Value As Per 100g,PER_100G,474,1983.21,4.6,75.6,45,17,,,,,,,Biscuits,Solid,Food,Vanilla,,missing_sodium
all_categories_combined,3768,1,Parle Hide & Seek Bourbon Cream Sandwich Biscuits 70g,PARLE HIDE SEEK BOURBON CREAM SANDWICH BISCUITS,Pack size : 70g,Average Nutritional Value As Per 100g,PER_100G,469,1962.29,5.2,76.1,41.3,15.9,,,,0.106,0.265,,Biscuits,Solid,Food,Cocoa,,salt_derived_from_sodium
all_categories_combined,93,1,Parle Hide & Seek Fab Orange Choco Chip Sandwich Cookies 112g,PARLE HIDE SEEK FAB ORANGE CHOCO CHIP SANDWICH COOKIES,Pack size : 112g,Average Nutritional Value As Per 100g,PER_100G,499,2087,4,70,39,22,,,,,,,Cookies,Solid,Food,"Orange, Cocoa",,missing_sodium
all_categories_combined,94,1,Parle Hide & Seek Fab Strawberry Choco Chip Sandwich Cookies 112g,PARLE HIDE SEEK FAB STRAWBERRY CHOCO CHIP SANDWICH COOKIES,Pack size : 112g,Average Nutritional Value As Per 100g,PER_100G,499,2087,4,30,39,22,,,,,,,Cookies,Solid,Food,"Strawberry, Cocoa",,missing_sodium
all_categories_combined,3769,1,Parle Krackjack Biscuits 60g,PARLE KRACKJACK BISCUITS,Pack size : 60g,Average Nutritional Value As Per 100g,PER_100G,496,2075.26,6.6,69.2,18.5,21.4,,,,,,,Biscuits,Solid,Food,,,missing_sodium
all_categories_combined,3741,1,Parle Milk Power Biscuits 72.25g,PARLE MILK POWER BISCUITS,Pack size : 72.25g,Average Nutritional Value As Per 100g,PER_100G,456,1907.9,7,77,0,14,,,,,,,Biscuits,Solid,Food,,,missing_sodium
all_categories_combined,3771,1,PARLE MONACO CLASSIC BISCUITS 63.3G,PARLE MONACO CLASSIC BISCUITS,Pack size : 63.3g,Average Nutritional Value As Per 100g,PER_100G,495,2071.08,7.7,68.2,7.7,21,,,,,,,Biscuits,Solid,Food,,,missing_sodium
all_categories_combined,62,1,Parle Nice Biscuits 195. 5g,PARLE NICE BISCUITS 195,Pack size : 195.5g,Average Nutritional Value As Per 100g,PER_100G,480,2008.32,6.5,72.5,24.9,18.2,,,,,,,Biscuits,Solid,Food,,,missing_sodium
all_categories_combined,3740|3808,2,Parle Nice Coconut Biscuits 72.25g,PARLE NICE COCONUT BISCUITS,Pack size : 72.25g,Average Nutritional Value As Per 100g,PER_100G,473,1979.03,7.5,72.8,,16.9,,,,,,,Biscuits,Solid,Food,Coconut,,missing_sodium|missing_sugar
all_categories_combined,3800,1,Parle Sweet And Salty Krack Jack Biscuits 240g,PARLE SWEET AND SALTY KRACK JACK BISCUITS,Pack size : 240g,Average Nutritional Value As Per 100g,PER_100G,489,2045,6.8,70.5,19.6,19.9,,,,0.371,0.9275,,Biscuit,Solid,Food,,,salt_derived_from_sodium
all_categories_combined,719,1,Pasta Zara 11 Linguine Pasta 500g,PASTA ZARA 11 LINGUINE PASTA,Pack size : 500g,Average Nutritional Value As Per 100g,PER_100G,351,1468.58,14,69,3,1,,,,,,,Pasta,Solid,Food,,,missing_sodium
all_categories_combined,627,1,Pasta Zara 112 Lasagne Gialle 500g,PASTA ZARA 112 LASAGNE GIALLE,Pack size : 500g,Average Nutritional Value As Per 100g,PER_100G,350,1464.4,12,71,3,1,,,3,,,,Lasagne Gialle,Solid,Food,,,missing_sodium
all_categories_combined,737,1,Pasta Zara 3 Spaghetti 500g,PASTA ZARA 3 SPAGHETTI,Pack size : 500g,Average Nutritional Value As Per 100g,PER_100G,351,1468.58,14,69,3.4,1.5,,,2.9,,,,Spaghetti,Solid,Food,,,missing_sodium
all_categories_combined,793,1,Pasta Zara 49 Penne Rigate Pasta 500g,PASTA ZARA 49 PENNE RIGATE PASTA,Pack size : 500g,Average Nutritional Value As Per 100g,PER_100G,350,1464.4,12,73,,1,,,,,,,Pasta,Solid,Food,,,missing_sodium|missing_sugar
all_categories_combined,826,1,Pasta Zara 50 Pennoni Rigati Pasta 500g,PASTA ZARA 50 PENNONI RIGATI PASTA,Pack size : 500g,Average Nutritional Value As Per 100g,PER_100G,350,1464.4,12,73,,1,,,,,,,Pasta,Solid,Food,,,missing_sodium|missing_sugar
all_categories_combined,839,1,Pasta Zara 53 Lumaconi Rigati Pasta 500g,PASTA ZARA 53 LUMACONI RIGATI PASTA,Pack size : 500g,Average Nutritional Value As Per 100g,PER_100G,358,1497.87,13,71,,1,,,,,,,Pasta,Solid,Food,,,missing_sodium|missing_sugar
all_categories_combined,738,1,Pasta Zara 57 Spirali Pasta 500g,PASTA ZARA 57 SPIRALI PASTA,Pack size : 500g,Average Nutritional Value As Per 100g,PER_100G,350,1464.4,12,72,1,1,,,3,,,,Pasta,Solid,Food,,,missing_sodium
all_categories_combined,822,1,Pasta Zara Chiffer Rigati Pasta 500g,PASTA ZARA CHIFFER RIGATI PASTA,Pack size : 500g,Average Nutritional Value As Per 100g,PER_100G,350,146,12,71,,1.2,,,,0.0037,0.00925,,Pasta,Solid,,,,missing_sugar|salt_derived_from_sodium
all_categories_combined,778,1,Pasta Zara Farfalle No. 31 Macaroni 500g,PASTA ZARA FARFALLE NO 31 MACARONI,Pack size : 500g,Average Nutritional Value As Per 100g,PER_100G,350,1464.4,35,27,,1.2,,,,1.28,3.2,,Farfalle Macaroni,Solid,Food,,,missing_sugar|sodium_derived_from_salt
all_categories_combined,795,1,Pasta Zara Gnocchi Pasta 500g,PASTA ZARA GNOCCHI PASTA,Pack size : 500g,Average Nutritional Value As Per 100g,PER_100G,280,1186,80,57,,0.9,,,2.8,,,,Pasta,Solid,,,,missing_sodium|missing_sugar
all_categories_combined,904,1,Pasta Zara Macroni Pasta 500g,PASTA ZARA MACRONI PASTA,Pack size : 500g,Average Nutritional Value As Per 100g,PER_100G,358,149,10.5,76.6,,1,,,,0.006,0.015,,Pasta,Solid,,,,missing_sugar|salt_derived_from_sodium
all_categories_combined,934,1,Pasta Zara No. 46 Penne Rigate Pasta 500g,PASTA ZARA NO 46 PENNE RIGATE PASTA,Pack size : 500g,Average Nutritional Value As Per 100g,PER_100G,350,1464.4,12,71,,1,,,,,,,Rigate Pasta,Solid,Food,,,missing_sodium|missing_sugar
all_categories_combined,717,1,Pasta Zara Rigatoni No. 43 Macaroni 500g,PASTA ZARA RIGATONI NO 43 MACARONI,Pack size : 500g,Average Nutritional Value As Per 100g,PER_100G,200,836.8,7,42,,1,,,,,,,Rigatoni Macaroni,Solid,Food,,,missing_sodium|missing_sugar
all_categories_combined,775,1,Pasta Zara Spiral Piccole Pasta 500g,PASTA ZARA SPIRAL PICCOLE PASTA,Pack size : 500g,Average Nutritional Value As Per 100g,PER_100G,198,828,23,62,,2.5,,,,0.0031,0.00775,,Pasta,Solid,,,,missing_sugar|salt_derived_from_sodium
all_categories_combined,885,1,Pasta Zara Tagliatelle All Uovo Pasta 500g,PASTA ZARA TAGLIATELLE ALL UOVO PASTA,Pack size : 500g,Average Nutritional Value As Per 100g,PER_100G,249,104,1,34,,2.3,,,,0.019,0.0475,,Pasta,Solid,,,,missing_sugar|salt_derived_from_sodium
all_categories_combined,2625,1,Pataks Batli Curry Sauce 450G,PATAKS BATLI CURRY SAUCE,Pack size : 450g,Average Nutritional Value Per 100g,PER_100G,63,265,1,7.4,4,3,,,,,,,,,Curry Paste,,• Free From Artificial Colours • Free From Artificial Flavours • Free From Artificial Preservatives,missing_sodium
all_categories_combined,2639,1,Pataks Jalfrezi Curry Sauce 450G,PATAKS JALFREZI CURRY SAUCE,Pack size : 450g,Average Nutritional Value Per 100g,PER_100G,60,66,1,8,4.9,2.9,,,1,,,,Jalfrezi Sauce,Paste,Curry Paste,,• Free From Artificial Colours • Free From Artificial Flavours • Free From Artificial Preservatives,missing_sodium
all_categories_combined,2633,1,Pataks Vindaloo Curry Sauce 450G,PATAKS VINDALOO CURRY SAUCE,Pack size : 450g,Average Nutritional Value Per 100g,PER_100G,70,292,1.3,7.1,3.7,3.4,,,,0.282,0.705,,Vindaloo Curry Sauce,Paste,Curry Paste,,• Free From Artificial Colours • Free From Artificial Flavours • Free From Artificial Preservatives,salt_derived_from_sodium
all_categories_combined,4469,1,Paw Patrol Twist Pop Candy 15g,PAW PATROL TWIST POP CANDY,Pack size : 15g,Average Nutritional Value As Per 100g,PER_100G,375,1569,0,92,75,0,,,0,0.083,0.2075,,Candy,Solid,Food,,,salt_derived_from_sodium
all_categories_combined,559|570|617,3,Pearl Pishori fortified rice 5Kg,PEARL PISHORI FORTIFIED RICE,Pack size : 5kg,Average Nutritional Value As Per 100g,PER_100G,351,1491,7.8,77.7,0.5,0.8,,,1,,,,Pishori Rice,Solid,Food,,,missing_sodium
all_categories_combined,574|626,2,Pearl Super Basmati fortified Rice 2Kg,PEARL SUPER BASMATI FORTIFIED RICE,Pack size : 2kg,Average Nutritional Value As Per 100g,PER_100G,350,1464,8.8,78,,,,,1.6,0.0017,0.00425,,Rice,Solid,Food,,,missing_sugar|missing_total_fat|salt_derived_from_sodium
all_categories_combined,572,1,Pearl Super Basmati Rice 5Kg,PEARL SUPER BASMATI RICE,Pack size : 5kg,Average Nutritional Value As Per 100g,PER_100G,350,1464,8.8,78,,,,,1.6,0.0017,0.00425,,Rice,Solid,Food,,,missing_sugar|missing_total_fat|salt_derived_from_sodium
all_categories_combined,336|424,2,Pembe Home Baking Flour 1Kg,PEMBE HOME BAKING FLOUR,Pack size : 1Kg,Average Nutritional Value As Per 100g,PER_100G,455,1903,12.9,95.4,0.3,1.2,,,3.4,0.002,0.005,,Baking Flour,Powder,Food,,,salt_derived_from_sodium
all_categories_combined,380,1,Pembe Pure Wimbi Porridge 1Kg,PEMBE PURE WIMBI PORRIDGE,Pack size : 1Kg,Average Nutritional Value As Per 100g,PER_100G,50,209.2,1.4,11,,0.2,,,,0.006,0.015,,Porridge,Powder,Food,,,missing_sugar|salt_derived_from_sodium
all_categories_combined,347,1,Pembe Self Raising Flour 2Kg,PEMBE SELF RAISING FLOUR,Pack size : 2Kg,Average Nutritional Value As Per 100g,PER_100G,333,1393.27,6.9,70,,,,,3.3,1.067,2.6675,,Raising Flour,Powder,Food,,,missing_sugar|missing_total_fat|salt_derived_from_sodium
all_categories_combined,3498,1,Pep Apple Juice Ready To Drink 500Ml,PEP APPLE JUICE READY TO DRINK,Pack size : 500Ml,Average Nutritional Value As Per 240ml,PER_240ML_SCALED,45.8333,191.767,0,11.6667,10.4167,0,,,0.416667,0.00625,0.015625,,Juice,Liquid,Beverages,Apple,,salt_derived_from_sodium
all_categories_combined,1003,1,Pep Cocopine Drink 3L,PEP COCOPINE DRINK,Pack size : 3L,Average Nutritional Value As Per 100g,PER_100G,80,334.72,,19,18,,,,,0.035,0.0875,,Drink,Liquid,Beverage,,,missing_total_fat|salt_derived_from_sodium
all_categories_combined,1010,1,Pep Concentrate Orange Drink 3L,PEP CONCENTRATE ORANGE DRINK,Pack size : 3L,Average Nutritional Value As Per 100g,PER_100G,304,1271,,16,,,,,,0.003,0.0075,,Orange Drink,Liquid,Beverage,Orange,,missing_sugar|missing_total_fat|salt_derived_from_sodium
all_categories_combined,3521,1,Pep Guava Juice Ready To Drink 300Ml,PEP GUAVA JUICE READY TO DRINK,Pack size : 300Ml,Average Nutritional Value As Per 100ml,PER_100ML,65,271.96,0.1,15,12.5,0,,,,0.02,0.05,,Juice,Liquid,Beverages,Guava,,salt_derived_from_sodium
all_categories_combined,1000,1,Pep Lemon Juice Concentrate 3L,PEP LEMON JUICE CONCENTRATE,Pack size : 3L,Average Nutritional Value As Per 100ml,PER_100ML,16,67,,3.2,3.2,,,,,0,0,,Lemon Drink,Liquid,Beverage,Lemon,,missing_total_fat|salt_derived_from_sodium
all_categories_combined,3511|3575,2,Pep Mango Juice Rtd 500Ml,PEP MANGO JUICE RTD,Pack size : 500ml,Average Nutritional Value As Per 100ml,PER_100ML,217,907.92,1,12,,1,,,,0,0,,Juice,Liquid,Beverages,Mango,,missing_sugar|salt_derived_from_sodium
all_categories_combined,1009,1,Pep Mixed Fruit Concentrate 3L,PEP MIXED FRUIT CONCENTRATE,Pack size : 3L,Average Nutritional Value As Per 100ml,PER_100ML,128,535.552,0.3,31,29,,,,0.2,0.145,0.3625,,Mixed Fruit Drink,Liquid,Beverage,Mixed Fruit,,missing_total_fat|salt_derived_from_sodium
all_categories_combined,3522,1,Pep Tropical Juice Ready To Drink 300Ml,PEP TROPICAL JUICE READY TO DRINK,Pack size : 300Ml,Average Nutritional Value As Per 100ml,PER_100ML,45,188.28,0,11,11,0.1,,,,0.004,0.01,,Juice,Liquid,Beverages,Tropical,,salt_derived_from_sodium
all_categories_combined,1055,1,Pepsi Cola Soft Drink 2L,PEPSI COLA SOFT DRINK,Pack size : 2L,Average Nutritional Value As Per 360ml,PER_360ML_SCALED,41.6667,174.167,0,11.3889,11.3889,0,,,,0.00833333,0.0208333,,Soft Drink,Liquid,Beverage,,,salt_derived_from_sodium
all_categories_combined,1147|1164,2,Peptang Chilli Garlic Sauce 375g,PEPTANG CHILLI GARLIC SAUCE,Pack size : 375g,Average Nutritional Value As Per 100g,PER_100G,30,125.52,0.4,0.3,32.2,0.5,,,,1.42,3.55,,Garlic Sauce,Paste,Food,,,salt_derived_from_sodium
all_categories_combined,1396,1,Peptang Choma Sauce 400g,PEPTANG CHOMA SAUCE,Pack size : 400g,Average Nutritional Value As Per 100g,PER_100G,138.08,577.727,0.99,33.53,29.48,,,,,0.84,2.1,,Choma Sauce,Paste,Food,,,missing_total_fat|salt_derived_from_sodium
all_categories_combined,1158|1165,2,Peptang Classic Chilli Sauce 270g,PEPTANG CLASSIC CHILLI SAUCE,Pack size : 270g,Average Nutritional Value As Per 100g,PER_100G,30,125.52,0.4,0.3,32.2,0.5,,,,1.42,3.55,,Chilli Sauce,Paste,Food,,,salt_derived_from_sodium
all_categories_combined,1285,1,Peptang Fruity Brown Sauce 400g,PEPTANG FRUITY BROWN SAUCE,Pack size : 400g,Average Nutritional Value As Per 20g,PER_20G_SCALED,140,585.75,1,33.5,20,0,,,0,0.001,0,,Brown Sauce,Paste,Food,Fruity,,
all_categories_combined,3554,1,Peptang Ginger Lemon Honey Tamarind Dawa Drink 300Ml,PEPTANG GINGER LEMON HONEY TAMARIND DAWA DRINK,Pack size : 300ml,Average Nutritional Value As Per 100ml,PER_100ML,36,151,0.1,7.5,7.4,0,,,,0.004,0.01,,Dawa Drink,Liquid,Beverages,"Ginger, Lemon, Honey, Tamarind",,salt_derived_from_sodium
all_categories_combined,307,1,Peptang Golden Syrup 500g,PEPTANG GOLDEN SYRUP,Pack size : 500g,Average Nutritional Value As Per 100g,PER_100G,64,267.776,0,16,0,0,,,0,0,0,,Syrup,Liquid,Food,,,
all_categories_combined,1111|1128,2,Peptang Green Chilli Sauce 250g,PEPTANG GREEN CHILLI SAUCE,Pack size : 250g,Average Nutritional Value As Per 100g,PER_100G,75,313.8,1,22,,,,,1,1.55,3.875,,Chilli Sauce,Paste,Food,,,missing_sugar|missing_total_fat|salt_derived_from_sodium
all_categories_combined,140,1,Peptang Healthy Creamy Peanut Butter 400g,PEPTANG HEALTHY CREAMY PEANUT BUTTER,Pack size : 400g,Average Nutritional Value As Per 100g,PER_100G,188,786.592,8,6,3,16,,,1.9,0.144,0.36,,Peanut Butter,Paste,Food,,,salt_derived_from_sodium
all_categories_combined,145|149,2,Peptang Healthy Crunchy Peanut Butter 250g,PEPTANG HEALTHY CRUNCHY PEANUT BUTTER,Pack size : 250g,Average Nutritional Value As Per 100g,PER_100G,642,2686.13,26,20,9,51,,,5,0.35,0.875,,Peanut Butter,Paste,Food,,,salt_derived_from_sodium
all_categories_combined,142,1,Peptang Healthy No Added Sugar Peanut Butter 250g,PEPTANG HEALTHY NO ADDED SUGAR PEANUT BUTTER,Pack size : 250g,Average Nutritional Value As Per 100g,PER_100G,625,2615,25,17,4,50,,,5,,,,Peanut Butter,Paste,Food,,,missing_sodium
all_categories_combined,1112,1,Peptang Hot And Sweet Sauce 400g,PEPTANG HOT AND SWEET SAUCE,Pack size : 400g,Average Nutritional Value As Per 15g,PER_15G_SCALED,133.333,557.867,,,,,,,,1.67333,4.18333,,Sauce,Paste,Food,,,missing_sugar|missing_total_fat|salt_derived_from_sodium
all_categories_combined,1109,1,PEPTANG HOT&SWEET SAUCE 700G,PEPTANG HOT SWEET SAUCE,Pack size : 700g,Average Nutritional Value As Per 15g,PER_15G_SCALED,133.333,557.867,,,,,,,,1.67333,4.18333,,Sauce,Paste,Food,,,missing_sugar|missing_total_fat|salt_derived_from_sodium
all_categories_combined,1032|1033,2,Peptang Lime Mixer Drink 500Ml,PEPTANG LIME MIXER DRINK,Pack size : 500ml,Average Nutritional Value As Per 100ml,PER_100ML,167,698.72,,40,40,,,,,0.017,0.0425,,Drink,Liquid,,Lime,,missing_total_fat|salt_derived_from_sodium
all_categories_combined,1271,1,Peptang Mama’s Choice Chips Sauce 700g,PEPTANG MAMA S CHOICE CHIPS SAUCE,Pack size : 700g,Average Nutritional Value As Per 100g,PER_100G,82,336,4.3,19,12,0.5,,,4.1,0,0,,Sauce,Paste,Food,,,sodium_derived_from_salt
all_categories_combined,309,1,Peptang Mango Syrup 475g,PEPTANG MANGO SYRUP,Pack size : 475g,Average Nutritional Value As Per 27g,PER_27G_SCALED,262.963,1100.22,,62.963,18.5185,,,,,,,,Syrup,Liquid,Food,Mango,,missing_sodium|missing_total_fat
all_categories_combined,304,1,Peptang Maple Syrup 500g,PEPTANG MAPLE SYRUP,Pack size : 500g,Average Nutritional Value As Per 100g,PER_100G,210,878.64,0,53,51,0,,,0,0.005,0,,Syrup,Liquid,Food,Maple,,
all_categories_combined,1155,1,Peptang Masala Sauce 400g,PEPTANG MASALA SAUCE,Pack size : 400g,Average Nutritional Value As Per 15g,PER_15G_SCALED,386.667,1617.81,,20,13.3333,,,,,1.07333,2.68333,,Masala Sauce,Paste,Food,,,missing_total_fat|salt_derived_from_sodium
all_categories_combined,4594,1,Peptang Mixed Pet Fruit Jam 1Kg,PEPTANG MIXED PET FRUIT JAM,Pack size : 1kg,Average Nutritional Value As Per 100g,PER_100G,285,1192.44,0.5,70,70,,,,0.5,0.12,0.3,,Jam,Jelly,Food,Mixed Fruit,,missing_total_fat|salt_derived_from_sodium
all_categories_combined,4566|4591,2,Peptang Pet Orange Marmalade Fruit Jam 500g,PEPTANG PET ORANGE MARMALADE FRUIT JAM,Pack size : 500g,Average Nutritional Value As Per 100g,PER_100G,245,1025.08,0.3,65,60,0.3,,,0.7,0.037,0.0925,,Jam,Jelly,Food,Orange,,salt_derived_from_sodium
all_categories_combined,4564,1,Peptang Pet Pineapple Jam 500g,PEPTANG PET PINEAPPLE JAM,Pack size : 500g,Average Nutritional Value As Per 100g,PER_100G,270,1129.68,70,65,,10,,,,0.61,1.525,,Jam,Jelly,Food,Pineapple,,missing_sugar|salt_derived_from_sodium
all_categories_combined,4565|4592,2,Peptang Pet Red Plum Jam 500g,PEPTANG PET RED PLUM JAM,Pack size : 500g,Average Nutritional Value As Per 100g,PER_100G,280,1171.52,0.4,70,48.5,0.1,,,1.1,0.032,0.08,,Jam,Jelly,Food,Plum,,salt_derived_from_sodium
all_categories_combined,1143|1171,2,Peptang Pili Pili Garlic Sauce 375g,PEPTANG PILI PILI GARLIC SAUCE,Pack size : 375g,Average Nutritional Value As Per 100g,PER_100G,32,133.888,0.5,3.8,1.2,0.3,,,,1.68,4.2,,Garlic Sauce,Paste,Food,,,salt_derived_from_sodium
all_categories_combined,1151,1,Peptang Pili Pili Sauce 375g,PEPTANG PILI PILI SAUCE,Pack size : 375g,Average Nutritional Value As Per 100g,PER_100G,32,133.888,0.5,3.8,1.2,0.3,,,,1.68,4.2,,Sauce,Paste,Food,,,salt_derived_from_sodium
all_categories_combined,4387,1,Peptang Pure Africa Honey 300g,PEPTANG PURE AFRICA HONEY,Pack size : 300g,Average Nutritional Value As Per 100g,PER_100G,304,1216,0.3,80.9,0,0,,,0,0,0,,Honey,Liquid,Food,,,
all_categories_combined,4389,1,Peptang Pure African Honey 500g,PEPTANG PURE AFRICAN HONEY,Pack size : 500g,Average Nutritional Value As Per 100g,PER_100G,304,1216,0.3,80.9,0,0,,,0,0,0,,Honey,Liquid,Food,,,
all_categories_combined,4560,1,Peptang Red Plum Jam 250g,PEPTANG RED PLUM JAM,Pack size : 250g,Average Nutritional Value As Per 100g,PER_100G,278,1240,0.3,69,10.6,0.1,,,1.2,0.0214,0,,Plum Jam,Jelly,Food,Red Plum,,
all_categories_combined,4269,1,Peptang Squeezy Pure African Honey 500g,PEPTANG SQUEEZY PURE AFRICAN HONEY,Pack size : 500g,Average Nutritional Value As Per 100g,PER_100G,304,1216,0.3,80.9,0,0,,,0,0,0,,Honey,Liquid,Food,,,
all_categories_combined,2804,1,Peptang Strawberry Jam 1Kg,PEPTANG STRAWBERRY JAM,Pack size : 1Kg,Average Nutritional Value As Per 100g,PER_100G,284,1188.26,0.92,70,72,,,,1.1,,,,Jam,Jelly,Food,Strawberry,,missing_sodium|missing_total_fat
all_categories_combined,1175,1,Peptang Tomato And Onion Kachumbari Sauce 400g,PEPTANG TOMATO AND ONION KACHUMBARI SAUCE,Pack size : 400g,Average Nutritional Value As Per 100g,PER_100G,15,62.76,0,2,1,1,,,0,0.035,0,,Sauce,Paste,Food,Onion And Tomato,,
all_categories_combined,1292|1319,2,Peptang Tomato Ketchup 20g,PEPTANG TOMATO KETCHUP,Pack size : 20g,Average Nutritional Value As Per 100g,PER_100G,94,399,1.4,20,19,0.5,,,,0.72,1.8,,Tomato Ketchup,Paste,Food,,,sodium_derived_from_salt
all_categories_combined,2312,1,Peptang Tomato Paste 70g,PEPTANG TOMATO PASTE,Pack size : 70g,Average Nutritional Value As Per 100g,PER_100G,70,296,3.1,10.4,,0.3,,,,0.63,1.575,,Tomato Paste,Paste,Food,,,missing_sugar|salt_derived_from_sodium
all_categories_combined,1390|1392|1394|1405|1412|1414,6,Peptang Tomato Sauce 1Kg,PEPTANG TOMATO SAUCE,Pack size : 1Kg,Average Nutritional Value As Per 100g,PER_100G,50,209.2,1.5,6.5,,0.4,,,1.8,0.581,1.4525,,Tomato Sauce,Paste,Food,Tomato,,missing_sugar|salt_derived_from_sodium
all_categories_combined,545,1,Perrier Original Sparkling Water Bottle 330Ml,PERRIER ORIGINAL SPARKLING WATER BOTTLE,Pack size : 330Ml,100ml,PER_100ML,1,4,0,0,0,0,,,0,0,0,,Liquid,,Food&Biverages,,No additives,
all_categories_combined,4285,1,PhD Smart Bar High Protein Dark Choc Raspberry 64G,PHD SMART BAR HIGH PROTEIN DARK CHOC RASPBERRY,Pack size : 64g,Nutrition information per 100g,PER_100G,382,1536,32,38,3.1,14,,,,0.16,0.4,,,,,,,sodium_derived_from_salt
all_categories_combined,403|405,2,Phulka Atta Mark Chapati Flour 1Kg,PHULKA ATTA MARK CHAPATI FLOUR,Pack size : 1KG,Average Nutritional Value As Per 100g,PER_100G,110,460.24,4,23,0,0,,,3,0.009,0.0225,,Chapati Flour,Powder,ATTA FLOUR,,,salt_derived_from_sodium
all_categories_combined,352,1,Phulka Atta Mark I Chapati Flour 2Kg,PHULKA ATTA MARK I CHAPATI FLOUR,Pack size : 2KG,Average Nutritional Value As Per 100g,PER_100G,110,460,4,23,,,,,3,0.009,0.0225,,Chapati Flour,Powder,ATTA FLOUR,,,missing_sugar|missing_total_fat|salt_derived_from_sodium
all_categories_combined,3412,1,Pick N Peel Apple Juice 1L,PICK N PEEL APPLE JUICE,Pack size : 1L,Average Nutritional Value As Per 100g,PER_100G,110,460,0,28,26,0,,,0,0.02,0.05,,Apple Juice,Liquid,Beverage,Apple,,salt_derived_from_sodium
all_categories_combined,3417,1,Pick N Peel Mango Juice 1L,PICK N PEEL MANGO JUICE,Pack size : 1L,Average Nutritional Value As Per 100g,PER_100G,61,255.224,0.2,15,15,0,,,,0.004,0.01,,Mango Juice,Liquid,Beverage,Mango,,salt_derived_from_sodium
all_categories_combined,3413,1,Pick N Peel Orange Juice 1L,PICK N PEEL ORANGE JUICE,Pack size : 1L,Average Nutritional Value As Per 100g,PER_100G,304,1271,0,16,0,0,,,0,0.003,0.0075,,Orange Juice,Liquid,Beverage,Orange,,salt_derived_from_sodium
all_categories_combined,3415,1,Pick N Peel Pineapple Juice 1L,PICK N PEEL PINEAPPLE JUICE,Pack size : 1L,Average Nutritional Value As Per 100g,PER_100G,47,196.648,,11.9,11.8,0,,,,,,,Pineapple Juice,Liquid,Beverage,Pineapple,,missing_sodium
all_categories_combined,3419,1,Pick N Peel Red Grape Juice 1L,PICK N PEEL RED GRAPE JUICE,Pack size : 1L,Average Nutritional Value As Per 100g,PER_100G,135,554,1,32,29,0,,,0,0.03,0.075,,Red Grape Juice,Liquid,Beverage,Red Grape,,salt_derived_from_sodium
all_categories_combined,1082,1,Pick N Peel Sparkling Cider Apple Fruit Drink 250Ml,PICK N PEEL SPARKLING CIDER APPLE FRUIT DRINK,Pack size : 250ml,Average Nutritional Value As Per 100ml,PER_100ML,60.1,256,0.01,14.6,14.6,0,,,0,0.001,0.003,,Fruit Drink,Liquid,Beverages,Apple,,
all_categories_combined,3414,1,Pick N Peel Tropical Mix Juice 1L,PICK N PEEL TROPICAL MIX JUICE,Pack size : 1L,Average Nutritional Value As Per 100g,PER_100G,54,227,0.3,12.4,,0.1,,,,,,,Tropical Mix Juice,Liquid,Beverage,,,missing_sodium|missing_sugar
all_categories_combined,3423|3555,2,Pick N Peel White Grape Juice 250Ml,PICK N PEEL WHITE GRAPE JUICE,Pack size : 250ml,Average Nutritional Value As Per 100g,PER_100G,135,554,1,32,29,0,,,0,0.03,0.075,,Grape Juice,Liquid,Beverage,‎Grape,,salt_derived_from_sodium
all_categories_combined,2275,1,Pietro Coricelli Arrabbiata Pasta Sauce 350g,PIETRO CORICELLI ARRABBIATA PASTA SAUCE,Pack size : 350g,Average Nutritional Value As Per 100g,PER_100G,61,255,1.6,7,6.2,2.7,,,,0.48,1.2,,Sauce,Paste,Food,,,sodium_derived_from_salt
all_categories_combined,2460|2463|2470|2484|2487,5,Pietro Coricelli Extra Virgin Olive Oil 1L,PIETRO CORICELLI EXTRA VIRGIN OLIVE OIL,Pack size : 1L,Average Nutritional Value As Per 100g,PER_100G,822,3378,,,,91.3,,,,,,,Olive Oil,Liquid,Food,,,missing_sodium|missing_sugar
all_categories_combined,2279,1,Pietro Coricelli Napoletana Pasta Sauce 350g,PIETRO CORICELLI NAPOLETANA PASTA SAUCE,Pack size : 350g,Average Nutritional Value As Per 125g,PER_125G_SCALED,104,435.136,1.6,8,4.8,7.2,,,1.6,0.296,0.74,,Sauce,Paste,Food,,,salt_derived_from_sodium
all_categories_combined,2269,1,Pietro Coricelli Tomato And Basil Sauce 350g,PIETRO CORICELLI TOMATO AND BASIL SAUCE,Pack size : 350g,Average Nutritional Value As Per 100g,PER_100G,60,251,1.6,6.8,6.1,2.7,,,,0.56,1.4,,Sauce,Paste,Food,,,sodium_derived_from_salt
all_categories_combined,2439,1,Pika Pure Vegetable Oil 20L,PIKA PURE VEGETABLE OIL,Pack size : 20L,Average Nutritional Value As Per 100ml,PER_100ML,120,502.08,0,0,0,14,,,0,0,0,,Vegetable Oil,Liquid,Food,,,salt_derived_from_sodium
all_categories_combined,2528,1,Pika Pure Yellow Vegetable Cooking Fat 1Kg,PIKA PURE YELLOW VEGETABLE COOKING FAT,Pack size : 1Kg,Average Nutritional Value As Per 100g,PER_100G,120,502.08,,,,14,,,,,,,Cooking Fat,Cream,Food,,,missing_sodium|missing_sugar
all_categories_combined,2447,1,Pika Vegetable Oil 2L,PIKA VEGETABLE OIL,Pack size : 2L,Average Nutritional Value As Per 100ml,PER_100ML,120,502.08,,,,14,,,,,,,Vegetable Oil,Liquid,Food,,,missing_sodium|missing_sugar
all_categories_combined,976,1,Planet Soda Mixed Berries 350Ml,PLANET SODA MIXED BERRIES,Pack size : 350ml,Average Nutritional Value As Per 140g,PER_140G_SCALED,50,208.571,0.714286,12.1429,7.14286,0,,,3.57143,0,0,,Soda,Liquid,Food,,,salt_derived_from_sodium
all_categories_combined,1084,1,Power Play Original Energy Drink 400ml,POWER PLAY ORIGINAL ENERGY DRINK,Pack size : 400ml,Average Nutritional Value As Per 100ml,PER_100ML,46,179.912,0.3,12,,0.1,,,,0.027,0.0675,,Energy Drink,Liquid,Beverage,,,missing_sugar|salt_derived_from_sodium
all_categories_combined,64,1,Pran Bisk Club Chocolate Cream Biscuits 90g,PRAN BISK CLUB CHOCOLATE CREAM BISCUITS,Pack size : 90g,Average Nutritional Value As Per 100g,PER_100G,150,627.6,2,21,6,6,,,0,0.115,0.2875,,Biscuits,Solid,Food,Cocoa,,salt_derived_from_sodium
all_categories_combined,2818,1,Pran Bisk Club Coconut Biscuit 90g,PRAN BISK CLUB COCONUT BISCUIT,Pack size : 90g,Average Nutritional Value As Per 100g,PER_100G,478,1999.95,6,71,31,21.2,,,,0.353,0.8825,,Biscuits,Solid,Food,Coconut,,salt_derived_from_sodium
all_categories_combined,2810,1,Pran Bisk Club Glucose Biscuit 16g,PRAN BISK CLUB GLUCOSE BISCUIT,Pack size : 16g,Average Nutritional Value As Per 100g,PER_100G,453,1895.35,7,77.3,24.8,12.9,,,,,,,Biscuit,Solid,Food,,,missing_sodium
all_categories_combined,2816,1,Pran Bisk Club Orange Cream Biscuits 90g,PRAN BISK CLUB ORANGE CREAM BISCUITS,Pack size : 90g,Average Nutritional Value As Per 100g,PER_100G,464,1941.38,6,68,33,18,,,0,0,0,,Biscuits,Solid,Food,Orange,,salt_derived_from_sodium
all_categories_combined,105,1,Pran Bisk Club Potato Spicy Biscuits 100g,PRAN BISK CLUB POTATO SPICY BISCUITS,Pack size : 100g,Average Nutritional Value As Per 100g,PER_100G,230,962,4,36,11,8,,,7,0,0,,Biscuits,Solid,Food,,,salt_derived_from_sodium
all_categories_combined,2817,1,Pran Bisk Club Strawberry Cream Biscuits 90g,PRAN BISK CLUB STRAWBERRY CREAM BISCUITS,Pack size : 90g,Average Nutritional Value As Per 100g,PER_100G,122,510.448,,17,8,4,,,,0.061,0.1525,,Biscuits,Solid,Food,Strawberry,,salt_derived_from_sodium
all_categories_combined,3573,1,Pran Cocktail Fruit Drink 250Ml,PRAN COCKTAIL FRUIT DRINK,Pack size : 250ml,Average Nutritional Value As Per 100ml,PER_100ML,56,234.304,0,14,13,0,,,0.5,0.012,0.03,,Drink,Liquid,Beverage,,,salt_derived_from_sodium
all_categories_combined,3172,1,Pran Delight Pineapple Biscuits 70G,PRAN DELIGHT PINEAPPLE BISCUITS,Pack size : 70g,Average Nutritional Value As Per 70g,PER_70G_SCALED,2288.57,955.714,2.85714,28.5714,11.4286,11.4286,,,1.42857,0.121429,0.303571,,Biscuits,Solid,Food,Pineapple,,salt_derived_from_sodium
all_categories_combined,3263,1,Pran Double Twist Chocolord Toffee 232G 16 Pieces,PRAN DOUBLE TWIST CHOCOLORD TOFFEE,Pack size : 232g (16 Pieces),Average Nutritional Value As Per 100g,PER_100G,461,1931,4,66,46,21,,,,0.11,0.27,,Toffee,Solid,Food,Cocoa,,
all_categories_combined,2737,1,Pran Easy Chicken Instant Noodles 70g x Pack of 5,PRAN EASY CHICKEN INSTANT NOODLES X PACK OF 5,Pack size : 70g x Pack of 5,Average Nutritional Value As Per 100g,PER_100G,462,1933,10.3,66.5,2,17.2,,,7,0.3,0.75,,Instant Noodles,Solid,Food,,,sodium_derived_from_salt
all_categories_combined,3519,1,Pran Mango Fruit Drink 250Ml,PRAN MANGO FRUIT DRINK,Pack size : 250ml,Average Nutritional Value As Per 100g,PER_100G,56,234,0,14,13,0,,,0,0,0,,Drink,Liquid,Beverage,Mango,,salt_derived_from_sodium
all_categories_combined,3564,1,Pran Tamarind Fruit Drink 250Ml,PRAN TAMARIND FRUIT DRINK,Pack size : 250ml,Average Nutritional Value As Per 100ml,PER_100ML,160,669,0,31,30,0,,,0,0.035,0.0875,,Drink,Liquid,Food,Tamarind,,salt_derived_from_sodium
all_categories_combined,1079,1,Predator Energy Drink 400ml,PREDATOR ENERGY DRINK,Pack size : 400ml,Average Nutritional Value As Per 100ml,PER_100ML,14.4,179.912,,3.6,,,,,,0.05,0.125,,Energy Drink,Liquid,Beverage,,,missing_sugar|missing_total_fat|salt_derived_from_sodium
all_categories_combined,2918,1,Prestige Original Margarine 500G,PRESTIGE ORIGINAL MARGARINE,Pack size : 500g,Average Nutritional Value As Per 100g,PER_100G,532.983,2230,0.2,0.5,0.5,60,,,0.5,0.63,1.575,,Margarine,Paste,Food,,,salt_derived_from_sodium
all_categories_combined,2911|2912|2917,3,Prestige Vanilla Margarine 250G,PRESTIGE VANILLA MARGARINE,Pack size : 250g,Average Nutritional Value As Per 250g,PER_250G_SCALED,526,2200.78,42,,,59.168,,,,0.7848,1.962,,Margarine,Paste,Food,,,missing_sugar|salt_derived_from_sodium
all_categories_combined,1176|1207,2,Presto Chilli Sauce 375ml,PRESTO CHILLI SAUCE,Pack size : 375ml,Average Nutritional Value As Per 100g,PER_100G,59,246.856,2.05,12.21,5.77,0.33,,,,,,,Chilli Sauce,Paste,Food,,,missing_sodium
all_categories_combined,1362|1385,2,Presto Light Mayonnaise 380ml,PRESTO LIGHT MAYONNAISE,Pack size : 380ml,Average Nutritional Value As Per 15g,PER_15G_SCALED,280,1171.52,,,,26.6667,,,,,,,Light Mayonnaise,Cream,Food,,,missing_sodium|missing_sugar
all_categories_combined,1359|1364,2,Presto Original Mayonnaise 380ml,PRESTO ORIGINAL MAYONNAISE,Pack size : 380ml,Average Nutritional Value As Per 100g,PER_100G,580,2426.72,1,9,4,,,,,0.45,1.125,,Original Mayonnaise,Cream,Food,,,missing_total_fat|salt_derived_from_sodium
all_categories_combined,1263|1273|1275,3,Presto Tomato Sauce 400g,PRESTO TOMATO SAUCE,Pack size : 400g,Average Nutritional Value As Per 100g,PER_100G,20,83.68,0.2,5,4.8,0.2,,,0.1,0.136,0.34,,Sauce,Paste,Food,,,salt_derived_from_sodium
all_categories_combined,1495|1509,2,Presto White Vinegar 5L,PRESTO WHITE VINEGAR,Pack size : 5L,Average Nutritional Value As Per 100g,PER_100G,13,54.392,0,0,0,0,,,0,0,0,,White Vinegar,Liquid,Food,,,salt_derived_from_sodium
all_categories_combined,4145,1,Pretzo Original Sweet Chilli Pretzel 25g,PRETZO ORIGINAL SWEET CHILLI PRETZEL,Pack size : 25g,Average Nutritional Value As Per 100g,PER_100G,100,418,12,80,,4,,,3.82,0.917,2.2925,,Pretzel,Solid,Food,Sweet Chilli,,missing_sugar|salt_derived_from_sodium
all_categories_combined,4158,1,Pretzo Salted Pretzel Sticks 250g,PRETZO SALTED PRETZEL STICKS,Pack size : 50g,Average Nutritional Value As Per 25g,PER_25G_SCALED,400,1672,48,320,,16,,,15.28,3.668,9.17,,Pretzel Sticks,Solid,Food,Salted,,missing_sugar|salt_derived_from_sodium
all_categories_combined,1514,1,Prezioso Modena Balsamic Vinegar 500ml,PREZIOSO MODENA BALSAMIC VINEGAR,Pack size : 500ml,Average Nutritional Value As Per 100ml,PER_100ML,88,368.19,0.5,17,15,,,,,0.023,0.0575,,Vinegar,Liquid,Food,,,missing_total_fat|salt_derived_from_sodium
all_categories_combined,3131,1,Pringles Hot And Spicy Potato Chips 40G,PRINGLES HOT AND SPICY POTATO CHIPS,Pack size : 40g,Average Nutritional Value As Per 100g,PER_100G,503,2106,4.3,51,3,32,,,2.6,,,,Potato Chips,Solid,Food,"Hot, Spicy",,missing_sodium
all_categories_combined,3139,1,Pringles Hot And Spicy Potato Crisps 165G,PRINGLES HOT AND SPICY POTATO CRISPS,Pack size : 165g,Average Nutritional Value As Per 100g,PER_100G,506,2125,5.4,15.5,3.9,26.3,,,,0.709,1.7725,,Potato Crisps,Solid,Food,"Hot, Spicy",,salt_derived_from_sodium
all_categories_combined,4233,1,Pringles Hot Mexican Chilli & Lime 160G,PRINGLES HOT MEXICAN CHILLI LIME,Pack size : 160G,Nutrion information per 100g,PER_100G,523,2182,6.2,55,3,30,,,3.9,0.24,0.6,,,,,,,sodium_derived_from_salt
all_categories_combined,4238,1,Pringles Hot Sweet Chilli 160G,PRINGLES HOT SWEET CHILLI,Pack size : 160G,Nutrion information per 100g,PER_100G,523,2183,6.3,55,4.4,30,,,3.8,0.48,1.2,,,,,,,sodium_derived_from_salt
all_categories_combined,3138,1,Pringles Ketchup Potato Chips 165G,PRINGLES KETCHUP POTATO CHIPS,Pack size : 165g,Average Nutritional Value As Per 100g,PER_100G,505,2105,4.1,51,3.5,31,,,2.6,,,,Potato Chips,Solid,Food,Ketchup,,missing_sodium
all_categories_combined,3142,1,Pringles Original Flavour Crisps 165G,PRINGLES ORIGINAL FLAVOUR CRISPS,Pack size : 165g,Average Nutritional Value As Per 100g,PER_100G,123,3423,3.4,56,4.5,12,,,,0.045,0.1125,,Crisps,Solid,Food,Original,,salt_derived_from_sodium
all_categories_combined,3132,1,Pringles Original Perfect Potato Crisp Chips 40G,PRINGLES ORIGINAL PERFECT POTATO CRISP CHIPS,Pack size : 40g,Average Nutritional Value As Per 100g,PER_100G,534,2234,5.9,56,1.2,31,,,3.5,0.44,1.1,,Potato Crisp Chips,Solid,Food,,,salt_derived_from_sodium
all_categories_combined,3141,1,Pringles Salt And Vinegar Crisps 165G,PRINGLES SALT AND VINEGAR CRISPS,Pack size : 165g,Average Nutritional Value As Per 100g,PER_100G,509,1345,5,67,6.3,34,,,,0.678,1.695,,Crisps,Solid,Food,"Salt, Vinegar",,salt_derived_from_sodium
all_categories_combined,3137|3140,2,Pringles Sour Cream And Onion Chips 165G,PRINGLES SOUR CREAM AND ONION CHIPS,Pack size : 165g,Average Nutritional Value As Per 100g,PER_100G,508,2111,9.1,36,,33,,,14,,,,Chips,Solid,Food,"Cheese, Onion",,missing_sodium|missing_sugar
all_categories_combined,3133,1,Pringles Sour Cream And Onion Potato Crisp Chips 40G,PRINGLES SOUR CREAM AND ONION POTATO CRISP CHIPS,Pack size : 40g,Average Nutritional Value As Per 100g,PER_100G,515,2146,4.2,51,2.5,32,,,2.9,,,,Potato Crisp Chips,Solid,Food,"Cream, Onion",,missing_sodium
all_categories_combined,4222,1,Pringles Texas Bbq Sauce Crisps 165G,PRINGLES TEXAS BBQ SAUCE CRISPS,Pack size : 165g,Average Nutritional Value As Per 100g,PER_100G,520,2176,6.1,57,4.5,29,,,3.5,0,0,,Crisps,Solid,Food,,,salt_derived_from_sodium
all_categories_combined,3130,1,Pringles Texas Bbq Sauce Potato Chips 40G,PRINGLES TEXAS BBQ SAUCE POTATO CHIPS,Pack size : 40g,Average Nutritional Value As Per 100g,PER_100G,516,2155,6,56,3.9,29,,,3.5,,,,Potato Chips,Solid,Food,,,missing_sodium
all_categories_combined,3281,1,Proctal & Allan Oat Flakes 1Kg,PROCTAL ALLAN OAT FLAKES,Pack size : 1Kg,Average Nutritional Value As Per 100g,PER_100G,530,2217,13.5,66,0,10,,,9,0,0,,Oat Flakes,Solid,Food,,,salt_derived_from_sodium
all_categories_combined,255,1,Proctor & Allan Chocolate Cake Mix 500g,PROCTOR ALLAN CHOCOLATE CAKE MIX,Pack size : 500g,Average Nutritional Value As Per 100g,PER_100G,396.3,1658.11,4.6,82.1,39.3,8.2,,,2.3,0.7747,1.93675,,Cake Mix,Powder,Food,,,salt_derived_from_sodium
all_categories_combined,3634,1,Proctor & Allan Corn Flakes 500g,PROCTOR ALLAN CORN FLAKES,Pack size : 500g,Average Nutritional Value As Per 100g,PER_100G,378,1604,7,84,8,0.9,,,3,,,,Corn Flakes,Solid,Food,,,missing_sodium
all_categories_combined,3631,1,Proctor Allan Corn Flakes Value Pack 500G,PROCTOR ALLAN CORN FLAKES VALUE PACK,Pack size : 500g,Average Nutritional Value As Per 100g,PER_100G,378,1604,7,84,8,0.9,,,3,,,,Corn Flakes,Solid,Food,,,missing_sodium
all_categories_combined,413,1,Proctor & Allan Nutri Rich Porridge 1Kg,PROCTOR ALLAN NUTRI RICH PORRIDGE,Pack size : 1Kg,Average Nutritional Value As Per 100g,PER_100G,374,1564.82,11,60,1,8,,,9,0,0,,Porridge,Solid,Food,,,salt_derived_from_sodium
all_categories_combined,3636,1,Proctor And Allan Corn Flakes 250g,PROCTOR AND ALLAN CORN FLAKES,Pack size : 250g,Average Nutritional Value As Per 100g,PER_100G,378,1604,7,84,8,0.9,,,3,0,0,,Flakes,Solid,Food,,,salt_derived_from_sodium
all_categories_combined,3294|3295,2,Proctor And Allan Quick Porridge Oats 500g,PROCTOR AND ALLAN QUICK PORRIDGE OATS,Pack size : 500g,Average Nutritional Value As Per 100g,PER_100G,374,1564.82,11,60,1,8,,,9,0,0,,Porridge Oats,Solid,Food,,,salt_derived_from_sodium
all_categories_combined,3296|3297|3299,3,Proctor And Allan White Oats 450g,PROCTOR AND ALLAN WHITE OATS,Pack size : 450g,Average Nutritional Value As Per 100g,PER_100G,530,2217.52,13,66,0,10,,,9,0,0,,Oats,Solid,Food,,,salt_derived_from_sodium
all_categories_combined,2504,1,Pure Mountain Canola Oil Chilli 1L,PURE MOUNTAIN CANOLA OIL CHILLI,Pack size : 1L,Average Nutritional Value As Per 100ml,PER_100ML,900,3765.6,0,0,0,91,,,0,0,0,,Canola Oil,Liquid,Food,,,salt_derived_from_sodium
all_categories_combined,2506,1,Pure Mountain Canola Oil Herb 1L,PURE MOUNTAIN CANOLA OIL HERB,Pack size : 1L,Average Nutritional Value As Per 100ml,PER_100ML,900,3765.6,0.1,0.1,,91.2,,,,,,,Canola Oil,Liquid,Food,,,missing_sodium|missing_sugar
all_categories_combined,2524,1,Pure Mountain Pure Canola Oil 5L,PURE MOUNTAIN PURE CANOLA OIL,Pack size : 5L,Average Nutritional Value As Per 100g,PER_100G,900,3765.6,0,0,,100,,,,,,,Canola Oil,Liquid,Food,,,missing_sodium|missing_sugar
all_categories_combined,2349,1,Pureto Tomato Paste 70g,PURETO TOMATO PASTE,Pack size : 70g,Average Nutritional Value As Per 100g,PER_100G,103,430.952,1,16,22,,,,5,,,,Tomato Paste,Paste,Food,,,missing_sodium|missing_total_fat
all_categories_combined,2546,1,Qia Qia Caramel Sunflower Seeds 108g,QIA QIA CARAMEL SUNFLOWER SEEDS,Pack size : 108g,Average Nutritional Value As Per 108g,PER_108G_SCALED,117.593,492.007,0.925926,18.5185,,3.7037,,,,,,,Sunflower Seeds,Solid,Food,Caramel,,missing_sodium|missing_sugar
all_categories_combined,2579,1,Qia Qia Hickory Nut Flavour Sunflower Seeds Snacks 108g,QIA QIA HICKORY NUT FLAVOUR SUNFLOWER SEEDS SNACKS,Pack size : 108g,Average Nutritional Value As Per 100g,PER_100G,596,2494,26,10,2,49,,,0,0,2,,Snacks,Solid,Food,,,
all_categories_combined,2532,1,Qia Qia Original Salted Sunflower Seeds 285g,QIA QIA ORIGINAL SALTED SUNFLOWER SEEDS,Pack size : 285g,Average Nutritional Value As Per 100g,PER_100G,611.13,2557,,15.8,,51.8,,,,,,,Sunflower Seeds,Solid,Food,,,missing_sodium|missing_sugar
all_categories_combined,2538|2589|2592,3,Qia Qia Roasted Sunflower Seeds 150g,QIA QIA ROASTED SUNFLOWER SEEDS,Pack size : 150g,Average Nutritional Value As Per 100g,PER_100G,622,2603,27.4,15.8,2.1,51.8,,,,0.08,0.2,,Sunflower Seeds,Solid,Food,,,sodium_derived_from_salt
all_categories_combined,2549,1,Qia Qia Sunflower Seeds 260g,QIA QIA SUNFLOWER SEEDS,Pack size : 260g,Average Nutritional Value As Per 100g,PER_100G,599,2505,27,16.5,4.2,50.2,,,,0.848,2.12,,Sunflower Seeds,Solid,Food,,,sodium_derived_from_salt
all_categories_combined,2562,1,Qiaqia Barbecue Crunchy Potato Crisps 51g,QIAQIA BARBECUE CRUNCHY POTATO CRISPS,Pack size : 51g,Average Nutritional Value As Per 51g,PER_51G_SCALED,284.314,1189.57,13.7255,115.686,5.88235,52.9412,,,7.84314,0.601961,1.5049,,Potato Crisps,Solid,Food,,,salt_derived_from_sodium
all_categories_combined,3278,1,Quaker Quick Cooking White Oats 500g,QUAKER QUICK COOKING WHITE OATS,Pack size : 500g,Average Nutritional Value As Per 100g,PER_100G,356,1500,11,60,1.1,8,,,3,0.001,0.0025,,White Oats,Solid,Food,,,salt_derived_from_sodium
all_categories_combined,120,1,Queen D Active Ch Crackers200G,QUEEN D ACTIVE CH CRACKERS200G,Pack size : 200g,Average Nutritional Value As Per 100g,PER_100G,480,2008.32,4,80,2,14,,,2,0.76,1.9,,Crackers,Solid,Food,,,salt_derived_from_sodium
all_categories_combined,121,1,Queen D Rosemary Sage Crackers200G,QUEEN D ROSEMARY SAGE CRACKERS200G,Pack size : 200g,Average Nutritional Value As Per 100g,PER_100G,400,1673.6,13.3,66.7,3.3,10,,,0,0.9,2.25,,Crackers,Solid,Food,"Rosemary, Sage",,salt_derived_from_sodium
all_categories_combined,128,1,Queen Deli Itl Cantuci Crackers200G,QUEEN DELI ITL CANTUCI CRACKERS200G,Pack size : 200g,Average Nutritional Value As Per 100g,PER_100G,431,1819,7.4,72.1,39.1,11.2,,,3.1,0.232,0.58,,Crackers,Solid,Food,,,sodium_derived_from_salt
all_categories_combined,4647,1,Quencher Fantasy Flavoured Drink 250Ml,QUENCHER FANTASY FLAVOURED DRINK,Pack size : 250ml,Average Nutritional Value As Per 750ml,PER_750ML_SCALED,5.73333,23.988,0,1.42667,0,0,,,0,0,0,,Flavoured Drink,Liquid,Beverage,,,salt_derived_from_sodium
all_categories_combined,515|516|519|525|528|533|537,7,Quencher Life Premium Drinking Water 18L,QUENCHER LIFE PREMIUM DRINKING WATER,Pack size : 18L,Average Nutritional Value As Per 100ml,PER_100ML,0,0,,,,,,,,0.002,0.005,,Drinking Water,Liquid,Beverage,,,missing_sugar|missing_total_fat|salt_derived_from_sodium
all_categories_combined,520,1,Quencher Life Premium Drinking Water 500Ml X Pack Of 6,QUENCHER LIFE PREMIUM DRINKING WATER X PACK OF 6,Pack size : 500Ml X 6,Average Nutritional Value As Per 100ml,PER_100ML,0,0,,,,,,,,0.002,0.005,,Drinking Water,Liquid,Beverage,,,missing_sugar|missing_total_fat|salt_derived_from_sodium
all_categories_combined,2568,1,Quick Fried Chilli Green Peas 88g,QUICK FRIED CHILLI GREEN PEAS,Pack size : 88g,Average Nutritional Value As Per 60g,PER_60G_SCALED,490,2050.17,18.3333,5,5,20,,,18.3333,0.85,2.125,,Green Peas,Solid,Food,,,salt_derived_from_sodium
all_categories_combined,2476|2482,2,Rafael Salgado Extra Virgin Olive Oil 90ml,RAFAEL SALGADO EXTRA VIRGIN OLIVE OIL,Pack size : 90ml,Average Nutritional value As Per 100g,PER_100G,900,3700,,,,100,,,,,,,Olive Oil,Liquid,Food,Olive,,missing_sodium|missing_sugar
all_categories_combined,2473,1,Raffel Salgado E.V Olive Oil 40Ml,RAFFEL SALGADO E V OLIVE OIL,Pack size : 40ml,Average Nutritional Value As Per 100ml,PER_100ML,900,3700,0,0,,100,,,,0,0,,Olive Oil,Liquid,Food,,,missing_sugar|salt_derived_from_sodium
all_categories_combined,2267,1,Ragu Cheese Creation Six Cheese Sauce 680g,RAGU CHEESE CREATION SIX CHEESE SAUCE,Pack size : 680g,Average Nutritional Value As Per 100g,PER_100G,90,376.56,3,14,9,0,,,2,0.48,0,,Six Cheese Sauce,Paste,Food,,,
all_categories_combined,2282,1,Ragu Chunky Sauteed Onion And Garlic Sauce 680g,RAGU CHUNKY SAUTEED ONION AND GARLIC SAUCE,Pack size : 680g,Average Nutritional Value As Per 100g,PER_100G,90,376.56,2,14,9,3.5,,,2,0.48,0,,Onion And Garlic Sauce,Paste,Food,Sauteed Onion And Garlic,,
all_categories_combined,2277,1,Ragu Chunky Tomato Garlic And Onion Sauce 680g,RAGU CHUNKY TOMATO GARLIC AND ONION SAUCE,Pack size : 680g,Average Nutritional Value As Per 100g,PER_100G,80,334.72,2,14,10,2,,,2,0.46,0,,Sauce,Paste,Food,Tomato/Garlic And Onion,,
all_categories_combined,2274,1,Ragu Hearty Traditional Tomato Sauce 680g,RAGU HEARTY TRADITIONAL TOMATO SAUCE,Pack size : 680g,Average Nutritional Value As Per 100g,PER_100G,100,418,3,16,10,2.5,,,3,0.43,0,,Sauce,Paste,Food,Tomato,,
all_categories_combined,2425,1,Ragu Homemade Style Pizza Sauce 396g,RAGU HOMEMADE STYLE PIZZA SAUCE,Pack size : 396g,Average Nutritional Value As Per 100g,PER_100G,30,125.52,1,5,3,1,,,1,0.25,0,,Pizza Sauce,Paste,Food,Tomato And Spices,,
all_categories_combined,2266,1,Ragu Mama's Special Garden Chunky Sauce 680g,RAGU MAMA S SPECIAL GARDEN CHUNKY SAUCE,Pack size : 680g,Average Nutritional Value As Per 100g,PER_100G,90,376.56,3,15,11,2.5,,,2,0.47,0,,Chunky Sauce,Paste,Food,Vegetables,,
all_categories_combined,2288,1,Ragu Mushroom And Green Pepper Sauce 680g,RAGU MUSHROOM AND GREEN PEPPER SAUCE,Pack size : 680g,Average Nutritional Value As Per 100g,PER_100G,80,334.72,2,14,10,2,,,2,0.47,0,,Sauce,Paste,Food,Mushroom And Green Pepper,,
all_categories_combined,2272,1,Ragu Mushroom Pasta Sauce 677g,RAGU MUSHROOM PASTA SAUCE,Pack size : 677g,Average Nutritional Value As Per 100g,PER_100G,70,292,2,11,7,2,,,2,0.46,1.15,,Sauce,Paste,Food,Mushroom,,salt_derived_from_sodium
all_categories_combined,2286,1,Ragu Old World Style Meat Sauce 677g,RAGU OLD WORLD STYLE MEAT SAUCE,Pack size : 677g,Average Nutritional Value As Per 100g,PER_100G,90,376.56,2,12,7,4,,,2,0.48,0,,Sauce,Paste,Food,,,
all_categories_combined,642|726|853,3,Ranee Chef39s Special Parboiled Basmati Rice 2Kg,RANEE CHEF39S SPECIAL PARBOILED BASMATI RICE,Pack size : 2kg,Average Nutritional Value As Per 100g,PER_100G,357,1493,8.6,79,,0.9,,,1.8,0.0041,0.01025,,Rice,Solid,Food,,,missing_sugar|salt_derived_from_sodium
all_categories_combined,747|781,2,Ranee Classic Basmati Rice 1Kg,RANEE CLASSIC BASMATI RICE,Pack size : 1kg,,ASSUMED_PER_100G,77,,344,100,1.4,0.0001,,,,,,,Food,,6.7g,1439kJ,Solid,assumed_per_100g_missing_portion|missing_sodium
all_categories_combined,731|741,2,Ranee Everyday Long Grain Rice 2Kg,RANEE EVERYDAY LONG GRAIN RICE,Pack size : 2kg,Average Nutritional Value As Per 100g,PER_100G,130,543,2.7,28,0.1,0.3,,,0.4,0.001,0.0025,,Rice,Solid,Food,,,salt_derived_from_sodium
all_categories_combined,739,1,Ranee Long Grain Biryani Rice 2Kg,RANEE LONG GRAIN BIRYANI RICE,Pack size : 2kg,Average Nutritional Value As Per 100g,PER_100G,350,1464,8.8,78,,0.47,,,1.6,0.0017,0.00425,,Rice,Solid,Food,,,missing_sugar|salt_derived_from_sodium
all_categories_combined,590|596|632,3,Ranee Premium Basmati Rice 5Kg,RANEE PREMIUM BASMATI RICE,Pack size : 5kg,,ASSUMED_PER_100G,78,,350,100,1.6,0.0017,,,,,,,Food,,8.8g,1464kJ,Solid,assumed_per_100g_missing_portion|missing_sodium
all_categories_combined,828,1,Ranee Premium Spaghetti Pasta 400G,RANEE PREMIUM SPAGHETTI PASTA,Pack size : 400g,Average Nutritional Value As Per 100g,PER_100G,345,1443.48,11,73,0,0,,,0,,,,Pasta,Solid,Food,,,missing_sodium
all_categories_combined,605,1,Ranee Spaghetti Standard 400G,RANEE SPAGHETTI STANDARD,Pack size : 400G,Average Nutritional Value As Per 100g,PER_100G,351,1468.58,14,69,3.4,1.5,,,2.9,,,,Spaghetti,Solid,Food,,,missing_sodium
all_categories_combined,3533,1,Rani Juice Strawberry 240Ml,RANI JUICE STRAWBERRY,Pack size : 240ML,Average Nutritional Value As Per 100ml,PER_100ML,60,251.04,,15.1,11.4,,,,,,,,Drink,Liquid,Beverage,"Strawberry, Banana",,missing_sodium|missing_total_fat
all_categories_combined,4667|4675|4688,3,Rapra's Chocolate Drinking Powder 100g,RAPRA S CHOCOLATE DRINKING POWDER,Pack size : 100g,Average Nutritional Value As Per 100g,PER_100G,373,1560.63,9,51,,10,,,,,,,Drinking Powder,Powder,Food,Chocolate,,missing_sodium|missing_sugar
all_categories_combined,4674|4691,2,Rapra's Drinking Chocolate 100g,RAPRA S DRINKING CHOCOLATE,Pack size : 100g,Average Nutritional Value As Per 100g,PER_100G,373,1560.63,9,51,0,10,,,,,,,Drinking,Powder,Food,Chocolate,,missing_sodium
all_categories_combined,463,1,Rapras Instant Energy Plus Pure Glucose Tablets 80g,RAPRAS INSTANT ENERGY PLUS PURE GLUCOSE TABLETS,Pack size : 80g,Average Nutritional Value As Per 100g,PER_100G,219,916.296,,55,55,,,,,0.012,0.03,,Glucose Tablets,Solid,Food,,,missing_total_fat|sodium_derived_from_salt
all_categories_combined,1097,1,Reaktor Simba Energy Drink 300ml,REAKTOR SIMBA ENERGY DRINK,Pack size : 300ml,Average Nutritional Value As Per 330ml,PER_330ML_SCALED,11.8182,49.4473,0,2.72727,2.72727,0,,,0,0,0,,Energy Drink,Liquid,Food,,,salt_derived_from_sodium
all_categories_combined,838,1,Real Aromatic Pishori Basmati Rice 1kg,REAL AROMATIC PISHORI BASMATI RICE,Pack size : 1kg,Average Nutritional Value As Per 100g,PER_100G,670,2803.28,14,150,0,3,,,0,0,0,,Basmati Rice,,Food,,,salt_derived_from_sodium
all_categories_combined,4396,1,Real Honey 1kg,REAL HONEY,Pack size : 1kg,Average Nutritional Value As Per 100g,PER_100G,309,1292.86,1.49,75,,,,,0.13,0.074,0.185,,Honey,Liquid,Food,,,missing_sugar|missing_total_fat|salt_derived_from_sodium
all_categories_combined,2640,1,Real Thai Red Curry Paste 227g,REAL THAI RED CURRY PASTE,Pack size : 227g,Average Nutritional Value As Per 100g,PER_100G,15,62.76,1,2,1,0.5,,,1,0.69,1.725,,Red Curry Paste,Paste,Food,Red Curry,,salt_derived_from_sodium
all_categories_combined,2665,1,Real Thai Rice Stick 375g,REAL THAI RICE STICK,Pack size : 375g,Average Nutritional Value As Per 55g,PER_55G_SCALED,363.636,1520,7.27273,81.8182,0,0,,,0,0.0181818,0.0454545,,Rice Stick,Solid,Food,,,salt_derived_from_sodium
all_categories_combined,2236,1,Real Thai Spring Rolls Sauce 200ml,REAL THAI SPRING ROLLS SAUCE,Pack size : 200ml,Average Nutritional Value As Per 19ml,PER_19ML_SCALED,210.526,878.947,0,52.6316,52.6316,0,,,0,0.710526,1.77632,,Spring Rolls Sauce,Paste,Food,,,salt_derived_from_sodium
all_categories_combined,1077,1,"Red Bull Energy Drink, 250 Ml",RED BULL ENERGY DRINK,Pack size : 250ml,"33 mg/ 100 ml of caffeine/ B-group vitamins: niacinamide (vitamin B3), pantothenic acid (vitamin B5), vitamin B6 and vitamin B12/ Taurine/ Natural/ Artificial flavor/ Alpine water/ Energy Drink",PER_100ML,46,6.7,0,11,11,0,,,0,0.004,0,,Energy Drink,Liquid,Energy Drink,Red Bull,,
all_categories_combined,165,1,Reflexx Caramel Filled With Coconut Eclairs Toffee 80G,REFLEXX CARAMEL FILLED WITH COCONUT ECLAIRS TOFFEE,Pack size : 80g,Average Nutritional Value As Per 100g,PER_100G,50,210,1.2,19.5,16.4,5.5,,,,,,,Eclairs Toffee,Solid,Food,"Caramel, Coconut",,missing_sodium
all_categories_combined,166|168,2,Reflexx Caramel Filled With Coffee Eclairs Toffee 80G,REFLEXX CARAMEL FILLED WITH COFFEE ECLAIRS TOFFEE,Pack size : 80g,Average Nutritional Value As Per 100g,PER_100G,71,301,3.8,76,49,0.4,,,,0.224,0.56,,Eclairs Toffee,Solid,Food,"Caramel, Coffee",,sodium_derived_from_salt
all_categories_combined,167|175,2,Reflexx Caramel Filled With Creamy Milk Eclairs Toffee 80G,REFLEXX CARAMEL FILLED WITH CREAMY MILK ECLAIRS TOFFEE,Pack size : 80g,Average Nutritional Value As Per 100g,PER_100G,60,253,5,6.8,0,0.3,,,,,,,Eclairs Toffee,Solid,Food,Caramel,,missing_sodium
all_categories_combined,174,1,Reflexx Eclairs Caramel 200G,REFLEXX ECLAIRS CARAMEL,Pack size : 200g,Average Nutritional Value As Per 100g,PER_100G,65,280,1.2,19.5,16.4,5.5,,,,,,,Eclairs Caramel,Solid,Food,,,missing_sodium
all_categories_combined,3332,1,Reflexx Menthe Fraiche Candy 13g,REFLEXX MENTHE FRAICHE CANDY,Pack size : 13g,Average Nutritional Value As Per 100g,PER_100G,3,12.552,0.2,0.5,,,,,0.4,0.002,0.005,,Candy,Solid,Food,,,missing_sugar|missing_total_fat|salt_derived_from_sodium
all_categories_combined,1098,1,Reload Isotonic Lemon Drink 500ml,RELOAD ISOTONIC LEMON DRINK,Pack size : 500ml,Average Nutritional Value As Per 336ml,PER_336ML_SCALED,23.8095,99.619,,6.54762,6.25,,,,,0.0446429,0.111607,,Drink,Liquid,Beverage,Lemon,,missing_total_fat|salt_derived_from_sodium
all_categories_combined,1100,1,Reload Lemon Isotonic Drink 250ml,RELOAD LEMON ISOTONIC DRINK,Pack size : 250ml,Average Nutritional Value As Per 360ml,PER_360ML_SCALED,22.2222,92.9778,0,6.11111,5.83333,0,,,,0.0416667,0.104167,,Isotonic Drink,Liquid,Beverages,Lemon,,salt_derived_from_sodium
all_categories_combined,1099|1101,2,Reload Orange Isotonic Drink 250ml,RELOAD ORANGE ISOTONIC DRINK,Pack size : 250ml,Average Nutritional Value As Per 100ml,PER_100ML,25,104.6,0.1,5.8,3.7,0.1,,,,0.068,0.17,,Isotonic Drink,Liquid,Beverages,Orange,,sodium_derived_from_salt
all_categories_combined,991|993,2,Ribena Blackcurrant Juice 1L,RIBENA BLACKCURRANT JUICE,Pack size : 1L,Average Nutritional Value As Per 250ml,PER_250ML_SCALED,8.4,35.1456,,1.6,1.6,,,,,0,0,,Juice,Liquid,Beverage,Blackcurrant,,missing_total_fat|salt_derived_from_sodium
all_categories_combined,992,1,"Ribena Blackcurrant, Strawberry Juice 250Ml",RIBENA BLACKCURRANT STRAWBERRY JUICE,Pack size : 250ml,Average Nutritional Value As Per 100ml,PER_100ML,4,17,,0.5,0.5,,,,,,,,Juice,Liquid,Beverage,"Blackcurrant, Strawberry",,missing_sodium|missing_total_fat
all_categories_combined,2431|2432|2435,3,Rina Vegetable Cooking Oil 5L,RINA VEGETABLE COOKING OIL,Pack size : 5L,Average Nutritional Value As Per 100ml,PER_100ML,120,502.08,,,,14,,,,,,,Cooking Oil,Liquid,Food,,,missing_sodium|missing_sugar
all_categories_combined,2443,1,Rina Vegetable Oil 10L,RINA VEGETABLE OIL,Pack size : 10L,Average Nutritional Value As Per 100ml,PER_100ML,120,502.08,,,,14,,,,,,,Cooking Oil,Liquid,Food,,,missing_sodium|missing_sugar
all_categories_combined,3372,1,Ring Pop Sour Cherry Lollipop Candy Assorted 14g,RING POP SOUR CHERRY LOLLIPOP CANDY ASSORTED,Pack size : 14g,Average Nutritional Value As Per 14g,PER_14G_SCALED,428.571,1792.86,0,100,50,0,,,,0.25,0.625,,Lollipop Candy,Solid,Food,Cherry,,salt_derived_from_sodium
all_categories_combined,2512,1,Rinsun 100 Sunflower Oil 20L,RINSUN 100 SUNFLOWER OIL,Pack size : 20L,Average Nutritional Value As Per 100g,PER_100G,899,3761.42,,,,99.9,,,,,,,Sunflower Oil,Liquid,Food,,,missing_sodium|missing_sugar
all_categories_combined,2509,1,Rinsun Sunflower Oil 5L,RINSUN SUNFLOWER OIL,Pack size : 5L,Average Nutritional Value As Per 100g,PER_100G,899,3761.42,,,,99.9,,,,,,,Sunflower Oil,Liquid,Food,,,missing_sodium|missing_sugar
all_categories_combined,914,1,Riscossa 1B Spaghetti Pasta 500g,RISCOSSA 1B SPAGHETTI PASTA,Pack size : 500g,Average Nutritional Value As Per 85g,PER_85G_SCALED,364.706,1525.93,12.9412,74.1176,3.52941,1.17647,,,,0.00235294,0.00588235,,Pasta,Solid,Food,,,salt_derived_from_sodium
all_categories_combined,856,1,Riscossa 2 Spaghetti Pasta 500g,RISCOSSA 2 SPAGHETTI PASTA,Pack size : 500g,Average Nutritional Value As Per 85g,PER_85G_SCALED,364.706,1525.93,12.9412,74.1176,3.52941,1.17647,,,,0.00235294,0.00588235,,Pasta,Solid,Food,,,salt_derived_from_sodium
all_categories_combined,744,1,Riscossa 24 Penne Zitoni Pasta 500g,RISCOSSA 24 PENNE ZITONI PASTA,Pack size : 500g,Average Nutritional Value As Per 100g,PER_100G,355,1485.32,12,75,,1,,,,,,,Pasta,Solid,Food,,,missing_sodium|missing_sugar
all_categories_combined,686,1,Riscossa 25 Penne Zito Rigate Pasta 500g,RISCOSSA 25 PENNE ZITO RIGATE PASTA,Pack size : 500g,Average Nutritional Value As Per 100g,PER_100G,355,1485.32,12,75,,1,,,,,,,Pasta,Solid,Food,,,missing_sodium|missing_sugar
all_categories_combined,3231,1,Ritter Sport Butter Biscuit Chocolate 100G,RITTER SPORT BUTTER BISCUIT CHOCOLATE,Pack size : 100g,Average Nutritional Value As Per 100g,PER_100G,544,2269,6.2,57,50,32,,,,0.132,0.33,,Biscuit,Solid,Food,Butter.,,sodium_derived_from_salt
all_categories_combined,2850,1,Ritter Sport Dark Whole Almonds 100G,RITTER SPORT DARK WHOLE ALMONDS,Pack size : 100g,Average Nutritional Value As Per 100g,PER_100G,560,2329,9.5,37,15,39,,,,,,,Dark Chocolate,Solid,Food,Almonds,,missing_sodium
all_categories_combined,3230,1,Ritter Sport Fine Milk chocolate 100G,RITTER SPORT FINE MILK CHOCOLATE,Pack size : 100g,Average Nutritional Value As Per 100g,PER_100G,565,2363.96,6.5,52,52,36,,,,,,,Milk Chocolate,Solid,Food,,,missing_sodium
all_categories_combined,3232,1,Ritter Sport Marzipan chocolate 100G,RITTER SPORT MARZIPAN CHOCOLATE,Pack size : 100g,Average Nutritional Value As Per 38g,PER_38G_SCALED,473.684,1981.58,5.26316,52.6316,47.3684,26.3158,,,5.26316,0,0,,Chocolate,Solid,Food,,,salt_derived_from_sodium
all_categories_combined,3233,1,Ritter Sport Praline chocolate 100G,RITTER SPORT PRALINE CHOCOLATE,Pack size : 100g,Average Nutritional Value As Per 100g,PER_100G,558,2334.67,7.4,53,51,35,,,,0.13,0.325,,Chocolate,Solid,Food,,,salt_derived_from_sodium
all_categories_combined,112,1,Ritz Cheese Sandwich Crackers 118g,RITZ CHEESE SANDWICH CRACKERS,Pack size : 118g,Average Nutritional Value As Per 100g,PER_100G,507,2121,6.9,56.3,15.3,28.3,,,0,0.188,0.47,,Crackers,Solid,Food,,,sodium_derived_from_salt
all_categories_combined,1808,1,Robertson's Portuguese Chicken Spices 72g,ROBERTSON S PORTUGUESE CHICKEN SPICES,Pack size : 72g,Average Nutritional Value As Per 100g,PER_100G,185,774.04,10,32.5,5.4,4.8,,,7,,,,Chicken Spice,Powder,Food,,,missing_sodium
all_categories_combined,2175,1,Robertson's Salt And Vinegar 103g,ROBERTSON S SALT AND VINEGAR,Pack size : 103g,Average Nutritional Value As Per 100g,PER_100G,205,857,0,30,21,1,,,0,1.866,4.665,,Salt And Vinegar,Powder,Food,Vinegar,,salt_derived_from_sodium
all_categories_combined,1851,1,Robertsons Fish Spices 78g,ROBERTSONS FISH SPICES,Pack size : 78g,Average Nutritional Value As Per 100g,PER_100G,198,828.432,9,39.5,1.3,2.1,,,3.7,,,,Fish Spices,Powder,Food,,,missing_sodium
all_categories_combined,1873,1,Robertsons Turmeric 58Gm,ROBERTSONS TURMERIC,Pack size : 58g,Average Nutritional Value As Per 100g,PER_100G,312,1305.41,9.7,67,3.2,3.3,,,23,0.027,0.0675,,Turmeric Powder,Powder,Food,,,salt_derived_from_sodium
all_categories_combined,1860,1,Robertsons Veggie Seasoning 66g,ROBERTSONS VEGGIE SEASONING,Pack size : 66g,Average Nutritional Value As Per 100g,PER_100G,300,1255.2,20,60,0,0,,,20,0.4,1,,Veggie Seasoning,Powder,Food,,,salt_derived_from_sodium
all_categories_combined,181,1,Rolo Little Pouch Bag 103G,ROLO LITTLE POUCH BAG,Pack size : 103g,Average Nutritional Value As Per 100g,PER_100G,495,2083,3.9,66.1,60.1,23.7,,,1,0.104,0.26,,Chocolate,Solid,Food,,,sodium_derived_from_salt
all_categories_combined,4463,1,Rose Bonkers Banana Spray Candy 50ml,ROSE BONKERS BANANA SPRAY CANDY,Pack size : 50ml,Average Nutritional Value As Per 10ml,PER_10ML_SCALED,800,3347.2,0,160,160,0,,,0,0,0,,Spray Candy,Liquid,Food,Banana,,salt_derived_from_sodium
all_categories_combined,177,1,Rose Candy Toilet Chocolate 15G,ROSE CANDY TOILET CHOCOLATE,Pack size : 15g,Average Nutritional Value As Per 100g,PER_100G,343,1435,,84.5,68.4,1,,,,,,,Toilet Candy,Solid,Food,,,missing_sodium
all_categories_combined,2762,1,Rose Ice Cream Twist And Dip Lollipop 27g,ROSE ICE CREAM TWIST AND DIP LOLLIPOP,Pack size : 27g,Average Nutritional Value As Per 100g,PER_100G,392,1666,0,98,88,0,,,,,,,Lollipop,Solid,Food,,,missing_sodium
all_categories_combined,2767,1,Rose Nutcracker Classic Candy Canes 100g,ROSE NUTCRACKER CLASSIC CANDY CANES,Pack size : 100g,Average Nutritional Value As Per 100g,PER_100G,395,1650,0,93,93,0,,,,0,0,,Candy Canes,Solid,Food,"Peppermint, Chocolate",,sodium_derived_from_salt
all_categories_combined,4444,1,Rose Sweet And Sour Double Spray Fruit Candy Spray 12ml,ROSE SWEET AND SOUR DOUBLE SPRAY FRUIT CANDY SPRAY,Pack size : 12ml,Average Nutritional Value As Per 100ml,PER_100ML,131,564,0,31,31,0,,,,0.12,0.3,,Candy Spray,Liquid,Food,Fruit,,sodium_derived_from_salt
all_categories_combined,4619,1,Roses Lemon And Lime Fine Cut Marmalade Jam 454g,ROSES LEMON AND LIME FINE CUT MARMALADE JAM,Pack size : 454g,Average Nutritional Value As Per 100g,PER_100G,265,1124,0.1,1,53.8,0,,,,0.124,0.31,,Jam,Paste,Food,"Lemon, Lime",,sodium_derived_from_salt
all_categories_combined,4466,1,Rowntrees Fruit Pastile 143G,ROWNTREES FRUIT PASTILE,Pack size : 143g,Average Nutritional Value As Per 100g,PER_100G,355,1508,0.1,88.6,61.4,0.1,,,0,0.092,0.23,,Fruit Pastilles,Solid,Food,,,sodium_derived_from_salt
all_categories_combined,1038,1,Royal Club Tonic Water 500Ml,ROYAL CLUB TONIC WATER,Pack size : 500ml,Average Nutritional Value As Per 100ml,PER_100ML,36,149,,8.6,8.6,,,,,,,,Tonic Water,Liquid,Beverages,,,missing_sodium|missing_total_fat
all_categories_combined,783,1,Royal Macaroni Penne Rigate Pasta 400g,ROYAL MACARONI PENNE RIGATE PASTA,Pack size : 400g,Average Nutritional Value As Per 100g,PER_100G,45,188.28,1,10,16,,,,1,0.01,0.025,,Pasta,Solid,Food,,,missing_total_fat|salt_derived_from_sodium
all_categories_combined,593,1,Royal Macaroni Shell Pasta 400g,ROYAL MACARONI SHELL PASTA,Pack size : 400g,Average Nutritional Value As Per 100g,PER_100G,45,188.28,1,10,16,,,,1,0.01,0.025,,Pasta,Solid,Food,,,missing_total_fat|salt_derived_from_sodium
all_categories_combined,662,1,Royal Premium Quality Macaroni Fussilli 400g,ROYAL PREMIUM QUALITY MACARONI FUSSILLI,Pack size : 400g,Average Nutritional Value As Per 100g,PER_100G,360,1506.24,12.5,75,,1.1,,,,,,,Fussilli,Solid,Food,,,missing_sodium|missing_sugar
all_categories_combined,884,1,Royal Spaghetti 500g,ROYAL SPAGHETTI,Pack size : 500g,Average Nutritional Value As Per 100g,PER_100G,160,669,36,2,5,,,,2,0.015,0.0375,,Spaghetti,Solid,Food,,,missing_total_fat|salt_derived_from_sodium
all_categories_combined,595|636|641,3,Royal Umbrella Thai Jasmine Rice 5Kg,ROYAL UMBRELLA THAI JASMINE RICE,Pack size : 5Kg,Average Nutritional Value As Per 100g,PER_100G,350,1488,6.7,79,,0.7,,,1,0.0002,0.0005,,Rice,Solid,Food,,,missing_sugar|salt_derived_from_sodium
all_categories_combined,2363|2387,2,Royale Garden Premium Light Soy Sauce 625ml,ROYALE GARDEN PREMIUM LIGHT SOY SAUCE,Pack size : 625ml,Average Nutritional Value As Per 15ml,PER_15ML_SCALED,166.667,697.333,8,33.3333,8,0,,,,,,,Soy Sauce,Liquid,Food,,,missing_sodium
all_categories_combined,2388,1,Royale Whole Mushroom 625g,ROYALE WHOLE MUSHROOM,Pack size : 625g,Average Nutritional Value As Per 100g,PER_100G,19,79,2,,,,,,2,0.28,0.7,,Whole Mushroom,Solid,Food,,,missing_sugar|missing_total_fat|salt_derived_from_sodium
all_categories_combined,2203,1,"Royco Fortified Chicken Cubes, For nutritious meals full of flavour, 4g x 40",ROYCO FORTIFIED CHICKEN CUBES FOR NUTRITIOUS MEALS FULL OF FLAVOUR X 40,Pack size : 40 Pieces,Average Nutritional Value As Per 100g,PER_100G,116,485,5,17.8,18.2,3,,,0.8,,,,Chicken Cubes,Solid,Food,Chicken,,missing_sodium
all_categories_combined,1785|2210|2212,3,"Royco Mchuzi Mix Chicken, For Thicker, Richer Stews, Seasoning Powder, 170g",ROYCO MCHUZI MIX CHICKEN FOR THICKER RICHER STEWS SEASONING POWDER,Pack size : 170g,Average Nutritional Value As Per 100g,PER_100G,255,1066.92,1,62,16,1,,,,,,,Mchuzi Mix,Powder,Food,,,missing_sodium
all_categories_combined,2208,1,"Royco Mchuzi Mix Tomato, Ginger & Garlic, For Thicker, Richer Stews, Seasoning Powder, 200g​",ROYCO MCHUZI MIX TOMATO GINGER GARLIC FOR THICKER RICHER STEWS SEASONING POWDER,Pack size : 200g,Average Nutritional Value As Per 100g,PER_100G,139,583,1.2,19.5,16.4,5.5,,,,,,,Mchuzi Mix,Powder,Food,"Tomato, Ginger, Garlic",,missing_sodium
all_categories_combined,825,1,S&S Premium Basmati Rice 2Kg,S S PREMIUM BASMATI RICE,Pack size : 2Kg,Average Nutritional Value As Per 100g,PER_100G,350,1464,8.8,78,,,,,1.6,0.0017,0.00425,,Rice,Solid,Food,,,missing_sugar|missing_total_fat|salt_derived_from_sodium
all_categories_combined,2301,1,Sacla Intenso Tomato And Chilli Sauce 190g,SACLA INTENSO TOMATO AND CHILLI SAUCE,Pack size : 190g,Average Nutritional Value As Per 100g,PER_100G,254,1047,2.4,8.1,8,22.7,,,3.6,0.44,1.1,,Sauce,Paste,Food,"Tomato, Chilli",,sodium_derived_from_salt
all_categories_combined,2273,1,Sacla Intenso Tomato And Garlic Pasta Sauce 190g,SACLA INTENSO TOMATO AND GARLIC PASTA SAUCE,Pack size : 190g,,ASSUMED_PER_100G,7.5,6,189,100,3.6,,,,,,,,Food,"Tomato, Garlic",2.2g,782kJ,Paste,assumed_per_100g_missing_portion|missing_sodium|missing_total_fat
all_categories_combined,2335,1,Sacla Intenso Tomato And Olive Pasta Sauce 190g,SACLA INTENSO TOMATO AND OLIVE PASTA SAUCE,Pack size : 190g,Average Nutritional Value As Per 100g,PER_100G,192,789,1.5,2.9,2.7,18.7,,,,0.372,0.93,,Pasta Sauce,Paste,Food,,,sodium_derived_from_salt
all_categories_combined,2350,1,Sacla Oven Roasted Tomato Sauce 190g,SACLA OVEN ROASTED TOMATO SAUCE,Pack size : 190g,Average Nutritional Value As Per 100g,PER_100G,188,779,3.2,7.6,4.7,16,,,0.4,0,0,,Tomato Sauce,Paste,Food,,,salt_derived_from_sodium
all_categories_combined,1281,1,Sacla Vegan Basil Pesto Sauce 190g,SACLA VEGAN BASIL PESTO SAUCE,Pack size : 190g,Average Nutritional Value As Per 100g,PER_100G,384,1585,2.5,9.4,1.2,37,,,1.7,,,,Sauce,Paste,Food,Basil,,missing_sodium
all_categories_combined,284,1,Saf Instant 2 In 1 Plus Bread Improver 500g,SAF INSTANT 2 IN 1 PLUS BREAD IMPROVER,Pack size : 500g,Average Nutritional Value As Per 10g,PER_10G_SCALED,360,1506.2,0,50,20,10,,,0,0.02,0.05,,Bread Improver,Powder,Food,,,salt_derived_from_sodium
all_categories_combined,280,1,Saf The Original Active Dry Instant Yeast 500g,SAF THE ORIGINAL ACTIVE DRY INSTANT YEAST,Pack size : 500g,Average Nutritional Value As Per 1g,PER_1G_SCALED,,3500,500,500,,100,,,,,,,Yeast,Powder,Food,,,missing_sodium|missing_sugar
all_categories_combined,1562,1,Safari Lounge Espresso Blend Dark Roast Coffee 375g,SAFARI LOUNGE ESPRESSO BLEND DARK ROAST COFFEE,Pack size : 375g,Average Nutritional Value As Per 100g,PER_100G,79,330,3,14,,2,,,,,,,Coffee,Powder,Food,,,missing_sodium|missing_sugar
all_categories_combined,1564,1,Safari Lounge Gourmet Coffee Ground 375g,SAFARI LOUNGE GOURMET COFFEE GROUND,Pack size : 375g,Average Nutritional Value As Per 100g,PER_100G,400,1673.6,13,68,0,10,,,0,0,0,,Coffee Beans,Solid,Food,,,salt_derived_from_sodium
all_categories_combined,1742,1,Safari Lounge Tanzanian Espresso Coffee Capsules 10 Pieces,SAFARI LOUNGE TANZANIAN ESPRESSO COFFEE CAPSULES,Pack size : 10 Pieces,Average Nutritional Value As Per 100g,PER_100G,2.4,10.0416,0.3,0,0,0.1,,,0,0.0047,0.01175,,Coffee Capsules,Solid,Food,,,salt_derived_from_sodium
all_categories_combined,1745,1,Safari Lounge Ugandan Espresso Coffee Capsules 10 Pieces,SAFARI LOUNGE UGANDAN ESPRESSO COFFEE CAPSULES,Pack size : 10 Pieces,Average Nutritional Value As Per 100g,PER_100G,2.4,10.0416,0.3,0,0,0.1,,,0,0.0047,0.01175,,Coffee Capsules,Solid,Food,,,salt_derived_from_sodium
all_categories_combined,398,1,Samwa Arrow Root Flour 250g,SAMWA ARROW ROOT FLOUR,Pack size : 250g,Average Nutritional Value As Per 100g,PER_100G,65,260,4.5,13.3,0,0.2,,,0,0.2,0,,Arrow Root Flour,Powder,Food,Arrow Root,,
all_categories_combined,422,1,Samwa Cassava Flour 250g,SAMWA CASSAVA FLOUR,Pack size : 250g,Average Nutritional Value As Per 100g,PER_100G,349,1425,3,82.3,0,0.3,,,1.9,0.4,0,,Cassava Flour,Powder,Food,,,
all_categories_combined,409|432,2,Samwa Green Banana Flour 250g,SAMWA GREEN BANANA FLOUR,Pack size : 250g,Average Nutritional Value As Per 100g,PER_100G,346,1400,3.9,88.3,0,1.8,,,9.9,0,0,,Green Banana Flour,Powder,Food,Green Banana,,
all_categories_combined,1315|1316,2,Samwa Natural Foods Mango Ketchup 400g,SAMWA NATURAL FOODS MANGO KETCHUP,Pack size : 400g,Average Nutritional Value As Per 100g,PER_100G,102,426,1,23,22,0,,,0,1.8,4.5,,Ketchup,Paste,Food,Mango,,salt_derived_from_sodium
all_categories_combined,408,1,Samwa Natural Foods Pumpkin Flour 500g,SAMWA NATURAL FOODS PUMPKIN FLOUR,Pack size : 500g,Average Nutritional Value As Per 100g,PER_100G,353,1476,57,5,,8,,,,,,,Pumpkin Flour,Powder,Food,Pumpkin,,missing_sodium|missing_sugar
all_categories_combined,1338,1,Samwa Natural Foods Spicy Ketchup 700g,SAMWA NATURAL FOODS SPICY KETCHUP,Pack size : 700g,Average Nutritional Value As Per 9g,PER_9G_SCALED,166.667,688.889,0,44.4444,33.3333,0,,,,2.44444,6.11111,,Ketchup,Paste,Food,Spicy,,salt_derived_from_sodium
all_categories_combined,1322,1,Samwa Natural Foods Spicy Mango Ketchup 700g,SAMWA NATURAL FOODS SPICY MANGO KETCHUP,Pack size : 700g,Average Nutritional Value As Per 100g,PER_100G,15,62,0,4,0,0,,,0,0,0,,Ketchup,Paste,Food,Mango,,salt_derived_from_sodium
all_categories_combined,1324|1335|1337,3,Samwa Natural Foods Tomato Ketchup 250g,SAMWA NATURAL FOODS TOMATO KETCHUP,Pack size : 250g,Average Nutritional Value As Per 100g,PER_100G,64,267,1,12,11,0,,,0,0.36,0.9,,Ketchup,Paste,Food,Tomato,,salt_derived_from_sodium
all_categories_combined,401|429,2,Samwa Sweet Potato Flour 250g,SAMWA SWEET POTATO FLOUR,Pack size : 250g,Average Nutritional Value As Per 100g,PER_100G,336,1405.82,3.4,75,3.5,1,,,,0.131,0.3275,,Sweet Potato Flour,Powder,Food,,,salt_derived_from_sodium
all_categories_combined,675,1,Santa Lucia Elbow Pasta 500g,SANTA LUCIA ELBOW PASTA,Pack size : 500g,Average Nutritional Value As Per 100g,PER_100G,350,1464.4,12,73,,1,,,,,,,Pasta,Solid,Food,,,missing_sodium|missing_sugar
all_categories_combined,609,1,Santa Lucia Farfalle Pasta 500g,SANTA LUCIA FARFALLE PASTA,Pack size : 500g,Average Nutritional Value As Per 100g,PER_100G,350,1464.4,12,73,,1,,,,,,,Pasta,Solid,Food,,,missing_sodium|missing_sugar
all_categories_combined,628,1,Santa Lucia Lumaca Pasta 500g,SANTA LUCIA LUMACA PASTA,Pack size : 500g,Average Nutritional Value As Per 100g,PER_100G,350,1464.4,12,73,,1,,,,,,,Pasta,Solid,Food,,,missing_sodium|missing_sugar
all_categories_combined,600,1,Santa Lucia Penne Rigate Pasta 500g,SANTA LUCIA PENNE RIGATE PASTA,Pack size : 500g,Average Nutritional Value As Per 100g,PER_100G,350,1464.4,12,73,,1,,,,,,,Pasta,Solid,Food,,,missing_sodium|missing_sugar
all_categories_combined,640,1,Santa Lucia Shell Pasta 500g,SANTA LUCIA SHELL PASTA,Pack size : 500g,Average Nutritional Value As Per 200g,PER_200G_SCALED,160,669.44,4,33.5,0.5,0.5,,,,,,,Pasta,Solid,Food,,,missing_sodium
all_categories_combined,560|568|667,3,Santa Lucia Spaghetti Pasta 400g,SANTA LUCIA SPAGHETTI PASTA,Pack size : 400g,Average Nutritional Value As Per 100g,PER_100G,354,1481.14,11,73,3,1,,,2,0.001,0.0025,,Spaghetti,Solid,Food,,,salt_derived_from_sodium
all_categories_combined,672,1,Santa Lucia Spirali Pasta 500g,SANTA LUCIA SPIRALI PASTA,Pack size : 500g,Average Nutritional Value As Per 100g,PER_100G,350,1464.4,12,72,1,1,,,3,,,,Pasta,Solid,Food,,,missing_sodium
all_categories_combined,687,1,Santa Lucia Tortgillion Pasta 500g,SANTA LUCIA TORTGILLION PASTA,Pack size : 500g,Average Nutritional Value As Per 100g,PER_100G,357,1493.69,12,75,,1,,,,,,,Pasta,Solid,Food,,,missing_sodium|missing_sugar
all_categories_combined,607,1,Santa Maria Cavatoni Pasta 400g,SANTA MARIA CAVATONI PASTA,Pack size : 400g,Average Nutritional Value As Per 100g,PER_100G,265,1108.76,11,30,,5,,,,,,,Pasta,Solid,Food,Cavatoni,,missing_sodium|missing_sugar
all_categories_combined,222,1,Santa Maria Chocolate Essence 40ml,SANTA MARIA CHOCOLATE ESSENCE,Pack size : 40ml,Average Nutritional Value As Per 29ml,PER_29ML_SCALED,344.828,1442.76,79.3103,6.89655,,,,,3.44828,0.62069,1.55172,,Essence,Liquid,Food,Cocoa,,missing_sugar|missing_total_fat|salt_derived_from_sodium
all_categories_combined,2316|2320,2,Santa Maria Double Concentrated Tomato Paste 70g,SANTA MARIA DOUBLE CONCENTRATED TOMATO PASTE,Pack size : 70g,Average Nutritional Value As Per 136g,PER_136G_SCALED,55.8824,233.75,2.94118,9.55882,5.88235,,,,1.47059,,,,Paste,Paste,Food,Tomato,,missing_sodium|missing_total_fat
all_categories_combined,2479,1,Santa Maria Evirgin Olive Oil 100ml,SANTA MARIA EVIRGIN OLIVE OIL,Pack size : 100ml,Average Nutritional value As Per 100g,PER_100G,900,3700,,,,100,,,,,,,Olive Oil,Liquid,Food,Olive,,missing_sodium|missing_sugar
all_categories_combined,2455|2478,2,Santa Maria Extra Virgin Olive Oil 1L,SANTA MARIA EXTRA VIRGIN OLIVE OIL,Pack size : 1L,Average Nutritional Value As Per 100g,PER_100G,900,3765.6,,,,100,,,,0,0,,Olive Oil,Liquid,Food,,,missing_sugar|sodium_derived_from_salt
all_categories_combined,571,1,Santa Maria Fusilli Pasta 400G,SANTA MARIA FUSILLI PASTA,Pack size : 400g,Average Nutritional Value As Per 100g,PER_100G,196,820.064,17,1,,13,,,,,,,Pasta,Solid,Food,,,missing_sodium|missing_sugar
all_categories_combined,869,1,Santa Maria Grandi Pasta 400G,SANTA MARIA GRANDI PASTA,Pack size : 400g,Average Nutritional Value As Per 100g,PER_100G,267,1117.13,10,32,,6,,,,,,,Pasta,Solid,Food,,,missing_sodium|missing_sugar
all_categories_combined,1352|1381,2,Santa Maria Mayonnaise 946ml,SANTA MARIA MAYONNAISE,Pack size : 946ml,Average Nutritional Value As Per 100g,PER_100G,453,1860,0,2.3,0,49,,,0,0,0,,Mayonnaise,Paste,Food,,,salt_derived_from_sodium
all_categories_combined,1516,1,Santa Maria Modena Balsamic Vinegar 500ml,SANTA MARIA MODENA BALSAMIC VINEGAR,Pack size : 500ml,Average Nutritional Value As Per 100ml,PER_100ML,88,368.19,0.5,17,15,,,,,0.023,0.0575,,Vinegar,Liquid,Food,,,missing_total_fat|salt_derived_from_sodium
all_categories_combined,205,1,Santa Maria Orange Food Colour 40ml,SANTA MARIA ORANGE FOOD COLOUR,Pack size : 40ml,Average Nutritional Value As Per 100g,PER_100G,73,305,1.3,16.5,12,0.2,,,2.8,0.013,0.0325,,Food Colour,Liquid,Food,,,salt_derived_from_sodium
all_categories_combined,1517|1521,2,Santa Maria Organic Apple Cider Vinegar 1L,SANTA MARIA ORGANIC APPLE CIDER VINEGAR,Pack size : 1L,Average Nutritional Value As Per 100ml,PER_100ML,9.57,40.04,0.11,2.17,,0.05,,,,0.017025,0.0425625,,Vinegar,Liquid,Food,Apple,,missing_sugar|salt_derived_from_sodium
all_categories_combined,1403|1427,2,Santa Maria Oyster Sauce 710g,SANTA MARIA OYSTER SAUCE,Pack size : 710g,Average Nutritional Value As Per 100g,PER_100G,77,322,2.6,15,,0.6,,,,,,,Sauce,Liquid,Food,,,missing_sodium|missing_sugar
all_categories_combined,1536,1,Santa Maria Red Wine Vinegar 500ml,SANTA MARIA RED WINE VINEGAR,Pack size : 500ml,Average Nutritional Value As Per 100ml,PER_100ML,2.8,11.71,,,,,,,,0.0012,0.003,,Vinegar,Liquid,Food,,,missing_sugar|missing_total_fat|salt_derived_from_sodium
all_categories_combined,225,1,Santa Maria Rose Pink Food Colour 40g,SANTA MARIA ROSE PINK FOOD COLOUR,Pack size : 40g,Average Nutritional Value As Per 100g,PER_100G,0.5,2,,,,,,,,0.016,0.04,,Food Colour,Liquid,Food,,,missing_sugar|missing_total_fat|salt_derived_from_sodium
all_categories_combined,587|912,2,Santa Maria Spaghetti Pasta 400g,SANTA MARIA SPAGHETTI PASTA,Pack size : 400g,Average Nutritional Value As Per 100g,PER_100G,348,1456.03,8.2,78,,0.5,,,,0.00075,0.001875,,Pasta,Solid,Food,,,missing_sugar|salt_derived_from_sodium
all_categories_combined,2380,1,Santa Maria Superior Dark Soy Sauce 150ml,SANTA MARIA SUPERIOR DARK SOY SAUCE,Pack size : 150ml,Average Nutritional Value As Per 100ml,PER_100ML,43,179,7,4,3,0,,,0,0.022,0.055,,Soy Sauce,Liquid,Food,,,salt_derived_from_sodium
all_categories_combined,1153,1,Santa Maria Superior Sweet Chilli Sauce 710g,SANTA MARIA SUPERIOR SWEET CHILLI SAUCE,Pack size : 710g,Average Nutritional Value As Per 100g,PER_100G,136,570,0,31,28,0.8,,,1,0.76,1.9,,Sweet Chilli Sauce,Paste,Food,Chilli,,sodium_derived_from_salt
all_categories_combined,2325,1,Santa Maria Tomato Paste 900G,SANTA MARIA TOMATO PASTE,,Average Nutritional Value As Per 100g,PER_100G,,,4,19,10.41,0.47,,,,0.098,0.245,,Food,Cream,Tomato Paste,,,salt_derived_from_sodium
all_categories_combined,2774,1,Sante Crunchy Banana And Chocolate Coating Muesli Bar 40g,SANTE CRUNCHY BANANA AND CHOCOLATE COATING MUESLI BAR,Pack size : 40g,Average Nutritional Value As Per 100g,PER_100G,420,1766,5,67,28,14,,,4.4,0.08,0.2,,Muesli Bar,Solid,Food,"Banana, Chocolate",,sodium_derived_from_salt
all_categories_combined,2779,1,Sante Crunchy Cranberry And Raspberry With Vanilla Coating Muesli Bar 40g,SANTE CRUNCHY CRANBERRY AND RASPBERRY WITH VANILLA COATING MUESLI BAR,Pack size : 40g,,ASSUMED_PER_100G,72,36,422,100,2.6,,,,0.3,,,,Food,"Cranberry, Raspberry",3.7g,1775kJ,Solid,assumed_per_100g_missing_portion|missing_sodium|missing_total_fat
all_categories_combined,3291,1,Sante Crunchy Natural Oat Flake 350g,SANTE CRUNCHY NATURAL OAT FLAKE,Pack size : 350g,Average Nutritional Value As Per 100g,PER_100G,422,1766,7.9,67,31,12,,,6,0,0,,Oat Flake,Solid,Food,,,salt_derived_from_sodium
all_categories_combined,2778,1,Sante Crunchy Nut And Almond With Chocolate Muesli Bar 40g,SANTE CRUNCHY NUT AND ALMOND WITH CHOCOLATE MUESLI BAR,Pack size : 40g,,ASSUMED_PER_100G,49,23,476,100,5.1,,,,0.05,,,,Food,"Nut, Almond",10.0g,1989kJ,Solid,assumed_per_100g_missing_portion|missing_sodium|missing_total_fat
all_categories_combined,2775,1,Sante Crunchy Nuts And Almonds Muesli Bar 40g,SANTE CRUNCHY NUTS AND ALMONDS MUESLI BAR,Pack size : 40g,Average Nutritional Value As Per 100g,PER_100G,473,1978,12,51,18,24,,,4.6,0.04,0.1,,Muesli Bar,Solid,Food,"Nuts, Almonds",,sodium_derived_from_salt
all_categories_combined,2780,1,Sante Crunchy Plum And Vanilla Coating Muesli Bar 40g,SANTE CRUNCHY PLUM AND VANILLA COATING MUESLI BAR,Pack size : 40g,Average Nutritional Value As Per 100g,PER_100G,412,1734,4.1,69,34,13,,,2.8,0.16,0.4,,Muesli Bar,Solid,Food,"Plum, Vanilla",,sodium_derived_from_salt
all_categories_combined,2900|2901,2,Sante Fruit Granola 350g,SANTE FRUIT GRANOLA,Pack size : 350g,Average Nutritional Value As Per 100g,PER_100G,448,1874,9.4,65,19,15,,,,0,0,,Granola,Solid,Food,Fruit,,salt_derived_from_sodium
all_categories_combined,3284,1,Sante No Added Wheat Chrunchy Fruit 350g,SANTE NO ADDED WHEAT CHRUNCHY FRUIT,Pack size : 350g,,ASSUMED_PER_100G,69,21,435,100,6,0.0001,,,,,,,Food,,7.5g,1820kJ,Solid,assumed_per_100g_missing_portion|missing_sodium
all_categories_combined,2906,1,Sante Nut Cereal Flakes Granola With Nut 350g,SANTE NUT CEREAL FLAKES GRANOLA WITH NUT,Pack size : 350g,Average Nutritional Value As Per 100g,PER_100G,465,1950,12,58,19,19,,,7.1,0.26,0.65,,Granola,Solid,Food,Nut,,sodium_derived_from_salt
all_categories_combined,3160,1,Sante Traditional Muesli 350g,SANTE TRADITIONAL MUESLI,Pack size : 350g,Average Nutritional Value As Per 100g,PER_100G,388,1623,12,67,12,5.6,,,11,0,0,,Muesli,Solid,Food,,,salt_derived_from_sodium
all_categories_combined,3152,1,Sante Tropical Muesli 350g,SANTE TROPICAL MUESLI,Pack size : 350g,Average Nutritional Value As Per 100g,PER_100G,356,1490,8.2,71,15,2.7,,,0,0,0,,Muesli,Solid,Food,,,salt_derived_from_sodium
all_categories_combined,2547,1,Sanwu Hotpot Soup Base 150g,SANWU HOTPOT SOUP BASE,Pack size : 150g,Average Nutritional Value As Per 100g,PER_100G,744,3113,4.5,1.5,1,80,,,0,0,0,,Soup Base,Powder,Food,Spicy,,salt_derived_from_sodium
all_categories_combined,1680|1717,2,Sasini Instant Coffee 100g,SASINI INSTANT COFFEE,Pack size : 100g,Average Nutritional Value As Per 2g,PER_2G_SCALED,50,209.2,5,15,,,,,,0.2,0.5,,Instant Coffee,Powder,Food,,,missing_sugar|missing_total_fat|salt_derived_from_sodium
all_categories_combined,1004,1,Savanah Punch Fruit Drink 2L,SAVANAH PUNCH FRUIT DRINK,Pack size : 2L,Average Nutritional Value As Per 100ml,PER_100ML,108,451,0.44,26.51,22.88,0.15,,,0.2,0.01,0.025,,Drink,Liquid,Beverage,,,salt_derived_from_sodium
all_categories_combined,1008,1,Savanah Punch Fruit Juice 1L,SAVANAH PUNCH FRUIT JUICE,Pack size : 1L,Average Nutritional Value As Per 100ml,PER_100ML,108,451.87,0.44,26.51,22.88,0.15,,,0.2,0.01,0.025,,Fruit Juice,Liquid,Beverage,,,salt_derived_from_sodium
all_categories_combined,995,1,Savanah Strawberry Juice 2L,SAVANAH STRAWBERRY JUICE,Pack size : 2L,Average Nutritional Value As Per 100g,PER_100G,90,376.56,0.71,18.49,18.25,1.42,,,0.2,0.002,0.005,,Juice,Liquid,Food,Strawberry,,salt_derived_from_sodium
all_categories_combined,921,1,Savoury Banana Crisps,SAVOURY BANANA CRISPS,,Average Nutritional Value As Per 100g,PER_100G,640,,12,44,0,48,,,0,0,0,,Banana Crisps,Solid,Food,,,salt_derived_from_sodium
all_categories_combined,1034|1035,2,Schweppes Tonic Water 500Ml,SCHWEPPES TONIC WATER,Pack size : 500Ml,Average Nutritional Value As Per 100ml,PER_100ML,130,543,,33,33,,,,,0.055,0.1375,,Tonic Water,Liquid,Beverage,,,missing_total_fat|salt_derived_from_sodium
all_categories_combined,1429,1,Sea Korus Premium Oyster Sauce 710g,SEA KORUS PREMIUM OYSTER SAUCE,Pack size : 710g,Average Nutritional Value As Per 19g,PER_19G_SCALED,131.579,550.526,3.15789,30,21.0526,0,,,,,,,Oyster Sauce,Liquid,Food,,,missing_sodium
all_categories_combined,2984|3000|3018,3,Sesia Fried Peanuts 100g,SESIA FRIED PEANUTS,Pack size : 100g,Average Nutritional Value As Per 25g,PER_25G_SCALED,600,2510.4,27.2,14,0,49.2,,,0,0.832,0.8,,Fried Peanuts,Solid,Food,,,
all_categories_combined,4255|4261,2,SESIA Pure Honey 500g,SESIA PURE HONEY,Pack size : 500g,Average Nutritional Value As Per 100g,PER_100G,322,1347.24,,82,82,,,,,0.01,0.025,,Honey,Paste,Food,,,missing_total_fat|salt_derived_from_sodium
all_categories_combined,4244|4247,2,SESIA Pure Honey Squeeze 500g,SESIA PURE HONEY SQUEEZE,Pack size : 500g,Average Nutritional Value As Per 100g,PER_100G,322,1347.24,,82,82,,,,,0.01,0.025,,Honey,Paste,Food,,,missing_total_fat|salt_derived_from_sodium
all_categories_combined,2982|3002|3017,3,Sesia Roasted Peanuts 100g,SESIA ROASTED PEANUTS,Pack size : 100g,Average Nutritional Value As Per 100g,PER_100G,594,2485.3,30,7.3,5.1,47,,,8.6,0.8,2,,Roasted Peanuts,Solid,Food,,,salt_derived_from_sodium
all_categories_combined,2567,1,Sha Er Ge Hot And Spicy Black Rice Crust 100g,SHA ER GE HOT AND SPICY BLACK RICE CRUST,Pack size : 100g,Average Nutritional Value As Per 30g,PER_30G_SCALED,1896.67,7935.65,73.3333,70,,153.333,,,,,,,Rice Crust,Solid,Food,,,missing_sodium|missing_sugar
all_categories_combined,2577,1,SHA ER GE Hot And Spicy Rice Crust Chips 100g,SHA ER GE HOT AND SPICY RICE CRUST CHIPS,Pack size : 100g,Average Nutritional Value As Per 25g,PER_25G_SCALED,524,2192.4,24,56,12,32,,,,0.58,1.45,,Rice Crust Chips,Solid,Food,,,salt_derived_from_sodium
all_categories_combined,1854,1,Shalimar Cardamom Powder 100g,SHALIMAR CARDAMOM POWDER,Pack size : 100g,Average Nutritional Value As Per 40g,PER_40G_SCALED,400,1673.6,5,80,,5,,,,,,,Cardamom Powder,Powder,Food,,,missing_sodium|missing_sugar
all_categories_combined,2129,1,Shalimar Chicken Masala 33g,SHALIMAR CHICKEN MASALA,Pack size : 33g,Average Nutritional Value As Per 100g,PER_100G,344.14,1440.01,9.19,56.94,,8.85,,,,0.258,0.645,,Chicken Masala,Powder,Food,,,missing_sugar|salt_derived_from_sodium
all_categories_combined,2131,1,Shalimar Chicken Pilau 46g,SHALIMAR CHICKEN PILAU,Pack size : 46g,Average Nutritional Value As Per 350g,PER_350G_SCALED,98.5714,412.423,7.71429,12.2857,1.14286,1.71429,,,0.857143,0.342857,0.857143,,Chicken Pilau Powder,Powder,Food,,,salt_derived_from_sodium
all_categories_combined,1941,1,Shalimar Chillies Powder 100g,SHALIMAR CHILLIES POWDER,Pack size : 100g,Average Nutritional Value As Per 100g,PER_100G,398,1665.23,16,52,,13,,,,,,,Chillies Powder,Powder,Food,,,missing_sodium|missing_sugar
all_categories_combined,2007,1,Shalimar Cumin Powder 100g,SHALIMAR CUMIN POWDER,Pack size : 100g,Average Nutritional Value As Per 100g,PER_100G,375,1567.5,18,44,2,22,,,10.5,0.168,0.42,,Cumin Powder,Powder,Food,,,salt_derived_from_sodium
all_categories_combined,1907,1,Shalimar Curry Powder 100g,SHALIMAR CURRY POWDER,Pack size : 100g,Average Nutritional Value As Per 8g,PER_8G_SCALED,437.5,1830.5,12.5,50,,12.5,,,37.5,8.375,20.9375,,Curry Powder,Powder,Food,,,missing_sugar|salt_derived_from_sodium
all_categories_combined,2106,1,Shalimar Fish Masala 32g,SHALIMAR FISH MASALA,Pack size : 32g,Average Nutritional Value As Per 100g,PER_100G,385.7,1627.1,16.5,58.1,,9.7,,,,1.4166,3.5415,,Fish Masala,Powder,Food,,,missing_sugar|salt_derived_from_sodium
all_categories_combined,2001,1,Shalimar Garlic Powder 100g,SHALIMAR GARLIC POWDER,Pack size : 100g,Average Nutritional Value As Per 5g,PER_5G_SCALED,360,1506.24,,60,,,,,40,0.08,0.2,,Garlic Powder,Powder,Food,,,missing_sugar|missing_total_fat|salt_derived_from_sodium
all_categories_combined,2013,1,Shalimar Ginger Powder 100g,SHALIMAR GINGER POWDER,Pack size : 100g,Average Nutritional Value As Per 100g,PER_100G,19,79.496,,3,,,,,,0.002,0.005,,Ginger Powder,Powder,Food,,,missing_sugar|missing_total_fat|salt_derived_from_sodium
all_categories_combined,2100,1,Shalimar Meat Curry Masala 32g,SHALIMAR MEAT CURRY MASALA,Pack size : 32g,Average Nutritional Value As Per 100g,PER_100G,126,527.18,3,5,0.8,2.8,,,1.2,0.195,0.4875,,Meat Curry Masala,Powder,Food,,,salt_derived_from_sodium
all_categories_combined,2099,1,Shalimar Meat Pilau Mix 46g,SHALIMAR MEAT PILAU MIX,Pack size : 46g,Average Nutritional Value As Per 429g,PER_429G_SCALED,234.732,982.118,4.31235,24.5221,,13.0303,,,,,,,Meat Pilau,Powder,Food,,,missing_sodium|missing_sugar
all_categories_combined,2124,1,Shalimar Mince Meat Masala 27g,SHALIMAR MINCE MEAT MASALA,Pack size : 27g,Average Nutritional Value As Per 350g,PER_350G_SCALED,98.5714,412.423,7.71429,12.2857,1.14286,1.71429,,,0.857143,0.342857,0.857143,,Mince Meat Masala,Powder,Food,,,salt_derived_from_sodium
all_categories_combined,2105,1,Shalimar Pilau Rice Mix 45g,SHALIMAR PILAU RICE MIX,Pack size : 45g,Average Nutritional Value As Per 100g,PER_100G,171,715.464,3,30,1,3,,,2,,,,Pilau Rice Mix,Powder,Food,,,missing_sodium
all_categories_combined,2096,1,Shalimar Prawns Piri Piri Spice 30g,SHALIMAR PRAWNS PIRI PIRI SPICE,Pack size : 30g,Average Nutritional Value As Per 150g,PER_150G_SCALED,90.6667,379.349,,,,2.66667,,,,,,,Prawns Piri Piri Spice,Powder,Food,,,missing_sodium|missing_sugar
all_categories_combined,2118,1,Shalimar's Chicken Tikka Mix 46g,SHALIMAR S CHICKEN TIKKA MIX,Pack size : 46g,Average Nutritional Value As Per 100g,PER_100G,126,527.18,3,5,0.8,2.8,,,1.2,0.195,0.4875,,Chicken Tikka Mix,Powder,Food,,,salt_derived_from_sodium
all_categories_combined,2103,1,Shalimar Shish Kebab Spice 35g,SHALIMAR SHISH KEBAB SPICE,Pack size : 35g,Average Nutritional Value As Per 100g,PER_100G,296,1238.46,12.5,38,19.5,9.5,,,,2.955,7.3875,,Shish Kebab Spice,Powder,Food,,,salt_derived_from_sodium
all_categories_combined,1850,1,Shalimar Turmeric Powder 100g,SHALIMAR TURMERIC POWDER,Pack size : 100g,Average Nutritional Value As Per 10g,PER_10G_SCALED,350,1464.4,,60,,10,,,20,0.03,0.075,,Turmeric Powder,Powder,Food,,,missing_sugar|salt_derived_from_sodium
all_categories_combined,2608,1,Shan Breakfast Nihari Mix 60g,SHAN BREAKFAST NIHARI MIX,Pack size : 60g,Average Nutritional Value As Per 10g,PER_10G_SCALED,300,1255.2,10,40,,10,,,20,13.3,33.25,,Nihari Mix,Powder,Food,,,missing_sugar|salt_derived_from_sodium
all_categories_combined,2613,1,Shan Chicken Ginger Seasoning Mix 50g,SHAN CHICKEN GINGER SEASONING MIX,,Average Nutritional Value As Per 10g,PER_10G_SCALED,300,1260,10,40,,10,,,10,9.1,22.75,,Seasoning Mix,Powder,Food,Ginger,,missing_sugar|salt_derived_from_sodium
all_categories_combined,2611,1,Shan Split White Urad Dal 1kg,SHAN SPLIT WHITE URAD DAL,Pack size : 1kg,Average Nutritional Value As Per 100g,PER_100G,364,1492,21.6,62.4,2.2,1.4,,,15.2,0.17,0,,White Urad Dal,Solid,Food,,,
all_categories_combined,2602,1,Shan White Urad Dal 500g,SHAN WHITE URAD DAL,Pack size : 500g,Average Nutritional Value As Per 100g,PER_100G,364,1522.9,21.6,62.4,2.2,1.4,,,15.2,0.17,0.425,,Urad Dal,Solid,Food,,,salt_derived_from_sodium
all_categories_combined,2395,1,Sharwood Korma Sauce 420G,SHARWOOD KORMA SAUCE,Pack size : 420g,Average Nutritional Value As Per 100g,PER_100G,96,401,1.1,9.2,6,5.9,,,0.9,0.268,0.67,,Sauce,Paste,Food,,,sodium_derived_from_salt
all_categories_combined,2400,1,Sharwood Tikka Masala Sauce 420G,SHARWOOD TIKKA MASALA SAUCE,Pack size : 420g,Average Nutritional Value As Per 100g,PER_100G,118,492,1.6,9.1,6,8,,,1.7,0.332,0.83,,Sauce,Paste,Food,,,sodium_derived_from_salt
all_categories_combined,2178,1,Sileo Fine Grain Natural Salt 250g,SILEO FINE GRAIN NATURAL SALT,Pack size : 250g,Average Nutritional Value As Per 100g,PER_100G,46.1,193,5.1,4.1,,1.3,,,,,,,Natural Salt,Solid,Food,,,missing_sodium|missing_sugar
all_categories_combined,2195,1,Sileo Natural Bath Crystal Salt 500g,SILEO NATURAL BATH CRYSTAL SALT,Pack size : 500g,Average Nutritional Value As Per 1g,PER_1G_SCALED,0,0,0,0,0,0,,,0,40,100,,Crystal Salt,Solid,Food,Salted,,salt_derived_from_sodium
all_categories_combined,2192,1,Sileo Natural Crystals Stone Salt 200g,SILEO NATURAL CRYSTALS STONE SALT,Pack size : 200g,Average Nutritional Value As Per 100g,PER_100G,46.1,193,5.1,4.1,0,1.3,,,,,,,Crystals Stone Salt,Solid,Food,,,missing_sodium
all_categories_combined,2193,1,Sileo Natural Fine Salt 500g,SILEO NATURAL FINE SALT,Pack size : 500g,Average Nutritional Value As Per 1g,PER_1G_SCALED,0,0,0,0,0,0,,,0,40,100,,Fine Salt,Solid,Food,Salted,,salt_derived_from_sodium
all_categories_combined,2167,1,Sileo Natural Salt 1kg,SILEO NATURAL SALT,Pack size : 1kg,Average Nutritional Value As Per 100g,PER_100G,46.1,193,5.1,4.1,,1.3,,,,,,,Salt,Powder,Food,,,missing_sodium|missing_sugar
all_categories_combined,2552,1,Silly Brother Garlic Peanuts 186g,SILLY BROTHER GARLIC PEANUTS,Pack size : 186g,Average Nutritional Value As Per 28g,PER_28G_SCALED,571.429,2389.29,25,21.4286,3.57143,46.4286,,,7.14286,0.428571,1.07143,,Peanuts,Solid,Food,Garlic,,salt_derived_from_sodium
all_categories_combined,1972,1,Simba Mbili Cinnamon Ground 100G,SIMBA MBILI CINNAMON GROUND,Pack size : 100G,Average Nutritional Value As Per 100g,PER_100G,16,66.944,0,5,0,0,,,0,0,0,,Ground Cinnamon,Powder,Food,Cinnamon,,
all_categories_combined,2044,1,Simba Mbili Cloves Ground Spices 100g,SIMBA MBILI CLOVES GROUND SPICES,Pack size : 100g,Average Nutritional Value As Per 100g,PER_100G,5,20.92,0,1,0,0,,,0,0.005,0,,Cloves Ground Spices,Powder,Food,Cloves,,
all_categories_combined,1784|1867,2,Simba Mbili Curry Powder 50g,SIMBA MBILI CURRY POWDER,Pack size : 50g,Average Nutritional Value As Per 100g,PER_100G,325,1359.8,13,58,2.8,14,,,33,0.052,0.13,,Curry Powder,Powder,Food,,,salt_derived_from_sodium
all_categories_combined,1922,1,Simba Mbili Dhana Jeera 100G,SIMBA MBILI DHANA JEERA,Pack size : 100G,Average Nutritional Value As Per 100g,PER_100G,8,33.472,0,0,0,0,,,0,0,0,,Ground Dhana Jeera,Powder,Food,Dhana Jeera,,
all_categories_combined,2243,1,Simba Mbili Dried Rosemary Leaves 20g,SIMBA MBILI DRIED ROSEMARY LEAVES,Pack size : 20g,Average Nutritional Value As Per 100g,PER_100G,1,4.184,0,1,0,0,,,0,0,0,,Rosemary Leaves,Solid,Food,Rosemary,,
all_categories_combined,2108,1,Simba Mbili Fish Masala 50g,SIMBA MBILI FISH MASALA,Pack size : 50g,Average Nutritional Value As Per 100g,PER_100G,385.7,1627.1,16.5,58.1,,9.7,,,,1.4166,3.5415,,Fish Masala,Powder,Food,,,missing_sugar|salt_derived_from_sodium
all_categories_combined,2127,1,Simba Mbili Garam Masala 50g,SIMBA MBILI GARAM MASALA,Pack size : 50g,Average Nutritional Value As Per 5g,PER_5G_SCALED,1600,6694.4,20,320,260,20,,,,3.8,9.5,,Garam Masala,Powder,Food,,,salt_derived_from_sodium
all_categories_combined,2021,1,Simba Mbili Ground Cardamom 100g,SIMBA MBILI GROUND CARDAMOM,Pack size : 100g,Average Nutritional Value As Per 100g,PER_100G,6,25.104,0,1,0,0,,,0,0,0,,Ground Cardamom,Powder,Food,Cardamom,,
all_categories_combined,1978,1,Simba Mbili Ground Cinnamon 50g,SIMBA MBILI GROUND CINNAMON,Pack size : 50g,Average Nutritional Value As Per 100g,PER_100G,247,1033,4,81,2.2,1.2,,,53,0.01,0.025,,Ground Cinnamon,Powder,Food,,,salt_derived_from_sodium
all_categories_combined,1981,1,Simba Mbili Ground Cumin 50g,SIMBA MBILI GROUND CUMIN,Pack size : 50g,Average Nutritional Value As Per 100g,PER_100G,334,1397.46,20,12,0,15,,,0,0,0,,Ground Cumin,Powder,Food,Cumin,,
all_categories_combined,2241,1,Simba Mbili Mixed Herbs 20g,SIMBA MBILI MIXED HERBS,Pack size : 20g,Average Nutritional Value As Per 100g,PER_100G,290,1213.36,11.1,55.3,,2.8,,,,,,,Mixed Herbs,Solid,Food,,,missing_sodium|missing_sugar
all_categories_combined,2025,1,Simba Mbili Mustard Powder 100G,SIMBA MBILI MUSTARD POWDER,Pack size : 100G,Average Nutritional Value As Per 2g,PER_2G_SCALED,500,2090,25,30,5,35,,,10,0.015,0.0375,,Mustard Powder,Powder,Food,,,salt_derived_from_sodium
all_categories_combined,2240,1,Simba Mbili Oregano 20g,SIMBA MBILI OREGANO,Pack size : 20g,Average Nutritional Value As Per 100g,PER_100G,355,1485.32,6.7,77,,2.2,,,,,,,Oregano,Solid,Food,,,missing_sodium|missing_sugar
all_categories_combined,1820,1,Simba Mbili Pure Ginger Powder 50g,SIMBA MBILI PURE GINGER POWDER,Pack size : 50g,Average Nutritional Value As Per 100g,PER_100G,20,83.68,,5,1,,,,,,,,Ginger Powder,Powder,Food,,,missing_sodium|missing_total_fat
all_categories_combined,1966,1,Simba Mbili Pure Red Chilly Powder 50g,SIMBA MBILI PURE RED CHILLY POWDER,Pack size : 50g,Average Nutritional Value As Per 100g,PER_100G,398,1665.23,16,52,,13,,,,,,,Red Chilly Powder,Powder,Food,,,missing_sodium|missing_sugar
all_categories_combined,2032,1,Simba Mbili Pure Red Chilly Powder100G,SIMBA MBILI PURE RED CHILLY POWDER100G,Pack size : 100G,Average Nutritional Value As Per 100g,PER_100G,398,1665.23,16,52,,13,,,,,,,Red Chilly Powder,Powder,Food,,,missing_sodium|missing_sugar
all_categories_combined,2086,1,Simba Mbili Spice Seasoning Chicken Masala 100g,SIMBA MBILI SPICE SEASONING CHICKEN MASALA,Pack size : 100g,Average Nutritional Value As Per 100g,PER_100G,300,1255.2,17,42,4,7,,,1,0.58,0,,Chicken Masala,Powder,Food,Chicken,,
all_categories_combined,139|153,2,Skippy Chunky Peanut Butter 340g,SKIPPY CHUNKY PEANUT BUTTER,Pack size : 340g,Average Nutritional Value As Per 100g,PER_100G,180,752.4,7,8,4,15,,,2,0.125,0.3125,,Peanut Butter,Paste,Frozen,,,salt_derived_from_sodium
all_categories_combined,137,1,Skippy Peanut Butter Creamy 340G,SKIPPY PEANUT BUTTER CREAMY,Pack size : 340g,Average Nutritional Value As Per 100g,PER_100G,350,1463,7,6,3,16,,,2,0.15,0.375,,Peanut Butter,Paste,Frozen,,,salt_derived_from_sodium
all_categories_combined,3080,1,Skittles Coated Crazy Sours Candy 38g,SKITTLES COATED CRAZY SOURS CANDY,Pack size : 38g,Average Nutritional Value As Per 100g,PER_100G,397,1661.05,,87.9,87,4,,,,,,,Candy,Solid,Food,,,missing_sodium
all_categories_combined,3103|3656,2,Skittles Coated Fruits Candy 38g,SKITTLES COATED FRUITS CANDY,Pack size : 38g,Average Nutritional Value As Per 100g,PER_100G,404,1712,,90.7,89.8,4.2,,,,2e-05,5e-05,,Candy,Solid,Food,Fruits,,salt_derived_from_sodium
all_categories_combined,3258,1,Smarties Hexatube Mp 102G,SMARTIES HEXATUBE MP,Pack size : 102g,Average Nutritional Value As Per 100g,PER_100G,470,1973,5,26,9,7,,,0.3,0,0.12,,Chocolate,Solid,Food,Chocolate,,
all_categories_combined,3185,1,Snickers 50G Chocolate Bar With Peanuts Caramel,SNICKERS CHOCOLATE BAR WITH PEANUTS CARAMEL,Pack size : 50g,100g,PER_100G,250,1046,4,32,28,12,,,1,0.125,0.3125,,Chocolate Bar,Solid,Food,,,salt_derived_from_sodium
all_categories_combined,3053,1,Socado Mandorla 75 Cocoa Dark Chocolate 230G,SOCADO MANDORLA 75 COCOA DARK CHOCOLATE,Pack size : 230g,Average Nutritional Value As Per 100g,PER_100G,645,2699,4.9,34,31,53,,,,,,,Dark Chocolate,Solid,Food,Cocoa,,missing_sodium
all_categories_combined,436,1,Soko Flour Maize Meal 2Kg,SOKO FLOUR MAIZE MEAL,Pack size : 2kg,Average Nutritional Value As Per 100g,PER_100G,351,1491,7.8,77.7,0.5,0.8,,,1,0.012,0.03,,Maize Meal Flour,Solid,Food,Maize,,sodium_derived_from_salt
all_categories_combined,414,1,Soko Home Baking Flour 1Kg,SOKO HOME BAKING FLOUR,Pack size : 1kg,Average Nutritional Value As Per 100g,PER_100G,364,1522.97,10,76,0.3,1,,,,0.002,0.005,,Baking Flour,Solid,Food,Wheat,,salt_derived_from_sodium
all_categories_combined,446,1,Soko Maize Meal Flour 1Kg,SOKO MAIZE MEAL FLOUR,Pack size : 1kg,Average Nutritional Value As Per 100g,PER_100G,351,1491,7.8,77.7,0.5,0.8,,,1,0.012,0.03,,Maize Meal Flour,Solid,Food,Maize,,sodium_derived_from_salt
all_categories_combined,390,1,Soko NutriGo Whole Grain Maize Meal 1Kg,SOKO NUTRIGO WHOLE GRAIN MAIZE MEAL,Pack size : 1kg,Average Nutritional Value As Per 100g,PER_100G,343,1435,0,84,,0,,,,,,,Maize Meal,Solid,Food,Maize,,missing_sodium|missing_sugar
all_categories_combined,360|378,2,Soko Pure Wimbi Porridge Flour 1Kg,SOKO PURE WIMBI PORRIDGE FLOUR,Pack size : 1kg,Average Nutritional Value As Per 100g,PER_100G,330,1380.72,14,71,,3,,,3,0.004,0.01,,Porridge Flour,Solid,Food,Porridge,,missing_sugar|salt_derived_from_sodium
all_categories_combined,356|375,2,Soko Wimbi Mix Sour Porridge Flour 1Kg,SOKO WIMBI MIX SOUR PORRIDGE FLOUR,Pack size : 1kg,Average Nutritional Value As Per 100g,PER_100G,330,1380.72,14,71,,3,,,3,0.004,0.01,,Porridge Flour,Solid,Food,Porridge,,missing_sugar|salt_derived_from_sodium
all_categories_combined,4496,1,Solen Ozmo Popsy Colored Chocolate Candy 24g,SOLEN OZMO POPSY COLORED CHOCOLATE CANDY,,Average Nutritional Value As Per 100g,PER_100G,479,2004.14,3.8,75.4,70.1,17.6,,,1.8,0.08,0.2,,Candy,Solid,Food,,,sodium_derived_from_salt
all_categories_combined,2505,1,Soya Gold Soybean Oil 1L,SOYA GOLD SOYBEAN OIL,Pack size : 1L,Average Nutritional Values As Per 100ml,PER_100ML,900,900,,,,60,,,,,,,Soybean Oil,Liquid,Food,,,missing_sodium|missing_sugar
all_categories_combined,1019,1,Sprite Carbonated Soft Drink 500Ml,SPRITE CARBONATED SOFT DRINK,Pack size : 500ml,Average Nutritional Value As Per 100ml,PER_100ML,48,197,,12,12,,,,,,,,Soft Drink,Liquid,Beverage,,,missing_sodium|missing_total_fat
all_categories_combined,945,1,Sprite Pet 2L,SPRITE PET,Pack size : 2 liters,Average Nutritional Value As Per 100ml,PER_100ML,48,197,,12,12,,,,,,,,Soft Drink,Liquid,Beverage,,,missing_sodium|missing_total_fat
all_categories_combined,951,1,Sprite Soda 1.25L,SPRITE SODA,Pack size : 4,Average Nutritional Value As Per 100ml,PER_100ML,48,197,,12,12,,,,,,,,Soft Drink,Liquid,Beverage,,,missing_sodium|missing_total_fat
all_categories_combined,947,1,Sprite Soda Carbonated Soft Drink 350Ml,SPRITE SODA CARBONATED SOFT DRINK,Pack size : 350ml,Average Nutritional Value As Per 100ml,PER_100ML,48,197,,12,12,,,,,,,,Soft Drink,Liquid,Beverage,,,missing_sodium|missing_total_fat
all_categories_combined,2789,1,St. Dalfour France Strawberry Jam 284g,ST DALFOUR FRANCE STRAWBERRY JAM,Pack size : 284g,Average Nutritional Value As Per 100g,PER_100G,213,891.192,0.5,52,48,0.5,,,,0.011,0.0275,,Jam,Jelly,Food,Strawberry,,salt_derived_from_sodium
all_categories_combined,4610,1,St Dalfour Raspberry Nas Fruit Jam 284g,ST DALFOUR RASPBERRY NAS FRUIT JAM,Pack size : 284g,Average Nutritional Value As Per 100g,PER_100G,232,986,0.5,56,10,0.5,,,3.2,0.007,0.7,,Jam,Jelly,Food,Raspberry,,
all_categories_combined,4290,1,Stimorol Sugar Free Infinity Tropical Chewing Gum 27g,STIMOROL SUGAR FREE INFINITY TROPICAL CHEWING GUM,Pack size : 27g,Average Nutritional Value As Per 100g,PER_100G,155,648.5,0,0,0,0,,,0,0,0,,Chewing Gum,Solid,Food,Tropical,,salt_derived_from_sodium
all_categories_combined,4288,1,Stimorol Sugar Free Wild Cherry Chewing Gum 14g,STIMOROL SUGAR FREE WILD CHERRY CHEWING GUM,Pack size : 14g,Average Nutritional Value As Per 100g,PER_100G,179,748,0.4,71,0.1,0.4,,,0,0,0,,Chewing Gum,Solid,Food,Wild Cherry,,salt_derived_from_sodium
all_categories_combined,1450,1,Stokes Hot & Spicy Bbq Sauce 315G,STOKES HOT SPICY BBQ SAUCE,Pack size : 315g,Nutrition Average Values per 100g,PER_100G,206,868,2.2,41,36,3,,,,0.64,1.6,,,,,,,sodium_derived_from_salt
all_categories_combined,1449,1,Stokes Original Bbq Sauce Squeze 510G,STOKES ORIGINAL BBQ SAUCE SQUEZE,Pack size : 510g,Nutrition Average Values per 100g,PER_100G,192,813,1.9,39,26,3.1,,,,0.64,1.6,,,,,,,sodium_derived_from_salt
all_categories_combined,2428,1,Stokes Real Brown Sauce 320G,STOKES REAL BROWN SAUCE,Pack size : 320g,Nutrition Average Values per 100g,PER_100G,194,825,1.4,46,38,,,,,0.32,0.8,,,,,,,missing_total_fat|sodium_derived_from_salt
all_categories_combined,2429,1,Stokes Real Brown Sauce Squeezy 505G,STOKES REAL BROWN SAUCE SQUEEZY,Pack size : 505g,Nutrition Average Values per 100g,PER_100G,195,826,1.4,46,38,,,,,0.32,0.8,,,,,,,missing_total_fat|sodium_derived_from_salt
all_categories_combined,3113,1,Stokes Redcurrant Jelly 215G,STOKES REDCURRANT JELLY,Pack size : 215g,Nutrition Average Values per 100g,PER_100G,246,1041,1.2,63,60,0.3,,,,,,,,,,,,missing_sodium
all_categories_combined,1309,1,Stokes Reduced Sug Tomato Ketchup 475G,STOKES REDUCED SUG TOMATO KETCHUP,Pack size : 475g,Nutrition Average Values per 100g,PER_100G,80,342,1.9,17,14,,,,,0.68,1.7,,,,,,,missing_total_fat|sodium_derived_from_salt
all_categories_combined,4621,1,Stokes Seville Orange Marmalade 340G,STOKES SEVILLE ORANGE MARMALADE,Pack size : 340g,Nutrition Average Values per 100g,PER_100G,278,1181,,69,68,,,,,,,,,,,,,missing_sodium|missing_total_fat
all_categories_combined,1448,1,Stokes Sweet & Sticky Bbq Sauce 325G,STOKES SWEET STICKY BBQ SAUCE,Pack size : 325g,Nutrition Average Values per 100g,PER_100G,225,955,1.5,53,49,,,,,0.44,1.1,,,,,,,missing_total_fat|sodium_derived_from_salt
all_categories_combined,2174|2187,2,Sue's Naturals Sea Salt 500g,SUE S NATURALS SEA SALT,Pack size : 500g,Average Nutritional Value As Per 100g,PER_100G,46.1,193,5.1,4.1,0,1.3,,,0,38.667,96.6675,,Sea Salt,Solid,Food,,,salt_derived_from_sodium
all_categories_combined,4690,1,Sues Naturals Organic Moringa Powder 150g,SUES NATURALS ORGANIC MORINGA POWDER,Pack size : 150g,Average Nutritional Value As Per 100g,PER_100G,281,1179,5.9,38.2,,0.2,,,8.27,,,,Moringa Powder,Powder,Food,,,missing_sodium|missing_sugar
all_categories_combined,2521,1,Sues Organic Raw Virgin Coconut Oil 400g,SUES ORGANIC RAW VIRGIN COCONUT OIL,Pack size : 400g,Average Nutritional Value As Per 100ml,PER_100ML,130,543.92,1,15,,1,,,,,,,Coconut Oil,Liquid,Food,,,missing_sodium|missing_sugar
all_categories_combined,152,1,Sugar Free Smooth Peanut Butter 400g,SUGAR FREE SMOOTH PEANUT BUTTER,Pack size : 400g,Average Nutritional Value As Per 100g,PER_100G,644,2690,27,10,,54.4,,,6.4,0.0019,0.00475,,Peanut Butter,Paste,Food,,,missing_sugar|salt_derived_from_sodium
all_categories_combined,4631,1,Sugarcane Fresh Juice 500Ml,SUGARCANE FRESH JUICE,Pack size : 500ml,Average Nutritional Value As Per 100ml,PER_100ML,269,1125,0,73,73,0,,,0,0.058,0,,Juice,Liquid,Beverage,Sugarcane,,
all_categories_combined,2515,1,Sun Days Refined Sunflower Oil 1L,SUN DAYS REFINED SUNFLOWER OIL,,Nutrition information per 100g,PER_100G,,3696,,,,99.99,,,,,,,Food,Liquid,Sunflower Cooking Oil,,,missing_sodium|missing_sugar
all_categories_combined,1413|1417|1422|1424,4,Sunfresh Sauce 250g,SUNFRESH SAUCE,Pack size : 250g,Average Nutritional Value As Per 100g,PER_100G,140,585.76,4,25,5,2,,,,0.42,1.05,,Tomato Sauce,Paste,Food,,,salt_derived_from_sodium
all_categories_combined,1407,1,Sunfresh Tomato Sauce 1Kg,SUNFRESH TOMATO SAUCE,Pack size : 1kg,Average Nutritional Value As Per 100g,PER_100G,140,585.76,4,25,5,2,,,0,0.42,1.05,,Tomato Sauce,Paste,Food,,,salt_derived_from_sodium
all_categories_combined,765|786,2,Sunrice All Day Basmati Rice 2Kg,SUNRICE ALL DAY BASMATI RICE,Pack size : 2Kg,Average Nutritional Value As Per 100g,PER_100G,345,1443,6,78,,0.5,,,0.3,0.0003,0.00075,,Rice,Solid,Food,,,missing_sugar|salt_derived_from_sodium
all_categories_combined,558,1,Sunrice Basmati 5Kg,SUNRICE BASMATI,Pack size : 5Kg,Average Nutritional Value As Per 100g,PER_100G,350,1464,8.8,78,,,,,1.6,0.0017,0.00425,,Rice,Solid,Food,,,missing_sugar|missing_total_fat|salt_derived_from_sodium
all_categories_combined,599,1,Sunrice Biryani Rice 5Kg,SUNRICE BIRYANI RICE,Pack size : 5Kg,Average Nutritional Value As Per 100g,PER_100G,357,1493,8.6,79,,,,,1.8,0.0041,0.01025,,Rice,Solid,Food,,,missing_sugar|missing_total_fat|salt_derived_from_sodium
all_categories_combined,610,1,Sunrice Kenya Finest Aromatic Pishori Rice 5Kg,SUNRICE KENYA FINEST AROMATIC PISHORI RICE,Pack size : 5Kg,Average Nutritional Value As Per 100g,PER_100G,351,1491,7.8,77.7,0.5,0.8,,,1,,,,Pishori Rice,Solid,Food,,,missing_sodium
all_categories_combined,763,1,SUNRICE LONG GRAIN 5KG,SUNRICE LONG GRAIN,Pack size : 5kg,Average Nutritional Value As Per 100g,PER_100G,354,1966.48,7,78,0,0,,,0,0.004,0.01,,Rice,Solid,Food,,,salt_derived_from_sodium
all_categories_combined,844,1,Sunrice Mwea Pishori Rice 2Kg,SUNRICE MWEA PISHORI RICE,Pack size : 2Kg,Average Nutritional Value As Per 100g,PER_100G,351,1491,7.8,77.7,0.5,0.8,,,1,,,,Pishori Rice,Solid,Food,,,missing_sodium
all_categories_combined,564,1,Sunrice Thai Jasmine Rice 2Kg,SUNRICE THAI JASMINE RICE,Pack size : 2Kg,Average Nutritional Value As Per 70g,PER_70G_SCALED,355,1485.71,7.14286,78.8571,1.42857,1.42857,,,,,,,Rice,Solid,Food,,,missing_sodium
all_categories_combined,3457|4637,2,Suntop Berry Fruit Juice 250Ml,SUNTOP BERRY FRUIT JUICE,Pack size : 250ml,Average Nutritional Value As Per 100ml,PER_100ML,54,225.9,1,13,13,,,,,0.0018,0.0045,,Fruit Juice,Liquid,Beverage,,,missing_total_fat|salt_derived_from_sodium
all_categories_combined,4634,1,Suntop Blackcurrant Fruit Juice 125Ml,SUNTOP BLACKCURRANT FRUIT JUICE,Pack size : 125ml,Average Nutritional Value As Per 100ml,PER_100ML,51,214,0,12,12,0,,,0,,,,Fruit Juice,Liquid,Beverage,Blackcurrant,,missing_sodium
all_categories_combined,3826,1,Sunveat Assorted Classic Biscuits 800g,SUNVEAT ASSORTED CLASSIC BISCUITS,Pack size : 800g,Average Nutritional Value As Per 100g,PER_100G,451,1966.48,7,77,22,12,,,0,0,0,,Biscuits,Solid,Food,,,salt_derived_from_sodium
all_categories_combined,60,1,Sunveat Bourbon Chocolate Cream Biscuit 160g,SUNVEAT BOURBON CHOCOLATE CREAM BISCUIT,Pack size : 160g,Average Nutritional Value As Per 20g,PER_20G_SCALED,505,2112.9,5,60,,20,,,,,,,Biscuit,Solid,Food,Cocoa,,missing_sodium|missing_sugar
all_categories_combined,3939,1,Sunveat Butter Cookies 100g,SUNVEAT BUTTER COOKIES,Pack size : 100g,Average Nutritional Value As Per 100g,PER_100G,495,2071.08,8,68,,21,,,,,,,Cookies,Solid,Food,,,missing_sodium|missing_sugar
all_categories_combined,40,1,Sunveat Chocolate Cream Biscuits 100g,SUNVEAT CHOCOLATE CREAM BISCUITS,Pack size : 100g,Average Nutritional Value As Per 100g,PER_100G,451,1886.98,7,77,22,12,,,,,,,Biscuit,Solid,Food,Cocoa,,missing_sodium
all_categories_combined,3856|3895,2,Sunveat Digestive Biscuit 200g,SUNVEAT DIGESTIVE BISCUIT,Pack size : 200g,Average Nutritional Value As Per 100g,PER_100G,470,1966.48,9,65,,19,,,,,,,Biscuit,Solid,Food,,,missing_sodium|missing_sugar
all_categories_combined,3744,1,Sunveat Family Bite Original Biscuits 75g,SUNVEAT FAMILY BITE ORIGINAL BISCUITS,Pack size : 75g,Average Nutritional Value As Per 100g,PER_100G,451,1966.48,7,77,22,12,,,0,0,0,,Biscuits,Solid,Food,,,salt_derived_from_sodium
all_categories_combined,3793,1,Sunveat Family Chocolate Biscuits 350g,SUNVEAT FAMILY CHOCOLATE BISCUITS,Pack size : 350g,Average Nutritional Value As Per 100g,PER_100G,451,1966.48,7,77,22,12,,,0,0,0,,Biscuits,Solid,Food,Chocolate,,salt_derived_from_sodium
all_categories_combined,3855|3894,2,Sunveat Ginger Nut Biscuit 175g,SUNVEAT GINGER NUT BISCUIT,Pack size : 175g,Average Nutritional Value As Per 100g,PER_100G,461,1928.82,5,71,28,16,,,,0.37,0.925,,Biscuit,Solid,Food,Ginger Nut,,salt_derived_from_sodium
all_categories_combined,3889,1,Sunveat Ginger Nuts Biscuit 60 Pieces,SUNVEAT GINGER NUTS BISCUIT,Pack size : 60 Pieces,Average Nutritional Value As Per 100g,PER_100G,461,1928.82,5,71,28,16,,,,0.37,0.925,,Biscuit,Solid,Food,Ginger Nut,,salt_derived_from_sodium
all_categories_combined,3747,1,Sunveat Koko Coffee 75G,SUNVEAT KOKO COFFEE,Pack size : 75g,Average Nutritional Value As Per 100g,PER_100G,433,1811.67,7,87,,9,,,,,,,Biscuits,Solid,Food,Coffee,,missing_sodium|missing_sugar
all_categories_combined,3754,1,Sunveat Lemon Delight Tea Biscuits 100g,SUNVEAT LEMON DELIGHT TEA BISCUITS,Pack size : 100g,Average Nutritional Value As Per 100g,PER_100G,473,1979.03,7.5,72.8,,16.9,,,,,,,Biscuits,Solid,Food,Lemon,,missing_sodium|missing_sugar
all_categories_combined,3937,1,Sunveat Mixed Nut Cookies 100g,SUNVEAT MIXED NUT COOKIES,Pack size : 100g,Average Nutritional Value As Per 100g,PER_100G,446,1866.06,4,78,,12,,,3,0.288,0.72,,Cookies,Solid,Food,,,missing_sugar|salt_derived_from_sodium
all_categories_combined,3854|3888,2,Sunveat Oat And Honey Digestive Biscuit 200g,SUNVEAT OAT AND HONEY DIGESTIVE BISCUIT,Pack size : 200g,Average Nutritional Value As Per 100g,PER_100G,470,1966.48,9,68,,17,,,,,,,Digestive Biscuit,Solid,Food,Oat And Honey,,missing_sodium|missing_sugar
all_categories_combined,3897,1,Sunveat Oat & Honey Digestive Biscuit 800g,SUNVEAT OAT HONEY DIGESTIVE BISCUIT,Pack size : 800g,Average Nutritional Value As Per 100g,PER_100G,470,1966.48,9,68,,17,,,,,,,Digestive Biscuit,Solid,Food,Oat And Honey,,missing_sodium|missing_sugar
all_categories_combined,4499,1,Sunveat Orange Wafers 80g,SUNVEAT ORANGE WAFERS,Pack size : 80g,Average Nutritional Value As Per 100g,PER_100G,506,2117,7,64,,24,,,,,,,Wafers,Solid,Food,Orange,,missing_sodium|missing_sugar
all_categories_combined,3792,1,Sunveat Original Family Biscuits 350g,SUNVEAT ORIGINAL FAMILY BISCUITS,Pack size : 350g,Average Nutritional Value As Per 100g,PER_100G,451,1966.48,7,77,22,12,,,0,0,0,,Biscuits,Solid,Food,,,salt_derived_from_sodium
all_categories_combined,3782,1,Sunveat Real Coconut Cookies 175g,SUNVEAT REAL COCONUT COOKIES,Pack size : 175g,Average Nutritional Value As Per 100g,PER_100G,473,1979.03,7.5,72.8,,16.9,,,,,,,Cookies,Solid,Food,Coconut,,missing_sodium|missing_sugar
all_categories_combined,3825,1,Sunveat Short Cake Biscuits 800g,SUNVEAT SHORT CAKE BISCUITS,Pack size : 800g,Average Nutritional Value As Per 100g,PER_100G,346,1448,6.1,48.5,48.5,14.2,,,,0.504,1.26,,Biscuits,Solid,Food,,,sodium_derived_from_salt
all_categories_combined,4497|4506,2,Sunveat Vanilla Wafers 125g,SUNVEAT VANILLA WAFERS,Pack size : 160g,Average Nutritional Value As Per 100g,PER_100G,106,443,1,13,,5,,,,,,,Wafers,Solid,Food,Vanilla,,missing_sodium|missing_sugar
all_categories_combined,1170,1,Suree Chilli And Garlic Sauce 295ml,SUREE CHILLI AND GARLIC SAUCE,Pack size : 295ml,Average Nutritional Value As Per 100ml,PER_100ML,81,328,0.8,3.3,0,0.3,,,0,1.6,4,,Sauce,Paste,Food,Chilli And Garlic,,salt_derived_from_sodium
all_categories_combined,2402,1,Suree Hoisin Sauce 260g,SUREE HOISIN SAUCE,Pack size : 260g,Average Nutritional Value As Per 100g,PER_100G,276,1169,3.1,59.2,49.7,2.6,,,1.7,0.007,0.0175,,Sauce,Paste,Food,,,salt_derived_from_sodium
all_categories_combined,1159,1,Suree Pad Thai Sauce 295ml,SUREE PAD THAI SAUCE,Pack size : 295ml,,ASSUMED_PER_100G,24,18,100,100,0,1.2,,,7.5,,,,Food,,0g,405kJ,Paste,assumed_per_100g_missing_portion|missing_sodium
all_categories_combined,2668,1,Suree Rice Stick 1mm 400g,SUREE RICE STICK 1MM,Pack size : 400g,Average Nutritional Value As Per 100g,PER_100G,200,8368,4,45,,0.1,,,0.1,0.01,0.025,,Rice,Solid,Food,,,missing_sugar|salt_derived_from_sodium
all_categories_combined,2653,1,Suree Rice Stick 3mm 400g,SUREE RICE STICK 3MM,Pack size : 400g,Average Nutritional Value As Per 100g,PER_100G,200,8368,4,45,,0.1,,,0.1,0.01,0.025,,Rice,Solid,Food,,,missing_sugar|salt_derived_from_sodium
all_categories_combined,2666,1,Suree Rice Stick 5mm 400g,SUREE RICE STICK 5MM,Pack size : 400g,Average Nutritional Value As Per 100g,PER_100G,200,8368,4,45,,0.1,,,0.1,0.01,0.025,,Rice,Solid,Food,,,missing_sugar|salt_derived_from_sodium
all_categories_combined,1137|2647,2,Suree Spring Roll Dipping Sauce 295ml,SUREE SPRING ROLL DIPPING SAUCE,Pack size : 295ml,Average Nutritional Value As Per 100ml,PER_100ML,280,1172,0,68,65,0.9,,,0,0,1.6,,Dipping Sauce,Paste,Food,,,
all_categories_combined,1210,1,Suree Sweet Plum Sauce 295ml,SUREE SWEET PLUM SAUCE,Pack size : 295ml,Average Nutritional Value As Per 100ml,PER_100ML,241,1025,0,60,58,0,,,0,0,1.7,,Plum Sauce,Paste,Food,,,
all_categories_combined,2403,1,Suree Sweet Soy Sauce 295ml,SUREE SWEET SOY SAUCE,Pack size : 295ml,Average Nutritional Value As Per 100ml,PER_100ML,287,1220,0.5,70,69,0.5,,,0.5,2.6,6.4,,Soy Sauce,Paste,Food,,,
all_categories_combined,2209|2220,2,Suree Thai Green Curry Paste 227g,SUREE THAI GREEN CURRY PASTE,Pack size : 227g,Average Nutritional Value As Per 100ml,PER_100ML,75,314,3,9,9,1.1,,,0,0,0,,Curry Paste,Paste,Food,,,
all_categories_combined,2218,1,Suree Thai Massamum Curry Paste 400g,SUREE THAI MASSAMUM CURRY PASTE,Pack size : 400g,Average Nutritional Value As Per 100g,PER_100G,130,543,7,15,11,2.2,,,,,,,Curry Paste,Paste,Food,,,missing_sodium
all_categories_combined,2214,1,Suree Thai Panang Curry Paste 400g,SUREE THAI PANANG CURRY PASTE,Pack size : 400g,Average Nutritional Value As Per 100g,PER_100G,117,489,6.1,15,6.4,1.6,,,,,,,Curry Paste,Paste,Food,,,missing_sodium
all_categories_combined,2235|2238,2,Suree Thai Yellow Curry Paste 220g,SUREE THAI YELLOW CURRY PASTE,Pack size : 220g,Average Nutritional Value As Per 100ml,PER_100ML,77,319,3.6,7.5,6.9,1.3,,,0,0,0,,Curry Paste,Paste,Food,,,
all_categories_combined,2661,1,Suree Vermicelli Rice 400g,SUREE VERMICELLI RICE,Pack size : 400g,Average Nutritional Value As Per 100g,PER_100G,299,1251,6.8,67,,0.4,,,,0.002,0.005,,Rice,Solid,Food,,,missing_sugar|salt_derived_from_sodium
all_categories_combined,2964,1,Sweet Tamarind 500G,SWEET TAMARIND,Pack size : 500g,Average Nutritional Value As Per 100g,PER_100G,314,1313,2.9,75,0,0,,,4,0,0,,Tamarind,Solid,Food,Tamarind,,salt_derived_from_sodium
all_categories_combined,103,1,Sweetunda Chili Salt Crackies 30G,SWEETUNDA CHILI SALT CRACKIES,Pack size : 30g,Average Nutritional Value As Per 50g,PER_50G_SCALED,186,778,6,62,2,2,,,,,,,Crackies,Solid,Food,"Chili, Salt",,missing_sodium
all_categories_combined,4204,1,Sweetunda Chilli Salt Crackies 120G,SWEETUNDA CHILLI SALT CRACKIES,Pack size : 120g,Average Nutritional Value As Per 50g,PER_50G_SCALED,186,778.2,6,62,2,2,,,,,,,Crackies,Solid,Food,,,missing_sodium
all_categories_combined,4203|4205,2,Sweetunda Fruit Chutney 120G,SWEETUNDA FRUIT CHUTNEY,Pack size : 120g,Average Nutritional Value As Per 100g,PER_100G,373,1560.6,2,60,6,13,,,5,,,,Crackies,Solid,Food,Fruits,,missing_sodium
all_categories_combined,101,1,Sweetunda Fruit Chutny Crackies 30G,SWEETUNDA FRUIT CHUTNY CRACKIES,Pack size : 30g,Average Nutritional Value As Per 100g,PER_100G,373,1560,2,60,6,13,,,5,,,,Crackies,Solid,Food,,,missing_sodium
all_categories_combined,2759,1,Swizzles Giant Parma Violets 40G,SWIZZLES GIANT PARMA VIOLETS,,Typical Values per 100g,PER_100G,415.2,1760.2,,95.7,94.5,3.4,,,,,,,,,,,,missing_sodium
all_categories_combined,1194,1,Tabasco Sriracha Chilli Sauce 256ml,TABASCO SRIRACHA CHILLI SAUCE,Pack size : 256ml,Average Nutritional Value As Per 100g,PER_100G,121,506,2,27,19,0,,,0,0,0,,Chilli Sauce,Paste,Food,,,salt_derived_from_sodium
all_categories_combined,3094,1,Tamarin Candy Bag 135g,TAMARIN CANDY BAG,Pack size : 135g,Average Nutritional Value As Per 17g,PER_17G_SCALED,211.765,882.353,0,52.9412,,0,,,,0.0176471,0.0441176,,Tamarind Candy,Solid,Food,Tamarind,,missing_sugar|salt_derived_from_sodium
all_categories_combined,3544,1,Tamarind And Ginger Drink 500Ml,TAMARIND AND GINGER DRINK,Pack size : 500ml,Average Nutritional Value As Per 340ml,PER_340ML_SCALED,32.3529,135.365,0,8.23529,6.76471,0,,,,0.00441176,0.0110294,,Tamarind And Ginger Drink,Liquid,Beverage,"Tamarind, Ginger",,salt_derived_from_sodium
all_categories_combined,1235,1,Tamtam Chili Sauce 250ml,TAMTAM CHILI SAUCE,Pack size : 250ml,Average Nutritional Value As Per 100ml,PER_100ML,91.6,383.25,2.5,20,13.3,0.3,,,2.3,1.3328,3.332,,Sauce,Liquid,Food,,,salt_derived_from_sodium
all_categories_combined,2343|2345,2,Tamtam Tomato Paste 50g,TAMTAM TOMATO PASTE,Pack size : 50g,Average Nutritional Value As Per 100g,PER_100G,81,338.904,3.8,18.5,,,,,3,0.53,1.325,,Tomato Paste,Paste,Food,,,missing_sugar|missing_total_fat|salt_derived_from_sodium
all_categories_combined,2536|2584,2,Tan Tan Xiang Hunan Chilli Pickle 425g,TAN TAN XIANG HUNAN CHILLI PICKLE,Pack size : 425g,Average Nutritional Value As Per 100g,PER_100G,5.3,22.1752,1.3,,0,8,,,0,5,7.4,,Pickle,Solid,Food,Chilli,,
all_categories_combined,4544,1,Teeka Fun Delicious Chocolate For Boys 15G,TEEKA FUN DELICIOUS CHOCOLATE FOR BOYS,Pack size : 15g,Average Nutritional Value As Per 20g,PER_20G_SCALED,545,2280.25,8,56.5,51,32,,,0,0,0,,Chocolate,Solid,Food,Cocoa,,salt_derived_from_sodium
all_categories_combined,4543,1,Teeka Fun Delicious Chocolate For Girls 15G,TEEKA FUN DELICIOUS CHOCOLATE FOR GIRLS,Pack size : 15g,Average Nutritional Value As Per 20g,PER_20G_SCALED,545,2280.25,8,56.5,51,32,,,0,0,0,,Chocolate,Solid,Food,Cocoa,,salt_derived_from_sodium
all_categories_combined,3578,1,Temmy's Choco Pillow Cocoa Cream Filled Cereal 375g,TEMMY S CHOCO PILLOW COCOA CREAM FILLED CEREAL,Pack size : 375g,Average Nutritional Value As Per 100g,PER_100G,467,1954,8.7,59.9,26.5,20,,,1,0.28,0.7,,Cereal,Solid,Food,Cocoa,,salt_derived_from_sodium
all_categories_combined,3579|3584,2,Temmy's Choco Pops Puffed Corn With Cocoa Cereal 250g,TEMMY S CHOCO POPS PUFFED CORN WITH COCOA CEREAL,Pack size : 250g,Average Nutritional Value As Per 100g,PER_100G,384,1606.65,8.7,59.9,26.5,20,,,1,0.28,0.7,,Cereal,Solid,Food,Cocoa,,salt_derived_from_sodium
all_categories_combined,3586,1,Temmy's Choco Rice Cereal 250g,TEMMY S CHOCO RICE CEREAL,Pack size : 250g,Average Nutritional Value As Per 100g,PER_100G,467,1954,8.7,59.9,26.5,20,,,1,0.28,0.7,,Cereal,Solid,Food,Cocoa,,salt_derived_from_sodium
all_categories_combined,3581,1,Temmy's Choco Scoops Cereal 250g,TEMMY S CHOCO SCOOPS CEREAL,Pack size : 250g,Average Nutritional Value As Per 100g,PER_100G,120,502.08,2,24,10,,,,1,0.075,0.1875,,Cereal,Solid,Food,Cocoa,,missing_total_fat|salt_derived_from_sodium
all_categories_combined,3639,1,Temmy's Corn Flakes Cereal 250g,TEMMY S CORN FLAKES CEREAL,Pack size : 250g,Average Nutritional Value As Per 40g,PER_40G_SCALED,350,1464.4,15,75,22.5,2.5,,,7.5,0.35,0.875,,Cereal,Solid,Food,Corn,,salt_derived_from_sodium
all_categories_combined,3644|3650,2,Temmy's Delicious Corn Flakes Cereal 500g,TEMMY S DELICIOUS CORN FLAKES CEREAL,Pack size : 500g,Average Nutritional Value As Per 40g,PER_40G_SCALED,350,1464.4,15,75,22.5,2.5,,,7.5,0.35,0.875,,Cereal,Solid,Food,Corn,,salt_derived_from_sodium
all_categories_combined,3580,1,Temmy's Kids Variety Pack Cereal 180g,TEMMY S KIDS VARIETY PACK CEREAL,Pack size : 180g,Avarage Nutritional Value As Per 100g,PER_100G,150,627.6,3,23,7,0.5,,,3,0.045,0.1125,,Cereal,Solid,Food,,,salt_derived_from_sodium
all_categories_combined,2454|2483|2485|2486,4,Terra Delyssa Extra Virgin Olive Oil 1L,TERRA DELYSSA EXTRA VIRGIN OLIVE OIL,Pack size : 1L,Average Nutritional Value As Per 100ml,PER_100ML,821,3374,0,0,0,91.2,,,0,,,,Extra Virgin Olive Oil,Liquid,Food,,,missing_sodium
all_categories_combined,2462,1,Terra Delyssa Organic Extra Virgin Olive Oil 500ml,TERRA DELYSSA ORGANIC EXTRA VIRGIN OLIVE OIL,Pack size : 500ml,Average Nutritional Value As Per 100g,PER_100G,824,3698.66,0,0,0,100,,,0,0.002,0.005,,Olive oil,Liquid,Food,,,salt_derived_from_sodium
all_categories_combined,4409,1,Terryrsquos Chocolate Orange Milk Ball 157G,TERRYRSQUOS CHOCOLATE ORANGE MILK BALL,Pack size : 157g,Average Nutritional Value As Per 100g,PER_100G,524,2188,5.9,59,59,29,,,2.4,,,,Chocolate Orange,Solid,Food,Chocolate Orange,,missing_sodium
all_categories_combined,1286,1,Thai Dancer Black Pepper Sauce 200ml,THAI DANCER BLACK PEPPER SAUCE,Pack size : 200ml,Average Nutritional Value As Per 100g,PER_100G,110,466,1.5,25,21,,,,1,1.68,4.2,,Sauce,Liquid,Food,,,missing_total_fat|sodium_derived_from_salt
all_categories_combined,1478,1,Thai Dancer Massaman Curry Paste 50g,THAI DANCER MASSAMAN CURRY PASTE,Pack size : 50g,Average Nutritional Value As Per 100g,PER_100G,209,871,2,22,18,11,,,5,2.2,5.5,,Curry Paste,Paste,Food,,,sodium_derived_from_salt
all_categories_combined,1473,1,Thai Dancer Red Curry Paste 50g,THAI DANCER RED CURRY PASTE,Pack size : 50g,Average Nutritional Value As Per 100g,PER_100G,143,595,4,12,3.5,1.5,,,9,4.04,10.1,,Curry Paste,Paste,Food,,,sodium_derived_from_salt
all_categories_combined,1284,1,Thai Dancer Spring Rolls Chili Sauce 300ml,THAI DANCER SPRING ROLLS CHILI SAUCE,Pack size : 300ml,Average Nutritional Value As Per 100g,PER_100G,200,837,0,50,48,0,,,,0.6,1.5,,Sauce,Liquid,Food,,,sodium_derived_from_salt
all_categories_combined,1248,1,Thai Dancer Teriyaki Mayo Sauce 200ml,THAI DANCER TERIYAKI MAYO SAUCE,Pack size : 200ml,Average Nutritional Value As Per 100g,PER_100G,238,1006,,52,46,3.2,,,,1.88,4.7,,Sauce,Liquid,Food,,,sodium_derived_from_salt
all_categories_combined,1485,1,Thai Dancer Tropical Mangosteen And Chili Sauce 150ml,THAI DANCER TROPICAL MANGOSTEEN AND CHILI SAUCE,Pack size : 150ml,Average Nutritional Value As Per 100ml,PER_100ML,167,711,0,42,40,0,,,,0.016,0.04,,Sauce,Liquid,Food,,,sodium_derived_from_salt
all_categories_combined,1154,1,Thai Dragon Sriracha Hot Chilli Sauce 200ml,THAI DRAGON SRIRACHA HOT CHILLI SAUCE,Pack size : 200ml,Average Nutritional Value As Per 100g,PER_100G,141,590,2,30,,1,,,2,2.96,7.4,,Sauce,Paste,Food,Chilli,,missing_sugar|sodium_derived_from_salt
all_categories_combined,4416,1,The Belgian Pralines Assorted Chocolate 200G,THE BELGIAN PRALINES ASSORTED CHOCOLATE,Pack size : 200g,Average Nutritional Value As Per 34g,PER_34G_SCALED,544.118,2276.59,7.05882,46.1765,,35,,,2.94118,,,,Chocolate,Solid,Food,Cocoa,,missing_sodium|missing_sugar
all_categories_combined,2887,1,The Belgian Raspberry Delight Chocolate 200G,THE BELGIAN RASPBERRY DELIGHT CHOCOLATE,Pack size : 200g,Average Nutritional Value As Per 25g,PER_25G_SCALED,560,2343.04,4,52,52,36,,,4,0.04,0.1,,Chocolate,Solid,Food,Raspberry,,salt_derived_from_sodium
all_categories_combined,2888,1,The Belgian Seashells Dark Chocolate 250g,THE BELGIAN SEASHELLS DARK CHOCOLATE,,Average Nutritional Value As Per 35g,PER_35G_SCALED,542.857,2271.14,5.71429,40,37.1429,40,,,8.57143,0.00571429,0.0142857,,Dark Chocolate,Solid,Food,Cocoa,,salt_derived_from_sodium
all_categories_combined,123,1,The Cracker Shack Amaranth Crackers 200g,THE CRACKER SHACK AMARANTH CRACKERS,Pack size : 200g,Average Nutritional Value As Per 100g,PER_100G,487,2037.61,,63,,21,,,,1.9,4.75,,Crackers,Solid,Food,Amaranth,,missing_sugar|salt_derived_from_sodium
all_categories_combined,125,1,The Cracker Shack Charcoal Crackers 200g,THE CRACKER SHACK CHARCOAL CRACKERS,Pack size : 200g,Average Nutritional Value As Per 100g,PER_100G,501,2096.18,7,71,,6,,,,,,,Crackers,Solid,Food,,,missing_sodium|missing_sugar
all_categories_combined,124,1,The Cracker Shack Cheddar Crackers 200g,THE CRACKER SHACK CHEDDAR CRACKERS,Pack size : 200g,Average Nutritional Value As Per 100g,PER_100G,487,2037.61,,63,,21,,,,1.9,4.75,,Crackers,Solid,Food,Cheddar Cheese,,missing_sugar|salt_derived_from_sodium
all_categories_combined,4239,1,The Cracker Shack Cheddar Crackers 30G X 6 Pieces,THE CRACKER SHACK CHEDDAR CRACKERS X,Pack size : 30g x 6 Pieces,Average Nutritional Value As Per 160g,PER_160G_SCALED,118.75,496.812,3.75,18.75,7.5,3.75,,,1.875,0.2125,0.53125,,Cheddar Cracker,Solid,Food,,,salt_derived_from_sodium
all_categories_combined,127,1,The Cracker Shack Gluten Free Fruit And Nut Crackers 200g,THE CRACKER SHACK GLUTEN FREE FRUIT AND NUT CRACKERS,Pack size : 200g,Average Nutritional Value As Per 100g,PER_100G,441,1845.14,9,65,,16,,,,,,,Crackers,Solid,Food,Fruit And Nut,,missing_sodium|missing_sugar
all_categories_combined,129,1,The Cracker Shack Original Gluten Free Oat And Amaranth Crackers 200g,THE CRACKER SHACK ORIGINAL GLUTEN FREE OAT AND AMARANTH CRACKERS,Pack size : 200g,Average Nutritional Value As Per 100g,PER_100G,504,2108.74,7,61,7,26,,,2.1,0.748,1.87,,Cracker,Solid,Food,,,salt_derived_from_sodium
all_categories_combined,126,1,The Cracker Shack Rosemary Crackers 200g,THE CRACKER SHACK ROSEMARY CRACKERS,Pack size : 200g,Average Nutritional Value As Per 100g,PER_100G,487,2037.61,,63,,21,,,,1.9,4.75,,Crackers,Solid,Food,Rosemary,,missing_sugar|salt_derived_from_sodium
all_categories_combined,3337,1,Tic Tac Mint Drops Candies T21 10.2g,TIC TAC MINT DROPS CANDIES T21,Pack size : 10.2g,Average Nutritional Value As Per 100g,PER_100G,152,635,1,32,,56,,,,,,,Candies,Solid,Food,Mint,,missing_sodium|missing_sugar
all_categories_combined,3339,1,Tic Tac Orange Drops Candies T21 10.2g,TIC TAC ORANGE DROPS CANDIES T21,Pack size : 10.2g,Average Nutritional Value As Per 100g,PER_100G,152,635,1,32,,56,,,,,,,Candies,Solid,Food,Orange,,missing_sodium|missing_sugar
all_categories_combined,3338,1,Tic Tac Spearmint Candies T21 10.2g,TIC TAC SPEARMINT CANDIES T21,Pack size : 10.2g,Average Nutritional Value As Per 100g,PER_100G,152,635,1,32,,56,,,,,,,Candies,Solid,Food,Spearmint,,missing_sodium|missing_sugar
all_categories_combined,3336,1,Tic Tac Strawberry Mix Drops Candies 10.2g,TIC TAC STRAWBERRY MIX DROPS CANDIES,Pack size : 10.2g,Average Nutritional Value As Per 100g,PER_100G,152,635,1,32,,56,,,,,,,Candies,Solid,Food,,,missing_sodium|missing_sugar
all_categories_combined,4524,1,Tiffany Crunch N Cream Crunchiest Chocolate Flavoured Cream Wafer 76g,TIFFANY CRUNCH N CREAM CRUNCHIEST CHOCOLATE FLAVOURED CREAM WAFER,Pack size : 76g,Average Nutritional Value As Per 19g,PER_19G_SCALED,2547.37,10647.4,32.6316,322.632,203.684,124.737,,,9.47368,1.57895,3.94737,,Wafer,Solid,Food,,,salt_derived_from_sodium
all_categories_combined,4510|4526,2,Tiffany Crunch N Cream Hazelnut Wafers 76g,TIFFANY CRUNCH N CREAM HAZELNUT WAFERS,Pack size : 76g,Average Nutritional Value As Per 19g,PER_19G_SCALED,2663.16,11152.6,45.2632,283.684,170.526,149.474,,,18.4211,0.552632,1.38158,,Wafer,Solid,Food,Hazelnut,,salt_derived_from_sodium
all_categories_combined,4511|4525,2,Tiffany Crunch N Cream Vanilla Wafers 76g,TIFFANY CRUNCH N CREAM VANILLA WAFERS,Pack size : 76g,Average Nutritional Value As Per 100g,PER_100G,535.85,2242,6.9,54.3,30.4,32.1,,,1.6,0.119,0.2975,,Wafer,Solid,Food,Vanilla,,salt_derived_from_sodium
all_categories_combined,3785,1,Tiffany Every Day Marie Tea Biscuits 80g,TIFFANY EVERY DAY MARIE TEA BISCUITS,Pack size : 80g,Average Nutritional Value As Per 100g,PER_100G,426,1782,6.5,68.6,19.8,13.5,,,0.6,0.257,0.6425,,Tea Biscuits,Solid,Food,,,salt_derived_from_sodium
all_categories_combined,3886,1,Tiffany Natural Wheat Digestive Biscuit 250g,TIFFANY NATURAL WHEAT DIGESTIVE BISCUIT,Pack size : 250g,Average Nutritional Value As Per 100g,PER_100G,436,1824.22,72,66,21,171,,,,0.474,1.185,,Digestive Biscuit,Solid,Food,,,salt_derived_from_sodium
all_categories_combined,2453|2494,2,Tilly Cooking Fat 250G,TILLY COOKING FAT,Pack size : 250g,Average Nutritional Value As Per 100g,PER_100G,884,3698.66,,,,14,,,,,,,Cooking Fat,Paste,,,,missing_sodium|missing_sugar
all_categories_combined,2492,1,Tilly Pure White Cooking Fat 2Kg,TILLY PURE WHITE COOKING FAT,Pack size : 2kg,Average Nutritional Value As Per 100g,PER_100G,884,3698.66,,,,14,,,,,,,Cooking Fat,Paste,Food,,,missing_sodium|missing_sugar
all_categories_combined,3236,1,Toblerone Honey And Almond Nougat Swiss Dark Chocolate 100G,TOBLERONE HONEY AND ALMOND NOUGAT SWISS DARK CHOCOLATE,Pack size : 100g,Average Nutritional Value As Per 100g,PER_100G,535,2245,6.1,62,62,29.5,,,0.2,,,,Dark Chocolate,Solid,Food,,,missing_sodium
all_categories_combined,3227,1,Toblerone Swiss Fruit And Nut Milk Chocolate 100G,TOBLERONE SWISS FRUIT AND NUT MILK CHOCOLATE,Pack size : 100g,Average Nutritional Value As Per 100g,PER_100G,505,2112.92,5.2,61.5,61,26,,,2.7,,,,Milk Chocolate,Solid,Food,Fruit And Nut Milk Chocolate,,missing_sodium
all_categories_combined,4736,1,Toblerone Truffles Chocolate 180G,TOBLERONE TRUFFLES CHOCOLATE,Pack size : 180g,Nutrition information per 100g,PER_100G,563.8,2359,5.2,55,,36,,,2.1,0.048,0.12,,,,,,,missing_sugar|sodium_derived_from_salt
all_categories_combined,2962,1,Tong Garden All Natural Cocktail Snack 140g,TONG GARDEN ALL NATURAL COCKTAIL SNACK,Pack size : 140g,Average Nutritional Value As Per 30g,PER_30G_SCALED,466.667,1952.33,16.6667,46.6667,36.6667,26.6667,,,6.66667,,,,Cocktail Snack,Solid,Food,,,missing_sodium
all_categories_combined,1999,1,Top Food American Barbeque Rub Seasoning 100g,TOP FOOD AMERICAN BARBEQUE RUB SEASONING,Pack size : 100g,Average Nutritional Value As Per 100g,PER_100G,277,1158,9,38,19.1,6.1,,,0,8,20,,Barbeque Rub Seasoning,Powder,Food,,,sodium_derived_from_salt
all_categories_combined,2093,1,Top Food Basil Jar 50G,TOP FOOD BASIL JAR,Pack size : 50g,Average Nutritional Value As Per 100g,PER_100G,71,294,3.4,2.5,0.4,4.3,,,4.3,0.02,0.05,,Basil Herbs,Solid,Food,,,salt_derived_from_sodium
all_categories_combined,2117,1,Top Food Bay Leaf Jar 40G,TOP FOOD BAY LEAF JAR,Pack size : 40g,Average Nutritional Value As Per 100g,PER_100G,314,1313,8,75,,8,,,26,0.023,0.0575,,Bay Leaf,Solid,Food,,,missing_sugar|salt_derived_from_sodium
all_categories_combined,1821|1965,2,Top Food Black Pepper Powder 100g,TOP FOOD BLACK PEPPER POWDER,Pack size : 100g,Average Nutritional Value As Per 100g,PER_100G,349,1460.22,22,63,1,1,,,,0.0039,0.00975,,Black Pepper Powder,Powder,Food,,,salt_derived_from_sodium
all_categories_combined,1908,1,Top Food Black Pepper Powder P 500G,TOP FOOD BLACK PEPPER POWDER P,Pack size : 500g,Average Nutritional Value As Per 100g,PER_100G,251,1050,10,64,0.6,3.3,,,25,0.02,0.05,,Black Pepper Powder,Powder,Food,,,salt_derived_from_sodium
all_categories_combined,1919,1,Top Food Black Pepper Whole P 500G,TOP FOOD BLACK PEPPER WHOLE P,Pack size : 500g,Average Nutritional Value As Per 100g,PER_100G,251,1050,10,64,0.6,3.3,,,2.5,0.02,0.05,,Black Pepper,Solid,Food,,,salt_derived_from_sodium
all_categories_combined,1956,1,Top Food Cayenne Pepper 100g,TOP FOOD CAYENNE PEPPER,Pack size : 100g,Average Nutritional Value As Per 100g,PER_100G,318,1330.51,12,57,,17,,,,0.03,0.075,,Cayenne Pepper,Powder,Food,,,missing_sugar|salt_derived_from_sodium
all_categories_combined,1964,1,Top Food Chia Seeds 150g,TOP FOOD CHIA SEEDS,Pack size : 150g,Average Nutritional Value As Per 100g,PER_100G,480,2008.32,16,6,0,31,,,,0,0,,Chia Seeds,Solid,Food,,,salt_derived_from_sodium
all_categories_combined,2125,1,Top Food Chicken Tikka Masala 100g,TOP FOOD CHICKEN TIKKA MASALA,Pack size : 100g,Average Nutritional Value As Per 100g,PER_100G,106,443,5.7,12,2.8,3.9,,,8.6,0.33,0.825,,Chicken Tikka Masala,Powder,Food,,,salt_derived_from_sodium
all_categories_combined,1826,1,Top Food Chilli And Lemon Seasoning 100g,TOP FOOD CHILLI AND LEMON SEASONING,Pack size : 100g,Average Nutritional Value As Per 100g,PER_100G,100,418,4,26,0,1,,,10,0.213,0.5325,,Seasoning,Powder,Food,"Chilli, Lemon",,salt_derived_from_sodium
all_categories_combined,2116,1,Top Food Cinnamon Powder Jar 50G,TOP FOOD CINNAMON POWDER JAR,Pack size : 50g,Average Nutritional Value As Per 2g,PER_2G_SCALED,300,1255,5,95,5,15,,,,,,,Cinnamon Powder,Powder,Food,,,missing_sodium
all_categories_combined,2040,1,Top Food Cumin Powder Pouch 500G,TOP FOOD CUMIN POWDER POUCH,Pack size : 500g,Average Nutritional Value As Per 100g,PER_100G,375,1569,18,44,2.3,22,,,11,0.168,0.42,,Cumin Powder,Powder,Food,,,salt_derived_from_sodium
all_categories_combined,1961,1,Top Food Cumin Seeds 100g,TOP FOOD CUMIN SEEDS,Pack size : 100g,Average Nutritional Value As Per 8g,PER_8G_SCALED,287.5,1202.5,7.5,33.75,,16.25,,,7.5,,,,Cumin Seeds,Solid,Food,,,missing_sodium|missing_sugar
all_categories_combined,1911,1,Top Food Cumin Seeds Pouch 500G,TOP FOOD CUMIN SEEDS POUCH,Pack size : 500g,Average Nutritional Value As Per 100g,PER_100G,375,1569,18,44,2.3,22,,,11,0.168,0.42,,Cumin Seeds,Solid,Food,,,salt_derived_from_sodium
all_categories_combined,2089,1,Top Food Curry Powder 100g,TOP FOOD CURRY POWDER,Pack size : 100g,Average Nutritional Value As Per 100g,PER_100G,62,259,12.3,45,,13.1,,,,,,,Curry Powder,Powder,Food,,,missing_sodium|missing_sugar
all_categories_combined,2109,1,Top Food Curry Powder Jar 50G,TOP FOOD CURRY POWDER JAR,Pack size : 50g,Average Nutritional Value As Per 100g,PER_100G,62,259,12.3,45,,13.1,,,,,,,Curry Powder,Powder,Food,,,missing_sodium|missing_sugar
all_categories_combined,1862,1,Top Food Dhana Jeera Powder 100g,TOP FOOD DHANA JEERA POWDER,Pack size : 100g,Average Nutritional Value As Per 100g,PER_100G,436,1824.22,11,57,0,17,,,32,0.102,0.255,,Dhana Jeera Powder,Powder,Food,,,salt_derived_from_sodium
all_categories_combined,2612,1,Top Food Fajita Seasoning 100g,TOP FOOD FAJITA SEASONING,Pack size : 100g,Average Nutritional Value As Per 100g,PER_100G,306,1280,7.9,56,27,3.4,,,9.6,8.6,21.5,,Fajita Seasoning,Powder,Food,,,sodium_derived_from_salt
all_categories_combined,2121,1,Top Food Garam Masala Jar 50G,TOP FOOD GARAM MASALA JAR,Pack size : 50g,Average Nutritional Value As Per 5g,PER_5G_SCALED,400,1673.6,20,80,,20,,,,0.92,2.3,,Garam Masala,Powder,Food,,,missing_sugar|salt_derived_from_sodium
all_categories_combined,1830,1,Top Food Garlic Salt 100g,TOP FOOD GARLIC SALT,Pack size : 100g,Average Nutritional Value As Per 100g,PER_100G,86.4,361.498,4.3,19.4,0.7,0,,,2.2,0.285,0.7125,,Garlic Salt,Powder,Food,,,salt_derived_from_sodium
all_categories_combined,1985,1,Top Food Golden Raisins Sultana 100g,TOP FOOD GOLDEN RAISINS SULTANA,Pack size : 100g,Average Nutritional Value As Per 100g,PER_100G,302,1263.57,3.4,80,59,0.5,,,,0.1,0.25,,Golden Raisins Sultana,Solid,Food,,,salt_derived_from_sodium
all_categories_combined,1805,1,Top Food Ground Cardamom Spice 100g,TOP FOOD GROUND CARDAMOM SPICE,Pack size : 100g,Average Nutritional Value As Per 2g,PER_2G_SCALED,400,1670,5,80,,5,,,,,,,Ground Cardamom Spice,Powder,Food,,,missing_sodium|missing_sugar
all_categories_combined,1952|2185,2,Top Food Himalayan Pink Salt 100g,TOP FOOD HIMALAYAN PINK SALT,Pack size : 100g,Average Nutritional Value As Per 1g,PER_1G_SCALED,0,0,,0,0,0,,,,40,100,,Pink Salt,Solid,Food,,,sodium_derived_from_salt
all_categories_combined,1923,1,Top Food Hot Blend Poussin Sauce 100g,TOP FOOD HOT BLEND POUSSIN SAUCE,Pack size : 100g,Average Nutritional Value As Per 60g,PER_60G_SCALED,576.667,2412.77,100,0.333333,0.166667,13.3333,,,,0.666667,1.66667,,Sauce,Paste,Food,,,salt_derived_from_sodium
all_categories_combined,2246,1,Top Food Lemon Pepper And Herb Seasoning 100g,TOP FOOD LEMON PEPPER AND HERB SEASONING,Pack size : 100g,Average Nutritional Value As Per 100g,PER_100G,229,962,5.4,35,15.4,2.4,,,11.7,9.317,23.2925,,Seasoning,Powder,Food,"Lemon, Pepper",,salt_derived_from_sodium
all_categories_combined,1823,1,Top Food Mild Blend Poussin Sauce 100g,TOP FOOD MILD BLEND POUSSIN SAUCE,Pack size : 100g,Average Nutritional Value As Per 100g,PER_100G,340,1422.56,64.6,0.2,0.2,9,,,,0.45,1.125,,Sauce,Paste,Food,Mild,,salt_derived_from_sodium
all_categories_combined,4678,1,Top Food Moringa Ground Herb 100g,TOP FOOD MORINGA GROUND HERB,Pack size : 100g,Average Nutritional Value As Per 10g,PER_10G_SCALED,30,120,10,15,0,0,,,,,,,Ground Herb,Solid,Food,,,missing_sodium
all_categories_combined,1883,1,Top Food Mustard & Herb Seasoning 100g,TOP FOOD MUSTARD HERB SEASONING,Pack size : 100g,Average Nutritional Value As Per 100g,PER_100G,508,2125.47,26.1,28.1,6.79,,,,12.2,,,,Mustard & Herb Seasoning,Powder,Food,,,missing_sodium|missing_total_fat
all_categories_combined,2019,1,Top Food Parsley Herbs 50g,TOP FOOD PARSLEY HERBS,Pack size : 50g,Average Nutritional Value As Per 100g,PER_100G,36,150.6,3,6.3,0.9,0.8,,,3.3,0.056,0.14,,Parsley Herbs,Solid,Food,,,salt_derived_from_sodium
all_categories_combined,2098,1,Top Food Pilau Masala Ground Jar50G,TOP FOOD PILAU MASALA GROUND JAR50G,Pack size : 50g,Average Nutritional Value As Per 100g,PER_100G,428,1794,9,66,8,16,,,,1.06,2.65,,Pilau Masala,Powder,Food,,,salt_derived_from_sodium
all_categories_combined,4670,1,Top Food Soya Ginger Drink Mix 200g,TOP FOOD SOYA GINGER DRINK MIX,Pack size : 200g,Average Nutritional Value As Per 100g,PER_100G,36,150.624,3.6,0.7,0.5,2.1,,,,0,0,,Drink Mix,Powder,Food,,,salt_derived_from_sodium
all_categories_combined,1984,1,Top Food Thabai Stinging Nettle Ground Herb 100g,TOP FOOD THABAI STINGING NETTLE GROUND HERB,Pack size : 100g,Average Nutritional Value As Per 10g,PER_10G_SCALED,10,40,0,0,0,0,,,,,,,Ground Herb,Solid,Food,,,missing_sodium
all_categories_combined,2084,1,Top Food Thyme Jar 50G,TOP FOOD THYME JAR,Pack size : 50g,Average Nutritional Value As Per 100g,PER_100G,285,1192.44,9,64,2,7,,,37,0.055,0.1375,,Thyme,Solid,Food,,,salt_derived_from_sodium
all_categories_combined,1898,1,Top Food Turmeric P Rajapuri P 500G,TOP FOOD TURMERIC P RAJAPURI P,Pack size : 500g,Average Nutritional Value As Per 100g,PER_100G,230,962.32,7.7,49.2,0,5,,,21.4,0,0,,Turmeric Powder,Powder,Food,,,salt_derived_from_sodium
all_categories_combined,1997|2122,2,Top Food Turmeric Powder Jar 50G,TOP FOOD TURMERIC POWDER JAR,Pack size : 50g,Average Nutritional Value As Per 8g,PER_8G_SCALED,6375,26687.5,125,875,0,125,,,312.5,1.5625,3.90625,,Turmeric Powder,Powder,Food,,,salt_derived_from_sodium
all_categories_combined,1995,1,Top Food Whole Spice Sesame Black Seeds 150g,TOP FOOD WHOLE SPICE SESAME BLACK SEEDS,Pack size : 150g,Average Nutritional Value As Per 25g,PER_25G_SCALED,40,167.36,0.8,0,0,0,,,,0.004,0.01,,Sesame Black Seeds,Solid,Food,,,salt_derived_from_sodium
all_categories_combined,236,1,Top Lure Clear Vanilla Essence 500ml,TOP LURE CLEAR VANILLA ESSENCE,Pack size : 500ml,Average Nutritional Value As Per 5ml,PER_5ML_SCALED,260,1080,0,0,0,0,,,,,,,Vanilla Essence,Liquid,Food,Vanilla,,missing_sodium
all_categories_combined,1507,1,Top Lure White Vinegar 700ml,TOP LURE WHITE VINEGAR,Pack size : 700ml,Average Nutritional Value As Per 15g,PER_15G_SCALED,18,74.6667,0,0,0,0,,,0,0.002,0.005,,White Vinegar,Liquid,Food,,,salt_derived_from_sodium
all_categories_combined,2554,1,Totole Golden Bouillon Chicken Stock Cubes Granulated 454g,TOTOLE GOLDEN BOUILLON CHICKEN STOCK CUBES GRANULATED,Pack size : 454g,Average Nutritional Value As Per 100g,PER_100G,182,761.488,23,19,,1,,,,,,,Chicken Stock Cubes,Solid,Food,Chicken,,missing_sodium|missing_sugar
all_categories_combined,4467,1,Toxic Waste Green Sour Candy 42g,TOXIC WASTE GREEN SOUR CANDY,Pack size : 42g,Average Nutritional Value As Per 100g,PER_100G,333,1393,,87,73,,,,,,,,Candy,Solid,Food,,,missing_sodium|missing_total_fat
all_categories_combined,3947|3981,2,Treatos Butter Cookies 100gm,TREATOS BUTTER COOKIES,Pack size : 100gms,,ASSUMED_PER_100G,507.103,,11.616,56.0633,,27.45,,,1.09,0.436,1.09,,,,,,,assumed_per_100g_missing_portion|missing_sugar|sodium_derived_from_salt
all_categories_combined,3919,1,Treatos Choco-chip Cookies 200gm,TREATOS CHOCO CHIP COOKIES,Pack size : 200gm,,ASSUMED_PER_100G,510.427,,4.77,64.0933,,26.1,,,2.08,0.832,2.08,,,,,,,assumed_per_100g_missing_portion|missing_sugar|sodium_derived_from_salt
all_categories_combined,3910,1,Treatos Choco- chip Cookies 100gms,TREATOS CHOCO CHIP COOKIES 100GMS,Pack size : 100gms,,ASSUMED_PER_100G,510.427,,4.77,64.0933,,26.1,,,2.08,0.832,2.08,,,,,,,assumed_per_100g_missing_portion|missing_sugar|sodium_derived_from_salt
all_categories_combined,3883,1,Treatos Coconut Cookies 200gm,TREATOS COCONUT COOKIES,Pack size : 200gm,,ASSUMED_PER_100G,500.437,,6.99,59.98,,26.73,,,2.16,0.864,2.16,,,,,,,assumed_per_100g_missing_portion|missing_sugar|sodium_derived_from_salt
all_categories_combined,3885,1,Treatos Digestive Bicscuits 420G,TREATOS DIGESTIVE BICSCUITS,Pack size : 420g,100g,PER_100G,424,1780,9.03,64.12,18.25,20.44,,,0.79,0.00019,0.19,,Food,Solid,Digestive Biscuits,,No Additives,
all_categories_combined,3863,1,Treatos Digestive Biscuits 170G,TREATOS DIGESTIVE BISCUITS,Pack size : 170g,100g,PER_100G,424,1780,9.03,64.12,18.25,20.44,,,0.79,0.00019,0.19,,Food,Solid,Digestive Biscuits,,No Additives,
all_categories_combined,3861|3862|3882,3,Treatos Ginger Cookies 100gm,TREATOS GINGER COOKIES,Pack size : 100gms,,ASSUMED_PER_100G,477.89,,12.3,58.4,,22.75,,,2.8,1.12,2.8,,,,,,,assumed_per_100g_missing_portion|missing_sugar|sodium_derived_from_salt
all_categories_combined,3739|3801,2,Treatos Ginger Snap Biscuits 80G,TREATOS GINGER SNAP BISCUITS,Pack size : 80g,100g,PER_100G,462.43,1966,7.19,75.7,19.92,0,,,14.57,0.0005,0.24,,Food,Solid,Ginger Biscuits,,No Additives,
all_categories_combined,3735|3763,2,Treatos Glucose Biscuits 50G,TREATOS GLUCOSE BISCUITS,Pack size : 50g,100g,PER_100G,463.22,1968.6,7.08,76.02,18.4,14.11,,,,0.0003,0.32,,Food,Solid,Glucose Biscuits,,No Additives,
all_categories_combined,3736|3762,2,Treatos Milk Biscuits 50G,TREATOS MILK BISCUITS,Pack size : 50g,100g,PER_100G,463.12,1967.3,7.09,76.02,18.4,14.52,,,0,0.0002,0.2,,Food,Solid,Milk Biscuits,,No Additives,
all_categories_combined,55,1,Treff Creams Sandwich Biscuits P.A 70G,TREFF CREAMS SANDWICH BISCUITS P A,Pack size : 100g,Average Nutritional Value As Per 100g,PER_100G,52.9,221.51,4.2,45.8,26,2.39,,,6,0.671,1.6775,,Biscuit,Solid,Food,,,salt_derived_from_sodium
all_categories_combined,53|67|68|71,4,Treff Creams Sandwich Biscuits Strawberry 125G,TREFF CREAMS SANDWICH BISCUITS STRAWBERRY,Pack size : 60g,Average Nutritional Value As Per 100g,PER_100G,603,2522,9,36,2,47,,,4,0.641,1.6025,,Chatni Ganthiya,Solid,Food,,,salt_derived_from_sodium
all_categories_combined,65,1,Treff Creams Sandwich Biscuits Vanilla 125G,TREFF CREAMS SANDWICH BISCUITS VANILLA,Pack size : 60g,Average Nutritional Value As Per 50g,PER_50G_SCALED,1166,,36,54,0,88,,,0,0,0,,Masala Shing,Solid,Food,,,salt_derived_from_sodium
all_categories_combined,3390,1,Trident Spearmint Chewy Gum 14 Sticks,TRIDENT SPEARMINT CHEWY GUM 14 STICKS,Pack size : 14 Sticks,Average Nutritional Value As Per 100g,PER_100G,5,20.92,0,1,0,0,,,0,0,0,,Chewy Gum,Solid,Food,Spearmint,,
all_categories_combined,3393,1,Trident Tropical Twist Chewy Gum 14 Sticks,TRIDENT TROPICAL TWIST CHEWY GUM 14 STICKS,Pack size : 14 Sticks,,ASSUMED_PER_100G,1,0,5,100,0,0,,,0,,,,Food,Tropical,0g,20.92kJ,Solid,assumed_per_100g_missing_portion|missing_sodium
all_categories_combined,4457,1,Trolli Blob Mixed Fruit Gummies 100g,TROLLI BLOB MIXED FRUIT GUMMIES,Pack size : 100g,Average Nutritional Value As Per 100g,PER_100G,339,1418,4.4,77,58,0.2,,,,,,,Gummies,Solid,Food,,,missing_sodium
all_categories_combined,4449,1,Trolli Gummies Candy Pizza 100G,TROLLI GUMMIES CANDY PIZZA,Pack size : 100g,Average Nutritional Value As Per 100g,PER_100G,334,1397,4.5,78,58,0.2,,,,,,,Pizza Candy,Solid,Food,,,missing_sodium
all_categories_combined,4462,1,Trolli Gummies Sberry Sour Strip85G,TROLLI GUMMIES SBERRY SOUR STRIP85G,Pack size : 85g,Average Nutritional Value As Per 100g,PER_100G,340,1423,1.8,81,54,1,,,,,,,Sour Strips,Solid,Food,Strawberry,,missing_sodium
all_categories_combined,4459,1,Trolli Mix Sour Strips Gummies 85g,TROLLI MIX SOUR STRIPS GUMMIES,Pack size : 85g,Average Nutritional Value As Per 100g,PER_100G,340,1.423,1.8,81,54,1,,,,0.2,0.5,,Gummies,Solid,Food,Mix Fruit,,sodium_derived_from_salt
all_categories_combined,2928|2948,2,Tropical Heat Chevda Chilli Lemon 50G,TROPICAL HEAT CHEVDA CHILLI LEMON,Pack size : 50g,Average Nutritional Value As Per 100g,PER_100G,516,2154,10.1,46.6,7.6,30.7,,,6.4,0.86,2.15,,Chevda,Solid,Food,Chilli Lemon,No Additives,salt_derived_from_sodium
all_categories_combined,2949,1,Tropical Heat Chevda Hot 340G,TROPICAL HEAT CHEVDA HOT,Pack size : 340g,Average Nutritional Value As Per 100g,PER_100G,538,2244,9.99,44.2,7.2,34.4,,,6,0.9,2.25,,Chevda,Solid,Food,Hot,No Additives,salt_derived_from_sodium
all_categories_combined,2947,1,Tropical Heat Chevda Masala 340G,TROPICAL HEAT CHEVDA MASALA,Pack size : 340g,Average Nutritional Value As Per 100g,PER_100G,528,2206,10,49.7,6.9,32.3,,,3.5,0.88,2.2,,Chevda,Solid,Food,Masala,No Additives,salt_derived_from_sodium
all_categories_combined,2927|2938|2946|2961,4,Tropical Heat Chevda Original 50G,TROPICAL HEAT CHEVDA ORIGINAL,Pack size : 50g,Average Nutritional Value As Per 100g,PER_100G,528,2206,10,49.7,6.9,32.3,,,3.5,0.88,2.2,,Chevda,Solid,Food,Original,No Additives,salt_derived_from_sodium
all_categories_combined,3169,1,Tropical Heat Chocolate Rice Cakes 30G,TROPICAL HEAT CHOCOLATE RICE CAKES,Pack size : 30g,Average Nutritional Value As Per 100g,PER_100G,486,2036,7.1,28.7,33.8,22.5,,,2.4,0.5,1.25,,7.1g,2036kj,486kcal,33.8g,No Additives,salt_derived_from_sodium
all_categories_combined,2931,1,Tropical Heat Exotic Snacks 50G,TROPICAL HEAT EXOTIC SNACKS,Pack size : 50G,Average Nutritional Value As Per 30g,PER_30G_SCALED,,,20,23.3333,6.66667,36.6667,,,13.3333,0.4,1,,Snacks,Solid,Food,Exotic,No Additives,salt_derived_from_sodium
all_categories_combined,1953,1,Tropical Heat Ground Ginger 10g,TROPICAL HEAT GROUND GINGER,Pack size : 10g,Average Nutritional Value As Per 50g,PER_50G_SCALED,528,2209.16,10,56,2,16,,,0,0,0,,Ginger,Solid,Food,,,salt_derived_from_sodium
all_categories_combined,4149,1,Tropical Heat Mild Kenyan Chevda 50G,TROPICAL HEAT MILD KENYAN CHEVDA,Pack size : 50g,Average Nutritional Value As Per 100g,PER_100G,537,2237,11.8,50.5,6.3,33.2,,,,,,,Chevda,Solid,Food,Mild,,missing_sodium
all_categories_combined,4058,1,Tropical Heat P.Crsp Salt/Vingr 20G,TROPICAL HEAT P CRSP SALT VINGR,Pack size : 20g,Average Nutritional Value As Per 100g,PER_100G,546,,5.3,48.5,,36.8,,,3.9,1.37,3.425,,,,,Salt & Vinegar,,missing_sugar|salt_derived_from_sodium
all_categories_combined,3708,1,Tropical Heat Pops Cheese Nachos 22G,TROPICAL HEAT POPS CHEESE NACHOS,Pack size : 22g,,ASSUMED_PER_100G,472,,6.26,63.15,,21.35,,,0.72,1.012,2.53,,,,,Cheese,,assumed_per_100g_missing_portion|missing_sugar|sodium_derived_from_salt
all_categories_combined,3699,1,Tropical Heat Pops Chilli Lime Nachos 22G,TROPICAL HEAT POPS CHILLI LIME NACHOS,Pack size : 22g,,ASSUMED_PER_100G,471,,6.4,62.49,,22.05,,,0.98,1.08,2.7,,,,,Chilli Lime,,assumed_per_100g_missing_portion|missing_sugar|sodium_derived_from_salt
all_categories_combined,3697,1,Tropical Heat Pops Salted Nachos22G,TROPICAL HEAT POPS SALTED NACHOS22G,Pack size : 22g,,ASSUMED_PER_100G,380,,8.7,81.49,,1.87,,,1,0.412,1.03,,,,,Salted,,assumed_per_100g_missing_portion|missing_sugar|sodium_derived_from_salt
all_categories_combined,3713,1,Tropical Heat Pops Tomato Nachos 22G,TROPICAL HEAT POPS TOMATO NACHOS,Pack size : 22g,,ASSUMED_PER_100G,484,,6.43,65.71,,21.42,,,0.72,0.712,1.78,,,,,Tomato,,assumed_per_100g_missing_portion|missing_sugar|sodium_derived_from_salt
all_categories_combined,4057|4059,2,Tropical Heat Potato Cirsps Chill Lemon 20G,TROPICAL HEAT POTATO CIRSPS CHILL LEMON,Pack size : 20g,Average Nutritional Value As Per 100g,PER_100G,543,,5.2,51.7,,35,,,3.5,1.5,3.75,,,,,Chilli & Lemon,,missing_sugar|salt_derived_from_sodium
all_categories_combined,2158,1,Tropical Heat Premium Grinder Sea Salt 100g,TROPICAL HEAT PREMIUM GRINDER SEA SALT,Pack size : 100g,Average Nutritional Value As Per 100g,PER_100G,46.1,193,5.1,4.1,0,1.3,,,0,38.667,96.6675,,Sea Salt,Solid,Food,,No Additives,salt_derived_from_sodium
all_categories_combined,4227,1,Tropical Heat Premium Kenyan Bhusu 340G,TROPICAL HEAT PREMIUM KENYAN BHUSU,Pack size : 340g,Average Nutritional Value As Per 30g,PER_30G_SCALED,600,2510.4,,46.6667,,40,,,3.33333,0.576667,1.33333,,Kenyan Bhusu,Solid,Food,,,missing_sugar
all_categories_combined,4322,1,Tropical Heat Safari Puffs Cheese 18G,TROPICAL HEAT SAFARI PUFFS CHEESE,Pack size : 18G,Average Nutritional Value As Per 100g,PER_100G,540,2255,6,57.4,,31.8,,,2.9,1.7,4.25,,Safari Puffs,Solid,Food,Cheese,No Additives,missing_sugar|salt_derived_from_sodium
all_categories_combined,4323|4324,2,Tropical Heat Safari Puffs Tomato 18G,TROPICAL HEAT SAFARI PUFFS TOMATO,Pack size : 18G,Average Nutritional Value As Per 100g,PER_100G,540,2255,6,57.4,,31.8,,,2.9,1.7,4.25,,Safari Puffs,Solid,Food,Tomato,No Additives,missing_sugar|salt_derived_from_sodium
all_categories_combined,4141|4178|4214,3,Tropical Heat Snacks Cheese&Onion Potato Crisps 50G,TROPICAL HEAT SNACKS CHEESE ONION POTATO CRISPS,Pack size : 50g,Average Nutritional Value As Per 100g,PER_100G,529,2209,5.6,53.8,,32.4,,,3.5,1.35,3.375,,Potato Chips,Cheese and Onion,5.6g,2209KJ,No Additives,missing_sugar|salt_derived_from_sodium
all_categories_combined,4143|4216,2,Tropical Heat Snacks Chilli Lemon Potato Crisps 50G,TROPICAL HEAT SNACKS CHILLI LEMON POTATO CRISPS,Pack size : 50g,Average Nutritional Value As Per 100g,PER_100G,543,2262,5.2,51.7,,35,,,3.5,1.5,3.75,,Chips,Chilli Lemon,5.2g,2262KJ,No Additives,missing_sugar|salt_derived_from_sodium
all_categories_combined,4134,1,Tropical Heat Snacks Heroes Potato Chips Cheese & Onion 40G,TROPICAL HEAT SNACKS HEROES POTATO CHIPS CHEESE ONION,Pack size : 40g,Average Nutritional Value As Per 100g,PER_100G,525,2190,6,53.38,,31.12,,,3.6,1.75,4.375,,Cheese & Onion Crispy,Solid,Food,Cheese And Onion,No Additives,missing_sugar|salt_derived_from_sodium
all_categories_combined,4133|4137,2,Tropical Heat Snacks Heroes Potato Chips Fruit Chutney 40G,TROPICAL HEAT SNACKS HEROES POTATO CHIPS FRUIT CHUTNEY,Pack size : 40g,Average Nutritional Value As Per 100g,PER_100G,511,2131,6.1,52.74,,29.61,,,4.4,1.85,4.625,,Fruit Chutney,Solid,Food,Fruit Chutney,No Additives,missing_sugar|salt_derived_from_sodium
all_categories_combined,4128|4136,2,Tropical Heat Snacks Heroes Potato Chips Sweet Chilli 40G,TROPICAL HEAT SNACKS HEROES POTATO CHIPS SWEET CHILLI,Pack size : 40g,Average Nutritional Value As Per 100g,PER_100G,521.7,2179,6.4,55.4,,30.2,,,1.3,1.03,2.575,,Sweet Chilli Crispy,Solid,Food,Sweet Chilli,No Additives,missing_sugar|salt_derived_from_sodium
all_categories_combined,4135|4139,2,Tropical Heat Snacks Heroes Potato Chips Tomato Ketchup 40G,TROPICAL HEAT SNACKS HEROES POTATO CHIPS TOMATO KETCHUP,Pack size : 40g,Average Nutritional Value As Per 100g,PER_100G,513,2141,6.1,54.12,,29.3,,,4.1,0.5,1.25,,Potato Crisps,Solid,Food,Tomato,No Additives,missing_sugar|salt_derived_from_sodium
all_categories_combined,132|133,2,Tropical Heat Snacks Masala Sticks 200G,TROPICAL HEAT SNACKS MASALA STICKS,Pack size : 200g,Average Nutritional Value As Per 100g,PER_100G,546,2277,5.8,42.6,7.6,35.8,,,3,0.6,1.5,,Masala Sticks,Solid,Food,Masala,No Additives,salt_derived_from_sodium
all_categories_combined,4144,1,Tropical Heat Snacks Nyama Choma Potato Crisps 50G,TROPICAL HEAT SNACKS NYAMA CHOMA POTATO CRISPS,Pack size : 50g,Average Nutritional Value As Per 100g,PER_100G,516,2154,8.4,48.9,,30.8,,,4.7,1.95,4.875,,Potato Chips,Nyama Choma,8.4g,2154Kj,No Additives,missing_sugar|salt_derived_from_sodium
all_categories_combined,3118|3119,2,Tropical Heat Snacks Safari Puffs Cheese 100G,TROPICAL HEAT SNACKS SAFARI PUFFS CHEESE,Pack size : 100g,Average Nutritional Value As Per 100g,PER_100G,540,2255,6,57.4,,31.8,,,2.9,1.7,4.25,,Puffs,Solid,Food,Cheese,No Additives,missing_sugar|salt_derived_from_sodium
all_categories_combined,3117,1,Tropical Heat Snacks Safari Puffs Tomato 100G,TROPICAL HEAT SNACKS SAFARI PUFFS TOMATO,Pack size : 100g,Average Nutritional Value As Per 100g,PER_100G,540,2255,6,57.4,,31.8,,,2.9,1.7,4.25,,Puffs,Solid,Food,Tomato,No Additives,missing_sugar|salt_derived_from_sodium
all_categories_combined,4131|4176|4179|4215,4,Tropical Heat Snacks Salt&Vinegar Potato Crisps 50G,TROPICAL HEAT SNACKS SALT VINEGAR POTATO CRISPS,Pack size : 50g,Average Nutritional Value As Per 100g,PER_100G,546,2277,5.3,48.5,,36.8,,,3.9,1.37,3.425,,Potato Chips,Salt and Vinegar,5.3g,2277KJ,No Additives,missing_sugar|salt_derived_from_sodium
all_categories_combined,4129|4180|4218,3,Tropical Heat Snacks Salted Potato Crisps 50G,TROPICAL HEAT SNACKS SALTED POTATO CRISPS,Pack size : 50g,Average Nutritional Value As Per 100g,PER_100G,530,2213,6.7,52.8,,32.5,,,3.5,1.16,2.9,,Potato Chips,Salted,6.7g,2213KJ,No Additives,missing_sugar|salt_derived_from_sodium
all_categories_combined,4130|4177|4217,3,Tropical Heat Snacks Tomato Potato Crisps 50G,TROPICAL HEAT SNACKS TOMATO POTATO CRISPS,Pack size : 50g,Average Nutritional Value As Per 100g,PER_100G,532,2221,5.8,53.6,,32.7,,,2.9,0.58,1.45,,Potato Chips,Tomato,5.8g,2221KJ,No Additives,missing_sugar|salt_derived_from_sodium
all_categories_combined,2980|2981|3011,3,Tropical Heat Snacks TropNuts Chilli Lemon Peanuts 50g,TROPICAL HEAT SNACKS TROPNUTS CHILLI LEMON PEANUTS,Pack size : 50g,Average Nutritional Value As Per 100g,PER_100G,602,2495,25.9,13.6,,49.3,,,6.5,0.9,2.25,,,Solid,,Chilli Lemon,No Additives,missing_sugar|salt_derived_from_sodium
all_categories_combined,2978|3009,2,Tropical Heat Snacks TropNuts Fried Peanuts 50g,TROPICAL HEAT SNACKS TROPNUTS FRIED PEANUTS,Pack size : 50g,Average Nutritional Value As Per 100g,PER_100G,475,1995,18.4,56.4,,19.6,,,3.6,1.7,4.25,,,Solid,,Fried,No Additives,missing_sugar|salt_derived_from_sodium
all_categories_combined,3014,1,Tropical Heat Snacks TropNuts Roasted Peanuts 150g,TROPICAL HEAT SNACKS TROPNUTS ROASTED PEANUTS,Pack size : 150g,Average Nutritional Value As Per 100g,PER_100G,584,2423,24.8,16.4,,46.6,,,8.5,0,0,,,Solid,,Roasted,No Additives,missing_sugar|salt_derived_from_sodium
all_categories_combined,3013,1,Tropical Heat Snacks TropNuts Roasted Salted Peanuts 150g,TROPICAL HEAT SNACKS TROPNUTS ROASTED SALTED PEANUTS,Pack size : 150g,Average Nutritional Value As Per 100g,PER_100G,602,2495,18.4,56.4,,49.3,,,3.6,1.7,4.25,,,Solid,,Roasted Salted,No Additives,missing_sugar|salt_derived_from_sodium
all_categories_combined,4067|4070,2,Tropical Heat Snacks Waves Potato Crisps Chilli Lemon 30G,TROPICAL HEAT SNACKS WAVES POTATO CRISPS CHILLI LEMON,Pack size : 30g,Average Nutritional Value As Per 100g,PER_100G,543,2262,5.2,51.7,,35,,,3.5,1.5,3.75,,Potato Chips,Chilli Lemon,5.2g,2262KJ,No Additives,missing_sugar|salt_derived_from_sodium
all_categories_combined,4072,1,Tropical Heat Snacks Waves Potato Salted Crisps 30G,TROPICAL HEAT SNACKS WAVES POTATO SALTED CRISPS,Pack size : 30g,Average Nutritional Value As Per 100g,PER_100G,530,2213,6.7,52.8,,32.5,,,3.5,1.16,2.9,,Potato Chips,Salted,6.7g,2213KJ,No Additives,missing_sugar|salt_derived_from_sodium
all_categories_combined,4068|4196|4198,3,Tropical Heat Snacks Waves Salt & Vinegar Potato Crisps 30G,TROPICAL HEAT SNACKS WAVES SALT VINEGAR POTATO CRISPS,Pack size : 30g,Average Nutritional Value As Per 100g,PER_100G,546,2277,5.3,48.5,,36.8,,,3.9,1.37,3.425,,,Salt and Vinegar,5.3g,2277KJ,No Additives,missing_sugar|salt_derived_from_sodium
all_categories_combined,4197,1,Tropical Heat Snacks Waves Salted Potato Crisps 125G,TROPICAL HEAT SNACKS WAVES SALTED POTATO CRISPS,Pack size : 125g,Average Nutritional Value As Per 100g,PER_100G,530,2213,6.7,52.8,,32.5,,,3.5,1.16,2.9,,Potato Chips,Salted,6.7g,2213KJ,No Additives,missing_sugar|salt_derived_from_sodium
all_categories_combined,4199,1,Tropical Heat Snacks Waves Tomato Potato Crisps 125G,TROPICAL HEAT SNACKS WAVES TOMATO POTATO CRISPS,Pack size : 125g,Average Nutritional Value As Per 100g,PER_100G,532,2221,5.8,53.6,,32.7,,,2.9,0.58,1.45,,Potato Chips,Tomato,5.8g,2221KJ,No Additives,missing_sugar|salt_derived_from_sodium
all_categories_combined,2073,1,Tropical Heat Spices Chicken Masala 100G,TROPICAL HEAT SPICES CHICKEN MASALA,Pack size : 100g,Average Nutritional Value As Per 5g,PER_5G_SCALED,,,20,60,,10,,,,1.7,4.25,,1.0g,Powder,Food,,No Additives,missing_sugar|salt_derived_from_sodium
all_categories_combined,1767,1,Tropical Heat Spices Curry Powder 100G,TROPICAL HEAT SPICES CURRY POWDER,Pack size : 100g,Average Nutritional Value As Per 5g,PER_5G_SCALED,,,20,60,,10,,,,1.8,4.5,,Curry Powder,Powder,Food,,No Additives,missing_sugar|salt_derived_from_sodium
all_categories_combined,2082,1,Tropical Heat Spices Githeri Masala 100G,TROPICAL HEAT SPICES GITHERI MASALA,Pack size : 100g,Average Nutritional Value As Per 5g,PER_5G_SCALED,,,20,60,,,,,,2.4,6,,1.0g,,1g,995.7kJ,No Additives,missing_sugar|missing_total_fat|salt_derived_from_sodium
all_categories_combined,104,1,Tropical Heat SuperFit Rice Cakes Salted 120G,TROPICAL HEAT SUPERFIT RICE CAKES SALTED,Pack size : 100g,Average Nutritional Value As Per 100g,PER_100G,355,1484,7.8,79.4,1.2,0.7,,,1.89,1.9,1.8,,Rice Cakes,Salted,7.8g,Salted,No Additives,
all_categories_combined,102|106,2,Tropical Heat SuperFit Rice Cakes Unsalted 120G,TROPICAL HEAT SUPERFIT RICE CAKES UNSALTED,Pack size : 100g,Average Nutritional Value As Per 100g,PER_100G,355,1484,7.8,79.4,1.2,0.7,,,1.89,1.8,0.005,,Rice Cakes,Unsalted,7.8g,Unsalted,No Additives,
all_categories_combined,4186,1,Tropical Heat Sweet Tamu Chevda 150G,TROPICAL HEAT SWEET TAMU CHEVDA,Pack size : 150g,Average Nutritional Value As Per 100g,PER_100G,515,2148,10.9,56.9,8.5,39.9,,,9.4,0.32,0.8,,Sweet Tamu Chevda,Solid,Food,,,sodium_derived_from_salt
all_categories_combined,4626,1,Tropical Mix Fresh Juice 1L,TROPICAL MIX FRESH JUICE,Pack size : 1liter,Average Nutritional Value As Per 100ml,PER_100ML,58,247,0.58,12.6,9.4,0.24,,,,,,,Fruit Juice,Liquid,Beverage,"Mango, passion, Orange juice & beetroot",,missing_sodium
all_categories_combined,2708,1,Tropical Sun Allpurpose Seasoning 100G,TROPICAL SUN ALLPURPOSE SEASONING,Pack size : 100g,Nutional values as per 100g,PER_100G,163,,18,16,12,3.1,,,0.6,25.2,63,,Food,Powder,Spices,All Purpose,No Additives,sodium_derived_from_salt
all_categories_combined,2713,1,Tropical Sun Fish Seasoning 100Gm,TROPICAL SUN FISH SEASONING,Pack size : 100gm,Nutional values as per 100g,PER_100G,106,,4.3,13.1,,4.4,,,8,27.536,68.84,,Food,Powder,Spices,Fish Seasoning,No Additives,missing_sugar|sodium_derived_from_salt
all_categories_combined,1070,1,Tropical Sun Root Beer Nonalc330Ml,TROPICAL SUN ROOT BEER NONALC330ML,Pack size : 330ml,Average Nutritional Value As Per 100ml,PER_100ML,35,148,0,8.7,8.7,0,,,,,,,American Style Root Beer,Liquid,Beverage,,,missing_sodium
all_categories_combined,404,1,Tropicana Fortified All Purpose Home Baking Flour 1Kg,TROPICANA FORTIFIED ALL PURPOSE HOME BAKING FLOUR,Pack size : 1Kg,Average Nutritional Value As Per 100g,PER_100G,334,1397.4,10,69,0,1,,,0,0,0,,Flour,Powder,Food,,,salt_derived_from_sodium
all_categories_combined,396,1,Tropicana Fortified Self Raising Flour 2Kg,TROPICANA FORTIFIED SELF RAISING FLOUR,Pack size : 2Kg,Average Nutritional Value As Per 100g,PER_100G,339,1418,9,71,0,1,,,0,0.735,1.8375,,Flour,Powder,Food,,,salt_derived_from_sodium
all_categories_combined,3496,1,Tuna Fruit Apple Juice 300Ml,TUNA FRUIT APPLE JUICE,Pack size : 300ml,Average Nutritional Value As Per 100ml,PER_100ML,58,242.6,1,12,0,1,,,0,0,0,,Apple Juice,Liquid,Beverage,Apple,,salt_derived_from_sodium
all_categories_combined,2489,1,Tuzo Everfresh Pure Ghee 1kg,TUZO EVERFRESH PURE GHEE,Pack size : 1Kg,Average Nutritional Value As Per 100g,PER_100G,899,3761.42,0.04,0.01,,99.92,,,,,,,Ghee,Puree,Food,,,missing_sodium|missing_sugar
all_categories_combined,2526,1,Tuzo Ghee 1Kg,TUZO GHEE,Pack size : 1kg,Average Nutritional Value As Per 100g,PER_100G,897,3753.05,0,0,0,0,,,,,,,Ghee,Liquid,Food,,,missing_sodium
all_categories_combined,4671|4685,2,Twisco Drinking Choco Jar 2In1 125G,TWISCO DRINKING CHOCO JAR 2IN1,Pack size : 125g,Average Nutritional Value As Per 100g,PER_100G,354,1485,4.7,79.3,,2.1,,,6.2,0.2,0.5,,Chocolate Drink Powder,Powder,Food,chocolate,,missing_sugar|sodium_derived_from_salt
all_categories_combined,4651|4656,2,Twisco Drinking Choco Sachet 2In1 20G,TWISCO DRINKING CHOCO SACHET 2IN1,Pack size : 20g,Average Nutritional Value As Per 100g,PER_100G,359,1502.06,4.6,78,74,1.5,,,6.5,0.002,0.005,,Drink Powder,Powder,Food,chocolate,,salt_derived_from_sodium
all_categories_combined,3189,1,Twix Chocolate Bar,TWIX CHOCOLATE BAR,Pack size : 50g,100g,PER_100G,123,514,2,14,12.2,5.9,,,,,,,Chocolate Bar,Solid,Food,,,missing_sodium
all_categories_combined,358,1,U Mix Fortified Mandazi Flour 2kg,U MIX FORTIFIED MANDAZI FLOUR,Pack size : 2kg,Average Nutritional Value As Per 56g,PER_56G_SCALED,125,522.857,3.57143,23.2143,1.78571,12.5,,,0,0.075,0.1875,,Mandazi Flour,Powder,Food,,,salt_derived_from_sodium
all_categories_combined,3791,1,Ubisco Nice Biscuits 175g,UBISCO NICE BISCUITS,Pack size : 175g,Average Nutritional Value As Per 27g,PER_27G_SCALED,500,2092,7.40741,59.2593,22.2222,25.9259,,,1.85185,0.203704,0.509259,,Biscuits,Solid,Food,Coconut,,salt_derived_from_sodium
all_categories_combined,2442,1,Ufuta Pure Vegetable Cooking Oil 2L,UFUTA PURE VEGETABLE COOKING OIL,Pack size : 2L,Average Nutritional Value As Per 100ml,PER_100ML,120,502.08,,,,14,,,,,,,Cooking Oil,Liquid,Food,,,missing_sodium|missing_sugar
all_categories_combined,337|354,2,Unga Exe Chapati Fortified Wheat Flour 2Kg,UNGA EXE CHAPATI FORTIFIED WHEAT FLOUR,Pack size : 2Kg,Average Nutritional Value As Per 60g,PER_60G_SCALED,300,1255.2,8.33333,43.3333,1.66667,5,,,,0.133333,0.333333,,Wheat Flour,Powder,Food,,,salt_derived_from_sodium
all_categories_combined,420,1,Unga Exe Whole Meal Fortified Wheat Flour 2Kg,UNGA EXE WHOLE MEAL FORTIFIED WHEAT FLOUR,Pack size : 2Kg,Average Nutritional Value As Per 100g,PER_100G,252,1054.36,8.4,51,1.9,1.6,,,,,,,Wheat Flour,Powder,Food,,,missing_sodium
all_categories_combined,341,1,Unga Wa Dola All Purpose Flour 2Kg,UNGA WA DOLA ALL PURPOSE FLOUR,Pack size : 2Kg,Average Nutritional Value As Per 100g,PER_100G,364,1522.97,10,76,0.3,1,,,,0.002,0.005,,All Purpose Flour,Powder,Food,,,salt_derived_from_sodium
all_categories_combined,536,1,Urban Waters Purified Drinking Water 5L,URBAN WATERS PURIFIED DRINKING WATER,Pack size : 5L,Average Nutritional Value As Per 100ml,PER_100ML,0,0,,,,,,,,0.235,0.5875,,Drinking Water,Liquid,Beverage,,,missing_sugar|missing_total_fat|salt_derived_from_sodium
all_categories_combined,49,1,Vanilla Cocoa Cream Biscuit 39g,VANILLA COCOA CREAM BISCUIT,Pack size : 39g,Average Nutritional Value As Per 39g,PER_39G_SCALED,489.744,2049.08,5.12821,66.6667,,20.5128,,,,,,,Cocoa Cream Biscuit,Solid,Food,Cocoa,,missing_sodium|missing_sugar
all_categories_combined,1535,1,Varvello Aceto Di vino Rosso Red Wine Vinegar 1L,VARVELLO ACETO DI VINO ROSSO RED WINE VINEGAR,Pack size : 1L,Average Nutritional Value As Per 100ml,PER_100ML,21,90,0.05,0.5,0.5,0,,,,,,,Vinegar,Liquid,Food,,,missing_sodium
all_categories_combined,1532,1,Varvello Apple Vinegar 1L,VARVELLO APPLE VINEGAR,Pack size : 1L,Average Nutritional Value As Per 100g,PER_100G,22,92.048,0,0.9,,0,,,0,0.005,0.0125,,Vinegar,Liquid,Food,,,missing_sugar|salt_derived_from_sodium
all_categories_combined,1530,1,Varvello Gran Sapore Apple Cider Vinegar 500ml,VARVELLO GRAN SAPORE APPLE CIDER VINEGAR,Pack size : 500ml,Average Nutritional Value As Per 100g,PER_100G,22,92.048,0,0.9,,0,,,0,0.005,0.0125,,Apple Cider Vinegar,Liquid,Food,,,missing_sugar|salt_derived_from_sodium
all_categories_combined,1545,1,Varvello Gran Sapore Modena Balsamic Vinegar 500ml,VARVELLO GRAN SAPORE MODENA BALSAMIC VINEGAR,Pack size : 500ml,Average Nutritional Value As Per 100ml,PER_100ML,0,0,0,0,0,0,,,0,0.24,0.6,,Balsamic Vinegar,Liquid,Food,,,salt_derived_from_sodium
all_categories_combined,1539,1,Varvello Gran Sapore Red Grape Vinegar 500ml,VARVELLO GRAN SAPORE RED GRAPE VINEGAR,Pack size : 500ml,Average Nutritional Value As Per 100ml,PER_100ML,21,90,0.05,0.5,0.5,0,,,,,,,Vinegar,Liquid,Food,,,missing_sodium
all_categories_combined,4042,1,Vidal Mega Jelly Mix Halal 100G,VIDAL MEGA JELLY MIX HALAL,Pack size : 100g,Average Nutritional Value As Per 100g,PER_100G,341,1427,4.5,79,55,0.2,,,0,0.052,0.13,,Gummi Candy,Solid,Food,,,sodium_derived_from_salt
all_categories_combined,3657,1,Vidal Strawberry Cream Drops 100G,VIDAL STRAWBERRY CREAM DROPS,Pack size : 100g,Average Nutritional Value As Per 100g,PER_100G,339,1442,4,79,62,0,,,,,,,Gummi Candy,Solid,Food,Strawberry,,missing_sodium
all_categories_combined,3250,1,Villars Hazelnut Chips Milk Chocolate Bar 100g,VILLARS HAZELNUT CHIPS MILK CHOCOLATE BAR,Pack size : 100g,Average Nutritional Value As Per 100g,PER_100G,565,2364,8.4,48,46,38,,,2.6,0.112,0.28,,Chocolate Bar,Solid,Food,Hazelnut,,sodium_derived_from_salt
all_categories_combined,3251,1,Villars Orange Milk Chocolate Bar 100g,VILLARS ORANGE MILK CHOCOLATE BAR,Pack size : 100g,Average Nutritional Value As Per 100g,PER_100G,525,2195,6.7,55,54,31,,,2.4,0.108,0.27,,Chocolate Bar,Solid,Food,Orange,,sodium_derived_from_salt
all_categories_combined,3249,1,Villars Roasted Almonds Milk Chocolate Bar 100g,VILLARS ROASTED ALMONDS MILK CHOCOLATE BAR,Pack size : 100g,Average Nutritional Value As Per 100g,PER_100G,565,2355,9,46,46,38,,,3,0.108,0.27,,Chocolate Bar,Solid,Food,Almond,,sodium_derived_from_salt
all_categories_combined,983,1,Vimto Sparkling Fruit Drink 300Ml,VIMTO SPARKLING FRUIT DRINK,Pack size : 300ml,Average Nutritional Value As Per 100g,PER_100G,24,100,,6.1,6.1,,,,,,,,Fruit Drink,Liquid,Beverage,Fruit,,missing_sodium|missing_total_fat
all_categories_combined,2367,1,Virginia Garden Dark Soy Sauce 500ml,VIRGINIA GARDEN DARK SOY SAUCE,Pack size : 500ml,Average Nutritional Value As Per 100g,PER_100G,36,150.62,7,26,22,0,,,0,7.8,19.5,,Sauce,Liquid,Food,Soy,,salt_derived_from_sodium
all_categories_combined,305,1,Virginia Green Garden Chocolate Syrup 624g,VIRGINIA GREEN GARDEN CHOCOLATE SYRUP,Pack size : 624g,Average Nutritional Value As Per 100g,PER_100G,259,1083.66,1.7,60.9,510.1,0.93,,,2.9,0.0372,0.093,,Syrup,Liquid,Food,Cocoa,,salt_derived_from_sodium
all_categories_combined,1205,1,Virginia Green Garden Hot Sauce 88ml,VIRGINIA GREEN GARDEN HOT SAUCE,Pack size : 88ml,,ASSUMED_PER_100G,8.7,,60,100,,3,,,,,,,Food,,1.4g,251.04kJ,Paste,assumed_per_100g_missing_portion|missing_sodium|missing_sugar
all_categories_combined,294,1,Virginia Green Garden Natural And Delicious Golden Cream 170g,VIRGINIA GREEN GARDEN NATURAL AND DELICIOUS GOLDEN CREAM,Pack size : 170g,Average Nutritional Value As Per 100g,PER_100G,242,1012.5,2,5,,23,,,,,,,Cream,Cream,Food,,,missing_sodium|missing_sugar
all_categories_combined,1454,1,Virginia Green Garden Yellow Mustard 227g,VIRGINIA GREEN GARDEN YELLOW MUSTARD,Pack size : 227g,Average Nutritional Value As Per 100g,PER_100G,120,502.08,5,9,5,5,,,0,1,2.5,,Yellow Mustard,Paste,Food,,,salt_derived_from_sodium
all_categories_combined,1244,1,Virginia Oyster Sauce 710g,VIRGINIA OYSTER SAUCE,Pack size : 710g,Average Nutritional Value As Per 100g,PER_100G,51,213,1.4,11,0,0.3,,,0.3,2.733,0,,Sauce,Paste,Food,,,
all_categories_combined,4304,1,Vitrac Apricot Jam 850g,VITRAC APRICOT JAM,Pack size : 850g,Average Nutritional Value As Per 100g,PER_100G,260,1047,0,65,64,0,,,1,0,0,,Apricot Jam,Paste,Food,Apricot,,
all_categories_combined,4587,1,Vitrac Blueberry Jam 430g,VITRAC BLUEBERRY JAM,Pack size : 430g,Average Nutritional Value As Per 20g,PER_20G_SCALED,260,1087.5,0,65,60,0,,,0,0,0,,Blueberry Jam,Jelly,Food,Blueberry,,
all_categories_combined,4574,1,Vitrac Orange Jam 430g,VITRAC ORANGE JAM,Pack size : 430g,Average Nutritional Value As Per 100g,PER_100G,32,133.888,0,8,0,0,,,0,0,0,,Orange Jam,Jelly,Food,Orange,,salt_derived_from_sodium
all_categories_combined,491|494|503|506|514,5,Waba Mineral Water 20L,WABA MINERAL WATER,Pack size : 20L,Average Nutritional Value As Per 273g,PER_273G_SCALED,0,0,,,,,,,,0.00347985,0.00869963,,Mineral Water,Liquid,Beverage,,,missing_sugar|missing_total_fat|salt_derived_from_sodium
all_categories_combined,4376,1,Walkers Eclairs Milk Chocolate 150g,WALKERS ECLAIRS MILK CHOCOLATE,Pack size : 150g,Average Nutritional Value As Per 100g,PER_100G,513,2146,2,70,52,24,,,0,0,0,,Milk Chocolate,Solid,Food,Chocolate,,salt_derived_from_sodium
all_categories_combined,3845,1,Walkers Milk White And Dark Chocolate Classics 120g,WALKERS MILK WHITE AND DARK CHOCOLATE CLASSICS,Pack size : 120g,Average Nutritional Value As Per 100g,PER_100G,485.4,2031,3.6,65,58,23.1,,,0,0.09,0.225,,Chocolate Classics,Solid,Food,Cocoa,,salt_derived_from_sodium
all_categories_combined,4379,1,Walkers Nonsuch Assorted And Chocolate Eclairs Toffee 150g,WALKERS NONSUCH ASSORTED AND CHOCOLATE ECLAIRS TOFFEE,Pack size : 150g,Average Nutritional Value As Per 100g,PER_100G,496,2078,2.6,71.6,71.4,22.1,,,0,0.2,0.5,,Toffee,Solid,Food,,,sodium_derived_from_salt
all_categories_combined,4380,1,Walkers Nonsuch English Creamy Toffee 150g,WALKERS NONSUCH ENGLISH CREAMY TOFFEE,Pack size : 150g,Average Nutritional Value As Per 100g,PER_100G,480,2013,2,72.1,72.1,20.4,,,0,0.24,0.6,,Toffee,Solid,Food,,,sodium_derived_from_salt
all_categories_combined,4378,1,Walkers Nonsuch Mint Toffees 150g,WALKERS NONSUCH MINT TOFFEES,Pack size : 150g,Average Nutritional Value As Per 100g,PER_100G,180,768,0.8,30,20,6.9,,,0,0.08,0.2,,Toffee,Solid,Food,Mint,,sodium_derived_from_salt
all_categories_combined,4377,1,Walkers Nonsuch Treacle Toffee 150g,WALKERS NONSUCH TREACLE TOFFEE,Pack size : 150g,Average Nutritional Value As Per 100g,PER_100G,740,1944,1.9,72.1,48.7,19.2,,,0,0.2,0.5,,Toffee,Solid,Food,,,sodium_derived_from_salt
all_categories_combined,2586,1,Wang Lao Ji Herbal Tea Drink 310ml,WANG LAO JI HERBAL TEA DRINK,Pack size : 310ml,Average Nutritional Value As Per 100ml,PER_100ML,38,146,0.9,8.99,5.59,0.9,,,,0.36,0.9,,Herbal Tea Drink,Liquid,Beverage,,,sodium_derived_from_salt
all_categories_combined,2543,1,Wang Shou Yi Thirteen Mixed Spice 45g,WANG SHOU YI THIRTEEN MIXED SPICE,Pack size : 45g,Average Nutritional Value As Per 100g,PER_100G,397,1661,9,70.8,14.9,8.4,,,,,,,Mixed Spice,Powder,Food,,,missing_sodium
all_categories_combined,2557,1,Wang Wang Milk Drink 245ml,WANG WANG MILK DRINK,Pack size : 245ml,Average Nutritional Value As Per 100ml,PER_100ML,190,796,6.4,24.5,13,5.9,,,,0.12,0.3,,Milk Drink,Liquid,Beverage,,,sodium_derived_from_salt
all_categories_combined,2587|2590,2,Wang Wang Sweet Milk Creamy Chewy Candy 318g,WANG WANG SWEET MILK CREAMY CHEWY CANDY,Pack size : 318g,Average Nutritional Value As Per 100g,PER_100G,215,899.56,3.3,77.7,0,10.8,,,,0.18,0.45,,Chewy Candy,Solid,Food,,,salt_derived_from_sodium
all_categories_combined,2545,1,Wang Wang Sweet Rice Biscuit 84g,WANG WANG SWEET RICE BISCUIT,Pack size : 84g,Average Nutritional Value As Per 100g,PER_100G,36,150.62,,5,,1,,,,0.027,0.0675,,Sweet Rice Biscuit,Solid,Food,,,missing_sugar|salt_derived_from_sodium
all_categories_combined,2582,1,Wangwang Chinese Rice Cracker Cookies 52g,WANGWANG CHINESE RICE CRACKER COOKIES,Pack size : 52g,Average Nutritional Value As Per 100g,PER_100G,490,2050.16,4,71,0,21,,,0,0.75,1.875,,Cracker Cookies,Solid,Food,,,salt_derived_from_sodium
all_categories_combined,772,1,Warda Lasagnes Pasta 500g,WARDA LASAGNES PASTA,,Average Nutritional Value As Per 100g,PER_100G,355,1485,12.5,73,,1.9,,,1.15,,,,Lasagnes Pasta,Solid,Food,,,missing_sodium|missing_sugar
all_categories_combined,889,1,Warda Rose Blanche Couscous Medium 500g,WARDA ROSE BLANCHE COUSCOUS MEDIUM,Pack size : 500g,Average Nutritional Value As Per 100g,PER_100G,366,1534,12,72,,1.5,,,,,,,Couscous,Solid,Food,,,missing_sodium|missing_sugar
all_categories_combined,4632,1,Watermelon Fresh Juice 500Ml,WATERMELON FRESH JUICE,Pack size : 500ml,Average Nutritional Value As Per 100ml,PER_100ML,53.87,225.3,0.41,12.81,0,0.11,,,0.61,1e-05,0.61,,Watermelon Juice,Liquid,Beverage,Watermelon,,
all_categories_combined,3600,1,Weetabix Banana Cereal 500g,WEETABIX BANANA CEREAL,Pack size : 250g,Average Nutritional Value As Per 100g,PER_100G,358,1480,11.1,66,2,2.3,,,,0.241,0.6025,,Cereal,Solid,Food,Banana,,salt_derived_from_sodium
all_categories_combined,3598,1,Weetabix Bran Flakes 500g,WEETABIX BRAN FLAKES,Pack size : 500g,Average Nutritional Value As Per 100g,PER_100G,360,1520,12,64,12,2.7,,,,0.00014,0.00035,,Bran Flakes,Solid,Food,,,salt_derived_from_sodium
all_categories_combined,3637|3642,2,Weetabix Chocolate 460G,WEETABIX CHOCOLATE,,Average Nutritional Value As Per 100g,PER_100G,366,1547,10,68,17,3.8,,,10,0.012,0.18,,,,,,,
all_categories_combined,3633|3649,2,Weetabix Cornflakes Cereals 250g,WEETABIX CORNFLAKES CEREALS,Pack size : 250g,Average Nutritional Value As Per 100g,PER_100G,358,1480,11.1,66,2,2.3,,,,0.241,0.6025,,Cereal,Solid,Food,,,salt_derived_from_sodium
all_categories_combined,3638,1,Weetabix Crispy Crunchy Corn Flakes 250g,WEETABIX CRISPY CRUNCHY CORN FLAKES,Pack size : 250g,Average Nutritional Value As Per 100g,PER_100G,367,1555,7.5,80.4,5.1,0.9,,,3.4,0,0,,Cornflakes,Solid,Food,,,salt_derived_from_sodium
all_categories_combined,3640,1,Weetabix Crunch Cornflakes 500g,WEETABIX CRUNCH CORNFLAKES,Pack size : 500g,Average Nutritional Value As Per 100g,PER_100G,367,1555,7.5,80.4,5.1,0.9,,,3.4,0.4,1,,Cornflakes,Solid,Food,,,sodium_derived_from_salt
all_categories_combined,4292,1,Weetabix Fruit And Fiber Cereals Wheat Flakes 500g,WEETABIX FRUIT AND FIBER CEREALS WHEAT FLAKES,Pack size : 500g,Average Nutritional Value As Per 100g,PER_100G,387,1634,8.8,69,21,6.5,,,,0.00011,0.000275,,Wheat Flakes,Solid,Food,Fruit,,salt_derived_from_sodium
all_categories_combined,3275|3282,2,Weetabix Oatibix Jumbo Oats 1Kg,WEETABIX OATIBIX JUMBO OATS,Pack size : 1Kg,Per 100g,PER_100G,376,1588,11.8,62.1,1,6.5,,,11.1,,,,Oats,Solid,Food,,,missing_sodium
all_categories_combined,3298,1,Weetabix Oatibix Whole Grain Oats Cereals 575g,WEETABIX OATIBIX WHOLE GRAIN OATS CEREALS,Pack size : 575g,Average Nutritional Value As Per 100g,PER_100G,395,1663,13,64,3.2,8,,,7.3,,,,Cereal,Solid,Food,,,missing_sodium
all_categories_combined,3280,1,Weetabix Oatibix Wholegrain Rolled Oats 500g,WEETABIX OATIBIX WHOLEGRAIN ROLLED OATS,Pack size : 500g,Average Nutritional Value As Per 100g,PER_100G,370,1558,11,59,1.1,8,,,9,0.004,0.01,,Rolled Oats,Solid,Food,,,sodium_derived_from_salt
all_categories_combined,3577,1,WEETABIX OREOS CEREAL 320G,WEETABIX OREOS CEREAL,Pack size : 320g,Nutrition Typical Average Values Per 100g,PER_100G,380,1609,6.8,81,31,2.4,,,3.4,0.48,1.2,,,,Breakfast Cereal,,,sodium_derived_from_salt
all_categories_combined,3272|3277,2,Weetabix Rolled Oats 1Kg,WEETABIX ROLLED OATS,Pack size : 1Kg,Per 100g,PER_100G,370,1558,11,59,1.1,8,,,9,,,,Oats,Solid,Food,,,missing_sodium
all_categories_combined,3603|3610,2,Weetabix Strawberry Flavour Cereals Biscuits 250g,WEETABIX STRAWBERRY FLAVOUR CEREALS BISCUITS,Pack size : 250g,Average Nutritional Value As Per 100g,PER_100G,363,1518,10.6,71,13,1.9,,,10,0.2,0.5,,Cereals Biscuits,Solid,Food,Strawberry,,salt_derived_from_sodium
all_categories_combined,3597,1,Weetabix Vanilla Flavour Cereals Biscuits 250g,WEETABIX VANILLA FLAVOUR CEREALS BISCUITS,Pack size : 250g,Per 100g,PER_100G,363.5,1506,10.6,71,13.3,1.9,,,10,0.2,0.5,,Cereals Biscuits,Solid,Food,Vanilla,,salt_derived_from_sodium
all_categories_combined,3601,1,Weetabix Wholegrain Banana Cereal 250g,WEETABIX WHOLEGRAIN BANANA CEREAL,Pack size : 250g,Average Nutritional Value As Per 100g,PER_100G,358,1480,11.1,66,2,2.3,,,,0.241,0.6025,,Cereal,Solid,Food,Banana,,salt_derived_from_sodium
all_categories_combined,3593,1,Weetabix Wholegrain Cereal 850G,WEETABIX WHOLEGRAIN CEREAL,Pack size : 850g,Per 100g,PER_100G,342,1436,11.5,68.4,4.4,2,,,10,,,,,,,,,missing_sodium
all_categories_combined,3599,1,Weetabix Wholegrain Cereals 37G,WEETABIX WHOLEGRAIN CEREALS,Pack size : 37g,Per 100g,PER_100G,338,1432,11.5,68.4,4.4,2,,,10,,,,Cereal,Solid,Food,,,missing_sodium
all_categories_combined,4366,1,Werther's Original Traditional Butter Candies 50g,WERTHER S ORIGINAL TRADITIONAL BUTTER CANDIES,Pack size : 50g,Average Nutritional Value As Per 100g,PER_100G,424,1793,0.3,86.9,71.6,8.4,,,,,,,Candies,Solid,Food,,,missing_sodium
all_categories_combined,1870,1,Whole Cumin,WHOLE CUMIN,,Average Nutritional Value As Per 100g,PER_100G,375,1569,18,44,2.3,22,,,11,0.168,0.42,,Cumin,Solid,Food,,No Additives,salt_derived_from_sodium
all_categories_combined,2159,1,Winnie's Pure Health Herbal Sea Salt With Iodine 500g.,WINNIE S PURE HEALTH HERBAL SEA SALT WITH IODINE,Pack size : 500g,Average Nutritional Value As Per 100g,PER_100G,46.1,193,5.1,4.1,0,1.3,,,0,38.667,96.6675,,Salt,Powder,Food,,,salt_derived_from_sodium
all_categories_combined,2156,1,Winnie's Pure Health Iodine Sea Salt 500g,WINNIE S PURE HEALTH IODINE SEA SALT,Pack size : 500g,Average Nutritional Value As Per 100g,PER_100G,46.1,193,5.1,4.1,0,1.3,,,0,38.667,96.6675,,Sea Salt,Solid,Food,,,salt_derived_from_sodium
all_categories_combined,2164,1,Winnie'S Pure Health Sea Salt With Iodine 200G,WINNIE S PURE HEALTH SEA SALT WITH IODINE,Pack size : 200g,Average Nutritional Value As Per 100g,PER_100G,46.1,193,5.1,4.1,0,1.3,,,0,38.667,96.6675,,Sea Salt,Solid,Food,,,salt_derived_from_sodium
all_categories_combined,2168,1,Winnies Pure Health Herbal Table Salt With Iodine 200G,WINNIES PURE HEALTH HERBAL TABLE SALT WITH IODINE,Pack size : 200g,Average Nutritional Value As Per 100g,PER_100G,46.1,193,5.1,4.1,0,1.3,,,0,38.667,96.6675,,Sea Salt,Solid,Food,,,salt_derived_from_sodium
all_categories_combined,4390,1,Winnies Pure Health Honey 500g,WINNIES PURE HEALTH HONEY,Pack size : 500g,Average Nutritional Value As Per 50g,PER_50G_SCALED,140,587.6,,32,,,,,,0.008,0.02,,Honey,Solid,Food,,,missing_sugar|missing_total_fat|salt_derived_from_sodium
all_categories_combined,677,1,Wnnies Pur Health Aromatic Pishori Brown Rice 1Kg,WNNIES PUR HEALTH AROMATIC PISHORI BROWN RICE,Pack size : 1Kg,Average Nutritional Value As Per 100g,PER_100G,336,1405,9.1,77.6,,1.6,,,2.5,0.00299,0.007475,,Rice,Solid,Food,,,missing_sugar|salt_derived_from_sodium
all_categories_combined,3215,1,Wots Bharti Ben Kenyan Indian Mix Bhusu Chevda 350G,WOTS BHARTI BEN KENYAN INDIAN MIX BHUSU CHEVDA,Pack size : 350g,Average Nutritional Value As Per 30g,PER_30G_SCALED,600,2510.4,3.7,48.4,,41.6667,,,0.7,0.576667,1.33333,,Bhusu Chevda,Solid,Food,,,missing_sugar
all_categories_combined,4092,1,Wots Chilli Lemon Potato Crisps 30G,WOTS CHILLI LEMON POTATO CRISPS,Pack size : 30g,Average Nutritional Value As Per 100g,PER_100G,160,669,9,44,7,34,,,,,,,Potato Crisp,Solid,Food,Chilli And Lemon,,missing_sodium
all_categories_combined,4094,1,Wots Classic Salted Potato Crisps 30G,WOTS CLASSIC SALTED POTATO CRISPS,Pack size : 30g,Average Nutritional Value As Per 100g,PER_100G,536,2242,7,53,,35,,,4,0.008,0.02,,Potato Crisp,Solid,Food,,,missing_sugar|salt_derived_from_sodium
all_categories_combined,3977,1,Wots Coconut Cookies 175g,WOTS COCONUT COOKIES,Pack size : 175g,Average Nutritional Value As Per 100g,PER_100G,100,418.4,1,10,3,7,,,1,0.005,0.0125,,Cookies,Solid,Food,Coconut,,salt_derived_from_sodium
all_categories_combined,3978,1,Wots Custard Cookies 200g,WOTS CUSTARD COOKIES,Pack size : 200g,Average Nutritional Value As Per 100g,PER_100G,170,711.28,1,27,10,7,,,1,0.04,0.1,,Cookies,Solid,Food,Custard,,salt_derived_from_sodium
all_categories_combined,4065,1,Wots Fryums Cheese And Onion Spirals 25G,WOTS FRYUMS CHEESE AND ONION SPIRALS,Pack size : 25g,Average Nutritional Value As Per 100g,PER_100G,537,2146,8,55,2.8,28,,,,0.51,1.275,,Cheese And Onion Spirals,Solid,Food,"Cheese, Onion",,salt_derived_from_sodium
all_categories_combined,4066,1,Wots Fryums Yummy Spiral Tomato 25G,WOTS FRYUMS YUMMY SPIRAL TOMATO,Pack size : 25g,Average Nutritional Value As Per 100g,PER_100G,445,1861,7,69,5,15,,,,0.627,1.5675,,Spiral Tomato,Solid,Food,Tomato,,salt_derived_from_sodium
all_categories_combined,3979,1,Wots Home Made Cashewnut Cookies 200g,WOTS HOME MADE CASHEWNUT COOKIES,Pack size : 200g,Average Nutritional Value As Per 100g,PER_100G,370,1548.08,5,36,0,23,,,1,0.08,0.2,,Cookies,Solid,Food,Cashewnut,,salt_derived_from_sodium
all_categories_combined,4223,1,Wots Kenyan Chilli Lemon Chevdo 350G,WOTS KENYAN CHILLI LEMON CHEVDO,Pack size : 350g,Average Nutritional Value As Per 100g,PER_100G,90,376,3,15,,10,,,1,0.11,0.275,,Chevdo,Solid,Food,Chilli And Lemon,,missing_sugar|salt_derived_from_sodium
all_categories_combined,4224,1,Wots Kenyan Hot And Spicy Chevdo 350G,WOTS KENYAN HOT AND SPICY CHEVDO,Pack size : 350g,Average Nutritional Value As Per 100g,PER_100G,160,669,3,15,2,10,,,1,0.11,0.275,,Chevdo,Solid,Food,,,salt_derived_from_sodium
all_categories_combined,4225,1,Wots Kenyan Original Chevdo 350G,WOTS KENYAN ORIGINAL CHEVDO,Pack size : 350g,Average Nutritional Value As Per 100g,PER_100G,160,669,3,15,2,10,,,1,0.11,0.275,,Chevdo,Solid,Food,,,salt_derived_from_sodium
all_categories_combined,4226,1,Wots Kenyan Sugar Free Chevdo 350G,WOTS KENYAN SUGAR FREE CHEVDO,Pack size : 350g,Average Nutritional Value As Per 100g,PER_100G,160,669,3,15,2,10,,,1,0.11,0.275,,Chevdo,Solid,Food,,,salt_derived_from_sodium
all_categories_combined,4213,1,Wots Plain Sev 130G,WOTS PLAIN SEV,Pack size : 130g,Average Nutritional Value As Per 100g,PER_100G,545,2280.28,11.8,44.8,0,35.4,,,6.2,0.96,2.4,,Sev,Solid,Food,,,salt_derived_from_sodium
all_categories_combined,3199,1,Wots Saltpepper Banana Crisps 200G,WOTS SALTPEPPER BANANA CRISPS,Pack size : 200g,Average Nutritional Value As Per 100g,PER_100G,165,690,,20,,8,,,1,0.073,0.1825,,Banana Crisps,Solid,Food,Salt And Pepper,,missing_sugar|salt_derived_from_sodium
all_categories_combined,4093,1,Wots Zingy Tomato Potato Crisps 30G,WOTS ZINGY TOMATO POTATO CRISPS,Pack size : 30g,Average Nutritional Value As Per 100g,PER_100G,542,2242,5,59,2,31,,,,0.434,1.085,,Potato Crisp,Solid,Food,Tomato,,salt_derived_from_sodium
all_categories_combined,3126,1,Wow Corn Puff Vanilla 200G,WOW CORN PUFF VANILLA,Pack size : 200g,Average Nutritional Value As Per 100g,PER_100G,401,1677,6.5,58.1,28,15.9,,,,0.72,1.8,,Corn Puff,Solid,Food,Vanilla,,salt_derived_from_sodium
all_categories_combined,3124,1,Wow Salted Snacks 200G,WOW SALTED SNACKS,Pack size : 200g,Average Nutritional Value As Per 100g,PER_100G,554,2317,7,51.7,2.6,35.5,,,,0.51,1.275,,Rings Snacks,Solid,Food,Salted,,salt_derived_from_sodium
all_categories_combined,3123,1,Wow Sugared Snacks 250G,WOW SUGARED SNACKS,Pack size : 250g,Average Nutritional Value As Per 100g,PER_100G,470,1966,9,70,13,17,,,3,0.49,1.225,,Sugared Snacks,Solid,Food,,,salt_derived_from_sodium
all_categories_combined,3134,1,Wow Sugared Snacks Puffs 500G,WOW SUGARED SNACKS PUFFS,Pack size : 500g,Average Nutritional Value As Per 100g,PER_100G,470,1966,9,70,13,17,,,3,0.49,1.225,,Puff,Solid,Food,,,salt_derived_from_sodium
all_categories_combined,2332|2338|2342,3,Wow Tomato Paste 500G,WOW TOMATO PASTE,Pack size : 500g,Average Nutritional Value As Per 100g,PER_100G,106,443,4.2,18.5,10.9,0.21,,,1.18,0.25,0.625,,Corn Snacks,Paste,Food,,,salt_derived_from_sodium
all_categories_combined,3116,1,Wow Vanilla Corn Puff 100G,WOW VANILLA CORN PUFF,Pack size : 100g,Average Nutritional Value As Per 100g,PER_100G,401,1677,6.5,58.1,28,15.9,,,,0.72,1.8,,Corn Puff,Solid,Food,Vanilla,,salt_derived_from_sodium
all_categories_combined,3405,1,Wrigley's Double-mint Chewing Gum 64g,WRIGLEY S DOUBLE MINT CHEWING GUM,Pack size : 64g,Average Nutritional Value As Per 100g,PER_100G,8,33.4,,2,2,,,,,,,,Chewing Gum,Solid,Food,Mint,,missing_sodium|missing_total_fat
all_categories_combined,3365,1,Wrigley's Extra Strawberry Chewing Gum 10 Pieces,WRIGLEY S EXTRA STRAWBERRY CHEWING GUM,Pack size : 10 Pieces,Average Nutritional Value As Per 100g,PER_100G,168,699,0,67.7,0,0,,,0,0,0,,Chewing Gum,Solid,Food,Strawberry,,salt_derived_from_sodium
all_categories_combined,3404,1,Wrigley's Green Arrow Green Tea Mint Chewing Gum 64g,WRIGLEY S GREEN ARROW GREEN TEA MINT CHEWING GUM,Pack size : 64g,Average Nutritional Value As Per 100g,PER_100G,175.2,743,,73,0.1,0.1,,,0.1,0.009,0.0225,,Chewing Gum,Solid,Food,"Green Tea, Mint",,salt_derived_from_sodium
all_categories_combined,3334,1,Wrigley's P.K Breath Freshener Pepper Mint Chewing Gum 10Pieces 14g,WRIGLEY S P K BREATH FRESHENER PEPPER MINT CHEWING GUM,Pack size : 14g,Average Nutritional Value As Per 1.4g,PER_1.4G_SCALED,285.714,1142.86,0,71.4286,71.4286,0,,,0,0,0,,Chewing Gum,Solid,Food,,,salt_derived_from_sodium
all_categories_combined,3100,1,Wrigley'S Skittles Fruits Chew 137G,WRIGLEY S SKITTLES FRUITS CHEW,,Nutrition information per 100g,PER_100G,407,1723,,87,71,,,,,,,,,,,,,missing_sodium|missing_total_fat
all_categories_combined,2572,1,Wu Jiang Preserved Vegetable 175g,WU JIANG PRESERVED VEGETABLE,Pack size : 175g,Average Nutritional Value As Per 40g,PER_40G_SCALED,50,209.2,,5,0,5,,,2.5,2.55,6.375,,Preserved Vegetable,Solid,Food,,,salt_derived_from_sodium
all_categories_combined,2581,1,Xinfa Sweet Potato Vermicelli Noodles 368g,XINFA SWEET POTATO VERMICELLI NOODLES,Pack size : 368g,Average Nutritional Value As Per 100g,PER_100G,337.3,1411,0,82.5,0,0,,,,,,,Potato Vermicelli Noodles,Solid,Food,,,missing_sodium
all_categories_combined,2566,1,Xu Fu Ji Caramel Egg Sachima 160g,XU FU JI CARAMEL EGG SACHIMA,Pack size : 160g,Average Nutritional Value As Per 100g,PER_100G,505.02,2113,7.8,53.8,16.4,28.8,,,,0.28,0.7,,Sachima,Solid,Food,"Caramel, Egg",,salt_derived_from_sodium
all_categories_combined,2556,1,Xu Fu Ji Strawberry Roll Cookie 105g,XU FU JI STRAWBERRY ROLL COOKIE,Pack size : 105g,Average Nutritional Value As Per 100g,PER_100G,525,2197,4.61,65.3,39.2,27.5,,,,0.108,0.27,,Roll Cookie,Solid,Food,,,sodium_derived_from_salt
all_categories_combined,3853,1,Yego Digestive Biscuits 100g,YEGO DIGESTIVE BISCUITS,Pack size : 100g,Average Nutritional Value As Per 100g,PER_100G,424.4,489.528,6.1,68.3,,15.2,,,,,,,Biscuits,Solid,Breakfast & Snacks,,,missing_sodium|missing_sugar
all_categories_combined,3870,1,Yego Digestive Biscuits 24X200G,YEGO DIGESTIVE BISCUITS 24X200G,Pack size : 200g,Average Nutritional Value As Per 100g,PER_100G,424.4,489.528,6.1,68.3,,15.2,,,,,,,Biscuits,Solid,Breakfast & Snacks,,,missing_sodium|missing_sugar
all_categories_combined,3775,1,Yego Glucose 200G,YEGO GLUCOSE,Pack size : 200g,Average Nutritional Value As Per 100g,PER_100G,478.99,2004,7.1,82.4,,15,,,,,,,Biscuits,Solid,Breakfast & Snacks,,,missing_sodium|missing_sugar
all_categories_combined,3748|3749,2,Yego Marie Biscuits 100Gm,YEGO MARIE BISCUITS,Pack size : 100g,Average Nutritional Value As Per 100g,PER_100G,473.5,1979,7.4,78.3,,15.9,,,,,,,Biscuits,Solid,Breakfast & Snacks,,,missing_sodium|missing_sugar
all_categories_combined,3850,1,Yego Nice Biscuits 100G,YEGO NICE BISCUITS,Pack size : 100g,Average Nutritional Value As Per 100g,PER_100G,468.5,489.528,6.49,77.2,,13.42,,,,,,,Biscuits,Solid,Breakfast & Snacks,,,missing_sodium|missing_sugar
all_categories_combined,3751,1,Yego Shortcake Biscuits 100G,YEGO SHORTCAKE BISCUITS,Pack size : 100g,Average Nutritional Value As Per 100g,PER_100G,468.5,1960,6.49,77.2,,13.42,,,,,,,Biscuits,Solid,Breakfast & Snacks,,,missing_sodium|missing_sugar
all_categories_combined,3860,1,Yego Shortcake Biscuits 48X200Gm,YEGO SHORTCAKE BISCUITS 48X200GM,Pack size : 200g,Average Nutritional Value As Per 100g,PER_100G,468.5,489.528,6.49,77.2,,13.42,,,,,,,Biscuits,Solid,Breakfast & Snacks,,,missing_sodium|missing_sugar
all_categories_combined,2560,1,Yeshu Coconut Milk Drink 245ml,YESHU COCONUT MILK DRINK,Pack size : 245ml,Average Nutritional Value As Per 245ml,PER_245ML_SCALED,48.9796,204.931,0.816327,7.34694,7.34694,2.04082,,,,0.0134694,0.00489796,,Coconut Milk Drink,Liquid,Beverage,,,
all_categories_combined,2574,1,Yin Lu Purple Sweet Potato And Purple Glutinous Rice Soup Mix 280g,YIN LU PURPLE SWEET POTATO AND PURPLE GLUTINOUS RICE SOUP MIX,Pack size : 280g,Average Nutritional Value As Per 100g,PER_100G,81,339,1.5,13,6.5,2.5,,,7.8,,,,Soup Mix,Solid,Food,"Purple Sweet Potato, Purple Glutinous Rice",,missing_sodium
all_categories_combined,2594,1,Yinlu Barley And Red Bean Mixed Congee 280g,YINLU BARLEY AND RED BEAN MIXED CONGEE,Pack size : 280g,Average Nutritional Value As Per 100g,PER_100G,78.58,329,2.5,1.4,3.2,1.3,,,,0.0552,0.138,,Congee,Solid,Food,"Barley, Red Bean",,sodium_derived_from_salt
all_categories_combined,2575,1,Yinlu Peanut Milk Protein Drink 370g,YINLU PEANUT MILK PROTEIN DRINK,Pack size : 370g,Average Nutritional Value As Per 100g,PER_100G,81,339,1.5,13,6.5,2.5,,,7.8,,,,Protein Drink,Liquid,Food,Peanut,,missing_sodium
all_categories_combined,1106,1,You.C1000 Health Lemon Vitamin Drink 140ml,YOU C1000 HEALTH LEMON VITAMIN DRINK,Pack size : 140ml,Average Nutritional Value As Per 100ml,PER_100ML,24,105,0.4,0.1,0.1,,,,,,,,Vitamin Drink,Liquid,Beverage,Lemon,,missing_sodium|missing_total_fat
all_categories_combined,1107,1,You.C1000 Health Orange Drink 140ml,YOU C1000 HEALTH ORANGE DRINK,Pack size : 140ml,Average Nutritional Value As Per 100ml,PER_100ML,24,105,0.4,0.1,0.1,,,,,,,,Drink,Liquid,Beverage,Orange,,missing_sodium|missing_total_fat
all_categories_combined,1986,1,Zanzibar Chilli Flakes Spices 100g,ZANZIBAR CHILLI FLAKES SPICES,Pack size : 100g,Average Nutritional Value As Per 2.7g,PER_2.7G_SCALED,281.481,1174.07,14.8148,48.1481,7.40741,14.8148,,,33.3333,2.85185,7.12963,,Chilli Flakes Spices,Powder,Food,,,salt_derived_from_sodium
all_categories_combined,2009,1,Zanzibar Chips Masala Spices 100g,ZANZIBAR CHIPS MASALA SPICES,Pack size : 100g,Average Nutritional Value As Per 28g,PER_28G_SCALED,428.571,1792.86,10.7143,39.2857,7.14286,28.5714,,,3.57143,,,,Chips Masala Spices,Powder,Food,,,missing_sodium
all_categories_combined,1845,1,Zanzibar Curry Powder 100g,ZANZIBAR CURRY POWDER,Pack size : 100g,Average Nutritional Value As Per 100g,PER_100G,325,1359.8,13,58,2.8,14,,,33,0.052,0.13,,Curry Powder,Powder,Food,,,salt_derived_from_sodium
all_categories_combined,1866,1,Zanzibar Garam Masala Spices 100g,ZANZIBAR GARAM MASALA SPICES,Pack size : 100g,Average Nutritional Value As Per 100g,PER_100G,331,1384.9,17,73,2.4,0.7,,,9,0.06,0.15,,Garam Masala Spices,Powder,Food,,,salt_derived_from_sodium
all_categories_combined,2008,1,Zanzibar Garlic Powder Spices 100g,ZANZIBAR GARLIC POWDER SPICES,Pack size : 100g,Average Nutritional Value As Per 100g,PER_100G,331,1384.9,17,73,2.4,0.7,,,9,0.06,0.15,,Garlic Powder Spices,Powder,Food,,,salt_derived_from_sodium
all_categories_combined,1917,1,Zanzibar Ground Beef Masala 100g,ZANZIBAR GROUND BEEF MASALA,Pack size : 100g,Average Nutritional Value As Per 100g,PER_100G,100,418,13,32,,12,,,17,1.4,3.5,,Ground Beef Masala,Powder,Food,,,missing_sugar|salt_derived_from_sodium
all_categories_combined,1835,1,Zanzibar Ground Cinnamon Spices 100g,ZANZIBAR GROUND CINNAMON SPICES,Pack size : 100g,Average Nutritional Value As Per 100g,PER_100G,247,1033,4,81,2.2,1.2,,,53,0.01,0.025,,Ground Cinnamon Spices,Powder,Food,,,salt_derived_from_sodium
all_categories_combined,1847,1,Zanzibar Ground Coriander Spices 100g,ZANZIBAR GROUND CORIANDER SPICES,Pack size : 100g,Average Nutritional Value As Per 1.8g,PER_1.8G_SCALED,300,1250,11.1111,55.5556,,16.6667,,,44.4444,0.0333333,0.0833333,,Ground Coriander Spices,Powder,Food,,,missing_sugar|salt_derived_from_sodium
all_categories_combined,1937,1,Zanzibar Ground Ginger Masala 100g,ZANZIBAR GROUND GINGER MASALA,Pack size : 100g,Average Nutritional Value As Per 1.8g,PER_1.8G_SCALED,333.333,1388.89,11.1111,72.2222,5.55556,5.55556,,,16.6667,0.0277778,0.0694444,,Ground Ginger Masala,Powder,Food,,,salt_derived_from_sodium
all_categories_combined,1802,1,Zanzibar Grounded Cardamom Spices 100g,ZANZIBAR GROUNDED CARDAMOM SPICES,Pack size : 100g,Average Nutritional Value As Per 100g,PER_100G,311,1301,11,68,,7,,,28,0.018,0.045,,Cardamom Spices,Powder,Food,,,missing_sugar|salt_derived_from_sodium
all_categories_combined,1988,1,Zanzibar Grounded Chicken Masala Spices 100g,ZANZIBAR GROUNDED CHICKEN MASALA SPICES,Pack size : 100g,Average Nutritional Value As Per 472g,PER_472G_SCALED,154.661,647.034,11.8644,4.66102,2.9661,10.1695,,,0.911017,0.551059,1.37765,,Grounded Chicken Masala Spices,Powder,Food,,,salt_derived_from_sodium
all_categories_combined,1969,1,Zanzibar Oregano Spices 20g,ZANZIBAR OREGANO SPICES,Pack size : 20g,Average Nutritional Value As Per 100g,PER_100G,265,1108,9,69,4,4,,,42.5,0.025,0.0625,,Oregano Spices,Powder,Food,,,salt_derived_from_sodium
all_categories_combined,1993,1,Zanzibar Paprika Spices 100g,ZANZIBAR PAPRIKA SPICES,Pack size : 100g,Average Nutritional Value As Per 100g,PER_100G,282,1179,14,54,10,13,,,35,0.068,0.17,,Paprika Spices,Powder,Food,,,salt_derived_from_sodium
all_categories_combined,1848,1,Zanzibar Parsley Spices 20g,ZANZIBAR PARSLEY SPICES,Pack size : 20g,Average Nutritional Value As Per 100g,PER_100G,36,150.6,3,6,0.9,0.8,,,3.3,0.056,0.14,,Parsley Spices,Powder,Food,,,salt_derived_from_sodium
all_categories_combined,1968,1,Zanzibar Spices Cayenne Chilli Powder 100g,ZANZIBAR SPICES CAYENNE CHILLI POWDER,Pack size : 100g,Average Nutritional Value As Per 31g,PER_31G_SCALED,629.032,,9.67742,103.226,,16.129,,,,,,,Chilli Powder,,Food,,,missing_sodium|missing_sugar
all_categories_combined,1902,1,Zanzibar Spices Cloves Powder 100g,ZANZIBAR SPICES CLOVES POWDER,Pack size : 100g,Average Nutritional Value As Per 100g,PER_100G,404,1690.34,7.7,64.8,,12.7,,,,,,,Cloves Powder,Powder,Food,,,missing_sodium|missing_sugar
all_categories_combined,2029,1,Zanzibar Spices Dhana Jeera Spice 100g,ZANZIBAR SPICES DHANA JEERA SPICE,Pack size : 100g,Average Nutritional Value As Per 100g,PER_100G,324,,,22,,19,,,,,,,Dhana Jeera Powder,Powder,Food,,,missing_sodium|missing_sugar
all_categories_combined,1843,1,Zanzibar Tea Masala Spices 100g,ZANZIBAR TEA MASALA SPICES,Pack size : 100g,Average Nutritional Value As Per 238g,PER_238G_SCALED,2.05882,8.61345,0.0420168,0.588235,,0.0420168,,,0.12605,0.000336134,0.000840336,,Tea Masala Spices,Powder,Food,,,missing_sugar|salt_derived_from_sodium
all_categories_combined,1799,1,Zanzibar Turmeric Powder Spices 100g,ZANZIBAR TURMERIC POWDER SPICES,Pack size : 100g,Average Nutritional Value As Per 100g,PER_100G,354,1481,8,65,3.2,10,,,21,0.038,0.095,,Turmeric Powder Spices,Powder,Food,,,salt_derived_from_sodium
all_categories_combined,3360,1,Zed Candy Jumbo Jawbreaker Sour Hard Candy Balls 65.8g,ZED CANDY JUMBO JAWBREAKER SOUR HARD CANDY BALLS,Pack size : 65. 8g,Average Nutritional values As Per 41.3g,PER_41.3G_SCALED,370.46,1549.64,0,89.5884,0,0,,,0,,,,,,,,,missing_sodium
all_categories_combined,3341,1,Zed Candy Sour Jawbreaker Hard Candy Balls 41.3g,ZED CANDY SOUR JAWBREAKER HARD CANDY BALLS,Pack size : 41. 3g,Average Nutritional values As Per 41.3g,PER_41.3G_SCALED,370.46,1549.64,0,89.5884,0,0,,,0,,,,,,,,,missing_sodium
all_categories_combined,3682,1,Zed Fruits Salad Soft Chewy Candy 106g,ZED FRUITS SALAD SOFT CHEWY CANDY,Pack size : 106g,Average Nutritional Value As Per 100g,PER_100G,40,167.36,,9,8,,,,,,,,Chewy Candy,Solid,Food,,,missing_sodium|missing_total_fat
all_categories_combined,3679,1,Zed Funny Faces Soft Chewy Candy 39g,ZED FUNNY FACES SOFT CHEWY CANDY,Pack size : 39g,Average Nutritional Value As Per 100g,PER_100G,40,167.36,,9,8,0.5,,,,,,,Chewy Candy,Solid,Food,,,missing_sodium
all_categories_combined,4032,1,Zed Giant Fruit Jelly Beans 140g,ZED GIANT FRUIT JELLY BEANS,Pack size : 140g,Average Nutritional Value As Per 100g,PER_100G,380,1606,0,97,74,0,,,,,,,Jelly Beans,Solid,Food,,,missing_sodium
all_categories_combined,3681,1,Zed Magic Eggs Soft Chewy Candy 107g,ZED MAGIC EGGS SOFT CHEWY CANDY,Pack size : 107g,Average Nutritional Value As Per 100g,PER_100G,40,167.36,,9,8,0.5,,,,,,,Chewy Candy,Solid,Food,,,missing_sodium
all_categories_combined,4299|4307,2,Zesta Apricot Jam 1Kg,ZESTA APRICOT JAM,Pack size : 1kg,Average Nutritional Value As Per 100g,PER_100G,48,200.832,1.4,11,9,0.4,,,2,0.001,0.0025,,Jam,Jelly,Food,Apricot,,salt_derived_from_sodium
all_categories_combined,1519,1,Zesta Brown Vinegar 700ml,ZESTA BROWN VINEGAR,Pack size : 700ml,Average Nutritional Value As Per 100ml,PER_100ML,50,209.2,,2.2,1,,,,,0.011,0.0275,,Vinegar,Liquid,Food,,,missing_total_fat|salt_derived_from_sodium
all_categories_combined,453,1,Zesta Caster Sugar 500g,ZESTA CASTER SUGAR,Pack size : 500g,Average Nutritional Value As Per 100g,PER_100G,400,1673.6,0,100,100,0,,,0,0.0003,0.00075,,Caster Sugar,Solid,Food,,,salt_derived_from_sodium
all_categories_combined,1188,1,Zesta Chilli Tamarind Sauce 400g,ZESTA CHILLI TAMARIND SAUCE,Pack size : 400g,Average Nutritional Value As Per 100g,PER_100G,205,857.72,0,38,38,5.1,,,0,0.572,1.43,,Sauce,Paste,Food,Tamarind,,salt_derived_from_sodium
all_categories_combined,1438|1443,2,Zesta Choma Sauce 400g,ZESTA CHOMA SAUCE,Pack size : 400g,Average Nutritional Value As Per 100g,PER_100G,138.08,577.72,0.99,33.53,29.48,,,,,0.84,2.1,,Choma Sauce,Paste,Food,,,missing_total_fat|salt_derived_from_sodium
all_categories_combined,440,1,Zesta Corn Flour 400g,ZESTA CORN FLOUR,Pack size : 400g,Average Nutritional Value As Per 100g,PER_100G,357.2,1494,0.88,88.42,,0.01,,,,1.4e-05,3.5e-05,,Corn Flour,Powder,Food,,,missing_sugar|salt_derived_from_sodium
all_categories_combined,141|147,2,Zesta Crunchy Peanut Butter 400g,ZESTA CRUNCHY PEANUT BUTTER,Pack size : 400g,Average Nutritional Value As Per 100g,PER_100G,642,2686.13,26,20,9,51,,,5,0.35,0.875,,Peanut Butter,Paste,Food,,,salt_derived_from_sodium
all_categories_combined,1345,1,Zesta Eggless Mayonnaise 340g,ZESTA EGGLESS MAYONNAISE,Pack size : 340g,Average Nutritional Value As Per 100g,PER_100G,580,2426.72,1,9,4,,,,,0.45,1.125,,Mayonnaise,Paste,Food,,,missing_total_fat|salt_derived_from_sodium
all_categories_combined,4582,1,Zesta Gooseberry Jam 330g,ZESTA GOOSEBERRY JAM,Pack size : 330g,Average Nutritional Value As Per 100g,PER_100G,318.4,1332.18,1.2,78.41,,0.1,,,0.8,,,,Gooseberry Jam,Jelly,Food,Gooseberry,,missing_sodium|missing_sugar
all_categories_combined,2398,1,Zesta Gravy Browning 700ml,ZESTA GRAVY BROWNING,Pack size : 700ml,Average Nutritional Value As Per 100ml,PER_100ML,189,799,17.3,30.4,2.4,0.4,,,6.7,0,1.4,,Gravy Browning,Liquid,Food,,,
all_categories_combined,457|464,2,Zesta Icing Sugar 500g,ZESTA ICING SUGAR,Pack size : 500g,Average Nutritional Value As Per 100g,PER_100G,400,1700,,100,97,,,,,,,,Icing Sugar,Powder,Food,,,missing_sodium|missing_total_fat
all_categories_combined,4558|4563|4578|4580,4,Zesta Mixed Fruit Jam 200G,ZESTA MIXED FRUIT JAM,Pack size : 200g,Average Nutritional Value As Per 100g,PER_100G,320,1338.88,1,77,0,0,,,1,0,0,,Jam,Paste,Food,,,salt_derived_from_sodium
all_categories_combined,4567|4585,2,Zesta Mixed Fruit Jam Pet 450g,ZESTA MIXED FRUIT JAM PET,Pack size : 450g,Average Nutritional Value As Per 100g,PER_100G,285,1192.44,0.5,70,70,0,,,0.5,0.12,0.3,,Jam,Jelly,Food,Mixed Fruit,,salt_derived_from_sodium
all_categories_combined,4595,1,Zesta Orange Marmalade Fruit Jam 1Kg,ZESTA ORANGE MARMALADE FRUIT JAM,Pack size : 1Kg,Average Nutritional Value As Per 100g,PER_100G,245,1025.08,0.3,65,60,0.3,,,0.7,0.037,0.0925,,Jam,Jelly,Food,Orange,,salt_derived_from_sodium
all_categories_combined,4561|4572|4579|4584,4,Zesta Orange Marmalade Jam 500g,ZESTA ORANGE MARMALADE JAM,Pack size : 500g,Average Nutritional Value As Per 100g,PER_100G,317.2,1327.16,1,77.76,0,0.1,,,1.6,0,0,,Jam,Paste,Food,Orange,,salt_derived_from_sodium
all_categories_combined,4568,1,Zesta Pet Orange Marmalade Fruit Jam 450g,ZESTA PET ORANGE MARMALADE FRUIT JAM,Pack size : 450g,Average Nutritional Value As Per 100g,PER_100G,245,1025.08,0.3,65,60,0.3,,,0.7,0.037,0.0925,,Jam,Jelly,Food,Orange,,salt_derived_from_sodium
all_categories_combined,4573,1,Zesta Pineapple Jam 500g,ZESTA PINEAPPLE JAM,Pack size : 500g,Average Nutritional Value As Per 100g,PER_100G,270,1129.68,70,65,,10,,,,0.61,1.525,,Jam,Jelly,Food,Pineapple,,missing_sugar|salt_derived_from_sodium
all_categories_combined,1290,1,Zesta Premium Tomato Ketchup 700G,ZESTA PREMIUM TOMATO KETCHUP,Pack size : 700g,Average Nutritional Value As Per 100g,PER_100G,103,430.95,1.35,39.59,22.47,0.1,,,,0.00011,0.000275,,Ketchup,Paste,Food,,,salt_derived_from_sodium
all_categories_combined,4277,1,Zesta Pure Natural Honey Squeeze 400g,ZESTA PURE NATURAL HONEY SQUEEZE,Pack size : 400g,Average Nutritional Value As Per 15g,PER_15G_SCALED,333.333,1394.67,,80,80,,,,,0.0133333,0.0333333,,Honey,Paste,Food,,,missing_total_fat|salt_derived_from_sodium
all_categories_combined,4577,1,Zesta Raspberry Jam 330g,ZESTA RASPBERRY JAM,Pack size : 330g,Average Nutritional Value As Per 100g,PER_100G,232,970.68,0.5,56,0.3,0.5,,,3.9,0.007,0.0175,,Raspberry Jam,Jelly,Food,Raspberry,,salt_derived_from_sodium
all_categories_combined,4581|4596,2,Zesta Red Plum Fruit Jam 900g,ZESTA RED PLUM FRUIT JAM,Pack size : 900g,Average Nutritional Value As Per 100g,PER_100G,280,1171.52,0.4,70,48.5,0.1,,,1.1,0.032,0.08,,Jam,Jelly,Food,Plum,,salt_derived_from_sodium
all_categories_combined,4557|4562,2,Zesta Red Plum Jam 100g,ZESTA RED PLUM JAM,Pack size : 100g,Average Nutritional Value As Per 100g,PER_100G,278,1163,0.35,69,0.6,0.15,,,1.2,0.0214,0.0535,,Jam,Jelly,Food,Red Plum,,salt_derived_from_sodium
all_categories_combined,138|143|146,3,Zesta Smooth Peanut Butter 125g,ZESTA SMOOTH PEANUT BUTTER,Pack size : 125g,Average Nutritional Value As Per 100g,PER_100G,93,389.11,4,3,1,7,,,1.5,0.003,0.0075,,Peanut Butter,Paste,Food,,,salt_derived_from_sodium
all_categories_combined,2785|2793|2797|2798,4,Zesta Strawberry Jam 1Kg,ZESTA STRAWBERRY JAM,Pack size : 1kg,Average Nutritional Value As Per 100g,PER_100G,318.4,1332.19,1.19,78,,0.1,,,0.8,,,,Jam,Jelly,Food,Strawberry,,missing_sodium|missing_sugar
all_categories_combined,278,1,Zesta Tested Double Action Baking Powder 500g,ZESTA TESTED DOUBLE ACTION BAKING POWDER,Pack size : 500g,Average Nutritional Value As Per 10g,PER_10G_SCALED,110,460.2,,20,,,,,,4.6,11.5,,Baking Powder,Powder,Food,,,missing_sugar|missing_total_fat|salt_derived_from_sodium
all_categories_combined,1389|1391|1398|1399|1416,5,Zesta Tomato Sauce 1Kg,ZESTA TOMATO SAUCE,Pack size : 1Kg,Average Nutritional Value As Per 100g,PER_100G,103,430.952,1,16,22,,,,5,,,,Tomato Sauce,Paste,Food,Tomato,,missing_sodium|missing_total_fat
all_categories_combined,4576,1,Zesta Verry Berry Jam 300g,ZESTA VERRY BERRY JAM,Pack size : 300g,Average Nutritional Value As Per 100g,PER_100G,200,836.8,0,53.3,46.7,0,,,0,0,0,,Jam,Jelly,Food,,,salt_derived_from_sodium
food_with_all_nutrients,619,1,Aluru (Stewed Quails),ALURU STEWED QUAILS,,Food composition table per 100g edible portion,PER_100G,195,809,11.3,5.2,,14.2,0,0,0.6,0.761,1.9025,90,,,Kenya food composition,,,food_composition_not_packaged_label|missing_sugar
food_with_all_nutrients,169,1,"Amaranth, leaves, picked, boiled, drained (without salt)",AMARANTH LEAVES PICKED BOILED DRAINED WITHOUT SALT,,Food composition table per 100g edible portion,PER_100G,38,158,3.9,1.3,,0.3,0,0,7.6,0.014,0.035,280,,,Kenya food composition,,,food_composition_not_packaged_label|missing_sugar
food_with_all_nutrients,168,1,"Amaranth, leaves, picked, raw",AMARANTH LEAVES PICKED RAW,,Food composition table per 100g edible portion,PER_100G,36,150,3.7,1.3,,0.2,0,0,7.2,0.018,0.045,280,,,Kenya food composition,,,food_composition_not_packaged_label|missing_sugar
food_with_all_nutrients,170,1,"Amaranth, leaves, picked, stewed (without salt)",AMARANTH LEAVES PICKED STEWED WITHOUT SALT,,Food composition table per 100g edible portion,PER_100G,45,186,4.6,1.5,,0.3,0,0,8.9,0.022,0.055,346,,,Kenya food composition,,,food_composition_not_packaged_label|missing_sugar
food_with_all_nutrients,1,1,"Amaranth, whole grain, dry, raw",AMARANTH WHOLE GRAIN DRY RAW,,Food composition table per 100g edible portion,PER_100G,360,1520,14.7,59.2,,5.6,0,0,7.5,0.003,0.0075,162,,,Kenya food composition,,,food_composition_not_packaged_label|missing_sugar
food_with_all_nutrients,2,1,"Amaranth, whole grain, dry, stewed (without salt)",AMARANTH WHOLE GRAIN DRY STEWED WITHOUT SALT,,Food composition table per 100g edible portion,PER_100G,121,510,4.9,19.9,,1.9,0,0,2.5,0.003,0.0075,56,,,Kenya food composition,,,food_composition_not_packaged_label|missing_sugar
food_with_all_nutrients,3,1,"Amaranth, whole grain, flour",AMARANTH WHOLE GRAIN FLOUR,,Food composition table per 100g edible portion,PER_100G,365,1540,13.8,59.6,,6.3,0,0,7.1,0.003,0.0075,161,,,Kenya food composition,,,food_composition_not_packaged_label|missing_sugar
food_with_all_nutrients,438,1,Animal fat/ lard,ANIMAL FAT LARD,,Food composition table per 100g edible portion,PER_100G,890,3660,0,0,,99,0,0,0,0.002,0.005,1,,,Kenya food composition,,,food_composition_not_packaged_label|missing_sugar
food_with_all_nutrients,479,1,Anise seed,ANISE SEED,,Food composition table per 100g edible portion,PER_100G,384,1610,14.9,38.1,,15.9,0,0,14.6,0.016,0.04,648,,,Kenya food composition,,,food_composition_not_packaged_label|missing_sugar
food_with_all_nutrients,267,1,"Apple, green skin, unpeeled, raw",APPLE GREEN SKIN UNPEELED RAW,,Food composition table per 100g edible portion,PER_100G,55,231,0.3,12.2,,0,0,0,2.4,0.002,0.005,6,,,Kenya food composition,,,food_composition_not_packaged_label|missing_sugar
food_with_all_nutrients,268,1,"Apple, red, unpeeled, raw",APPLE RED UNPEELED RAW,,Food composition table per 100g edible portion,PER_100G,57,239,0.3,12.4,,0.1,0,0,2.3,0.001,0.0025,6,,,Kenya food composition,,,food_composition_not_packaged_label|missing_sugar
food_with_all_nutrients,67,1,"Arrowroot, flour",ARROWROOT FLOUR,,Food composition table per 100g edible portion,PER_100G,331,1410,0.2,81.8,,0.2,0,0,0.9,0.002,0.005,33,,,Kenya food composition,,,food_composition_not_packaged_label|missing_sugar
food_with_all_nutrients,69,1,"Arrowroot, peeled, boiled, drained (without salt)",ARROWROOT PEELED BOILED DRAINED WITHOUT SALT,,Food composition table per 100g edible portion,PER_100G,109,461,3.2,22.3,,0.3,0,0,2,0.028,0.07,6,,,Kenya food composition,,,food_composition_not_packaged_label|missing_sugar
food_with_all_nutrients,68,1,"Arrowroot, peeled, raw",ARROWROOT PEELED RAW,,Food composition table per 100g edible portion,PER_100G,109,461,3.2,22.3,,0.3,0,0,0,0.036,0.09,6,,,Kenya food composition,,,food_composition_not_packaged_label|missing_sugar
food_with_all_nutrients,629,1,Arrowroot Stew,ARROWROOT STEW,,Food composition table per 100g edible portion,PER_100G,91,383,1.9,14.9,,2.3,0,0,1.8,0.25,0.625,11,,,Kenya food composition,,,food_composition_not_packaged_label|missing_sugar
food_with_all_nutrients,566,1,Ashir,ASHIR,,Food composition table per 100g edible portion,PER_100G,125,529,2.7,25.8,,0.9,0,0,1.2,0.128,0.32,18,,,Kenya food composition,,,food_composition_not_packaged_label|missing_sugar
food_with_all_nutrients,269,1,"Avocado, ripe, raw",AVOCADO RIPE RAW,,Food composition table per 100g edible portion,PER_100G,185,761,1.6,0,,19.6,3.28,0.01,4,0.007,0.0175,19,,,Kenya food composition,,,food_composition_not_packaged_label|missing_sugar
food_with_all_nutrients,480,1,"Baking powder, dry powder",BAKING POWDER DRY POWDER,,Food composition table per 100g edible portion,PER_100G,179,760,0.1,43.9,,0.2,0,0,0.8,8.85,22.125,4280,,,Kenya food composition,,,food_composition_not_packaged_label|missing_sugar
food_with_all_nutrients,481,1,"Baking soda (bicarbonate), dry powder",BAKING SODA BICARBONATE DRY POWDER,,Food composition table per 100g edible portion,PER_100G,0,0,0,0,,0,0,0,0,27.4,68.5,0,,,Kenya food composition,,,food_composition_not_packaged_label|missing_sugar
food_with_all_nutrients,451,1,"Bambara groundnuts, dried, raw",BAMBARA GROUNDNUTS DRIED RAW,,Food composition table per 100g edible portion,PER_100G,321,1340,18.1,34.6,,6,0,0,28.2,0.002,0.005,39,,,Kenya food composition,,,food_composition_not_packaged_label|missing_sugar
food_with_all_nutrients,70,1,"Banana, BITA 3, dried, flour",BANANA BITA 3 DRIED FLOUR,,Food composition table per 100g edible portion,PER_100G,366,1550,3.9,78.5,,1.8,0,0,9.9,0.004,0.01,30,,,Kenya food composition,,,food_composition_not_packaged_label|missing_sugar
food_with_all_nutrients,270,1,"Banana, cavendish, raw",BANANA CAVENDISH RAW,,Food composition table per 100g edible portion,PER_100G,95,402,1.08,20.6,,0.3,0,0,2.75,0,0,10,,,Kenya food composition,,,food_composition_not_packaged_label|missing_sugar
food_with_all_nutrients,71,1,"Banana, plantain, green, raw",BANANA PLANTAIN GREEN RAW,,Food composition table per 100g edible portion,PER_100G,97,410,1.4,20.1,,0.4,0,0,3.6,0.01,0.025,7,,,Kenya food composition,,,food_composition_not_packaged_label|missing_sugar
food_with_all_nutrients,271,1,"Baobab fruit, powderly part, dry, raw",BAOBAB FRUIT POWDERLY PART DRY RAW,,Food composition table per 100g edible portion,PER_100G,315,1335,2.3,72.2,,0.4,0,0,6.8,0.056,0.14,283,,,Kenya food composition,,,food_composition_not_packaged_label|missing_sugar
food_with_all_nutrients,642,1,Basic Mandazi,BASIC MANDAZI,,Food composition table per 100g edible portion,PER_100G,340,1430,6.4,48.7,,12.9,0,0,2.1,0.241,0.6025,136,,,Kenya food composition,,,food_composition_not_packaged_label|missing_sugar
food_with_all_nutrients,482,1,"Bay leaf, dried",BAY LEAF DRIED,,Food composition table per 100g edible portion,PER_100G,353,1480,7.6,48.7,,8.4,0,0,26.3,0.023,0.0575,832,,,Kenya food composition,,,food_composition_not_packaged_label|missing_sugar
food_with_all_nutrients,115,1,"Bean, red, fresh, raw",BEAN RED FRESH RAW,,Food composition table per 100g edible portion,PER_100G,131,553,12.8,14.6,,0.4,0,0,9.1,0.003,0.0075,12,,,Kenya food composition,,,food_composition_not_packaged_label|missing_sugar
food_with_all_nutrients,562,1,Bean Stew,BEAN STEW,,Food composition table per 100g edible portion,PER_100G,63,263,3.5,7.2,,1.4,0,0,3.7,0.165,0.4125,20,,,Kenya food composition,,,food_composition_not_packaged_label|missing_sugar
food_with_all_nutrients,632,1,Bean Stew with Milk and Cream,BEAN STEW WITH MILK AND CREAM,,Food composition table per 100g edible portion,PER_100G,139,584,7.2,14.3,,4.5,0,0,6.7,0.273,0.6825,66,,,Kenya food composition,,,food_composition_not_packaged_label|missing_sugar
food_with_all_nutrients,96,1,"Beans, broad, dry, raw",BEANS BROAD DRY RAW,,Food composition table per 100g edible portion,PER_100G,305,1280,25.7,35.6,,1.53,0,0,22.9,0.025,0.0625,96,,,Kenya food composition,,,food_composition_not_packaged_label|missing_sugar
food_with_all_nutrients,97,1,"Beans, broad, dry, unsoaked, boiled, drained (without salt)",BEANS BROAD DRY UNSOAKED BOILED DRAINED WITHOUT SALT,,Food composition table per 100g edible portion,PER_100G,109,458,9.2,12.7,,0.5,0,0,8.2,0.009,0.0225,31,,,Kenya food composition,,,food_composition_not_packaged_label|missing_sugar
food_with_all_nutrients,98,1,"Beans, broad, dry, unsoaked, boiled (without salt, water not discarded)",BEANS BROAD DRY UNSOAKED BOILED WITHOUT SALT WATER NOT DISCARDED,,Food composition table per 100g edible portion,PER_100G,66,279,5.6,7.7,,0.3,0,0,5,0.008,0.02,23,,,Kenya food composition,,,food_composition_not_packaged_label|missing_sugar
food_with_all_nutrients,99,1,"Beans, broad, dry, water-soaked, boiled in different water, drained (without salt)",BEANS BROAD DRY WATER SOAKED BOILED IN DIFFERENT WATER DRAINED WITHOUT SALT,,Food composition table per 100g edible portion,PER_100G,109,458,9.2,12.7,,0.5,0,0,8.2,0.009,0.0225,31,,,Kenya food composition,,,food_composition_not_packaged_label|missing_sugar
food_with_all_nutrients,100,1,"Beans, broad, dry, water-soaked, boiled in different water (without salt, water not discarded)",BEANS BROAD DRY WATER SOAKED BOILED IN DIFFERENT WATER WITHOUT SALT WATER NOT DISCARDED,,Food composition table per 100g edible portion,PER_100G,66,279,5.6,7.7,,0.3,0,0,5,0.008,0.02,23,,,Kenya food composition,,,food_composition_not_packaged_label|missing_sugar
food_with_all_nutrients,102,1,"Beans, broad, fresh, boiled, drained (without salt)",BEANS BROAD FRESH BOILED DRAINED WITHOUT SALT,,Food composition table per 100g edible portion,PER_100G,87,363,7.5,9.2,,0.5,0,0,7.5,0.002,0.005,26,,,Kenya food composition,,,food_composition_not_packaged_label|missing_sugar
food_with_all_nutrients,101,1,"Beans, broad, fresh, raw",BEANS BROAD FRESH RAW,,Food composition table per 100g edible portion,PER_100G,82,345,7.2,8.7,,0.5,0,0,7.1,0.002,0.005,26,,,Kenya food composition,,,food_composition_not_packaged_label|missing_sugar
food_with_all_nutrients,104,1,"Beans, cluster, fresh, boiled, drained (without salt)",BEANS CLUSTER FRESH BOILED DRAINED WITHOUT SALT,,Food composition table per 100g edible portion,PER_100G,58,244,6.5,4.6,,0.4,0,0,5.1,0.003,0.0075,121,,,Kenya food composition,,,food_composition_not_packaged_label|missing_sugar
food_with_all_nutrients,103,1,"Beans, cluster, fresh, raw",BEANS CLUSTER FRESH RAW,,Food composition table per 100g edible portion,PER_100G,55,232,6.19,4.4,,0.4,0,0,4.8,0.004,0.01,121,,,Kenya food composition,,,food_composition_not_packaged_label|missing_sugar
food_with_all_nutrients,105,1,"Beans, kidney, dry, raw",BEANS KIDNEY DRY RAW,,Food composition table per 100g edible portion,PER_100G,305,1280,20.5,40.6,,2,0.26,0.01,21.2,0.022,0.055,106,,,Kenya food composition,,,food_composition_not_packaged_label|missing_sugar
food_with_all_nutrients,106,1,"Beans, kidney, dry, unsoaked, boiled, drained (without salt)",BEANS KIDNEY DRY UNSOAKED BOILED DRAINED WITHOUT SALT,,Food composition table per 100g edible portion,PER_100G,117,491,7.9,15.5,,0.8,0,0,8.1,0.008,0.02,36,,,Kenya food composition,,,food_composition_not_packaged_label|missing_sugar
food_with_all_nutrients,107,1,"Beans, kidney, dry, unsoaked, boiled (without salt, water not discarded)",BEANS KIDNEY DRY UNSOAKED BOILED WITHOUT SALT WATER NOT DISCARDED,,Food composition table per 100g edible portion,PER_100G,70,296,4.7,9.4,,0.5,0,0,4.9,0.007,0.0175,27,,,Kenya food composition,,,food_composition_not_packaged_label|missing_sugar
food_with_all_nutrients,108,1,"Beans, kidney, dry, water-soaked, boiled in different water, drained (without salt)",BEANS KIDNEY DRY WATER SOAKED BOILED IN DIFFERENT WATER DRAINED WITHOUT SALT,,Food composition table per 100g edible portion,PER_100G,117,491,7.9,15.5,,0.8,0,0,8.1,0.008,0.02,36,,,Kenya food composition,,,food_composition_not_packaged_label|missing_sugar
food_with_all_nutrients,109,1,"Beans, kidney, dry, water-soaked, boiled in different water (without salt, water not discarded)",BEANS KIDNEY DRY WATER SOAKED BOILED IN DIFFERENT WATER WITHOUT SALT WATER NOT DISCARDED,,Food composition table per 100g edible portion,PER_100G,70,296,4.7,9.4,,0.5,0,0,4.9,0.007,0.0175,27,,,Kenya food composition,,,food_composition_not_packaged_label|missing_sugar
food_with_all_nutrients,110,1,"Beans, lima, dry, raw",BEANS LIMA DRY RAW,,Food composition table per 100g edible portion,PER_100G,299,1260,22.4,39.7,,1.63,0,0,18.2,0.007,0.0175,64,,,Kenya food composition,,,food_composition_not_packaged_label|missing_sugar
food_with_all_nutrients,111,1,"Beans, lima, dry, unsoaked, boiled, drained (without salt)",BEANS LIMA DRY UNSOAKED BOILED DRAINED WITHOUT SALT,,Food composition table per 100g edible portion,PER_100G,120,504,8.9,15.9,,0.7,0,0,7.3,0.004,0.01,23,,,Kenya food composition,,,food_composition_not_packaged_label|missing_sugar
food_with_all_nutrients,112,1,"Beans, lima, dry, unsoaked, boiled (without salt, water not discarded)",BEANS LIMA DRY UNSOAKED BOILED WITHOUT SALT WATER NOT DISCARDED,,Food composition table per 100g edible portion,PER_100G,69,291,5.2,9.2,,0.4,0,0,4.2,0.004,0.01,17,,,Kenya food composition,,,food_composition_not_packaged_label|missing_sugar
food_with_all_nutrients,113,1,"Beans, lima, dry, water-soaked, boiled in different water, drained (without salt)",BEANS LIMA DRY WATER SOAKED BOILED IN DIFFERENT WATER DRAINED WITHOUT SALT,,Food composition table per 100g edible portion,PER_100G,120,504,8.9,15.9,,0.7,0,0,7.3,0.004,0.01,23,,,Kenya food composition,,,food_composition_not_packaged_label|missing_sugar
food_with_all_nutrients,114,1,"Beans, lima, dry, water-soaked, boiled in different water (without salt, water not discarded)",BEANS LIMA DRY WATER SOAKED BOILED IN DIFFERENT WATER WITHOUT SALT WATER NOT DISCARDED,,Food composition table per 100g edible portion,PER_100G,69,291,5.2,9.2,,0.4,0,0,4.2,0.004,0.01,17,,,Kenya food composition,,,food_composition_not_packaged_label|missing_sugar
food_with_all_nutrients,116,1,"Beans, shellie, canned, solid & liquids",BEANS SHELLIE CANNED SOLID LIQUIDS,,Food composition table per 100g edible portion,PER_100G,27,112,1.8,2.8,,0.2,0,0,3.4,0.334,0.835,29,,,Kenya food composition,,,food_composition_not_packaged_label|missing_sugar
food_with_all_nutrients,470,1,"Beef, broth",BEEF BROTH,,Food composition table per 100g edible portion,PER_100G,6,26,0.9,0,,0.3,0,0,0,0.266,0.665,4,,,Kenya food composition,,,food_composition_not_packaged_label|missing_sugar
food_with_all_nutrients,338,1,"Beef, high fat, w/o bones, boiled (without salt)",BEEF HIGH FAT W O BONES BOILED WITHOUT SALT,,Food composition table per 100g edible portion,PER_100G,402,1670,31.1,0,,30.8,0,0,0,0.062,0.155,21,,,Kenya food composition,,,food_composition_not_packaged_label|missing_sugar
food_with_all_nutrients,339,1,"Beef, high fat, w/o bones, grilled (without salt and fat)",BEEF HIGH FAT W O BONES GRILLED WITHOUT SALT AND FAT,,Food composition table per 100g edible portion,PER_100G,356,1480,25.9,0,,28,0,0,0,0.098,0.245,20,,,Kenya food composition,,,food_composition_not_packaged_label|missing_sugar
food_with_all_nutrients,337,1,"Beef, high fat, w/o bones, raw",BEEF HIGH FAT W O BONES RAW,,Food composition table per 100g edible portion,PER_100G,284,1180,18.6,0,,24.1,12.4,1.03,0,0.083,0.2075,16,,,Kenya food composition,,,food_composition_not_packaged_label|missing_sugar
food_with_all_nutrients,340,1,"Beef, high fat, w/o bones, stewed (without salt)",BEEF HIGH FAT W O BONES STEWED WITHOUT SALT,,Food composition table per 100g edible portion,PER_100G,455,1890,29.1,0,,37.6,0,0,0,0.058,0.145,21,,,Kenya food composition,,,food_composition_not_packaged_label|missing_sugar
food_with_all_nutrients,342,1,"Beef, lean, boiled (without salt)",BEEF LEAN BOILED WITHOUT SALT,,Food composition table per 100g edible portion,PER_100G,209,884,41.9,0,,4.6,0,0,0,0.099,0.2475,7,,,Kenya food composition,,,food_composition_not_packaged_label|missing_sugar
food_with_all_nutrients,343,1,"Beef, lean, grilled (without salt and fat)",BEEF LEAN GRILLED WITHOUT SALT AND FAT,,Food composition table per 100g edible portion,PER_100G,142,602,28.5,0,,3.1,0,0,0,0.127,0.3175,6,,,Kenya food composition,,,food_composition_not_packaged_label|missing_sugar
food_with_all_nutrients,341,1,"Beef, lean, raw",BEEF LEAN RAW,,Food composition table per 100g edible portion,PER_100G,104,439,20.6,0.4,,2.3,1.13,0.07,0,0.107,0.2675,5,,,Kenya food composition,,,food_composition_not_packaged_label|missing_sugar
food_with_all_nutrients,344,1,"Beef, lean, stewed (without salt)",BEEF LEAN STEWED WITHOUT SALT,,Food composition table per 100g edible portion,PER_100G,194,817,38.8,0,,4.3,0,0,0,0.091,0.2275,7,,,Kenya food composition,,,food_composition_not_packaged_label|missing_sugar
food_with_all_nutrients,346,1,"Beef, liver, boiled (without salt)",BEEF LIVER BOILED WITHOUT SALT,,Food composition table per 100g edible portion,PER_100G,178,749,30.2,0,,6.4,0,0,0,0.068,0.17,7,,,Kenya food composition,,,food_composition_not_packaged_label|missing_sugar
food_with_all_nutrients,345,1,"Beef, liver, raw",BEEF LIVER RAW,,Food composition table per 100g edible portion,PER_100G,120,506,20,0.7,,4.2,1.44,0.08,0,0.075,0.1875,6,,,Kenya food composition,,,food_composition_not_packaged_label|missing_sugar
food_with_all_nutrients,347,1,"Beef, medium fat, w/o bones, raw",BEEF MEDIUM FAT W O BONES RAW,,Food composition table per 100g edible portion,PER_100G,151,632,19.7,1.8,,7.2,3.55,0.29,0,0.121,0.3025,4,,,Kenya food composition,,,food_composition_not_packaged_label|missing_sugar
food_with_all_nutrients,348,1,"Beef, medium fat, without bones, boiled (without salt)",BEEF MEDIUM FAT WITHOUT BONES BOILED WITHOUT SALT,,Food composition table per 100g edible portion,PER_100G,197,829,32.8,0,,7.4,0,0,0,0.091,0.2275,5,,,Kenya food composition,,,food_composition_not_packaged_label|missing_sugar
food_with_all_nutrients,349,1,"Beef, medium fat, without bones, grilled (without salt and fat)",BEEF MEDIUM FAT WITHOUT BONES GRILLED WITHOUT SALT AND FAT,,Food composition table per 100g edible portion,PER_100G,175,734,27.3,0,,7.3,0,0,0,0.143,0.3575,5,,,Kenya food composition,,,food_composition_not_packaged_label|missing_sugar
food_with_all_nutrients,350,1,"Beef, medium fat, without bones, stewed (without salt)",BEEF MEDIUM FAT WITHOUT BONES STEWED WITHOUT SALT,,Food composition table per 100g edible portion,PER_100G,224,939,30.7,0,,11.3,0,0,0,0.085,0.2125,5,,,Kenya food composition,,,food_composition_not_packaged_label|missing_sugar
food_with_all_nutrients,604,1,Beef Stew,BEEF STEW,,Food composition table per 100g edible portion,PER_100G,181,756,17.7,3.8,,10.4,0,0,0.8,0.315,0.7875,12,,,Kenya food composition,,,food_composition_not_packaged_label|missing_sugar
food_with_all_nutrients,73,1,"Beet root, peeled, boiled, drained (without salt)",BEET ROOT PEELED BOILED DRAINED WITHOUT SALT,,Food composition table per 100g edible portion,PER_100G,44,186,2.2,7,,0.1,0,0,3.3,0.033,0.0825,12,,,Kenya food composition,,,food_composition_not_packaged_label|missing_sugar
food_with_all_nutrients,72,1,"Beet root, peeled, raw",BEET ROOT PEELED RAW,,Food composition table per 100g edible portion,PER_100G,44,184,2.17,6.9,,0.1,0,0,3.31,0.06,0.15,13,,,Kenya food composition,,,food_composition_not_packaged_label|missing_sugar
food_with_all_nutrients,74,1,"Beet root, peeled, stewed (without salt)",BEET ROOT PEELED STEWED WITHOUT SALT,,Food composition table per 100g edible portion,PER_100G,41,174,2,6.5,,0.1,0,0,3.1,0.056,0.14,12,,,Kenya food composition,,,food_composition_not_packaged_label|missing_sugar
food_with_all_nutrients,656,1,Bhature (Fried Indian Bread),BHATURE FRIED INDIAN BREAD,,Food composition table per 100g edible portion,PER_100G,337,1410,5.9,35.9,,18.5,0,0,1.7,0.518,1.295,62,,,Kenya food composition,,,food_composition_not_packaged_label|missing_sugar
food_with_all_nutrients,582,1,Biryani rice,BIRYANI RICE,,Food composition table per 100g edible portion,PER_100G,152,641,2.7,27.9,,3.2,0,0,0.3,0.18,0.45,9,,,Kenya food composition,,,food_composition_not_packaged_label|missing_sugar
food_with_all_nutrients,583,1,Biryani stew,BIRYANI STEW,,Food composition table per 100g edible portion,PER_100G,198,822,8.1,8.3,,14.3,0,0,1.9,0.48,1.2,28,,,Kenya food composition,,,food_composition_not_packaged_label|missing_sugar
food_with_all_nutrients,4,1,"Biscuit, Savoury",BISCUIT SAVOURY,,Food composition table per 100g edible portion,PER_100G,492,2060,6.6,58.9,,24.9,0,0,3.3,0.637,1.5925,38,,,Kenya food composition,,,food_composition_not_packaged_label|missing_sugar
food_with_all_nutrients,5,1,"Biscuit, Sweet",BISCUIT SWEET,,Food composition table per 100g edible portion,PER_100G,460,1930,6.1,69.3,,17.2,0,0,2.1,0.298,0.745,45,,,Kenya food composition,,,food_composition_not_packaged_label|missing_sugar
food_with_all_nutrients,172,1,"Bitter gourd, whole, different varieties, boiled, drained (without salt)",BITTER GOURD WHOLE DIFFERENT VARIETIES BOILED DRAINED WITHOUT SALT,,Food composition table per 100g edible portion,PER_100G,36,150,1.7,4.6,,0.3,0,0,4.1,0.014,0.035,23,,,Kenya food composition,,,food_composition_not_packaged_label|missing_sugar
food_with_all_nutrients,171,1,"Bitter gourd, whole, different varieties, raw",BITTER GOURD WHOLE DIFFERENT VARIETIES RAW,,Food composition table per 100g edible portion,PER_100G,32,135,1.5,4.2,,0.2,0,0,3.7,0.016,0.04,22,,,Kenya food composition,,,food_composition_not_packaged_label|missing_sugar
food_with_all_nutrients,174,1,"Black (African) nightshade, indigenous, leaves, picked, boiled, drained (without salt)",BLACK AFRICAN NIGHTSHADE INDIGENOUS LEAVES PICKED BOILED DRAINED WITHOUT SALT,,Food composition table per 100g edible portion,PER_100G,29,121,3.6,1.3,,0.1,0,0,4.1,0.007,0.0175,91,,,Kenya food composition,,,food_composition_not_packaged_label|missing_sugar
food_with_all_nutrients,173,1,"Black (African) nightshade, indigenous, leaves, picked, raw",BLACK AFRICAN NIGHTSHADE INDIGENOUS LEAVES PICKED RAW,,Food composition table per 100g edible portion,PER_100G,31,127,3.8,1.3,,0.1,0,0,4.3,0.01,0.025,100,,,Kenya food composition,,,food_composition_not_packaged_label|missing_sugar
food_with_all_nutrients,176,1,"Black (African) nightshade, indigenous, leaves, picked, steamed",BLACK AFRICAN NIGHTSHADE INDIGENOUS LEAVES PICKED STEAMED,,Food composition table per 100g edible portion,PER_100G,27,111,3.3,1.2,,0.1,0,0,3.8,0.007,0.0175,83,,,Kenya food composition,,,food_composition_not_packaged_label|missing_sugar
food_with_all_nutrients,631,1,Black Bean Stew,BLACK BEAN STEW,,Food composition table per 100g edible portion,PER_100G,62,261,3.6,7.7,,1.3,0,0,2.8,0.164,0.41,17,,,Kenya food composition,,,food_composition_not_packaged_label|missing_sugar
food_with_all_nutrients,658,1,Boiled beans,BOILED BEANS,,Food composition table per 100g edible portion,PER_100G,93,390,5.2,10.2,,2.3,0,0,5.3,0.355,0.8875,43,,,Kenya food composition,,,food_composition_not_packaged_label|missing_sugar
food_with_all_nutrients,591,1,Boiled Rice,BOILED RICE,,Food composition table per 100g edible portion,PER_100G,138,584,2.7,27.2,,2,0,0,0.2,0.216,0.54,9,,,Kenya food composition,,,food_composition_not_packaged_label|missing_sugar
food_with_all_nutrients,117,1,"Bonavist, dry, raw",BONAVIST DRY RAW,,Food composition table per 100g edible portion,PER_100G,319,1350,23.1,45.3,,1.4,0,0,16.4,0.018,0.045,59,,,Kenya food composition,,,food_composition_not_packaged_label|missing_sugar
food_with_all_nutrients,118,1,"Bonavist, dry, unsoaked, boiled, drained (without salt)",BONAVIST DRY UNSOAKED BOILED DRAINED WITHOUT SALT,,Food composition table per 100g edible portion,PER_100G,122,516,8.9,17.4,,0.5,0,0,6.3,0.007,0.0175,21,,,Kenya food composition,,,food_composition_not_packaged_label|missing_sugar
food_with_all_nutrients,119,1,"Bonavist, dry, unsoaked, boiled (without salt, water not discarded)",BONAVIST DRY UNSOAKED BOILED WITHOUT SALT WATER NOT DISCARDED,,Food composition table per 100g edible portion,PER_100G,102,430,7.4,14.5,,0.4,0,0,5.2,0.009,0.0225,21,,,Kenya food composition,,,food_composition_not_packaged_label|missing_sugar
food_with_all_nutrients,120,1,"Bonavist, dry, water-soaked, boiled in different water, drained (without salt)",BONAVIST DRY WATER SOAKED BOILED IN DIFFERENT WATER DRAINED WITHOUT SALT,,Food composition table per 100g edible portion,PER_100G,122,516,8.9,17.4,,0.5,0,0,6.3,0.007,0.0175,21,,,Kenya food composition,,,food_composition_not_packaged_label|missing_sugar
food_with_all_nutrients,121,1,"Bonavist, dry, water-soaked, boiled in different water (without salt, water not discarded)",BONAVIST DRY WATER SOAKED BOILED IN DIFFERENT WATER WITHOUT SALT WATER NOT DISCARDED,,Food composition table per 100g edible portion,PER_100G,77,326,5.6,11,,0.3,0,0,4,0.007,0.0175,16,,,Kenya food composition,,,food_composition_not_packaged_label|missing_sugar
food_with_all_nutrients,122,1,"Bonavist, fresh, raw",BONAVIST FRESH RAW,,Food composition table per 100g edible portion,PER_100G,124,521,5.8,18.8,,0.6,0,0,10,0.006,0.015,31,,,Kenya food composition,,,food_composition_not_packaged_label|missing_sugar
food_with_all_nutrients,6,1,"Bread, Brown",BREAD BROWN,,Food composition table per 100g edible portion,PER_100G,245,1040,8,46.9,,1.5,0,0,5.9,0.446,1.115,56,,,Kenya food composition,,,food_composition_not_packaged_label|missing_sugar
food_with_all_nutrients,7,1,"Bread, Sweet",BREAD SWEET,,Food composition table per 100g edible portion,PER_100G,368,1540,8.3,50.6,,14.4,0,0,1.5,0.369,0.9225,80,,,Kenya food composition,,,food_composition_not_packaged_label|missing_sugar
food_with_all_nutrients,8,1,"Bread, White",BREAD WHITE,,Food composition table per 100g edible portion,PER_100G,249,1050,7.7,48.8,,1.9,0,0,3.1,0.466,1.165,37,,,Kenya food composition,,,food_composition_not_packaged_label|missing_sugar
food_with_all_nutrients,10,1,"Breakfast cereal, flakes of corn",BREAKFAST CEREAL FLAKES OF CORN,,Food composition table per 100g edible portion,PER_100G,373,1580,7.5,83,,0.7,0,0,2.6,1.09,2.725,3,,,Kenya food composition,,,food_composition_not_packaged_label|missing_sugar
food_with_all_nutrients,9,1,"Breakfast cereal, flakes of corn, fortified (iron, thiamine, riboflavin, niacin and folate)",BREAKFAST CEREAL FLAKES OF CORN FORTIFIED IRON THIAMINE RIBOFLAVIN NIACIN AND FOLATE,,Food composition table per 100g edible portion,PER_100G,372,1580,7.5,82.6,,0.7,0,0,2.95,1.09,2.725,3.2,,,Kenya food composition,,,food_composition_not_packaged_label|missing_sugar
food_with_all_nutrients,11,1,"Breakfast cereal, wheat biscuits, Weetabix type",BREAKFAST CEREAL WHEAT BISCUITS WEETABIX TYPE,,Food composition table per 100g edible portion,PER_100G,366,1550,11.5,70.7,,1.9,0,0,9.9,0.36,0.9,30,,,Kenya food composition,,,food_composition_not_packaged_label|missing_sugar
food_with_all_nutrients,177,1,"Broccoli, tops and stems, boiled, drained (without salt)",BROCCOLI TOPS AND STEMS BOILED DRAINED WITHOUT SALT,,Food composition table per 100g edible portion,PER_100G,31,129,3,2.4,,0.3,0,0,3.3,0.015,0.0375,56,,,Kenya food composition,,,food_composition_not_packaged_label|missing_sugar
food_with_all_nutrients,175,1,"Broccoli, tops and stems, raw",BROCCOLI TOPS AND STEMS RAW,,Food composition table per 100g edible portion,PER_100G,34,143,3.3,2.7,,0.3,0,0,3.7,0.022,0.055,66,,,Kenya food composition,,,food_composition_not_packaged_label|missing_sugar
food_with_all_nutrients,178,1,"Broccoli, tops and stems, steamed (without salt)",BROCCOLI TOPS AND STEMS STEAMED WITHOUT SALT,,Food composition table per 100g edible portion,PER_100G,33,137,3.2,2.6,,0.3,0,0,3.6,0.018,0.045,60,,,Kenya food composition,,,food_composition_not_packaged_label|missing_sugar
food_with_all_nutrients,537,1,Brown Chapati,BROWN CHAPATI,,Food composition table per 100g edible portion,PER_100G,413,1723,7.3,40.9,,22.9,0,0,7.2,0.12,0.3,23,,,Kenya food composition,,,food_composition_not_packaged_label|missing_sugar
food_with_all_nutrients,523,1,Brown Maize and Finger Millet Flour Ugali,BROWN MAIZE AND FINGER MILLET FLOUR UGALI,,Food composition table per 100g edible portion,PER_100G,133,562,3.1,24,,1.3,0,0,6.6,0.006,0.015,79,,,Kenya food composition,,,food_composition_not_packaged_label|missing_sugar
food_with_all_nutrients,532,1,Bulrush Millet Porridge (Uji wa Mawele),BULRUSH MILLET PORRIDGE UJI WA MAWELE,,Food composition table per 100g edible portion,PER_100G,83,350,2,15.7,,1,0,0,1.6,0.005,0.0125,9,,,Kenya food composition,,,food_composition_not_packaged_label|missing_sugar
food_with_all_nutrients,12,1,"Buns, Currant",BUNS CURRANT,,Food composition table per 100g edible portion,PER_100G,306,1290,7,52.8,,6.8,0,0,2.9,0.1,0.25,90,,,Kenya food composition,,,food_composition_not_packaged_label|missing_sugar
food_with_all_nutrients,535,1,Busara (Whole Maize and Finger Millet Porridge),BUSARA WHOLE MAIZE AND FINGER MILLET PORRIDGE,,Food composition table per 100g edible portion,PER_100G,40,170,1,7.3,,0.3,0,0,2.5,0.004,0.01,60,,,Kenya food composition,,,food_composition_not_packaged_label|missing_sugar
food_with_all_nutrients,306,1,"Butter (cow milk), no added salt (~80-84% fat)",BUTTER COW MILK NO ADDED SALT 80 84 FAT,,Food composition table per 100g edible portion,PER_100G,735,3020,1.1,0,,81.3,0,0,0,0.01,0.025,15,,,Kenya food composition,,,food_composition_not_packaged_label|missing_sugar
food_with_all_nutrients,307,1,"Butter (cow milk), salted (~80% fat)",BUTTER COW MILK SALTED 80 FAT,,Food composition table per 100g edible portion,PER_100G,739,3040,1.1,0.6,,81.3,0,0,0,0.776,1.94,17,,,Kenya food composition,,,food_composition_not_packaged_label|missing_sugar
food_with_all_nutrients,180,1,"Cabbage, leaf head, Chinese, boiled, drained (without salt)",CABBAGE LEAF HEAD CHINESE BOILED DRAINED WITHOUT SALT,,Food composition table per 100g edible portion,PER_100G,10,41,0.9,0.4,,0.3,0,0,1.1,0.012,0.03,35,,,Kenya food composition,,,food_composition_not_packaged_label|missing_sugar
food_with_all_nutrients,179,1,"Cabbage, leaf head, Chinese, raw",CABBAGE LEAF HEAD CHINESE RAW,,Food composition table per 100g edible portion,PER_100G,10,40,0.9,0.4,,0.3,0,0,1.1,0.016,0.04,36,,,Kenya food composition,,,food_composition_not_packaged_label|missing_sugar
food_with_all_nutrients,181,1,"Cabbage, leaf head, Chinese, steamed (without salt)",CABBAGE LEAF HEAD CHINESE STEAMED WITHOUT SALT,,Food composition table per 100g edible portion,PER_100G,10,41,0.9,0.4,,0.3,0,0,1.1,0.014,0.035,35,,,Kenya food composition,,,food_composition_not_packaged_label|missing_sugar
food_with_all_nutrients,183,1,"Cabbage, leaf head, red, boiled, drained (without salt)",CABBAGE LEAF HEAD RED BOILED DRAINED WITHOUT SALT,,Food composition table per 100g edible portion,PER_100G,27,113,1.3,3.2,,0.2,0,0,3.5,0.012,0.03,44,,,Kenya food composition,,,food_composition_not_packaged_label|missing_sugar
food_with_all_nutrients,182,1,"Cabbage, leaf head, red raw",CABBAGE LEAF HEAD RED RAW,,Food composition table per 100g edible portion,PER_100G,26,110,1.3,3.1,,0.2,0,0,3.4,0.016,0.04,45,,,Kenya food composition,,,food_composition_not_packaged_label|missing_sugar
food_with_all_nutrients,184,1,"Cabbage, leaf head, red, stewed (without salt)",CABBAGE LEAF HEAD RED STEWED WITHOUT SALT,,Food composition table per 100g edible portion,PER_100G,24,102,1.2,2.9,,0.2,0,0,3.1,0.015,0.0375,42,,,Kenya food composition,,,food_composition_not_packaged_label|missing_sugar
food_with_all_nutrients,186,1,"Cabbage, leaf head, white, boiled, drained (without salt)",CABBAGE LEAF HEAD WHITE BOILED DRAINED WITHOUT SALT,,Food composition table per 100g edible portion,PER_100G,19,78,1.1,2.2,,0.1,0,0,2.3,0.029,0.0725,45,,,Kenya food composition,,,food_composition_not_packaged_label|missing_sugar
food_with_all_nutrients,185,1,"Cabbage, leaf head, white, raw",CABBAGE LEAF HEAD WHITE RAW,,Food composition table per 100g edible portion,PER_100G,18,76,1.1,2.2,,0.1,0,0,2.2,0.037,0.0925,47,,,Kenya food composition,,,food_composition_not_packaged_label|missing_sugar
food_with_all_nutrients,187,1,"Cabbage, leaf head, white, stewed (without salt)",CABBAGE LEAF HEAD WHITE STEWED WITHOUT SALT,,Food composition table per 100g edible portion,PER_100G,20,82,1.2,2.4,,0.1,0,0,2.4,0.04,0.1,50,,,Kenya food composition,,,food_composition_not_packaged_label|missing_sugar
food_with_all_nutrients,14,1,"Cake, Fruit",CAKE FRUIT,,Food composition table per 100g edible portion,PER_100G,368,1550,4,58.8,,12.3,0,0,3.1,0.17,0.425,75,,,Kenya food composition,,,food_composition_not_packaged_label|missing_sugar
food_with_all_nutrients,13,1,"Cake or cupcake, plain butter cake, commercial",CAKE OR CUPCAKE PLAIN BUTTER CAKE COMMERCIAL,,Food composition table per 100g edible portion,PER_100G,363,1530,7.1,48.8,,15.3,0,0,1.1,0.48,1.2,63,,,Kenya food composition,,,food_composition_not_packaged_label|missing_sugar
food_with_all_nutrients,15,1,"Cake, Sponge, homemade",CAKE SPONGE HOMEMADE,,Food composition table per 100g edible portion,PER_100G,465,1940,6.5,49.1,,26.7,0,0,1.1,0.35,0.875,140,,,Kenya food composition,,,food_composition_not_packaged_label|missing_sugar
food_with_all_nutrients,16,1,"Cake, Sponge, without fat",CAKE SPONGE WITHOUT FAT,,Food composition table per 100g edible portion,PER_100G,304,1280,10,51.2,,6.3,0,0,1.2,0.08,0.2,70,,,Kenya food composition,,,food_composition_not_packaged_label|missing_sugar
food_with_all_nutrients,17,1,Cakes (Various Fancy Iced),CAKES VARIOUS FANCY ICED,,Food composition table per 100g edible portion,PER_100G,412,1730,13,51.5,,16.8,0,0,1.1,0.25,0.625,45,,,Kenya food composition,,,food_composition_not_packaged_label|missing_sugar
food_with_all_nutrients,351,1,"Camel blood, raw",CAMEL BLOOD RAW,,Food composition table per 100g edible portion,PER_100G,42,348,15.8,2.7,,0.9,0,0,0,0.313,0.7825,8,,,Kenya food composition,,,food_composition_not_packaged_label|missing_sugar
food_with_all_nutrients,352,1,Camel Meat,CAMEL MEAT,,Food composition table per 100g edible portion,PER_100G,197,826,18.6,10.8,,8.9,0,0,0,0.049,0.1225,4,,,Kenya food composition,,,food_composition_not_packaged_label|missing_sugar
food_with_all_nutrients,564,1,Camel Meat (Nyirinyiri),CAMEL MEAT NYIRINYIRI,,Food composition table per 100g edible portion,PER_100G,521,2170,34.6,20,,33.6,0,0,0,0.346,0.865,7,,,Kenya food composition,,,food_composition_not_packaged_label|missing_sugar
food_with_all_nutrients,191,1,"Capsicum (sweet peper), green, baked (without salt)",CAPSICUM SWEET PEPER GREEN BAKED WITHOUT SALT,,Food composition table per 100g edible portion,PER_100G,23,98,1.6,3,,0.1,0,0,2.1,0.002,0.005,8,,,Kenya food composition,,,food_composition_not_packaged_label|missing_sugar
food_with_all_nutrients,189,1,"Capsicum (sweet peper), green, boiled, drained (without salt)",CAPSICUM SWEET PEPER GREEN BOILED DRAINED WITHOUT SALT,,Food composition table per 100g edible portion,PER_100G,26,109,1.7,3.3,,0.1,0,0,2.3,0.002,0.005,9,,,Kenya food composition,,,food_composition_not_packaged_label|missing_sugar
food_with_all_nutrients,190,1,"Capsicum (sweet peper), green, grilled (without salt and fat)",CAPSICUM SWEET PEPER GREEN GRILLED WITHOUT SALT AND FAT,,Food composition table per 100g edible portion,PER_100G,24,102,1.6,3.1,,0.1,0,0,2.2,0.002,0.005,9,,,Kenya food composition,,,food_composition_not_packaged_label|missing_sugar
food_with_all_nutrients,188,1,"Capsicum (sweet peper), green, raw",CAPSICUM SWEET PEPER GREEN RAW,,Food composition table per 100g edible portion,PER_100G,23,95,1.5,2.9,,0.1,0,0,2,0.002,0.005,8,,,Kenya food composition,,,food_composition_not_packaged_label|missing_sugar
food_with_all_nutrients,195,1,"Capsicum (sweet peper), red, baked (without salt)",CAPSICUM SWEET PEPER RED BAKED WITHOUT SALT,,Food composition table per 100g edible portion,PER_100G,27,115,1.8,3.6,,0.2,0,0,1.9,0.002,0.005,4,,,Kenya food composition,,,food_composition_not_packaged_label|missing_sugar
food_with_all_nutrients,193,1,"Capsicum (sweet peper), red, boiled, drained (without salt)",CAPSICUM SWEET PEPER RED BOILED DRAINED WITHOUT SALT,,Food composition table per 100g edible portion,PER_100G,30,127,2,4,,0.2,0,0,2.1,0.002,0.005,4,,,Kenya food composition,,,food_composition_not_packaged_label|missing_sugar
food_with_all_nutrients,194,1,"Capsicum (sweet peper), red, grilled (without salt and fat)",CAPSICUM SWEET PEPER RED GRILLED WITHOUT SALT AND FAT,,Food composition table per 100g edible portion,PER_100G,28,118,1.8,3.8,,0.2,0,0,1.9,0.002,0.005,4,,,Kenya food composition,,,food_composition_not_packaged_label|missing_sugar
food_with_all_nutrients,192,1,"Capsicum (sweet peper), red, raw",CAPSICUM SWEET PEPER RED RAW,,Food composition table per 100g edible portion,PER_100G,26,110,1.7,3.5,,0.2,0,0,1.8,0.002,0.005,4,,,Kenya food composition,,,food_composition_not_packaged_label|missing_sugar
food_with_all_nutrients,199,1,"Capsicum (sweet peper), yellow, baked (without salt)",CAPSICUM SWEET PEPER YELLOW BAKED WITHOUT SALT,,Food composition table per 100g edible portion,PER_100G,22,90,1.4,2.4,,0.2,0,0,2.3,0.002,0.005,20,,,Kenya food composition,,,food_composition_not_packaged_label|missing_sugar
food_with_all_nutrients,197,1,"Capsicum (sweet peper), yellow, boiled, drained (without salt)",CAPSICUM SWEET PEPER YELLOW BOILED DRAINED WITHOUT SALT,,Food composition table per 100g edible portion,PER_100G,24,99,1.6,2.6,,0.2,0,0,2.5,0.001,0.0025,21,,,Kenya food composition,,,food_composition_not_packaged_label|missing_sugar
food_with_all_nutrients,198,1,"Capsicum (sweet peper), yellow, grilled (without salt and fat)",CAPSICUM SWEET PEPER YELLOW GRILLED WITHOUT SALT AND FAT,,Food composition table per 100g edible portion,PER_100G,22,93,1.5,2.4,,0.2,0,0,2.4,0.002,0.005,21,,,Kenya food composition,,,food_composition_not_packaged_label|missing_sugar
food_with_all_nutrients,196,1,"Capsicum (sweet peper), yellow, raw",CAPSICUM SWEET PEPER YELLOW RAW,,Food composition table per 100g edible portion,PER_100G,21,86,1.4,2.3,,0.2,0,0,2.2,0.002,0.005,19,,,Kenya food composition,,,food_composition_not_packaged_label|missing_sugar
food_with_all_nutrients,483,1,"Cardamom, seeds, ground",CARDAMOM SEEDS GROUND,,Food composition table per 100g edible portion,PER_100G,322,1350,8.5,42.4,,6.7,0,0,28,0.018,0.045,383,,,Kenya food composition,,,food_composition_not_packaged_label|missing_sugar
food_with_all_nutrients,201,1,"Carrot, peeled, boiled, drained (without salt)",CARROT PEELED BOILED DRAINED WITHOUT SALT,,Food composition table per 100g edible portion,PER_100G,32,132,0.8,4.8,,0.3,0,0,3.4,0.021,0.0525,34,,,Kenya food composition,,,food_composition_not_packaged_label|missing_sugar
food_with_all_nutrients,200,1,"Carrot, peeled, raw",CARROT PEELED RAW,,Food composition table per 100g edible portion,PER_100G,30,124,0.7,4.5,,0.2,0,0,3.2,0.035,0.0875,33,,,Kenya food composition,,,food_composition_not_packaged_label|missing_sugar
food_with_all_nutrients,202,1,"Carrot, peeled, stewed (without salt)",CARROT PEELED STEWED WITHOUT SALT,,Food composition table per 100g edible portion,PER_100G,31,129,0.8,4.7,,0.2,0,0,3.4,0.037,0.0925,35,,,Kenya food composition,,,food_composition_not_packaged_label|missing_sugar
food_with_all_nutrients,525,1,Cassava and Red Sorghum Ugali,CASSAVA AND RED SORGHUM UGALI,,Food composition table per 100g edible portion,PER_100G,116,489,2.1,23.4,,0.8,0,0,3.4,0.009,0.0225,24,,,Kenya food composition,,,food_composition_not_packaged_label|missing_sugar
food_with_all_nutrients,529,1,"Cassava, Millet & Sorghum Porridge",CASSAVA MILLET SORGHUM PORRIDGE,,Food composition table per 100g edible portion,PER_100G,46,194,0.5,10.2,,0.1,0,0,1,0.006,0.015,18,,,Kenya food composition,,,food_composition_not_packaged_label|missing_sugar
food_with_all_nutrients,530,1,Cassava Porridge (Uji wa Muhogo),CASSAVA PORRIDGE UJI WA MUHOGO,,Food composition table per 100g edible portion,PER_100G,28,121,0.1,6.8,,0,0,0,0.3,0.005,0.0125,12,,,Kenya food composition,,,food_composition_not_packaged_label|missing_sugar
food_with_all_nutrients,76,1,"Cassava, root, white, peeled, boiled, drained (without salt)",CASSAVA ROOT WHITE PEELED BOILED DRAINED WITHOUT SALT,,Food composition table per 100g edible portion,PER_100G,148,627,1.1,33.4,,0.2,0,0,3.9,0.001,0.0025,27,,,Kenya food composition,,,food_composition_not_packaged_label|missing_sugar
food_with_all_nutrients,75,1,"Cassava, root, white, peeled, raw",CASSAVA ROOT WHITE PEELED RAW,,Food composition table per 100g edible portion,PER_100G,173,733,1.3,39.1,,0.3,0,0,4.6,0.002,0.005,33,,,Kenya food composition,,,food_composition_not_packaged_label|missing_sugar
food_with_all_nutrients,78,1,"Cassava, root, yellow, peeled, boiled, drained (without salt)",CASSAVA ROOT YELLOW PEELED BOILED DRAINED WITHOUT SALT,,Food composition table per 100g edible portion,PER_100G,107,454,1.4,23.1,,0.2,0,0,4,0.001,0.0025,15,,,Kenya food composition,,,food_composition_not_packaged_label|missing_sugar
food_with_all_nutrients,77,1,"Cassava, root, yellow, peeled, raw",CASSAVA ROOT YELLOW PEELED RAW,,Food composition table per 100g edible portion,PER_100G,126,531,1.6,27,,0.2,0,0,4.7,0.002,0.005,18,,,Kenya food composition,,,food_composition_not_packaged_label|missing_sugar
food_with_all_nutrients,528,1,Cassava Ugali,CASSAVA UGALI,,Food composition table per 100g edible portion,PER_100G,186,788,1.1,43.7,,0.3,0,0,2.2,0.02,0.05,79,,,Kenya food composition,,,food_composition_not_packaged_label|missing_sugar
food_with_all_nutrients,204,1,"Cauliflower, tops and stems, boiled, drained (without salt)",CAULIFLOWER TOPS AND STEMS BOILED DRAINED WITHOUT SALT,,Food composition table per 100g edible portion,PER_100G,19,79,2,0.9,,0.2,0,0,2.8,0.023,0.0575,16,,,Kenya food composition,,,food_composition_not_packaged_label|missing_sugar
food_with_all_nutrients,203,1,"Cauliflower, tops and stems, raw",CAULIFLOWER TOPS AND STEMS RAW,,Food composition table per 100g edible portion,PER_100G,19,79,2,0.9,,0.2,0,0,2.8,0.03,0.075,17,,,Kenya food composition,,,food_composition_not_packaged_label|missing_sugar
food_with_all_nutrients,206,1,"Celery, stalk, boiled, drained (without salt)",CELERY STALK BOILED DRAINED WITHOUT SALT,,Food composition table per 100g edible portion,PER_100G,30,127,0.7,5.8,,0.1,0,0,1.6,0.023,0.0575,74,,,Kenya food composition,,,food_composition_not_packaged_label|missing_sugar
food_with_all_nutrients,205,1,"Celery, stalk, raw",CELERY STALK RAW,,Food composition table per 100g edible portion,PER_100G,27,114,0.6,5.3,,0.1,0,0,1.4,0.028,0.07,70,,,Kenya food composition,,,food_composition_not_packaged_label|missing_sugar
food_with_all_nutrients,649,1,Chaas (Diluted Yoghurt),CHAAS DILUTED YOGHURT,,Food composition table per 100g edible portion,PER_100G,60,252,2,8,,2.2,0,0,0,0.262,0.655,106,,,Kenya food composition,,,food_composition_not_packaged_label|missing_sugar
food_with_all_nutrients,598,1,Chai ya Maziwa (Mixed Tea),CHAI YA MAZIWA MIXED TEA,,Food composition table per 100g edible portion,PER_100G,36,153,1.1,5.4,,1.2,0,0,0,0.015,0.0375,42,,,Kenya food composition,,,food_composition_not_packaged_label|missing_sugar
food_with_all_nutrients,308,1,"Cheese, cheddar, regular fat",CHEESE CHEDDAR REGULAR FAT,,Food composition table per 100g edible portion,PER_100G,401,1660,26,0.4,,32.8,0,0,0,0.6,1.5,800,,,Kenya food composition,,,food_composition_not_packaged_label|missing_sugar
food_with_all_nutrients,309,1,"Cheese, cottage (cow milk), plain, skimmed",CHEESE COTTAGE COW MILK PLAIN SKIMMED,,Food composition table per 100g edible portion,PER_100G,91,382,13.3,3.8,,2.5,0,0,0,0.45,1.125,60,,,Kenya food composition,,,food_composition_not_packaged_label|missing_sugar
food_with_all_nutrients,310,1,"Cheese, cottage (cow milk), plain, whole",CHEESE COTTAGE COW MILK PLAIN WHOLE,,Food composition table per 100g edible portion,PER_100G,121,508,15.4,2.1,,5.7,0,0,0,0.277,0.6925,89,,,Kenya food composition,,,food_composition_not_packaged_label|missing_sugar
food_with_all_nutrients,311,1,"Cheese, cottage, Milk, Cow, Sour",CHEESE COTTAGE MILK COW SOUR,,Food composition table per 100g edible portion,PER_100G,122,515,13.7,7.2,,4.3,0,0,0,0.364,0.91,112,,,Kenya food composition,,,food_composition_not_packaged_label|missing_sugar
food_with_all_nutrients,655,1,Chick Peas Curry,CHICK PEAS CURRY,,Food composition table per 100g edible portion,PER_100G,126,524,6,10.3,,5.1,0,0,7.3,0.426,1.065,77,,,Kenya food composition,,,food_composition_not_packaged_label|missing_sugar
food_with_all_nutrients,123,1,"Chick peas, whole, dry, raw",CHICK PEAS WHOLE DRY RAW,,Food composition table per 100g edible portion,PER_100G,323,1350,22.3,34.3,,5.1,0,0,25.2,0.025,0.0625,235,,,Kenya food composition,,,food_composition_not_packaged_label|missing_sugar
food_with_all_nutrients,124,1,"Chick peas, whole, dry, unsoaked, boiled, drained (without salt)",CHICK PEAS WHOLE DRY UNSOAKED BOILED DRAINED WITHOUT SALT,,Food composition table per 100g edible portion,PER_100G,143,601,9.9,15.3,,2.3,0,0,11.2,0.01,0.025,90,,,Kenya food composition,,,food_composition_not_packaged_label|missing_sugar
food_with_all_nutrients,126,1,"Chick peas, whole, dry, water-soaked, boiled in different water, drained (without salt)",CHICK PEAS WHOLE DRY WATER SOAKED BOILED IN DIFFERENT WATER DRAINED WITHOUT SALT,,Food composition table per 100g edible portion,PER_100G,143,601,9.9,15.3,,2.3,0,0,11.2,0.01,0.025,90,,,Kenya food composition,,,food_composition_not_packaged_label|missing_sugar
food_with_all_nutrients,127,1,"Chick peas, whole, dry, water-soaked, boiled in different water (without salt, water not discarded)",CHICK PEAS WHOLE DRY WATER SOAKED BOILED IN DIFFERENT WATER WITHOUT SALT WATER NOT DISCARDED,,Food composition table per 100g edible portion,PER_100G,102,430,7.1,10.9,,1.6,0,0,8,0.01,0.025,76,,,Kenya food composition,,,food_composition_not_packaged_label|missing_sugar
food_with_all_nutrients,125,1,"Chick peas, whole, unsoaked, boiled (without salt, water not discarded)",CHICK PEAS WHOLE UNSOAKED BOILED WITHOUT SALT WATER NOT DISCARDED,,Food composition table per 100g edible portion,PER_100G,102,430,7.1,10.9,,1.6,0,0,8,0.01,0.025,76,,,Kenya food composition,,,food_composition_not_packaged_label|missing_sugar
food_with_all_nutrients,355,1,"Chicken, unespecified part, w/o bone, meat&skin, raw",CHICKEN UNESPECIFIED PART W O BONE MEAT SKIN RAW,,Food composition table per 100g edible portion,PER_100G,207,864,18.7,3.8,,13,3.71,0.05,0,0.068,0.17,13,,,Kenya food composition,,,food_composition_not_packaged_label|missing_sugar
food_with_all_nutrients,356,1,"Chicken, unspecified part, w/o bone, meat&skin, boiled (without salt)",CHICKEN UNSPECIFIED PART W O BONE MEAT SKIN BOILED WITHOUT SALT,,Food composition table per 100g edible portion,PER_100G,226,942,23.7,0,,14.6,0,0,0,0.034,0.085,14,,,Kenya food composition,,,food_composition_not_packaged_label|missing_sugar
food_with_all_nutrients,357,1,"Chicken, unspecified part, w/o bone, meat&skin, grilled (without salt and fat)",CHICKEN UNSPECIFIED PART W O BONE MEAT SKIN GRILLED WITHOUT SALT AND FAT,,Food composition table per 100g edible portion,PER_100G,228,951,24,0,,14.7,0,0,0,0.07,0.175,15,,,Kenya food composition,,,food_composition_not_packaged_label|missing_sugar
food_with_all_nutrients,485,1,"Chilli, dried",CHILLI DRIED,,Food composition table per 100g edible portion,PER_100G,309,1280,13.9,25.5,,9.9,0,0,31.2,0.019,0.0475,142,,,Kenya food composition,,,food_composition_not_packaged_label|missing_sugar
food_with_all_nutrients,484,1,"Chilli, fresh, raw",CHILLI FRESH RAW,,Food composition table per 100g edible portion,PER_100G,45,188,1.2,6.9,,0.4,0,0,4.8,0.003,0.0075,15,,,Kenya food composition,,,food_composition_not_packaged_label|missing_sugar
food_with_all_nutrients,486,1,"Cinnamon, dried, ground",CINNAMON DRIED GROUND,,Food composition table per 100g edible portion,PER_100G,244,1010,2.8,26.3,,2.6,0,0,52.3,0.017,0.0425,1183,,,Kenya food composition,,,food_composition_not_packaged_label|missing_sugar
food_with_all_nutrients,487,1,"Cloves, dry, raw",CLOVES DRY RAW,,Food composition table per 100g edible portion,PER_100G,251,1040,6,16,,10.4,0,0,34.5,0.183,0.4575,536,,,Kenya food composition,,,food_composition_not_packaged_label|missing_sugar
food_with_all_nutrients,452,1,"Coconut, fresh, mature fruit, flesh",COCONUT FRESH MATURE FRUIT FLESH,,Food composition table per 100g edible portion,PER_100G,423,1740,4.4,8.5,,39,0,0,10.1,0.029,0.0725,18,,,Kenya food composition,,,food_composition_not_packaged_label|missing_sugar
food_with_all_nutrients,471,1,"Coconut, fresh, water",COCONUT FRESH WATER,,Food composition table per 100g edible portion,PER_100G,23,98,0.8,4.8,,0.1,0,0,0,0.005,0.0125,24,,,Kenya food composition,,,food_composition_not_packaged_label|missing_sugar
food_with_all_nutrients,453,1,"Coconut, fresh, young or immature, flesh",COCONUT FRESH YOUNG OR IMMATURE FLESH,,Food composition table per 100g edible portion,PER_100G,176,736,2,17.3,,10.8,0,0,1,0.012,0.03,34.7,,,Kenya food composition,,,food_composition_not_packaged_label|missing_sugar
food_with_all_nutrients,454,1,"Coconut meat, dried (desiccated)",COCONUT MEAT DRIED DESICCATED,,Food composition table per 100g edible portion,PER_100G,663,2730,6.7,7.6,,63.7,0,0,16.1,0.0365,0.09125,25.7,,,Kenya food composition,,,food_composition_not_packaged_label|missing_sugar
food_with_all_nutrients,488,1,"Coconut, Milk",COCONUT MILK,,Food composition table per 100g edible portion,PER_100G,140,579,1,1.8,,14.3,0,0,0.3,0.019,0.0475,5,,,Kenya food composition,,,food_composition_not_packaged_label|missing_sugar
food_with_all_nutrients,399,1,"Cod, fillet, boiled in recipe (without salt and fat)",COD FILLET BOILED IN RECIPE WITHOUT SALT AND FAT,,Food composition table per 100g edible portion,PER_100G,90,380,20.7,0,,0.7,0,0,0,0.097,0.2425,18,,,Kenya food composition,,,food_composition_not_packaged_label|missing_sugar
food_with_all_nutrients,398,1,"Cod, fillet, grilled (without salt and fat)",COD FILLET GRILLED WITHOUT SALT AND FAT,,Food composition table per 100g edible portion,PER_100G,98,415,22.7,0,,0.8,0,0,0,0.09,0.225,20,,,Kenya food composition,,,food_composition_not_packaged_label|missing_sugar
food_with_all_nutrients,396,1,"Cod, fillet, raw",COD FILLET RAW,,Food composition table per 100g edible portion,PER_100G,73,311,17,0,,0.6,0,0,0,0.079,0.1975,15,,,Kenya food composition,,,food_composition_not_packaged_label|missing_sugar
food_with_all_nutrients,397,1,"Cod, fillet, steamed (without salt)",COD FILLET STEAMED WITHOUT SALT,,Food composition table per 100g edible portion,PER_100G,90,380,20.7,0,,0.7,0,0,0,0.082,0.205,18,,,Kenya food composition,,,food_composition_not_packaged_label|missing_sugar
food_with_all_nutrients,472,1,"Coffee, instant, dry powder or granules",COFFEE INSTANT DRY POWDER OR GRANULES,,Food composition table per 100g edible portion,PER_100G,311,1310,16.1,50.4,,1,0,0,20,0.083,0.2075,145,,,Kenya food composition,,,food_composition_not_packaged_label|missing_sugar
food_with_all_nutrients,489,1,"Coriander Leaves, fresh, raw",CORIANDER LEAVES FRESH RAW,,Food composition table per 100g edible portion,PER_100G,57,241,3.3,7.7,,0.7,0,0,3.5,0.04,0.1,115,,,Kenya food composition,,,food_composition_not_packaged_label|missing_sugar
food_with_all_nutrients,490,1,"Coriander seed, dried, ground",CORIANDER SEED DRIED GROUND,,Food composition table per 100g edible portion,PER_100G,347,1430,13.4,10.1,,18.8,0,0,41.7,0.027,0.0675,613,,,Kenya food composition,,,food_composition_not_packaged_label|missing_sugar
food_with_all_nutrients,439,1,Corn oil,CORN OIL,,Food composition table per 100g edible portion,PER_100G,900,3700,0,0.1,,99.9,15.1,4.02,0,0,0,0,,,Kenya food composition,,,food_composition_not_packaged_label|missing_sugar
food_with_all_nutrients,18,1,"Cornflour, from maize starch",CORNFLOUR FROM MAIZE STARCH,,Food composition table per 100g edible portion,PER_100G,355,1510,0.5,87.1,,0.4,0,0,0.6,0.01,0.025,12,,,Kenya food composition,,,food_composition_not_packaged_label|missing_sugar
food_with_all_nutrients,208,1,"Courgette, green, unpeeled, boiled, drained (without salt)",COURGETTE GREEN UNPEELED BOILED DRAINED WITHOUT SALT,,Food composition table per 100g edible portion,PER_100G,21,86,1,2.8,,0.3,0,0,1.2,0.001,0.0025,19,,,Kenya food composition,,,food_composition_not_packaged_label|missing_sugar
food_with_all_nutrients,207,1,"Courgette, green, unpeeled, raw",COURGETTE GREEN UNPEELED RAW,,Food composition table per 100g edible portion,PER_100G,19,78,0.9,2.5,,0.3,0,0,1.1,0.001,0.0025,18,,,Kenya food composition,,,food_composition_not_packaged_label|missing_sugar
food_with_all_nutrients,353,1,"Cow's blood, raw",COW S BLOOD RAW,,Food composition table per 100g edible portion,PER_100G,95,403,13.8,8,,0.9,0,0,0,0.469,1.1725,14,,,Kenya food composition,,,food_composition_not_packaged_label|missing_sugar
food_with_all_nutrients,210,1,"Cowpea, leaves, picked, boiled, drained (without salt)",COWPEA LEAVES PICKED BOILED DRAINED WITHOUT SALT,,Food composition table per 100g edible portion,PER_100G,28,117,3.2,0.6,,0.4,0,0,4.7,0.022,0.055,170,,,Kenya food composition,,,food_composition_not_packaged_label|missing_sugar
food_with_all_nutrients,209,1,"Cowpea, leaves, picked, raw",COWPEA LEAVES PICKED RAW,,Food composition table per 100g edible portion,PER_100G,30,123,3.4,0.7,,0.4,0,0,4.9,0.031,0.0775,188,,,Kenya food composition,,,food_composition_not_packaged_label|missing_sugar
food_with_all_nutrients,211,1,"Cowpea, leaves, picked, steamed (without salt)",COWPEA LEAVES PICKED STEAMED WITHOUT SALT,,Food composition table per 100g edible portion,PER_100G,26,107,2.9,0.6,,0.4,0,0,4.3,0.023,0.0575,155,,,Kenya food composition,,,food_composition_not_packaged_label|missing_sugar
food_with_all_nutrients,128,1,"Cowpeas, dry, raw",COWPEAS DRY RAW,,Food composition table per 100g edible portion,PER_100G,313,1320,25.3,43.3,,1.1,0,0,14.3,0.022,0.055,112,,,Kenya food composition,,,food_composition_not_packaged_label|missing_sugar
food_with_all_nutrients,129,1,"Cowpeas, dry, unsoaked, boiled, drained (without salt)",COWPEAS DRY UNSOAKED BOILED DRAINED WITHOUT SALT,,Food composition table per 100g edible portion,PER_100G,117,495,9.5,16.2,,0.4,0,0,5.4,0.008,0.02,37,,,Kenya food composition,,,food_composition_not_packaged_label|missing_sugar
food_with_all_nutrients,131,1,"Cowpeas, dry, water-soaked, boiled in different water, drained (without salt)",COWPEAS DRY WATER SOAKED BOILED IN DIFFERENT WATER DRAINED WITHOUT SALT,,Food composition table per 100g edible portion,PER_100G,117,495,9.5,16.2,,0.4,0,0,5.4,0.008,0.02,37,,,Kenya food composition,,,food_composition_not_packaged_label|missing_sugar
food_with_all_nutrients,132,1,"Cowpeas, dry, water-soaked, boiled in different water (without salt, water not discarded)",COWPEAS DRY WATER SOAKED BOILED IN DIFFERENT WATER WITHOUT SALT WATER NOT DISCARDED,,Food composition table per 100g edible portion,PER_100G,71,299,5.7,9.8,,0.3,0,0,3.2,0.007,0.0175,27,,,Kenya food composition,,,food_composition_not_packaged_label|missing_sugar
food_with_all_nutrients,134,1,"Cowpeas, fresh, boiled, drained (without salt)",COWPEAS FRESH BOILED DRAINED WITHOUT SALT,,Food composition table per 100g edible portion,PER_100G,132,554,4.8,22.6,,0.6,0,0,8.4,0.005,0.0125,200,,,Kenya food composition,,,food_composition_not_packaged_label|missing_sugar
food_with_all_nutrients,133,1,"Cowpeas, fresh, raw",COWPEAS FRESH RAW,,Food composition table per 100g edible portion,PER_100G,125,526,4.6,21.5,,0.6,0,0,8,0.006,0.015,200,,,Kenya food composition,,,food_composition_not_packaged_label|missing_sugar
food_with_all_nutrients,130,1,"Cowpeas, unsoaked, boiled (without salt, water not discarded)",COWPEAS UNSOAKED BOILED WITHOUT SALT WATER NOT DISCARDED,,Food composition table per 100g edible portion,PER_100G,71,299,5.7,9.8,,0.3,0,0,3.2,0.007,0.0175,27,,,Kenya food composition,,,food_composition_not_packaged_label|missing_sugar
food_with_all_nutrients,312,1,"Cream, pure, 35% fat",CREAM PURE 35 FAT,,Food composition table per 100g edible portion,PER_100G,229,943,2.4,1.7,,23.6,0,0,0,0.04,0.1,39,,,Kenya food composition,,,food_composition_not_packaged_label|missing_sugar
food_with_all_nutrients,212,1,"Cucumber, green, unpeeled, raw",CUCUMBER GREEN UNPEELED RAW,,Food composition table per 100g edible portion,PER_100G,11,47,0.6,1.3,,0.1,0,0,1.4,0.022,0.055,20,,,Kenya food composition,,,food_composition_not_packaged_label|missing_sugar
food_with_all_nutrients,491,1,"Cumin seeds, dried, raw",CUMIN SEEDS DRIED RAW,,Food composition table per 100g edible portion,PER_100G,432,1790,13.7,26.1,,25.8,0,0,20.4,0.124,0.31,854,,,Kenya food composition,,,food_composition_not_packaged_label|missing_sugar
food_with_all_nutrients,492,1,"Curry leaves, fresh, raw",CURRY LEAVES FRESH RAW,,Food composition table per 100g edible portion,PER_100G,86,355,7.7,2.5,,1.3,0,0,16.8,0.019,0.0475,740,,,Kenya food composition,,,food_composition_not_packaged_label|missing_sugar
food_with_all_nutrients,493,1,Curry powder,CURRY POWDER,,Food composition table per 100g edible portion,PER_100G,344,1430,10.8,30.6,,13.8,0,0,27.2,0.052,0.13,479,,,Kenya food composition,,,food_composition_not_packaged_label|missing_sugar
food_with_all_nutrients,272,1,"Custard apple, peeled, raw",CUSTARD APPLE PEELED RAW,,Food composition table per 100g edible portion,PER_100G,92,386,1.7,17,,0.7,0,0,5.1,0.003,0.0075,28,,,Kenya food composition,,,food_composition_not_packaged_label|missing_sugar
food_with_all_nutrients,400,1,"Dagaa fish (omena), dried, raw",DAGAA FISH OMENA DRIED RAW,,Food composition table per 100g edible portion,PER_100G,333,1400,59.5,0,,10.6,3.84,0.11,0,0.3,0.75,2790,,,Kenya food composition,,,food_composition_not_packaged_label|missing_sugar
food_with_all_nutrients,401,1,"Dagaa fish (omena), dried, stewed (without salt)",DAGAA FISH OMENA DRIED STEWED WITHOUT SALT,,Food composition table per 100g edible portion,PER_100G,152,638,27,0,,4.8,0,0,0,0.136,0.34,1270,,,Kenya food composition,,,food_composition_not_packaged_label|missing_sugar
food_with_all_nutrients,273,1,"Date, dried",DATE DRIED,,Food composition table per 100g edible portion,PER_100G,305,1292,2.4,68.7,,0.2,0,0,9.7,0.014,0.035,82,,,Kenya food composition,,,food_composition_not_packaged_label|missing_sugar
food_with_all_nutrients,274,1,"Date, raw",DATE RAW,,Food composition table per 100g edible portion,PER_100G,152,645,1.6,35.3,,0.1,0,0,1.8,0.007,0.0175,34,,,Kenya food composition,,,food_composition_not_packaged_label|missing_sugar
food_with_all_nutrients,275,1,"Doumpalm fruit, raw",DOUMPALM FRUIT RAW,,Food composition table per 100g edible portion,PER_100G,280,1180,2.8,58.3,,0.7,0,0,14.8,0.00047,0.001175,73,,,Kenya food composition,,,food_composition_not_packaged_label|missing_sugar
food_with_all_nutrients,473,1,"Drinking chocolate, powder",DRINKING CHOCOLATE POWDER,,Food composition table per 100g edible portion,PER_100G,541,2260,4.4,60.4,,30.9,0,0,2,0.12,0.3,60,,,Kenya food composition,,,food_composition_not_packaged_label|missing_sugar
food_with_all_nutrients,546,1,Drop Scones,DROP SCONES,,Food composition table per 100g edible portion,PER_100G,449,1870,7.1,37.4,,29.8,0,0,1.4,0.116,0.29,61,,,Kenya food composition,,,food_composition_not_packaged_label|missing_sugar
food_with_all_nutrients,354,1,"Duck, meat and skin, fresh, raw",DUCK MEAT AND SKIN FRESH RAW,,Food composition table per 100g edible portion,PER_100G,253,1050,17.8,0,,21.2,0,0,0,0.082,0.205,5,,,Kenya food composition,,,food_composition_not_packaged_label|missing_sugar
food_with_all_nutrients,405,1,"Eel, boiled in recipe (without salt and fat)",EEL BOILED IN RECIPE WITHOUT SALT AND FAT,,Food composition table per 100g edible portion,PER_100G,212,883,21.3,0,,14,0,0,0,0.085,0.2125,24,,,Kenya food composition,,,food_composition_not_packaged_label|missing_sugar
food_with_all_nutrients,404,1,"Eel, grilled (without salt and fat)",EEL GRILLED WITHOUT SALT AND FAT,,Food composition table per 100g edible portion,PER_100G,210,874,23,0,,13.1,0,0,0,0.078,0.195,26,,,Kenya food composition,,,food_composition_not_packaged_label|missing_sugar
food_with_all_nutrients,402,1,"Eel, raw",EEL RAW,,Food composition table per 100g edible portion,PER_100G,176,733,17.7,0,,11.7,0,0,0,0.0705,0.17625,20,,,Kenya food composition,,,food_composition_not_packaged_label|missing_sugar
food_with_all_nutrients,403,1,"Eel, steamed (without salt)",EEL STEAMED WITHOUT SALT,,Food composition table per 100g edible portion,PER_100G,199,830,21.3,0,,12.6,0,0,0,0.072,0.18,24,,,Kenya food composition,,,food_composition_not_packaged_label|missing_sugar
food_with_all_nutrients,358,1,"Egg, chicken, white (albumen), raw",EGG CHICKEN WHITE ALBUMEN RAW,,Food composition table per 100g edible portion,PER_100G,48,206,11.2,0.9,,0,0,0,0,0.143,0.3575,5,,,Kenya food composition,,,food_composition_not_packaged_label|missing_sugar
food_with_all_nutrients,359,1,"Egg, chicken, white (albumin), boiled (without salt)",EGG CHICKEN WHITE ALBUMIN BOILED WITHOUT SALT,,Food composition table per 100g edible portion,PER_100G,48,206,11.2,1,,0,0,0,0,0.135,0.3375,5,,,Kenya food composition,,,food_composition_not_packaged_label|missing_sugar
food_with_all_nutrients,361,1,"Egg, chicken, whole, boiled (without salt)",EGG CHICKEN WHOLE BOILED WITHOUT SALT,,Food composition table per 100g edible portion,PER_100G,134,558,12.7,2,,8.1,0,0,0,0.147,0.3675,51,,,Kenya food composition,,,food_composition_not_packaged_label|missing_sugar
food_with_all_nutrients,362,1,"Egg, chicken, whole, poached (without salt)",EGG CHICKEN WHOLE POACHED WITHOUT SALT,,Food composition table per 100g edible portion,PER_100G,152,634,14.4,3,,9.2,0,0,0,0.167,0.4175,58,,,Kenya food composition,,,food_composition_not_packaged_label|missing_sugar
food_with_all_nutrients,360,1,"Egg, chicken, whole, raw",EGG CHICKEN WHOLE RAW,,Food composition table per 100g edible portion,PER_100G,134,558,12.7,2.4,,8.1,2.3,0,0,0.155,0.3875,54,,,Kenya food composition,,,food_composition_not_packaged_label|missing_sugar
food_with_all_nutrients,364,1,"Egg, chicken, yolk, boiled (without salt)",EGG CHICKEN YOLK BOILED WITHOUT SALT,,Food composition table per 100g edible portion,PER_100G,331,1370,16.1,3,,28.2,0,0,0,0.048,0.12,124,,,Kenya food composition,,,food_composition_not_packaged_label|missing_sugar
food_with_all_nutrients,363,1,"Egg, chicken, yolk, raw",EGG CHICKEN YOLK RAW,,Food composition table per 100g edible portion,PER_100G,331,1370,16.1,3.2,,28.2,0,0,0,0.05,0.125,130,,,Kenya food composition,,,food_composition_not_packaged_label|missing_sugar
food_with_all_nutrients,545,1,Egg Toast,EGG TOAST,,Food composition table per 100g edible portion,PER_100G,280,1175,12.5,32.4,,10.7,0,0,1.9,0.587,1.4675,56,,,Kenya food composition,,,food_composition_not_packaged_label|missing_sugar
food_with_all_nutrients,214,1,"Eggplant / Brinjal, different varieties, whole edible, boiled, drained (without salt)",EGGPLANT BRINJAL DIFFERENT VARIETIES WHOLE EDIBLE BOILED DRAINED WITHOUT SALT,,Food composition table per 100g edible portion,PER_100G,29,119,1.3,3,,0.3,0,0,4.3,0.002,0.005,19,,,Kenya food composition,,,food_composition_not_packaged_label|missing_sugar
food_with_all_nutrients,213,1,"Eggplant / Brinjal, different varieties, whole edible, raw",EGGPLANT BRINJAL DIFFERENT VARIETIES WHOLE EDIBLE RAW,,Food composition table per 100g edible portion,PER_100G,27,111,1.2,2.8,,0.3,0,0,4,0.003,0.0075,18,,,Kenya food composition,,,food_composition_not_packaged_label|missing_sugar
food_with_all_nutrients,215,1,"Eggplant / Brinjal, different varieties, whole edible, stewed (without salt)",EGGPLANT BRINJAL DIFFERENT VARIETIES WHOLE EDIBLE STEWED WITHOUT SALT,,Food composition table per 100g edible portion,PER_100G,33,139,1.5,3.4,,0.4,0,0,5,0.004,0.01,23,,,Kenya food composition,,,food_composition_not_packaged_label|missing_sugar
food_with_all_nutrients,641,1,Enriched Mandazi,ENRICHED MANDAZI,,Food composition table per 100g edible portion,PER_100G,379,1590,7.6,49.9,,16.1,0,0,2.2,0.08,0.2,45,,,Kenya food composition,,,food_composition_not_packaged_label|missing_sugar
food_with_all_nutrients,623,1,Enriched Mashed Bananas,ENRICHED MASHED BANANAS,,Food composition table per 100g edible portion,PER_100G,136,568,0.1,14.3,,7.8,0,0,2.6,0.276,0.69,8,,,Kenya food composition,,,food_composition_not_packaged_label|missing_sugar
food_with_all_nutrients,622,1,Enriched Mashed Potatoes,ENRICHED MASHED POTATOES,,Food composition table per 100g edible portion,PER_100G,141,591,2,18.6,,6.2,0,0,1.4,0.209,0.5225,10,,,Kenya food composition,,,food_composition_not_packaged_label|missing_sugar
food_with_all_nutrients,638,1,Enriched Matoke,ENRICHED MATOKE,,Food composition table per 100g edible portion,PER_100G,111,465,2.4,15.8,,3.5,0,0,3.2,0.22,0.55,15,,,Kenya food composition,,,food_composition_not_packaged_label|missing_sugar
food_with_all_nutrients,494,1,"Fenugreek leaves, fresh, raw",FENUGREEK LEAVES FRESH RAW,,Food composition table per 100g edible portion,PER_100G,38,158,4.4,2.2,,0.2,0,0,4.9,0.066,0.165,185,,,Kenya food composition,,,food_composition_not_packaged_label|missing_sugar
food_with_all_nutrients,495,1,"Fenugreek seeds, raw",FENUGREEK SEEDS RAW,,Food composition table per 100g edible portion,PER_100G,309,1290,21.4,23.4,,6.4,0,0,36.1,0.048,0.12,160,,,Kenya food composition,,,food_composition_not_packaged_label|missing_sugar
food_with_all_nutrients,636,1,Finger Millet and Sorghum Porridge,FINGER MILLET AND SORGHUM PORRIDGE,,Food composition table per 100g edible portion,PER_100G,74,311,2.7,9.7,,2.2,0,0,2.3,0.023,0.0575,93,,,Kenya food composition,,,food_composition_not_packaged_label|missing_sugar
food_with_all_nutrients,531,1,Finger Millet Porridge (Uji wa Wimbi),FINGER MILLET PORRIDGE UJI WA WIMBI,,Food composition table per 100g edible portion,PER_100G,40,168,0.7,7.8,,0.2,0,0,2.1,0.004,0.01,35,,,Kenya food composition,,,food_composition_not_packaged_label|missing_sugar
food_with_all_nutrients,617,1,Finger Millet Ugali,FINGER MILLET UGALI,,Food composition table per 100g edible portion,PER_100G,120,505,2.9,21,,0.7,0,0,8.9,0.003,0.0075,137,,,Kenya food composition,,,food_composition_not_packaged_label|missing_sugar
food_with_all_nutrients,557,1,"Fiqe (Red Sorghum, Beans and Teff Flour)",FIQE RED SORGHUM BEANS AND TEFF FLOUR,,Food composition table per 100g edible portion,PER_100G,192,807,7.2,24.2,,5.8,0,0,7.4,0.495,1.2375,170,,,Kenya food composition,,,food_composition_not_packaged_label|missing_sugar
food_with_all_nutrients,440,1,Fish liver oil,FISH LIVER OIL,,Food composition table per 100g edible portion,PER_100G,900,3700,0,0,,100,0,0,0,0,0,0,,,Kenya food composition,,,food_composition_not_packaged_label|missing_sugar
food_with_all_nutrients,135,1,"Flour, soya, full fat",FLOUR SOYA FULL FAT,,Food composition table per 100g edible portion,PER_100G,437,1830,37,22,,20.2,0,0,9.41,0.0127,0.03175,200,,,Kenya food composition,,,food_composition_not_packaged_label|missing_sugar
food_with_all_nutrients,136,1,"Flour, soya, low fat",FLOUR SOYA LOW FAT,,Food composition table per 100g edible portion,PER_100G,361,1510,45,17.8,,8.68,0,0,15.6,0.009,0.0225,240,,,Kenya food composition,,,food_composition_not_packaged_label|missing_sugar
food_with_all_nutrients,606,1,Fresh blood and Fresh milk,FRESH BLOOD AND FRESH MILK,,Food composition table per 100g edible portion,PER_100G,81,340,6.1,7,,3.1,0,0,0,0.148,0.37,101,,,Kenya food composition,,,food_composition_not_packaged_label|missing_sugar
food_with_all_nutrients,539,1,Fried Egg,FRIED EGG,,Food composition table per 100g edible portion,PER_100G,223,926,13.1,2.5,,17.9,0,0,0,0.717,1.7925,56,,,Kenya food composition,,,food_composition_not_packaged_label|missing_sugar
food_with_all_nutrients,613,1,Fried tilapia,FRIED TILAPIA,,Food composition table per 100g edible portion,PER_100G,437,1820,45.7,0.3,,28.1,0,0,0,0.149,0.3725,252,,,Kenya food composition,,,food_composition_not_packaged_label|missing_sugar
food_with_all_nutrients,496,1,Garam masala,GARAM MASALA,,Food composition table per 100g edible portion,PER_100G,368,1530,15.6,31,,15.1,0,0,22.6,0.097,0.2425,760,,,Kenya food composition,,,food_composition_not_packaged_label|missing_sugar
food_with_all_nutrients,139,1,"Garden peas, dry, raw",GARDEN PEAS DRY RAW,,Food composition table per 100g edible portion,PER_100G,324,1370,20.4,47.8,,1.9,0,0,17,0.017,0.0425,58,,,Kenya food composition,,,food_composition_not_packaged_label|missing_sugar
food_with_all_nutrients,140,1,"Garden peas, dry, unsoaked, boiled, drained (without salt)",GARDEN PEAS DRY UNSOAKED BOILED DRAINED WITHOUT SALT,,Food composition table per 100g edible portion,PER_100G,120,506,7.6,17.7,,0.7,0,0,6.3,0.007,0.0175,20,,,Kenya food composition,,,food_composition_not_packaged_label|missing_sugar
food_with_all_nutrients,142,1,"Garden peas, dry, water-soaked, boiled in different water, drained (without salt)",GARDEN PEAS DRY WATER SOAKED BOILED IN DIFFERENT WATER DRAINED WITHOUT SALT,,Food composition table per 100g edible portion,PER_100G,120,506,7.6,17.7,,0.7,0,0,6.3,0.007,0.0175,20,,,Kenya food composition,,,food_composition_not_packaged_label|missing_sugar
food_with_all_nutrients,143,1,"Garden peas, dry, water-soaked, boiled in different water (without salt, water not discarded)",GARDEN PEAS DRY WATER SOAKED BOILED IN DIFFERENT WATER WITHOUT SALT WATER NOT DISCARDED,,Food composition table per 100g edible portion,PER_100G,76,321,4.8,11.2,,0.4,0,0,4,0.006,0.015,16,,,Kenya food composition,,,food_composition_not_packaged_label|missing_sugar
food_with_all_nutrients,138,1,"Garden peas, fresh, boiled, drained (without salt)",GARDEN PEAS FRESH BOILED DRAINED WITHOUT SALT,,Food composition table per 100g edible portion,PER_100G,98,413,8.3,10.4,,0.7,0,0,8.5,0.003,0.0075,28,,,Kenya food composition,,,food_composition_not_packaged_label|missing_sugar
food_with_all_nutrients,137,1,"Garden peas, fresh, raw",GARDEN PEAS FRESH RAW,,Food composition table per 100g edible portion,PER_100G,93,392,7.9,9.8,,0.7,0.16,0,8,0.00366,0.00915,28.2,,,Kenya food composition,,,food_composition_not_packaged_label|missing_sugar
food_with_all_nutrients,141,1,"Garden peas, unsoaked, boiled (without salt, water not discarded)",GARDEN PEAS UNSOAKED BOILED WITHOUT SALT WATER NOT DISCARDED,,Food composition table per 100g edible portion,PER_100G,76,321,4.8,11.2,,0.4,0,0,4,0.006,0.015,16,,,Kenya food composition,,,food_composition_not_packaged_label|missing_sugar
food_with_all_nutrients,497,1,"Garlic, peeled or unpeeled, fresh, raw",GARLIC PEELED OR UNPEELED FRESH RAW,,Food composition table per 100g edible portion,PER_100G,152,638,6.3,22.7,,2.8,0,0,5.2,0.008,0.02,30,,,Kenya food composition,,,food_composition_not_packaged_label|missing_sugar
food_with_all_nutrients,313,1,Ghee (cow milk),GHEE COW MILK,,Food composition table per 100g edible portion,PER_100G,898,3690,0.3,0,,99.9,0,0,0,0.002,0.005,2,,,Kenya food composition,,,food_composition_not_packaged_label|missing_sugar
food_with_all_nutrients,498,1,"Ginger, dried, ground",GINGER DRIED GROUND,,Food composition table per 100g edible portion,PER_100G,332,1400,6.9,59.4,,4.5,0,0,12.9,0.05,0.125,152,,,Kenya food composition,,,food_composition_not_packaged_label|missing_sugar
food_with_all_nutrients,576,1,Githeri (Fresh beans and Maize),GITHERI FRESH BEANS AND MAIZE,,Food composition table per 100g edible portion,PER_100G,180,751,7.8,15.1,,7.6,0,0,10.4,0.433,1.0825,17,,,Kenya food composition,,,food_composition_not_packaged_label|missing_sugar
food_with_all_nutrients,571,1,Githeri (Fresh Maize & Beans),GITHERI FRESH MAIZE BEANS,,Food composition table per 100g edible portion,PER_100G,185,773,6.9,17.8,,7.2,0,0,10.5,0.335,0.8375,41,,,Kenya food composition,,,food_composition_not_packaged_label|missing_sugar
food_with_all_nutrients,569,1,Githeri (stewed Maize & Beans),GITHERI STEWED MAIZE BEANS,,Food composition table per 100g edible portion,PER_100G,157,661,6.7,19.7,,4.2,0,0,7.2,0.233,0.5825,39,,,Kenya food composition,,,food_composition_not_packaged_label|missing_sugar
food_with_all_nutrients,365,1,"Goat blood, raw",GOAT BLOOD RAW,,Food composition table per 100g edible portion,PER_100G,69,290,3.8,4.9,,3.9,0,0,0,0.216,0.54,8,,,Kenya food composition,,,food_composition_not_packaged_label|missing_sugar
food_with_all_nutrients,367,1,"Goat, lean, boiled (without salt)",GOAT LEAN BOILED WITHOUT SALT,,Food composition table per 100g edible portion,PER_100G,174,731,29.1,0,,6.4,0,0,0,0.137,0.3425,12,,,Kenya food composition,,,food_composition_not_packaged_label|missing_sugar
food_with_all_nutrients,368,1,"Goat, lean, grilled (without salt and fat)",GOAT LEAN GRILLED WITHOUT SALT AND FAT,,Food composition table per 100g edible portion,PER_100G,169,710,28.3,0,,6.2,0,0,0,0.189,0.4725,14,,,Kenya food composition,,,food_composition_not_packaged_label|missing_sugar
food_with_all_nutrients,366,1,"Goat, lean, raw",GOAT LEAN RAW,,Food composition table per 100g edible portion,PER_100G,119,500,19.5,0.6,,4.3,2.07,0.19,0,0.156,0.39,10,,,Kenya food composition,,,food_composition_not_packaged_label|missing_sugar
food_with_all_nutrients,370,1,"Goat, liver, boiled (without salt)",GOAT LIVER BOILED WITHOUT SALT,,Food composition table per 100g edible portion,PER_100G,176,740,30.5,0,,6,0,0,0,0.058,0.145,14,,,Kenya food composition,,,food_composition_not_packaged_label|missing_sugar
food_with_all_nutrients,369,1,"Goat liver, raw",GOAT LIVER RAW,,Food composition table per 100g edible portion,PER_100G,115,485,20.2,0,,3.9,0,0,0,0.064,0.16,12,,,Kenya food composition,,,food_composition_not_packaged_label|missing_sugar
food_with_all_nutrients,372,1,"Goat, medium fat, boiled (without salt)",GOAT MEDIUM FAT BOILED WITHOUT SALT,,Food composition table per 100g edible portion,PER_100G,196,820,27.8,0,,9.4,0,0,0,0.106,0.265,12,,,Kenya food composition,,,food_composition_not_packaged_label|missing_sugar
food_with_all_nutrients,373,1,"Goat, medium fat, grilled (without salt and fat)",GOAT MEDIUM FAT GRILLED WITHOUT SALT AND FAT,,Food composition table per 100g edible portion,PER_100G,192,804,26.9,0,,9.3,0,0,0,0.147,0.3675,14,,,Kenya food composition,,,food_composition_not_packaged_label|missing_sugar
food_with_all_nutrients,371,1,"Goat, medium fat, raw",GOAT MEDIUM FAT RAW,,Food composition table per 100g edible portion,PER_100G,166,695,18.6,3.5,,8.6,4.39,0.38,0,0.121,0.3025,10,,,Kenya food composition,,,food_composition_not_packaged_label|missing_sugar
food_with_all_nutrients,144,1,"Gram, black, dry, raw",GRAM BLACK DRY RAW,,Food composition table per 100g edible portion,PER_100G,316,1330,24.6,42.5,,1.7,0.47,0,16.3,0.014,0.035,84,,,Kenya food composition,,,food_composition_not_packaged_label|missing_sugar
food_with_all_nutrients,145,1,"Gram, black, dry, unsoaked, boiled, drained (without salt)",GRAM BLACK DRY UNSOAKED BOILED DRAINED WITHOUT SALT,,Food composition table per 100g edible portion,PER_100G,103,433,8,13.8,,0.6,0,0,5.3,0.005,0.0125,25,,,Kenya food composition,,,food_composition_not_packaged_label|missing_sugar
food_with_all_nutrients,146,1,"Gram, black, dry, unsoaked, boiled (without salt, water not discarded)",GRAM BLACK DRY UNSOAKED BOILED WITHOUT SALT WATER NOT DISCARDED,,Food composition table per 100g edible portion,PER_100G,69,290,5.3,9.2,,0.4,0,0,3.5,0.005,0.0125,20,,,Kenya food composition,,,food_composition_not_packaged_label|missing_sugar
food_with_all_nutrients,147,1,"Gram, black, dry, water-soaked, boiled in different water, drained (without salt)",GRAM BLACK DRY WATER SOAKED BOILED IN DIFFERENT WATER DRAINED WITHOUT SALT,,Food composition table per 100g edible portion,PER_100G,103,433,8,13.8,,0.6,0,0,5.3,0.005,0.0125,25,,,Kenya food composition,,,food_composition_not_packaged_label|missing_sugar
food_with_all_nutrients,148,1,"Gram, black, dry, water-soaked, boiled in different water (without salt, water not discarded)",GRAM BLACK DRY WATER SOAKED BOILED IN DIFFERENT WATER WITHOUT SALT WATER NOT DISCARDED,,Food composition table per 100g edible portion,PER_100G,69,290,5.3,9.2,,0.4,0,0,3.5,0.005,0.0125,20,,,Kenya food composition,,,food_composition_not_packaged_label|missing_sugar
food_with_all_nutrients,149,1,"Gram, Flour",GRAM FLOUR,,Food composition table per 100g edible portion,PER_100G,353,1490,22.7,48.5,,5.4,0,0,10.1,0.002,0.005,58,,,Kenya food composition,,,food_composition_not_packaged_label|missing_sugar
food_with_all_nutrients,150,1,"Gram, green, dry, raw",GRAM GREEN DRY RAW,,Food composition table per 100g edible portion,PER_100G,311,1310,27.2,38.4,,1.7,0,0,16.7,0.026,0.065,151,,,Kenya food composition,,,food_composition_not_packaged_label|missing_sugar
food_with_all_nutrients,151,1,"Gram, green, dry, unsoaked, boiled, drained (without salt)",GRAM GREEN DRY UNSOAKED BOILED DRAINED WITHOUT SALT,,Food composition table per 100g edible portion,PER_100G,116,487,10.1,14.3,,0.6,0,0,6.2,0.009,0.0225,49,,,Kenya food composition,,,food_composition_not_packaged_label|missing_sugar
food_with_all_nutrients,152,1,"Gram, green, dry, unsoaked, boiled (without salt, water not discarded)",GRAM GREEN DRY UNSOAKED BOILED WITHOUT SALT WATER NOT DISCARDED,,Food composition table per 100g edible portion,PER_100G,73,309,6.4,9,,0.4,0,0,3.9,0.008,0.02,38,,,Kenya food composition,,,food_composition_not_packaged_label|missing_sugar
food_with_all_nutrients,153,1,"Gram, green, dry, water-soaked, boiled in different water, drained (without salt)",GRAM GREEN DRY WATER SOAKED BOILED IN DIFFERENT WATER DRAINED WITHOUT SALT,,Food composition table per 100g edible portion,PER_100G,116,487,10.1,14.3,,0.6,0,0,6.2,0.009,0.0225,49,,,Kenya food composition,,,food_composition_not_packaged_label|missing_sugar
food_with_all_nutrients,154,1,"Gram, green, dry, water-soaked, boiled in different water (without salt, water not discarded)",GRAM GREEN DRY WATER SOAKED BOILED IN DIFFERENT WATER WITHOUT SALT WATER NOT DISCARDED,,Food composition table per 100g edible portion,PER_100G,73,309,6.4,9,,0.4,0,0,3.9,0.008,0.02,38,,,Kenya food composition,,,food_composition_not_packaged_label|missing_sugar
food_with_all_nutrients,276,1,"Grapes, green, raw",GRAPES GREEN RAW,,Food composition table per 100g edible portion,PER_100G,71,302,0.6,16,,0.1,0,0,2,0.003,0.0075,14,,,Kenya food composition,,,food_composition_not_packaged_label|missing_sugar
food_with_all_nutrients,514,1,"Grasshopper, Brown, Fresh, Raw",GRASSHOPPER BROWN FRESH RAW,,Food composition table per 100g edible portion,PER_100G,170,708,12.8,0.3,,12.8,0,0,1.41,0.066,0.165,7,,,Kenya food composition,,,food_composition_not_packaged_label|missing_sugar
food_with_all_nutrients,515,1,"Grasshopper, Green, Fresh, Raw",GRASSHOPPER GREEN FRESH RAW,,Food composition table per 100g edible portion,PER_100G,210,872,14.5,0.7,,16.3,0,0,1.3,0.121,0.3025,9,,,Kenya food composition,,,food_composition_not_packaged_label|missing_sugar
food_with_all_nutrients,499,1,"Green Ginger (Mature), fresh, raw",GREEN GINGER MATURE FRESH RAW,,Food composition table per 100g edible portion,PER_100G,89,374,2.6,13.4,,1.1,0,0,7.7,0.018,0.045,46.8,,,Kenya food composition,,,food_composition_not_packaged_label|missing_sugar
food_with_all_nutrients,561,1,Green Gram Stew,GREEN GRAM STEW,,Food composition table per 100g edible portion,PER_100G,109,454,6.3,9.3,,4.2,0,0,4,0.243,0.6075,33,,,Kenya food composition,,,food_composition_not_packaged_label|missing_sugar
food_with_all_nutrients,29,1,"Green maize, white, whole, grain, fresh, boiled, drained (without salt)",GREEN MAIZE WHITE WHOLE GRAIN FRESH BOILED DRAINED WITHOUT SALT,,Food composition table per 100g edible portion,PER_100G,146,612,3.8,20,,2.3,0,0,15,0.006,0.015,17,,,Kenya food composition,,,food_composition_not_packaged_label|missing_sugar
food_with_all_nutrients,28,1,"Green Maize, white, whole, grain, fresh, raw",GREEN MAIZE WHITE WHOLE GRAIN FRESH RAW,,Food composition table per 100g edible portion,PER_100G,157,655,4.1,21.4,,2.5,0.45,0,16.1,0.008,0.02,18,,,Kenya food composition,,,food_composition_not_packaged_label|missing_sugar
food_with_all_nutrients,30,1,"Green Maize, white, whole, grain, fresh, stewed (without salt)",GREEN MAIZE WHITE WHOLE GRAIN FRESH STEWED WITHOUT SALT,,Food composition table per 100g edible portion,PER_100G,203,850,5.3,27.8,,3.2,0,0,20.9,0.01,0.025,23,,,Kenya food composition,,,food_composition_not_packaged_label|missing_sugar
food_with_all_nutrients,579,1,Groundnut Sauce,GROUNDNUT SAUCE,,Food composition table per 100g edible portion,PER_100G,298,1240,10.6,9.6,,23.4,0,0,3.5,0.492,1.23,132,,,Kenya food composition,,,food_composition_not_packaged_label|missing_sugar
food_with_all_nutrients,277,1,"Guava, pink-fleshed, raw",GUAVA PINK FLESHED RAW,,Food composition table per 100g edible portion,PER_100G,48,196,1.1,0.9,,1.1,0,0,15.5,0.001,0.0025,20,,,Kenya food composition,,,food_composition_not_packaged_label|missing_sugar
food_with_all_nutrients,374,1,"Guinea fowl, meat, with skin",GUINEA FOWL MEAT WITH SKIN,,Food composition table per 100g edible portion,PER_100G,112,471,20.5,0.1,,3.2,0,0,0,0.058,0.145,31,,,Kenya food composition,,,food_composition_not_packaged_label|missing_sugar
food_with_all_nutrients,560,1,"Gurdo, Marqa (Ugali in Sour Milk)",GURDO MARQA UGALI IN SOUR MILK,,Food composition table per 100g edible portion,PER_100G,242,1020,6.6,29.7,,9.6,0,0,5.1,0.268,0.67,103,,,Kenya food composition,,,food_composition_not_packaged_label|missing_sugar
food_with_all_nutrients,538,1,Hard boiled eggs,HARD BOILED EGGS,,Food composition table per 100g edible portion,PER_100G,136,569,12.9,2.5,,8.3,0,0,0,0.15,0.375,52,,,Kenya food composition,,,food_composition_not_packaged_label|missing_sugar
food_with_all_nutrients,409,1,"Herring stock, boiled in recipe (without salt and fat)",HERRING STOCK BOILED IN RECIPE WITHOUT SALT AND FAT,,Food composition table per 100g edible portion,PER_100G,137,578,22.7,0,,5.2,0,0,0,0.114,0.285,80,,,Kenya food composition,,,food_composition_not_packaged_label|missing_sugar
food_with_all_nutrients,408,1,"Herring stock, grilled (without salt)",HERRING STOCK GRILLED WITHOUT SALT,,Food composition table per 100g edible portion,PER_100G,148,623,24.5,0,,5.6,0,0,0,0.105,0.2625,87,,,Kenya food composition,,,food_composition_not_packaged_label|missing_sugar
food_with_all_nutrients,406,1,"Herring stock, raw",HERRING STOCK RAW,,Food composition table per 100g edible portion,PER_100G,114,480,18.9,0,,4.3,0,0,0,0.095,0.2375,67,,,Kenya food composition,,,food_composition_not_packaged_label|missing_sugar
food_with_all_nutrients,407,1,"Herring stock, steamed (without salt)",HERRING STOCK STEAMED WITHOUT SALT,,Food composition table per 100g edible portion,PER_100G,137,578,22.7,0,,5.2,0,0,0,0.097,0.2425,80,,,Kenya food composition,,,food_composition_not_packaged_label|missing_sugar
food_with_all_nutrients,467,1,"Honey, Raw",HONEY RAW,,Food composition table per 100g edible portion,PER_100G,322,1370,0.4,80.1,,0,0,0,0,0.017,0.0425,11,,,Kenya food composition,,,food_composition_not_packaged_label|missing_sugar
food_with_all_nutrients,654,1,Hydrabadi Biryani,HYDRABADI BIRYANI,,Food composition table per 100g edible portion,PER_100G,195,819,8.2,21.4,,8.3,0,0,0.9,0.457,1.1425,35,,,Kenya food composition,,,food_composition_not_packaged_label|missing_sugar
food_with_all_nutrients,314,1,"Ice cream, caramel flavour, regular fat",ICE CREAM CARAMEL FLAVOUR REGULAR FAT,,Food composition table per 100g edible portion,PER_100G,205,856,3.7,23.6,,10.6,0,0,0,0.048,0.12,93,,,Kenya food composition,,,food_composition_not_packaged_label|missing_sugar
food_with_all_nutrients,315,1,"Ice cream, chocolate flavour, regular fat",ICE CREAM CHOCOLATE FLAVOUR REGULAR FAT,,Food composition table per 100g edible portion,PER_100G,226,946,4.4,24.2,,12,0,0,2,0.071,0.1775,130,,,Kenya food composition,,,food_composition_not_packaged_label|missing_sugar
food_with_all_nutrients,316,1,"Ice cream, strawberry flavour, regular fat",ICE CREAM STRAWBERRY FLAVOUR REGULAR FAT,,Food composition table per 100g edible portion,PER_100G,201,842,3.5,25.2,,9.5,0,0,0.5,0.054,0.135,107,,,Kenya food composition,,,food_composition_not_packaged_label|missing_sugar
food_with_all_nutrients,317,1,"Ice cream, vanilla flavour, regular fat",ICE CREAM VANILLA FLAVOUR REGULAR FAT,,Food composition table per 100g edible portion,PER_100G,199,834,3.9,22.2,,10.6,0,0,0,0.064,0.16,117,,,Kenya food composition,,,food_composition_not_packaged_label|missing_sugar
food_with_all_nutrients,318,1,"Ice cream, vanilla flavour, with nuts, regular fat",ICE CREAM VANILLA FLAVOUR WITH NUTS REGULAR FAT,,Food composition table per 100g edible portion,PER_100G,219,917,4,23.3,,12.2,0,0,0.2,0.047,0.1175,92,,,Kenya food composition,,,food_composition_not_packaged_label|missing_sugar
food_with_all_nutrients,590,1,Ingokho (Fried Chicken),INGOKHO FRIED CHICKEN,,Food composition table per 100g edible portion,PER_100G,532,2220,44.6,9.1,,35.3,0,0,0,0.932,2.33,31,,,Kenya food composition,,,food_composition_not_packaged_label|missing_sugar
food_with_all_nutrients,587,1,Ingokho (Stewed Chicken),INGOKHO STEWED CHICKEN,,Food composition table per 100g edible portion,PER_100G,211,883,18.3,6.4,,12.3,0,0,1.1,0.482,1.205,21,,,Kenya food composition,,,food_composition_not_packaged_label|missing_sugar
food_with_all_nutrients,455,1,"Jack fruit, seed, mature, dry, raw",JACK FRUIT SEED MATURE DRY RAW,,Food composition table per 100g edible portion,PER_100G,156,654,4.8,24.4,,0.6,0.26,0,16.8,0.008,0.02,84,,,Kenya food composition,,,food_composition_not_packaged_label|missing_sugar
food_with_all_nutrients,278,1,"Jackfruit, fruit, yellow-fleshed, peeled, raw",JACKFRUIT FRUIT YELLOW FLESHED PEELED RAW,,Food composition table per 100g edible portion,PER_100G,95,403,1.4,20.5,,0.2,0,0,2.8,0.002,0.005,35,,,Kenya food composition,,,food_composition_not_packaged_label|missing_sugar
food_with_all_nutrients,550,1,Jute Mallow (Mrenda) & Pumpkin Leaves,JUTE MALLOW MRENDA PUMPKIN LEAVES,,Food composition table per 100g edible portion,PER_100G,59,249,3.4,5.4,,2.3,0,0,2,0.18,0.45,141,,,Kenya food composition,,,food_composition_not_packaged_label|missing_sugar
food_with_all_nutrients,217,1,"Jute mallow, picked leaves, boiled, drained (without salt)",JUTE MALLOW PICKED LEAVES BOILED DRAINED WITHOUT SALT,,Food composition table per 100g edible portion,PER_100G,47,197,4.9,2.2,,0.2,0,0,8.7,0.014,0.035,207,,,Kenya food composition,,,food_composition_not_packaged_label|missing_sugar
food_with_all_nutrients,216,1,"Jute mallow, picked leaves, raw",JUTE MALLOW PICKED LEAVES RAW,,Food composition table per 100g edible portion,PER_100G,45,187,4.6,2.1,,0.2,0,0,8.3,0.018,0.045,207,,,Kenya food composition,,,food_composition_not_packaged_label|missing_sugar
food_with_all_nutrients,218,1,"Jute mallow, picked leaves, stewed (without salt)",JUTE MALLOW PICKED LEAVES STEWED WITHOUT SALT,,Food composition table per 100g edible portion,PER_100G,56,231,5.7,2.6,,0.2,0,0,10.2,0.023,0.0575,255,,,Kenya food composition,,,food_composition_not_packaged_label|missing_sugar
food_with_all_nutrients,520,1,Kaimati (Fried Dumplings),KAIMATI FRIED DUMPLINGS,,Food composition table per 100g edible portion,PER_100G,429,1795,4.6,52.8,,21.8,0,0,1.6,0.004,0.01,17,,,Kenya food composition,,,food_composition_not_packaged_label|missing_sugar
food_with_all_nutrients,220,1,"Kale, Ethiopian (kanzera), leaves, boiled, drained (without salt)",KALE ETHIOPIAN KANZERA LEAVES BOILED DRAINED WITHOUT SALT,,Food composition table per 100g edible portion,PER_100G,26,108,3.1,0.2,,0.6,0,0,3.8,0.005,0.0125,105,,,Kenya food composition,,,food_composition_not_packaged_label|missing_sugar
food_with_all_nutrients,219,1,"Kale, Ethiopian (kanzera), leaves, raw",KALE ETHIOPIAN KANZERA LEAVES RAW,,Food composition table per 100g edible portion,PER_100G,27,113,3.3,0.2,,0.6,0,0,4,0.007,0.0175,117,,,Kenya food composition,,,food_composition_not_packaged_label|missing_sugar
food_with_all_nutrients,221,1,"Kale, Ethiopian (kanzera), leaves, steamed (without salt)",KALE ETHIOPIAN KANZERA LEAVES STEAMED WITHOUT SALT,,Food composition table per 100g edible portion,PER_100G,24,99,2.8,0.2,,0.5,0,0,3.5,0.005,0.0125,96,,,Kenya food composition,,,food_composition_not_packaged_label|missing_sugar
food_with_all_nutrients,223,1,"Kale (sukuma wiki), boiled, drained (without salt)",KALE SUKUMA WIKI BOILED DRAINED WITHOUT SALT,,Food composition table per 100g edible portion,PER_100G,28,115,2.9,1.2,,0.3,0,0,4.4,0.051,0.1275,364,,,Kenya food composition,,,food_composition_not_packaged_label|missing_sugar
food_with_all_nutrients,222,1,Kale (sukuma wiki) raw,KALE SUKUMA WIKI RAW,,Food composition table per 100g edible portion,PER_100G,29,121,3,1.2,,0.3,0,0,4.7,0.071,0.1775,402,,,Kenya food composition,,,food_composition_not_packaged_label|missing_sugar
food_with_all_nutrients,224,1,"Kale (sukuma wiki), steamed (without salt)",KALE SUKUMA WIKI STEAMED WITHOUT SALT,,Food composition table per 100g edible portion,PER_100G,25,105,2.6,1.1,,0.3,0,0,4.1,0.053,0.1325,332,,,Kenya food composition,,,food_composition_not_packaged_label|missing_sugar
food_with_all_nutrients,607,1,Kimanga (Mashed Sweet Potato & Black Beans),KIMANGA MASHED SWEET POTATO BLACK BEANS,,Food composition table per 100g edible portion,PER_100G,112,472,5.4,18.9,,0.5,0,0,5.2,0.276,0.69,32,,,Kenya food composition,,,food_composition_not_packaged_label|missing_sugar
food_with_all_nutrients,600,1,Kimanga (Smoked Green Bananas and Kidney Beans),KIMANGA SMOKED GREEN BANANAS AND KIDNEY BEANS,,Food composition table per 100g edible portion,PER_100G,146,614,6.5,24.1,,0.9,0,0,7.7,0.485,1.2125,46,,,Kenya food composition,,,food_composition_not_packaged_label|missing_sugar
food_with_all_nutrients,628,1,Kimito (Mashed Beans & Potatoes),KIMITO MASHED BEANS POTATOES,,Food composition table per 100g edible portion,PER_100G,127,537,5.7,21.6,,0.8,0,0,5.4,0.359,0.8975,35,,,Kenya food composition,,,food_composition_not_packaged_label|missing_sugar
food_with_all_nutrients,608,1,Kitojo (Sweet Potato Leaves),KITOJO SWEET POTATO LEAVES,,Food composition table per 100g edible portion,PER_100G,144,596,3.9,1.4,,12.7,0,0,4.6,0.648,1.62,97,,,Kenya food composition,,,food_composition_not_packaged_label|missing_sugar
food_with_all_nutrients,376,1,"Lamb, liver, boiled (without salt)",LAMB LIVER BOILED WITHOUT SALT,,Food composition table per 100g edible portion,PER_100G,193,811,30.8,0,,7.8,0,0,0,0.061,0.1525,12,,,Kenya food composition,,,food_composition_not_packaged_label|missing_sugar
food_with_all_nutrients,375,1,"Lamb liver, raw",LAMB LIVER RAW,,Food composition table per 100g edible portion,PER_100G,161,675,20.4,3.1,,7.5,0,0,0,0.067,0.1675,10,,,Kenya food composition,,,food_composition_not_packaged_label|missing_sugar
food_with_all_nutrients,377,1,"Lamb, raw (unspecified part)",LAMB RAW UNSPECIFIED PART,,Food composition table per 100g edible portion,PER_100G,269,1120,17,0,,22.7,0,0,0,0.06,0.15,12,,,Kenya food composition,,,food_composition_not_packaged_label|missing_sugar
food_with_all_nutrients,378,1,"Lamb, unspecified part, boiled (without salt)",LAMB UNSPECIFIED PART BOILED WITHOUT SALT,,Food composition table per 100g edible portion,PER_100G,344,1430,25.4,0,,26.9,0,0,0,0.054,0.135,14,,,Kenya food composition,,,food_composition_not_packaged_label|missing_sugar
food_with_all_nutrients,379,1,"Lamb, unspecified part, grilled (without salt and fat)",LAMB UNSPECIFIED PART GRILLED WITHOUT SALT AND FAT,,Food composition table per 100g edible portion,PER_100G,338,1400,24.6,0,,26.6,0,0,0,0.074,0.185,17,,,Kenya food composition,,,food_composition_not_packaged_label|missing_sugar
food_with_all_nutrients,226,1,"Leeks, bulb and stem, boiled, drained (without salt)",LEEKS BULB AND STEM BOILED DRAINED WITHOUT SALT,,Food composition table per 100g edible portion,PER_100G,66,276,2,11.4,,0.5,0,0,3.7,0.011,0.0275,90,,,Kenya food composition,,,food_composition_not_packaged_label|missing_sugar
food_with_all_nutrients,225,1,"Leeks, bulb and stem, raw",LEEKS BULB AND STEM RAW,,Food composition table per 100g edible portion,PER_100G,54,229,1.7,9.5,,0.4,0,0,3.1,0.017,0.0425,78,,,Kenya food composition,,,food_composition_not_packaged_label|missing_sugar
food_with_all_nutrients,279,1,"Lemon, juice, home squeezed",LEMON JUICE HOME SQUEEZED,,Food composition table per 100g edible portion,PER_100G,47,198,0.6,9.5,,0.2,0,0,2.5,0.002,0.005,20,,,Kenya food composition,,,food_composition_not_packaged_label|missing_sugar
food_with_all_nutrients,280,1,"Lemon peel, raw",LEMON PEEL RAW,,Food composition table per 100g edible portion,PER_100G,52,213,1.5,5.4,,0.3,0,0,10.6,0.006,0.015,134,,,Kenya food composition,,,food_composition_not_packaged_label|missing_sugar
food_with_all_nutrients,281,1,"Lemon, pulp, raw",LEMON PULP RAW,,Food composition table per 100g edible portion,PER_100G,37,155,0.82,6.7,,0.2,0,0,2.5,0.002,0.005,33,,,Kenya food composition,,,food_composition_not_packaged_label|missing_sugar
food_with_all_nutrients,563,1,Lentil Stew,LENTIL STEW,,Food composition table per 100g edible portion,PER_100G,108,455,7.1,11.1,,3,0,0,4.5,0.275,0.6875,26,,,Kenya food composition,,,food_composition_not_packaged_label|missing_sugar
food_with_all_nutrients,155,1,"Lentils, whole, dry, raw",LENTILS WHOLE DRY RAW,,Food composition table per 100g edible portion,PER_100G,318,1340,28.4,41.3,,0.6,0,0,16.8,0.011,0.0275,83,,,Kenya food composition,,,food_composition_not_packaged_label|missing_sugar
food_with_all_nutrients,156,1,"Lentils, whole, dry, unsoaked, boiled, drained (without salt)",LENTILS WHOLE DRY UNSOAKED BOILED DRAINED WITHOUT SALT,,Food composition table per 100g edible portion,PER_100G,120,506,10.7,15.6,,0.2,0,0,6.3,0.005,0.0125,28,,,Kenya food composition,,,food_composition_not_packaged_label|missing_sugar
food_with_all_nutrients,158,1,"Lentils, whole, dry, water-soaked, boiled in different water, drained (without salt)",LENTILS WHOLE DRY WATER SOAKED BOILED IN DIFFERENT WATER DRAINED WITHOUT SALT,,Food composition table per 100g edible portion,PER_100G,120,506,10.7,15.6,,0.2,0,0,6.3,0.005,0.0125,21,,,Kenya food composition,,,food_composition_not_packaged_label|missing_sugar
food_with_all_nutrients,159,1,"Lentils, whole, dry, water-soaked, boiled in different water (without salt, water not discarded)",LENTILS WHOLE DRY WATER SOAKED BOILED IN DIFFERENT WATER WITHOUT SALT WATER NOT DISCARDED,,Food composition table per 100g edible portion,PER_100G,75,316,6.7,9.7,,0.2,0,0,4,0.005,0.0125,21,,,Kenya food composition,,,food_composition_not_packaged_label|missing_sugar
food_with_all_nutrients,157,1,"Lentils, whole, unsoaked, boiled (without salt, water not discarded)",LENTILS WHOLE UNSOAKED BOILED WITHOUT SALT WATER NOT DISCARDED,,Food composition table per 100g edible portion,PER_100G,75,316,6.7,9.7,,0.2,0,0,4,0.005,0.0125,21,,,Kenya food composition,,,food_composition_not_packaged_label|missing_sugar
food_with_all_nutrients,227,1,"Lettuce, not further defined, raw",LETTUCE NOT FURTHER DEFINED RAW,,Food composition table per 100g edible portion,PER_100G,17,73,1.2,1.9,,0.2,0,0,1.6,0.02,0.05,47,,,Kenya food composition,,,food_composition_not_packaged_label|missing_sugar
food_with_all_nutrients,282,1,"Lime, juice",LIME JUICE,,Food composition table per 100g edible portion,PER_100G,30,125,0.7,4.3,,0.2,0,0,4.1,0.003,0.0075,26,,,Kenya food composition,,,food_composition_not_packaged_label|missing_sugar
food_with_all_nutrients,283,1,"Lime, pulp, raw",LIME PULP RAW,,Food composition table per 100g edible portion,PER_100G,42,178,0.7,7.4,,0.2,0,0,4.1,0.003,0.0075,22,,,Kenya food composition,,,food_composition_not_packaged_label|missing_sugar
food_with_all_nutrients,284,1,"Loquat, peeled, raw",LOQUAT PEELED RAW,,Food composition table per 100g edible portion,PER_100G,51,214,0.62,9.5,,0.2,0,0,4.51,0.002,0.005,13,,,Kenya food composition,,,food_composition_not_packaged_label|missing_sugar
food_with_all_nutrients,413,1,"Lungfish, fillet, boiled in recipe (without salt and fat)",LUNGFISH FILLET BOILED IN RECIPE WITHOUT SALT AND FAT,,Food composition table per 100g edible portion,PER_100G,88,371,19.1,0,,1.2,0,0,0,0.109,0.2725,217,,,Kenya food composition,,,food_composition_not_packaged_label|missing_sugar
food_with_all_nutrients,412,1,"Lungfish, fillet, grilled (without salt and fat)",LUNGFISH FILLET GRILLED WITHOUT SALT AND FAT,,Food composition table per 100g edible portion,PER_100G,94,400,20.6,0,,1.3,0,0,0,0.1,0.25,234,,,Kenya food composition,,,food_composition_not_packaged_label|missing_sugar
food_with_all_nutrients,410,1,"Lungfish, fillet, raw",LUNGFISH FILLET RAW,,Food composition table per 100g edible portion,PER_100G,73,308,15.9,0,,1,0.3,0,0,0.091,0.2275,180,,,Kenya food composition,,,food_composition_not_packaged_label|missing_sugar
food_with_all_nutrients,411,1,"Lungfish, fillet, steamed (without salt)",LUNGFISH FILLET STEAMED WITHOUT SALT,,Food composition table per 100g edible portion,PER_100G,88,371,19.1,0,,1.2,0,0,0,0.093,0.2325,217,,,Kenya food composition,,,food_composition_not_packaged_label|missing_sugar
food_with_all_nutrients,418,1,"Mackerel, raw",MACKEREL RAW,,Food composition table per 100g edible portion,PER_100G,127,534,18.7,0,,5.9,0,0,0,0.066,0.165,23,,,Kenya food composition,,,food_composition_not_packaged_label|missing_sugar
food_with_all_nutrients,521,1,Mahamri (Swahili Doughnuts),MAHAMRI SWAHILI DOUGHNUTS,,Food composition table per 100g edible portion,PER_100G,413,1728,6,46.6,,22.1,0,0,2.1,0.004,0.01,20,,,Kenya food composition,,,food_composition_not_packaged_label|missing_sugar
food_with_all_nutrients,20,1,"Maize, grain, white variety, whole, dry, boiled, drained (without salt)",MAIZE GRAIN WHITE VARIETY WHOLE DRY BOILED DRAINED WITHOUT SALT,,Food composition table per 100g edible portion,PER_100G,111,469,2.6,20.5,,1.5,0,0,3,0.005,0.0125,9,,,Kenya food composition,,,food_composition_not_packaged_label|missing_sugar
food_with_all_nutrients,19,1,"Maize, grain, white variety, whole, dry, raw",MAIZE GRAIN WHITE VARIETY WHOLE DRY RAW,,Food composition table per 100g edible portion,PER_100G,345,1450,7.94,63.4,,4.5,0.61,0,9.4,0.012,0.03,24,,,Kenya food composition,,,food_composition_not_packaged_label|missing_sugar
food_with_all_nutrients,21,1,"Maize, grain, white variety, whole, dry, stewed (without salt)",MAIZE GRAIN WHITE VARIETY WHOLE DRY STEWED WITHOUT SALT,,Food composition table per 100g edible portion,PER_100G,111,469,2.6,20.5,,1.5,0,0,3,0.006,0.015,9,,,Kenya food composition,,,food_composition_not_packaged_label|missing_sugar
food_with_all_nutrients,23,1,"Maize, grain, yellow variety, whole, dry, boiled, drained (without salt)",MAIZE GRAIN YELLOW VARIETY WHOLE DRY BOILED DRAINED WITHOUT SALT,,Food composition table per 100g edible portion,PER_100G,110,463,2.7,20.2,,1.2,0,0,3.8,0.004,0.01,4,,,Kenya food composition,,,food_composition_not_packaged_label|missing_sugar
food_with_all_nutrients,22,1,"Maize, grain, yellow variety, whole, dry, raw",MAIZE GRAIN YELLOW VARIETY WHOLE DRY RAW,,Food composition table per 100g edible portion,PER_100G,340,1430,8.3,62.5,,3.7,0,0,11.9,0.007,0.0175,7,,,Kenya food composition,,,food_composition_not_packaged_label|missing_sugar
food_with_all_nutrients,24,1,"Maize, grain, yellow variety, whole, dry, stewed, drained (without salt)",MAIZE GRAIN YELLOW VARIETY WHOLE DRY STEWED DRAINED WITHOUT SALT,,Food composition table per 100g edible portion,PER_100G,79,334,1.9,14.5,,0.9,0,0,2.8,0.004,0.01,3,,,Kenya food composition,,,food_composition_not_packaged_label|missing_sugar
food_with_all_nutrients,25,1,"Maize meal, sifted, fortified, packaged, raw",MAIZE MEAL SIFTED FORTIFIED PACKAGED RAW,,Food composition table per 100g edible portion,PER_100G,352,1490,6.8,72.3,,3,0.44,0,4.5,0.012,0.03,20,,,Kenya food composition,,,food_composition_not_packaged_label|missing_sugar
food_with_all_nutrients,518,1,Maize Porridge,MAIZE PORRIDGE,,Food composition table per 100g edible portion,PER_100G,52,221,1.5,8.5,,1.1,0,0,1.1,0.01,0.025,25,,,Kenya food composition,,,food_composition_not_packaged_label|missing_sugar
food_with_all_nutrients,524,1,"Maize, Red Sorghum and Finger Millet Ugali",MAIZE RED SORGHUM AND FINGER MILLET UGALI,,Food composition table per 100g edible portion,PER_100G,129,543,3.1,23.3,,1.4,0,0,5.3,0.006,0.015,39,,,Kenya food composition,,,food_composition_not_packaged_label|missing_sugar
food_with_all_nutrients,26,1,"Maize, White, Degermed (Muthokoi)",MAIZE WHITE DEGERMED MUTHOKOI,,Food composition table per 100g edible portion,PER_100G,338,1430,7.3,71.4,,1.7,0,0,3.9,0.007,0.0175,3,,,Kenya food composition,,,food_composition_not_packaged_label|missing_sugar
food_with_all_nutrients,27,1,"Maize, whole, flour, raw",MAIZE WHOLE FLOUR RAW,,Food composition table per 100g edible portion,PER_100G,345,1450,7.9,63.4,,4.5,0,0,9.4,0.012,0.03,9,,,Kenya food composition,,,food_composition_not_packaged_label|missing_sugar
food_with_all_nutrients,588,1,Malesele (Cow Blood with Sour Milk) (Check),MALESELE COW BLOOD WITH SOUR MILK CHECK,,Food composition table per 100g edible portion,PER_100G,335,1400,20,15.4,,21.2,0,0,1,1.07,2.675,85,,,Kenya food composition,,,food_composition_not_packaged_label|missing_sugar
food_with_all_nutrients,285,1,"Mango, ripe, raw",MANGO RIPE RAW,,Food composition table per 100g edible portion,PER_100G,64,272,0.6,14,,0.3,0,0,1.6,0.001,0.0025,14,,,Kenya food composition,,,food_composition_not_packaged_label|missing_sugar
food_with_all_nutrients,286,1,"Mango, unripe, raw",MANGO UNRIPE RAW,,Food composition table per 100g edible portion,PER_100G,45,192,0.8,8.9,,0.1,0,0,3,0.026,0.065,27,,,Kenya food composition,,,food_composition_not_packaged_label|missing_sugar
food_with_all_nutrients,441,1,"Margarine,20% fat",MARGARINE 20 FAT,,Food composition table per 100g edible portion,PER_100G,177,728,0,0.4,,19.5,0,0,0,0.733,1.8325,0,,,Kenya food composition,,,food_composition_not_packaged_label|missing_sugar
food_with_all_nutrients,442,1,"Margarine,60% fat",MARGARINE 60 FAT,,Food composition table per 100g edible portion,PER_100G,541,2230,0.3,0.5,,59.8,0,0,0,0.7,1.75,21,,,Kenya food composition,,,food_composition_not_packaged_label|missing_sugar
food_with_all_nutrients,443,1,"Margarine,80% fat",MARGARINE 80 FAT,,Food composition table per 100g edible portion,PER_100G,748,3070,0.1,0,,83,0,0,0,0.3,0.75,10,,,Kenya food composition,,,food_composition_not_packaged_label|missing_sugar
food_with_all_nutrients,621,1,Mashed Bananas,MASHED BANANAS,,Food composition table per 100g edible portion,PER_100G,81,344,1.2,16.9,,0.3,0,0,3,0.348,0.87,8,,,Kenya food composition,,,food_composition_not_packaged_label|missing_sugar
food_with_all_nutrients,601,1,Mashed Cassava and Pigeon Peas,MASHED CASSAVA AND PIGEON PEAS,,Food composition table per 100g edible portion,PER_100G,194,823,4.8,39.6,,0.6,0,0,5.8,0.303,0.7575,94,,,Kenya food composition,,,food_composition_not_packaged_label|missing_sugar
food_with_all_nutrients,577,1,Mashed Potato and Bananas,MASHED POTATO AND BANANAS,,Food composition table per 100g edible portion,PER_100G,179,750,2.3,22.1,,8.5,0,0,2.6,0.544,1.36,12,,,Kenya food composition,,,food_composition_not_packaged_label|missing_sugar
food_with_all_nutrients,620,1,Mashed Potatoes,MASHED POTATOES,,Food composition table per 100g edible portion,PER_100G,106,449,2.5,22.8,,0.2,0,0,1.7,0.33,0.825,10,,,Kenya food composition,,,food_composition_not_packaged_label|missing_sugar
food_with_all_nutrients,637,1,Mashed Pumpkin and Black Nightshade,MASHED PUMPKIN AND BLACK NIGHTSHADE,,Food composition table per 100g edible portion,PER_100G,67,277,3.8,4.9,,2.4,0,0,5.1,0.411,1.0275,91,,,Kenya food composition,,,food_composition_not_packaged_label|missing_sugar
food_with_all_nutrients,572,1,Matoke (Stewed Green Bananas & Meat),MATOKE STEWED GREEN BANANAS MEAT,,Food composition table per 100g edible portion,PER_100G,118,494,6,13.3,,4.1,0,0,1.8,0.381,0.9525,16,,,Kenya food composition,,,food_composition_not_packaged_label|missing_sugar
food_with_all_nutrients,565,1,Mbuboyi (Blood Cooked in Fresh Milk),MBUBOYI BLOOD COOKED IN FRESH MILK,,Food composition table per 100g edible portion,PER_100G,97,410,11.5,8.3,,2,0,0,0,0.361,0.9025,57,,,Kenya food composition,,,food_composition_not_packaged_label|missing_sugar
food_with_all_nutrients,542,1,Meat Samosa,MEAT SAMOSA,,Food composition table per 100g edible portion,PER_100G,443,1854,18.8,40.5,,22.2,0,0,3.1,0.175,0.4375,51,,,Kenya food composition,,,food_composition_not_packaged_label|missing_sugar
food_with_all_nutrients,320,1,"Milk, camel, whole, fresh, boiled",MILK CAMEL WHOLE FRESH BOILED,,Food composition table per 100g edible portion,PER_100G,62,257,2.6,5.3,,3.3,0,0,0,0.14,0.35,66,,,Kenya food composition,,,food_composition_not_packaged_label|missing_sugar
food_with_all_nutrients,319,1,"Milk, camel, whole, fresh, raw",MILK CAMEL WHOLE FRESH RAW,,Food composition table per 100g edible portion,PER_100G,52,219,2.2,4.5,,2.8,1.57,0.12,0,0.119,0.2975,56,,,Kenya food composition,,,food_composition_not_packaged_label|missing_sugar
food_with_all_nutrients,321,1,"Milk, cow, condensed, skimmed, sweetened, raw",MILK COW CONDENSED SKIMMED SWEETENED RAW,,Food composition table per 100g edible portion,PER_100G,284,1210,9.9,60.7,,0.2,0,0,0,0.125,0.3125,358,,,Kenya food composition,,,food_composition_not_packaged_label|missing_sugar
food_with_all_nutrients,322,1,"Milk, cow, condensed, whole, sweetened, raw",MILK COW CONDENSED WHOLE SWEETENED RAW,,Food composition table per 100g edible portion,PER_100G,335,1410,8.3,54.8,,9.2,0,0,0,0.13,0.325,280,,,Kenya food composition,,,food_composition_not_packaged_label|missing_sugar
food_with_all_nutrients,323,1,"Milk, cow, powder, skimmed",MILK COW POWDER SKIMMED,,Food composition table per 100g edible portion,PER_100G,361,1530,37.2,51,,0.9,0,0,0,0.55,1.375,1290,,,Kenya food composition,,,food_composition_not_packaged_label|missing_sugar
food_with_all_nutrients,324,1,"Milk, cow, powder, whole",MILK COW POWDER WHOLE,,Food composition table per 100g edible portion,PER_100G,495,2070,26.1,38.4,,26.4,0,0,0,0.44,1.1,975,,,Kenya food composition,,,food_composition_not_packaged_label|missing_sugar
food_with_all_nutrients,326,1,"Milk, cow, skimmed, boiled",MILK COW SKIMMED BOILED,,Food composition table per 100g edible portion,PER_100G,45,190,4.1,6.8,,0.1,0,0,0,0.052,0.13,153,,,Kenya food composition,,,food_composition_not_packaged_label|missing_sugar
food_with_all_nutrients,325,1,"Milk, cow, skimmed, raw",MILK COW SKIMMED RAW,,Food composition table per 100g edible portion,PER_100G,38,162,3.5,5.8,,0.1,0,0,0,0.044,0.11,130,,,Kenya food composition,,,food_composition_not_packaged_label|missing_sugar
food_with_all_nutrients,327,1,"Milk, cow, whole, fermented (Lala - Industrial)",MILK COW WHOLE FERMENTED LALA INDUSTRIAL,,Food composition table per 100g edible portion,PER_100G,65,269,2.8,4.1,,4.1,1.79,0.14,0,0.036,0.09,100,,,Kenya food composition,,,food_composition_not_packaged_label|missing_sugar
food_with_all_nutrients,328,1,"Milk, cow, whole, fermented (Lala - mursik)",MILK COW WHOLE FERMENTED LALA MURSIK,,Food composition table per 100g edible portion,PER_100G,58,243,3.1,3.6,,3.5,2.12,0.16,0,0.022,0.055,65,,,Kenya food composition,,,food_composition_not_packaged_label|missing_sugar
food_with_all_nutrients,330,1,"Milk, cow, whole, fresh, boiled",MILK COW WHOLE FRESH BOILED,,Food composition table per 100g edible portion,PER_100G,82,344,3.9,7.2,,4.2,0,0,0,0.045,0.1125,140,,,Kenya food composition,,,food_composition_not_packaged_label|missing_sugar
food_with_all_nutrients,329,1,"Milk, cow, whole, fresh, raw",MILK COW WHOLE FRESH RAW,,Food composition table per 100g edible portion,PER_100G,70,292,3.3,6.1,,3.5,2.32,0.15,0,0.039,0.0975,119,,,Kenya food composition,,,food_composition_not_packaged_label|missing_sugar
food_with_all_nutrients,332,1,"Milk, goat, fluid, whole, boiled",MILK GOAT FLUID WHOLE BOILED,,Food composition table per 100g edible portion,PER_100G,92,382,4.1,6.8,,5.3,0,0,0,0.068,0.17,211,,,Kenya food composition,,,food_composition_not_packaged_label|missing_sugar
food_with_all_nutrients,331,1,"Milk, goat, fluid, whole, raw",MILK GOAT FLUID WHOLE RAW,,Food composition table per 100g edible portion,PER_100G,78,325,3.5,5.8,,4.5,0,0,0,0.057,0.1425,180,,,Kenya food composition,,,food_composition_not_packaged_label|missing_sugar
food_with_all_nutrients,333,1,"Milk, human/breast, mature, fluid",MILK HUMAN BREAST MATURE FLUID,,Food composition table per 100g edible portion,PER_100G,73,303,1.2,7.1,,4.4,0,0,0,0.014,0.035,32,,,Kenya food composition,,,food_composition_not_packaged_label|missing_sugar
food_with_all_nutrients,335,1,"Milk, sheep, fluid, whole, boiled",MILK SHEEP FLUID WHOLE BOILED,,Food composition table per 100g edible portion,PER_100G,110,459,6,6.2,,6.8,0,0,0,0.052,0.13,227,,,Kenya food composition,,,food_composition_not_packaged_label|missing_sugar
food_with_all_nutrients,334,1,"Milk, sheep, fluid, whole, raw",MILK SHEEP FLUID WHOLE RAW,,Food composition table per 100g edible portion,PER_100G,94,391,5.1,5.2,,5.8,0,0,0,0.044,0.11,193,,,Kenya food composition,,,food_composition_not_packaged_label|missing_sugar
food_with_all_nutrients,31,1,"Millet, bulrush, flour",MILLET BULRUSH FLOUR,,Food composition table per 100g edible portion,PER_100G,354,1490,10.5,61.8,,5.3,1.08,0.01,8.8,0.004,0.01,32,,,Kenya food composition,,,food_composition_not_packaged_label|missing_sugar
food_with_all_nutrients,32,1,"Millet, bulrush, grain, dry, raw",MILLET BULRUSH GRAIN DRY RAW,,Food composition table per 100g edible portion,PER_100G,354,1490,9.8,62.5,,5.3,0,0,8.8,0.004,0.01,32,,,Kenya food composition,,,food_composition_not_packaged_label|missing_sugar
food_with_all_nutrients,33,1,"Millet, bulrush, whole, grain, dry, boiled, drained (without salt)",MILLET BULRUSH WHOLE GRAIN DRY BOILED DRAINED WITHOUT SALT,,Food composition table per 100g edible portion,PER_100G,148,623,4.1,26,,2.2,0,0,3.6,0.003,0.0075,15,,,Kenya food composition,,,food_composition_not_packaged_label|missing_sugar
food_with_all_nutrients,34,1,"Millet, bulrush, whole, grain, dry, stewed, drained (without salt)",MILLET BULRUSH WHOLE GRAIN DRY STEWED DRAINED WITHOUT SALT,,Food composition table per 100g edible portion,PER_100G,148,623,4.1,26,,2.2,0,0,3.6,0.003,0.0075,15,,,Kenya food composition,,,food_composition_not_packaged_label|missing_sugar
food_with_all_nutrients,35,1,"Millet, finger, flour",MILLET FINGER FLOUR,,Food composition table per 100g edible portion,PER_100G,306,1290,7.4,53.3,,2,0,0,22.6,0.002,0.005,344,,,Kenya food composition,,,food_composition_not_packaged_label|missing_sugar
food_with_all_nutrients,36,1,"Millet, Finger, grain, dried, raw",MILLET FINGER GRAIN DRIED RAW,,Food composition table per 100g edible portion,PER_100G,305,1280,7.38,53.5,,1.9,0,0,22.6,0.002,0.005,344,,,Kenya food composition,,,food_composition_not_packaged_label|missing_sugar
food_with_all_nutrients,37,1,Millet Yeast (germinated millet seeds),MILLET YEAST GERMINATED MILLET SEEDS,,Food composition table per 100g edible portion,PER_100G,302,1270,7.4,52.7,,1.9,0,0,22.6,0.006,0.015,859,,,Kenya food composition,,,food_composition_not_packaged_label|missing_sugar
food_with_all_nutrients,651,1,Minced Meat Balls,MINCED MEAT BALLS,,Food composition table per 100g edible portion,PER_100G,157,659,8.1,18.6,,5.4,0,0,0.8,0.321,0.8025,14,,,Kenya food composition,,,food_composition_not_packaged_label|missing_sugar
food_with_all_nutrients,500,1,"Mint Leaves, fresh, raw",MINT LEAVES FRESH RAW,,Food composition table per 100g edible portion,PER_100G,44,182,4.8,0.1,,1.1,0,0,7.2,0.028,0.07,200,,,Kenya food composition,,,food_composition_not_packaged_label|missing_sugar
food_with_all_nutrients,555,1,Mseto wa Maharagwe,MSETO WA MAHARAGWE,,Food composition table per 100g edible portion,PER_100G,193,807,5,23.5,,7.9,0,0,3.8,0.356,0.89,27,,,Kenya food composition,,,food_composition_not_packaged_label|missing_sugar
food_with_all_nutrients,554,1,Mseto wa Ndengu,MSETO WA NDENGU,,Food composition table per 100g edible portion,PER_100G,103,433,3.7,18.4,,1.3,0,0,1.5,0.059,0.1475,19,,,Kenya food composition,,,food_composition_not_packaged_label|missing_sugar
food_with_all_nutrients,611,1,Mseto wa Viazi (Potatoes in Rice),MSETO WA VIAZI POTATOES IN RICE,,Food composition table per 100g edible portion,PER_100G,111,469,2.1,21.1,,1.9,0,0,0.5,0.131,0.3275,9,,,Kenya food composition,,,food_composition_not_packaged_label|missing_sugar
food_with_all_nutrients,417,1,"Mudfish (kamongo), fillet, boiled in recipe (without salt and fat)",MUDFISH KAMONGO FILLET BOILED IN RECIPE WITHOUT SALT AND FAT,,Food composition table per 100g edible portion,PER_100G,123,520,21.5,0,,4.2,0,0,0,0.049,0.1225,28,,,Kenya food composition,,,food_composition_not_packaged_label|missing_sugar
food_with_all_nutrients,416,1,"Mudfish (kamongo), fillet, grilled (without salt and fat)",MUDFISH KAMONGO FILLET GRILLED WITHOUT SALT AND FAT,,Food composition table per 100g edible portion,PER_100G,133,560,23.2,0,,4.5,0,0,0,0.045,0.1125,30,,,Kenya food composition,,,food_composition_not_packaged_label|missing_sugar
food_with_all_nutrients,414,1,"Mudfish (kamongo), fillet, raw",MUDFISH KAMONGO FILLET RAW,,Food composition table per 100g edible portion,PER_100G,102,431,17.8,0,,3.5,0,0,0,0.041,0.1025,23,,,Kenya food composition,,,food_composition_not_packaged_label|missing_sugar
food_with_all_nutrients,415,1,"Mudfish (kamongo), fillet, steamed (without salt)",MUDFISH KAMONGO FILLET STEAMED WITHOUT SALT,,Food composition table per 100g edible portion,PER_100G,123,520,21.5,0,,4.2,0,0,0,0.042,0.105,28,,,Kenya food composition,,,food_composition_not_packaged_label|missing_sugar
food_with_all_nutrients,573,1,"Mukimo (Fresh Maize, Potato & Pumpkin Leaves)",MUKIMO FRESH MAIZE POTATO PUMPKIN LEAVES,,Food composition table per 100g edible portion,PER_100G,109,457,3,18.5,,1,0,0,6.8,0.336,0.84,44,,,Kenya food composition,,,food_composition_not_packaged_label|missing_sugar
food_with_all_nutrients,570,1,"Mukimo (Maize, Beans, Potatoes & Pumpkin Leaves)",MUKIMO MAIZE BEANS POTATOES PUMPKIN LEAVES,,Food composition table per 100g edible portion,PER_100G,118,498,5,20.5,,0.7,0,0,4.8,0.266,0.665,38,,,Kenya food composition,,,food_composition_not_packaged_label|missing_sugar
food_with_all_nutrients,575,1,"Mukimo wa Njahi (Black Beans, Green Bananas & Potatoes)",MUKIMO WA NJAHI BLACK BEANS GREEN BANANAS POTATOES,,Food composition table per 100g edible portion,PER_100G,164,693,9.5,26.5,,0.6,0,0,7.2,0.273,0.6825,31,,,Kenya food composition,,,food_composition_not_packaged_label|missing_sugar
food_with_all_nutrients,578,1,Mukimo wa Njahi (Raw & Ripe Bananas),MUKIMO WA NJAHI RAW RIPE BANANAS,,Food composition table per 100g edible portion,PER_100G,151,636,6.4,26.6,,0.6,0,0,6.5,0.229,0.5725,24,,,Kenya food composition,,,food_composition_not_packaged_label|missing_sugar
food_with_all_nutrients,287,1,"Mulberry, raw",MULBERRY RAW,,Food composition table per 100g edible portion,PER_100G,35,148,1.6,5.6,,0.2,0,0,2.2,0.006,0.015,55,,,Kenya food composition,,,food_composition_not_packaged_label|missing_sugar
food_with_all_nutrients,605,1,"Munono (Cow blood, beef, cow fat)",MUNONO COW BLOOD BEEF COW FAT,,Food composition table per 100g edible portion,PER_100G,549,2270,19.5,4.6,,50.3,0,0,0,0.286,0.715,10,,,Kenya food composition,,,food_composition_not_packaged_label|missing_sugar
food_with_all_nutrients,586,1,Mushenye (Green Maize and Sweet Potatoes),MUSHENYE GREEN MAIZE AND SWEET POTATOES,,Food composition table per 100g edible portion,PER_100G,153,641,7.1,17.6,,4.1,0,0,8.6,0.242,0.605,44,,,Kenya food composition,,,food_composition_not_packaged_label|missing_sugar
food_with_all_nutrients,232,1,"Mushroom, dried, boiled, drained (without salt)",MUSHROOM DRIED BOILED DRAINED WITHOUT SALT,,Food composition table per 100g edible portion,PER_100G,162,674,7,18.5,,1.6,0,0,22.4,0.003,0.0075,14,,,Kenya food composition,,,food_composition_not_packaged_label|missing_sugar
food_with_all_nutrients,231,1,"Mushroom, dried, raw",MUSHROOM DRIED RAW,,Food composition table per 100g edible portion,PER_100G,283,1180,12.3,32.4,,2.9,0,0,39.1,0.005,0.0125,24,,,Kenya food composition,,,food_composition_not_packaged_label|missing_sugar
food_with_all_nutrients,229,1,"Mushroom, fresh, boiled, drained (without salt)",MUSHROOM FRESH BOILED DRAINED WITHOUT SALT,,Food composition table per 100g edible portion,PER_100G,48,203,3.2,6.1,,0.5,0,0,3.1,0.008,0.02,21,,,Kenya food composition,,,food_composition_not_packaged_label|missing_sugar
food_with_all_nutrients,228,1,"Mushroom, fresh, raw",MUSHROOM FRESH RAW,,Food composition table per 100g edible portion,PER_100G,35,148,2.3,4.5,,0.4,0,0,2.3,0.008,0.02,16,,,Kenya food composition,,,food_composition_not_packaged_label|missing_sugar
food_with_all_nutrients,230,1,"Mushroom, fresh, stewed (without salt)",MUSHROOM FRESH STEWED WITHOUT SALT,,Food composition table per 100g edible portion,PER_100G,43,183,2.8,5.5,,0.5,0,0,2.8,0.01,0.025,20,,,Kenya food composition,,,food_composition_not_packaged_label|missing_sugar
food_with_all_nutrients,233,1,"Mushroom, raw, canned in brine (drained)",MUSHROOM RAW CANNED IN BRINE DRAINED,,Food composition table per 100g edible portion,PER_100G,18,73,1.5,0.2,,0.4,0,0,3.7,0.3,0.75,4,,,Kenya food composition,,,food_composition_not_packaged_label|missing_sugar
food_with_all_nutrients,444,1,Mustard seed oil,MUSTARD SEED OIL,,Food composition table per 100g edible portion,PER_100G,900,3700,0,0,,100,0,0,0,0,0,0,,,Kenya food composition,,,food_composition_not_packaged_label|missing_sugar
food_with_all_nutrients,456,1,"Mustard Seeds, Dry, Raw",MUSTARD SEEDS DRY RAW,,Food composition table per 100g edible portion,PER_100G,522,2160,18.8,15.5,,39.7,0,0,13.7,0.002,0.005,433,,,Kenya food composition,,,food_composition_not_packaged_label|missing_sugar
food_with_all_nutrients,603,1,Muthokoi (Dehusked Maize and Beans),MUTHOKOI DEHUSKED MAIZE AND BEANS,,Food composition table per 100g edible portion,PER_100G,161,677,5,19.8,,5.9,0,0,4.6,0.325,0.8125,27,,,Kenya food composition,,,food_composition_not_packaged_label|missing_sugar
food_with_all_nutrients,610,1,Nchenga/ Nzenga (Crushed Maize),NCHENGA NZENGA CRUSHED MAIZE,,Food composition table per 100g edible portion,PER_100G,129,542,2.2,20.3,,3.9,0,0,1.8,0.552,1.38,13,,,Kenya food composition,,,food_composition_not_packaged_label|missing_sugar
food_with_all_nutrients,602,1,Ndoto (Red Kidney Beans & Red Sorghum),NDOTO RED KIDNEY BEANS RED SORGHUM,,Food composition table per 100g edible portion,PER_100G,193,806,5.7,21.3,,7.9,0,0,7,0.27,0.675,25,,,Kenya food composition,,,food_composition_not_packaged_label|missing_sugar
food_with_all_nutrients,419,1,"Nile perch, dry, raw",NILE PERCH DRY RAW,,Food composition table per 100g edible portion,PER_100G,388,1634,71.8,1.2,,10.7,0,0,0,0.376,0.94,516,,,Kenya food composition,,,food_composition_not_packaged_label|missing_sugar
food_with_all_nutrients,420,1,"Nile perch, fillet w/o bones, raw",NILE PERCH FILLET W O BONES RAW,,Food composition table per 100g edible portion,PER_100G,84,356,19,0,,0.9,0.23,0,0,0.097,0.2425,133,,,Kenya food composition,,,food_composition_not_packaged_label|missing_sugar
food_with_all_nutrients,421,1,"Nile tilapia, fillet, w/o skin and bones, raw",NILE TILAPIA FILLET W O SKIN AND BONES RAW,,Food composition table per 100g edible portion,PER_100G,92,391,19.7,0,,1.5,0.43,0,0,0.064,0.16,109,,,Kenya food composition,,,food_composition_not_packaged_label|missing_sugar
food_with_all_nutrients,457,1,"Nut, almond, with or without skin, raw, unsalted",NUT ALMOND WITH OR WITHOUT SKIN RAW UNSALTED,,Food composition table per 100g edible portion,PER_100G,612,2530,20.2,8.6,,52.8,0,0,11,0.001,0.0025,249,,,Kenya food composition,,,food_composition_not_packaged_label|missing_sugar
food_with_all_nutrients,458,1,"Nut, cashew, dry, raw, unsalted",NUT CASHEW DRY RAW UNSALTED,,Food composition table per 100g edible portion,PER_100G,595,2470,16.5,21.5,,48,0,0,5.8,0.011,0.0275,33,,,Kenya food composition,,,food_composition_not_packaged_label|missing_sugar
food_with_all_nutrients,459,1,"Nut, ground nut, with skin, unsalted, dry, raw",NUT GROUND NUT WITH SKIN UNSALTED DRY RAW,,Food composition table per 100g edible portion,PER_100G,593,2450,20.1,15,,48.4,9.76,0.03,8.3,0.001,0.0025,117,,,Kenya food composition,,,food_composition_not_packaged_label|missing_sugar
food_with_all_nutrients,460,1,"Nut, macadamia, raw, unsalted",NUT MACADAMIA RAW UNSALTED,,Food composition table per 100g edible portion,PER_100G,696,2860,6.8,2,,70.9,10.9,0.03,11.2,0.005,0.0125,44,,,Kenya food composition,,,food_composition_not_packaged_label|missing_sugar
food_with_all_nutrients,461,1,"Nut, pistachio, raw, unsalted",NUT PISTACHIO RAW UNSALTED,,Food composition table per 100g edible portion,PER_100G,591,2450,21,13.8,,48,0,0,10.1,0.005,0.0125,116,,,Kenya food composition,,,food_composition_not_packaged_label|missing_sugar
food_with_all_nutrients,635,1,Nyenyi (Mashed Pigeon Peas & Green Maize),NYENYI MASHED PIGEON PEAS GREEN MAIZE,,Food composition table per 100g edible portion,PER_100G,125,524,4.9,17.8,,2.3,0,0,6.5,0.273,0.6825,56,,,Kenya food composition,,,food_composition_not_packaged_label|missing_sugar
food_with_all_nutrients,38,1,"Oat bran, unprocessed, uncooked",OAT BRAN UNPROCESSED UNCOOKED,,Food composition table per 100g edible portion,PER_100G,373,1570,10.7,57.8,,7.5,0,0,15.5,0.012,0.03,54,,,Kenya food composition,,,food_composition_not_packaged_label|missing_sugar
food_with_all_nutrients,640,1,Oat Porridge,OAT PORRIDGE,,Food composition table per 100g edible portion,PER_100G,86,363,1.9,15.3,,1.6,0,0,1.4,0.014,0.035,39,,,Kenya food composition,,,food_composition_not_packaged_label|missing_sugar
food_with_all_nutrients,639,1,Oatmeal,OATMEAL,,Food composition table per 100g edible portion,PER_100G,83,351,2.4,12.9,,1.7,0,0,3.5,0.209,0.5225,15,,,Kenya food composition,,,food_composition_not_packaged_label|missing_sugar
food_with_all_nutrients,235,1,"Okra, fresh, boiled, drained (without salt)",OKRA FRESH BOILED DRAINED WITHOUT SALT,,Food composition table per 100g edible portion,PER_100G,29,123,1.8,4.1,,0.2,0,0,3.4,0.005,0.0125,70,,,Kenya food composition,,,food_composition_not_packaged_label|missing_sugar
food_with_all_nutrients,234,1,"Okra, fresh, raw",OKRA FRESH RAW,,Food composition table per 100g edible portion,PER_100G,32,136,2,3.5,,0.2,0,0,3.7,0.008,0.02,81,,,Kenya food composition,,,food_composition_not_packaged_label|missing_sugar
food_with_all_nutrients,236,1,"Okra, fresh, stewed (without salt)",OKRA FRESH STEWED WITHOUT SALT,,Food composition table per 100g edible portion,PER_100G,35,147,2.2,6.1,,0.2,0,0,4,0.007,0.0175,84,,,Kenya food composition,,,food_composition_not_packaged_label|missing_sugar
food_with_all_nutrients,653,1,Okra Meat Dish,OKRA MEAT DISH,,Food composition table per 100g edible portion,PER_100G,94,394,8.2,3.2,,5.1,0,0,1.3,0.559,1.3975,23,,,Kenya food composition,,,food_composition_not_packaged_label|missing_sugar
food_with_all_nutrients,445,1,Olive oil,OLIVE OIL,,Food composition table per 100g edible portion,PER_100G,900,3700,0,0,,100,0,0,0,0,0,0,,,Kenya food composition,,,food_composition_not_packaged_label|missing_sugar
food_with_all_nutrients,540,1,Omelette,OMELETTE,,Food composition table per 100g edible portion,PER_100G,121,502,6.6,5.3,,7.8,0,0,1.5,0.189,0.4725,36,,,Kenya food composition,,,food_composition_not_packaged_label|missing_sugar
food_with_all_nutrients,534,1,Omena (Silver Sardine Stew),OMENA SILVER SARDINE STEW,,Food composition table per 100g edible portion,PER_100G,180,747,8.8,6,,13.3,0,0,0.7,0.449,1.1225,378,,,Kenya food composition,,,food_composition_not_packaged_label|missing_sugar
food_with_all_nutrients,618,1,Omena Stew,OMENA STEW,,Food composition table per 100g edible portion,PER_100G,450,1860,19.2,4.6,,39.3,0,0,0.8,0.09,0.225,879,,,Kenya food composition,,,food_composition_not_packaged_label|missing_sugar
food_with_all_nutrients,592,1,Onion Fried Rice (Wali wa Yasmin),ONION FRIED RICE WALI WA YASMIN,,Food composition table per 100g edible portion,PER_100G,185,779,3.1,31.2,,5.1,0,0,0.6,0.275,0.6875,13,,,Kenya food composition,,,food_composition_not_packaged_label|missing_sugar
food_with_all_nutrients,501,1,"Onion, mature, red skinned, peeled, fresh, raw",ONION MATURE RED SKINNED PEELED FRESH RAW,,Food composition table per 100g edible portion,PER_100G,42,177,1.5,7.6,,0.1,0,0,2.3,0.005,0.0125,26,,,Kenya food composition,,,food_composition_not_packaged_label|missing_sugar
food_with_all_nutrients,502,1,"Onion, spring, raw",ONION SPRING RAW,,Food composition table per 100g edible portion,PER_100G,31,130,1.8,4.1,,0.3,0,0,2.3,0.012,0.03,44,,,Kenya food composition,,,food_composition_not_packaged_label|missing_sugar
food_with_all_nutrients,288,1,"Orange, Juice",ORANGE JUICE,,Food composition table per 100g edible portion,PER_100G,18,77,0.4,3.6,,0.1,0,0,1.1,0.002,0.005,21,,,Kenya food composition,,,food_composition_not_packaged_label|missing_sugar
food_with_all_nutrients,289,1,"Orange, pulp, raw",ORANGE PULP RAW,,Food composition table per 100g edible portion,PER_100G,42,176,0.9,7.5,,0.2,0,0,3.1,0.005,0.0125,23,,,Kenya food composition,,,food_composition_not_packaged_label|missing_sugar
food_with_all_nutrients,634,1,Pan Fried Arrowroots,PAN FRIED ARROWROOTS,,Food composition table per 100g edible portion,PER_100G,181,761,4.1,28.3,,5.2,0,0,2.5,0.616,1.54,8,,,Kenya food composition,,,food_composition_not_packaged_label|missing_sugar
food_with_all_nutrients,626,1,Pan Fried Sweet Potatoes,PAN FRIED SWEET POTATOES,,Food composition table per 100g edible portion,PER_100G,248,1040,3.1,25.3,,13.9,0,0,4.9,0.016,0.04,44,,,Kenya food composition,,,food_composition_not_packaged_label|missing_sugar
food_with_all_nutrients,544,1,Pancakes,PANCAKES,,Food composition table per 100g edible portion,PER_100G,270,1136,8.3,39.2,,8.5,0,0,1.7,0.037,0.0925,77,,,Kenya food composition,,,food_composition_not_packaged_label|missing_sugar
food_with_all_nutrients,290,1,"Papaya, yellow skin, peeled, raw",PAPAYA YELLOW SKIN PEELED RAW,,Food composition table per 100g edible portion,PER_100G,36,153,0.6,6.8,,0.3,0,0,2.1,0.004,0.01,21,,,Kenya food composition,,,food_composition_not_packaged_label|missing_sugar
food_with_all_nutrients,503,1,"Parsley, fresh, raw",PARSLEY FRESH RAW,,Food composition table per 100g edible portion,PER_100G,52,220,5.9,4.2,,0.2,0,0,5.1,0.054,0.135,390,,,Kenya food composition,,,food_composition_not_packaged_label|missing_sugar
food_with_all_nutrients,291,1,"Passion fruit, dark purple skin, raw",PASSION FRUIT DARK PURPLE SKIN RAW,,Food composition table per 100g edible portion,PER_100G,75,313,2.4,8.7,,0.9,0,0,11.7,0.019,0.0475,10,,,Kenya food composition,,,food_composition_not_packaged_label|missing_sugar
food_with_all_nutrients,292,1,"Passion Fruit, juice",PASSION FRUIT JUICE,,Food composition table per 100g edible portion,PER_100G,96,408,0.8,22.9,,0.1,0,0,0.2,0.01,0.025,13,,,Kenya food composition,,,food_composition_not_packaged_label|missing_sugar
food_with_all_nutrients,40,1,"Pasta, macaroni, plain, dry, imported, boiled, drained (without salt)",PASTA MACARONI PLAIN DRY IMPORTED BOILED DRAINED WITHOUT SALT,,Food composition table per 100g edible portion,PER_100G,150,637,5.6,30,,0.6,0,0,1.4,0.003,0.0075,10,,,Kenya food composition,,,food_composition_not_packaged_label|missing_sugar
food_with_all_nutrients,41,1,"Pasta, macaroni, plain, dry, imported boiled in recipe (without salt)",PASTA MACARONI PLAIN DRY IMPORTED BOILED IN RECIPE WITHOUT SALT,,Food composition table per 100g edible portion,PER_100G,150,637,5.6,30,,0.6,0,0,1.4,0.004,0.01,10,,,Kenya food composition,,,food_composition_not_packaged_label|missing_sugar
food_with_all_nutrients,39,1,"Pasta, macaroni, plain, dry, raw-imported",PASTA MACARONI PLAIN DRY RAW IMPORTED,,Food composition table per 100g edible portion,PER_100G,370,1570,13.7,73.8,,1.5,0,0,3.3,0.0052,0.013,21,,,Kenya food composition,,,food_composition_not_packaged_label|missing_sugar
food_with_all_nutrients,43,1,"Pasta, spaghetti, dry, imported, boiled, drained (without salt)",PASTA SPAGHETTI DRY IMPORTED BOILED DRAINED WITHOUT SALT,,Food composition table per 100g edible portion,PER_100G,122,517,4.4,24.5,,0.5,0,0,1.1,0.003,0.0075,8,,,Kenya food composition,,,food_composition_not_packaged_label|missing_sugar
food_with_all_nutrients,44,1,"Pasta, spaghetti, dry, imported, boiled in recipe (without salt)",PASTA SPAGHETTI DRY IMPORTED BOILED IN RECIPE WITHOUT SALT,,Food composition table per 100g edible portion,PER_100G,122,517,4.4,24.5,,0.5,0,0,1.1,0.004,0.01,8,,,Kenya food composition,,,food_composition_not_packaged_label|missing_sugar
food_with_all_nutrients,42,1,"Pasta, spaghetti, dry, raw-imported",PASTA SPAGHETTI DRY RAW IMPORTED,,Food composition table per 100g edible portion,PER_100G,354,1500,12.7,71,,1.4,0,0,3.2,0.005,0.0125,18,,,Kenya food composition,,,food_composition_not_packaged_label|missing_sugar
food_with_all_nutrients,293,1,"Peach, yellow-fleshed, unpeeled, raw",PEACH YELLOW FLESHED UNPEELED RAW,,Food composition table per 100g edible portion,PER_100G,48,204,1,9.9,,0.1,0,0,1.9,0.002,0.005,5,,,Kenya food composition,,,food_composition_not_packaged_label|missing_sugar
food_with_all_nutrients,462,1,Peanut Butter,PEANUT BUTTER,,Food composition table per 100g edible portion,PER_100G,593,2450,20.1,15,,48.4,0,0,8.3,0.001,0.0025,117,,,Kenya food composition,,,food_composition_not_packaged_label|missing_sugar
food_with_all_nutrients,446,1,Peanut oil,PEANUT OIL,,Food composition table per 100g edible portion,PER_100G,900,3700,0,0,,100,0,0,0,0,0,0,,,Kenya food composition,,,food_composition_not_packaged_label|missing_sugar
food_with_all_nutrients,294,1,"Pear, unpeeled, raw",PEAR UNPEELED RAW,,Food composition table per 100g edible portion,PER_100G,48,200,0.4,9.1,,0.2,0,0,4,0.001,0.0025,8,,,Kenya food composition,,,food_composition_not_packaged_label|missing_sugar
food_with_all_nutrients,645,1,Peas and Brinjal Curry,PEAS AND BRINJAL CURRY,,Food composition table per 100g edible portion,PER_100G,131,544,4.2,6.6,,8.5,0,0,5.8,0.52,1.3,38,,,Kenya food composition,,,food_composition_not_packaged_label|missing_sugar
food_with_all_nutrients,504,1,"Pepper, ground, black, dry, raw",PEPPER GROUND BLACK DRY RAW,,Food composition table per 100g edible portion,PER_100G,297,1250,10.3,44.7,,2.7,0,0,26.3,0.025,0.0625,463,,,Kenya food composition,,,food_composition_not_packaged_label|missing_sugar
food_with_all_nutrients,160,1,"Pigeon peas, dry, raw",PIGEON PEAS DRY RAW,,Food composition table per 100g edible portion,PER_100G,303,1272,20.9,38.9,,2.1,0,0,22.1,0.021,0.0525,172,,,Kenya food composition,,,food_composition_not_packaged_label|missing_sugar
food_with_all_nutrients,161,1,"Pigeon peas, dry, unsoaked, boiled, drained (without salt)",PIGEON PEAS DRY UNSOAKED BOILED DRAINED WITHOUT SALT,,Food composition table per 100g edible portion,PER_100G,132,553,9.1,16.9,,0.9,0,0,9.6,0.008,0.02,65,,,Kenya food composition,,,food_composition_not_packaged_label|missing_sugar
food_with_all_nutrients,162,1,"Pigeon peas, dry, unsoaked, boiled (without salt, water not discarded)",PIGEON PEAS DRY UNSOAKED BOILED WITHOUT SALT WATER NOT DISCARDED,,Food composition table per 100g edible portion,PER_100G,95,398,6.5,12.1,,0.7,0,0,6.9,0.008,0.02,56,,,Kenya food composition,,,food_composition_not_packaged_label|missing_sugar
food_with_all_nutrients,163,1,"Pigeon peas, dry, water-soaked, boiled in different water, drained (without salt)",PIGEON PEAS DRY WATER SOAKED BOILED IN DIFFERENT WATER DRAINED WITHOUT SALT,,Food composition table per 100g edible portion,PER_100G,132,553,9.1,16.9,,0.9,0,0,9.6,0.008,0.02,65,,,Kenya food composition,,,food_composition_not_packaged_label|missing_sugar
food_with_all_nutrients,164,1,"Pigeon peas, dry, water-soaked, boiled in different water (without salt, water not discarded)",PIGEON PEAS DRY WATER SOAKED BOILED IN DIFFERENT WATER WITHOUT SALT WATER NOT DISCARDED,,Food composition table per 100g edible portion,PER_100G,95,398,6.5,12.1,,0.7,0,0,6.9,0.008,0.02,56,,,Kenya food composition,,,food_composition_not_packaged_label|missing_sugar
food_with_all_nutrients,609,1,Pigeon Peas Stew,PIGEON PEAS STEW,,Food composition table per 100g edible portion,PER_100G,118,494,5.7,11,,4.4,0,0,6.1,0.281,0.7025,47,,,Kenya food composition,,,food_composition_not_packaged_label|missing_sugar
food_with_all_nutrients,553,1,Pilau,PILAU,,Food composition table per 100g edible portion,PER_100G,213,895,6.9,24.8,,9.4,0,0,1.1,0.349,0.8725,19,,,Kenya food composition,,,food_composition_not_packaged_label|missing_sugar
food_with_all_nutrients,295,1,"Pineapple, canned in syrup, whole contents",PINEAPPLE CANNED IN SYRUP WHOLE CONTENTS,,Food composition table per 100g edible portion,PER_100G,93,393,0.3,21.2,,0.6,0,0,0.7,0.006,0.015,4,,,Kenya food composition,,,food_composition_not_packaged_label|missing_sugar
food_with_all_nutrients,296,1,"Pineapple, raw",PINEAPPLE RAW,,Food composition table per 100g edible portion,PER_100G,41,172,0.48,8.1,,0.2,0,0,2.3,0.001,0.0025,16,,,Kenya food composition,,,food_composition_not_packaged_label|missing_sugar
food_with_all_nutrients,297,1,"Plum, purple skin, raw",PLUM PURPLE SKIN RAW,,Food composition table per 100g edible portion,PER_100G,47,200,0.7,9.9,,0.1,0,0,2,0.001,0.0025,10,,,Kenya food composition,,,food_composition_not_packaged_label|missing_sugar
food_with_all_nutrients,298,1,"Pomegranate, raw",POMEGRANATE RAW,,Food composition table per 100g edible portion,PER_100G,74,312,1.6,13.3,,0.2,0,0,6.4,0.004,0.01,12,,,Kenya food composition,,,food_composition_not_packaged_label|missing_sugar
food_with_all_nutrients,380,1,"Pork, meat, raw (unspecified part)",PORK MEAT RAW UNSPECIFIED PART,,Food composition table per 100g edible portion,PER_100G,286,1190,18.9,0,,23.5,0,0,0,0.058,0.145,25,,,Kenya food composition,,,food_composition_not_packaged_label|missing_sugar
food_with_all_nutrients,381,1,"Pork, meat, unspecified part, boiled (without salt)",PORK MEAT UNSPECIFIED PART BOILED WITHOUT SALT,,Food composition table per 100g edible portion,PER_100G,374,1550,29.1,0,,28.6,0,0,0,0.04,0.1,30,,,Kenya food composition,,,food_composition_not_packaged_label|missing_sugar
food_with_all_nutrients,382,1,"Pork, meat, unspecified part, grilled (without salt and fat)",PORK MEAT UNSPECIFIED PART GRILLED WITHOUT SALT AND FAT,,Food composition table per 100g edible portion,PER_100G,356,1480,27,0,,27.6,0,0,0,0.075,0.1875,26,,,Kenya food composition,,,food_composition_not_packaged_label|missing_sugar
food_with_all_nutrients,648,1,Potato Bhajia,POTATO BHAJIA,,Food composition table per 100g edible portion,PER_100G,471,1960,8.6,37.1,,31,0,0,4.8,0.587,1.4675,29,,,Kenya food composition,,,food_composition_not_packaged_label|missing_sugar
food_with_all_nutrients,627,1,Potato Chips,POTATO CHIPS,,Food composition table per 100g edible portion,PER_100G,326,1370,4.8,44.4,,13.6,0,0,3.3,0.013,0.0325,17,,,Kenya food composition,,,food_composition_not_packaged_label|missing_sugar
food_with_all_nutrients,644,1,Potato Curry,POTATO CURRY,,Food composition table per 100g edible portion,PER_100G,145,608,2.2,17.3,,7,0,0,2.2,0.537,1.3425,25,,,Kenya food composition,,,food_composition_not_packaged_label|missing_sugar
food_with_all_nutrients,80,1,"Potato, Irish (English), white variety, peeled, boiled, drained (without salt)",POTATO IRISH ENGLISH WHITE VARIETY PEELED BOILED DRAINED WITHOUT SALT,,Food composition table per 100g edible portion,PER_100G,105,447,2.4,22.7,,0.1,0,0,1.7,0.005,0.0125,8,,,Kenya food composition,,,food_composition_not_packaged_label|missing_sugar
food_with_all_nutrients,79,1,"Potato, Irish (English), white variety, peeled, raw",POTATO IRISH ENGLISH WHITE VARIETY PEELED RAW,,Food composition table per 100g edible portion,PER_100G,105,447,2.4,22.7,,0.1,0,0,1.68,0.00646,0.01615,9,,,Kenya food composition,,,food_composition_not_packaged_label|missing_sugar
food_with_all_nutrients,81,1,"Potato, Irish (English), white variety, peeled, steamed (without salt)",POTATO IRISH ENGLISH WHITE VARIETY PEELED STEAMED WITHOUT SALT,,Food composition table per 100g edible portion,PER_100G,107,456,2.5,23.2,,0.2,0,0,1.7,0.006,0.015,8,,,Kenya food composition,,,food_composition_not_packaged_label|missing_sugar
food_with_all_nutrients,422,1,"Prawns, flesh, raw",PRAWNS FLESH RAW,,Food composition table per 100g edible portion,PER_100G,99,419,18.4,3.9,,1.1,0,0,0,0.191,0.4775,59,,,Kenya food composition,,,food_composition_not_packaged_label|missing_sugar
food_with_all_nutrients,425,1,"Prawns, fresh, boiled in recipe (without salt and fat)",PRAWNS FRESH BOILED IN RECIPE WITHOUT SALT AND FAT,,Food composition table per 100g edible portion,PER_100G,119,505,22.2,5,,1.3,0,0,0,0.196,0.49,71,,,Kenya food composition,,,food_composition_not_packaged_label|missing_sugar
food_with_all_nutrients,424,1,"Prawns, fresh, grilled (without salt and fat)",PRAWNS FRESH GRILLED WITHOUT SALT AND FAT,,Food composition table per 100g edible portion,PER_100G,115,487,21.4,4,,1.3,0,0,0,0.223,0.5575,69,,,Kenya food composition,,,food_composition_not_packaged_label|missing_sugar
food_with_all_nutrients,423,1,"Prawns, fresh, steamed (without salt)",PRAWNS FRESH STEAMED WITHOUT SALT,,Food composition table per 100g edible portion,PER_100G,119,505,22.2,5,,1.3,0,0,0,0.196,0.49,71,,,Kenya food composition,,,food_composition_not_packaged_label|missing_sugar
food_with_all_nutrients,238|239,2,"Pumpkin, flesh, yellow w/o seeds, boiled, drained (without salt)",PUMPKIN FLESH YELLOW W O SEEDS BOILED DRAINED WITHOUT SALT,,Food composition table per 100g edible portion,PER_100G,35,146,1.3,5.6,,0.2,0,0,2.6,0.011,0.0275,18,,,Kenya food composition,,,food_composition_not_packaged_label|missing_sugar
food_with_all_nutrients,237,1,"Pumpkin, flesh, yellow w/o seeds, raw",PUMPKIN FLESH YELLOW W O SEEDS RAW,,Food composition table per 100g edible portion,PER_100G,32,134,1.2,5.2,,0.2,0,0,2.4,0.014,0.035,17,,,Kenya food composition,,,food_composition_not_packaged_label|missing_sugar
food_with_all_nutrients,551,1,Pumpkin Leaves,PUMPKIN LEAVES,,Food composition table per 100g edible portion,PER_100G,99,410,3.2,5.5,,6.7,0,0,1.5,0.332,0.83,166,,,Kenya food composition,,,food_composition_not_packaged_label|missing_sugar
food_with_all_nutrients,241,1,"Pumpkin, leaves, boiled, drained (without salt)",PUMPKIN LEAVES BOILED DRAINED WITHOUT SALT,,Food composition table per 100g edible portion,PER_100G,35,148,4,2.1,,0.7,0,0,2.1,0.009,0.0225,347,,,Kenya food composition,,,food_composition_not_packaged_label|missing_sugar
food_with_all_nutrients,240,1,"Pumpkin, leaves, raw",PUMPKIN LEAVES RAW,,Food composition table per 100g edible portion,PER_100G,37,156,4.2,2.2,,0.7,0,0,2.3,0.012,0.03,383,,,Kenya food composition,,,food_composition_not_packaged_label|missing_sugar
food_with_all_nutrients,242,1,"Pumpkin, leaves, steamed (without salt)",PUMPKIN LEAVES STEAMED WITHOUT SALT,,Food composition table per 100g edible portion,PER_100G,32,135,3.7,1.9,,0.6,0,0,2,0.009,0.0225,316,,,Kenya food composition,,,food_composition_not_packaged_label|missing_sugar
food_with_all_nutrients,657,1,Pumpkins with Peanut Butter,PUMPKINS WITH PEANUT BUTTER,,Food composition table per 100g edible portion,PER_100G,86,359,2.6,5.4,,5.5,0,0,2.6,0.196,0.49,24,,,Kenya food composition,,,food_composition_not_packaged_label|missing_sugar
food_with_all_nutrients,558,1,"Qanchibelo (Beef, Maize & Wheat Flour)",QANCHIBELO BEEF MAIZE WHEAT FLOUR,,Food composition table per 100g edible portion,PER_100G,133,560,9.6,15.7,,3.1,0,0,1.7,0.225,0.5625,62,,,Kenya food composition,,,food_composition_not_packaged_label|missing_sugar
food_with_all_nutrients,559,1,"Qita ""Maize & wheat flour pancake""",QITA MAIZE WHEAT FLOUR PANCAKE,,Food composition table per 100g edible portion,PER_100G,241,1020,5.1,41.2,,5.6,0,0,2.8,0.158,0.395,24,,,Kenya food composition,,,food_composition_not_packaged_label|missing_sugar
food_with_all_nutrients,395,1,"Quail, flesh & skin, raw",QUAIL FLESH SKIN RAW,,Food composition table per 100g edible portion,PER_100G,175,729,19.1,0,,11.5,0,0,0,0.049,0.1225,10,,,Kenya food composition,,,food_composition_not_packaged_label|missing_sugar
food_with_all_nutrients,383,1,"Rabbit meat, raw",RABBIT MEAT RAW,,Food composition table per 100g edible portion,PER_100G,151,636,24.4,2.5,,4.8,0,0,0,0.053,0.1325,12,,,Kenya food composition,,,food_composition_not_packaged_label|missing_sugar
food_with_all_nutrients,385,1,"Rabbit meat, roasted (without salt and fat)",RABBIT MEAT ROASTED WITHOUT SALT AND FAT,,Food composition table per 100g edible portion,PER_100G,160,674,27.7,0,,5.5,0,0,0,0.051,0.1275,13,,,Kenya food composition,,,food_composition_not_packaged_label|missing_sugar
food_with_all_nutrients,384,1,"Rabbit meat, stewed (without salt)",RABBIT MEAT STEWED WITHOUT SALT,,Food composition table per 100g edible portion,PER_100G,207,872,35.8,0,,7.1,0,0,0,0.047,0.1175,15,,,Kenya food composition,,,food_composition_not_packaged_label|missing_sugar
food_with_all_nutrients,83,1,"Radish, long, red skin, raw",RADISH LONG RED SKIN RAW,,Food composition table per 100g edible portion,PER_100G,14,57,0.6,1.3,,0.1,0,0,2.5,0.025,0.0625,28,,,Kenya food composition,,,food_composition_not_packaged_label|missing_sugar
food_with_all_nutrients,82,1,"Radish, round, red skin, raw",RADISH ROUND RED SKIN RAW,,Food composition table per 100g edible portion,PER_100G,15,64,0.8,1.6,,0.16,0,0,2.3,0.03227,0.080675,36,,,Kenya food composition,,,food_composition_not_packaged_label|missing_sugar
food_with_all_nutrients,84,1,"Radish, white skin, raw",RADISH WHITE SKIN RAW,,Food composition table per 100g edible portion,PER_100G,22,93,1.1,2.7,,0.3,0,0,2.1,0.026,0.065,40,,,Kenya food composition,,,food_composition_not_packaged_label|missing_sugar
food_with_all_nutrients,299,1,"Raspberry, raw",RASPBERRY RAW,,Food composition table per 100g edible portion,PER_100G,54,228,1.4,8.9,,0.2,0,0,5.6,0.001,0.0025,27,,,Kenya food composition,,,food_composition_not_packaged_label|missing_sugar
food_with_all_nutrients,447,1,Red palm oil,RED PALM OIL,,Food composition table per 100g edible portion,PER_100G,891,3660,0,0,,99,0,0,0,0,0,6,,,Kenya food composition,,,food_composition_not_packaged_label|missing_sugar
food_with_all_nutrients,527,1,"Red Sorghum, Maize flour & Finger Millet Ugali",RED SORGHUM MAIZE FLOUR FINGER MILLET UGALI,,Food composition table per 100g edible portion,PER_100G,150,634,1.9,32.1,,0.7,0,0,3.6,0.005,0.0125,26,,,Kenya food composition,,,food_composition_not_packaged_label|missing_sugar
food_with_all_nutrients,526,1,Refined Maize Flour Ugali,REFINED MAIZE FLOUR UGALI,,Food composition table per 100g edible portion,PER_100G,148,626,3.4,27.3,,1.9,0,0,4,0.008,0.02,12,,,Kenya food composition,,,food_composition_not_packaged_label|missing_sugar
food_with_all_nutrients,45,1,"Rice, Flour",RICE FLOUR,,Food composition table per 100g edible portion,PER_100G,352,1490,6,78.4,,1.1,0,0,2.1,0.002,0.005,14,,,Kenya food composition,,,food_composition_not_packaged_label|missing_sugar
food_with_all_nutrients,533,1,Rice Flour Porridge (Uji wa Mchele),RICE FLOUR PORRIDGE UJI WA MCHELE,,Food composition table per 100g edible portion,PER_100G,56,235,0.6,10.2,,1.3,0,0,0.2,0.005,0.0125,4,,,Kenya food composition,,,food_composition_not_packaged_label|missing_sugar
food_with_all_nutrients,47,1,"Rice, parboiled, boiled (without salt)",RICE PARBOILED BOILED WITHOUT SALT,,Food composition table per 100g edible portion,PER_100G,119,505,2.4,26.3,,0.2,0,0,1.3,0.004,0.01,5,,,Kenya food composition,,,food_composition_not_packaged_label|missing_sugar
food_with_all_nutrients,46,1,"Rice, parboiled, raw",RICE PARBOILED RAW,,Food composition table per 100g edible portion,PER_100G,345,1460,7,76.2,,0.5,0,0,3.7,0.006,0.015,9,,,Kenya food composition,,,food_composition_not_packaged_label|missing_sugar
food_with_all_nutrients,49,1,"Rice, white, milled, polished grain, dry, boiled (without salt)",RICE WHITE MILLED POLISHED GRAIN DRY BOILED WITHOUT SALT,,Food composition table per 100g edible portion,PER_100G,119,503,2.6,26.2,,0.3,0,0,0.2,0.008,0.02,9,,,Kenya food composition,,,food_composition_not_packaged_label|missing_sugar
food_with_all_nutrients,48,1,"Rice, white, milled, polished grain, dry, raw",RICE WHITE MILLED POLISHED GRAIN DRY RAW,,Food composition table per 100g edible portion,PER_100G,353,1500,7.6,78.1,,1,0.29,0,0.7,0.017,0.0425,21,,,Kenya food composition,,,food_composition_not_packaged_label|missing_sugar
food_with_all_nutrients,633,1,Rice with Milk,RICE WITH MILK,,Food composition table per 100g edible portion,PER_100G,176,741,3.9,27.2,,5.7,0,0,0.2,0.419,1.0475,53,,,Kenya food composition,,,food_composition_not_packaged_label|missing_sugar
food_with_all_nutrients,647,1,Rotli (Indian Chapati),ROTLI INDIAN CHAPATI,,Food composition table per 100g edible portion,PER_100G,374,1560,8,43.8,,16.7,0,0,7.9,0.354,0.885,25,,,Kenya food composition,,,food_composition_not_packaged_label|missing_sugar
food_with_all_nutrients,552,1,"Saget, Terere & Managu (Spider plant, Amaranth & African Nightshade)",SAGET TERERE MANAGU SPIDER PLANT AMARANTH AFRICAN NIGHTSHADE,,Food composition table per 100g edible portion,PER_100G,60,251,4.3,4.5,,1.9,0,0,3.8,0.174,0.435,184,,,Kenya food composition,,,food_composition_not_packaged_label|missing_sugar
food_with_all_nutrients,505,1,"Salt, Iodized",SALT IODIZED,,Food composition table per 100g edible portion,PER_100G,0,0,0,0,,0,0,0,0,38.5,96.25,32,,,Kenya food composition,,,food_composition_not_packaged_label|missing_sugar
food_with_all_nutrients,426,1,"Sardine, flesh, raw",SARDINE FLESH RAW,,Food composition table per 100g edible portion,PER_100G,145,605,19.5,0,,7.4,0,0,0,0.038,0.095,42,,,Kenya food composition,,,food_composition_not_packaged_label|missing_sugar
food_with_all_nutrients,429,1,"Sardine, fresh, boiled in recipe (without salt and fat)",SARDINE FRESH BOILED IN RECIPE WITHOUT SALT AND FAT,,Food composition table per 100g edible portion,PER_100G,170,712,23,0,,8.7,0,0,0,0.045,0.1125,50,,,Kenya food composition,,,food_composition_not_packaged_label|missing_sugar
food_with_all_nutrients,428,1,"Sardine, fresh, grilled (without salt and fat)",SARDINE FRESH GRILLED WITHOUT SALT AND FAT,,Food composition table per 100g edible portion,PER_100G,175,733,26.8,0,,7.5,0,0,0,0.045,0.1125,58,,,Kenya food composition,,,food_composition_not_packaged_label|missing_sugar
food_with_all_nutrients,427,1,"Sardine, fresh, steamed (without salt)",SARDINE FRESH STEAMED WITHOUT SALT,,Food composition table per 100g edible portion,PER_100G,159,666,23,0,,7.4,0,0,0,0.038,0.095,50,,,Kenya food composition,,,food_composition_not_packaged_label|missing_sugar
food_with_all_nutrients,387,1,"Sausage, beef, grilled (without salt and fat)",SAUSAGE BEEF GRILLED WITHOUT SALT AND FAT,,Food composition table per 100g edible portion,PER_100G,223,927,16.1,0,,17,0,0,3,0.815,2.0375,57,,,Kenya food composition,,,food_composition_not_packaged_label|missing_sugar
food_with_all_nutrients,386,1,"Sausage, beef, raw",SAUSAGE BEEF RAW,,Food composition table per 100g edible portion,PER_100G,238,989,12,9.7,,16.3,7.39,0.46,2.2,0.679,1.6975,42,,,Kenya food composition,,,food_composition_not_packaged_label|missing_sugar
food_with_all_nutrients,388,1,"Sausage, frankfurters",SAUSAGE FRANKFURTERS,,Food composition table per 100g edible portion,PER_100G,274,1130,10,1.6,,25,0,0,1.5,1,2.5,78,,,Kenya food composition,,,food_composition_not_packaged_label|missing_sugar
food_with_all_nutrients,389,1,"Sausage, frankfurters, boiled (without salt)",SAUSAGE FRANKFURTERS BOILED WITHOUT SALT,,Food composition table per 100g edible portion,PER_100G,272,1130,10.3,0,,25.3,0,0,2,0.876,2.19,68,,,Kenya food composition,,,food_composition_not_packaged_label|missing_sugar
food_with_all_nutrients,391,1,"Sausage, liver, grilled (without salt and fat)",SAUSAGE LIVER GRILLED WITHOUT SALT AND FAT,,Food composition table per 100g edible portion,PER_100G,369,1530,17.3,0,,33.3,0,0,0,1.08,2.7,40,,,Kenya food composition,,,food_composition_not_packaged_label|missing_sugar
food_with_all_nutrients,390,1,"Sausage, liver, raw",SAUSAGE LIVER RAW,,Food composition table per 100g edible portion,PER_100G,322,1330,13,3.4,,28.5,0,0,0,0.9,2.25,30,,,Kenya food composition,,,food_composition_not_packaged_label|missing_sugar
food_with_all_nutrients,393,1,"Sausage, pork, boiled (without salt)",SAUSAGE PORK BOILED WITHOUT SALT,,Food composition table per 100g edible portion,PER_100G,355,1470,12.5,0,,33.6,0,0,1,0.665,1.6625,23,,,Kenya food composition,,,food_composition_not_packaged_label|missing_sugar
food_with_all_nutrients,394,1,"Sausage, pork, grilled (without salt and fat)",SAUSAGE PORK GRILLED WITHOUT SALT AND FAT,,Food composition table per 100g edible portion,PER_100G,419,1730,16,0,,39,0,0,2,0.9,2.25,34,,,Kenya food composition,,,food_composition_not_packaged_label|missing_sugar
food_with_all_nutrients,392,1,"Sausage, pork, raw",SAUSAGE PORK RAW,,Food composition table per 100g edible portion,PER_100G,343,1420,11.5,1.7,,32,0,0,1.3,0.72,1.8,25,,,Kenya food composition,,,food_composition_not_packaged_label|missing_sugar
food_with_all_nutrients,51,1,"Scone, plain, commercial",SCONE PLAIN COMMERCIAL,,Food composition table per 100g edible portion,PER_100G,375,1570,7.5,51.4,,15,0,0,2.1,0.8,2,56,,,Kenya food composition,,,food_composition_not_packaged_label|missing_sugar
food_with_all_nutrients,463,1,"Seed, pumpkin, hulled & dried, unsalted",SEED PUMPKIN HULLED DRIED UNSALTED,,Food composition table per 100g edible portion,PER_100G,575,2380,24.3,9.6,,47.6,0,0,5.8,0.019,0.0475,50,,,Kenya food composition,,,food_composition_not_packaged_label|missing_sugar
food_with_all_nutrients,464,1,"Seed, sesame (sim sim) unsalted, dry, raw",SEED SESAME SIM SIM UNSALTED DRY RAW,,Food composition table per 100g edible portion,PER_100G,602,2490,15.3,6.4,,54.1,7.55,0.05,14.3,0.007,0.0175,1430,,,Kenya food composition,,,food_composition_not_packaged_label|missing_sugar
food_with_all_nutrients,465,1,"Seed, sunflower, unsalted, dry, raw",SEED SUNFLOWER UNSALTED DRY RAW,,Food composition table per 100g edible portion,PER_100G,595,2460,18.5,14.7,,49.9,0,0,10.6,0,0,98,,,Kenya food composition,,,food_composition_not_packaged_label|missing_sugar
food_with_all_nutrients,50,1,Semolina,SEMOLINA,,Food composition table per 100g edible portion,PER_100G,345,1460,10.9,70.5,,1.1,0,0,4.9,0.002,0.005,16,,,Kenya food composition,,,food_composition_not_packaged_label|missing_sugar
food_with_all_nutrients,433,1,"Shark, boiled in recipe (without salt and fat)",SHARK BOILED IN RECIPE WITHOUT SALT AND FAT,,Food composition table per 100g edible portion,PER_100G,113,479,26,0,,1,0,0,0,0.077,0.1925,10,,,Kenya food composition,,,food_composition_not_packaged_label|missing_sugar
food_with_all_nutrients,432,1,"Shark, grilled (without salt and fat)",SHARK GRILLED WITHOUT SALT AND FAT,,Food composition table per 100g edible portion,PER_100G,122,517,28.1,0,,1.1,0,0,0,0.07,0.175,11,,,Kenya food composition,,,food_composition_not_packaged_label|missing_sugar
food_with_all_nutrients,430,1,"Shark, raw",SHARK RAW,,Food composition table per 100g edible portion,PER_100G,94,398,21.6,0,,0.8,0,0,0,0.06363,0.159075,8,,,Kenya food composition,,,food_composition_not_packaged_label|missing_sugar
food_with_all_nutrients,431,1,"Shark, steamed (without salt)",SHARK STEAMED WITHOUT SALT,,Food composition table per 100g edible portion,PER_100G,113,479,26,0,,1,0,0,0,0.065,0.1625,10,,,Kenya food composition,,,food_composition_not_packaged_label|missing_sugar
food_with_all_nutrients,448,1,"Shortening, commercial, vegetable fat",SHORTENING COMMERCIAL VEGETABLE FAT,,Food composition table per 100g edible portion,PER_100G,900,3700,0.1,0,,100,0,0,0,0.001,0.0025,1,,,Kenya food composition,,,food_composition_not_packaged_label|missing_sugar
food_with_all_nutrients,650,1,Siro (Semolina & Nuts),SIRO SEMOLINA NUTS,,Food composition table per 100g edible portion,PER_100G,412,1720,4.3,39.4,,26.1,0,0,1.1,0.024,0.06,81,,,Kenya food composition,,,food_composition_not_packaged_label|missing_sugar
food_with_all_nutrients,519,1,"Sorghum, Finger Millet and Maize Porridge",SORGHUM FINGER MILLET AND MAIZE PORRIDGE,,Food composition table per 100g edible portion,PER_100G,41,174,1.3,6.3,,0.9,0,0,1.3,0.01,0.025,33,,,Kenya food composition,,,food_composition_not_packaged_label|missing_sugar
food_with_all_nutrients,52,1,"Sorghum, Grain, Red, Dried, Raw",SORGHUM GRAIN RED DRIED RAW,,Food composition table per 100g edible portion,PER_100G,336,1420,9.3,59.9,,3.5,0,0,14,0.006,0.015,10,,,Kenya food composition,,,food_composition_not_packaged_label|missing_sugar
food_with_all_nutrients,55,1,"Sorghum, Grain, Red, Flour",SORGHUM GRAIN RED FLOUR,,Food composition table per 100g edible portion,PER_100G,336,1420,9.3,59.9,,3.5,0,0,14,0.006,0.015,10,,,Kenya food composition,,,food_composition_not_packaged_label|missing_sugar
food_with_all_nutrients,56,1,"Sorghum, grain, white, dry, raw",SORGHUM GRAIN WHITE DRY RAW,,Food composition table per 100g edible portion,PER_100G,341,1440,10.8,60.5,,3.5,0.59,0.01,11.9,0.006,0.015,18,,,Kenya food composition,,,food_composition_not_packaged_label|missing_sugar
food_with_all_nutrients,59,1,"Sorghum, grain, white, flour",SORGHUM GRAIN WHITE FLOUR,,Food composition table per 100g edible portion,PER_100G,341,1440,10.8,60.5,,3.5,0,0,11.9,0.004,0.01,18,,,Kenya food composition,,,food_composition_not_packaged_label|missing_sugar
food_with_all_nutrients,53,1,"Sorghum, whole, grain, red, dried, boiled, drained (without salt)",SORGHUM WHOLE GRAIN RED DRIED BOILED DRAINED WITHOUT SALT,,Food composition table per 100g edible portion,PER_100G,140,590,3.9,24.9,,1.5,0,0,5.8,0.004,0.01,6,,,Kenya food composition,,,food_composition_not_packaged_label|missing_sugar
food_with_all_nutrients,54,1,"Sorghum, whole, grain, red, dried, stewed, drained (without salt)",SORGHUM WHOLE GRAIN RED DRIED STEWED DRAINED WITHOUT SALT,,Food composition table per 100g edible portion,PER_100G,140,590,3.9,24.9,,1.5,0,0,5.8,0.004,0.01,6,,,Kenya food composition,,,food_composition_not_packaged_label|missing_sugar
food_with_all_nutrients,57,1,"Sorghum, whole, grain white, dry, boiled, drained (without salt)",SORGHUM WHOLE GRAIN WHITE DRY BOILED DRAINED WITHOUT SALT,,Food composition table per 100g edible portion,PER_100G,142,599,4.5,25.2,,1.5,0,0,4.9,0.004,0.01,9,,,Kenya food composition,,,food_composition_not_packaged_label|missing_sugar
food_with_all_nutrients,58,1,"Sorghum, whole, grain white, dry, stewed, drained (without salt)",SORGHUM WHOLE GRAIN WHITE DRY STEWED DRAINED WITHOUT SALT,,Food composition table per 100g edible portion,PER_100G,142,599,4.5,25.2,,1.5,0,0,4.9,0.004,0.01,9,,,Kenya food composition,,,food_composition_not_packaged_label|missing_sugar
food_with_all_nutrients,449,1,Soya bean oil,SOYA BEAN OIL,,Food composition table per 100g edible portion,PER_100G,900,3700,0,0,,100,15.8,4.7,0,0,0,0,,,Kenya food composition,,,food_composition_not_packaged_label|missing_sugar
food_with_all_nutrients,165,1,"Soybean, dry, raw",SOYBEAN DRY RAW,,Food composition table per 100g edible portion,PER_100G,386,1605,34,9.7,,19.1,0,0,19.3,0.007,0.0175,228,,,Kenya food composition,,,food_composition_not_packaged_label|missing_sugar
food_with_all_nutrients,166,1,"Soybean, dry, unsoaked, boiled, drained (without salt)",SOYBEAN DRY UNSOAKED BOILED DRAINED WITHOUT SALT,,Food composition table per 100g edible portion,PER_100G,159,661,14,4,,7.9,0,0,7.9,0.004,0.01,81,,,Kenya food composition,,,food_composition_not_packaged_label|missing_sugar
food_with_all_nutrients,167,1,"Soybean, dry, water-soaked, boiled in different water, drained (without salt)",SOYBEAN DRY WATER SOAKED BOILED IN DIFFERENT WATER DRAINED WITHOUT SALT,,Food composition table per 100g edible portion,PER_100G,159,661,14,4,,7.9,0,0,7.9,0.004,0.01,81,,,Kenya food composition,,,food_composition_not_packaged_label|missing_sugar
food_with_all_nutrients,541,1,Spanish Omelette,SPANISH OMELETTE,,Food composition table per 100g edible portion,PER_100G,161,667,7.5,3.2,,12.9,0,0,0.8,0.409,1.0225,35,,,Kenya food composition,,,food_composition_not_packaged_label|missing_sugar
food_with_all_nutrients,506,1,"Spice, mixed or all spice",SPICE MIXED OR ALL SPICE,,Food composition table per 100g edible portion,PER_100G,360,1490,9.4,26.3,,16.3,0,0,35.8,0.09,0.225,727,,,Kenya food composition,,,food_composition_not_packaged_label|missing_sugar
food_with_all_nutrients,244,1,"Spider plant, leaves, boiled, drained (without salt)",SPIDER PLANT LEAVES BOILED DRAINED WITHOUT SALT,,Food composition table per 100g edible portion,PER_100G,41,172,4.6,2,,0.7,0,0,4.1,0.013,0.0325,171,,,Kenya food composition,,,food_composition_not_packaged_label|missing_sugar
food_with_all_nutrients,243,1,"Spider plant, leaves, raw",SPIDER PLANT LEAVES RAW,,Food composition table per 100g edible portion,PER_100G,43,180,4.8,2.1,,0.8,0,0,4.3,0.019,0.0475,189,,,Kenya food composition,,,food_composition_not_packaged_label|missing_sugar
food_with_all_nutrients,245,1,"Spider plant, leaves, steamed (without salt)",SPIDER PLANT LEAVES STEAMED WITHOUT SALT,,Food composition table per 100g edible portion,PER_100G,38,157,4.2,1.9,,0.7,0,0,3.8,0.014,0.035,156,,,Kenya food composition,,,food_composition_not_packaged_label|missing_sugar
food_with_all_nutrients,247,1,"Spinach, leaves, boiled, drained (without salt)",SPINACH LEAVES BOILED DRAINED WITHOUT SALT,,Food composition table per 100g edible portion,PER_100G,28,118,2.9,1.2,,0.4,0,0,4.3,0.046,0.115,131,,,Kenya food composition,,,food_composition_not_packaged_label|missing_sugar
food_with_all_nutrients,246,1,"Spinach, leaves, raw",SPINACH LEAVES RAW,,Food composition table per 100g edible portion,PER_100G,27,112,2.8,1.1,,0.4,0,0,4.1,0.059,0.1475,131,,,Kenya food composition,,,food_composition_not_packaged_label|missing_sugar
food_with_all_nutrients,248,1,"Spinach, leaves, stewed (without salt)",SPINACH LEAVES STEWED WITHOUT SALT,,Food composition table per 100g edible portion,PER_100G,33,139,3.5,1.4,,0.4,0,0,5.1,0.072,0.18,161,,,Kenya food composition,,,food_composition_not_packaged_label|missing_sugar
food_with_all_nutrients,250,1,"Spinach, Swiss chard, leaves, boiled, drained (without salt)",SPINACH SWISS CHARD LEAVES BOILED DRAINED WITHOUT SALT,,Food composition table per 100g edible portion,PER_100G,26,108,3.3,0.8,,0.2,0,0,3.8,0.704,1.76,117,,,Kenya food composition,,,food_composition_not_packaged_label|missing_sugar
food_with_all_nutrients,249,1,"Spinach, Swiss chard, leaves, raw",SPINACH SWISS CHARD LEAVES RAW,,Food composition table per 100g edible portion,PER_100G,25,102,3.1,0.7,,0.2,0,0,3.6,0.892,2.23,117,,,Kenya food composition,,,food_composition_not_packaged_label|missing_sugar
food_with_all_nutrients,251,1,"Spinach, Swiss chard, leaves, stewed (without salt)",SPINACH SWISS CHARD LEAVES STEWED WITHOUT SALT,,Food composition table per 100g edible portion,PER_100G,30,126,3.9,0.9,,0.3,0,0,4.5,1.101,2.7525,144,,,Kenya food composition,,,food_composition_not_packaged_label|missing_sugar
food_with_all_nutrients,255,1,"Squash, butternut, peeled, flesh, baked (without salt)",SQUASH BUTTERNUT PEELED FLESH BAKED WITHOUT SALT,,Food composition table per 100g edible portion,PER_100G,51,214,1.7,9.2,,0.1,0,0,2.9,0.009,0.0225,21,,,Kenya food composition,,,food_composition_not_packaged_label|missing_sugar
food_with_all_nutrients,253,1,"Squash, butternut, peeled, flesh, boiled, drained (without salt)",SQUASH BUTTERNUT PEELED FLESH BOILED DRAINED WITHOUT SALT,,Food composition table per 100g edible portion,PER_100G,48,204,1.6,8.8,,0.1,0,0,2.8,0.007,0.0175,19,,,Kenya food composition,,,food_composition_not_packaged_label|missing_sugar
food_with_all_nutrients,252,1,"Squash, butternut, peeled, flesh, raw",SQUASH BUTTERNUT PEELED FLESH RAW,,Food composition table per 100g edible portion,PER_100G,43,182,1.5,7.8,,0.1,0,0,2.5,0.0077,0.01925,18,,,Kenya food composition,,,food_composition_not_packaged_label|missing_sugar
food_with_all_nutrients,254,1,"Squash, butternut, peeled, flesh, steamed (without salt)",SQUASH BUTTERNUT PEELED FLESH STEAMED WITHOUT SALT,,Food composition table per 100g edible portion,PER_100G,48,204,1.6,8.8,,0.1,0,0,2.8,0.007,0.0175,19,,,Kenya food composition,,,food_composition_not_packaged_label|missing_sugar
food_with_all_nutrients,646,1,Steamed Rice,STEAMED RICE,,Food composition table per 100g edible portion,PER_100G,121,513,2.6,26.7,,0.3,0,0,0.2,0.521,1.3025,10,,,Kenya food composition,,,food_composition_not_packaged_label|missing_sugar
food_with_all_nutrients,595,1,Stewed Cowpea Leaves (Rhikhuvi),STEWED COWPEA LEAVES RHIKHUVI,,Food composition table per 100g edible portion,PER_100G,152,630,3.2,3.5,,13.3,0,0,3.2,0.66,1.65,146,,,Kenya food composition,,,food_composition_not_packaged_label|missing_sugar
food_with_all_nutrients,599,1,Stewed Dried Fish,STEWED DRIED FISH,,Food composition table per 100g edible portion,PER_100G,330,1380,25.7,3.9,,23.2,0,0,1.4,0.572,1.43,189,,,Kenya food composition,,,food_composition_not_packaged_label|missing_sugar
food_with_all_nutrients,625,1,Stewed Goat Meat,STEWED GOAT MEAT,,Food composition table per 100g edible portion,PER_100G,222,925,17.1,5.2,,14.6,0,0,0.8,0.783,1.9575,16,,,Kenya food composition,,,food_composition_not_packaged_label|missing_sugar
food_with_all_nutrients,614,1,Stewed Green Bananas,STEWED GREEN BANANAS,,Food composition table per 100g edible portion,PER_100G,84,350,1,10.4,,3.8,0,0,2.2,0.1,0.25,9,,,Kenya food composition,,,food_composition_not_packaged_label|missing_sugar
food_with_all_nutrients,612,1,Stewed Guinea Fowl,STEWED GUINEA FOWL,,Food composition table per 100g edible portion,PER_100G,154,642,15.8,2,,9,0,0,0.7,0.736,1.84,31,,,Kenya food composition,,,food_composition_not_packaged_label|missing_sugar
food_with_all_nutrients,596,1,Stewed Kunde & Mrenda (Cowpeas Leaves and Jute Mallow),STEWED KUNDE MRENDA COWPEAS LEAVES AND JUTE MALLOW,,Food composition table per 100g edible portion,PER_100G,57,238,3.7,4.4,,2,0,0,3.3,0.761,1.9025,158,,,Kenya food composition,,,food_composition_not_packaged_label|missing_sugar
food_with_all_nutrients,597,1,Stewed Mushrooms in Peanut Butter (Obwoba),STEWED MUSHROOMS IN PEANUT BUTTER OBWOBA,,Food composition table per 100g edible portion,PER_100G,117,487,4.9,8.3,,6.3,0,0,3.8,0.822,2.055,38,,,Kenya food composition,,,food_composition_not_packaged_label|missing_sugar
food_with_all_nutrients,624,1,Stewed Nile Perch,STEWED NILE PERCH,,Food composition table per 100g edible portion,PER_100G,125,522,14.3,2.5,,6.3,0,0,0.5,0.596,1.49,105,,,Kenya food composition,,,food_composition_not_packaged_label|missing_sugar
food_with_all_nutrients,574,1,Stewed Potatoes & Arrowroots,STEWED POTATOES ARROWROOTS,,Food composition table per 100g edible portion,PER_100G,90,380,1.9,15,,2.1,0,0,1.8,0.173,0.4325,8,,,Kenya food composition,,,food_composition_not_packaged_label|missing_sugar
food_with_all_nutrients,643,1,Stewed Split Dal,STEWED SPLIT DAL,,Food composition table per 100g edible portion,PER_100G,69,291,3.7,8.1,,1.9,0,0,2.7,0.459,1.1475,22,,,Kenya food composition,,,food_composition_not_packaged_label|missing_sugar
food_with_all_nutrients,257,1,"Stinging nettle, leaves, boiled, drained (without salt)",STINGING NETTLE LEAVES BOILED DRAINED WITHOUT SALT,,Food composition table per 100g edible portion,PER_100G,56,237,5.1,6.4,,0.7,0,0,2,0.026,0.065,604,,,Kenya food composition,,,food_composition_not_packaged_label|missing_sugar
food_with_all_nutrients,256,1,"Stinging nettle, leaves, raw",STINGING NETTLE LEAVES RAW,,Food composition table per 100g edible portion,PER_100G,59,248,5.4,6.7,,0.7,0,0,2.1,0.036,0.09,668,,,Kenya food composition,,,food_composition_not_packaged_label|missing_sugar
food_with_all_nutrients,258,1,"Stinging nettle, leaves, steamed (without salt)",STINGING NETTLE LEAVES STEAMED WITHOUT SALT,,Food composition table per 100g edible portion,PER_100G,51,216,4.7,5.8,,0.6,0,0,1.8,0.027,0.0675,552,,,Kenya food composition,,,food_composition_not_packaged_label|missing_sugar
food_with_all_nutrients,615,1,Stir Fried Beef,STIR FRIED BEEF,,Food composition table per 100g edible portion,PER_100G,255,1066,26.7,5,,14.1,0,0,1,0.682,1.705,16,,,Kenya food composition,,,food_composition_not_packaged_label|missing_sugar
food_with_all_nutrients,549,1,Stir-fried Cabbage,STIR FRIED CABBAGE,,Food composition table per 100g edible portion,PER_100G,100,411,1.2,3.1,,8.6,0,0,2.4,0.51,1.275,48,,,Kenya food composition,,,food_composition_not_packaged_label|missing_sugar
food_with_all_nutrients,616,1,Stir Fried Goat Meat,STIR FRIED GOAT MEAT,,Food composition table per 100g edible portion,PER_100G,383,1600,32.1,10.4,,23.3,0,0,1.7,0.221,0.5525,33,,,Kenya food composition,,,food_composition_not_packaged_label|missing_sugar
food_with_all_nutrients,593,1,Stir-fried Spinach,STIR FRIED SPINACH,,Food composition table per 100g edible portion,PER_100G,74,307,2.8,2,,5.4,0,0,3.3,0.87,2.175,99,,,Kenya food composition,,,food_composition_not_packaged_label|missing_sugar
food_with_all_nutrients,300,1,"Strawberry, raw",STRAWBERRY RAW,,Food composition table per 100g edible portion,PER_100G,35,146,0.7,6.3,,0.2,0,0,2.5,0.003,0.0075,19,,,Kenya food composition,,,food_composition_not_packaged_label|missing_sugar
food_with_all_nutrients,469,1,"Sugar, white, granulated or lump",SUGAR WHITE GRANULATED OR LUMP,,Food composition table per 100g edible portion,PER_100G,400,1700,0,100,,0,0,0,0,0,0,0,,,Kenya food composition,,,food_composition_not_packaged_label|missing_sugar
food_with_all_nutrients,468,1,"Sugarcane, Juice, Raw",SUGARCANE JUICE RAW,,Food composition table per 100g edible portion,PER_100G,37,159,0.1,8.5,,0.2,0,0,0.6,0.001,0.0025,10,,,Kenya food composition,,,food_composition_not_packaged_label|missing_sugar
food_with_all_nutrients,548,1,Sukumawiki,SUKUMAWIKI,,Food composition table per 100g edible portion,PER_100G,54,225,2.5,2.1,,3.2,0,0,3.8,0.123,0.3075,291,,,Kenya food composition,,,food_composition_not_packaged_label|missing_sugar
food_with_all_nutrients,450,1,Sun flower oil,SUN FLOWER OIL,,Food composition table per 100g edible portion,PER_100G,900,3700,0,0,,100,0,0,0,0,0,0,,,Kenya food composition,,,food_composition_not_packaged_label|missing_sugar
food_with_all_nutrients,86,1,"Sweet potato, brown skin, peeled, boiled, drained (without salt)",SWEET POTATO BROWN SKIN PEELED BOILED DRAINED WITHOUT SALT,,Food composition table per 100g edible portion,PER_100G,101,428,1.7,20.8,,0.4,0,0,4,0.016,0.04,21,,,Kenya food composition,,,food_composition_not_packaged_label|missing_sugar
food_with_all_nutrients,85,1,"Sweet potato, brown skin, peeled, raw",SWEET POTATO BROWN SKIN PEELED RAW,,Food composition table per 100g edible portion,PER_100G,101,428,1.7,20.8,,0.4,0,0,4,0.02,0.05,22,,,Kenya food composition,,,food_composition_not_packaged_label|missing_sugar
food_with_all_nutrients,259,1,Sweet Potato (Leaves),SWEET POTATO LEAVES,,Food composition table per 100g edible portion,PER_100G,36,150,4.3,0.8,,0.5,0,0,5.3,0.006,0.015,118,,,Kenya food composition,,,food_composition_not_packaged_label|missing_sugar
food_with_all_nutrients,89,1,"Sweet potato, pink skin",SWEET POTATO PINK SKIN,,Food composition table per 100g edible portion,PER_100G,83,349,1.8,15.6,,0.6,0,0,3.9,0.011,0.0275,14,,,Kenya food composition,,,food_composition_not_packaged_label|missing_sugar
food_with_all_nutrients,90,1,"Sweet potato, pink skin, boiled, drained (without salt)",SWEET POTATO PINK SKIN BOILED DRAINED WITHOUT SALT,,Food composition table per 100g edible portion,PER_100G,83,349,1.8,15.6,,0.6,0,0,3.9,0.009,0.0225,13,,,Kenya food composition,,,food_composition_not_packaged_label|missing_sugar
food_with_all_nutrients,630,1,Sweet Potatoes with Peanut Butter,SWEET POTATOES WITH PEANUT BUTTER,,Food composition table per 100g edible portion,PER_100G,89,373,2.2,9.3,,4.4,0,0,2.2,0.13,0.325,23,,,Kenya food composition,,,food_composition_not_packaged_label|missing_sugar
food_with_all_nutrients,88,1,"Sweetpotato, orange, biofortified, boiled, drained (without salt)",SWEETPOTATO ORANGE BIOFORTIFIED BOILED DRAINED WITHOUT SALT,,Food composition table per 100g edible portion,PER_100G,77,325,1.9,15.6,,0.1,0,0,3,0.008,0.02,26,,,Kenya food composition,,,food_composition_not_packaged_label|missing_sugar
food_with_all_nutrients,87,1,"Sweetpotato, orange, biofortified, raw",SWEETPOTATO ORANGE BIOFORTIFIED RAW,,Food composition table per 100g edible portion,PER_100G,76.9,325,1.9,15.6,,0.1,0,0,3,0.01,0.025,27,,,Kenya food composition,,,food_composition_not_packaged_label|missing_sugar
food_with_all_nutrients,507,1,"Tamarind, fruit, dry, raw",TAMARIND FRUIT DRY RAW,,Food composition table per 100g edible portion,PER_100G,298,1260,5,65.4,,0.6,0,0,5.3,0.025,0.0625,166,,,Kenya food composition,,,food_composition_not_packaged_label|missing_sugar
food_with_all_nutrients,508,1,"Tamarind, fruit, fresh, raw",TAMARIND FRUIT FRESH RAW,,Food composition table per 100g edible portion,PER_100G,298,1260,2,69.5,,0.2,0,0,5.3,0.025,0.0625,105,,,Kenya food composition,,,food_composition_not_packaged_label|missing_sugar
food_with_all_nutrients,301,1,"Tangerine, juice, non-commercial",TANGERINE JUICE NON COMMERCIAL,,Food composition table per 100g edible portion,PER_100G,46,195,0.6,10.3,,0.2,0,0,0.2,0.001,0.0025,12,,,Kenya food composition,,,food_composition_not_packaged_label|missing_sugar
food_with_all_nutrients,302,1,"Tangerine, pulp, raw",TANGERINE PULP RAW,,Food composition table per 100g edible portion,PER_100G,52,218,0.87,10.8,,0.2,0,0,1.5,0.002,0.005,26,,,Kenya food composition,,,food_composition_not_packaged_label|missing_sugar
food_with_all_nutrients,91,1,"Taro, peeled, raw",TARO PEELED RAW,,Food composition table per 100g edible portion,PER_100G,97,411,1.8,20.3,,0.2,0,0,3.5,0.01,0.025,51,,,Kenya food composition,,,food_composition_not_packaged_label|missing_sugar
food_with_all_nutrients,474,1,"Tea, chai, instant dry powder",TEA CHAI INSTANT DRY POWDER,,Food composition table per 100g edible portion,PER_100G,299,1270,20.2,50.2,,0,0,0,8.5,0.072,0.18,118,,,Kenya food composition,,,food_composition_not_packaged_label|missing_sugar
food_with_all_nutrients,60,1,"Teff, raw",TEFF RAW,,Food composition table per 100g edible portion,PER_100G,351,1490,13.3,65.1,,2.4,0,0,8,0.012,0.03,180,,,Kenya food composition,,,food_composition_not_packaged_label|missing_sugar
food_with_all_nutrients,547,1,Terere (Amaranth),TERERE AMARANTH,,Food composition table per 100g edible portion,PER_100G,83,342,3,2.9,,5.3,0,0,5.5,0.161,0.4025,192,,,Kenya food composition,,,food_composition_not_packaged_label|missing_sugar
food_with_all_nutrients,516,1,"Termite, Dry, Raw",TERMITE DRY RAW,,Food composition table per 100g edible portion,PER_100G,557,2310,35,3.4,,43.6,0,0,5.5,1.969,4.9225,91,,,Kenya food composition,,,food_composition_not_packaged_label|missing_sugar
food_with_all_nutrients,517,1,"Termite, Fresh, Raw",TERMITE FRESH RAW,,Food composition table per 100g edible portion,PER_100G,367,1530,30.9,0,,27,0,0,2.7,0.004,0.01,1460,,,Kenya food composition,,,food_composition_not_packaged_label|missing_sugar
food_with_all_nutrients,594,1,Thabai / Thaa (Stinging Nettle),THABAI THAA STINGING NETTLE,,Food composition table per 100g edible portion,PER_100G,34,143,1.2,1.9,,2.4,0,0,0.6,0.312,0.78,132,,,Kenya food composition,,,food_composition_not_packaged_label|missing_sugar
food_with_all_nutrients,264,1,"Tomato, canned, whole contents",TOMATO CANNED WHOLE CONTENTS,,Food composition table per 100g edible portion,PER_100G,20,84,1,3.1,,0.1,0,0,1.3,0.068,0.17,22,,,Kenya food composition,,,food_composition_not_packaged_label|missing_sugar
food_with_all_nutrients,261,1,"Tomato, green, boiled, drained (without salt)",TOMATO GREEN BOILED DRAINED WITHOUT SALT,,Food composition table per 100g edible portion,PER_100G,29,121,1.4,4.2,,0.3,0,0,2.1,0.013,0.0325,10,,,Kenya food composition,,,food_composition_not_packaged_label|missing_sugar
food_with_all_nutrients,260,1,"Tomato, green, raw",TOMATO GREEN RAW,,Food composition table per 100g edible portion,PER_100G,23,95,1.1,3.3,,0.2,0,0,1.6,0.013,0.0325,8,,,Kenya food composition,,,food_composition_not_packaged_label|missing_sugar
food_with_all_nutrients,510,1,"Tomato, paste, with added salt",TOMATO PASTE WITH ADDED SALT,,Food composition table per 100g edible portion,PER_100G,78,329,3.2,13.6,,0.3,0,0,4.1,0.63,1.575,30,,,Kenya food composition,,,food_composition_not_packaged_label|missing_sugar
food_with_all_nutrients,263,1,"Tomato, red, ripe, boiled, drained (without salt)",TOMATO RED RIPE BOILED DRAINED WITHOUT SALT,,Food composition table per 100g edible portion,PER_100G,28,118,1.3,4.2,,0.3,0,0,1.8,0.02,0.05,10,,,Kenya food composition,,,food_composition_not_packaged_label|missing_sugar
food_with_all_nutrients,262,1,"Tomato, red, ripe, raw",TOMATO RED RIPE RAW,,Food composition table per 100g edible portion,PER_100G,22,92,1,3.3,,0.2,0,0,1.4,0.021,0.0525,8,,,Kenya food composition,,,food_composition_not_packaged_label|missing_sugar
food_with_all_nutrients,509,1,"Tomato, sauce (Ketchup)",TOMATO SAUCE KETCHUP,,Food composition table per 100g edible portion,PER_100G,115,489,1.6,26.1,,0.2,0,0,1.5,0.918,2.295,13,,,Kenya food composition,,,food_composition_not_packaged_label|missing_sugar
food_with_all_nutrients,511,1,"Tomato, soup, condensed, canned",TOMATO SOUP CONDENSED CANNED,,Food composition table per 100g edible portion,PER_100G,54,227,1,10.8,,0.3,0,0,1.9,0.545,1.3625,10,,,Kenya food composition,,,food_composition_not_packaged_label|missing_sugar
food_with_all_nutrients,303,1,"Tree tomato, dark red skin, peeled, raw",TREE TOMATO DARK RED SKIN PEELED RAW,,Food composition table per 100g edible portion,PER_100G,43,177,2.1,4.6,,0.3,0,0,6.5,0.02,0.05,56,,,Kenya food composition,,,food_composition_not_packaged_label|missing_sugar
food_with_all_nutrients,589,1,Tsiswa (Termites),TSISWA TERMITES,,Food composition table per 100g edible portion,PER_100G,515,2140,31.6,7.3,,38.8,0,0,5.1,2.28,5.7,137,,,Kenya food composition,,,food_composition_not_packaged_label|missing_sugar
food_with_all_nutrients,437,1,"Tuna, boiled in recipe (without salt and fat)",TUNA BOILED IN RECIPE WITHOUT SALT AND FAT,,Food composition table per 100g edible portion,PER_100G,148,625,31.2,0,,2.5,0,0,0,0.063,0.1575,7,,,Kenya food composition,,,food_composition_not_packaged_label|missing_sugar
food_with_all_nutrients,436,1,"Tuna, grilled (without salt and fat)",TUNA GRILLED WITHOUT SALT AND FAT,,Food composition table per 100g edible portion,PER_100G,160,675,33.8,0,,2.7,0,0,0,0.057,0.1425,7,,,Kenya food composition,,,food_composition_not_packaged_label|missing_sugar
food_with_all_nutrients,434,1,"Tuna, raw",TUNA RAW,,Food composition table per 100g edible portion,PER_100G,118,500,25,0,,2,0,0,0,0.05,0.125,5,,,Kenya food composition,,,food_composition_not_packaged_label|missing_sugar
food_with_all_nutrients,435,1,"Tuna, steamed (without salt)",TUNA STEAMED WITHOUT SALT,,Food composition table per 100g edible portion,PER_100G,148,625,31.2,0,,2.5,0,0,0,0.053,0.1325,7,,,Kenya food composition,,,food_composition_not_packaged_label|missing_sugar
food_with_all_nutrients,512,1,"Turmeric, dried, ground",TURMERIC DRIED GROUND,,Food composition table per 100g edible portion,PER_100G,300,1260,6.3,51.7,,3.1,0,0,20,0.025,0.0625,500,,,Kenya food composition,,,food_composition_not_packaged_label|missing_sugar
food_with_all_nutrients,92,1,"Turnip, root, raw",TURNIP ROOT RAW,,Food composition table per 100g edible portion,PER_100G,22,94,0.7,3.6,,0.2,0,0,1.7,0.029,0.0725,34,,,Kenya food composition,,,food_composition_not_packaged_label|missing_sugar
food_with_all_nutrients,567,1,"Ugali (Cassava, finger millet & sorghum flour)",UGALI CASSAVA FINGER MILLET SORGHUM FLOUR,,Food composition table per 100g edible portion,PER_100G,145,613,2,30.7,,0.6,0,0,4.3,0.011,0.0275,69,,,Kenya food composition,,,food_composition_not_packaged_label|missing_sugar
food_with_all_nutrients,543,1,Vegetable Samosa,VEGETABLE SAMOSA,,Food composition table per 100g edible portion,PER_100G,325,1361,8.5,40.2,,13.1,0,0,6.2,0.243,0.6075,55,,,Kenya food composition,,,food_composition_not_packaged_label|missing_sugar
food_with_all_nutrients,580,1,Vimumunya vya Chumvi (Pumpkin & Coconut Milk),VIMUMUNYA VYA CHUMVI PUMPKIN COCONUT MILK,,Food composition table per 100g edible portion,PER_100G,72,297,1.3,4.6,,4.9,0,0,1.9,0.325,0.8125,16,,,Kenya food composition,,,food_composition_not_packaged_label|missing_sugar
food_with_all_nutrients,584,1,Vimumunya vya Sukari (Sweetened Pumpkin & Coconut Milk),VIMUMUNYA VYA SUKARI SWEETENED PUMPKIN COCONUT MILK,,Food composition table per 100g edible portion,PER_100G,93,390,1.1,14.5,,3,0,0,1.8,0.015,0.0375,14,,,Kenya food composition,,,food_composition_not_packaged_label|missing_sugar
food_with_all_nutrients,266,1,"Vine (African) spinach, picked leaves, boiled, drained (without salt)",VINE AFRICAN SPINACH PICKED LEAVES BOILED DRAINED WITHOUT SALT,,Food composition table per 100g edible portion,PER_100G,30,123,3.6,0.2,,0.7,0,0,3.9,0.006,0.015,267,,,Kenya food composition,,,food_composition_not_packaged_label|missing_sugar
food_with_all_nutrients,265,1,"Vine (African) spinach, picked leaves, raw",VINE AFRICAN SPINACH PICKED LEAVES RAW,,Food composition table per 100g edible portion,PER_100G,28,117,3.4,0.2,,0.7,0,0,3.7,0.008,0.02,267,,,Kenya food composition,,,food_composition_not_packaged_label|missing_sugar
food_with_all_nutrients,556,1,Vine spinach,VINE SPINACH,,Food composition table per 100g edible portion,PER_100G,72,299,3.2,1.4,,5.2,0,0,3.5,0.17,0.425,233,,,Kenya food composition,,,food_composition_not_packaged_label|missing_sugar
food_with_all_nutrients,581,1,Vinolo (Banana and Maize Flour Ugali),VINOLO BANANA AND MAIZE FLOUR UGALI,,Food composition table per 100g edible portion,PER_100G,124,524,2.2,25.5,,0.9,0,0,2.5,0.009,0.0225,9,,,Kenya food composition,,,food_composition_not_packaged_label|missing_sugar
food_with_all_nutrients,466,1,"Water Melon, Seed Kernel, Dry, Raw",WATER MELON SEED KERNEL DRY RAW,,Food composition table per 100g edible portion,PER_100G,590,2450,30,7.6,,47.5,0,0,6,0.099,0.2475,69,,,Kenya food composition,,,food_composition_not_packaged_label|missing_sugar
food_with_all_nutrients,475,1,"Water, tap",WATER TAP,,Food composition table per 100g edible portion,PER_100G,0,0,0,0,,0,0,0,0,0.003,0.0075,3,,,Kenya food composition,,,food_composition_not_packaged_label|missing_sugar
food_with_all_nutrients,304,1,"Watermelon, fruit, green with white stripes, raw",WATERMELON FRUIT GREEN WITH WHITE STRIPES RAW,,Food composition table per 100g edible portion,PER_100G,26,112,0.6,5,,0.3,0,0,0.93,0.002,0.005,4,,,Kenya food composition,,,food_composition_not_packaged_label|missing_sugar
food_with_all_nutrients,61,1,Wheat Flour-Atta,WHEAT FLOUR ATTA,,Food composition table per 100g edible portion,PER_100G,334,1410,11.4,62.4,,1.8,0,0,11.3,0.002,0.005,34,,,Kenya food composition,,,food_composition_not_packaged_label|missing_sugar
food_with_all_nutrients,652,1,Wheat Flour Porridge,WHEAT FLOUR PORRIDGE,,Food composition table per 100g edible portion,PER_100G,111,468,2.5,16.1,,3.9,0,0,0.9,0.003,0.0075,14,,,Kenya food composition,,,food_composition_not_packaged_label|missing_sugar
food_with_all_nutrients,62,1,"Wheat Flour (refined/fortified/sifted packaged), raw",WHEAT FLOUR REFINED FORTIFIED SIFTED PACKAGED RAW,,Food composition table per 100g edible portion,PER_100G,349,1480,11.2,70.7,,1.6,0.22,0,3.6,0.002,0.005,35,,,Kenya food composition,,,food_composition_not_packaged_label|missing_sugar
food_with_all_nutrients,63,1,"Wheat, whole, flour, raw",WHEAT WHOLE FLOUR RAW,,Food composition table per 100g edible portion,PER_100G,328,1380,11.3,58,,2.5,0,0,14,0.003,0.0075,39,,,Kenya food composition,,,food_composition_not_packaged_label|missing_sugar
food_with_all_nutrients,65,1,"Wheat, whole, grain, dry, boiled (without salt)",WHEAT WHOLE GRAIN DRY BOILED WITHOUT SALT,,Food composition table per 100g edible portion,PER_100G,184,777,6.5,32.5,,1.4,0,0,7.9,0.002,0.005,23,,,Kenya food composition,,,food_composition_not_packaged_label|missing_sugar
food_with_all_nutrients,64,1,"Wheat, whole, grain, dry, raw",WHEAT WHOLE GRAIN DRY RAW,,Food composition table per 100g edible portion,PER_100G,328,1380,11.6,57.8,,2.5,0.36,0,14,0.002,0.005,39,,,Kenya food composition,,,food_composition_not_packaged_label|missing_sugar
food_with_all_nutrients,66,1,"Wheat, whole, grain, dry, stewed (without salt)",WHEAT WHOLE GRAIN DRY STEWED WITHOUT SALT,,Food composition table per 100g edible portion,PER_100G,184,777,6.5,32.5,,1.4,0,0,7.9,0.003,0.0075,23,,,Kenya food composition,,,food_composition_not_packaged_label|missing_sugar
food_with_all_nutrients,536,1,White Chapati,WHITE CHAPATI,,Food composition table per 100g edible portion,PER_100G,424,1774,7.8,49.6,,21.1,0,0,2.5,0.1,0.25,25,,,Kenya food composition,,,food_composition_not_packaged_label|missing_sugar
food_with_all_nutrients,522,1,Whole Maize Flour Ugali,WHOLE MAIZE FLOUR UGALI,,Food composition table per 100g edible portion,PER_100G,141,596,3.3,26,,1.8,0,0,3.8,0.007,0.0175,12,,,Kenya food composition,,,food_composition_not_packaged_label|missing_sugar
food_with_all_nutrients,476,1,"Wine, Red",WINE RED,,Food composition table per 100g edible portion,PER_100G,74,306,0.2,1.8,,0,0,0,0,0.01,0.025,8,,,Kenya food composition,,,food_composition_not_packaged_label|missing_sugar
food_with_all_nutrients,477,1,"Wine, White, Dry",WINE WHITE DRY,,Food composition table per 100g edible portion,PER_100G,76,313,0.1,0.7,,0,0,0,0,0.014,0.035,8,,,Kenya food composition,,,food_composition_not_packaged_label|missing_sugar
food_with_all_nutrients,478,1,"Wine, White, Sweet",WINE WHITE SWEET,,Food composition table per 100g edible portion,PER_100G,94,391,0.2,5.4,,0,0,0,0,0.02,0.05,10,,,Kenya food composition,,,food_composition_not_packaged_label|missing_sugar
food_with_all_nutrients,585,1,Wukunu (sweet potatoes &dehulled black beans,WUKUNU SWEET POTATOES DEHULLED BLACK BEANS,,Food composition table per 100g edible portion,PER_100G,94,396,4.1,15.8,,0.6,0,0,4.6,0.229,0.5725,21,,,Kenya food composition,,,food_composition_not_packaged_label|missing_sugar
food_with_all_nutrients,93,1,"Yam, flour",YAM FLOUR,,Food composition table per 100g edible portion,PER_100G,312,1320,3.4,67.4,,0.4,0,0,12.8,0.028,0.07,20,,,Kenya food composition,,,food_composition_not_packaged_label|missing_sugar
food_with_all_nutrients,568,1,Yam Stew,YAM STEW,,Food composition table per 100g edible portion,PER_100G,94,394,1.5,15.3,,2.4,0,0,2.5,0.347,0.8675,13,,,Kenya food composition,,,food_composition_not_packaged_label|missing_sugar
food_with_all_nutrients,95,1,"Yam, white, boiled, drained (without salt)",YAM WHITE BOILED DRAINED WITHOUT SALT,,Food composition table per 100g edible portion,PER_100G,118,500,2,24.9,,0.2,0,0,4.3,0.008,0.02,16,,,Kenya food composition,,,food_composition_not_packaged_label|missing_sugar
food_with_all_nutrients,94,1,"Yam, white, raw",YAM WHITE RAW,,Food composition table per 100g edible portion,PER_100G,112,475,1.9,23.7,,0.2,0,0,4.1,0.01,0.025,16,,,Kenya food composition,,,food_composition_not_packaged_label|missing_sugar
food_with_all_nutrients,513,1,"Yeast, dry powder",YEAST DRY POWDER,,Food composition table per 100g edible portion,PER_100G,347,1460,35.7,30.5,,4.9,0,0,19.3,0.05,0.125,120,,,Kenya food composition,,,food_composition_not_packaged_label|missing_sugar
food_with_all_nutrients,336,1,"Yoghurt, cow milk, whole, plain",YOGHURT COW MILK WHOLE PLAIN,,Food composition table per 100g edible portion,PER_100G,85,356,2.9,11.3,,3.1,1.74,0.13,0,0.032,0.08,149,,,Kenya food composition,,,food_composition_not_packaged_label|missing_sugar
food_with_all_nutrients,305,1,"Zambarau, peeled, raw",ZAMBARAU PEELED RAW,,Food composition table per 100g edible portion,PER_100G,59,252,0.52,13.5,,0.4,0,0,0,0.011,0.0275,44,,,Kenya food composition,,,food_composition_not_packaged_label|missing_sugar
