Food Name,Sugar,Fat,Sodium,class_name,subclass_name,nova,octagons
Chupa Chups Sour Bites Mixed Fruit Sour Candy Belt,17g,0.5g,0.05g,CANDY AND CONFECTIONERY,SWEETS/CANDY,Ultra-processed foods,1
Candy Kenya Eclairs Lollipop,48g,17g,,CANDY AND CONFECTIONERY,SWEETS/CANDY,Ultra-processed foods,2
Candy Kenya Sweety Sweety Lollipop,25.16g,0.08g,,CANDY AND CONFECTIONERY,SWEETS/CANDY,Ultra-processed foods,1
Chupa Chups Strawberry Melody Pops Lollipop,76g,0g,0.008g,CANDY AND CONFECTIONERY,SWEETS/CANDY,Ultra-processed foods,1
CHUPA CHUPS SOUR TUBES,,,,CANDY AND CONFECTIONERY,SWEETS/CANDY,Ultra-processed foods,0
Florestal Pop Kiss Black Cola Lollipop,40g,9g,0.0077g,CANDY AND CONFECTIONERY,SWEETS/CANDY,Ultra-processed foods,2
Florestal Pop Tattoo Panico Tutti Frutti Lollipop,32g,7g,,CANDY AND CONFECTIONERY,SWEETS/CANDY,Ultra-processed foods,1
Mr Berry s Bigg Daddy Passion Lollipop,0g,0g,,CANDY AND CONFECTIONERY,SWEETS/CANDY,Ultra-processed foods,0
Chupa Chups Big Babol Strawberry Soft Bubble Gum,59.6g,0g,0g,CANDY AND CONFECTIONERY,CHEWING GUMS,Ultra-processed foods,1
Clown Candy Kenya Milky Milk Lollipop,62g,7g,,CANDY AND CONFECTIONERY,SWEETS/CANDY,Ultra-processed foods,1
CKL Kenya Candy Sweety Sweety Lollipop,25.16g,0.08g,,CANDY AND CONFECTIONERY,SWEETS/CANDY,Ultra-processed foods,1
Clown Kenya Mr Painter Lollipops,63g,33g,0.135g,CANDY AND CONFECTIONERY,SWEETS/CANDY,Ultra-processed foods,2
Chupa Chups Sour Bites Mixed Fruit Jelly Candy,17g,0.5g,0.05g,CANDY AND CONFECTIONERY,SWEETS/CANDY,Ultra-processed foods,1
BIGG DADDY PASSION LOLLIPOPS,,,,CANDY AND CONFECTIONERY,SWEETS/CANDY,Ultra-processed foods,0
BIGG DADDY PARTY MIX LOLLIPOPS,,,,CANDY AND CONFECTIONERY,SWEETS/CANDY,Ultra-processed foods,0
Clown Big Pop Fruit Flavoured Lollipop XXL,,,,CANDY AND CONFECTIONERY,SWEETS/CANDY,Ultra-processed foods,0
Clown Candy Kenya Milkees Milk Lollipop,73g,,,CANDY AND CONFECTIONERY,SWEETS/CANDY,Ultra-processed foods,1
Candy Kenya Full Filling Butter Pops XXL Candy,22g,29g,,CANDY AND CONFECTIONERY,SWEETS/CANDY,Ultra-processed foods,2
Clown Candy Kenya Big Boll XXL Fruit Lollipops,83g,7g,0.07g,CANDY AND CONFECTIONERY,SWEETS/CANDY,Ultra-processed foods,1
CKL Mint Twist White Candy,12g,,,CANDY AND CONFECTIONERY,SWEETS/CANDY,Ultra-processed foods,1
CANDY KENYA MONSTER POPS XXL,,,,CANDY AND CONFECTIONERY,SWEETS/CANDY,Ultra-processed foods,0
Clown Kenya Mr Painter Lollipops XXL x,63g,33g,0.135g,CANDY AND CONFECTIONERY,SWEETS/CANDY,Ultra-processed foods,2
CKL Kenya Sweety Lollipops XXL x,25.16g,0.08g,0g,CANDY AND CONFECTIONERY,SWEETS/CANDY,Ultra-processed foods,1
Mr Berry s King Kuba XXL Bigger Gum Center Tongue Painter Lollipop,,,,CANDY AND CONFECTIONERY,SWEETS/CANDY,Ultra-processed foods,0
Chupa Chups Sour Lollipos,,,,CANDY AND CONFECTIONERY,SWEETS/CANDY,Ultra-processed foods,0
NUVITA CHOCOLATE CREAM PUFFS,,,,"COOKIES, BISCUITS AND WAFERS",BISCUITS,Ultra-processed foods,0
NuVita Secrets Original Cream,61g,22g,0g,"COOKIES, BISCUITS AND WAFERS",BISCUITS,Ultra-processed foods,2
Nuvita Lemon Cream Puffs,,,,"COOKIES, BISCUITS AND WAFERS",BISCUITS,Ultra-processed foods,0
NuVita Secrets Coconut Cream,59g,20g,,BAKING ADDITIVES,COCONUT CREAM,Processed foods,2
Hide Seek Chocolate Jar Biscuit,32.2g,18g,,"COOKIES, BISCUITS AND WAFERS",BISCUITS,Ultra-processed foods,2
Oreo Original Biscuits,14g,7g,0.135g,"COOKIES, BISCUITS AND WAFERS",BISCUITS,Ultra-processed foods,1
Bisconni Chocolatto Center Filled Chocolate Cookies,7g,5.7g,0.02g,"COOKIES, BISCUITS AND WAFERS",COOKIES,Ultra-processed foods,1
Sunveat Strawberry Cream Biscuits,0g,6g,0.109g,"COOKIES, BISCUITS AND WAFERS",BISCUITS,Ultra-processed foods,0
Sunveat Petit Beurre Choco Vanilla Biscuit,,,,"COOKIES, BISCUITS AND WAFERS",BISCUITS,Ultra-processed foods,0
Bisconni Chocolate Chip Cookies,2g,4g,0.038g,"COOKIES, BISCUITS AND WAFERS",COOKIES,Ultra-processed foods,0
Sunveat Chocolate Cream Biscuits,22g,12g,,"COOKIES, BISCUITS AND WAFERS",BISCUITS,Ultra-processed foods,2
Sunveat Petit Beurre Lemon Biscuit,,,,"COOKIES, BISCUITS AND WAFERS",BISCUITS,Ultra-processed foods,0
Sunveat Petit Biscuit Strawberry Creamy,,,,"COOKIES, BISCUITS AND WAFERS",BISCUITS,Ultra-processed foods,0
NUVITA SECRETS COCONUT CREAMS,59g,20g,,"COOKIES, BISCUITS AND WAFERS",BISCUITS,Ultra-processed foods,2
Oreo Choco Biscuit,,,,"COOKIES, BISCUITS AND WAFERS",BISCUITS,Ultra-processed foods,0
Oreo Original Chocolate Cream Biscuit,40g,19g,0.55g,"COOKIES, BISCUITS AND WAFERS",BISCUITS,Ultra-processed foods,3
Manji Chocolate Cream Biscuits,,,,"COOKIES, BISCUITS AND WAFERS",BISCUITS,Ultra-processed foods,0
COCOA BISCUIT WITH COCOA CREAM,0g,0.094g,,"COOKIES, BISCUITS AND WAFERS",BISCUITS,Ultra-processed foods,0
Vanilla Cocoa Cream Biscuit,,8g,,"COOKIES, BISCUITS AND WAFERS",BISCUITS,Ultra-processed foods,1
Solen Papita Milk Chocolate And Caramel Coated Biscuit,14g,4.5g,0.12g,"COOKIES, BISCUITS AND WAFERS",BISCUITS,Ultra-processed foods,1
Solen Papita Milk Chocolate Cream Coated Biscuit,14g,4.5g,0.12g,"COOKIES, BISCUITS AND WAFERS",BISCUITS,Ultra-processed foods,1
Treff Creams Sandwich Biscuits Orange,5g,,0.023g,"COOKIES, BISCUITS AND WAFERS",BISCUITS,Ultra-processed foods,1
Treff Creams Sandwich Biscuits Strawberry,,,,"COOKIES, BISCUITS AND WAFERS",BISCUITS,Ultra-processed foods,0
Treff Creams Biscuits Choco Vanilla,,,,"COOKIES, BISCUITS AND WAFERS",BISCUITS,Ultra-processed foods,0
Treff Creams Sandwich Biscuits P A,26g,2.39g,0.671g,"COOKIES, BISCUITS AND WAFERS",BISCUITS,Ultra-processed foods,2
Treff Creams Sandwich Biscuits Mango,,,,"COOKIES, BISCUITS AND WAFERS",BISCUITS,Ultra-processed foods,0
Treff Creams Sandwich Biscuits Chocolate,,,,"COOKIES, BISCUITS AND WAFERS",BISCUITS,Ultra-processed foods,0
Fairy Bee Oat Choco Chocolate Biscuit,26g,2.39g,,"COOKIES, BISCUITS AND WAFERS",BISCUITS,Ultra-processed foods,1
Treff Cream Lemon Fresh Biscuit,,,,"COOKIES, BISCUITS AND WAFERS",BISCUITS,Ultra-processed foods,0
Sunveat Bourbon Chocolate Cream Biscuit,,4g,,"COOKIES, BISCUITS AND WAFERS",BISCUITS,Ultra-processed foods,0
Treff Cream Flavoured Biscuit Choco Vanilla,,,,"COOKIES, BISCUITS AND WAFERS",BISCUITS,Ultra-processed foods,0
Parle Nice Biscuits 195.,24.9g,18.2g,,"COOKIES, BISCUITS AND WAFERS",BISCUITS,Ultra-processed foods,2
Oreo Strawberry Biscuit,,,,"COOKIES, BISCUITS AND WAFERS",BISCUITS,Ultra-processed foods,0
Pran Bisk Club Chocolate Cream Biscuits,6g,6g,0.115g,"COOKIES, BISCUITS AND WAFERS",BISCUITS,Ultra-processed foods,1
Treff Creams Sandwich Biscuits Vanilla,0g,44g,0g,"COOKIES, BISCUITS AND WAFERS",BISCUITS,Ultra-processed foods,1
Treff Creams Biscuits Orange,,,,"COOKIES, BISCUITS AND WAFERS",BISCUITS,Ultra-processed foods,0
Oreo Chocolate Creme Flavoured Biscuits,40.6g,19.8g,0.555g,"COOKIES, BISCUITS AND WAFERS",BISCUITS,Ultra-processed foods,3
Oreo Coca Cola Biscuit,,,,"COOKIES, BISCUITS AND WAFERS",BISCUITS,Ultra-processed foods,0
Lotte Pepero Original Sticks B,,,,"COOKIES, BISCUITS AND WAFERS",WAFERS,Ultra-processed foods,0
Lotte Pepero Choco Filed Stick B,,,,"COOKIES, BISCUITS AND WAFERS",WAFERS,Ultra-processed foods,0
Lotte Pepero White Cooking Stick B,,,,"COOKIES, BISCUITS AND WAFERS",WAFERS,Ultra-processed foods,0
Lotte Pepero Almond Stick B,,,,"COOKIES, BISCUITS AND WAFERS",WAFERS,Ultra-processed foods,0
Manji Milk Chocolate Chocolate Fingers Biscuit,37g,25g,,"COOKIES, BISCUITS AND WAFERS",BISCUITS,Ultra-processed foods,2
Cadbury Dairy Milk Biscuit Chocolate Bar,50.5g,26.5g,0.122g,CHOCOLATE,CHOCOLATE BAR,Ultra-processed foods,2
Carrefour Kids Biscuits Filled With Vanilla,,,,"COOKIES, BISCUITS AND WAFERS",BISCUITS,Ultra-processed foods,0
Carrefour Milk Chocolate Butter Biscuits,40g,22g,,"COOKIES, BISCUITS AND WAFERS",BISCUITS,Ultra-processed foods,2
Carrefour Dark Chocolate Butter Biscuits,36g,23g,,"COOKIES, BISCUITS AND WAFERS",BISCUITS,Ultra-processed foods,2
Golden Bourbon Cream Biscuits,4g,3g,,"COOKIES, BISCUITS AND WAFERS",BISCUITS,Ultra-processed foods,0
Carrefour Xtrem Chocolate Hazelnut Filled Biscuits,38g,23g,,"COOKIES, BISCUITS AND WAFERS",BISCUITS,Ultra-processed foods,2
Carrefour Zoo Mini Biscuit,12.8g,8.8g,0.1g,"COOKIES, BISCUITS AND WAFERS",BISCUITS,Ultra-processed foods,2
Carrefour Stick And Choc White Chocolate Finger Biscuits,38g,28g,,"COOKIES, BISCUITS AND WAFERS",BISCUITS,Ultra-processed foods,2
Carrefour Biscuits Filled With Chocolate,,,,"COOKIES, BISCUITS AND WAFERS",BISCUITS,Ultra-processed foods,0
Mcvities Bn Strawberry Biscuit,32g,8.4g,,"COOKIES, BISCUITS AND WAFERS",BISCUITS,Ultra-processed foods,2
Solen Papita Caramel Biscuits,,,,"COOKIES, BISCUITS AND WAFERS",BISCUITS,Ultra-processed foods,0
Ubisco Kreamy Biscuits Strawberry,,,,"COOKIES, BISCUITS AND WAFERS",BISCUITS,Ultra-processed foods,0
UBISCO KREAMY BISCUITS CHOCO,,,,"COOKIES, BISCUITS AND WAFERS",BISCUITS,Ultra-processed foods,0
Bisconni Cocomo Chocolate Filled Biscuits,16g,19g,0.28g,"COOKIES, BISCUITS AND WAFERS",BISCUITS,Ultra-processed foods,3
Manji Orange Cream Biscuits,,19g,,"COOKIES, BISCUITS AND WAFERS",BISCUITS,Ultra-processed foods,1
Parle Hide Seek Fab Orange Choco Chip Sandwich Cookies,39g,22g,,"COOKIES, BISCUITS AND WAFERS",COOKIES,Ultra-processed foods,2
Parle Hide Seek Fab Strawberry Choco Chip Sandwich Cookies,39g,22g,,"COOKIES, BISCUITS AND WAFERS",COOKIES,Ultra-processed foods,2
Hide Seek Fab Vanilla Biscuit,4g,2g,,"COOKIES, BISCUITS AND WAFERS",BISCUITS,Ultra-processed foods,0
NuVita Salty Crackers,,,,"COOKIES, BISCUITS AND WAFERS",BISCUITS,Ultra-processed foods,0
NuVita Sweet Salty Crackers Biscuit,,16g,0.341g,"COOKIES, BISCUITS AND WAFERS",BISCUITS,Ultra-processed foods,2
Sweetunda Tomato Ketchup Crackies,,,,"COOKIES, BISCUITS AND WAFERS",BISCUITS,Ultra-processed foods,0
Sweetunda Fruit Chutny Crackies,6g,13g,,"COOKIES, BISCUITS AND WAFERS",BISCUITS,Ultra-processed foods,2
Tropical Heat SuperFit Rice Cakes Unsalted,1.2g,0.7g,1.8g,SWEET AND SAVOURY SNACKS,BHUSU MIX,Processed foods,1
Sweetunda Chili Salt Crackies,1g,1g,,"COOKIES, BISCUITS AND WAFERS",BISCUITS,Ultra-processed foods,0
Tropical Heat SuperFit Rice Cakes Salted,1.2g,0.7g,1.9g,SWEET AND SAVOURY SNACKS,BHUSU MIX,Processed foods,1
Pran Bisk Club Potato Spicy Biscuits,11g,8g,0g,"COOKIES, BISCUITS AND WAFERS",BISCUITS,Ultra-processed foods,2
NuVita Dinner Crackers,1g,0g,,"COOKIES, BISCUITS AND WAFERS",BISCUITS,Ultra-processed foods,0
NuVita Light Crisp Cream Crackers,1g,0g,,"COOKIES, BISCUITS AND WAFERS",BISCUITS,Ultra-processed foods,0
NuVita Sweet Salty Crackers,,17g,,"COOKIES, BISCUITS AND WAFERS",BISCUITS,Ultra-processed foods,1
FAYAZ CHEESE CRACKERS,14g,24g,1.092g,"COOKIES, BISCUITS AND WAFERS",BISCUITS,Ultra-processed foods,3
Ritz Cheese Sandwich Crackers,15.3g,28.3g,,"COOKIES, BISCUITS AND WAFERS",BISCUITS,Ultra-processed foods,2
Manji Dinner Crackers Biscuit,,5g,0.011g,"COOKIES, BISCUITS AND WAFERS",BISCUITS,Ultra-processed foods,0
NUVITA CRACKERS CHEESE,,7g,,"COOKIES, BISCUITS AND WAFERS",BISCUITS,Ultra-processed foods,0
Manji Salty Snack Biscuit,,4g,,"COOKIES, BISCUITS AND WAFERS",BISCUITS,Ultra-processed foods,0
CARRS TABLE WATER BITE ORIGINAL,1.6g,7.7g,0.6g,"COOKIES, BISCUITS AND WAFERS",BISCUITS,Ultra-processed foods,1
CARRS TABLE WATER SESAME BISC,1.5g,9.7g,0.6g,"COOKIES, BISCUITS AND WAFERS",BISCUITS,Ultra-processed foods,2
CARRS TABLE WATER CRACKED PEPPE,,1g,0.08g,"COOKIES, BISCUITS AND WAFERS",BISCUITS,Ultra-processed foods,0
Queen D Chedarpaprika Crackers,,,,"COOKIES, BISCUITS AND WAFERS",BISCUITS,Ultra-processed foods,0
Queen D Active Ch Crackers,2g,14g,0.76g,"COOKIES, BISCUITS AND WAFERS",BISCUITS,Ultra-processed foods,2
Queen D Rosemary Sage Crackers,3.3g,10g,0.9g,"COOKIES, BISCUITS AND WAFERS",BISCUITS,Ultra-processed foods,2
The Cracker Shack Sesame Lavash Crackers,10g,12g,,"COOKIES, BISCUITS AND WAFERS",BISCUITS,Ultra-processed foods,2
The Cracker Shack Amaranth Crackers,,21g,1.9g,"COOKIES, BISCUITS AND WAFERS",BISCUITS,Ultra-processed foods,2
The Cracker Shack Cheddar Crackers,,21g,1.9g,"COOKIES, BISCUITS AND WAFERS",BISCUITS,Ultra-processed foods,2
The Cracker Shack Charcoal Crackers,,6g,,"COOKIES, BISCUITS AND WAFERS",BISCUITS,Ultra-processed foods,0
The Cracker Shack Rosemary Crackers,,21g,1.9g,"COOKIES, BISCUITS AND WAFERS",BISCUITS,Ultra-processed foods,2
The Cracker Shack Gluten Free Fruit And Nut Crackers,,16g,,"COOKIES, BISCUITS AND WAFERS",BISCUITS,Ultra-processed foods,1
Queen Deli Itl Cantuci Crackers,39.1g,11.2g,,"COOKIES, BISCUITS AND WAFERS",BISCUITS,Ultra-processed foods,2
The Cracker Shack Original Gluten Free Oat And Amaranth Crackers,7g,26g,0.748g,"COOKIES, BISCUITS AND WAFERS",BISCUITS,Ultra-processed foods,3
Rakusen S Gluten Free Cracker,,,,"COOKIES, BISCUITS AND WAFERS",BISCUITS,Ultra-processed foods,0
Snak It Salty Bikis,,,,"COOKIES, BISCUITS AND WAFERS",BISCUITS,Ultra-processed foods,0
Tropical Heat Snacks Masala Sticks,7.6g,35.8g,0.6g,SWEET AND SAVOURY SNACKS,BHUSU MIX,Ultra-processed foods,3
BlueBand Peanut Butter,,49g,0.482g,PEANUT BUTTER,PEANUT BUTTER,Ultra-processed foods,2
Nuteez Smooth Peanut Butter,1g,7g,0.003g,PEANUT BUTTER,PEANUT BUTTER,Processed foods,0
Nuteez Natural Crunchy Peanut Butter,,50g,,PEANUT BUTTER,PEANUT BUTTER,Processed foods,1
Skippy Peanut Butter Creamy,3g,16g,0.15g,PEANUT BUTTER,PEANUT BUTTER,Ultra-processed foods,1
Zesta Smooth Peanut Butter,1g,7g,0.003g,PEANUT BUTTER,PEANUT BUTTER,Processed foods,0
Skippy Chunky Peanut Butter,4g,15g,0.125g,PEANUT BUTTER,PEANUT BUTTER,Ultra-processed foods,1
Peptang Healthy Creamy Peanut Butter,3g,16g,0.144g,PEANUT BUTTER,PEANUT BUTTER,Processed foods,1
ZESTA CRUNCHY PEANUT BUTTER,,,,PEANUT BUTTER,PEANUT BUTTER,Processed foods,0
Peptang Healthy No Added Sugar Peanut Butter,4g,50g,,PEANUT BUTTER,PEANUT BUTTER,Processed foods,1
Nut Gold Crunchy Peanut Butter,9g,51g,0.35g,PEANUT BUTTER,PEANUT BUTTER,Processed foods,3
Peptang Healthy Crunchy Peanut Butter,9g,51g,0.35g,PEANUT BUTTER,PEANUT BUTTER,Processed foods,3
Lotus Biscoff Spread Cookie Butter,36.8g,38.1g,0.216g,JAM/OTHER SPREADS,COOKIE BUTTER SPREAD,Ultra-processed foods,2
Crunchy Peanut Butter Sugar Free,3g,49g,0.025g,PEANUT BUTTER,PEANUT BUTTER,Processed foods,1
Sugar Free Smooth Peanut Butter,,54.4g,0.0019g,PEANUT BUTTER,PEANUT BUTTER,Processed foods,1
NUT GOLD PEANUT BUTTER CREAMY,,,,PEANUT BUTTER,PEANUT BUTTER,Ultra-processed foods,0
Dairyland Hazelnut Chocolate Bar,27.5g,17.5g,0.2g,CHOCOLATE,CHOCOLATE BAR,Ultra-processed foods,2
Dairyland Milk With Cookies Chocolate Bar,10g,10g,0.03g,CHOCOLATE,CHOCOLATE BAR,Ultra-processed foods,2
Dairyland Orange Crunch Chocolate Bar,51.4g,35.3g,,CHOCOLATE,CHOCOLATE BAR,Ultra-processed foods,2
Dairyland White With Cookies Chocolate Bar,48g,32g,0.146g,CHOCOLATE,CHOCOLATE BAR,Ultra-processed foods,2
Dairyland Salted Caramel Chocolate Bar,48g,24g,,CHOCOLATE,CHOCOLATE BAR,Ultra-processed foods,2
Dairyland Dark Milk Chocolate Bar,48.5g,36.5g,0.065g,CHOCOLATE,CHOCOLATE BAR,Ultra-processed foods,2
Dairyland Real Milk Chocolate Bar,57.3g,28.9g,0.156g,CHOCOLATE,CHOCOLATE BAR,Ultra-processed foods,2
Dairyland Almond And Raisin Chocolate Bar,41.4g,33.6g,0.095g,CHOCOLATE,CHOCOLATE BAR,Ultra-processed foods,2
Reflexx Caramel Filled With Coconut Eclairs Toffee,16.4g,5.5g,,CANDY AND CONFECTIONERY,SWEETS/CANDY,Ultra-processed foods,1
Reflexx Caramel Filled With Coffee Eclairs Toffee,49g,0.4g,,CANDY AND CONFECTIONERY,SWEETS/CANDY,Ultra-processed foods,1
Reflexx Caramel Filled With Creamy Milk Eclairs Toffee,0g,0.3g,,CANDY AND CONFECTIONERY,SWEETS/CANDY,Ultra-processed foods,0
Cadbury P S Caramilk Chocolate Bar,56.5g,26g,0.127g,CHOCOLATE,CHOCOLATE BAR,Ultra-processed foods,2
Dairyland Orange Crunch Chocolate,44g,34g,0.000008g,CHOCOLATE,CHOCOLATE,Ultra-processed foods,2
Cadbury Dairy Milk Astros Choc,,,,CHOCOLATE,CHOCOLATE,Ultra-processed foods,0
CADBURY DAIRY MILK CARAM CHOC,,,,CHOCOLATE,CHOCOLATE BAR,Ultra-processed foods,0
Reflexx Eclairs Caramel,16.4g,5.5g,,CANDY AND CONFECTIONERY,SWEETS/CANDY,Ultra-processed foods,1
Cadbury Dairy Milk Oreo Chocolate Bar,48.5g,35g,,CHOCOLATE,CHOCOLATE BAR,Ultra-processed foods,2
Rose Candy Toilet Chocolate,68.4g,1g,,CANDY AND CONFECTIONERY,SWEETS/CANDY,Ultra-processed foods,1
Candy Castle Crew Rose Triple Dipper Candy,93g,,,CANDY AND CONFECTIONERY,SWEETS/CANDY,Ultra-processed foods,1
Cadbury Flake Milk Chocolate,59g,27g,,CHOCOLATE,CHOCOLATE BAR,Ultra-processed foods,2
Cadbury Dairy Milk Button Choco,,,,CHOCOLATE,CHOCOLATE,Ultra-processed foods,0
Rolo Little Pouch Bag,60.1g,23.7g,,CANDY AND CONFECTIONERY,SWEETS/CANDY,Ultra-processed foods,2
Munchies Cookie Dough Pouch,,,,"COOKIES, BISCUITS AND WAFERS",COOKIES,Ultra-processed foods,0
Cadbury Wispa,,,,CHOCOLATE,CHOCOLATE BAR,Ultra-processed foods,0
Vanini Hezelnuts Caramel Salt 62 Chocolate,,,,CHOCOLATE,CHOCOLATE BAR,Ultra-processed foods,0
Nestle Tola Miniatures,,,,CHOCOLATE,CHOCOLATE,Ultra-processed foods,0
Hamlet Excelcium Gpraline Asso,48g,20g,,CANDY AND CONFECTIONERY,SWEETS/CANDY,Ultra-processed foods,2
HAMLET CHOCOLATE IMAGE LINE RED,54g,30g,,CHOCOLATE,CHOCOLATE,Ultra-processed foods,2
Lindt Swiss Premium Assorted Napolitains Dark Chocolate,50g,36g,0.064g,CHOCOLATE,CHOCOLATE,Ultra-processed foods,2
Clovers Vanilla Essence,,,,FOOD FLAVOUR ADDITIVES,FOOD FLAVOUR ADDITIVES,Ultra-processed foods,0
Zesta Vanilla Essence Clear,,,,FOOD FLAVOUR ADDITIVES,FOOD FLAVOUR ADDITIVES,Processed Culinary Ingredients,0
Zesta Vanilla Essence,,,,BAKING ADDITIVES,FOOD FLAVOUR ADDITIVES,Processed Culinary Ingredients,0
Festival Vanilla Essence,,,,FOOD FLAVOUR ADDITIVES,FOOD FLAVOUR ADDITIVES,Processed Culinary Ingredients,0
Clovers Clear Vanilla Essence,,,,BAKING ADDITIVES,FOOD FLAVOUR ADDITIVES,Processed Culinary Ingredients,0
Festival Food Colour Orange,,,,FOOD COLOUR ADDITIVES,FOOD COLOUR ADDITIVES,Processed Culinary Ingredients,0
Clovers Orange Essence,15g,,,FOOD FLAVOUR ADDITIVES,FOOD FLAVOUR ADDITIVES,Processed Culinary Ingredients,1
Santa Maria Blue Food Colour,14g,,0.003g,FOOD COLOUR ADDITIVES,FOOD COLOUR ADDITIVES,Processed Culinary Ingredients,1
Festival Choco Vanilla Essence,,,,BAKING ADDITIVES,FOOD FLAVOUR ADDITIVES,Processed Culinary Ingredients,0
Festival Strawberry Essence,,,,FOOD FLAVOUR ADDITIVES,FOOD FLAVOUR ADDITIVES,Processed Culinary Ingredients,0
Festival Lemon and Lime Essence,,,,FOOD FLAVOUR ADDITIVES,FOOD FLAVOUR ADDITIVES,Processed Culinary Ingredients,0
Festival Liquid Food Color Golden Yellow,,,,FOOD COLOUR ADDITIVES,FOOD COLOUR ADDITIVES,Processed Culinary Ingredients,0
Festival Food Colour Egg Yellow,1g,3g,0.029g,FOOD COLOUR ADDITIVES,FOOD COLOUR ADDITIVES,Processed Culinary Ingredients,0
Santa Maria Orange Food Colour,12g,0.2g,0.013g,FOOD COLOUR ADDITIVES,FOOD COLOUR ADDITIVES,Processed Culinary Ingredients,1
FESTIVAL FOOD COLOUR SBERRY RED,,,,FOOD COLOUR ADDITIVES,FOOD COLOUR ADDITIVES,Processed Culinary Ingredients,0
Festival Coconut Essence,,,0.085g,FOOD FLAVOUR ADDITIVES,FOOD FLAVOUR ADDITIVES,Processed Culinary Ingredients,0
Festival Orange Essence,15g,,,FOOD FLAVOUR ADDITIVES,FOOD FLAVOUR ADDITIVES,Processed Culinary Ingredients,1
Festival Food Colour Green,,,,FOOD COLOUR ADDITIVES,FOOD COLOUR ADDITIVES,Processed Culinary Ingredients,0
Festival Red Food Colour,,,,FOOD COLOUR ADDITIVES,FOOD COLOUR ADDITIVES,Processed Culinary Ingredients,0
Clovers Chocolate Essence,,,0.18g,FOOD FLAVOUR ADDITIVES,FOOD FLAVOUR ADDITIVES,Processed Culinary Ingredients,0
Festival Food Colour Pink,8g,6g,0.065g,FOOD COLOUR ADDITIVES,FOOD COLOUR ADDITIVES,Processed Culinary Ingredients,1
Festival Food Colouring Strawberry Red,,,,FOOD COLOUR ADDITIVES,FOOD COLOUR ADDITIVES,Processed Culinary Ingredients,0
Clovers Food Colour Powder Bright Red,,11g,,FOOD COLOUR ADDITIVES,FOOD COLOUR ADDITIVES,Processed Culinary Ingredients,1
Festival Food Colour Black,,,,FOOD COLOUR ADDITIVES,FOOD COLOUR ADDITIVES,Processed Culinary Ingredients,0
Clovers Raspberry Essence,,,,BAKING ADDITIVES,FOOD FLAVOUR ADDITIVES,Processed Culinary Ingredients,0
FESTIVAL FOOD COLOUR PURPLE,,,,FOOD COLOUR ADDITIVES,FOOD COLOUR ADDITIVES,Processed Culinary Ingredients,0
Santa Maria Strawberry Essence,,,,FOOD FLAVOUR ADDITIVES,FOOD FLAVOUR ADDITIVES,Processed Culinary Ingredients,0
Clovers Black Food Colour Powder,,,,FOOD COLOUR ADDITIVES,FOOD COLOUR ADDITIVES,Processed Culinary Ingredients,0
Santa Maria Chocolate Essence,,,0.18g,FOOD FLAVOUR ADDITIVES,FOOD FLAVOUR ADDITIVES,Processed Culinary Ingredients,0
Clovers Pineapple Essence,1g,,,BAKING ADDITIVES,FOOD FLAVOUR ADDITIVES,Processed Culinary Ingredients,0
Clovers Food Colour Powder Pink,,,,FOOD COLOUR ADDITIVES,FOOD COLOUR ADDITIVES,Processed Culinary Ingredients,0
Santa Maria Rose Pink Food Colour,,,0.016g,FOOD COLOUR ADDITIVES,FOOD COLOUR ADDITIVES,Processed Culinary Ingredients,0
Clovers Purple Food Colour Powder,,,,FOOD COLOUR ADDITIVES,FOOD COLOUR ADDITIVES,Processed Culinary Ingredients,0
Festival Liquid Food Colour Raspberry Red,,,,FOOD COLOUR ADDITIVES,FOOD COLOUR ADDITIVES,Processed Culinary Ingredients,0
Festival Food Colour Tomato Red,,,,FOOD COLOUR ADDITIVES,FOOD COLOUR ADDITIVES,Processed Culinary Ingredients,0
Clovers Food Colour Powder Egg Yellow,47g,,,FOOD COLOUR ADDITIVES,FOOD COLOUR ADDITIVES,Processed Culinary Ingredients,1
Clovers Bright Golden Food Colour Powder,0g,0g,0g,FOOD COLOUR ADDITIVES,FOOD COLOUR ADDITIVES,Processed Culinary Ingredients,0
Festival Food Colour Maroon,,,,FOOD COLOUR ADDITIVES,FOOD COLOUR ADDITIVES,Processed Culinary Ingredients,0
Festival Clear Vanilla Essence,,,,FOOD FLAVOUR ADDITIVES,FOOD FLAVOUR ADDITIVES,Processed Culinary Ingredients,0
Festival Chocolate Essence,,,0.18g,FOOD FLAVOUR ADDITIVES,FOOD FLAVOUR ADDITIVES,Processed Culinary Ingredients,0
Top Lure Clear Vanilla Essence,0g,0g,,FOOD FLAVOUR ADDITIVES,FOOD FLAVOUR ADDITIVES,Processed Culinary Ingredients,0
Clovers Strawberry Essence,,,,FOOD FLAVOUR ADDITIVES,FOOD FLAVOUR ADDITIVES,Processed Culinary Ingredients,0
Festival Food Colour Raspberry Red,10g,,0.005g,FOOD COLOUR ADDITIVES,FOOD COLOUR ADDITIVES,Processed Culinary Ingredients,1
Festival Food Colour Chocolate Brown,,,,FOOD COLOUR ADDITIVES,FOOD COLOUR ADDITIVES,Processed Culinary Ingredients,0
Festival Liq Food Clr Orange,,,,FOOD COLOUR ADDITIVES,FOOD COLOUR ADDITIVES,Processed Culinary Ingredients,0
FESTIVAL FOOD COLOUR RBERRY RED,,,,FOOD COLOUR ADDITIVES,FOOD COLOUR ADDITIVES,Processed Culinary Ingredients,0
Clovers Maroon Food Colour Powder,,,,FOOD COLOUR ADDITIVES,FOOD COLOUR ADDITIVES,Processed Culinary Ingredients,0
Clovers Food Colour Strawberry Red,,,,FOOD COLOUR ADDITIVES,FOOD COLOUR ADDITIVES,Processed Culinary Ingredients,0
Caroline Gluten Free Pancakes Waffles Mix,4g,2g,0.25g,WHEAT FLOUR,WHEAT FLOUR,Ultra-processed foods,0
Caroline Chocolate Fudge cake Mix,46g,1g,,CAKES,CAKES,Ultra-processed foods,1
Betty Crocker Butter Milk Pancake Mix,8.8g,5.5g,1.058g,BREAKFAST CEREALS,PANCAKE/WAFFLE MIX,Ultra-processed foods,2
Betty Crocker Dark Chocolate Fudge Brownie Mix,17g,1.5g,0.09g,CAKES,CAKES,Ultra-processed foods,1
Betty Crocker Super Moist Chocolate Fudge Cake Mix,17g,1g,0.38g,CAKES,CAKES,Ultra-processed foods,2
Caroline Red Velvet Cake Mix,18g,5g,,CAKES,CAKES,Ultra-processed foods,1
Caroline Moist Carrot Cake Mix,17g,8g,0.3g,CAKES,CAKES,Ultra-processed foods,3
Caroline Pizza Crust Mix,2g,1g,0.2g,PASTRIES,PASTRIES - CHOCOLATE BALLS,Processed foods,0
Proctor Allan Chocolate Cake Mix,39.3g,8.2g,0.7747g,CAKES,CAKES,Ultra-processed foods,3
Caroline Doughnuts Mix,24g,6g,0.56g,PASTRIES,PASTRIES - DOUGHNUT,Ultra-processed foods,2
Caroline Chocolate Cupcakes Mix,,1g,,CUPCAKES/MUFFINS/QUEENCAKES,CUPCAKES,Ultra-processed foods,0
Caroline Vanilla Cookies Mix,2g,6g,0.095g,"COOKIES, BISCUITS AND WAFERS",COOKIES,Ultra-processed foods,0
Caroline Gingerbread Cookies Mix,163g,,,"COOKIES, BISCUITS AND WAFERS",COOKIES,Ultra-processed foods,1
Carrefour Pastry Flan Cream Mix,55g,0.8g,,PASTRIES,PASTRIES - CHOCOLATE BALLS,Ultra-processed foods,1
Dr Oetker Pud In Mug Choco Chip,,,,CAKES,CAKES,Ultra-processed foods,0
Caroline Vanilla Cupcakes Mix,18g,,,CUPCAKES/MUFFINS/QUEENCAKES,CUPCAKES,Ultra-processed foods,1
Caroline Spicy Cake Mix,36g,8g,0.7g,CAKES,CAKES,Ultra-processed foods,3
Kent Boringer Blueberry Muffin Mix,11g,8g,0.065g,CUPCAKES/MUFFINS/QUEENCAKES,MUFFINS,Ultra-processed foods,2
Dr Oetker Pud In Mug Rich Chocolate,,,,CAKES,CAKES,Ultra-processed foods,0
Zesta Bicarbonate Soda,,,1.369g,BAKING ADDITIVES,BAKING SODA,Processed Culinary Ingredients,1
Angel Instant Dry Yeast,,,,BAKING ADDITIVES,BAKING POWDER,Processed Culinary Ingredients,0
Clovers Bicarbonate Soda,,,1.369g,BAKING ADDITIVES,BAKING SODA,Processed Culinary Ingredients,1
Chapa Mandashi Baking Powder,,,0.488g,BAKING ADDITIVES,BAKING POWDER,Processed Culinary Ingredients,1
Zesta Baking Powder,,,,BAKING ADDITIVES,BAKING POWDER,Processed Culinary Ingredients,0
Clovers Double Action Baking Powder,,,0.461g,BAKING ADDITIVES,BAKING POWDER,Processed Culinary Ingredients,1
Zesta Tested Double Action Baking Powder,,,0.46g,BAKING ADDITIVES,BAKING POWDER,Processed Culinary Ingredients,1
Saf The Original Active Dry Instant Yeast,,1g,,BAKING ADDITIVES,BAKING POWDER,Processed Culinary Ingredients,0
FABAO INSTANT DRY YEAST,,,,BAKING ADDITIVES,BAKING POWDER,Processed Culinary Ingredients,0
Dr Oetker Baking Powder Gluten Free,,,,BAKING ADDITIVES,BAKING POWDER,Processed Culinary Ingredients,0
Saf Instant Plus Bread Improver,2g,1g,0.002g,BAKING ADDITIVES,BAKING POWDER,Processed Culinary Ingredients,0
Mariandazi Baking Powder,,,0.488g,BAKING ADDITIVES,BAKING POWDER,Processed Culinary Ingredients,1
Zesta Mandazi Bora Baking Powder,,,,BAKING ADDITIVES,BAKING POWDER,Processed Culinary Ingredients,0
Carrefour Baking Yeast,,6g,,BAKING ADDITIVES,BAKING POWDER,Processed Culinary Ingredients,0
DORMANS MOJITO SYRUP,,,,TABLE SAUCES,SYRUP,Ultra-processed foods,0
Vertmont Bio Organic Pure Agave Syrup,,,0.02g,JAM/OTHER SPREADS,SYRUP,Ultra-processed foods,0
Greens Carmelle Vanilla Dessert Mix Pudding,13.7g,1.4g,0.13g,SWEET AND SAVOURY SNACKS,BHUSU MIX,Ultra-processed foods,1
Dairyland Chocolate Dessert Topping Sauce,2g,1g,,TABLE SAUCES,DESSERT TOPPING SAUCE,Ultra-processed foods,0
Luna Cream,9g,8g,,COOKING SAUCES,COOKING CREAM,Ultra-processed foods,2
Kol Golden Syrup,,,0.02g,CANDY AND CONFECTIONERY,BAOBAB SEED CANDY/MABUYU,Processed foods,0
Virginia Green Garden Natural And Delicious Golden Cream,,23g,,COOKING SAUCES,COOKING CREAM,Ultra-processed foods,1
Joe Seph S Capucino Carmel Sauce,56.8g,36g,,TABLE SAUCES,DESSERT TOPPING SAUCE,Ultra-processed foods,2
Joe Seph Salted Carmel Cheese Cake Sauce,65.5g,23.3g,,TABLE SAUCES,DESSERT TOPPING SAUCE,Ultra-processed foods,2
Joe Seph s Toffee Aple Cinnamon Sauce,52.8g,39.2g,,TABLE SAUCES,DESSERT TOPPING SAUCE,Ultra-processed foods,2
Joe Seph S Chocolate Caramel Sauce,58.4g,35.7g,,TABLE SAUCES,DESSERT TOPPING SAUCE,Ultra-processed foods,2
Askeys Treat Strawberry,75g,0g,,TABLE SAUCES,DESSERT TOPPING SAUCE,Ultra-processed foods,1
Joe Seph S Sticky Toffee Sauce,59.6g,35.7g,,TABLE SAUCES,DESSERT TOPPING SAUCE,Ultra-processed foods,2
Askeys Treat Toffee,73g,2g,,CANDY AND CONFECTIONERY,SWEETS/CANDY,Ultra-processed foods,1
Joe Seph S Pie Caramel Sauce,40.2g,26.5g,,TABLE SAUCES,DESSERT TOPPING SAUCE,Ultra-processed foods,2
Joe Seph Speculoos Carmel Sauce,58.8g,35.3g,,TABLE SAUCES,DESSERT TOPPING SAUCE,Ultra-processed foods,2
Peptang Maple Syrup,51g,0g,0.005g,JAM/OTHER SPREADS,SYRUP,Ultra-processed foods,1
Virginia Green Garden Chocolate Syrup,510.1g,0.93g,0.0372g,CANDY AND CONFECTIONERY,CHOCOLATE,Ultra-processed foods,1
JAVA TOFFEE NUT FLAV SYRUP,,,,FOOD FLAVOUR ADDITIVES,FOOD FLAVOUR ADDITIVES,Processed Culinary Ingredients,0
Peptang Golden Syrup,0g,0g,0g,CANDY AND CONFECTIONERY,BAOBAB SEED CANDY/MABUYU,Processed foods,0
Java Caramel Flavoured Syrup,,,,FOOD FLAVOUR ADDITIVES,FOOD FLAVOUR ADDITIVES,Processed Culinary Ingredients,0
Peptang Mango Syrup,5g,,,DILUTING JUICE,CORDIALS,Ultra-processed foods,1
Nappi Red Maraschino Cherries,40g,0g,0.0001g,CANDY AND CONFECTIONERY,SWEETS/CANDY,Ultra-processed foods,1
Java Coconut Flavoured Syrup,,,,FOOD FLAVOUR ADDITIVES,FOOD FLAVOUR ADDITIVES,Processed Culinary Ingredients,0
AMERICAN GOURMET PANCAKE SYRUP,34g,0g,0.024g,TABLE SAUCES,SYRUP,Ultra-processed foods,1
Java Hazelnut Flavoured Syrup,,,,FOOD FLAVOUR ADDITIVES,FOOD FLAVOUR ADDITIVES,Processed Culinary Ingredients,0
Nappi Amareno Golden Cherries,18g,0g,0.0001g,DRIED FRUITS,RAISINS,Unprocessed/Minimally processed foods,1
Opies Stem Ginger Syrup,64g,,,HERBS AND SPICES,SPICES - GINGER,Processed Culinary Ingredients,1
Dairyland Dark Compound Chocolate Bar,45g,37g,0.049g,CHOCOLATE,CHOCOLATE BAR,Ultra-processed foods,2
Dairyland Milk Compound Chocolate Bar,26g,2g,,CHOCOLATE,CHOCOLATE BAR,Ultra-processed foods,1
Dairyland White Compound Chocolate Bar,40g,40g,0.006g,CHOCOLATE,CHOCOLATE BAR,Ultra-processed foods,2
Lyons Maid Milk Compound Chocolate,,31.8g,,CHOCOLATE,CHOCOLATE BAR,Ultra-processed foods,1
Lyons Maid White Compound Chocolate,,33.26g,,CHOCOLATE,CHOCOLATE,Ultra-processed foods,1
HAMLET COOKING CHOCOLATE DARK,39g,38g,,CHOCOLATE,CHOCOLATE,Processed foods,2
Carrefour Dessert Milk Chocolate Bar,52g,35g,,CHOCOLATE,CHOCOLATE BAR,Ultra-processed foods,2
Lyons Maid Dark Compound Chocolate,43g,30.2g,0g,CHOCOLATE,CHOCOLATE,Ultra-processed foods,2
Green Black s Dark Cooking Choco,,,,CHOCOLATE,CHOCOLATE,Processed foods,0
Carrefour Cocoa Dessert Chocolate Bar,36g,36g,,CHOCOLATE,CHOCOLATE BAR,Ultra-processed foods,2
Kent Boringer White Chocolate Topping Sauce,62g,1g,,TABLE SAUCES,DESSERT TOPPING SAUCE,Ultra-processed foods,1
Clovers Jelly Crystal Strawberry Dessert Mix,20g,,0.02g,CANDY AND CONFECTIONERY,SWEETS/CANDY,Ultra-processed foods,1
Clovers Jelly Crystal Orange Dessert Mix,19g,,0.08g,CANDY AND CONFECTIONERY,BAOBAB SEED CANDY/MABUYU,Ultra-processed foods,1
Clovers Jelly Crystal Lemon Dessert Mix,,,0.011g,CANDY AND CONFECTIONERY,SWEETS/CANDY,Ultra-processed foods,0
Clovers Jelly Crystal Pineapple Dessert Mix,22g,,,CANDY AND CONFECTIONERY,SWEETS/CANDY,Ultra-processed foods,1
Ajab All Purpose Flour,0.3g,1.2g,0.0025g,WHEAT FLOUR,WHEAT FLOUR,Processed Culinary Ingredients,0
PEMBE HOME BAKING FLOUR,0.3g,1g,0.002g,WHEAT FLOUR,WHEAT FLOUR,Processed Culinary Ingredients,0
Unga Exe Chapati Fortified Wheat Flour,1g,3g,0.08g,WHEAT FLOUR,WHEAT FLOUR,Processed Culinary Ingredients,0
Exe Unga All Purpose Fortified Wheat Flour,0.3g,1g,0.002g,WHEAT FLOUR,WHEAT FLOUR,Processed Culinary Ingredients,0
Exe Unga Self Raising Fortified Wheat Flour,,,1.067g,WHEAT FLOUR,WHEAT FLOUR,Processed Culinary Ingredients,1
Exe Unga Mandazi Fortified Wheat Flour,0.3g,1g,0.002g,WHEAT FLOUR,WHEAT FLOUR,Processed Culinary Ingredients,0
Unga Wa Dola All Purpose Flour,0.3g,1g,0.002g,WHEAT FLOUR,WHEAT FLOUR,Processed Culinary Ingredients,0
Oboma Home Baking Flour,,,,WHEAT FLOUR,WHEAT FLOUR,Processed Culinary Ingredients,0
Famila Pure Wimbi Porridge,,,,PORRIDGE FLOUR,PORRIDGE FLOUR - MILLET,Processed foods,0
Lotus Home Baking Flour,,,,WHEAT FLOUR,WHEAT FLOUR,Processed Culinary Ingredients,0
Ajab Fortified All Purpose Home Baking Flour,1.9g,1.6g,,WHEAT FLOUR,WHEAT FLOUR,Processed Culinary Ingredients,0
Ajab Fortified Mandazi Flour,,0.1g,0.0032g,WHEAT FLOUR,WHEAT FLOUR,Processed foods,0
Pembe Self Raising Flour,,,1.067g,WHEAT FLOUR,WHEAT FLOUR,Processed foods,1
Soko Nutrigo Whole Grain Maize Meal Flour,,,,MAIZE/CORN FLOUR,MAIZE FLOUR,Processed foods,0
Famila Baby Porridge,,,,BABY FOODS - PORRIDGE FLOUR,BABY/INFANT PORRIDGE FLOUR,Processed foods,0
Phulka Atta Mark I Chapati Flour,,,0.009g,WHEAT FLOUR,WHEAT FLOUR - ATTA,Processed foods,0
BUTTERFLY FLOUR ATTA RED,,,,WHEAT FLOUR,WHEAT FLOUR - ATTA,Processed Culinary Ingredients,0
Ajab Fortified Atta Mark 1 Flour,0.3g,1.2g,0.0025g,WHEAT FLOUR,WHEAT FLOUR - ATTA,Processed foods,0
Soko Wimbi Mix Sour Porridge Flour,,3g,0.004g,PORRIDGE FLOUR,PORRIDGE FLOUR - MILLET,Processed foods,0
Famila Nutri Health Uji Porridge Flour,,,,PORRIDGE FLOUR,PORRIDGE FLOUR - MILLET,Processed foods,0
U Mix Fortified Mandazi Flour,1g,7g,0.042g,WHEAT FLOUR,WHEAT FLOUR,Processed foods,0
Winnies Pure Health Toto Afya Flour,,,,BABY FOODS - PORRIDGE FLOUR,BABY/INFANT PORRIDGE FLOUR,Processed foods,0
Soko Pure Wimbi Porridge Flour,,3g,0.004g,PORRIDGE FLOUR,PORRIDGE FLOUR - MILLET,Processed foods,0
Jogoo Wimbi Meal,,,,PORRIDGE FLOUR,PORRIDGE FLOUR - MILLET,Processed foods,0
Butterfly Atta Mark 1 Wheat Flour Red,,,,WHEAT FLOUR,WHEAT FLOUR - ATTA,Processed foods,0
Unga Exe Atta Mark 1 Wheat Flour,,,,WHEAT FLOUR,WHEAT FLOUR - ATTA,Processed Culinary Ingredients,0
Kamal Gram Flour,,6g,,WHEAT FLOUR,WHEAT FLOUR,Processed Culinary Ingredients,0
Winnies Pure Health Uji Afya,,,,PORRIDGE FLOUR,PORRIDGE FLOUR - MILLET,Processed foods,0
Pembe Atta Mark 1 Wheat Flour,,,,WHEAT FLOUR,WHEAT FLOUR - ATTA,Processed Culinary Ingredients,0
Famila The Original Ujimix Sour Porridge,,,,PORRIDGE FLOUR,PORRIDGE FLOUR - MILLET,Processed foods,0
Mothers Choice Home Baking Flour,0g,0g,0g,WHEAT FLOUR,WHEAT FLOUR,Processed Culinary Ingredients,0
Winnies Pure Health Pure Wimbi Afya Flour,,,,PORRIDGE FLOUR,PORRIDGE FLOUR - MILLET,Processed foods,0
United U Mix Mandazi Flour,,,,WHEAT FLOUR,WHEAT FLOUR,Processed Culinary Ingredients,0
Butterfly Gram Flour,,,,"PULSES - PEAS, LENTILS, BEANS",GRAM FLOUR (BESAN),Unprocessed/Minimally processed foods,0
KPL Super Fine Gram Flour,,,,"PULSES - PEAS, LENTILS, BEANS",GRAM FLOUR (BESAN),Unprocessed/Minimally processed foods,0
Nutrameal Rice Flour,,1g,,WHEAT FLOUR,WHEAT FLOUR,Processed foods,0
Bakex White Bread Flour,,,,WHEAT FLOUR,WHEAT FLOUR,Processed Culinary Ingredients,0
Pembe Pure Wimbi Porridge,,0.2g,0.006g,PORRIDGE FLOUR,PORRIDGE FLOUR - MILLET,Processed foods,0
Unga Wa Dola Atta Flour,,,,WHEAT FLOUR,WHEAT FLOUR - ATTA,Processed Culinary Ingredients,0
Bakex Brown Bread Flour,,,,WHEAT FLOUR,WHEAT FLOUR,Processed foods,0
Equatorial Naturals Toto Afya Flour,0.3g,1.2g,0.0025g,BABY FOODS - PORRIDGE FLOUR,BABY/INFANT PORRIDGE FLOUR,Processed foods,0
Famila Infant Weaning Porridge,,,,BABY FOODS - PORRIDGE FLOUR,BABY/INFANT PORRIDGE FLOUR,Processed foods,0
Kentaste Coconut Flour,1g,2g,0.03g,CASSAVA FLOUR,CASSAVA FLOUR,Processed foods,0
Famila Mama s Porridge,,,,PORRIDGE FLOUR,PORRIDGE FLOUR - MILLET,Processed foods,0
Winnies Pure Heath Chapati Afya,,,,BREADS,PRE-PREPARED CHAPATI,Processed foods,0
Famila Banana Porridge Flour,,,,BABY FOODS - PORRIDGE FLOUR,BABY/INFANT PORRIDGE FLOUR,Processed foods,0
Soko NutriGo Whole Grain Maize Meal,,0g,,MAIZE/CORN FLOUR,MAIZE FLOUR,Unprocessed/Minimally processed foods,0
P A KIDDOS BABY PORRIDGE,,,,BABY FOODS - PORRIDGE FLOUR,BABY/INFANT PORRIDGE FLOUR,Processed foods,0
Famila Strawberry Porridge Flour,,,,PORRIDGE FLOUR,BABY/INFANT PORRIDGE FLOUR,Processed foods,0
Tropicana Fortified Self Raising Flour,0g,1g,0.735g,WHEAT FLOUR,WHEAT FLOUR,Processed Culinary Ingredients,1
Nutrameal Atta Mark 1 Wheat Flour,,,,WHEAT FLOUR,WHEAT FLOUR - ATTA,Processed Culinary Ingredients,0
Samwa Arrow Root Flour,0g,0.2g,0.2g,CASSAVA FLOUR,CASSAVA FLOUR,Processed foods,0
Equatorial Wimbi Afya Flour,0.3g,1g,0.002g,PORRIDGE FLOUR,PORRIDGE FLOUR - MILLET,Processed foods,0
Ungano Blended Home Baking Flour,,,,WHEAT FLOUR,WHEAT FLOUR,Processed Culinary Ingredients,0
Samwa Sweet Potato Flour,3.5g,1g,0.131g,CASSAVA FLOUR,CASSAVA FLOUR,Processed foods,0
Live Life Well Butternut Flour,0.3g,1g,0.002g,CASSAVA FLOUR,CASSAVA FLOUR,Processed foods,0
Phulka Atta Mark Chapati Flour,,,0.009g,WHEAT FLOUR,WHEAT FLOUR - ATTA,Processed foods,0
Tropicana Fortified All Purpose Home Baking Flour,0g,1g,0g,WHEAT FLOUR,WHEAT FLOUR,Processed Culinary Ingredients,0
Live Life Well Pumpkin Flour,8g,1g,0.007g,CEREAL GRAINS,BROWN RICE,Unprocessed/Minimally processed foods,1
Vitafla Home Baking Flour,,,,WHEAT FLOUR,WHEAT FLOUR,Processed foods,0
Samwa Natural Foods Pumpkin Flour,,8g,,PORRIDGE FLOUR,PORRIDGE FLOUR - MILLET,Processed foods,1
Samwa Green Banana Flour,0g,1.8g,0g,CASSAVA FLOUR,CASSAVA FLOUR,Unprocessed/Minimally processed foods,0
Live Life Well Carrot Flour,,0g,,CEREAL GRAINS,BROWN RICE,Unprocessed/Minimally processed foods,0
Equatorial Wimbi Afya Classic Flour,,2g,,PORRIDGE FLOUR,PORRIDGE FLOUR - MILLET,Processed foods,0
LIVE LIFE W GREEN BANANA FLOUR,0g,1.8g,,CASSAVA FLOUR,CASSAVA FLOUR,Unprocessed/Minimally processed foods,0
Proctor Allan Nutri Rich Porridge,1g,8g,0g,PORRIDGE FLOUR,PORRIDGE FLOUR - MILLET,Processed foods,1
Soko Home Baking Flour,0.3g,1g,0.002g,WHEAT FLOUR,WHEAT FLOUR,Processed Culinary Ingredients,0
Kitui Flour Mills Jahazi All Purpose Flour,0.3g,1g,0.002g,WHEAT FLOUR,WHEAT FLOUR,Processed Culinary Ingredients,0
Winnies Pure Health Ugali Afya Flour,,,,MAIZE/CORN FLOUR,MAIZE FLOUR,Processed foods,0
BlueBand Instant Porridge Flour,,,,PORRIDGE FLOUR,PORRIDGE FLOUR - MILLET,Processed foods,0
Dola Chapati Flour,,1g,,WHEAT FLOUR,WHEAT FLOUR,Processed Culinary Ingredients,0
Unga Exe Whole Meal Fortified Wheat Flour,1.9g,1.6g,,WHEAT FLOUR,WHEAT FLOUR,Processed Culinary Ingredients,0
Samwa Cassava Flour,0g,0.3g,0.4g,CASSAVA FLOUR,CASSAVA FLOUR,Processed Culinary Ingredients,1
Equatorial Afya Uji Flour,0g,1g,0.019g,PORRIDGE FLOUR,BABY/INFANT PORRIDGE FLOUR,Processed foods,0
Dola Gold Superior Maize Flour,1.6g,1.8g,0.007g,MAIZE/CORN FLOUR,MAIZE FLOUR,Processed Culinary Ingredients,0
Nutrameal Black Grams,,1.64g,0.038g,"PULSES - PEAS, LENTILS, BEANS",LENTILS,Unprocessed/Minimally processed foods,0
Pacho All Purpose Home Baking Flour,0g,4g,0g,WHEAT FLOUR,WHEAT FLOUR,Processed Culinary Ingredients,0
LIVE LIFE W ORANGE SWEET POTATO,4.2g,0.1g,0.055g,ROOT VEGETABLES,SWEET POTATO,Unprocessed/Minimally processed foods,0
Ajab Maize Meal Flour,0.5g,0.8g,,MAIZE/CORN FLOUR,MAIZE FLOUR,Processed foods,0
Amaize Maize Meal Flour,,21.5g,,MAIZE/CORN FLOUR,MAIZE FLOUR,Processed foods,1
Soko Flour Maize Meal,0.5g,0.8g,,MAIZE/CORN FLOUR,MAIZE FLOUR,Processed foods,0
Jogoo Maize Meal Fortified With Vitamins Minerals,,,,MAIZE/CORN FLOUR,MAIZE FLOUR,Processed foods,0
Hostess Maize Flour,0.5g,0.8g,,MAIZE/CORN FLOUR,MAIZE FLOUR,Processed foods,0
Winnies Pure Health Ugali Afya,,,,MAIZE/CORN FLOUR,MAIZE FLOUR,Unprocessed/Minimally processed foods,0
Zesta Corn Flour,,0.01g,0.000014g,MAIZE/CORN FLOUR,CORN FLOUR,Processed Culinary Ingredients,0
Jogoo Maize Meal Fortified With Vitamins And Minerals,,,,MAIZE/CORN FLOUR,MAIZE FLOUR,Unprocessed/Minimally processed foods,0
Equatorial Ugali Afya Flour,,,,MAIZE/CORN FLOUR,MAIZE FLOUR,Processed foods,0
Clovers Corn Flour,,0.01g,0.000014g,MAIZE/CORN FLOUR,CORN FLOUR,Processed foods,0
Dola Maize Meal,1g,4g,0.005g,MAIZE/CORN FLOUR,MAIZE FLOUR,Processed foods,0
Pembe Maize Flour,,,,MAIZE/CORN FLOUR,MAIZE FLOUR,Processed foods,0
Soko Maize Meal Flour,0.5g,0.8g,,MAIZE/CORN FLOUR,MAIZE FLOUR,Processed foods,0
Jahazi Premium Maize Flour,1g,4g,0.005g,MAIZE/CORN FLOUR,MAIZE FLOUR,Processed Culinary Ingredients,0
Ajab Fortified Self Raising Flour,,,,WHEAT FLOUR,WHEAT FLOUR,Processed foods,0
Pembe Mandazi,,,,PASTRIES,PASTRIES - MANDAZI,Ultra-processed foods,0
The Coconut Company Organic Coconut Flour,,,,CASSAVA FLOUR,CASSAVA FLOUR,Unprocessed/Minimally processed foods,0
Bakex Semolina (Sooji Raava),,,,CEREAL GRAINS,BROWN RICE,Unprocessed/Minimally processed foods,0
Zesta Caster Sugar,100g,0g,0.0003g,SUGAR,BROWN SUGAR,Processed Culinary Ingredients,1
Fairleigh Jaggery Sugar,100g,,0.001g,SUGAR,BROWN SUGAR,Processed Culinary Ingredients,1
Fairleigh Jaggery Sweetener Block,69g,,,SUGAR,BROWN SUGAR,Processed Culinary Ingredients,1
Clovers Icing Sugar,98g,0g,0.002g,SUGAR,ICING SUGAR,Processed Culinary Ingredients,1
Zesta Icing Sugar,97g,,,SUGAR - POWDERED,ICING SUGAR,Processed Culinary Ingredients,1
Excel Pure Glucose Powder,55g,,0.015g,SUGAR,GLUCOSE,Processed Culinary Ingredients,1
Naturalli Coconut Sugar,,,,SUGAR,BROWN SUGAR,Processed Culinary Ingredients,0
Bake King Premium Light Jaggery,,0.1g,,SUGAR,BROWN SUGAR,Processed Culinary Ingredients,0
Clovers Caster Sugar,100g,,,SUGAR,WHITE SUGAR,Processed Culinary Ingredients,1
Clovers Extra Fine Icing Sugar,100g,,,SUGAR,ICING SUGAR,Processed Culinary Ingredients,1
Rapras Instant Energy Plus Pure Glucose Tablets,55g,,,CANDY AND CONFECTIONERY,GLUCOSE,Ultra-processed foods,1
Carrefour Classic Vanilla Sugar,,,,SUGAR,WHITE SUGAR,Processed Culinary Ingredients,0
Tropicana Slim Stevia Sweetener Tablet,,,,BAKING ADDITIVES,BAKING POWDER,Processed Culinary Ingredients,0
Tropicana Slim Stevia Diet Sticks Sweetener,,,,BAKING ADDITIVES,BAKING POWDER,Processed Culinary Ingredients,0
Tropicana Slim Classic Sweetener,,,,BAKING ADDITIVES,BAKING POWDER,Processed Culinary Ingredients,0
Lakanto Classic Monkfruit Sweetener With Erythritol,4g,0g,0g,SUGAR,WHITE SUGAR,Processed Culinary Ingredients,0
Tropicana Slim Diabetic Sweetener,,,,SUGAR,GLUCOSE,Processed Culinary Ingredients,0
Meridian Organic Ft Molasses,,,,BAKING ADDITIVES,BAKING POWDER,Processed Culinary Ingredients,0
Meridian Organic Barley Malt Ext,,,,BAKING ADDITIVES,BAKING POWDER,Processed Culinary Ingredients,0
Lakanto Golden Monkfruit Sweetener With Erythritol,0g,0g,0g,SUGAR,BROWN SUGAR,Processed Culinary Ingredients,0
Meridian Organic Molasses,60.5g,0.2g,,BAKING ADDITIVES,BAKING POWDER,Processed Culinary Ingredients,1
Meridian Barley Malt Extract,,,,BAKING ADDITIVES,BAKING POWDER,Processed Culinary Ingredients,0
Clovers Molasses Brown Sugar,9g,,,SUGAR,BROWN SUGAR,Processed Culinary Ingredients,1
Bonraw Organic Panela Sugar,85.3g,0g,,SUGAR,BROWN SUGAR,Processed Culinary Ingredients,1
Kakira Light Brown Sugar,,,,SUGAR,BROWN SUGAR,Processed Culinary Ingredients,0
Nutrameal Natural Wholesome Cane Sugar,100g,,0.001g,SUGAR,WHITE SUGAR,Processed Culinary Ingredients,1
Clovers Pure Glucose Instant Energy Drink Powder,90g,,0.01g,ENERGY DRINKS,ENERGY DRINKS,Ultra-processed foods,1
Clovers Pure Glucose,0g,0g,,SUGAR - POWDERED,GLUCOSE,Processed Culinary Ingredients,0
Carrefour Mineral Water,,,0.01462g,WATER,MINERAL WATER,Unprocessed/Minimally processed foods,0
Aquamist Mineral Water Disposable,,,14.62g,WATER,MINERAL WATER,Unprocessed/Minimally processed foods,1
Keringet Natural Mineral Water X 6,,,0.033g,WATER,MINERAL WATER,Unprocessed/Minimally processed foods,0
Waba Mineral Water,,,0.0095g,WATER,MINERAL WATER,Unprocessed/Minimally processed foods,0
Aquamist Mineral Water,,,14.62g,WATER,MINERAL WATER,Unprocessed/Minimally processed foods,1
Mayers 10 Liters Distiled Water,0g,0g,0.033g,WATER,MINERAL WATER,Unprocessed/Minimally processed foods,0
Aquamist Mineral Water 1Lx6,,,14.62g,WATER,MINERAL WATER,Unprocessed/Minimally processed foods,1
Mayers Spring Water Still,,,,WATER,SPRING WATER,Unprocessed/Minimally processed foods,0
Aquamist Mineral Water 1.5Lx6,,,14.62g,WATER,MINERAL WATER,Unprocessed/Minimally processed foods,1
Evian Mineral Water,,,,WATER,MINERAL WATER,Unprocessed/Minimally processed foods,0
Carrefour Mineral Water 1 Litre,,,,WATER,MINERAL WATER,Unprocessed/Minimally processed foods,0
Aquamist Mineral Water 500Mlx6,,,14.62g,WATER,MINERAL WATER,Unprocessed/Minimally processed foods,1
Keringet Mineral Water,,,0g,WATER,MINERAL WATER,Unprocessed/Minimally processed foods,0
Quencher Life Premium Drinking Water,,,0.002g,WATER,MINERAL WATER,Unprocessed/Minimally processed foods,0
Urban Water,,,,WATER,MINERAL WATER,Unprocessed/Minimally processed foods,0
Mt Kenya Natural Drinking Water 18.9,0g,0g,0.035g,WATER,MINERAL WATER,Unprocessed/Minimally processed foods,0
Highlands Drinking Water,,,,WATER,MINERAL WATER,Unprocessed/Minimally processed foods,0
Aquamist Lemon Flavoured Water,,,14.62g,WATER,FLAVOURED WATER,Processed foods,1
Dasani Still Water,,,0.025g,WATER,MINERAL WATER,Unprocessed/Minimally processed foods,0
Aquaclear Purified Drinking Water,,,0.025g,WATER,MINERAL WATER,Unprocessed/Minimally processed foods,0
Mt Kenya Natural Drinking Water,,,0.005g,WATER,MINERAL WATER,Unprocessed/Minimally processed foods,0
Highlands Drinking Water Juice,,,,FRUIT DRINKS/SWEETENED JUICES & BOTTLED TEAS,FRUIT DRINKS/SWEETENED JUICE,Ultra-processed foods,0
Maisha Drinking Water,,,0.004g,WATER,MINERAL WATER,Unprocessed/Minimally processed foods,0
Mt Kenyan Natural Drinking Water,,,0.005g,WATER,MINERAL WATER,Unprocessed/Minimally processed foods,0
Urban Waters Purified Drinking Water,,,0.235g,WATER,MINERAL WATER,Unprocessed/Minimally processed foods,0
Mayers Natural Spring Sparkling Water,,,,WATER,SPRING WATER,Unprocessed/Minimally processed foods,0
Keringet Sparkling Mineral Water,,,,WATER,MINERAL WATER,Unprocessed/Minimally processed foods,0
Aquamist Sparkling Water,,,14.62g,WATER,MINERAL WATER,Unprocessed/Minimally processed foods,1
Perrier Original Can X 10,,,,WATER,MINERAL WATER,Unprocessed/Minimally processed foods,0
Evian Sparkling Mineral Water Glass,,,,WATER,MINERAL WATER,Unprocessed/Minimally processed foods,0
Perrier Original Sparkling Water,0g,0g,0g,WATER,MINERAL WATER,Unprocessed/Minimally processed foods,0
Perrier Original Can,,,,WATER,MINERAL WATER,Unprocessed/Minimally processed foods,0
Aquamist Pineapple Flavoured Water,,,14.62g,WATER,FLAVOURED WATER,Ultra-processed foods,1
Aquamist Mango Flavoured Water,,,14.62g,WATER,FLAVOURED WATER,Ultra-processed foods,1
Aquamist Apple Flavoured Water,,,14.62g,WATER,FLAVOURED WATER,Ultra-processed foods,1
Dash Sparkling Water Cucumber Nas,,,,WATER,FLAVOURED WATER,Processed foods,0
Dash British Lemon Sparkling Water,0g,0g,,WATER,FLAVOURED WATER,Processed foods,0
CAWSTON PRESS APPLE SPRK WTR,,,,WATER,FLAVOURED WATER,Processed foods,0
Kaputei Gherkins Pickle,5g,0g,0.05g,VEGETABLES,CUCUMBER,Processed foods,1
Kenylon Crushed Tomatoes,4.7g,0.2g,0.24g,VEGETABLES,TOMATOES,Unprocessed/Minimally processed foods,0
Heinz Baked Beans In Tomato Sauce,5g,0.2g,0.3g,"PULSES - PEAS, LENTILS, BEANS",CANNED BEANS (READY),Processed foods,2
Kenylon Chick Peas,,,0.198g,"PULSES - PEAS, LENTILS, BEANS",LENTILS,Unprocessed/Minimally processed foods,0
Kenylon Beans In Tomato sauce,5g,0.2g,0.3g,"PULSES - PEAS, LENTILS, BEANS",CANNED BEANS (READY),Processed foods,2
Sunrice Basmati,,,0.0017g,CEREAL GRAINS,WHITE RICE,Unprocessed/Minimally processed foods,0
Pearl Pishori fortified rice,0.5g,0.8g,,CEREAL GRAINS,WHITE RICE,Unprocessed/Minimally processed foods,0
Santa Lucia Spaghetti Pasta,3g,1g,0.001g,PASTAS,PASTA - SPAGHETTI,Processed foods,0
Daawat Basmati Rice,,0.7g,0.00054g,CEREAL GRAINS,WHITE RICE,Unprocessed/Minimally processed foods,0
GURU SPECIAL BASMATI RICE,,0.7g,0.00054g,CEREAL GRAINS,WHITE RICE,Unprocessed/Minimally processed foods,0
Cil Rice Pishori,1g,,,CEREAL GRAINS,WHITE RICE,Unprocessed/Minimally processed foods,0
Sunrice Thai Jasmine Rice,1g,1g,,CEREAL GRAINS,WHITE RICE,Unprocessed/Minimally processed foods,0
NUTRAMEAL GREEN GRAMS POLISHED,,,,"PULSES - PEAS, LENTILS, BEANS",GREEN GRAMS,Unprocessed/Minimally processed foods,0
Daawat Spaghetti Blue Label400G 2 1,,,,PASTAS,PASTA - SPAGHETTI,Processed foods,0
Daawat Traditional Basmati Rice,,,0.0017g,CEREAL GRAINS,WHITE RICE,Unprocessed/Minimally processed foods,0
Pearl Green Polished Grams,,,,"PULSES - PEAS, LENTILS, BEANS",GREEN GRAMS,Unprocessed/Minimally processed foods,0
Santa Maria Fusilli Pasta,,13g,,PASTAS,OTHER PASTA SHAPES,Processed foods,1
Pearl Super Basmati Rice,,,0.0017g,CEREAL GRAINS,WHITE RICE,Unprocessed/Minimally processed foods,0
Butterfly Pulses Yellow Kidney Beans,2.2g,0.8g,0.024g,"PULSES - PEAS, LENTILS, BEANS",KIDNEY BEANS,Unprocessed/Minimally processed foods,0
Pearl Super Basmati fortified Rice,,,0.0017g,CEREAL GRAINS,WHITE RICE,Unprocessed/Minimally processed foods,0
Nutrameal Kamande (Masoor Whole),5g,4g,1.046g,"PULSES - PEAS, LENTILS, BEANS",LENTILS,Unprocessed/Minimally processed foods,2
Nutrameal Yellow Beans,,2.6g,0.012g,"PULSES - PEAS, LENTILS, BEANS",YELLOW BEANS,Unprocessed/Minimally processed foods,0
Amana Yellow Beans,,,0.015g,"PULSES - PEAS, LENTILS, BEANS",YELLOW BEANS,Unprocessed/Minimally processed foods,0
KPL LONG GRAIN RICE,,0.47g,1.7g,CEREAL GRAINS,WHITE RICE,Unprocessed/Minimally processed foods,1
Butterfly Red Lentil Masoor Dal,,1g,,"PULSES - PEAS, LENTILS, BEANS",LENTILS,Unprocessed/Minimally processed foods,0
Santa Maria Penne Rigate Pasta,,,,PASTAS,OTHER PASTA SHAPES,Processed foods,0
Carrefour M Popcorn Kernels,,,,POPCORN KERNELS,POPCORN KERNELS,Unprocessed/Minimally processed foods,0
DAAWAT LENTILS KAMANDE,,,,"PULSES - PEAS, LENTILS, BEANS",LENTILS,Unprocessed/Minimally processed foods,0
Butterfly Grains Polished Green Grams,,,,"PULSES - PEAS, LENTILS, BEANS",GREEN GRAMS,Unprocessed/Minimally processed foods,0
Malbros Daawat Aromatic Rice,,,,CEREAL GRAINS,WHITE RICE,Unprocessed/Minimally processed foods,0
Butterfly Pulses Green Lentils,1g,,,"PULSES - PEAS, LENTILS, BEANS",LENTILS,Unprocessed/Minimally processed foods,0
Nutrameal Regular Chick Peas,2g,0.4g,,"PULSES - PEAS, LENTILS, BEANS",LENTILS,Unprocessed/Minimally processed foods,0
Santa Maria Spaghetti Pasta,,,,PASTAS,PASTA - SPAGHETTI,Processed foods,0
BUTTERFLY POPCORN KERNELS,,,,POPCORN KERNELS,POPCORN KERNELS,Unprocessed/Minimally processed foods,0
Daawat Spaghetti Blue Label,,,,PASTAS,PASTA - SPAGHETTI,Processed foods,0
Ranee Premium Basmati Rice,1.6g,0.0017g,,CEREAL GRAINS,WHITE RICE,Unprocessed/Minimally processed foods,0
Godson Organics Chia Seed Black,,14g,,CEREAL GRAINS,BROWN RICE,Unprocessed/Minimally processed foods,1
Carrefour M Green Grams Polished,,,,"PULSES - PEAS, LENTILS, BEANS",GREEN GRAMS,Unprocessed/Minimally processed foods,0
Royal Macaroni Shell Pasta,16g,,0.01g,PASTAS,PASTA - MACARONI,Processed foods,1
Nutrameal Green Lentils,1g,,,"PULSES - PEAS, LENTILS, BEANS",LENTILS,Unprocessed/Minimally processed foods,0
Royal Umbrella Thai Jasmine Rice,,0.7g,0.0002g,CEREAL GRAINS,WHITE RICE,Unprocessed/Minimally processed foods,0
Butterfly Grains Popcorn Kernels,,,,POPCORN KERNELS,POPCORN KERNELS,Unprocessed/Minimally processed foods,0
Sunrice Biryani Rice,,,0.0041g,CEREAL GRAINS,BROWN RICE,Unprocessed/Minimally processed foods,0
Santa Lucia Penne Rigate Pasta,,1g,,PASTAS,OTHER PASTA SHAPES,Processed foods,0
Butterfly Pulses Chick Peas,2g,0.4g,,"PULSES - PEAS, LENTILS, BEANS",LENTILS,Unprocessed/Minimally processed foods,0
Carrefour Mlogo Pasta Fusili,,1g,0g,PASTAS,OTHER PASTA SHAPES,Processed foods,0
Butterfly Semolina,,3g,0.005g,CEREAL GRAINS,BROWN RICE,Unprocessed/Minimally processed foods,0
Nutrameal Pigeon Peas,,1.5g,0.017g,"PULSES - PEAS, LENTILS, BEANS",PIGEON PEAS,Unprocessed/Minimally processed foods,0
Ranee Spaghetti Standard,3.4g,1.5g,,PASTAS,PASTA - SPAGHETTI,Processed foods,0
Amana Pishori Rice,,,,CEREAL GRAINS,WHITE RICE,Unprocessed/Minimally processed foods,0
Santa Maria Cavatoni Pasta,,5g,,PASTAS,OTHER PASTA SHAPES,Processed foods,0
Nutrameal Red Kidney Beans,,1.3g,,"PULSES - PEAS, LENTILS, BEANS",KIDNEY BEANS,Unprocessed/Minimally processed foods,0
Santa Lucia Farfalle Pasta,,1g,,PASTAS,OTHER PASTA SHAPES,Processed foods,0
Sunrice Kenya Finest Aromatic Pishori Rice,0.5g,0.8g,,CEREAL GRAINS,WHITE RICE,Unprocessed/Minimally processed foods,0
Daawat Yellow Beans,,,,"PULSES - PEAS, LENTILS, BEANS",YELLOW BEANS,Unprocessed/Minimally processed foods,0
Pearl Imported Popcorn,,,,POPCORN KERNELS,POPCORN KERNELS,Unprocessed/Minimally processed foods,0
Chia organic Premium Seed Black,1g,9g,0.001g,CEREAL GRAINS,BROWN RICE,Unprocessed/Minimally processed foods,1
Barilla N.5 Spaghetti Pasta,3.5g,2g,0.005g,PASTAS,PASTA - SPAGHETTI,Processed foods,0
Daawat Pulses Green Grams,,,,"PULSES - PEAS, LENTILS, BEANS",GREEN GRAMS,Unprocessed/Minimally processed foods,0
Nutrameal Butter Beans,0.49g,0.04g,,"PULSES - PEAS, LENTILS, BEANS",BUTTER/LIMA BEANS,Unprocessed/Minimally processed foods,0
Godson Organics Quinoa Seeds,,3.7g,,CEREAL GRAINS,BROWN RICE,Unprocessed/Minimally processed foods,0
Butterfly Premium Spaghetti Pasta,,,,PASTAS,PASTA - SPAGHETTI,Processed foods,0
KPL Classic Long Grain Rice,0.1g,0.3g,,CEREAL GRAINS,WHITE RICE,Unprocessed/Minimally processed foods,0
Kings M R P K Grade 1 Pishori Aromatic Basmati Rice,,,,CEREAL GRAINS,WHITE RICE,Unprocessed/Minimally processed foods,0
GRANORO NO 17 RIGATONI,3g,1.5g,,PASTAS,OTHER PASTA SHAPES,Processed foods,0
Nutrameal Nyayo Beans,,1.3g,,"PULSES - PEAS, LENTILS, BEANS",NYAYO BEANS,Unprocessed/Minimally processed foods,0
Godson Organics Flax Seeds Lin Seeds,,,,CEREAL GRAINS,BROWN RICE,Unprocessed/Minimally processed foods,0
Barilla Lasagne No 189 Pasta,,9g,,PASTAS,OTHER PASTA SHAPES,Processed foods,1
Pasta Zara 112 Lasagne Gialle,3g,1g,,PASTAS,OTHER PASTA SHAPES,Processed foods,0
Santa Lucia Lumaca Pasta,,1g,,PASTAS,OTHER PASTA SHAPES,Processed foods,0
CIL Long Grain Blended White Rice,1g,,,CEREAL GRAINS,WHITE RICE,Unprocessed/Minimally processed foods,0
Granoro I Classici No.4 Linguini Pasta,3g,1.5g,,PASTAS,PASTA - SPAGHETTI,Processed foods,0
CIL Pishori Brown Rice,1.8g,0.005g,,CEREAL GRAINS,BROWN RICE,Unprocessed/Minimally processed foods,0
Barilla Rigate Penne Pasta,3.5g,2g,0.005g,PASTAS,OTHER PASTA SHAPES,Processed foods,0
GRANORO NO 26 PENNE RIGATE,3g,1.5g,,PASTAS,OTHER PASTA SHAPES,Processed foods,0
GORO NO 121 LASAGNE,3g,1.5g,,PASTAS,OTHER PASTA SHAPES,Processed foods,0
Carrefour Mlogo Pasta Spaghetti,3g,1g,0g,PASTAS,PASTA - SPAGHETTI,Processed foods,0
Barilla Linguine No 13 Pasta,3.5g,2g,0.005g,PASTAS,PASTA - SPAGHETTI,Processed foods,0
Santa Lucia Shell Pasta,1g,1g,,PASTAS,OTHER PASTA SHAPES,Processed foods,0
Ranee Chef39s Special Parboiled Basmati Rice,,0.9g,0.0041g,CEREAL GRAINS,PARBOILED RICE,Unprocessed/Minimally processed foods,0
Naturalli Bulgar,,,,CEREAL GRAINS,BROWN RICE,Unprocessed/Minimally processed foods,0
BUTTERFLY GREEN GRAM POLISHED,,,,"PULSES - PEAS, LENTILS, BEANS",GREEN GRAMS,Unprocessed/Minimally processed foods,0
Barilla Chifferi Elbows Pasta,3.5g,2g,0.005g,PASTAS,OTHER PASTA SHAPES,Processed foods,0
Kings M P S Grade 1 Mwea Super Basmati Rice,,,,CEREAL GRAINS,WHITE RICE,Unprocessed/Minimally processed foods,0
GRANORO NO 14 SPAGHETTI RISTO,3g,1.5g,,PASTAS,PASTA - SPAGHETTI,Processed foods,0
Amana Rosecoco Beans,3.5g,2.7g,,"PULSES - PEAS, LENTILS, BEANS",ROSECOCO BEANS,Unprocessed/Minimally processed foods,0
Granoro Integrale Organic Whole Wheat No 12 Spaghetti Pasta,3.4g,2.4g,0g,PASTAS,PASTA - SPAGHETTI,Processed foods,0
Cil Aromatic Long Grain Sindano Fragrant Rice,0.12g,,,CEREAL GRAINS,WHITE RICE,Unprocessed/Minimally processed foods,0
Daawat Deli Basmati Rice,,0.5g,0.00075g,CEREAL GRAINS,WHITE RICE,Unprocessed/Minimally processed foods,0
Butterfly Pulses Lima Butter Beans,0.49g,0.04g,,"PULSES - PEAS, LENTILS, BEANS",BUTTER/LIMA BEANS,Unprocessed/Minimally processed foods,0
Butterfly Pulses Brown Rosecoco Beans,5g,1g,0.02g,"PULSES - PEAS, LENTILS, BEANS",ROSECOCO BEANS,Unprocessed/Minimally processed foods,1
Butterfly Pigeon Peas Washed Toor Dal,1g,0.5g,0.03g,"PULSES - PEAS, LENTILS, BEANS",PIGEON PEAS,Unprocessed/Minimally processed foods,0
Butterfly Pulses White Cow Peas (Chora Black Eyed Beans),,1.3g,,"PULSES - PEAS, LENTILS, BEANS",COWPEAS/CHORA,Unprocessed/Minimally processed foods,0
Nature s Choice Quinoa Grains White,6g,3.5g,0.3g,CEREAL GRAINS,BROWN RICE,Unprocessed/Minimally processed foods,2
Nutrameal Black Njahi Beans,2.1g,1.4g,0.005g,"PULSES - PEAS, LENTILS, BEANS",BLACK BEANS (NJAHI),Unprocessed/Minimally processed foods,0
Butterfly Pulses Njahi Black Beans,2.1g,1.4g,0.005g,"PULSES - PEAS, LENTILS, BEANS",BLACK BEANS (NJAHI),Unprocessed/Minimally processed foods,0
Royal Premium Quality Macaroni Fussilli,,1.1g,,PASTAS,PASTA - MACARONI,Processed foods,0
Carrefour M Green Lentis,,,,"PULSES - PEAS, LENTILS, BEANS",LENTILS,Unprocessed/Minimally processed foods,0
Barilla Collezione Tagliatelle Pasta,,2g,,PASTAS,OTHER PASTA SHAPES,Processed foods,0
Dr Chia Seeds Of Life Chia Seeds,,3.5g,,CEREAL GRAINS,BROWN RICE,Unprocessed/Minimally processed foods,0
Carrefour Pasta Farfalle,3g,2g,0g,PASTAS,OTHER PASTA SHAPES,Processed foods,0
Nutrameal White Cowpeas,,1.3g,,"PULSES - PEAS, LENTILS, BEANS",COWPEAS/CHORA,Unprocessed/Minimally processed foods,0
Nutrameal Makueni Green Grams,,,,"PULSES - PEAS, LENTILS, BEANS",GREEN GRAMS,Unprocessed/Minimally processed foods,0
Nutrameal Masoor Dal,,,,"PULSES - PEAS, LENTILS, BEANS",LENTILS,Unprocessed/Minimally processed foods,0
Pearl Njahi Black Beans,,,,"PULSES - PEAS, LENTILS, BEANS",BLACK BEANS (NJAHI),Unprocessed/Minimally processed foods,0
Santa Lucia Spirali Pasta,1g,1g,,PASTAS,OTHER PASTA SHAPES,Processed foods,0
Amana Nyayo Beans,,,0.015g,"PULSES - PEAS, LENTILS, BEANS",NYAYO BEANS,Unprocessed/Minimally processed foods,0
Santa Lucia Elbow Pasta,,1g,,PASTAS,OTHER PASTA SHAPES,Processed foods,0
Wnnies Pur Health Aromatic Pishori Brown Rice,,1.6g,0.00299g,CEREAL GRAINS,BROWN RICE,Unprocessed/Minimally processed foods,0
Malbros Daawat Long Grain Rice,0.1g,0.4g,0.0016g,CEREAL GRAINS,WHITE RICE,Unprocessed/Minimally processed foods,0
De Cecco Fusilli Pasta,3g,1g,,PASTAS,OTHER PASTA SHAPES,Processed foods,0
Granoro N 27 Penne Classic Pasta,3g,1.5g,,PASTAS,OTHER PASTA SHAPES,Processed foods,0
Barilla Fettuccine Pasta,,2g,0.013g,PASTAS,OTHER PASTA SHAPES,Processed foods,0
Godson Organics Sesame Seeds,,9g,,HERBS AND SPICES,SPICES - SESAME SEEDS,Unprocessed/Minimally processed foods,1
Riscossa 25 Penne Zito Rigate Pasta,,1g,,PASTAS,OTHER PASTA SHAPES,Processed foods,0
Santa Lucia Tortgillion Pasta,,1g,,PASTAS,OTHER PASTA SHAPES,Processed foods,0
Carrefour Nyayo Beans,,,,"PULSES - PEAS, LENTILS, BEANS",NYAYO BEANS,Unprocessed/Minimally processed foods,0
Butterfly Lentils Split Mung Dal,,,,"PULSES - PEAS, LENTILS, BEANS",LENTILS,Unprocessed/Minimally processed foods,0
CIL Long Grain Blended Rice,1g,,,CEREAL GRAINS,WHITE RICE,Unprocessed/Minimally processed foods,0
Butterfly Cow Peas Red Chora,,2g,,"PULSES - PEAS, LENTILS, BEANS",COWPEAS/CHORA,Unprocessed/Minimally processed foods,0
Butterfly Standard Spaghetti,3g,1g,0.001g,PASTAS,PASTA - SPAGHETTI,Unprocessed/Minimally processed foods,0
Pearl Imported Popcorn Kernels,,,,POPCORN KERNELS,POPCORN KERNELS,Unprocessed/Minimally processed foods,0
Butterfly Washed Toor Dal,1g,0.5g,0.03g,"PULSES - PEAS, LENTILS, BEANS",LENTILS,Unprocessed/Minimally processed foods,0
BUTTERFLY NYOTA BEANS,,,,"PULSES - PEAS, LENTILS, BEANS",KENYAN HERITAGE BEANS,Unprocessed/Minimally processed foods,0
Amana Njahi Black Beans,,,,"PULSES - PEAS, LENTILS, BEANS",BLACK BEANS (NJAHI),Unprocessed/Minimally processed foods,0
Granoro Canneroni No 21 Pasta,3g,1.5g,0g,PASTAS,OTHER PASTA SHAPES,Processed foods,0
Nutrameal Red Cowpeas,6.9g,1.26g,0.016g,"PULSES - PEAS, LENTILS, BEANS",COWPEAS/CHORA,Unprocessed/Minimally processed foods,1
Butterfly Lentils Oily Toor Dal,1g,0.5g,0.03g,"PULSES - PEAS, LENTILS, BEANS",LENTILS,Unprocessed/Minimally processed foods,0
BUTTERFLY GREEN GRAM MUNGDAL,,,,"PULSES - PEAS, LENTILS, BEANS",GREEN GRAMS,Unprocessed/Minimally processed foods,0
Amana Premium Basmati Rice,,,0.0017g,CEREAL GRAINS,BROWN RICE,Unprocessed/Minimally processed foods,0
ASANTA GREEN LENTILS,0g,0.4g,0.002g,"PULSES - PEAS, LENTILS, BEANS",LENTILS,Unprocessed/Minimally processed foods,0
De Cecco No.12 Spaghetti,3.4g,1.5g,,PASTAS,PASTA - SPAGHETTI,Processed foods,0
Barilla N.3 Spaghettini Pasta,3.5g,2g,0.005g,PASTAS,PASTA - SPAGHETTI,Processed foods,0
Butterfly Vermicelli Pasta,,0.003g,,PASTAS,OTHER PASTA SHAPES,Processed foods,0
Butterfly Green Lentils,1g,,,"PULSES - PEAS, LENTILS, BEANS",LENTILS,Unprocessed/Minimally processed foods,0
Nutrameal Washed Urad Dal,,,,"PULSES - PEAS, LENTILS, BEANS",LENTILS,Unprocessed/Minimally processed foods,0
RISCOSSA PASTA 55 FAGIOLINI,,,,PASTAS,OTHER PASTA SHAPES,Processed foods,0
Butterfly Pulses Dried Green Peas,5g,13g,0.621g,"PULSES - PEAS, LENTILS, BEANS",GREEN PEAS (DRIED),Unprocessed/Minimally processed foods,3
Granoro N 32 Spirali Classic Pasta,3g,1.5g,,PASTAS,OTHER PASTA SHAPES,Processed foods,0
Malbros Daawat Brown Rice,,2.5g,0.005g,CEREAL GRAINS,BROWN RICE,Unprocessed/Minimally processed foods,0
GORO NO 100 SPIRALI GRANDI,3g,1.5g,,PASTAS,PASTA - GRANDI,Processed foods,0
Pasta Zara Rigatoni No 43 Macaroni,,1g,,PASTAS,PASTA - MACARONI,Processed foods,0
Carrefour Pasta Conchigle Rigate,61g,0g,0g,PASTAS,OTHER PASTA SHAPES,Processed foods,1
Pasta Zara 11 Linguine Pasta,3g,1g,,PASTAS,OTHER PASTA SHAPES,Processed foods,0
Nutrameal Soya Beans,3g,9g,0.001g,"PULSES - PEAS, LENTILS, BEANS",SOYA BEANS,Unprocessed/Minimally processed foods,1
Barilla Angel Hair No 1 Pasta,3.5g,2g,0.005g,PASTAS,PASTA - SPAGHETTI,Processed foods,0
ASANTA GREEN GRAM POLISHED,,,,"PULSES - PEAS, LENTILS, BEANS",GREEN GRAMS,Unprocessed/Minimally processed foods,0
Naturalli Couscous,,,0.008g,CEREAL GRAINS,BROWN RICE,Unprocessed/Minimally processed foods,0
Butterfly Pulses Kenyan Kidney Beans,2.2g,0.8g,0.024g,"PULSES - PEAS, LENTILS, BEANS",KIDNEY BEANS,Unprocessed/Minimally processed foods,0
Nutrameal Brown Roscoco Beans,5g,1g,0.02g,"PULSES - PEAS, LENTILS, BEANS",ROSECOCO BEANS,Unprocessed/Minimally processed foods,1
Nutrameal Wairimu Beans,2.1g,1.4g,0.005g,"PULSES - PEAS, LENTILS, BEANS",KENYAN HERITAGE BEANS,Unprocessed/Minimally processed foods,0
Carrefour Ready Meal Beef Ravioli,,,,PASTAS,OTHER PASTA SHAPES,Ultra-processed foods,0
Ranee Everyday Long Grain Rice,0.1g,0.3g,0.001g,CEREAL GRAINS,WHITE RICE,Unprocessed/Minimally processed foods,0
Mutlu Cous Cous,3g,2g,0.0004g,CEREAL GRAINS,BROWN RICE,Unprocessed/Minimally processed foods,0
Guru Pishori Basmati Rice,,0.5g,0.00032g,CEREAL GRAINS,WHITE RICE,Unprocessed/Minimally processed foods,0
Butterfly Standard Spaghetti Pasta,,,,PASTAS,PASTA - SPAGHETTI,Processed foods,0
Santa Lucia Ditali Pasta,,,,PASTAS,OTHER PASTA SHAPES,Processed foods,0
DE CECCO PASTA ALFABETO,,,,PASTAS,OTHER PASTA SHAPES,Processed foods,0
Pasta Zara 3 Spaghetti,3.4g,1.5g,,PASTAS,PASTA - SPAGHETTI,Processed foods,0
Pasta Zara 57 Spirali Pasta,1g,1g,,PASTAS,OTHER PASTA SHAPES,Processed foods,0
Ranee Long Grain Biryani Rice,,0.47g,0.0017g,CEREAL GRAINS,WHITE RICE,Unprocessed/Minimally processed foods,0
ASANTA POPCORN SEEDS,0g,4g,0.004g,POPCORN KERNELS,POPCORN KERNELS,Unprocessed/Minimally processed foods,0
Daawat Royal Basmati Rice,,0.5g,0.00075g,CEREAL GRAINS,WHITE RICE,Unprocessed/Minimally processed foods,0
Butterfly Black Gram Urad Dal,,,,"PULSES - PEAS, LENTILS, BEANS",LENTILS,Unprocessed/Minimally processed foods,0
Riscossa 24 Penne Zitoni Pasta,,1g,,PASTAS,OTHER PASTA SHAPES,Processed foods,0
De Cecco No.23 Tortiglioni Pasta,3g,1g,,PASTAS,OTHER PASTA SHAPES,Processed foods,0
Santa Maria Spaghetti Green,,,,PASTAS,PASTA - SPAGHETTI,Processed foods,0
Ranee Classic Basmati Rice,1.4g,0.0001g,,CEREAL GRAINS,WHITE RICE,Unprocessed/Minimally processed foods,0
Granoro N 13 Spaghetti Vermicelli Classic Pasta,3g,,,PASTAS,PASTA - SPAGHETTI,Processed foods,0
Roland Red Andean Quinoa Pre Washed,,,,CEREAL GRAINS,BROWN RICE,Unprocessed/Minimally processed foods,0
ASANTA YELLOW BEANS,0g,1g,0.02g,"PULSES - PEAS, LENTILS, BEANS",YELLOW BEANS,Unprocessed/Minimally processed foods,0
Mlogo Gold Basmati rice,,,,CEREAL GRAINS,WHITE RICE,Unprocessed/Minimally processed foods,0
ASANTA RICE BLENDED,,,,CEREAL GRAINS,BROWN RICE,Unprocessed/Minimally processed foods,0
Butterfly Whole Red Lentils,,,,"PULSES - PEAS, LENTILS, BEANS",LENTILS,Unprocessed/Minimally processed foods,0
GORO NO 43 PENNONI RIGATE,3g,1.5g,,PASTAS,OTHER PASTA SHAPES,Processed foods,0
BUTTERFLY MUNGDAL OILY G GRAMS,,,,"PULSES - PEAS, LENTILS, BEANS",GREEN GRAMS,Unprocessed/Minimally processed foods,0
Mlogo Diamond Basmati Rice,,,,CEREAL GRAINS,WHITE RICE,Unprocessed/Minimally processed foods,0
Carrefour Ready Meal Cassoulet,,,,FAST FOODS,PRE-PREPARED BEEF,Ultra-processed foods,0
Kings M R P K Grade 1 Premium Mwea Aromatic Pishori Rice,,,,CEREAL GRAINS,WHITE RICE,Unprocessed/Minimally processed foods,0
Riscossa Creste Di Gallo No 49 Pasta,,,,PASTAS,OTHER PASTA SHAPES,Processed foods,0
Butterfly Pulses Red Kidney Beans,,1.3g,,"PULSES - PEAS, LENTILS, BEANS",KIDNEY BEANS,Unprocessed/Minimally processed foods,0
Carrefour Pasta Ditali Rigati,0g,1g,0g,PASTAS,OTHER PASTA SHAPES,Processed foods,0
SUNRICE LONG GRAIN,0g,0g,0.004g,CEREAL GRAINS,WHITE RICE,Unprocessed/Minimally processed foods,0
Sunrice All Day Basmati Rice,,0.5g,0.0003g,CEREAL GRAINS,WHITE RICE,Unprocessed/Minimally processed foods,0
GURU PREMIUM BLEND PISHORI RICE,0g,0g,0g,CEREAL GRAINS,WHITE RICE,Unprocessed/Minimally processed foods,0
Butterfly Spaghetti Pasta,,,,PASTAS,PASTA - SPAGHETTI,Processed foods,0
Kings Daily Brand Grade 1 Rose Coco Bean,5g,1g,0.02g,"PULSES - PEAS, LENTILS, BEANS",ROSECOCO BEANS,Unprocessed/Minimally processed foods,1
224 PILAU RICE,1g,3g,0g,CEREAL GRAINS,WHITE RICE,Unprocessed/Minimally processed foods,0
Warda Lasagnes Pasta,,1.9g,,PASTAS,OTHER PASTA SHAPES,Processed foods,0
Nutrameal Split Urad Dal,,,,"PULSES - PEAS, LENTILS, BEANS",LENTILS,Unprocessed/Minimally processed foods,0
Butterfly Long Grain Kenya Pishori Rice,,0.2g,,CEREAL GRAINS,WHITE RICE,Unprocessed/Minimally processed foods,0
Pasta Zara Spiral Piccole Pasta,,2.5g,0.0031g,PASTAS,OTHER PASTA SHAPES,Processed foods,0
Eva Green Gram Premium,,,,"PULSES - PEAS, LENTILS, BEANS",GREEN GRAMS,Unprocessed/Minimally processed foods,0
Carrefour Ready Meal Bourguignon Beef,,,,PROCESSED MEAT,PRE-PREPARED BEEF,Processed foods,0
Pasta Zara Farfalle No 31 Macaroni,,1.2g,,PASTAS,PASTA - MACARONI,Processed foods,0
Kings Daily Brand Pishori Basmati Rice,,,0.1g,CEREAL GRAINS,WHITE RICE,Unprocessed/Minimally processed foods,0
224 Superior Quality Long Grain Rice,,,,CEREAL GRAINS,WHITE RICE,Unprocessed/Minimally processed foods,0
Royal Macaroni Penne Rigate Pasta,16g,,0.01g,PASTAS,PASTA - MACARONI,Processed foods,1
Butterfly Black Gram Split,,,,"PULSES - PEAS, LENTILS, BEANS",LENTILS,Unprocessed/Minimally processed foods,0
Guru Aromatic Biryani Rice,,0.9g,0.0041g,CEREAL GRAINS,WHITE RICE,Unprocessed/Minimally processed foods,0
Eva Pop Corn Kernels,,,,POPCORN KERNELS,POPCORN KERNELS,Unprocessed/Minimally processed foods,0
De Cecco Integrale Linguine Pasta,2.4g,2.5g,,PASTAS,OTHER PASTA SHAPES,Processed foods,0
Butterfly Grains Yellow Gram Chanadal,,,,"PULSES - PEAS, LENTILS, BEANS",LENTILS,Unprocessed/Minimally processed foods,0
BUTTERFLY RICE KENYAN PISHORI,,0g,0g,CEREAL GRAINS,WHITE RICE,Unprocessed/Minimally processed foods,0
Naturalli Pearl Barley Grain,,,,CEREAL GRAINS,BROWN RICE,Unprocessed/Minimally processed foods,0
EXPLORE G F CHICKPEA FUSILLI,,,,PASTAS,OTHER PASTA SHAPES,Processed foods,0
Pasta Zara 49 Penne Rigate Pasta,,1g,,PASTAS,OTHER PASTA SHAPES,Processed foods,0
Nutrameal Polished Green Grams,,,,"PULSES - PEAS, LENTILS, BEANS",GREEN GRAMS,Unprocessed/Minimally processed foods,0
Pasta Zara Gnocchi Pasta,,0.9g,,PASTAS,OTHER PASTA SHAPES,Processed foods,0
Riscossa Canneroni Rigati No 21 Pasta,,,,PASTAS,OTHER PASTA SHAPES,Processed foods,0
ASANTA RICE LONG GRAIN,,,,CEREAL GRAINS,WHITE RICE,Unprocessed/Minimally processed foods,0
Kings Daily Brand Njahi Beans,,10g,0.753g,"PULSES - PEAS, LENTILS, BEANS",BLACK BEANS (NJAHI),Unprocessed/Minimally processed foods,2
Amana Basmati Rice,,0.7g,0.00054g,CEREAL GRAINS,WHITE RICE,Unprocessed/Minimally processed foods,0
Nutrameal Whole Wheat,,,,WHEAT FLOUR,WHEAT FLOUR,Unprocessed/Minimally processed foods,0
BUTTERFLY RICE BASMATI PREMIUM,,0g,0g,CEREAL GRAINS,WHITE RICE,Unprocessed/Minimally processed foods,0
Granoro il Primo Cannelloni Pasta,2g,2g,,PASTAS,OTHER PASTA SHAPES,Processed foods,0
L Epi D Or Babboucha Shell Pasta,,,,PASTAS,OTHER PASTA SHAPES,Processed foods,0
Sunrice Thai Jasmine,,,,CEREAL GRAINS,WHITE RICE,Unprocessed/Minimally processed foods,0
L Epi D Or Coquillettes Shell Pasta,,,,PASTAS,OTHER PASTA SHAPES,Processed foods,0
Chia organic White Chia Seed,1g,9g,0.001g,CEREAL GRAINS,BROWN RICE,Unprocessed/Minimally processed foods,1
Argus Green Grams 25Ogms,,,,"PULSES - PEAS, LENTILS, BEANS",GREEN GRAMS,Unprocessed/Minimally processed foods,0
Butterfly Gold Basmati Rice,,0.5g,0.00075g,CEREAL GRAINS,WHITE RICE,Unprocessed/Minimally processed foods,0
Nutrameal Polished Green Gram,,,,"PULSES - PEAS, LENTILS, BEANS",GREEN GRAMS,Unprocessed/Minimally processed foods,0
BUTTERFLY RICE LONG GRAIN,0g,0g,0g,CEREAL GRAINS,WHITE RICE,Unprocessed/Minimally processed foods,0
Carrefour Green Lentils,,,,"PULSES - PEAS, LENTILS, BEANS",LENTILS,Unprocessed/Minimally processed foods,0
Argus Popcorn Imported 250Gms,,,,POPCORN KERNELS,POPCORN KERNELS,Unprocessed/Minimally processed foods,0
Nutrameal Sunflower Seeds,2g,51g,0.009g,DRIED FRUITS,RAISINS,Unprocessed/Minimally processed foods,1
SANTA MARIA PIPE RIGATE PASTA,,,,PASTAS,OTHER PASTA SHAPES,Processed foods,0
Granoro N.41 Gomiti Dedicato Pasta,3g,1.5g,,PASTAS,OTHER PASTA SHAPES,Processed foods,0
Argus Green Grams 500Gms,,,,"PULSES - PEAS, LENTILS, BEANS",GREEN GRAMS,Unprocessed/Minimally processed foods,0
Pasta Zara Chiffer Rigati Pasta,,1.2g,0.0037g,PASTAS,OTHER PASTA SHAPES,Processed foods,0
224 Aromatic Rice,,,,CEREAL GRAINS,WHITE RICE,Unprocessed/Minimally processed foods,0
Guru Long Grain White Rice,,0.2g,0.004g,CEREAL GRAINS,WHITE RICE,Unprocessed/Minimally processed foods,0
S S Premium Basmati Rice,,,0.0017g,CEREAL GRAINS,WHITE RICE,Unprocessed/Minimally processed foods,0
Pasta Zara 50 Pennoni Rigati Pasta,,1g,,PASTAS,OTHER PASTA SHAPES,Processed foods,0
Butterfly Premium Basmati Rice,,,0.0017g,CEREAL GRAINS,WHITE RICE,Unprocessed/Minimally processed foods,0
Ranee Premium Spaghetti Pasta,0g,0g,,PASTAS,PASTA - SPAGHETTI,Processed foods,0
Amana Premium Pishori Rice,0.5g,0.8g,,CEREAL GRAINS,WHITE RICE,Unprocessed/Minimally processed foods,0
L Epi D Or No.2 Noodles,,,,NOODLES,NOODLES,Processed foods,0
Argus Popcorn Imported 500Gms,,,,POPCORN KERNELS,POPCORN KERNELS,Unprocessed/Minimally processed foods,0
Guru Premium Blended Varity Pishori Rice,0g,0g,0g,CEREAL GRAINS,WHITE RICE,Unprocessed/Minimally processed foods,0
Carrefour Beef Chili Con Carne Ready Meal,1.6g,3.3g,,PROCESSED MEAT,PRE-PREPARED BEEF,Processed foods,0
Real Aromatic Pishori Basmati Rice,0g,3g,0g,CEREAL GRAINS,WHITE RICE,Unprocessed/Minimally processed foods,0
Pasta Zara 53 Lumaconi Rigati Pasta,,1g,,PASTAS,OTHER PASTA SHAPES,Processed foods,0
Kings Daily Brand Nyayo Beans,,10g,0.753g,"PULSES - PEAS, LENTILS, BEANS",NYAYO BEANS,Unprocessed/Minimally processed foods,2
Kings S S Long Grain Rice,,,0.002g,CEREAL GRAINS,WHITE RICE,Unprocessed/Minimally processed foods,0
Guru Parboiled Rice,,1g,,CEREAL GRAINS,PARBOILED RICE,Unprocessed/Minimally processed foods,0
Sesame Seeds,,1g,0.001g,HERBS AND SPICES,SPICES - SESAME SEEDS,Unprocessed/Minimally processed foods,0
Sunrice Mwea Pishori Rice,0.5g,0.8g,,CEREAL GRAINS,WHITE RICE,Unprocessed/Minimally processed foods,0
Carrefour Couscous Thin Semoulina,3g,1.5g,0.004g,CEREAL GRAINS,BROWN RICE,Unprocessed/Minimally processed foods,0
Nutrameal Split Moongdal,,,,"PULSES - PEAS, LENTILS, BEANS",GREEN GRAMS,Unprocessed/Minimally processed foods,0
Carrefour Pasta Risetti,3g,2g,0.005g,PASTAS,OTHER PASTA SHAPES,Processed foods,0
Butterfly Lentils Green Grams Washed Mung Dal,,,,"PULSES - PEAS, LENTILS, BEANS",LENTILS,Unprocessed/Minimally processed foods,0
Nutrameal Chana Dal,,,,"PULSES - PEAS, LENTILS, BEANS",LENTILS,Unprocessed/Minimally processed foods,0
Barilla N65 Farfalle Durum Wheat Pasta,3g,2g,,PASTAS,OTHER PASTA SHAPES,Processed foods,0
Butterfly Lentils Yellow Gram Split And Peeled Chanadal,,,,"PULSES - PEAS, LENTILS, BEANS",LENTILS,Unprocessed/Minimally processed foods,0
Riscossa 2 Spaghetti Pasta,3g,1g,0.002g,PASTAS,PASTA - SPAGHETTI,Processed foods,0
Carrefour Pasta Tripolini,1g,0g,0.002g,PASTAS,OTHER PASTA SHAPES,Processed foods,0
Nutrameal Toor Dal,,,,"PULSES - PEAS, LENTILS, BEANS",LENTILS,Unprocessed/Minimally processed foods,0
Naturalli White Quinoa Grain,,,,CEREAL GRAINS,BROWN RICE,Unprocessed/Minimally processed foods,0
Novi Black Beans,,,,"PULSES - PEAS, LENTILS, BEANS",BLACK BEANS (NJAHI),Unprocessed/Minimally processed foods,0
Pearl Polished Green Grams,,,,"PULSES - PEAS, LENTILS, BEANS",GREEN GRAMS,Unprocessed/Minimally processed foods,0
Carrefour Pasta Vermicelli,0g,1g,0g,PASTAS,OTHER PASTA SHAPES,Processed foods,0
Eva Pumpkin Seed Kernel,,,,VEGETABLES,PUMPKIN,Unprocessed/Minimally processed foods,0
Nutrameal Split Washed Moong Dal,,,,"PULSES - PEAS, LENTILS, BEANS",GREEN GRAMS,Unprocessed/Minimally processed foods,0
Butterfly Red Lentil Football,,,,"PULSES - PEAS, LENTILS, BEANS",LENTILS,Unprocessed/Minimally processed foods,0
Guru Premium Blended Pishori Rice,0g,0g,0g,CEREAL GRAINS,WHITE RICE,Unprocessed/Minimally processed foods,0
Butterfly Pulses Red Haricot Beans,3.88g,1.5g,0.005g,"PULSES - PEAS, LENTILS, BEANS",HARICOT BEANS,Unprocessed/Minimally processed foods,0
Santa Maria Grandi Pasta,,6g,,PASTAS,PASTA - GRANDI,Processed foods,0
Daawat Parboiled Rice,,1g,,CEREAL GRAINS,PARBOILED RICE,Unprocessed/Minimally processed foods,0
DAAWAT BLACK BEANS NJAHI,,,,"PULSES - PEAS, LENTILS, BEANS",BLACK BEANS (NJAHI),Unprocessed/Minimally processed foods,0
224 PISHORI RICE,0g,0g,0g,CEREAL GRAINS,WHITE RICE,Unprocessed/Minimally processed foods,0
Nutrameal Yellow Grams Chana,,5g,,"PULSES - PEAS, LENTILS, BEANS",LENTILS,Unprocessed/Minimally processed foods,0
Malbros Daawat Biryani Rice,,0.47g,0.0017g,CEREAL GRAINS,WHITE RICE,Unprocessed/Minimally processed foods,0
Argus Green Grams,,,,"PULSES - PEAS, LENTILS, BEANS",GREEN GRAMS,Unprocessed/Minimally processed foods,0
Eva Chia Seeds,,30.8g,,CEREAL GRAINS,BROWN RICE,Unprocessed/Minimally processed foods,1
De Cecco Linguine Pasta,3g,1g,,PASTAS,PASTA - SPAGHETTI,Processed foods,0
GORO NO 81 TAGLIATELLE,2.5g,1.5g,,PASTAS,OTHER PASTA SHAPES,Processed foods,0
Butterfly Cracked Wheat,,,,CEREAL GRAINS,BROWN RICE,Unprocessed/Minimally processed foods,0
Daawat Long Grain Rice,0.1g,0.4g,0.0016g,CEREAL GRAINS,WHITE RICE,Unprocessed/Minimally processed foods,0
ROYAL PASTA RIGATONI,,,,PASTAS,OTHER PASTA SHAPES,Processed foods,0
Royal Spaghetti,5g,,0.015g,PASTAS,PASTA - SPAGHETTI,Processed foods,1
Pasta Zara Tagliatelle All Uovo Pasta,,2.3g,0.019g,PASTAS,OTHER PASTA SHAPES,Processed foods,0
Pearl Pulses Large Size Whole Masoor Dal,,,,"PULSES - PEAS, LENTILS, BEANS",LENTILS,Unprocessed/Minimally processed foods,0
Warda Rose Blanche Couscous Medium,,1.5g,,CEREAL GRAINS,BROWN RICE,Unprocessed/Minimally processed foods,0
Kings Daily Brand Grade 1 Polished Green Grams,,,,"PULSES - PEAS, LENTILS, BEANS",GREEN GRAMS,Unprocessed/Minimally processed foods,0
Kings Daily Brand Grade Mwea Brown Rice,,3g,0.004g,CEREAL GRAINS,BROWN RICE,Unprocessed/Minimally processed foods,0
Nutrameal Mwitemania Beans,3.88g,1.5g,0.005g,"PULSES - PEAS, LENTILS, BEANS",KENYAN HERITAGE BEANS,Unprocessed/Minimally processed foods,0
L Epi D Or Lasagne Pasta,,,,PASTAS,OTHER PASTA SHAPES,Processed foods,0
Pearl Pulses Nyayo Beans,,,,"PULSES - PEAS, LENTILS, BEANS",NYAYO BEANS,Unprocessed/Minimally processed foods,0
Nutrameal Golden Grams,,,,BREAKFAST CEREALS,OATMEAL/PORRIDGE,Ultra-processed foods,0
Butterfly Pulses Pinto Beans,2.1g,1.2g,0.012g,"PULSES - PEAS, LENTILS, BEANS",PINTO BEANS,Unprocessed/Minimally processed foods,0
Eva Roasted Salted Pumpkin,32.97g,42.13g,0.018g,VEGETABLES,PUMPKIN,Unprocessed/Minimally processed foods,2
Riscossa Cannelloni Pasta,,,,PASTAS,OTHER PASTA SHAPES,Processed foods,0
Kings Daily Brand Grade 1 Lentils Mosoor Whole,,0.58g,0.04g,"PULSES - PEAS, LENTILS, BEANS",LENTILS,Unprocessed/Minimally processed foods,0
Eva Yellow Beans,,,,"PULSES - PEAS, LENTILS, BEANS",YELLOW BEANS,Unprocessed/Minimally processed foods,0
Eva Kamande,,,,"PULSES - PEAS, LENTILS, BEANS",LENTILS,Unprocessed/Minimally processed foods,0
Pearl Yellow Beans,,5.1g,0.0235g,"PULSES - PEAS, LENTILS, BEANS",YELLOW BEANS,Unprocessed/Minimally processed foods,0
Pasta Zara Macroni Pasta,,1g,0.006g,PASTAS,PASTA - MACARONI,Processed foods,0
Butterfly Pulses Kenyan Kidney Nyayo Beans,,,,"PULSES - PEAS, LENTILS, BEANS",KIDNEY BEANS,Unprocessed/Minimally processed foods,0
NUTRAMEAL ROSCOCO WHITE BEANS,,,,"PULSES - PEAS, LENTILS, BEANS",ROSECOCO BEANS,Unprocessed/Minimally processed foods,0
Indian Savoury Methi Puri,0.84g,37.99g,0.1982g,SWEET AND SAVOURY SNACKS,CRISPY PURI,Processed foods,1
Eva Cake Bereliyan Sprinkles,,,,CAKES,CAKES,Ultra-processed foods,0
Granoro Pappardelle No 134 Pasta,5g,1.8g,0g,PASTAS,OTHER PASTA SHAPES,Processed foods,1
Savoury Cassava Crisps,,3g,,SWEET AND SAVOURY SNACKS,POTATO CRISPS,Ultra-processed foods,0
Barilla Spaghettoni No 7 Pasta,1g,18g,0.005g,PASTAS,PASTA - SPAGHETTI,Processed foods,1
Riscossa 1B Spaghetti Pasta,3g,1g,0.002g,PASTAS,PASTA - SPAGHETTI,Processed foods,0
Nutcracker Cous Cous,,,,CEREAL GRAINS,BROWN RICE,Unprocessed/Minimally processed foods,0
Guru Pure Kenya Pishori Rice,,0.5g,0.00032g,CEREAL GRAINS,WHITE RICE,Unprocessed/Minimally processed foods,0
Kings M P S Premium Long Grain Rice,,,0.002g,CEREAL GRAINS,WHITE RICE,Unprocessed/Minimally processed foods,0
Butterfly Lentils Black Grams Washed Urad Dal,,,,"PULSES - PEAS, LENTILS, BEANS",LENTILS,Unprocessed/Minimally processed foods,0
Savoury Banana Crisps,0g,48g,0g,SWEET AND SAVOURY SNACKS,BHUSU MIX,Processed foods,1
Kings MRPP Pishori Rice,,0.5g,0.00075g,CEREAL GRAINS,WHITE RICE,Unprocessed/Minimally processed foods,0
Nutrameal Semolina Flour,,2g,,WHEAT FLOUR,WHEAT FLOUR,Processed foods,0
Amana Healthy Goodness Long Grain Basmati Rice,,0.7g,,CEREAL GRAINS,WHITE RICE,Unprocessed/Minimally processed foods,0
Eva Cake Metalic Purple Sprinkles,,,,BAKING ADDITIVES,BAKING POWDER,Ultra-processed foods,0
Eva Njahi Beans,0.28g,0.46g,0.001g,"PULSES - PEAS, LENTILS, BEANS",BLACK BEANS (NJAHI),Unprocessed/Minimally processed foods,0
Eva Ginger Hot Candy,,,,CANDY AND CONFECTIONERY,SWEETS/CANDY,Ultra-processed foods,0
Indian Savoury Potato Crisps,1.1g,33.5g,0.81g,SWEET AND SAVOURY SNACKS,POTATO CRISPS,Ultra-processed foods,2
Eva Soya Beans,,,,"PULSES - PEAS, LENTILS, BEANS",SOYA BEANS,Unprocessed/Minimally processed foods,0
EXPLORE G FEDAMAME SPAGHETTI,,,,PASTAS,PASTA - SPAGHETTI,Processed foods,0
Pasta Zara No 46 Penne Rigate Pasta,,1g,,PASTAS,OTHER PASTA SHAPES,Processed foods,0
Riscossa Elicoidali No 20 Pasta,,,,PASTAS,OTHER PASTA SHAPES,Processed foods,0
Arborio Rice,,,,CEREAL GRAINS,BROWN RICE,Unprocessed/Minimally processed foods,0
BUTTERFLY TOOR DAL WASHED,0g,1g,0g,"PULSES - PEAS, LENTILS, BEANS",LENTILS,Unprocessed/Minimally processed foods,0
Naturalli Wild Rice,0.7g,0.3g,0.003g,CEREAL GRAINS,BROWN RICE,Unprocessed/Minimally processed foods,0
De Cecco Fettuccelle No 6 Pasta,3.4g,1.5g,,PASTAS,OTHER PASTA SHAPES,Processed foods,0
Fanta Blackcurrant,4g,,0.06g,SODAS AND CARBONATED DRINKS,SODAS,Ultra-processed foods,0
Fanta Orange,13g,,,SODAS AND CARBONATED DRINKS,SODAS,Ultra-processed foods,1
Coca Cola Soda Assorted,,,0g,SODAS AND CARBONATED DRINKS,SODAS,Ultra-processed foods,0
Fanta Passion Juice,33.2g,0.12g,0.0149g,FRUIT DRINKS/SWEETENED JUICES & BOTTLED TEAS,FRUIT DRINKS/SWEETENED JUICE,Ultra-processed foods,1
Sprite,12g,,,SODAS AND CARBONATED DRINKS,SODAS,Ultra-processed foods,1
Mountain Dew Citrus Soda,46g,,0.06g,SODAS AND CARBONATED DRINKS,SODAS,Ultra-processed foods,1
Sprite Soda Carbonated Soft Drink,12g,,,SODAS AND CARBONATED DRINKS,SODAS,Ultra-processed foods,1
Fanta Orange Soda,13g,,,SODAS AND CARBONATED DRINKS,SODAS,Ultra-processed foods,1
Fanta Blackcurrant Soda,4g,,0.06g,SODAS AND CARBONATED DRINKS,SODAS,Ultra-processed foods,0
Pepsi Mirinda Lemon,,,,SODAS AND CARBONATED DRINKS,SODAS,Ultra-processed foods,0
Sprite Soda,12g,,,SODAS AND CARBONATED DRINKS,SODAS,Ultra-processed foods,1
Predator Energy Mango Juice,,,,ENERGY DRINKS,ENERGY DRINKS,Ultra-processed foods,0
Mountain Dew Soft Drink,,,,SODAS AND CARBONATED DRINKS,SODAS,Ultra-processed foods,0
Mirinda Orange Soft Drink,0g,0.003g,,SODAS AND CARBONATED DRINKS,SODAS,Ultra-processed foods,0
Mirinda Green Apple,,,,SODAS AND CARBONATED DRINKS,SODAS,Ultra-processed foods,0
Club Blackcurrant Soda,,,0.007g,SODAS AND CARBONATED DRINKS,SODAS,Ultra-processed foods,0
Mirinda Fruity Carbonated Mixed Berry Soft Drink,,,,SODAS AND CARBONATED DRINKS,SODAS,Ultra-processed foods,0
Highlands Club Blackcurrant Soda,71g,,,SODAS AND CARBONATED DRINKS,SODAS,Ultra-processed foods,1
Warheads Sour G Apple Soda,,,,SODAS AND CARBONATED DRINKS,SODAS,Ultra-processed foods,0
Highlands Club Pineapple Soda,,,,SODAS AND CARBONATED DRINKS,SODAS,Ultra-processed foods,0
Old Jamaica Grape Soda,12.4g,0g,0.01g,SODAS AND CARBONATED DRINKS,SODAS,Ultra-processed foods,1
Old Jamaica Cream Soda,12.4g,0g,,SODAS AND CARBONATED DRINKS,SODAS,Ultra-processed foods,1
Club Orange Soda,14g,,0g,SODAS AND CARBONATED DRINKS,SODAS,Ultra-processed foods,1
Club Apple Juice,,,0.035g,FRUIT DRINKS/SWEETENED JUICES & BOTTLED TEAS,FRUIT DRINKS/SWEETENED JUICE,Ultra-processed foods,0
Mirinda Pineapple,,,,SODAS AND CARBONATED DRINKS,SODAS,Ultra-processed foods,0
Hola Very Berry Carbonated Drink,,,0.003g,SODAS AND CARBONATED DRINKS,SODAS,Ultra-processed foods,0
Warheads Sour Peach Soda,,,,SODAS AND CARBONATED DRINKS,SODAS,Ultra-processed foods,0
Highlands Pineapple Club Soda,,,,SODAS AND CARBONATED DRINKS,SODAS,Ultra-processed foods,0
Highlands Club Soda Blackcurra,,,,SODAS AND CARBONATED DRINKS,SODAS,Ultra-processed foods,0
Warheads Sour Blk Cherry Soda,,,,SODAS AND CARBONATED DRINKS,SODAS,Ultra-processed foods,0
Hola Orange Carbonated Drink,13g,0g,0.022g,SODAS AND CARBONATED DRINKS,SODAS,Ultra-processed foods,1
Club Orange Juice,24g,,0.015g,FRUIT DRINKS/SWEETENED JUICES & BOTTLED TEAS,FRUIT DRINKS/SWEETENED JUICE,Ultra-processed foods,1
Planet Soda Mixed Berries,10g,0g,0g,SODAS AND CARBONATED DRINKS,SODAS,Ultra-processed foods,1
Club Tangawizi Soda,,,0g,SODAS AND CARBONATED DRINKS,SODAS,Ultra-processed foods,0
7UP DRINK,,,,SODAS AND CARBONATED DRINKS,SODAS,Ultra-processed foods,0
Mountain Dew Soda Can,,,,SODAS AND CARBONATED DRINKS,SODAS,Ultra-processed foods,0
Club Tangawizi Lime Soda,,,0g,SODAS AND CARBONATED DRINKS,SODAS,Ultra-processed foods,0
Vimto Sparkling Fruit Drink,6.1g,,,FRUIT DRINKS/SWEETENED JUICES & BOTTLED TEAS,FRUIT DRINKS/SWEETENED JUICE,Ultra-processed foods,1
Mirinda Green Apple Soft Drink,13g,0g,0.005g,SODAS AND CARBONATED DRINKS,SODAS,Ultra-processed foods,1
Highlands Club Mango Soda,,,,SODAS AND CARBONATED DRINKS,SODAS,Ultra-processed foods,0
Hola Rose Carbonated Drink,5.9g,,,SODAS AND CARBONATED DRINKS,SODAS,Ultra-processed foods,1
Mirinda Pineapple Soft Drink,,,,SODAS AND CARBONATED DRINKS,SODAS,Ultra-processed foods,0
Warheads Sour Blue Rasp Soda,,,,SODAS AND CARBONATED DRINKS,SODAS,Ultra-processed foods,0
Warheads Sour Watermelon Soda,,,,SODAS AND CARBONATED DRINKS,SODAS,Ultra-processed foods,0
Ribena Blackcurrant Juice,13.1g,0g,0.005g,FRUIT DRINKS/SWEETENED JUICES & BOTTLED TEAS,FRUIT DRINKS/SWEETENED JUICE,Ultra-processed foods,1
Ribena Blackcurrant Strawberry Juice,0.5g,,,FRUIT DRINKS/SWEETENED JUICES & BOTTLED TEAS,FRUIT DRINKS/SWEETENED JUICE,Ultra-processed foods,0
Savanah Cocopine Juice,18g,,0.035g,FRUIT DRINKS/SWEETENED JUICES & BOTTLED TEAS,FRUIT DRINKS/SWEETENED JUICE,Ultra-processed foods,1
Savanah Strawberry Juice,18.25g,1.42g,0.002g,FRUIT DRINKS/SWEETENED JUICES & BOTTLED TEAS,FRUIT DRINKS/SWEETENED JUICE,Ultra-processed foods,1
Savanah Pineapple Juice,25g,0.3g,0.005g,FRESH/FRUIT JUICES - NO ADDED SUGAR,FRESH/FRUIT JUICES - NO ADDED SUGAR,Unprocessed/Minimally processed foods,1
Savanah Mango Juice,31g,0.1g,0.013g,DILUTING JUICE,SQUASHES,Ultra-processed foods,1
Excel Quencher Orange Drink,2g,0g,0g,FRUIT DRINKS/SWEETENED JUICES & BOTTLED TEAS,FRUIT DRINKS/SWEETENED JUICE,Ultra-processed foods,0
Savanah Orange Juice,21g,0.5g,0.0025g,FRUIT DRINKS/SWEETENED JUICES & BOTTLED TEAS,FRUIT DRINKS/SWEETENED JUICE,Ultra-processed foods,1
Pep Lemon Juice Concentrate,3.2g,,0g,DILUTING JUICE,CORDIALS,Ultra-processed foods,0
Excel Quencher Lemon Treat Drink,11g,4.8g,0.036g,FRUIT DRINKS/SWEETENED JUICES & BOTTLED TEAS,FRUIT DRINKS/SWEETENED JUICE,Ultra-processed foods,1
Pep Cocopine Drink,18g,,0.035g,DILUTING JUICE,SQUASHES,Ultra-processed foods,1
Savanah Punch Fruit Drink,22.88g,0.15g,0.01g,FRUIT DRINKS/SWEETENED JUICES & BOTTLED TEAS,FRUIT DRINKS/SWEETENED JUICE,Ultra-processed foods,1
Savanah Punch Fruit Juice,22.88g,0.15g,0.01g,FRUIT DRINKS/SWEETENED JUICES & BOTTLED TEAS,FRUIT DRINKS/SWEETENED JUICE,Ultra-processed foods,1
Pep Mixed Fruit Concentrate,29g,,0.145g,DILUTING JUICE,CORDIALS,Ultra-processed foods,1
Pep Concentrate Orange Drink,,,0.003g,FRUIT DRINKS/SWEETENED JUICES & BOTTLED TEAS,FRUIT DRINKS/SWEETENED JUICE,Ultra-processed foods,0
Savanah Lemon Juice,6.2g,0.6g,0.0024g,FRUIT DRINKS/SWEETENED JUICES & BOTTLED TEAS,FRUIT DRINKS/SWEETENED JUICE,Processed foods,1
Pep Lemon Drink Concentrate,,,,DILUTING JUICE,CORDIALS,Ultra-processed foods,0
Pep Fruit Cocktail Drink,11.3g,0.1g,0.0049g,FRUIT DRINKS/SWEETENED JUICES & BOTTLED TEAS,FRUIT DRINKS/SWEETENED JUICE,Ultra-processed foods,1
Excel Quencher Pineapple Drink,8g,,0.001g,FRUIT DRINKS/SWEETENED JUICES & BOTTLED TEAS,FRUIT DRINKS/SWEETENED JUICE,Ultra-processed foods,1
Pep Concentrate Orange Drink 1.,33g,0g,0g,FRUIT DRINKS/SWEETENED JUICES & BOTTLED TEAS,FRUIT DRINKS/SWEETENED JUICE,Ultra-processed foods,1
Club Lemon And Lime Soda,,1g,0g,SODAS AND CARBONATED DRINKS,SODAS,Ultra-processed foods,0
Sprite Carbonated Soft Drink,12g,,,SODAS AND CARBONATED DRINKS,SODAS,Ultra-processed foods,1
Clovers Rose Sherbet Syrup,,,,DILUTING JUICE,CORDIALS,Ultra-processed foods,0
Clovers Cordial Lime Juice,1g,,0g,DILUTING JUICE,CORDIALS,Ultra-processed foods,0
7Up Soda Can,,,,SODAS AND CARBONATED DRINKS,SODAS,Ultra-processed foods,0
Bubble Up Bitter Lemon,,,,SODAS AND CARBONATED DRINKS,SODAS,Ultra-processed foods,0
Mirinda Orange Carbonated Soft Drink,,,,SODAS AND CARBONATED DRINKS,SODAS,Ultra-processed foods,0
Club Lemon Lime Drink,41g,,0g,SODAS AND CARBONATED DRINKS,SODAS,Ultra-processed foods,1
Mirinda Soda Can,,,,SODAS AND CARBONATED DRINKS,SODAS,Ultra-processed foods,0
Peptang Lime Mixer Drink,40g,,0.017g,FRUIT DRINKS/SWEETENED JUICES & BOTTLED TEAS,FRUIT DRINKS/SWEETENED JUICE,Ultra-processed foods,1
Schweppes Tonic Water,33g,,0.055g,WATER,MINERAL WATER,Processed foods,1
Fitch And Leedes Lemonade Sparkling Drink,21g,,,SODAS AND CARBONATED DRINKS,SODAS,Ultra-processed foods,1
Fitch Leeds Grapefruit Tonic,,,,SODAS AND CARBONATED DRINKS,SODAS,Ultra-processed foods,0
Royal Club Tonic Water,8.6g,,,WATER,MINERAL WATER,Unprocessed/Minimally processed foods,1
Fitch And Leedes Pink Tonic Sparkling Rose And Cucumber Drink,7.1g,0.1g,,SODAS AND CARBONATED DRINKS,SODAS,Ultra-processed foods,1
Kenyan Originals Rose And Cucumber Tonic Water,,,,WATER,FLAVOURED WATER,Ultra-processed foods,0
Kenyan Originals Turmeric And Chilli Tonic Water,,,,WATER,FLAVOURED WATER,Ultra-processed foods,0
Bubble Up Tonic Water,,,,WATER,FLAVOURED WATER,Processed foods,0
Kenyan Originals Classic African Tonic Water,,,,WATER,FLAVOURED WATER,Processed foods,0
FITCH AND LEEDS BLUE TONIC,7g,0.1g,0.005g,SODAS AND CARBONATED DRINKS,SODAS,Ultra-processed foods,1
Fitch And Leedes Pink Tonic Sparkling,0.5g,0.1g,0.005g,SODAS AND CARBONATED DRINKS,SODAS,Ultra-processed foods,0
Kenyan Originals Light African Tonic Water,,,,WATER,FLAVOURED WATER,Processed foods,0
Fitch Leedes Classic Ginger Beer,40g,,0.041g,SODAS AND CARBONATED DRINKS,SODAS,Ultra-processed foods,1
Fitch Leedes Indian Tonic Sparkling Drink,0.1g,0.5g,,SODAS AND CARBONATED DRINKS,SODAS,Ultra-processed foods,0
Fitch Leedes Classics Passion Fruit And Lemon Sparkling Drink,42g,,,SODAS AND CARBONATED DRINKS,SODAS,Ultra-processed foods,1
Coca Cola,27g,,0.025g,SODAS AND CARBONATED DRINKS,SODAS,Ultra-processed foods,1
Coke Zero,,,0g,SODAS AND CARBONATED DRINKS,SODAS,Ultra-processed foods,0
Coca Cola Zero Can,,,0g,SODAS AND CARBONATED DRINKS,SODAS,Ultra-processed foods,0
Coca Cola Soda,27g,,0.025g,SODAS AND CARBONATED DRINKS,SODAS,Ultra-processed foods,1
Coca Cola Drink,27g,,0.025g,SODAS AND CARBONATED DRINKS,SODAS,Ultra-processed foods,1
Pepsi Cola Soft Drink,41g,0g,0.03g,SODAS AND CARBONATED DRINKS,SODAS,Ultra-processed foods,1
Coca Cola No Sugar Drink,,,0g,SODAS AND CARBONATED DRINKS,SODAS,Ultra-processed foods,0
Club Cola Drink,10g,,0g,SODAS AND CARBONATED DRINKS,SODAS,Ultra-processed foods,1
Pepsi Diet Can,,,,SODAS AND CARBONATED DRINKS,SODAS,Ultra-processed foods,0
Club Cola Soda,,,0g,SODAS AND CARBONATED DRINKS,SODAS,Ultra-processed foods,0
Hola Cola Carbonated Drink,10.6g,0g,0.0085g,SODAS AND CARBONATED DRINKS,SODAS,Ultra-processed foods,1
Pepsi Cola,,,,SODAS AND CARBONATED DRINKS,SODAS,Ultra-processed foods,0
Bavaria 0.0 Apple Non Alcoholic Malt Drink,7.6g,1g,,MALT DRINKS,MALT DRINKS,Ultra-processed foods,1
Bavaria 0.0 Original Non Alcoholic Malt Drink,3g,,0.002g,MALT DRINKS,MALT DRINKS,Ultra-processed foods,0
Azam Malti Coffee Mocha Dark Malt Drink,11g,,0.024g,MALT DRINKS,MALT DRINKS,Ultra-processed foods,1
Azam Malti Drink Coffee,0g,0g,0.005g,MALT DRINKS,MALT DRINKS,Ultra-processed foods,0
Alvaro Malt Drink,9.3g,6.3g,,MALT DRINKS,MALT DRINKS,Ultra-processed foods,1
Tropical Sun Root Beer Nonalc,8.7g,0g,,SODAS AND CARBONATED DRINKS,SODAS,Ultra-processed foods,1
Red Bull Energy Drink,11g,,,ENERGY DRINKS,ENERGY DRINKS,Ultra-processed foods,1
Redbull Energy Sugar Free 250Mlx4,,,,ENERGY DRINKS,ENERGY DRINKS,Ultra-processed foods,0
Monster Mucho Loco Energy Drink,28g,,0.035g,ENERGY DRINKS,ENERGY DRINKS,Ultra-processed foods,1
Monster Original Energy Drink,,,,ENERGY DRINKS,ENERGY DRINKS,Ultra-processed foods,0
Monster Zero Ultra White Energy Drink,,0.076g,,ENERGY DRINKS,ENERGY DRINKS,Ultra-processed foods,0
Monster Mucho Loco Can,,,,ENERGY DRINKS,ENERGY DRINKS,Ultra-processed foods,0
Predator Energy Drink,,,0.05g,ENERGY DRINKS,ENERGY DRINKS,Ultra-processed foods,0
Virtue Energy Drink Peach Raspberry,,,,ENERGY DRINKS,ENERGY DRINKS,Ultra-processed foods,0
Virtue Energy Drink Strawberry Lime,,,,ENERGY DRINKS,ENERGY DRINKS,Ultra-processed foods,0
Pick N Peel Sparkling Cider Apple Fruit Drink,14.6g,0g,0.001g,FRUIT DRINKS/SWEETENED JUICES & BOTTLED TEAS,FRUIT DRINKS/SWEETENED JUICE,Ultra-processed foods,1
Redbull Energy Sugar Free,,,,ENERGY DRINKS,ENERGY DRINKS,Ultra-processed foods,0
Power Play Original Energy Drink,,0.1g,0.027g,ENERGY DRINKS,ENERGY DRINKS,Ultra-processed foods,0
Score Energy Drink Striker,,,,ENERGY DRINKS,ENERGY DRINKS,Ultra-processed foods,0
Freego Energy Drink Can,11g,0g,,ENERGY DRINKS,ENERGY DRINKS,Ultra-processed foods,1
Virtue Lemon And Lime Clean Energy Drink,,,,ENERGY DRINKS,ENERGY DRINKS,Ultra-processed foods,0
Redbull Energy Original Duo,,,,ENERGY DRINKS,ENERGY DRINKS,Ultra-processed foods,0
Redbull Energy Sugar Free Duo,,,,ENERGY DRINKS,ENERGY DRINKS,Ultra-processed foods,0
Score Energy Drink GT,,,,ENERGY DRINKS,ENERGY DRINKS,Ultra-processed foods,0
Duma Energy Drink,10g,,0.19g,ENERGY DRINKS,ENERGY DRINKS,Ultra-processed foods,1
Score Energy Drink Crush,,,,ENERGY DRINKS,ENERGY DRINKS,Ultra-processed foods,0
Score Energy Drink Pink Lemon,,,,ENERGY DRINKS,ENERGY DRINKS,Ultra-processed foods,0
Score Energy Drink Passion,,,,ENERGY DRINKS,ENERGY DRINKS,Ultra-processed foods,0
Azam Carbonated Energy Drink,11g,0.1g,,ENERGY DRINKS,ENERGY DRINKS,Ultra-processed foods,1
Reaktor Simba Energy Drink,9g,0g,0g,ENERGY DRINKS,ENERGY DRINKS,Ultra-processed foods,1
Reload Isotonic Lemon Drink,21g,,0.15g,ENERGY DRINKS,ENERGY DRINKS,Ultra-processed foods,1
Reload Orange Isotonic Drink,3.7g,,,ENERGY DRINKS,ENERGY DRINKS,Ultra-processed foods,0
Reload Lemon Isotonic Drink,21g,0g,0.15g,ENERGY DRINKS,ENERGY DRINKS,Ultra-processed foods,1
Boostrio Tropical Sport Drink 330M,3.9g,,,ENERGY DRINKS,ENERGY DRINKS,Ultra-processed foods,0
Prime Hydration Drink,,,,ENERGY DRINKS,ENERGY DRINKS,Ultra-processed foods,0
Lucozade Boost Buzz Energy Drink,70g,1g,,ENERGY DRINKS,ENERGY DRINKS,Ultra-processed foods,1
Lucozade Boost Glucose Energy Drink,70g,1g,,ENERGY DRINKS,ENERGY DRINKS,Ultra-processed foods,1
You C1000 Health Lemon Vitamin Drink,0.1g,,,ENERGY DRINKS,ENERGY DRINKS,Ultra-processed foods,0
You C1000 Health Orange Drink,0.1g,,,FRUIT DRINKS/SWEETENED JUICES & BOTTLED TEAS,FRUIT DRINKS/SWEETENED JUICE,Ultra-processed foods,0
Zesta Hot Sweet Sauce,,,,TABLE SAUCES,CHILLI/HOT SAUCE,Ultra-processed foods,0
PEPTANG HOT SWEET SAUCE,,,0.251g,TABLE SAUCES,CHILLI/HOT SAUCE,Ultra-processed foods,0
Crying Thaiger Sriracha Hot Chilli Sauce,16g,0.7g,,TABLE SAUCES,CHILLI/HOT SAUCE,Ultra-processed foods,1
Peptang Green Chilli Sauce,0.1g,0g,0g,TABLE SAUCES,CHILLI/HOT SAUCE,Ultra-processed foods,0
Peptang Hot And Sweet Sauce,,,0.251g,TABLE SAUCES,CHILLI/HOT SAUCE,Ultra-processed foods,0
Nandos Peri Peri Hot Sauce,4.6g,1g,0.573g,TABLE SAUCES,CHILLI/HOT SAUCE,Ultra-processed foods,1
AG TABASCO STYLE HOT SAUCE,,,,TABLE SAUCES,CHILLI/HOT SAUCE,Ultra-processed foods,0
Tabasco Green Pepper Sauce,,,,TABLE SAUCES,CHILLI/HOT SAUCE,Processed foods,0
Nando s Peri Peri Garlic Sauce,,,,TABLE SAUCES,CHILLI/HOT SAUCE,Ultra-processed foods,0
Zesta Chilli Sauce,,,,TABLE SAUCES,CHILLI/HOT SAUCE,Ultra-processed foods,0
Peptang Sweet Chilli Sauce,,,,TABLE SAUCES,CHILLI/HOT SAUCE,Ultra-processed foods,0
Tabasco Pepper Sauce,,,,TABLE SAUCES,CHILLI/HOT SAUCE,Ultra-processed foods,0
Chika Chika Scotch Bonnet Sauce,2.49g,0.27g,,TABLE SAUCES,CHILLI/HOT SAUCE,Ultra-processed foods,0
CHIKA CHIKA EXTRA HOT,2.22g,0.24g,,HERBS AND SPICES,SPICES - CHILLIES,Unprocessed/Minimally processed foods,0
Rufus Teague Sugar Free Chipotle,,,,TABLE SAUCES,CHILLI/HOT SAUCE,Ultra-processed foods,0
Nature s Tastes Kachumbari Mild Red Salsa,,,0.1g,TABLE SAUCES,SALSA/GUACAMOLE,Ultra-processed foods,0
Nature s Tastes Kachumbari Medium Red Salsa,,16g,0.007g,TABLE SAUCES,SALSA/GUACAMOLE,Ultra-processed foods,1
Melinda S Chipotle Hot Sauce,,,,TABLE SAUCES,CHILLI/HOT SAUCE,Ultra-processed foods,0
Melinda S Mango Hot Sauce,,,,TABLE SAUCES,CHILLI/HOT SAUCE,Ultra-processed foods,0
Lyons Hot And Sweet Sauce,24.54g,0.25g,,TABLE SAUCES,CHILLI/HOT SAUCE,Ultra-processed foods,1
Chika Chika Mango Chilly Sauce,2.55g,0.23g,,TABLE SAUCES,CHILLI/HOT SAUCE,Ultra-processed foods,0
Clovers Chilli Sauce,,,,TABLE SAUCES,CHILLI/HOT SAUCE,Ultra-processed foods,0
CHIKA CHIKA SWEET CHILLI,2.19g,0.21g,,SWEET AND SAVOURY SNACKS,BHUSU MIX,Ultra-processed foods,0
Thai Dancer Sweet Chilli Sauce,,,,TABLE SAUCES,CHILLI/HOT SAUCE,Ultra-processed foods,0
CHIKA CHIKA MANGO CHILLY,2.55g,0.23g,,SWEET AND SAVOURY SNACKS,BHUSU MIX,Ultra-processed foods,0
CHIKA CHIKA TAMARIND CHILLY,2.71g,0.22g,,HERBS AND SPICES,SPICES - CHILLIES,Unprocessed/Minimally processed foods,0
Suree Spring Roll Dipping Sauce,65g,0.9g,0g,TABLE SAUCES,DIPPING SAUCE,Ultra-processed foods,1
Clovers Hot Sweet Sauce,37.4g,0g,1.0207g,TABLE SAUCES,CHILLI/HOT SAUCE,Ultra-processed foods,2
Kaputei Hot Chili Sauce,1g,,0.08g,TABLE SAUCES,CHILLI/HOT SAUCE,Ultra-processed foods,0
Peptang Tomato Garlic Sauce,,,,TABLE SAUCES,TOMATO SAUCE,Ultra-processed foods,0
REAL THAI SWEET CHILLI,,,,TABLE SAUCES,CHILLI/HOT SAUCE,Ultra-processed foods,0
Melinda S Jalapeío Hot Sauce,,,,TABLE SAUCES,CHILLI/HOT SAUCE,Ultra-processed foods,0
Peptang Pili Pili Garlic Sauce,1.2g,0.3g,1.68g,TABLE SAUCES,CHILLI/HOT SAUCE,Ultra-processed foods,1
Nandos Peri Peri Bag Bake Hot,,,,COOKING SAUCES,READY-TO-COOK MEAL SAUCE,Ultra-processed foods,0
Rufus Teague Steak Rub,,,,HERBS AND SPICES,SPICES - MEAT/BBQ RUB,Unprocessed/Minimally processed foods,0
Chilli Pilli Hot Chilli Sauce,,,,TABLE SAUCES,CHILLI/HOT SAUCE,Ultra-processed foods,0
Peptang Chilli Garlic Sauce,32.2g,0.5g,1.42g,TABLE SAUCES,CHILLI/HOT SAUCE,Ultra-processed foods,2
Zesta Hot Sweet C Sauce,,,,TABLE SAUCES,CHILLI/HOT SAUCE,Ultra-processed foods,0
Rufus Teague Meat Rub,,,,HERBS AND SPICES,SPICES - MEAT/BBQ RUB,Unprocessed/Minimally processed foods,0
Nature s Tastes Hot Chilli Sauce,3g,,0.32g,TABLE SAUCES,CHILLI/HOT SAUCE,Ultra-processed foods,1
Peptang Pili Pili Sauce,1.2g,0.3g,1.68g,TABLE SAUCES,CHILLI/HOT SAUCE,Ultra-processed foods,1
Santa Maria Superior Sweet Chilli Sauce,28g,0.8g,,TABLE SAUCES,CHILLI/HOT SAUCE,Ultra-processed foods,1
Thai Dragon Sriracha Hot Chilli Sauce,,1g,,TABLE SAUCES,CHILLI/HOT SAUCE,Ultra-processed foods,0
Peptang Masala Sauce,2g,,0.161g,TABLE SAUCES,CHILLI/HOT SAUCE,Ultra-processed foods,0
Melinda S Scotch Bonnet Habanero Pepper Hot Sauce,,,,TABLE SAUCES,CHILLI/HOT SAUCE,Ultra-processed foods,0
AMERICAN G KETCHUP HOT SPICY,4g,0g,0.15g,TABLE SAUCES,TOMATO KETCHUP,Ultra-processed foods,0
Peptang Classic Chilli Sauce,32.2g,0.5g,1.42g,TABLE SAUCES,CHILLI/HOT SAUCE,Ultra-processed foods,2
Suree Pad Thai Sauce,0g,1.2g,,COOKING SAUCES,STIR FRY/ASIAN SAUCE,Ultra-processed foods,0
Chika Chika Mint Chilli Sauce,2.31g,0.19g,,TABLE SAUCES,CHILLI/HOT SAUCE,Ultra-processed foods,0
Rufus Teague Spicy Meat Rub,,,,HERBS AND SPICES,SPICES - MEAT/BBQ RUB,Unprocessed/Minimally processed foods,0
Natures Taste Hot N Sweet Sauce,37.4g,,1.02g,TABLE SAUCES,CHILLI/HOT SAUCE,Ultra-processed foods,2
Louisiana Brand Hot Sauce,,,,TABLE SAUCES,CHILLI/HOT SAUCE,Ultra-processed foods,0
Real Thai Sesame Hot Sauce,,,,TABLE SAUCES,CHILLI/HOT SAUCE,Ultra-processed foods,0
Carrefour Selection Sweet Chili Sauce,,,,TABLE SAUCES,CHILLI/HOT SAUCE,Ultra-processed foods,0
Chef King Sweet Chilli Sauce,39g,,,TABLE SAUCES,CHILLI/HOT SAUCE,Ultra-processed foods,1
Suree Chilli And Garlic Sauce,0g,0.3g,1.6g,TABLE SAUCES,CHILLI/HOT SAUCE,Ultra-processed foods,1
Mamas Choice Chilli,1g,3g,0.17g,HERBS AND SPICES,SPICES - CHILLIES,Unprocessed/Minimally processed foods,0
ZESTA CHILLI GARLIC SAUCE,,,,TABLE SAUCES,CHILLI/HOT SAUCE,Ultra-processed foods,0
Kol Hot Sweet Sauce,37.78g,0g,,TABLE SAUCES,CHILLI/HOT SAUCE,Ultra-processed foods,1
Peptang Tomato And Onion Kachumbari Sauce,1g,1g,0.035g,TABLE SAUCES,SALSA/GUACAMOLE,Ultra-processed foods,0
Presto Chilli Sauce,5.77g,0.33g,,TABLE SAUCES,CHILLI/HOT SAUCE,Ultra-processed foods,1
Peptang Habanero H Chilli Sauce,2.5g,0.5g,0g,TABLE SAUCES,CHILLI/HOT SAUCE,Ultra-processed foods,0
Chika Chika Sweet Chilli Sauce,2.19g,0.21g,,TABLE SAUCES,CHILLI/HOT SAUCE,Ultra-processed foods,0
Chika Chika Extra Hot Sauce,2.22g,0.24g,,TABLE SAUCES,CHILLI/HOT SAUCE,Ultra-processed foods,0
Heinz Hot Sauce,,,0.18g,TABLE SAUCES,CHILLI/HOT SAUCE,Ultra-processed foods,0
Ola Hot Salsa Dipping Sauce,2.39g,0.29g,0.447g,TABLE SAUCES,DIPPING SAUCE,Ultra-processed foods,1
Chika Chika Hot Chilli Sauce,2.55g,0.23g,,TABLE SAUCES,CHILLI/HOT SAUCE,Ultra-processed foods,0
Heinz Chilli Garlic Sauce,7g,,0.023g,TABLE SAUCES,CHILLI/HOT SAUCE,Ultra-processed foods,1
Sunfresh Chilli Sauce,,,,TABLE SAUCES,CHILLI/HOT SAUCE,Ultra-processed foods,0
Zesta Chilli Tamarind Sauce,38g,5.1g,0.572g,TABLE SAUCES,CHILLI/HOT SAUCE,Ultra-processed foods,2
Kaputei Hot Chilli Sauce,1g,,0.08g,TABLE SAUCES,CHILLI/HOT SAUCE,Ultra-processed foods,0
Lyons Chilli Sauce,1.1g,2.4g,,TABLE SAUCES,CHILLI/HOT SAUCE,Ultra-processed foods,0
Zesta Fruity Spicy Sauce,,,,TABLE SAUCES,OTHER CONDIMENT SAUCE,Ultra-processed foods,0
Nando s Medium Peri Peri Sauce,1g,3.4g,,TABLE SAUCES,CHILLI/HOT SAUCE,Ultra-processed foods,0
CHIKA CHIKA HOT CHILLI,2.55g,0.23g,,HERBS AND SPICES,SPICES - CHILLIES,Unprocessed/Minimally processed foods,0
Tabasco Sriracha Chilli Sauce,19g,0g,0g,TABLE SAUCES,CHILLI/HOT SAUCE,Ultra-processed foods,1
Nandos Peri Peri Rub Garlic Med,45g,2.1g,18.9g,HERBS AND SPICES,SPICES - PERI PERI RUB,Unprocessed/Minimally processed foods,2
Nandos Peri Peri Rub Smokey Bbq Med,42g,4.2g,25g,HERBS AND SPICES,SPICES - PERI PERI RUB,Unprocessed/Minimally processed foods,2
DEE THAI SWEETCHILLI SAUCE,,,,TABLE SAUCES,CHILLI/HOT SAUCE,Ultra-processed foods,0
Chilli Pilli Hot And Sweet Sauce,,,,TABLE SAUCES,CHILLI/HOT SAUCE,Ultra-processed foods,0
Virginia Green Garden Hot Sauce,,3g,,TABLE SAUCES,CHILLI/HOT SAUCE,Ultra-processed foods,0
Kol Chilli Sauce,1g,0g,0.002g,TABLE SAUCES,CHILLI/HOT SAUCE,Ultra-processed foods,0
Rufus Teague Sugar Free Slim Sweet,,,,TABLE SAUCES,BBQ SAUCE,Ultra-processed foods,0
Rufus Teague Smoky Apple,,,,TABLE SAUCES,BBQ SAUCE,Ultra-processed foods,0
Suree Sweet Plum Sauce,58g,0g,0g,TABLE SAUCES,DIPPING SAUCE,Ultra-processed foods,1
Melinda S Extra Hot Sauce,,,,TABLE SAUCES,CHILLI/HOT SAUCE,Ultra-processed foods,0
Roland Thai Sweet Chili Sauce,,,,TABLE SAUCES,CHILLI/HOT SAUCE,Ultra-processed foods,0
Melinda S Naga Jolokia Pepper Hot Sauce,,,,TABLE SAUCES,CHILLI/HOT SAUCE,Ultra-processed foods,0
Rufus Teague Honey Sweet Bbq Sauce,,,,TABLE SAUCES,BBQ SAUCE,Ultra-processed foods,0
Thai Dancer Wasabi Mayo Sauce,,,,TABLE SAUCES,MAYONNAISE,Ultra-processed foods,0
Rufus Teague Chicken And Rub,,,,HERBS AND SPICES,SPICES - CHICKEN MASALA,Processed foods,0
Roland Hot Chili Sauce,,,,TABLE SAUCES,CHILLI/HOT SAUCE,Ultra-processed foods,0
Roland Chili Garlic Sauce,,,,TABLE SAUCES,CHILLI/HOT SAUCE,Ultra-processed foods,0
Roland Hot Chili Oil In,,,,COOKING OIL,COCONUT OIL,Processed Culinary Ingredients,0
Rufus Teague Blazin Hot,,,,TABLE SAUCES,CHILLI/HOT SAUCE,Ultra-processed foods,0
Roland Mango Chili Sauce,,,,TABLE SAUCES,CHILLI/HOT SAUCE,Ultra-processed foods,0
Chilli Pilli Hot Pilli Sauce,,,,TABLE SAUCES,CHILLI/HOT SAUCE,Ultra-processed foods,0
Kol Chillisauce,,,,TABLE SAUCES,CHILLI/HOT SAUCE,Ultra-processed foods,0
Melinda S Ghost Pepper Hot Sauce,,,,TABLE SAUCES,CHILLI/HOT SAUCE,Ultra-processed foods,0
Taystee Flaming Hot Sauce,,,,TABLE SAUCES,CHILLI/HOT SAUCE,Ultra-processed foods,0
Melinda S Scorpion Pepper Hot Sauce,,,,TABLE SAUCES,CHILLI/HOT SAUCE,Ultra-processed foods,0
Louisiana Brand Hotter Hot Sauce,,,,TABLE SAUCES,CHILLI/HOT SAUCE,Ultra-processed foods,0
Melinda S Extra Reserve,,,,TABLE SAUCES,CHILLI/HOT SAUCE,Ultra-processed foods,0
Melinda S Garlic Hot Sauce,,,,TABLE SAUCES,CHILLI/HOT SAUCE,Ultra-processed foods,0
Melinda S Etra Hot Sauce,,,,TABLE SAUCES,CHILLI/HOT SAUCE,Processed foods,0
Melinda S Redsavina Hot Sauce,,,,TABLE SAUCES,CHILLI/HOT SAUCE,Ultra-processed foods,0
Melinda S Hot Sauce,,,,TABLE SAUCES,CHILLI/HOT SAUCE,Ultra-processed foods,0
Tamtam Chili Sauce,13.3g,0.3g,1.3328g,TABLE SAUCES,CHILLI/HOT SAUCE,Ultra-processed foods,2
Atkins Potts Salsa Dip,7.2g,1.1g,,TABLE SAUCES,SALSA/GUACAMOLE,Ultra-processed foods,1
MJ’s Barbecue Sauce,15g,0g,0.3g,TABLE SAUCES,BBQ SAUCE,Ultra-processed foods,2
American Gourmet Barbeque Sauce,11g,,0.34g,TABLE SAUCES,BBQ SAUCE,Ultra-processed foods,2
Kaputei Barbeque Sauce,25g,0.7g,0.88g,TABLE SAUCES,BBQ SAUCE,Ultra-processed foods,2
Thai Dancer Oriental Hoisin Sauce,,,,COOKING SAUCES,HOISIN SAUCE,Ultra-processed foods,0
Kaputei Sweet And Sticky Barbeque Sauce,44g,0g,,TABLE SAUCES,BBQ SAUCE,Ultra-processed foods,1
Arpo Sweet Chilli Sauce,,,,TABLE SAUCES,CHILLI/HOT SAUCE,Ultra-processed foods,0
Chain Kwo Siracha Chili Sauce,18g,1.3g,,TABLE SAUCES,CHILLI/HOT SAUCE,Ultra-processed foods,1
Virginia Oyster Sauce,0g,0.3g,2.733g,COOKING SAUCES,OYSTER SAUCE,Ultra-processed foods,1
Lyons Burger Sauce,2.3g,3.6g,0.138g,TABLE SAUCES,BURGER SAUCE,Ultra-processed foods,0
Mj S Italian Dressing,4g,28.1g,1.642g,TABLE SAUCES,SALAD DRESSING,Ultra-processed foods,2
Thai Dancer Teriyaki Mayo Sauce,46g,3.2g,,TABLE SAUCES,MAYONNAISE,Ultra-processed foods,1
Arpo Fish Sauce,,,,COOKING SAUCES,FISH SAUCE,Ultra-processed foods,0
CHIKA CHIKA GARLIKY TWIST,2.22g,0.24g,,SWEET AND SAVOURY SNACKS,BHUSU MIX,Ultra-processed foods,0
KAPUTEI BBQ HICKORY SMOKE FLAVO,11g,0g,0.3g,TABLE SAUCES,BBQ SAUCE,Ultra-processed foods,2
Kaputei Honey Barbeque Sauce,12g,,0.31g,TABLE SAUCES,BBQ SAUCE,Ultra-processed foods,2
Kaputei Tomato Sauce,,,,TABLE SAUCES,TOMATO SAUCE,Ultra-processed foods,0
Mama s Choice Chips Sauce,12g,0.5g,0.059g,TABLE SAUCES,TOMATO SAUCE,Ultra-processed foods,1
SANTA MARIA FISH SAUCE,,,,COOKING SAUCES,FISH SAUCE,Ultra-processed foods,0
Jade Bridge Fish Sauce,,0g,8.21g,COOKING SAUCES,FISH SAUCE,Ultra-processed foods,1
Mama s Choice Chips Tomato Sauce,12g,0.5g,0.059g,TABLE SAUCES,TOMATO SAUCE,Ultra-processed foods,1
Chilli Pilli Garlic Chill Sauce,,,,TABLE SAUCES,CHILLI/HOT SAUCE,Ultra-processed foods,0
Sharwood Stir Fry Sweet Sour Sauce,,,,COOKING SAUCES,STIR FRY/ASIAN SAUCE,Ultra-processed foods,0
Colmans Rec Mix Cottage Pie,,,,SOUP FLAVOUR CUBES & MIXES,SOUP FLAVOUR MIXES,Ultra-processed foods,0
Presto Tomato Sauce,4.8g,0.2g,0.136g,TABLE SAUCES,TOMATO SAUCE,Ultra-processed foods,1
Chika Chika Fire Roasted Garlicky Twist Sauce,2.35g,0.18g,,TABLE SAUCES,CHILLI/HOT SAUCE,Ultra-processed foods,0
Sharwood Real Oyster Sauce,,,,COOKING SAUCES,OYSTER SAUCE,Ultra-processed foods,0
Mama’s Choice Chips Sauce,12g,0.5g,,TABLE SAUCES,TOMATO SAUCE,Ultra-processed foods,1
Peptang Mama’s Choice Chips Sauce,12g,0.5g,,TABLE SAUCES,TOMATO SAUCE,Ultra-processed foods,1
Colmans Mix Sausage Caserole,,,,SOUP FLAVOUR CUBES & MIXES,SOUP FLAVOUR MIXES,Ultra-processed foods,0
Heinz 1000 Island Sauce,,,,TABLE SAUCES,SALAD DRESSING,Ultra-processed foods,0
Galitos Garlic Piri Piri Sauce,4g,26g,,TABLE SAUCES,OTHER CONDIMENT SAUCE,Ultra-processed foods,1
Chef King Oyster Sauce,23g,0g,4.379g,COOKING SAUCES,OYSTER SAUCE,Ultra-processed foods,2
ZESTA TOMATO GARLIC SAUCE,,,,TABLE SAUCES,TOMATO SAUCE,Ultra-processed foods,0
Ragu Old World Style Mushroom Sauce,,,,COOKING SAUCES,PASTA SAUCE,Ultra-processed foods,0
Sacla Vegan Basil Pesto Sauce,1.2g,37g,,COOKING SAUCES,PESTO,Ultra-processed foods,1
Sharwood Stir Fry Black Bean Sauce,,,,COOKING SAUCES,STIR FRY/ASIAN SAUCE,Ultra-processed foods,0
Thai Dancer Sweet And Sour Sauce,,,,COOKING SAUCES,STIR FRY/ASIAN SAUCE,Ultra-processed foods,0
Thai Dancer Spring Rolls Chili Sauce,48g,0g,,TABLE SAUCES,CHILLI/HOT SAUCE,Processed foods,1
Peptang Fruity Brown Sauce,4g,0g,0.0002g,TABLE SAUCES,BROWN/WORCESTERSHIRE SAUCE,Ultra-processed foods,0
Thai Dancer Black Pepper Sauce,21g,,,TABLE SAUCES,OTHER CONDIMENT SAUCE,Ultra-processed foods,1
Thai Dancer Garlic Chilli Sauce,,,,TABLE SAUCES,CHILLI/HOT SAUCE,Ultra-processed foods,0
Colmans Mm Shepherds Pie Mix,,,,SOUP FLAVOUR CUBES & MIXES,SOUP FLAVOUR MIXES,Ultra-processed foods,0
Thai Dancer Sriracha Mayo Sauce,,,,TABLE SAUCES,MAYONNAISE,Ultra-processed foods,0
Zesta Premium Tomato Ketchup,22.47g,0.1g,0.00011g,TABLE SAUCES,TOMATO KETCHUP,Ultra-processed foods,1
Heinz Tomato Ketchup Squeezy,3.4g,,,TABLE SAUCES,TOMATO KETCHUP,Ultra-processed foods,0
PEPTANG TOMATO KETCHUP,,,,TABLE SAUCES,TOMATO KETCHUP,Ultra-processed foods,0
Heinz Tomato Ketchup,22.8g,0.1g,0g,TABLE SAUCES,TOMATO KETCHUP,Ultra-processed foods,1
Zesta Tomato Ketchup,,,,TABLE SAUCES,TOMATO KETCHUP,Ultra-processed foods,0
KAPUTEI TOMATO KETCHUP,,,,TABLE SAUCES,TOMATO KETCHUP,Ultra-processed foods,0
Macuisine Real Tomato Ketchup,,,,TABLE SAUCES,TOMATO KETCHUP,Ultra-processed foods,0
HEINZ TOMATO KETCHUP GLASS,,,,TABLE SAUCES,TOMATO KETCHUP,Ultra-processed foods,0
Clovers Tomato Ketchup,,,,TABLE SAUCES,TOMATO KETCHUP,Ultra-processed foods,0
Zesta Sauce 8Pieces Gift,,,,TABLE SAUCES,TOMATO SAUCE,Ultra-processed foods,0
American Garden Tomato Ketchup,2g,0g,0g,TABLE SAUCES,TOMATO KETCHUP,Ultra-processed foods,0
Kaputei Mayo Ketchup Dressing,11g,0.01g,0g,TABLE SAUCES,MAYONNAISE,Ultra-processed foods,1
Macuisine Hot Tomato Ketchup,,,,TABLE SAUCES,TOMATO KETCHUP,Ultra-processed foods,0
MJ s Original Tomato Ketchup,22g,0g,0.441g,TABLE SAUCES,TOMATO KETCHUP,Ultra-processed foods,2
Stokes Reduced Sug Tomato Ketchup,14g,,,TABLE SAUCES,TOMATO KETCHUP,Ultra-processed foods,1
Samwa Spicy Mango Ketchup,,,,TABLE SAUCES,TOMATO KETCHUP,Ultra-processed foods,0
Samwa Hot Mango Ketchup,,,,TABLE SAUCES,TOMATO KETCHUP,Ultra-processed foods,0
Samwa Mango Ketchup,46.5g,0.2g,0g,TABLE SAUCES,TOMATO KETCHUP,Ultra-processed foods,1
Zesta Tomato Ketchup Hot,,,,TABLE SAUCES,TOMATO KETCHUP,Ultra-processed foods,0
Samwa Natural Foods Mango Ketchup,22g,0g,1.8g,TABLE SAUCES,TOMATO KETCHUP,Ultra-processed foods,2
SUREE SUKIYAKI SAUCE,,,,COOKING SAUCES,TERIYAKI/MIRIN,Ultra-processed foods,0
Amazon Tomato Ketchup,15.9g,0.1g,0.412g,TABLE SAUCES,TOMATO KETCHUP,Ultra-processed foods,2
Samwa Natural Foods Spicy Mango Ketchup,0g,0g,0g,TABLE SAUCES,TOMATO KETCHUP,Ultra-processed foods,0
Zesta Ketchup glass,,,,TABLE SAUCES,TOMATO KETCHUP,Ultra-processed foods,0
Samwa Natural Foods Tomato Ketchup,11g,0g,0.36g,TABLE SAUCES,TOMATO KETCHUP,Ultra-processed foods,2
Samwa Hot Tomato Ketchup,3g,0g,0.2g,TABLE SAUCES,TOMATO KETCHUP,Ultra-processed foods,0
KOL Tomato Ketchup,17g,,0.547g,TABLE SAUCES,TOMATO KETCHUP,Ultra-processed foods,2
Lyons Tomato Ketchuo,1g,0g,0.28g,TABLE SAUCES,TOMATO KETCHUP,Ultra-processed foods,1
Kevian Tomato Ketchup,,,,TABLE SAUCES,TOMATO KETCHUP,Ultra-processed foods,0
Kaputei Chipotle Dressing,2g,2.5g,0.08g,TABLE SAUCES,SALAD DRESSING,Ultra-processed foods,0
TAMTAM TOMATO SAUCE,,,,TABLE SAUCES,TOMATO SAUCE,Ultra-processed foods,0
Samwa Hot Ketchup,,,,TABLE SAUCES,TOMATO KETCHUP,Ultra-processed foods,0
Samwa Spicy Ketchup,,,,TABLE SAUCES,TOMATO KETCHUP,Ultra-processed foods,0
Samwa Natural Foods Spicy Ketchup,3g,0g,0.22g,TABLE SAUCES,TOMATO KETCHUP,Ultra-processed foods,0
Macuisine Just Mayonnaise,0.6g,12g,0.635g,TABLE SAUCES,MAYONNAISE,Ultra-processed foods,2
Lyons Gourmet Mayonnaise,,2g,0.075g,TABLE SAUCES,MAYONNAISE,Ultra-processed foods,0
Heinz Mayonnaise Sauce,3.2g,64g,0.55g,TABLE SAUCES,MAYONNAISE,Ultra-processed foods,2
MJ’s Original Mayonnaise,4g,,0.45g,TABLE SAUCES,MAYONNAISE,Ultra-processed foods,1
Macuisine Garlic Mayonnaise,4g,,0.45g,TABLE SAUCES,MAYONNAISE,Ultra-processed foods,1
Heinz Regular Mayonnaise,3.2g,64g,0.55g,TABLE SAUCES,MAYONNAISE,Ultra-processed foods,2
Zesta Eggless Mayonnaise,4g,,0.45g,TABLE SAUCES,MAYONNAISE,Ultra-processed foods,1
Hellmann S Real Mayonnaise,,,,TABLE SAUCES,MAYONNAISE,Ultra-processed foods,0
American Garden Mayonnaise,4.91g,29.9g,1.7g,TABLE SAUCES,MAYONNAISE,Ultra-processed foods,3
Lyons Garlic Mayo Creamy Mayonnaise,1.1g,79.1g,,TABLE SAUCES,MAYONNAISE,Ultra-processed foods,1
Kaputei Mayonnaise Premium Blend,,0.766g,,TABLE SAUCES,MAYONNAISE,Ultra-processed foods,0
Kaputei Mayonnaise,,0.766g,,TABLE SAUCES,MAYONNAISE,Ultra-processed foods,0
Santa Maria Mayonnaise,0g,49g,0g,TABLE SAUCES,MAYONNAISE,Ultra-processed foods,1
Lyons Light Mayonnaise,,4g,,TABLE SAUCES,MAYONNAISE,Ultra-processed foods,0
Lyons Light Mayo Mayonnaise,1g,4.5g,0.11g,TABLE SAUCES,MAYONNAISE,Ultra-processed foods,0
Macuisine Vegan Mayonnaise,2.7g,72g,,TABLE SAUCES,MAYONNAISE,Ultra-processed foods,1
Presto Original Mayonnaise,4g,,0.45g,TABLE SAUCES,MAYONNAISE,Ultra-processed foods,1
Royale Garden Mayonnaise,,,,TABLE SAUCES,MAYONNAISE,Ultra-processed foods,0
Presto Light Mayonnaise,,4g,,TABLE SAUCES,MAYONNAISE,Ultra-processed foods,0
Zesta Chilli Mayonnaise,,,,TABLE SAUCES,MAYONNAISE,Ultra-processed foods,0
MJ’s Olives Mayonnaise,0g,15g,0.664g,TABLE SAUCES,MAYONNAISE,Ultra-processed foods,2
FESTIVA MAYONNAISE,,,,TABLE SAUCES,MAYONNAISE,Ultra-processed foods,0
MJ’s Black Pepper Mayonnaise,0g,5g,0.058g,TABLE SAUCES,MAYONNAISE,Ultra-processed foods,0
Zaza Mayonnaise,,,,TABLE SAUCES,MAYONNAISE,Ultra-processed foods,0
MJ’s Mayochup Sauce,1g,15g,0.745g,TABLE SAUCES,OTHER CONDIMENT SAUCE,Ultra-processed foods,2
American Garden Lite Mayonnaise,,,0.045g,TABLE SAUCES,MAYONNAISE,Ultra-processed foods,0
MJ’s Red Chilli Mayonnaise,0g,15g,0.745g,TABLE SAUCES,MAYONNAISE,Ultra-processed foods,2
Lyons Chilli Mayo Creamy Mayonnaise,6g,38.4g,0.492g,TABLE SAUCES,MAYONNAISE,Ultra-processed foods,3
Lyons Mayowhip Creaming And Tangy Dressing Eggless Mayonnaise,0.4g,4.4g,0.00012g,TABLE SAUCES,MAYONNAISE,Ultra-processed foods,0
AMERICAN GOURMET MAYO,,,,TABLE SAUCES,MAYONNAISE,Ultra-processed foods,0
American Gourmet Regular Mayonnaise,1.7g,15.3g,0.745g,TABLE SAUCES,MAYONNAISE,Ultra-processed foods,2
American Garden Regular Mayonnaise,,11g,0.065g,TABLE SAUCES,MAYONNAISE,Ultra-processed foods,1
Atkins Potts Toasted Garlic Mayonnaise,2.1g,71.1g,,TABLE SAUCES,MAYONNAISE,Ultra-processed foods,1
Zesta Glass Eggless Mayonnaise,,,,TABLE SAUCES,MAYONNAISE,Ultra-processed foods,0
Atkins Potts Wasabi Mayonnaise,2.8g,62.7g,,TABLE SAUCES,MAYONNAISE,Ultra-processed foods,1
American Garden Mayonnaise Lite,1g,,0.105g,TABLE SAUCES,MAYONNAISE,Ultra-processed foods,0
Zesta Tomato Sauce,22g,,,TABLE SAUCES,TOMATO SAUCE,Ultra-processed foods,1
Peptang Tomato Sauce,,0.4g,0.581g,TABLE SAUCES,TOMATO SAUCE,Ultra-processed foods,1
Galitos Lemon And Herb Piri Piri Sauce,16.33g,0.14g,,TABLE SAUCES,OTHER CONDIMENT SAUCE,Ultra-processed foods,1
Kaputei Roasted Pepper Pesto,3g,25g,0.6g,COOKING SAUCES,PESTO,Ultra-processed foods,2
Peptang Choma Sauce,29.48g,,0.84g,TABLE SAUCES,BBQ SAUCE,Ultra-processed foods,2
Lea Perrins Worcestershire Sauce,18.8g,0.9g,,TABLE SAUCES,BROWN/WORCESTERSHIRE SAUCE,Ultra-processed foods,1
Galitos Premium Reserve Piri Piri Sauce,16.33g,0.14g,,TABLE SAUCES,OTHER CONDIMENT SAUCE,Ultra-processed foods,1
Galito s Mild Piri Piri Sauce,16.33g,3g,0.004g,TABLE SAUCES,CHILLI/HOT SAUCE,Ultra-processed foods,1
Clovers Tomato Sauce,4.8g,0.2g,0.136g,TABLE SAUCES,TOMATO SAUCE,Ultra-processed foods,1
SANTA MARIA OYSTER SAUCE,,,,COOKING SAUCES,OYSTER SAUCE,Ultra-processed foods,0
HP Original Sauce,23.1g,0.1g,0.512g,TABLE SAUCES,BROWN/WORCESTERSHIRE SAUCE,Ultra-processed foods,2
Kaputei Pizza Sauce Regular,8.16g,0.19g,0.7g,COOKING SAUCES,PASTA SAUCE,Ultra-processed foods,2
Sunfresh Tomato Sauce,5g,2g,0.42g,TABLE SAUCES,TOMATO SAUCE,Ultra-processed foods,2
Atkins Potts Tartare Sauce,2.7g,52g,,TABLE SAUCES,OTHER CONDIMENT SAUCE,Ultra-processed foods,1
Lyons Tomato Sauce,1g,,0.28g,TABLE SAUCES,TOMATO SAUCE,Ultra-processed foods,1
Sunfresh Sauce,5g,2g,0.42g,TABLE SAUCES,TOMATO SAUCE,Ultra-processed foods,2
Rufus Teague Spicy Steak Sauce,,,,TABLE SAUCES,BROWN/WORCESTERSHIRE SAUCE,Ultra-processed foods,0
American Garden Worcestershire Sauce,1g,,0.06g,TABLE SAUCES,BROWN/WORCESTERSHIRE SAUCE,Ultra-processed foods,0
Sea Korus Premium Oyster Sauce,4g,0g,,COOKING SAUCES,OYSTER SAUCE,Ultra-processed foods,0
Heinz Original Salad Cream,17g,23.8g,,TABLE SAUCES,SALAD DRESSING,Ultra-processed foods,2
Galitos Hot Piri Piri Sauce,1g,2g,0.001g,TABLE SAUCES,OTHER CONDIMENT SAUCE,Ultra-processed foods,0
Carrefour Barbecue Sauce,24g,0.7g,,TABLE SAUCES,BBQ SAUCE,Ultra-processed foods,1
Duerr s Mint Sauce,17g,0.5g,,TABLE SAUCES,OTHER CONDIMENT SAUCE,Ultra-processed foods,1
Chicken Tonight Spanish Chicken Sauce,5.5g,0.9g,0g,COOKING SAUCES,READY-TO-COOK MEAL SAUCE,Ultra-processed foods,1
Rufus Teague Steak Sauce,,,,TABLE SAUCES,BROWN/WORCESTERSHIRE SAUCE,Ultra-processed foods,0
Rufus Teague Fish Rub,,,,HERBS AND SPICES,SPICES - FISH MASALA,Processed foods,0
Kaputei Barbecue Sauce,4g,,,TABLE SAUCES,BBQ SAUCE,Ultra-processed foods,0
Zesta Choma Sauce,29.48g,,0.84g,TABLE SAUCES,BBQ SAUCE,Ultra-processed foods,2
Kaputei Honey Barbecue Sauce,15g,,0.3g,TABLE SAUCES,BBQ SAUCE,Ultra-processed foods,2
Kaputei Sweet And Sticky Barbecue Sauce,4g,,,TABLE SAUCES,BBQ SAUCE,Ultra-processed foods,0
Zesta Mayonnaise Barbecue Sauce,,,,TABLE SAUCES,MAYONNAISE,Ultra-processed foods,0
Kaputei Smokey Barbecue Sauce,11g,,0.3g,TABLE SAUCES,BBQ SAUCE,Ultra-processed foods,2
Virginia Green Garden Barbeque Sauce,64g,0g,0.88g,TABLE SAUCES,BBQ SAUCE,Ultra-processed foods,2
Chilli Pilli Green Pilli Sauce,,,,TABLE SAUCES,CHILLI/HOT SAUCE,Ultra-processed foods,0
Carrefour Selection BBQ Sauce,,,,TABLE SAUCES,BBQ SAUCE,Ultra-processed foods,0
CHAIN KWO HOISIN SAUCE,,,,COOKING SAUCES,HOISIN SAUCE,Ultra-processed foods,0
Stokes Sweet Sticky Bbq Sauce,49g,,,TABLE SAUCES,BBQ SAUCE,Ultra-processed foods,1
Stokes Original Bbq Sauce Squeze,26g,3.1g,,TABLE SAUCES,BBQ SAUCE,Ultra-processed foods,1
Stokes Hot Spicy Bbq Sauce,36g,3g,,TABLE SAUCES,BBQ SAUCE,Ultra-processed foods,1
Heinz Mustard Sauce,,1g,1.27g,TABLE SAUCES,MUSTARD,Ultra-processed foods,1
Maille Dijon Original Mustard,1.9g,11g,,TABLE SAUCES,MUSTARD,Ultra-processed foods,1
American Garden Spicy Brown Mustard,,,0.065g,TABLE SAUCES,MUSTARD,Ultra-processed foods,0
Virginia Green Garden Yellow Mustard,5g,5g,1g,TABLE SAUCES,MUSTARD,Ultra-processed foods,2
MJ s Premium Yellow Mustard Sauce,,,0.064g,TABLE SAUCES,MUSTARD,Ultra-processed foods,0
Festiva Yellow Mustard,,,,TABLE SAUCES,MUSTARD,Ultra-processed foods,0
Zesta Yellow Mustard,,,,TABLE SAUCES,MUSTARD,Ultra-processed foods,0
Kaputei Mustard Sauce,,13.4g,0.0028g,TABLE SAUCES,MUSTARD,Ultra-processed foods,1
American Gourmet Dijon Mustard,2.7g,11.5g,,TABLE SAUCES,MUSTARD,Ultra-processed foods,1
Roland Dijon Mustard Provencal Herbs,,,,TABLE SAUCES,MUSTARD,Ultra-processed foods,0
American Garden yellow mustard Squeeze,0g,0g,0.06g,TABLE SAUCES,MUSTARD,Ultra-processed foods,0
Atkins Potts Dill Mustard Sauce,11.5g,47.2g,,TABLE SAUCES,MUSTARD,Ultra-processed foods,2
Lyons Island Salad Dressing,3g,3g,0.252g,TABLE SAUCES,SALAD DRESSING,Ultra-processed foods,0
Ma Cuisine Classic Tartare Sauce,54.2g,1.5g,0.0091g,TABLE SAUCES,OTHER CONDIMENT SAUCE,Ultra-processed foods,1
Kaputei Dressing Cool Ranch Sauce,1g,0g,0.29g,TABLE SAUCES,SALAD DRESSING,Ultra-processed foods,1
Lyons Greek Vinaigrette Salad Dressing,1g,11g,0.28g,TABLE SAUCES,SALAD DRESSING,Ultra-processed foods,2
Miyata Sushi Expert Mirin,54g,0.5g,,COOKING SAUCES,TERIYAKI/MIRIN,Ultra-processed foods,1
Kaputei 1000 Islands Salad Dressing,3g,3g,0.252g,TABLE SAUCES,SALAD DRESSING,Ultra-processed foods,0
Lyons Greek Light Salad Dressing,0g,0g,0g,TABLE SAUCES,SALAD DRESSING,Ultra-processed foods,0
Lyons Salad Cream Salad Dressing,24g,28g,0.79g,TABLE SAUCES,SALAD DRESSING,Ultra-processed foods,3
AMERICAN G CREA RANCH DRESSING,1g,15g,0.22g,TABLE SAUCES,SALAD DRESSING,Ultra-processed foods,1
THAI DANCER TOM YUM PASTE,,,,COOKING SAUCES,CURRY SAUCE/PASTE,Ultra-processed foods,0
Thai Dancer Red Curry Paste,3.5g,1.5g,,COOKING SAUCES,CURRY SAUCE/PASTE,Ultra-processed foods,0
Kaputei Dressing Teriyaki Sauce,38.75g,0.75g,0g,COOKING SAUCES,TERIYAKI/MIRIN,Ultra-processed foods,1
Carrefour Natural Light Vinaigrette Salad Dressing,2.5g,50g,0.001g,TABLE SAUCES,SALAD DRESSING,Ultra-processed foods,1
Festiva Italian Dressing,,,,TABLE SAUCES,SALAD DRESSING,Ultra-processed foods,0
FESTIVA FRENCH DRESSING,,,,TABLE SAUCES,SALAD DRESSING,Ultra-processed foods,0
Thai Dancer Massaman Curry Paste,18g,11g,,COOKING SAUCES,CURRY SAUCE/PASTE,Ultra-processed foods,2
Kaputei Dressing Honey Mustard Sauce,6g,11g,0.12g,TABLE SAUCES,MUSTARD,Ultra-processed foods,2
Lyons Italian Vinaigrette Salad Dressing,,,,TABLE SAUCES,SALAD DRESSING,Ultra-processed foods,0
AMERICAN GOURMET THOUSAN ISLAND,5g,7g,0.28g,TABLE SAUCES,SALAD DRESSING,Ultra-processed foods,2
Kaputei Herb Vinaigrette Dressing,,,,TABLE SAUCES,SALAD DRESSING,Ultra-processed foods,0
FESTIVA CAESAR DRESSING,,,,TABLE SAUCES,SALAD DRESSING,Ultra-processed foods,0
Lyons Italian Light Salad Dressing,,,,TABLE SAUCES,SALAD DRESSING,Ultra-processed foods,0
Thai Dancer Tropical Mangosteen And Chili Sauce,40g,0g,,TABLE SAUCES,CHILLI/HOT SAUCE,Ultra-processed foods,1
THAI DANCER YELLOW CURRY PASTE,,,,COOKING SAUCES,CURRY SAUCE/PASTE,Ultra-processed foods,0
Atkins Potts Ranch Dressing,,,,TABLE SAUCES,SALAD DRESSING,Ultra-processed foods,0
American Garden Italian Marinade And Salad Dressing,3g,8g,0.53g,TABLE SAUCES,SALAD DRESSING,Ultra-processed foods,2
Atkins Potts Wasabi Lime Dresing,8.8g,45g,,TABLE SAUCES,SALAD DRESSING,Ultra-processed foods,2
AMERICAN GOURMET ITALIAN DRESS,8g,28g,1.642g,TABLE SAUCES,SALAD DRESSING,Ultra-processed foods,3
Clovers White Vinegar,,,0.00749g,TABLE SAUCES,VINEGAR,Ultra-processed foods,0
Zesta White Vinegar,,,0.00749g,COOKING SAUCES,VINEGAR,Processed Culinary Ingredients,0
Presto White Vinegar,0g,0g,0g,TABLE SAUCES,VINEGAR,Processed Culinary Ingredients,0
American Garden White Vinegar,,,,TABLE SAUCES,VINEGAR,Processed Culinary Ingredients,0
Andrea Milano White Wine Vinegar,,,,COOKING SAUCES,VINEGAR,Processed Culinary Ingredients,0
Lyons Substitute White Vinegar,,,0.00749g,TABLE SAUCES,VINEGAR,Processed Culinary Ingredients,0
De Nigris Organic White Wine Vinegar,,,,COOKING SAUCES,VINEGAR,Processed Culinary Ingredients,0
Santa Maria White Wine Vinegar,,,,COOKING SAUCES,VINEGAR,Processed Culinary Ingredients,0
DE NIGRIS B WHITE WINE VINEGAR,,,,TABLE SAUCES,VINEGAR,Processed Culinary Ingredients,0
Arpo White Rice Vinegar,,,,TABLE SAUCES,VINEGAR,Processed Culinary Ingredients,0
Peptang Substitute White Vinegar,,,0.00749g,TABLE SAUCES,VINEGAR,Processed Culinary Ingredients,0
Top Lure White Vinegar,0g,0g,0.0003g,TABLE SAUCES,VINEGAR,Processed Culinary Ingredients,0
KOL WHITE VINEGAR,,,,TABLE SAUCES,VINEGAR,Processed Culinary Ingredients,0
Carrefour White Vinegar,1.2g,,0.00005g,TABLE SAUCES,VINEGAR,Processed Culinary Ingredients,0
De Nigris White Italian Condiment,,,,TABLE SAUCES,VINEGAR,Processed Culinary Ingredients,0
VARVELLO GRAN WHITE WINE VINEGAR500,,,,TABLE SAUCES,VINEGAR,Processed Culinary Ingredients,0
Prezioso Modena Balsamic Vinegar,15g,,0.023g,TABLE SAUCES,VINEGAR,Processed Culinary Ingredients,1
Chain Kwo Rice Vinegar,,,0.0003g,COOKING SAUCES,VINEGAR,Processed Culinary Ingredients,0
Santa Maria Modena Balsamic Vinegar,15g,,0.023g,TABLE SAUCES,VINEGAR,Processed Culinary Ingredients,1
Santa Maria Organic Apple Cider Vinegar,,0.05g,0.017025g,COOKING SAUCES,VINEGAR,Processed Culinary Ingredients,0
DE NIGRIS S BALSAMC GLAZE FIGFL,,,,TABLE SAUCES,SALAD DRESSING,Ultra-processed foods,0
Zesta Brown Vinegar,1g,,0.011g,TABLE SAUCES,VINEGAR,Processed Culinary Ingredients,0
De Nigris Rose Sweet Vinegar,,,,TABLE SAUCES,VINEGAR,Processed Culinary Ingredients,0
De Nigris Modena Balsamic Vinegar,15g,,0.023g,TABLE SAUCES,VINEGAR,Processed Culinary Ingredients,1
De Nigris Spicy Bals Glaze,,,,TABLE SAUCES,VINEGAR,Processed foods,0
De Nigris Original Classic Glaze Balsamic Vinegar,15g,,0.023g,TABLE SAUCES,VINEGAR,Processed Culinary Ingredients,1
Bragg Apple Cider Vinegar,0.1g,,,BAKING ADDITIVES,VINEGAR,Processed Culinary Ingredients,0
De Nigris Organic Apple Cider Vinegar,0.1g,,,COOKING SAUCES,VINEGAR,Processed Culinary Ingredients,0
American Garden Apple Cider Vinegar,0.1g,,,TABLE SAUCES,VINEGAR,Processed Culinary Ingredients,0
Santa Maria Apple Cider Vinegar,0.4g,0g,0g,TABLE SAUCES,VINEGAR,Processed Culinary Ingredients,0
Varvello Gran Sapore Apple Cider Vinegar,,0g,0.005g,TABLE SAUCES,VINEGAR,Processed Culinary Ingredients,0
Wadi Foods Apple Vinegar,,,,TABLE SAUCES,VINEGAR,Processed Culinary Ingredients,0
Varvello Apple Vinegar,,0g,0.005g,TABLE SAUCES,VINEGAR,Processed Culinary Ingredients,0
De Nigris Organic Red Wine Vinegar,,,,COOKING SAUCES,VINEGAR,Processed Culinary Ingredients,0
Andrea Milano Red Wine Vinegar,,,,TABLE SAUCES,VINEGAR,Processed Culinary Ingredients,0
Varvello Aceto Di vino Rosso Red Wine Vinegar,0.5g,0g,,TABLE SAUCES,VINEGAR,Processed Culinary Ingredients,0
Santa Maria Red Wine Vinegar,,,0.0012g,TABLE SAUCES,VINEGAR,Processed Culinary Ingredients,0
Carrefour Red Vinegar,1.2g,,0.00005g,TABLE SAUCES,VINEGAR,Processed Culinary Ingredients,0
De Nigris Grape Red Wine Vinegar,,,,TABLE SAUCES,VINEGAR,Processed Culinary Ingredients,0
Varvello Gran Sapore Red Grape Vinegar,0.5g,0g,,TABLE SAUCES,VINEGAR,Processed Culinary Ingredients,0
AL AMEERA TAHINA,,,,JAM/OTHER SPREADS,TAHINI,Ultra-processed foods,0
Nature Taste Tahini Paste,0.7g,6g,,JAM/OTHER SPREADS,TAHINI,Ultra-processed foods,0
Meridian Tahini Dark,,,,JAM/OTHER SPREADS,TAHINI,Ultra-processed foods,0
Meridian Organic Tahini Light,,,,JAM/OTHER SPREADS,TAHINI,Ultra-processed foods,0
Meridian Organic Tahini Dark,,,,JAM/OTHER SPREADS,TAHINI,Ultra-processed foods,0
Varvello Gran Sapore Modena Balsamic Vinegar,0g,0g,0.24g,TABLE SAUCES,VINEGAR,Processed Culinary Ingredients,0
Chef King Balsamic Vinegar,0.1g,,,TABLE SAUCES,VINEGAR,Processed Culinary Ingredients,0
Andrea Milano Balsamic Vinegar,,,,TABLE SAUCES,VINEGAR,Processed Culinary Ingredients,0
Java House Kenya AA Ground Coffee,0g,0.9g,,COFFEE,COFFEE - UNSWEETENED WITHOUT MILK,Unprocessed/Minimally processed foods,0
Java House Espresso Rice Caramel Chocolate Hand Roasted Ground Coffee,,,0.004g,COFFEE,COFFEE - UNSWEETENED WITHOUT MILK,Unprocessed/Minimally processed foods,0
Java House East African Blend Medium Roast Medium Ground Coffee,,,0.004g,COFFEE,COFFEE - UNSWEETENED WITHOUT MILK,Unprocessed/Minimally processed foods,0
Dormans Coffeehouse Med Med,,,,COFFEE,COFFEE - UNSWEETENED WITHOUT MILK,Processed foods,0
Java House Ethiopian Yirgacheffe Floral Apricot Crisp Hand Roasted Ground Coffee,,,,COFFEE,COFFEE - UNSWEETENED WITHOUT MILK,Unprocessed/Minimally processed foods,0
Dormans Coffeehouse Fine Medium Roast Medium Grind Coffee,,,,COFFEE,COFFEE - UNSWEETENED WITHOUT MILK,Unprocessed/Minimally processed foods,0
Dormans Coffeehouse Dark Med,,,0.004g,COFFEE,COFFEE - UNSWEETENED WITHOUT MILK,Unprocessed/Minimally processed foods,0
Dormans Continental Dark Chocolatey Dark Roast Medium Ground Coffee,,,,COFFEE,COFFEE - UNSWEETENED WITHOUT MILK,Processed foods,0
Dormans Coffeehouse Dark Fine,,,0.004g,COFFEE,COFFEE - UNSWEETENED WITHOUT MILK,Unprocessed/Minimally processed foods,0
Java Kenya Blue Blend Beans,0g,,0.0047g,COFFEE,COFFEE - UNSWEETENED WITHOUT MILK,Unprocessed/Minimally processed foods,0
Out Of Africa Arabica Espresso Ground Coffee,0.1g,0.1g,0.00001g,COFFEE,COFFEE - UNSWEETENED WITHOUT MILK,Unprocessed/Minimally processed foods,0
Dormans Gourmet Kenya World Finest Coffee Medium Roast Medium Grind,0.1g,0.1g,0.00001g,COFFEE,COFFEE - UNSWEETENED WITHOUT MILK,Unprocessed/Minimally processed foods,0
Dormans AA Blue Mountain Medium Ground Coffee,,,,COFFEE,COFFEE - UNSWEETENED WITHOUT MILK,Unprocessed/Minimally processed foods,0
Dormans Decaffeinated Medium Grind Dark Roast Coffee,0g,0g,0.004g,COFFEE,COFFEE - UNSWEETENED WITHOUT MILK,Processed foods,0
Safari Lounge Espresso Blend Dark Roast Coffee,,2g,,COFFEE,COFFEE - UNSWEETENED WITHOUT MILK,Unprocessed/Minimally processed foods,0
Out of Africa Mt Elgon Medium Roast Ground Coffee,0g,15.4g,0.074g,COFFEE,COFFEE - UNSWEETENED WITHOUT MILK,Unprocessed/Minimally processed foods,1
Safari Lounge Gourmet Coffee Ground,0g,10g,0g,COFFEE,COFFEE - UNSWEETENED WITHOUT MILK,Unprocessed/Minimally processed foods,1
Dormans Kenya Kahawa Medium Roast Medium Grind Coffee,,,,COFFEE,COFFEE - UNSWEETENED WITHOUT MILK,Unprocessed/Minimally processed foods,0
Dormans Household Medium Ground Coffee Beans,0g,0g,0.004g,COFFEE,COFFEE - UNSWEETENED WITHOUT MILK,Unprocessed/Minimally processed foods,0
Out Of Africa Arabica Dark Roast Ground Coffee,,,,COFFEE,COFFEE - UNSWEETENED WITHOUT MILK,Unprocessed/Minimally processed foods,0
Dormans Continental Dark Fine,0g,0g,0.0047g,COFFEE,COFFEE - UNSWEETENED WITHOUT MILK,Processed foods,0
Dormans Decaffeinated Fine Grind Dark Roast Coffee,0g,0g,0.004g,COFFEE,COFFEE - UNSWEETENED WITHOUT MILK,Processed foods,0
Dormans Suprema Dark Roast Fine Grind,0g,0g,0.004g,COFFEE,COFFEE - UNSWEETENED WITHOUT MILK,Processed foods,0
Dormans Espresso Intense And Bold Dark And Medium Kenya Coffee,0.1g,0.1g,0.00001g,COFFEE,COFFEE - UNSWEETENED WITHOUT MILK,Unprocessed/Minimally processed foods,0
MacCoffee Kenyan Kahawa Medium Roast Medium Grind Coffee,,,,COFFEE,COFFEE - UNSWEETENED WITHOUT MILK,Unprocessed/Minimally processed foods,0
Dormans Coffeehouse Med Medium,,,,COFFEE,COFFEE - UNSWEETENED WITHOUT MILK,Unprocessed/Minimally processed foods,0
Dormans Have A Cup Of Cheer Medium Roast Aa Kenya Coffee Beans,,,,COFFEE,COFFEE - UNSWEETENED WITHOUT MILK,Unprocessed/Minimally processed foods,0
Dormans Rwanda Medium Roast Medium Grind Coffee,0g,0g,0.004g,COFFEE,COFFEE - UNSWEETENED WITHOUT MILK,Unprocessed/Minimally processed foods,0
Java House Uganda Kigezi Special Sweet Citrus Lively Roasted Ground Coffee,,,,COFFEE,COFFEE - UNSWEETENED WITHOUT MILK,Unprocessed/Minimally processed foods,0
Marinat Kirinyaga Arabica Dark Roast Ground Coffee,,,0.004g,COFFEE,COFFEE - UNSWEETENED WITHOUT MILK,Unprocessed/Minimally processed foods,0
Out Of Africa Arabica Medium Roast Ground Coffee,,15.4g,0.074g,COFFEE,COFFEE - UNSWEETENED WITHOUT MILK,Unprocessed/Minimally processed foods,1
Dormans Breakfast Delicately Balanced Medium Ground Kenya Coffee,,,0.005g,COFFEE,COFFEE - UNSWEETENED WITHOUT MILK,Unprocessed/Minimally processed foods,0
Gibson Kenya AA Fine Grind Medium Roast Arabica Coffee,,,,COFFEE,COFFEE - UNSWEETENED WITHOUT MILK,Unprocessed/Minimally processed foods,0
Dormans Household Medium Ground Dark Coffee Beans,0g,0g,0.004g,COFFEE,COFFEE - UNSWEETENED WITHOUT MILK,Unprocessed/Minimally processed foods,0
Marinat Kirinyaga Dark Roast Coffee Beans,0g,0.1g,0.0047g,COFFEE,COFFEE - UNSWEETENED WITHOUT MILK,Unprocessed/Minimally processed foods,0
MacCoffee Kenyan Coffee Medium,,,,COFFEE,COFFEE - UNSWEETENED WITHOUT MILK,Processed foods,0
Dormans Medium Roast Medium Grind Kenya AA Coffee,,,0.004g,COFFEE,COFFEE - UNSWEETENED WITHOUT MILK,Unprocessed/Minimally processed foods,0
Dormans Aa Blue Mountain Fine Ground Coffee,,,,COFFEE,COFFEE - UNSWEETENED WITHOUT MILK,Unprocessed/Minimally processed foods,0
Dormans Suprema Medium Ground Dark Coffee,0g,0g,0.004g,COFFEE,COFFEE - UNSWEETENED WITHOUT MILK,Unprocessed/Minimally processed foods,0
Moka Fine Grind Coffee,0g,0g,0g,COFFEE,COFFEE - UNSWEETENED WITHOUT MILK,Unprocessed/Minimally processed foods,0
Gibsons Kenya H Medium Grind,16g,,0.015g,COFFEE,COFFEE - UNSWEETENED WITHOUT MILK,Processed foods,1
Out of Africa Mt Kenya Medium Roast Ground Coffee,0g,15.4g,0.074g,COFFEE,COFFEE - UNSWEETENED WITHOUT MILK,Unprocessed/Minimally processed foods,1
Marinat Kirinyaga Honey Select And Grind Arabica Coffee,,,,COFFEE,COFFEE - UNSWEETENED WITHOUT MILK,Unprocessed/Minimally processed foods,0
Safari Lounge Gorilla Conservation Kanyonyi Blend Medium Roast Coffee,,,,COFFEE,COFFEE - UNSWEETENED WITHOUT MILK,Unprocessed/Minimally processed foods,0
Gibsons Kenya Kahawa Economy Medium Grind Medium Roast Coffee,,,,COFFEE,COFFEE - UNSWEETENED WITHOUT MILK,Unprocessed/Minimally processed foods,0
Dormans Coffeehouse Dark Roast Fine Grind Coffee,,,0.004g,COFFEE,COFFEE - UNSWEETENED WITHOUT MILK,Processed foods,0
Java Rwanda Lake Kivu Coffee G,,,,COFFEE,COFFEE - UNSWEETENED WITHOUT MILK,Unprocessed/Minimally processed foods,0
Dormans Espresso Intense And Bold Dark Roast Fine Grind Kenya Coffee,,,0.004g,COFFEE,COFFEE - UNSWEETENED WITHOUT MILK,Unprocessed/Minimally processed foods,0
Dormans Arabica Dark Fine Ground Coffee,,,0.004g,COFFEE,COFFEE - UNSWEETENED WITHOUT MILK,Unprocessed/Minimally processed foods,0
Sasini Kahawa Kamili Pure Quality Kenyan Coffee,,,,COFFEE,COFFEE - UNSWEETENED WITHOUT MILK,Unprocessed/Minimally processed foods,0
Gibsons Kahawa Economy Medium Roast,,,,COFFEE,COFFEE - UNSWEETENED WITHOUT MILK,Unprocessed/Minimally processed foods,0
Dormans Household Medium Fine Ground Dark Coffee Beans,0g,0g,0.004g,COFFEE,COFFEE - UNSWEETENED WITHOUT MILK,Unprocessed/Minimally processed foods,0
Dormans Breakfast Delicately Balanced Kenya Coffee,,,0.045g,COFFEE,COFFEE - UNSWEETENED WITHOUT MILK,Unprocessed/Minimally processed foods,0
Dormans Arabica Rich Traditional Kenya Coffee,0.1g,0.1g,0.00001g,COFFEE,COFFEE - UNSWEETENED WITHOUT MILK,Unprocessed/Minimally processed foods,0
Dormans Safari Fairtrade Medium Roast Medium Grind Coffee,0g,0g,0.004g,COFFEE,COFFEE - UNSWEETENED WITHOUT MILK,Unprocessed/Minimally processed foods,0
Dormans Arabica Rich And Traditional Medium Roast And Fine Ground Coffee,,,0.004g,COFFEE,COFFEE - UNSWEETENED WITHOUT MILK,Unprocessed/Minimally processed foods,0
Dormans Breakfast Delicately Balanced Medium Fine Kenya Coffee,,,0.005g,COFFEE,COFFEE - UNSWEETENED WITHOUT MILK,Unprocessed/Minimally processed foods,0
Blend Africa Espresso Dark Roast Ground Coffee,,0.1g,0.0047g,COFFEE,COFFEE - UNSWEETENED WITHOUT MILK,Unprocessed/Minimally processed foods,0
Dormans Suprema Bright And Citrus Medium Roast And Medium Ground Coffee,,,,COFFEE,COFFEE - UNSWEETENED WITHOUT MILK,Unprocessed/Minimally processed foods,0
Lukholele Fine Grind Roasted Coffee,1g,1g,,COFFEE,COFFEE - UNSWEETENED WITHOUT MILK,Unprocessed/Minimally processed foods,0
Dormans Suprema Medium Ground Fine Dark Coffee,0g,0g,0.004g,COFFEE,COFFEE - UNSWEETENED WITHOUT MILK,Unprocessed/Minimally processed foods,0
Dormans Kilimanjaro Medium Fine Ground Dark Coffee Beans,0g,0g,0.004g,COFFEE,COFFEE - UNSWEETENED WITHOUT MILK,Unprocessed/Minimally processed foods,0
Dormans Kilimanjaro Medium Ground Dark Coffee Beans,0g,0g,0.004g,COFFEE,COFFEE - UNSWEETENED WITHOUT MILK,Unprocessed/Minimally processed foods,0
Dormans Suprema Medium Fine Ground Dark Coffee Beans,0g,0g,0.004g,COFFEE,COFFEE - UNSWEETENED WITHOUT MILK,Unprocessed/Minimally processed foods,0
Dormans Rwanda Medium Fine Ground Dark Coffee Beans,0g,0g,0.004g,COFFEE,COFFEE - UNSWEETENED WITHOUT MILK,Unprocessed/Minimally processed foods,0
DORMANS INSTANT FINE,,,,COFFEE,COFFEE - UNSWEETENED WITHOUT MILK,Ultra-processed foods,0
Java Espresso Coffee Beans,0g,0.1g,0.0047g,COFFEE,COFFEE - UNSWEETENED WITHOUT MILK,Unprocessed/Minimally processed foods,0
Java House Kenya AA Coffee Beans,,,0.004g,COFFEE,COFFEE - UNSWEETENED WITHOUT MILK,Unprocessed/Minimally processed foods,0
Dormans Decaffeinated Medium Ground Dark Coffee Beans,0g,0g,0.004g,COFFEE,COFFEE - UNSWEETENED WITHOUT MILK,Unprocessed/Minimally processed foods,0
Dormans Instant Granules,,,,COFFEE,COFFEE - UNSWEETENED WITHOUT MILK,Ultra-processed foods,0
Java Kenya Blue Blend Ground,,0.9g,,COFFEE,COFFEE - UNSWEETENED WITHOUT MILK,Unprocessed/Minimally processed foods,0
Java East Africa Blend Coffee Beans,0g,0.1g,0.0047g,COFFEE,COFFEE - UNSWEETENED WITHOUT MILK,Unprocessed/Minimally processed foods,0
Java House Rwanda Lake Kivu Coffee Beans,,,,COFFEE,COFFEE - UNSWEETENED WITHOUT MILK,Unprocessed/Minimally processed foods,0
Dormans AA Blue Mountain Kenya Coffee Beans,0g,0.1g,0.0047g,COFFEE,COFFEE - UNSWEETENED WITHOUT MILK,Unprocessed/Minimally processed foods,0
Java Ethiopian Yirgacheffe Coffee Beans,0g,0.1g,0.0047g,COFFEE,COFFEE - UNSWEETENED WITHOUT MILK,Unprocessed/Minimally processed foods,0
Dormans Espresso Intense And Bold Kenya Coffee Beans,0g,0.1g,0.0047g,COFFEE,COFFEE - UNSWEETENED WITHOUT MILK,Unprocessed/Minimally processed foods,0
Dormans Arabica Medium Coffee Beans,0g,0.1g,0.0047g,COFFEE,COFFEE - UNSWEETENED WITHOUT MILK,Unprocessed/Minimally processed foods,0
Dormans Arabica Medium Roast Dark Coffee Beans,0g,0g,0.004g,COFFEE,COFFEE - UNSWEETENED WITHOUT MILK,Unprocessed/Minimally processed foods,0
Out of Africa Dark Coffee Beans,0g,0.1g,0.0047g,COFFEE,COFFEE - UNSWEETENED WITHOUT MILK,Unprocessed/Minimally processed foods,0
Dormans Suprema Dark Coffee Beans,0g,0g,0.004g,COFFEE,COFFEE - UNSWEETENED WITHOUT MILK,Unprocessed/Minimally processed foods,0
Java Uganda Kigezi Special Coffee Beans,0g,0.1g,0.0047g,COFFEE,COFFEE - UNSWEETENED WITHOUT MILK,Unprocessed/Minimally processed foods,0
Dormans Coffee House Drip Coffee Bags 6X,,,,COFFEE,COFFEE - UNSWEETENED WITHOUT MILK,Processed foods,0
Dormans AA Blue Mountain Drip Coffee Bag 6X,,,,COFFEE,COFFEE - UNSWEETENED WITHOUT MILK,Unprocessed/Minimally processed foods,0
Dormans Household Drip Coffee Bags 6X,,,,COFFEE,COFFEE - UNSWEETENED WITHOUT MILK,Processed foods,0
Dormans Suprema Medium Roast Coffee Beans,0g,0g,0.004g,COFFEE,COFFEE - UNSWEETENED WITHOUT MILK,Unprocessed/Minimally processed foods,0
Dormans Decaf Drip Coffee Bags 6X,,,,COFFEE,COFFEE - UNSWEETENED WITHOUT MILK,Processed foods,0
Dormans Suprema Drip Coffee Bags 6X,,,,COFFEE,COFFEE - UNSWEETENED WITHOUT MILK,Processed foods,0
Dormans Breakfast Dark Chocolate Coffee Beans,0g,0.1g,0.0047g,COFFEE,COFFEE - UNSWEETENED WITHOUT MILK,Processed foods,0
Out of Africa Medium Coffee Beans,0g,0.1g,0.0047g,COFFEE,COFFEE - UNSWEETENED WITHOUT MILK,Unprocessed/Minimally processed foods,0
Kenya Gibsons Espresso Whole Dark Roast Coffee Beans,0g,0.05g,0.00474g,COFFEE,COFFEE - UNSWEETENED WITHOUT MILK,Unprocessed/Minimally processed foods,0
Dormans Household Blend Intense And Fruity Coffee Beans,0g,0.1g,0.0047g,COFFEE,COFFEE - UNSWEETENED WITHOUT MILK,Unprocessed/Minimally processed foods,0
Gibsons Household Arabica Medium Grind Dark Roast Coffee Beans,16g,,0.015g,COFFEE,COFFEE - UNSWEETENED WITHOUT MILK,Unprocessed/Minimally processed foods,1
Blend Africa Espresso Dark Roast Coffee Beans,,,,COFFEE,COFFEE - UNSWEETENED WITHOUT MILK,Unprocessed/Minimally processed foods,0
Dormans Breakfast Medium Coffee Beans,0g,0.1g,0.0047g,COFFEE,COFFEE - UNSWEETENED WITHOUT MILK,Unprocessed/Minimally processed foods,0
GOURMET MED ROAST BEANS COFFEE,,,,COFFEE,COFFEE - UNSWEETENED WITHOUT MILK,Unprocessed/Minimally processed foods,0
Dormans Safari Fairtrade Medium Roast Coffee Beans,0g,0g,0.004g,COFFEE,COFFEE - UNSWEETENED WITHOUT MILK,Unprocessed/Minimally processed foods,0
Marinat Kirinyaga Honey Select And Grind Arabica Coffee Beans,0g,0.01g,4.7g,COFFEE,COFFEE - UNSWEETENED WITHOUT MILK,Unprocessed/Minimally processed foods,1
Coffee Break Instant Coffee,,,,COFFEE,COFFEE - UNSWEETENED WITHOUT MILK,Processed foods,0
Miksi Flavoured Tub Chocolate,0g,18g,0g,CHOCOLATE SPREADS,CHOCOLATE SPREADS,Ultra-processed foods,1
Java House Arabica Kenya Blend Ground Coffee,,0.9g,,COFFEE,COFFEE - UNSWEETENED WITHOUT MILK,Unprocessed/Minimally processed foods,0
Nescafe Classic Instant Coffee,0.05g,,0.002g,COFFEE,COFFEE - UNSWEETENED WITHOUT MILK,Ultra-processed foods,0
Dormans Fine Instant Coffee,,,,COFFEE,COFFEE - UNSWEETENED WITHOUT MILK,Processed foods,0
Dormans Supreme Granulated Instant Coffee,,,,COFFEE,COFFEE - UNSWEETENED WITHOUT MILK,Processed foods,0
Maccoffee Classic Instant Coffee Mix,0.5g,0.5g,0.03655g,COFFEE,COFFEE - SWEETENED WITH MILK,Ultra-processed foods,0
MacCoffee Creme Non Dairy Creamer,7.6g,34g,,BAKING ADDITIVES,COOKING CREAM,Ultra-processed foods,2
Maccoffee Plus White Coffee Mix,33.3g,19.7g,0.33g,COFFEE,COFFEE - SWEETENED WITH MILK,Ultra-processed foods,3
Maccoffee Classic Coffee,,0.004g,,COFFEE,COFFEE - UNSWEETENED WITHOUT MILK,Processed foods,0
Gibsons Kenya Greatness Instant Coffee,,,,COFFEE,COFFEE - UNSWEETENED WITHOUT MILK,Processed foods,0
Dormans Decaf Instant Coffee,,,0.004g,COFFEE,COFFEE - UNSWEETENED WITHOUT MILK,Processed foods,0
Dormans Irish Cream Coffee Mix,,0.5g,,COFFEE,COFFEE - SWEETENED WITH MILK,Ultra-processed foods,0
Gibsons Kenyah Greatness Instant Coffee,,,,COFFEE,COFFEE - UNSWEETENED WITHOUT MILK,Processed foods,0
MacCoffee Hazelnut Coffee,,10g,,COFFEE,COFFEE - UNSWEETENED WITHOUT MILK,Ultra-processed foods,1
CRF INSTANT COFFEE,,,,COFFEE,COFFEE - UNSWEETENED WITHOUT MILK,Processed foods,0
Sasini Instant Coffee,,,0.004g,COFFEE,COFFEE - UNSWEETENED WITHOUT MILK,Processed foods,0
Nescafe Creamy White Coffee,,3g,,COFFEE,COFFEE - SWEETENED WITH MILK,Ultra-processed foods,0
MacCoffee Morning White Coffee Mix,15g,7g,0.13g,COFFEE,COFFEE - SWEETENED WITH MILK,Ultra-processed foods,1
Nescafe Classic Coffee,,,,COFFEE,COFFEE - UNSWEETENED WITHOUT MILK,Processed foods,0
Maccoffee Cafe PHO Instant Iced Coffee,11.6g,4.54g,0.088g,COFFEE,COFFEE - UNSWEETENED WITHOUT MILK,Ultra-processed foods,1
Maccoffee Strong Coffee,55g,10g,,COFFEE,COFFEE - UNSWEETENED WITHOUT MILK,Processed foods,2
COFFEE BREAK INST CAPU ORIG,,2g,,COFFEE,COFFEE - UNSWEETENED WITHOUT MILK,Ultra-processed foods,0
Nescafe Gold Roast Jar Coffee,,,,COFFEE,COFFEE - UNSWEETENED WITHOUT MILK,Processed foods,0
Kenya Highland Pure Instant Coffee,,,,COFFEE,COFFEE - UNSWEETENED WITHOUT MILK,Processed foods,0
Dormans Classic 3 In 1 Coffee Mix,39.4g,,,COFFEE,COFFEE - SWEETENED WITH MILK,Ultra-processed foods,1
COFFEE BREAK INST CAPU HAZE,,1g,,COFFEE,COFFEE - UNSWEETENED WITHOUT MILK,Ultra-processed foods,0
Coffee Break Instant Coffee Mix,8.26g,2.9g,0.00002g,COFFEE,COFFEE - UNSWEETENED WITHOUT MILK,Processed foods,1
Dormans Creamer Stick,0g,1g,0g,BAKING ADDITIVES,BAKING POWDER,Processed Culinary Ingredients,0
Coffee Break Cappuccino Original Instant Coffee 18.,,2g,,COFFEE,COFFEE - UNSWEETENED WITHOUT MILK,Ultra-processed foods,0
Coffee Break Hazelnut Cappuccino Instant Coffee Mix,,1g,,COFFEE,COFFEE - SWEETENED WITH MILK,Ultra-processed foods,0
Coffee Break Vanilla Cappuccino Instant Coffee Mix,54.9g,6.86g,0.381g,COFFEE,COFFEE - SWEETENED WITH MILK,Ultra-processed foods,2
Coffee Mate Sugar Free Vanilla,,,,FOOD FLAVOUR ADDITIVES,FOOD FLAVOUR ADDITIVES,Ultra-processed foods,0
Mactea Original Milk Instant Tea Mix,13.2g,2.2g,0.02g,TEA,TEA - SWEETENED WITH MILK,Ultra-processed foods,1
COFFEE BREAK INST COFFE,,2g,,COFFEE,COFFEE - UNSWEETENED WITHOUT MILK,Processed foods,0
Coffee Break Sugar Free Instant Coffee Mix,,3.8g,0.06g,COFFEE,COFFEE - UNSWEETENED WITHOUT MILK,Ultra-processed foods,0
Miksi Coffee Singles,,1.2g,0.035g,COFFEE,COFFEE - UNSWEETENED WITHOUT MILK,Processed foods,0
Nescafe Original Instant Coffee,55g,13g,,COFFEE,COFFEE - UNSWEETENED WITHOUT MILK,Processed foods,2
Dormans Instant Decaff Coffee,0g,0g,0g,COFFEE,COFFEE - UNSWEETENED WITHOUT MILK,Processed foods,0
Dormans Classic Instant Coffee Mix,0.5g,0.5g,0.03655g,COFFEE,COFFEE - UNSWEETENED WITHOUT MILK,Ultra-processed foods,0
Nescafe Gold Blend Decaf Instant Coffee,3g,,,COFFEE,COFFEE - UNSWEETENED WITHOUT MILK,Ultra-processed foods,0
Gibsons Instant Coffee Stick,,,0.004g,COFFEE,COFFEE - UNSWEETENED WITHOUT MILK,Ultra-processed foods,0
Dormans Granule Instant coffee,0.6g,0.2g,83.5g,COFFEE,COFFEE - UNSWEETENED WITHOUT MILK,Processed foods,1
Dormans Supreme Fine Instant Coffee Mix,0.6g,0.2g,83.5g,COFFEE,COFFEE - UNSWEETENED WITHOUT MILK,Ultra-processed foods,1
Nescafe Organic Coffee Pouch,55g,13g,,COFFEE,COFFEE - UNSWEETENED WITHOUT MILK,Unprocessed/Minimally processed foods,2
Dormans Creamer Coffee Stick,,0.5g,,COFFEE,COFFEE - UNSWEETENED WITHOUT MILK,Ultra-processed foods,0
Dormans Supreme Granulated Instant Coffee Mix,0.6g,0.2g,83.5g,COFFEE,COFFEE - UNSWEETENED WITHOUT MILK,Ultra-processed foods,1
Coffee Mate Original Fat Free,,,,BAKING ADDITIVES,BAKING POWDER,Ultra-processed foods,0
Nescafe Gold Cappuccino Hazzelnut Coffee S,,,,COFFEE,COFFEE - SWEETENED WITH MILK,Ultra-processed foods,0
Nestle Coffee Mate Sf Vanilla,,,,BAKING ADDITIVES,BAKING POWDER,Ultra-processed foods,0
Dormans Supreme Decaf Instant Coffee Mix,0g,0g,0g,COFFEE,COFFEE - UNSWEETENED WITHOUT MILK,Ultra-processed foods,0
Nescafe Gold Cappuccino Reduced Sugar Coffee,,,,COFFEE,COFFEE - SWEETENED WITH MILK,Ultra-processed foods,0
COFFEE BREAK INST CAPU VAN,,1g,,COFFEE,COFFEE - UNSWEETENED WITHOUT MILK,Ultra-processed foods,0
Nescafe G Cappuccino Coffee S,,,,COFFEE,COFFEE - SWEETENED WITH MILK,Ultra-processed foods,0
Coffee Break Mocha Cappuccino Instant Coffee Mix,,1.5g,0.058g,COFFEE,COFFEE - SWEETENED WITH MILK,Ultra-processed foods,0
Nescafe Dolce Gusto Espreso Intenso 16Cap,,,,COFFEE,COFFEE - UNSWEETENED WITHOUT MILK,Ultra-processed foods,0
MacCoffee Irish Cream Coffee,,9g,,COFFEE,COFFEE - UNSWEETENED WITHOUT MILK,Ultra-processed foods,1
Miksi Coffee Tub,0g,17g,0g,COFFEE,COFFEE - UNSWEETENED WITHOUT MILK,Processed foods,1
COFFEE BREAK INST CAPU MOCH,,1g,,COFFEE,COFFEE - UNSWEETENED WITHOUT MILK,Ultra-processed foods,0
Coffee Break High Instant Coffee Mix,8.26g,2.9g,0.00002g,COFFEE,COFFEE - UNSWEETENED WITHOUT MILK,Processed foods,1
Nescafe Dolce Gusto Cafe American 16Cap,,,,COFFEE,COFFEE - UNSWEETENED WITHOUT MILK,Ultra-processed foods,0
Nescafe Dolce Gusto Espreso Macchiato 16Caps,,,,COFFEE,COFFEE - UNSWEETENED WITHOUT MILK,Ultra-processed foods,0
Nescafe Dolce Gusto Cappucino,,,,COFFEE,COFFEE - SWEETENED WITH MILK,Ultra-processed foods,0
Nescafe Dolce Gusto Nesquikchoc 16Cap,,,,COFFEE,COFFEE - SWEETENED WITH MILK,Ultra-processed foods,0
Safari Lounge Tanzanian Espresso Coffee Capsules,0g,0.1g,0.0047g,COFFEE,COFFEE - UNSWEETENED WITHOUT MILK,Processed foods,0
Dormans Kilimanjaro Coffee Capsule,0g,0.1g,0.0047g,COFFEE,COFFEE - UNSWEETENED WITHOUT MILK,Processed foods,0
Dormans Suprema Coffee Capsule,0g,0.1g,0.0047g,COFFEE,COFFEE - UNSWEETENED WITHOUT MILK,Processed foods,0
Safari Lounge Ugandan Espresso Coffee Capsules,0g,0.1g,0.0047g,COFFEE,COFFEE - UNSWEETENED WITHOUT MILK,Processed foods,0
Caffe Del Duca Espresso Roasted Coffee,,,0.004g,COFFEE,COFFEE - UNSWEETENED WITHOUT MILK,Unprocessed/Minimally processed foods,0
Starbucks Blonde B Expresso Whole Bean,,,,COFFEE,COFFEE - UNSWEETENED WITHOUT MILK,Unprocessed/Minimally processed foods,0
Carrefour Coffee Capsule Decaff 10S,,,,COFFEE,COFFEE - UNSWEETENED WITHOUT MILK,Ultra-processed foods,0
Starbucks Dark Espresso Roast Fine Pouch,,,,COFFEE,COFFEE - UNSWEETENED WITHOUT MILK,Unprocessed/Minimally processed foods,0
Starbucks Medium Pike Place Whole Bean,,,,COFFEE,COFFEE - UNSWEETENED WITHOUT MILK,Unprocessed/Minimally processed foods,0
Dormans Decaf Coffee Capsules,0g,0g,0.0047g,COFFEE,COFFEE - UNSWEETENED WITHOUT MILK,Processed foods,0
Dormans Espresso Capsules,0g,0.1g,0.0047g,COFFEE,COFFEE - UNSWEETENED WITHOUT MILK,Processed foods,0
Starbucks Coffee Verona Coffee 10S,,,,COFFEE,COFFEE - UNSWEETENED WITHOUT MILK,Processed foods,0
Starbucks Pike Place Coffee 10S,,,,COFFEE,COFFEE - UNSWEETENED WITHOUT MILK,Processed foods,0
Starbucks Pods House Blend,,,,COFFEE,COFFEE - UNSWEETENED WITHOUT MILK,Processed foods,0
Ella S Kitchen First Taste Carrots,,,,VEGETABLES,CARROTS,Unprocessed/Minimally processed foods,0
Nescafe Dolce Gusto Lungo Decaf 16Caps,,,,COFFEE,COFFEE - UNSWEETENED WITHOUT MILK,Ultra-processed foods,0
Starbucks Espresso Roast Decaf,,,,COFFEE,COFFEE - UNSWEETENED WITHOUT MILK,Processed foods,0
Nescafe Dolce Gusto Decaffeinto,,,,COFFEE,COFFEE - UNSWEETENED WITHOUT MILK,Ultra-processed foods,0
Nescafe Tasters Choice Decaf 16 Packets Instance Coffee,,,,COFFEE,COFFEE - UNSWEETENED WITHOUT MILK,Ultra-processed foods,0
Tropical Heat Spices Garlic Powder,,,,HERBS AND SPICES,SPICES - GARLIC,Processed Culinary Ingredients,0
Royco Wet Dry Fry Spice,,,,HERBS AND SPICES,SPICES - DRY-FRY SPICE,Unprocessed/Minimally processed foods,0
Tropical Heat Spices Black Pepper Grinder,,,,HERBS AND SPICES,SPICES - BLACK PEPPER,Processed Culinary Ingredients,0
Tropical Heat Spices Turmeric Ground,,,,HERBS AND SPICES,SPICES - TURMERIC,Unprocessed/Minimally processed foods,0
Tropical Heat Spices Cardamoms Ground,,,,HERBS AND SPICES,SPICES - CARDAMON,Unprocessed/Minimally processed foods,0
Tropical Heat Spices Cinnamon Ground,,,,HERBS AND SPICES,SPICES - CINNAMON,Unprocessed/Minimally processed foods,0
Tropical Heat Spices Curry Powder,,0.5g,0.09g,HERBS AND SPICES,SPICES - CURRY POWDER,Processed Culinary Ingredients,0
Tropical Heat Black Pepper Ground,,,,HERBS AND SPICES,SPICES - BLACK PEPPER,Unprocessed/Minimally processed foods,0
Tropical Heat Garlic Powder,,,,HERBS AND SPICES,SPICES - GARLIC,Processed Culinary Ingredients,0
Tropical Heat Spices Black Pepper Ground,,,,HERBS AND SPICES,SPICES - BLACK PEPPER,Unprocessed/Minimally processed foods,0
Tropical Heat Spices Onion Powder,,,,HERBS AND SPICES,SPICES - ONION POWDER,Unprocessed/Minimally processed foods,0
Tropical Heat Spices Oregano Leaves,,,,HERBS AND SPICES,HERBS - OREGANO,Unprocessed/Minimally processed foods,0
Tropical Heat Spices Ginger Ground,,,,HERBS AND SPICES,SPICES - GINGER,Processed Culinary Ingredients,0
Tropical Heat Spices Coriander Ground,,,,HERBS AND SPICES,HERBS - CORIANDER/DHANIA,Unprocessed/Minimally processed foods,0
Royco Pilau Masala Spice,,,,HERBS AND SPICES,SPICES - PILAU MASALA,Processed foods,0
Tropical Heat Spices Chilli Flakes,,,,HERBS AND SPICES,SPICES - CHILLIES,Processed Culinary Ingredients,0
Royco Nyama Choma Spice,,,,HERBS AND SPICES,SPICES - NYAMA CHOMA,Unprocessed/Minimally processed foods,0
Royco Curry Powder,,,,HERBS AND SPICES,SPICES - CURRY POWDER,Processed Culinary Ingredients,0
Tropical Heat Ginger Ground,,,,HERBS AND SPICES,SPICES - GINGER,Unprocessed/Minimally processed foods,0
Tropical Heat Cayenne Pepper,,,,HERBS AND SPICES,SPICES - CAYENNE PEPPER,Unprocessed/Minimally processed foods,0
Tropical Heat Spices Thyme Leaves,,,,HERBS AND SPICES,HERBS - THYME,Unprocessed/Minimally processed foods,0
Simba Mbili Curry Powder,2.8g,14g,0.052g,HERBS AND SPICES,SPICES - CURRY POWDER,Processed Culinary Ingredients,1
Royco Mchuzi Mix Chicken For Thicker Richer Stews Seasoning Powder,16g,1g,,SOUP FLAVOUR CUBES & MIXES,SOUP FLAVOUR CHICKEN MIXES,Ultra-processed foods,1
Tropical Heat Spices Chilli Lemon Seasoning,,,,HERBS AND SPICES,SPICES - SEASONING BLEND,Unprocessed/Minimally processed foods,0
Tropical Heat Spices Cayenne Pepper,,,,HERBS AND SPICES,SPICES - CAYENNE PEPPER,Processed Culinary Ingredients,0
Tropical Heat Nutmeg Ground,,,,HERBS AND SPICES,SPICES - NUTMEG,Unprocessed/Minimally processed foods,0
Tropical Heat Spices Cuminseeds Ground,,,,HERBS AND SPICES,SPICES - CUMIN,Unprocessed/Minimally processed foods,0
Tropical Heat Basil Rubbed,,,,HERBS AND SPICES,HERBS - BASIL,Unprocessed/Minimally processed foods,0
Tropical Heat Spices Nutmeg Ground,,,,HERBS AND SPICES,SPICES - NUTMEG,Unprocessed/Minimally processed foods,0
Tropical Heat Dhana Jeera,,,,HERBS AND SPICES,SPICES - DHANA JEERA,Processed Culinary Ingredients,0
Royco Paprika Ground Spice,,,,HERBS AND SPICES,SPICES - PAPRIKA,Processed Culinary Ingredients,0
Tropical Heat Turmeric Ground,,,,HERBS AND SPICES,SPICES - TURMERIC,Unprocessed/Minimally processed foods,0
Eva Paprika Spice,,,,HERBS AND SPICES,SPICES - PAPRIKA,Processed Culinary Ingredients,0
Mulsons Spices Cumin Powder,0g,22g,1.758g,HERBS AND SPICES,SPICES - CUMIN,Processed Culinary Ingredients,2
Tropical Heat Spices Rosemary Leaves,,,,HERBS AND SPICES,HERBS - BAY LEAVES,Unprocessed/Minimally processed foods,0
Zanzibar Turmeric Powder Spices,3.2g,10g,0.038g,HERBS AND SPICES,SPICES - TURMERIC,Unprocessed/Minimally processed foods,1
Royco Garlic Ground Spice,,,,HERBS AND SPICES,SPICES - GARLIC,Processed Culinary Ingredients,0
Zanzibar Grounded Cardamom Spices,,7g,0.018g,HERBS AND SPICES,SPICES - CARDAMON,Unprocessed/Minimally processed foods,0
Tropical Heat Spices Parsley Leaves,,,,HERBS AND SPICES,HERBS - PARSLEY,Unprocessed/Minimally processed foods,0
Tropical Heat Spices Cloves Ground,,,,HERBS AND SPICES,SPICES - CLOVES,Unprocessed/Minimally processed foods,0
Top Food Ground Cardamom Spice,,0.1g,,HERBS AND SPICES,SPICES - CARDAMON,Unprocessed/Minimally processed foods,0
Orley s Spice Pure Ground Tandoori Masala,,10g,0.048g,HERBS AND SPICES,SPICES - TANDOORI MASALA,Unprocessed/Minimally processed foods,1
Mulsons Spices Cinnamon Powder,0g,1.3g,0g,HERBS AND SPICES,SPICES - CINNAMON,Processed Culinary Ingredients,0
Robertson s Portuguese Chicken Spices,5.4g,4.8g,,HERBS AND SPICES,SPICES - CHICKEN MASALA,Processed Culinary Ingredients,1
Top Food Tandoori Masala,,,,HERBS AND SPICES,SPICES - TANDOORI MASALA,Unprocessed/Minimally processed foods,0
Mulsons Spices Spanish Paprika,10g,12g,0.068g,HERBS AND SPICES,SPICES - PAPRIKA,Processed Culinary Ingredients,2
Tropical Heat Cardamoms Ground,,,,HERBS AND SPICES,SPICES - CARDAMON,Unprocessed/Minimally processed foods,0
Tropical Heat White Pepper Ground,,,,HERBS AND SPICES,SPICES - BLACK PEPPER,Processed Culinary Ingredients,0
Tropical Heat Spices Bay Leaves,,,,HERBS AND SPICES,HERBS - BAY LEAVES,Unprocessed/Minimally processed foods,0
Pilau Masala,1g,,1.55g,HERBS AND SPICES,SPICES - PILAU MASALA,Processed Culinary Ingredients,1
Orley s Spice Garlic Pepper,0g,0g,0.13g,HERBS AND SPICES,SPICES - GARLIC,Processed foods,0
Royco Ginger Ground Spice,,,,HERBS AND SPICES,SPICES - GINGER,Processed Culinary Ingredients,0
Nature s Own Whole Fenugreek Seeds,0g,6g,0.067g,HERBS AND SPICES,SPICES - FENUGREEK,Unprocessed/Minimally processed foods,0
Knorr Aromat Naturally Tasty Seasoning,6g,1g,24.276g,HERBS AND SPICES,SPICES - ALL PURPOSE SEASONING,Unprocessed/Minimally processed foods,2
Simba Mbili Pure Ginger Powder,1g,,,HERBS AND SPICES,SPICES - GINGER,Unprocessed/Minimally processed foods,0
Top Food Black Pepper Powder,1g,1g,0.0039g,HERBS AND SPICES,SPICES - BLACK PEPPER,Processed Culinary Ingredients,0
Orley s Oregano Leaves,,2.2g,,HERBS AND SPICES,HERBS - OREGANO,Unprocessed/Minimally processed foods,0
Top Food Mild Blend Poussin Sauce,0.2g,9g,0.45g,COOKING SAUCES,READY-TO-COOK MEAL SAUCE,Ultra-processed foods,2
Orley s Ground Citric Acid,,,0.0001g,HERBS AND SPICES,SPICES - CITRIC ACID,Processed Culinary Ingredients,0
Natures Own Whole Cumin,2.3g,22g,0.168g,HERBS AND SPICES,SPICES - CUMIN,Unprocessed/Minimally processed foods,1
Top Food Chilli And Lemon Seasoning,0g,1g,0.213g,HERBS AND SPICES,SPICES - SEASONING BLEND,Unprocessed/Minimally processed foods,0
Tropical Heat Spices Biryani Masala,,,,HERBS AND SPICES,SPICES - BIRYANI MASALA,Unprocessed/Minimally processed foods,0
Tropical Heat Spices Pasta Seasoning,,,,HERBS AND SPICES,SPICES - PASTA SEASONING,Unprocessed/Minimally processed foods,0
Orley s Pure Mixed Herbs,,2.8g,,HERBS AND SPICES,HERBS - MIXED HERBS,Unprocessed/Minimally processed foods,0
Top Food Garlic Salt,0.7g,0g,0.285g,SALT,HERBAL SALT,Processed Culinary Ingredients,1
Mulsons Nutmeg Powder,,,,HERBS AND SPICES,SPICES - NUTMEG,Unprocessed/Minimally processed foods,0
Top Food Taco Seasoning,4.4g,0.7g,0.299g,HERBS AND SPICES,SPICES - SEASONING BLEND,Unprocessed/Minimally processed foods,1
Simba Mbili Resuns Ground Cloves,,0.27g,,HERBS AND SPICES,SPICES - CLOVES,Unprocessed/Minimally processed foods,0
TOP FOOD PERI PERI SEASONING J,,,,HERBS AND SPICES,SPICES - PERI PERI RUB,Unprocessed/Minimally processed foods,0
Zanzibar Ground Cinnamon Spices,2.2g,1.2g,0.01g,HERBS AND SPICES,SPICES - CINNAMON,Unprocessed/Minimally processed foods,0
Tropical Heat Citric Acid,,,,HERBS AND SPICES,SPICES - CITRIC ACID,Processed Culinary Ingredients,0
Tropical Heat Spices Chillies Ground,,,,HERBS AND SPICES,SPICES - CHILLIES,Processed Culinary Ingredients,0
Zanzibar Ground Pilau Masala,8.2g,82g,0.633g,HERBS AND SPICES,SPICES - PILAU MASALA,Processed foods,3
Orley s Thyme Leaves,1.7g,7.4g,,HERBS AND SPICES,HERBS - THYME,Unprocessed/Minimally processed foods,0
Natures Own Garam Masala,0g,1g,0.046g,HERBS AND SPICES,SPICES - GARAM MASALA,Processed Culinary Ingredients,0
Mulsons Spices Dhana Jeera Powder,2.3g,22g,0.168g,HERBS AND SPICES,SPICES - DHANA JEERA,Processed Culinary Ingredients,1
Zanzibar Tea Masala Spices,,0.1g,0.0008g,HERBS AND SPICES,SPICES - TEA MASALA,Processed Culinary Ingredients,0
Nutrameal Cumin Seeds Powder,0g,15g,0.06g,HERBS AND SPICES,SPICES - CUMIN,Unprocessed/Minimally processed foods,1
Zanzibar Curry Powder,2.8g,14g,0.052g,HERBS AND SPICES,SPICES - CURRY POWDER,Processed Culinary Ingredients,1
KOL Pure Ground Cardamoms,0g,7g,0.018g,HERBS AND SPICES,SPICES - CARDAMON,Unprocessed/Minimally processed foods,0
Zanzibar Ground Coriander Spices,,0.3g,0.0006g,HERBS AND SPICES,HERBS - CORIANDER/DHANIA,Unprocessed/Minimally processed foods,0
Zanzibar Parsley Spices,0.9g,0.8g,0.056g,HERBS AND SPICES,HERBS - PARSLEY,Unprocessed/Minimally processed foods,0
Tropical Heat Meat Tenderiser,,,,HERBS AND SPICES,SPICES - MEAT TENDERISER,Unprocessed/Minimally processed foods,0
Shalimar Turmeric Powder,,1g,0.003g,HERBS AND SPICES,SPICES - TURMERIC,Processed Culinary Ingredients,0
Robertsons Fish Spices,1.3g,2.1g,,HERBS AND SPICES,SPICES - FISH MASALA,Processed Culinary Ingredients,0
Mulsons Spices Chicken Masala,1g,1g,0.045g,HERBS AND SPICES,SPICES - CHICKEN MASALA,Processed Culinary Ingredients,0
Natural Health Herbal Mchuzi Mix,,10.059g,,SOUP FLAVOUR CUBES & MIXES,SOUP FLAVOUR MIXES,Ultra-processed foods,1
Shalimar Cardamom Powder,,2g,,HERBS AND SPICES,SPICES - CARDAMON,Unprocessed/Minimally processed foods,0
Mulsons Cloves Powder,,,,HERBS AND SPICES,SPICES - CLOVES,Unprocessed/Minimally processed foods,0
Orley s Pure Ground Cinnamon,2.2g,1.2g,0.01g,HERBS AND SPICES,SPICES - CINNAMON,Unprocessed/Minimally processed foods,0
Mulsons Spices Pillau Masala,0.4g,5.7g,0.1788g,HERBS AND SPICES,SPICES - PILAU MASALA,Processed foods,0
Top Foodturmeric P Rajapuri,,,,HERBS AND SPICES,SPICES - TURMERIC,Unprocessed/Minimally processed foods,0
Top Food Pasta Seasoning,0.6g,0g,0.682g,HERBS AND SPICES,SPICES - PASTA SEASONING,Unprocessed/Minimally processed foods,1
Robertsons Veggie Seasoning,0g,0g,0.4g,HERBS AND SPICES,SPICES - SEASONING BLEND,Unprocessed/Minimally processed foods,1
Orley s Pure Ground Curry Powder,,,,HERBS AND SPICES,SPICES - CURRY POWDER,Processed Culinary Ingredients,0
Top Food Dhana Jeera Powder,0g,17g,0.102g,HERBS AND SPICES,SPICES - DHANA JEERA,Processed Culinary Ingredients,1
Tropical Heat Spices Mint Leaves,,,,HERBS AND SPICES,HERBS - MINT,Unprocessed/Minimally processed foods,0
Nature39S Own Ground Pilau Masala Pouch,,0.5g,0.85g,HERBS AND SPICES,SPICES - PILAU MASALA,Processed foods,1
Mulsons Spices Coriander Powder,0g,19g,0.036g,HERBS AND SPICES,HERBS - CORIANDER/DHANIA,Unprocessed/Minimally processed foods,1
Zanzibar Garam Masala Spices,2.4g,0.7g,0.06g,HERBS AND SPICES,SPICES - GARAM MASALA,Processed Culinary Ingredients,0
Orley s Ground Ginger,,2g,,HERBS AND SPICES,SPICES - GINGER,Unprocessed/Minimally processed foods,0
Tropical Heat Spices Peri Peri,,,,HERBS AND SPICES,SPICES - CHILLIES,Processed foods,0
Whole Cumin,2.3g,22g,0.168g,HERBS AND SPICES,SPICES - CUMIN,Unprocessed/Minimally processed foods,1
Orley s Bay Leaves,0.4g,8.4g,0.023g,HERBS AND SPICES,HERBS - BAY LEAVES,Unprocessed/Minimally processed foods,1
Eva Ginger Powder Spice,0g,0g,0g,HERBS AND SPICES,SPICES - GINGER,Processed foods,0
Robertsons Turmeric,3.2g,3.3g,0.027g,HERBS AND SPICES,SPICES - TURMERIC,Unprocessed/Minimally processed foods,0
Natures Own Chicken Masala,1g,1g,0.65g,HERBS AND SPICES,SPICES - CHICKEN MASALA,Processed foods,1
Tropical Heat Chillies Ground,,,,HERBS AND SPICES,SPICES - CHILLIES,Unprocessed/Minimally processed foods,0
Mulsons Spices Garlic Powder,0g,3.5g,0.13g,HERBS AND SPICES,SPICES - GARLIC,Processed Culinary Ingredients,0
Tropical Heat Spices Fireball Grinder,,,,HERBS AND SPICES,SPICES - FIREBALL/GRINDER BLEND,Unprocessed/Minimally processed foods,0
Top Food Mustard Herb Seasoning,6.79g,,,HERBS AND SPICES,SPICES - SEASONING BLEND,Unprocessed/Minimally processed foods,1
Top Food Pizza Seasoning,0g,0g,,HERBS AND SPICES,SPICES - PASTA SEASONING,Unprocessed/Minimally processed foods,0
Zanzibar Basil Spices,,,,HERBS AND SPICES,HERBS - BASIL,Unprocessed/Minimally processed foods,0
Royco Turmeric Ground Spice,,,,HERBS AND SPICES,SPICES - TURMERIC,Processed Culinary Ingredients,0
Mulsons Spices Curry Powder,2.8g,14g,0.345g,HERBS AND SPICES,SPICES - CURRY POWDER,Processed Culinary Ingredients,2
TOP FOOD CLOVE POWDER,,,,HERBS AND SPICES,SPICES - CLOVES,Unprocessed/Minimally processed foods,0
Mulsons Spices Mixed Spices,21.8g,5.05g,1.777g,HERBS AND SPICES,SPICES - MIXED SPICES,Unprocessed/Minimally processed foods,2
Orley s Spice Onion Powder,,,0.13g,HERBS AND SPICES,SPICES - ONION POWDER,Unprocessed/Minimally processed foods,0
Nature s Own Whole Spices Mustard,6.8g,36g,0.013g,HERBS AND SPICES,SPICES - MUSTARD,Unprocessed/Minimally processed foods,2
Tropical Heat Coriander Ground,,,,HERBS AND SPICES,HERBS - CORIANDER/DHANIA,Unprocessed/Minimally processed foods,0
Tropical Heat Spices Sage Leaves,,,,HERBS AND SPICES,HERBS - SAGE,Unprocessed/Minimally processed foods,0
Paldo Fun And Yum Hot And Spicy Ramen Jumbo Bowl Noodle,2g,10g,0.974g,NOODLES,NOODLES,Ultra-processed foods,2
Orley s Spice Ground Turmeric,0g,0g,0g,HERBS AND SPICES,SPICES - TURMERIC,Unprocessed/Minimally processed foods,0
Lunn Thai Seasoning,17g,7.6g,,HERBS AND SPICES,SPICES - SEASONING BLEND,Unprocessed/Minimally processed foods,1
Top Food Turmeric P Rajapuri P,0g,5g,0g,HERBS AND SPICES,SPICES - TURMERIC,Unprocessed/Minimally processed foods,0
Orley s Basil Leaves,1.71g,4.07g,0.076g,HERBS AND SPICES,HERBS - BASIL,Unprocessed/Minimally processed foods,0
Orley s Spice Ground Ginger,0g,0g,0.13g,HERBS AND SPICES,SPICES - GINGER,Processed Culinary Ingredients,0
Orley s Pure Ground Mustard,,51.1g,0.005g,HERBS AND SPICES,SPICES - MUSTARD,Unprocessed/Minimally processed foods,1
Zanzibar Spices Cloves Powder,,12.7g,,HERBS AND SPICES,SPICES - CLOVES,Unprocessed/Minimally processed foods,1
Zanzibar Githeri Masala Spices,,0.5g,0.12g,HERBS AND SPICES,SPICES - GARAM MASALA,Processed foods,0
Mulsons Poussin Sauce Blend Mild,,,,COOKING SAUCES,READY-TO-COOK MEAL SAUCE,Ultra-processed foods,0
Natures Own Whole Coriander Seeds,0g,18g,0.035g,HERBS AND SPICES,HERBS - CORIANDER/DHANIA,Unprocessed/Minimally processed foods,1
Shalimar Curry Powder,,1g,0.67g,HERBS AND SPICES,SPICES - CURRY POWDER,Processed Culinary Ingredients,1
Top Food Black Pepper Powder P,0.6g,3.3g,0.02g,HERBS AND SPICES,SPICES - BLACK PEPPER,Processed Culinary Ingredients,0
Nature s Own Fennel Seeds,0g,6.4g,0.067g,HERBS AND SPICES,SPICES - FENNEL,Unprocessed/Minimally processed foods,0
Mulsons Tandoori Masala,,,,HERBS AND SPICES,SPICES - TANDOORI MASALA,Unprocessed/Minimally processed foods,0
Top Food Cumin Seeds Pouch,2.3g,22g,0.168g,HERBS AND SPICES,SPICES - CUMIN,Unprocessed/Minimally processed foods,1
Orley s Pure Ground Cinnamon Spices,0g,0g,0g,HERBS AND SPICES,SPICES - CINNAMON,Unprocessed/Minimally processed foods,0
Eva Peanut Masala,,,,SALTED/SUGARED NUTS,SALTED PEANUTS,Processed foods,0
Nature s Own Ground Spices Garlic Powder,0g,0g,0.153g,HERBS AND SPICES,SPICES - GARLIC,Processed Culinary Ingredients,0
Natures Own Grounded Tea Masala,,,,HERBS AND SPICES,SPICES - TEA MASALA,Processed foods,0
Orley s Parsley Leaves,7.3g,5.5g,,HERBS AND SPICES,HERBS - PARSLEY,Unprocessed/Minimally processed foods,1
Zanzibar Ground Beef Masala,,12g,1.4g,HERBS AND SPICES,SPICES - BEEF MASALA,Processed foods,2
Orley s Pure Ground Garlic Powder,,0.84g,,HERBS AND SPICES,SPICES - GARLIC,Processed Culinary Ingredients,0
Top Food Black Pepper Whole P,0.6g,3.3g,0.02g,HERBS AND SPICES,SPICES - BLACK PEPPER,Unprocessed/Minimally processed foods,0
Orley s Spice Salad Seasoning,,2.8g,0.4g,HERBS AND SPICES,SPICES - SALAD SEASONING,Processed Culinary Ingredients,1
Natures Own Curry Powder,0g,13.1g,0g,HERBS AND SPICES,SPICES - CURRY POWDER,Processed Culinary Ingredients,1
Simba Mbili Dhana Jeera,0g,0g,0g,HERBS AND SPICES,SPICES - DHANA JEERA,Processed foods,0
Top Food Hot Blend Poussin Sauce,0.1g,8g,0.4g,COOKING SAUCES,READY-TO-COOK MEAL SAUCE,Ultra-processed foods,2
Mulsons Spices Chili Powder,7g,14g,1.64g,HERBS AND SPICES,SPICES - CHILLIES,Processed Culinary Ingredients,3
Top Food Chilli Powder Pouch,,,,HERBS AND SPICES,SPICES - CHILLIES,Processed Culinary Ingredients,0
Mulsons Fish Masala,,,,HERBS AND SPICES,SPICES - FISH MASALA,Processed foods,0
Orley s Pure Ground Coriander,0.87g,0.52g,0.046g,HERBS AND SPICES,HERBS - CORIANDER/DHANIA,Unprocessed/Minimally processed foods,0
Tropical Heat Spices Marjoram Leaves,,,,HERBS AND SPICES,HERBS - MARJORAM,Unprocessed/Minimally processed foods,0
Zanzibar Rosemary Leaves Spices,,0.2g,,HERBS AND SPICES,HERBS - BAY LEAVES,Unprocessed/Minimally processed foods,0
Mulsons Spices Fish Masala,1g,1g,0.05g,HERBS AND SPICES,SPICES - FISH MASALA,Processed foods,0
Zanzibar Spices Herbs De Provence Spice,,4g,,HERBS AND SPICES,HERBS - MIXED HERBS,Unprocessed/Minimally processed foods,0
KOL Pure Ground Black Pepper,,,0.001g,HERBS AND SPICES,SPICES - BLACK PEPPER,Unprocessed/Minimally processed foods,0
Eva Black Pepper Powder Spice,,,,HERBS AND SPICES,SPICES - BLACK PEPPER,Unprocessed/Minimally processed foods,0
Orley s Herbs Marjoram Leaves,,,,HERBS AND SPICES,HERBS - MARJORAM,Unprocessed/Minimally processed foods,0
Zanzibar Ground Ginger Masala,0.1g,0.1g,0.0005g,HERBS AND SPICES,SPICES - GINGER,Unprocessed/Minimally processed foods,0
Orley s Sage Leaves,1.7g,13g,,HERBS AND SPICES,HERBS - SAGE,Unprocessed/Minimally processed foods,1
Mulsons Poussin Sauce Blend Mild 10,,,,COOKING SAUCES,READY-TO-COOK MEAL SAUCE,Ultra-processed foods,0
Tropical Heat Cinnamon Ground,,,,HERBS AND SPICES,SPICES - CINNAMON,Unprocessed/Minimally processed foods,0
Shalimar Chillies Powder,,13g,,HERBS AND SPICES,SPICES - CHILLIES,Processed Culinary Ingredients,1
KOL Pure Ground Cumin,0.1g,0.5g,0.0035g,HERBS AND SPICES,SPICES - CUMIN,Processed Culinary Ingredients,0
Top Food Greek Spice Blend,,,,HERBS AND SPICES,SPICES - SEASONING BLEND,Unprocessed/Minimally processed foods,0
Nature s Own Beef Masala,3g,12g,0.45g,HERBS AND SPICES,SPICES - BEEF MASALA,Processed foods,2
Top Food Italian Spice Blend,,0g,,HERBS AND SPICES,SPICES - SEASONING BLEND,Unprocessed/Minimally processed foods,0
Orley s Herbs Mint Leaves Spices,,,0.031g,HERBS AND SPICES,HERBS - MINT,Unprocessed/Minimally processed foods,0
Orley s Pure Ground Chillies,0.2g,0.4g,0.077g,HERBS AND SPICES,SPICES - CHILLIES,Processed Culinary Ingredients,0
Tropical Heat Spices Dhana Jeera,,,,HERBS AND SPICES,SPICES - DHANA JEERA,Processed Culinary Ingredients,0
Tropical Heat Spices Citric Acid Salt,,,,HERBS AND SPICES,SPICES - CITRIC ACID,Processed Culinary Ingredients,0
Eva Premium Saffron,0g,0g,3.9g,HERBS AND SPICES,SPICES - SAFFRON,Unprocessed/Minimally processed foods,1
Top Food Himalayan Pink Salt,0g,0g,,SALT,SEA SALT,Unprocessed/Minimally processed foods,0
Tropical Heat Ground Ginger,1g,8g,0g,HERBS AND SPICES,SPICES - GINGER,Unprocessed/Minimally processed foods,1
Tropical Heat Cuminseeds Ground,,,,HERBS AND SPICES,SPICES - CUMIN,Unprocessed/Minimally processed foods,0
Eva Hibiscus Whole Spice,,,,HERBS AND SPICES,SPICES - HIBISCUS,Unprocessed/Minimally processed foods,0
Top Food Cayenne Pepper,,17g,0.03g,HERBS AND SPICES,SPICES - CAYENNE PEPPER,Processed Culinary Ingredients,1
TOP FOOD SESAME SEEDS SIMSIM J,,,,HERBS AND SPICES,SPICES - SESAME SEEDS,Unprocessed/Minimally processed foods,0
Royco Cinnamon Ground Spice,,,,HERBS AND SPICES,SPICES - CINNAMON,Processed Culinary Ingredients,0
Top Food Chilli Powder,,,,HERBS AND SPICES,SPICES - CHILLIES,Processed Culinary Ingredients,0
Top Food Cumin Seeds,,1.3g,,HERBS AND SPICES,SPICES - CUMIN,Unprocessed/Minimally processed foods,0
Tropical Heat Spices Mixed Spices Wet Dry Fry,,,,HERBS AND SPICES,SPICES - DRY-FRY SPICE,Unprocessed/Minimally processed foods,0
Mulsons Spices Ginger Powder,3.4g,6.4g,0.0455g,HERBS AND SPICES,SPICES - GINGER,Processed Culinary Ingredients,0
Top Food Chia Seeds,0g,31g,0g,CEREAL GRAINS,BROWN RICE,Unprocessed/Minimally processed foods,1
Simba Mbili Pure Red Chilly Powder,,13g,,HERBS AND SPICES,SPICES - CHILLIES,Processed Culinary Ingredients,1
Top Food Ground Garlic Spice,0.1g,,0.0019g,HERBS AND SPICES,SPICES - GARLIC,Processed Culinary Ingredients,0
Zanzibar Spices Cayenne Chilli Powder,,5g,,HERBS AND SPICES,SPICES - CAYENNE PEPPER,Processed Culinary Ingredients,0
Zanzibar Oregano Spices,4g,4g,0.025g,HERBS AND SPICES,HERBS - OREGANO,Unprocessed/Minimally processed foods,0
Tropical Heat Cloves Ground,,,,HERBS AND SPICES,SPICES - CLOVES,Unprocessed/Minimally processed foods,0
Top Food Whole Clove,,,,HERBS AND SPICES,SPICES - CLOVES,Unprocessed/Minimally processed foods,0
Simba Mbili Cinnamon Ground,0g,0g,0g,HERBS AND SPICES,SPICES - CINNAMON,Unprocessed/Minimally processed foods,0
Top Food Whole Black Pepper,,0.1g,0.0005g,HERBS AND SPICES,SPICES - BLACK PEPPER,Unprocessed/Minimally processed foods,0
Natures Own Whole Cumin Seeds,2g,22g,0.2g,HERBS AND SPICES,SPICES - CUMIN,Unprocessed/Minimally processed foods,1
Orley s Whole Cumin Seed,2g,22g,0.168g,HERBS AND SPICES,SPICES - CUMIN,Unprocessed/Minimally processed foods,1
Mulsons Biryani Masala,,,,HERBS AND SPICES,SPICES - BIRYANI MASALA,Unprocessed/Minimally processed foods,0
Simba Mbili Ground Cinnamon,2.2g,1.2g,0.01g,HERBS AND SPICES,SPICES - CINNAMON,Unprocessed/Minimally processed foods,0
Top Food Lemon And Pepper Seasoning,0.02g,0.05g,0.711g,HERBS AND SPICES,SPICES - SEASONING BLEND,Unprocessed/Minimally processed foods,1
Top Food Oregano Herbs,,0.1g,,HERBS AND SPICES,HERBS - OREGANO,Unprocessed/Minimally processed foods,0
Simba Mbili Ground Cumin,0g,15g,0g,HERBS AND SPICES,SPICES - CUMIN,Unprocessed/Minimally processed foods,1
Top Food Ginger Powder,0.2g,0.3g,,HERBS AND SPICES,SPICES - GINGER,Processed foods,0
Mulsons Spices Turmeric Powder,3.2g,10g,0.038g,HERBS AND SPICES,SPICES - TURMERIC,Processed Culinary Ingredients,1
Top Food Thabai Stinging Nettle Ground Herb,0g,0g,,HERBS AND SPICES,SPICES - STINGING NETTLE,Unprocessed/Minimally processed foods,0
Top Food Golden Raisins Sultana,59g,0.5g,0.1g,DRIED FRUITS,RAISINS,Unprocessed/Minimally processed foods,1
Zanzibar Chilli Flakes Spices,0.2g,0.4g,0.077g,HERBS AND SPICES,SPICES - CHILLIES,Unprocessed/Minimally processed foods,0
Eva Cinnamon Whole Spice,,,,HERBS AND SPICES,SPICES - CINNAMON,Unprocessed/Minimally processed foods,0
Zanzibar Grounded Chicken Masala Spices,14g,48g,2.601g,HERBS AND SPICES,SPICES - CHICKEN MASALA,Processed Culinary Ingredients,3
Eva Curry Powder Spice,,,,HERBS AND SPICES,SPICES - CURRY POWDER,Processed Culinary Ingredients,0
Mulsons Spices Cloves Whole,0g,0g,0.0005g,HERBS AND SPICES,SPICES - CLOVES,Unprocessed/Minimally processed foods,0
Eva Cinnamon Powder Spice,,,,HERBS AND SPICES,SPICES - CINNAMON,Processed Culinary Ingredients,0
Zanzibar Paprika Spices,10g,13g,0.068g,HERBS AND SPICES,SPICES - PAPRIKA,Processed Culinary Ingredients,2
Top Food Whole Spice Sesame Black Seeds,0g,0g,0.001g,HERBS AND SPICES,SPICES - SESAME SEEDS,Unprocessed/Minimally processed foods,0
Eva Black Seeds,5g,0g,0.002g,HERBS AND SPICES,SPICES - KALONJI/BLACK SEEDS,Unprocessed/Minimally processed foods,1
Top Food Turmeric Powder,,,,HERBS AND SPICES,SPICES - TURMERIC,Unprocessed/Minimally processed foods,0
Eva Turmeric Powder Spice,,,,HERBS AND SPICES,SPICES - TURMERIC,Processed Culinary Ingredients,0
Top Food American Barbeque Rub Seasoning,19.1g,6.1g,,HERBS AND SPICES,SPICES - MEAT/BBQ RUB,Unprocessed/Minimally processed foods,1
Robertson s Rice Spices,,,,HERBS AND SPICES,SPICES - RICE SEASONING,Unprocessed/Minimally processed foods,0
Shalimar Garlic Powder,,,0.004g,HERBS AND SPICES,SPICES - GARLIC,Processed Culinary Ingredients,0
Shalimar Cinnamon Powder,,,,HERBS AND SPICES,SPICES - CINNAMON,Processed Culinary Ingredients,0
Orley s Pure Ground Spanish Paprika,9g,15g,0.038g,HERBS AND SPICES,SPICES - PAPRIKA,Processed Culinary Ingredients,2
Mulsons Spices Tea Masala,2.51g,1g,0.063g,HERBS AND SPICES,SPICES - TEA MASALA,Processed foods,0
Top Food Rosemary Herbs,,0.1g,0.0004g,HERBS AND SPICES,HERBS - ROSEMARY,Unprocessed/Minimally processed foods,0
Eva Premium Zaatar,,,,HERBS AND SPICES,SPICES - ZAATAR,Unprocessed/Minimally processed foods,0
Shalimar Cumin Powder,2g,22g,0.168g,HERBS AND SPICES,SPICES - CUMIN,Processed Culinary Ingredients,1
Zanzibar Garlic Powder Spices,2.4g,0.7g,0.06g,HERBS AND SPICES,SPICES - GARLIC,Processed Culinary Ingredients,0
Zanzibar Chips Masala Spices,2g,8g,,HERBS AND SPICES,SPICES - GARAM MASALA,Processed foods,1
Eva Whole Oregano Spice,4.1g,4.3g,,HERBS AND SPICES,HERBS - OREGANO,Unprocessed/Minimally processed foods,0
KOL Pure Curry Powder,2.8g,14g,0.052g,HERBS AND SPICES,SPICES - CURRY POWDER,Processed Culinary Ingredients,1
Eva Chilli Powder Spice,,,,HERBS AND SPICES,SPICES - CHILLIES,Processed foods,0
Shalimar Ginger Powder,,,0.002g,HERBS AND SPICES,SPICES - GINGER,Processed Culinary Ingredients,0
Mulsons Cummin Seeds,2.3g,22g,0.168g,HERBS AND SPICES,SPICES - CUMIN,Unprocessed/Minimally processed foods,1
NUTRAMEAL BLACK PEPPER CORNS,,,,HERBS AND SPICES,SPICES - BLACK PEPPER,Unprocessed/Minimally processed foods,0
Eva Fenugreek Spice,,0.1g,0.0007g,HERBS AND SPICES,SPICES - FENUGREEK,Unprocessed/Minimally processed foods,0
TOP FOOD CITRIC ACID,,,,HERBS AND SPICES,SPICES - CITRIC ACID,Processed Culinary Ingredients,0
Eva Tea Masala Spice,,,,HERBS AND SPICES,SPICES - TEA MASALA,Processed foods,0
Top Food Parsley Herbs,0.9g,0.8g,0.056g,HERBS AND SPICES,HERBS - PARSLEY,Unprocessed/Minimally processed foods,0
Simba Mbili Ground Cardamom,0g,0g,0g,HERBS AND SPICES,SPICES - CARDAMON,Unprocessed/Minimally processed foods,0
Top Food Ground Onion Spice,0.2g,,0.00198g,HERBS AND SPICES,SPICES - ONION POWDER,Unprocessed/Minimally processed foods,0
Garlic Powder,1.2g,0.3g,0.026g,HERBS AND SPICES,SPICES - GARLIC,Processed Culinary Ingredients,0
Simba Mbili Mustard Powder,0.1g,0.7g,0.0003g,HERBS AND SPICES,SPICES - MUSTARD,Unprocessed/Minimally processed foods,0
Orley s Pure Ground Turmeric,,6.9g,,HERBS AND SPICES,SPICES - TURMERIC,Unprocessed/Minimally processed foods,0
Shalimar Black Pepper Powder,,,,HERBS AND SPICES,SPICES - BLACK PEPPER,Processed Culinary Ingredients,0
Bayara Chilli Powder,6g,19g,0.401g,HERBS AND SPICES,SPICES - CHILLIES,Processed Culinary Ingredients,3
Zanzibar Spices Dhana Jeera Spice,,19g,,HERBS AND SPICES,SPICES - DHANA JEERA,Processed Culinary Ingredients,1
Orley s Herbs Rosemary Leaves,0g,0g,0.096g,HERBS AND SPICES,HERBS - BAY LEAVES,Unprocessed/Minimally processed foods,0
Lunn Cinnamon And Sugar,54.2g,1.5g,0.0091g,HERBS AND SPICES,SPICES - CINNAMON,Unprocessed/Minimally processed foods,1
Orley s Spice Ground Chillies,0.2g,,0.077g,HERBS AND SPICES,SPICES - CHILLIES,Unprocessed/Minimally processed foods,0
Mulsons White Pepper Powder,,,,HERBS AND SPICES,SPICES - BLACK PEPPER,Unprocessed/Minimally processed foods,0
Eva Moringa Spice,,,,HERBS AND SPICES,SPICES - MORINGA,Unprocessed/Minimally processed foods,0
Natures Own Whole Nutmeg,0g,36g,0.018g,HERBS AND SPICES,SPICES - NUTMEG,Unprocessed/Minimally processed foods,1
Bayara Whole Garam Masala,,10g,0.15g,HERBS AND SPICES,SPICES - GARAM MASALA,Processed Culinary Ingredients,1
ORLEY S SPICE CLOVES GRD,,,,HERBS AND SPICES,SPICES - CLOVES,Unprocessed/Minimally processed foods,0
Top Food Cumin Powder Pouch,2.3g,22g,0.168g,HERBS AND SPICES,SPICES - CUMIN,Processed Culinary Ingredients,1
Natures Own Fish Masala,3g,13g,0.145g,HERBS AND SPICES,SPICES - FISH MASALA,Processed Culinary Ingredients,1
Robertsons Ground Ginger Powder,0.1g,0.1g,,HERBS AND SPICES,SPICES - GINGER,Processed Culinary Ingredients,0
Eva Whole Red Chilli Spice,,,,HERBS AND SPICES,SPICES - CHILLIES,Unprocessed/Minimally processed foods,0
Simba Mbili Cloves Ground Spices,0g,0g,0.005g,HERBS AND SPICES,SPICES - CLOVES,Unprocessed/Minimally processed foods,0
Natures Own Grounded Chilli,2g,7g,0.378g,HERBS AND SPICES,SPICES - CHILLIES,Unprocessed/Minimally processed foods,1
Nature s Own Mint,,0.9g,0.031g,CANDY AND CONFECTIONERY,SWEETS/CANDY,Ultra-processed foods,0
Nature s Own Ground Coriander,0.87g,0.52g,0.046g,HERBS AND SPICES,HERBS - CORIANDER/DHANIA,Unprocessed/Minimally processed foods,0
Nature s Own Ground Dhana Jeera,0.1g,0.5g,0.0035g,HERBS AND SPICES,SPICES - DHANA JEERA,Unprocessed/Minimally processed foods,0
Nature s Own Curry Powder,0.1g,0.3g,0.001g,HERBS AND SPICES,SPICES - CURRY POWDER,Processed Culinary Ingredients,0
Nature s Own Ground Cloves,,,,HERBS AND SPICES,SPICES - CLOVES,Unprocessed/Minimally processed foods,0
Nature s Own Ground Ginger,,,,HERBS AND SPICES,SPICES - GINGER,Unprocessed/Minimally processed foods,0
Nature s Own Ground Mustard,,,0.085g,HERBS AND SPICES,SPICES - MUSTARD,Unprocessed/Minimally processed foods,0
Nature s Own Ground Cumin,0.1g,0.5g,0.0035g,HERBS AND SPICES,SPICES - CUMIN,Unprocessed/Minimally processed foods,0
Nature s Own Mixed Herbs,,2.8g,,HERBS AND SPICES,HERBS - MIXED HERBS,Unprocessed/Minimally processed foods,0
Nature s Own Ground Black Pepper,0g,0.1g,0.0005g,HERBS AND SPICES,SPICES - BLACK PEPPER,Unprocessed/Minimally processed foods,0
Nature s Own Ground Cinnamon,2.2g,1.2g,0.01g,HERBS AND SPICES,SPICES - CINNAMON,Unprocessed/Minimally processed foods,0
Nature s Own Rosemary Herbs,0.12g,19.87g,0.004g,HERBS AND SPICES,HERBS - ROSEMARY,Unprocessed/Minimally processed foods,1
Nature s Own Grounded Black Pepper,,,,HERBS AND SPICES,SPICES - BLACK PEPPER,Unprocessed/Minimally processed foods,0
Nature s Own Ground Spice Turmeric,,1g,0.003g,HERBS AND SPICES,SPICES - TURMERIC,Unprocessed/Minimally processed foods,0
Tropical Heat Spices Pilau Masala Ground,,,,HERBS AND SPICES,SPICES - PILAU MASALA,Processed foods,0
Tropical Heat Spices Tea Masala,,,,HERBS AND SPICES,SPICES - TEA MASALA,Processed foods,0
Ttropical Heat Spices Garam Masala,,,,HERBS AND SPICES,SPICES - GARAM MASALA,Processed Culinary Ingredients,0
Tropical Heat Spices Chicken Masala,,0.5g,0.085g,HERBS AND SPICES,SPICES - CHICKEN MASALA,Processed foods,0
Tropical Heat Spices Pilau Masala Whol,,,,HERBS AND SPICES,SPICES - PILAU MASALA,Processed Culinary Ingredients,0
Tropical Heat Spices Beef Masala,,,,HERBS AND SPICES,SPICES - BEEF MASALA,Processed Culinary Ingredients,0
Tropical Heat Tea Masala,,,,HERBS AND SPICES,SPICES - TEA MASALA,Processed foods,0
Tropical Heat Garam Masala,,,,HERBS AND SPICES,SPICES - GARAM MASALA,Processed Culinary Ingredients,0
Tropical Heat Spices Mixed Spices,,,,HERBS AND SPICES,SPICES - MIXED SPICES,Unprocessed/Minimally processed foods,0
Tropical Heat Pilau Masala Ground,,,,HERBS AND SPICES,SPICES - PILAU MASALA,Processed foods,0
Tropical Heat Spices Mixed Herbs,,,,HERBS AND SPICES,HERBS - MIXED HERBS,Unprocessed/Minimally processed foods,0
Mulsons Spices Garam Masala,1.3g,12.7g,0.0799g,HERBS AND SPICES,SPICES - GARAM MASALA,Processed Culinary Ingredients,1
Tropical Heat Spices Githeri Masala,,,0.12g,HERBS AND SPICES,SPICES - GARAM MASALA,Processed foods,0
Orley s Ground Garam Masala,,1g,0.046g,HERBS AND SPICES,SPICES - GARAM MASALA,Processed Culinary Ingredients,0
Top Food Thyme,2g,7g,0.055g,HERBS AND SPICES,HERBS - THYME,Unprocessed/Minimally processed foods,0
Shalimar Daal Masala,0g,3.9g,0.5893g,HERBS AND SPICES,SPICES - GARAM MASALA,Processed foods,1
Simba Mbili Spice Seasoning Chicken Masala,4g,7g,0.58g,HERBS AND SPICES,SPICES - CHICKEN MASALA,Processed foods,1
Orley s Spice Ground Garam Masala,0g,0g,0.001g,HERBS AND SPICES,SPICES - GARAM MASALA,Processed Culinary Ingredients,0
TOP FOODGARAM MASALA,,,,HERBS AND SPICES,SPICES - GARAM MASALA,Processed foods,0
Top Food Curry Powder,,13.1g,,HERBS AND SPICES,SPICES - CURRY POWDER,Processed Culinary Ingredients,1
Orleys Pure Ground Pilau Masala,0g,0g,0g,HERBS AND SPICES,SPICES - PILAU MASALA,Processed foods,0
Orley s Spice Ground Pilau Masala,0g,0g,0g,HERBS AND SPICES,SPICES - PILAU MASALA,Processed foods,0
KOL PILAU MASALA,3.55g,11.7g,,HERBS AND SPICES,SPICES - PILAU MASALA,Processed foods,1
Top Food Basil,0.4g,4.3g,0.02g,HERBS AND SPICES,HERBS - BASIL,Unprocessed/Minimally processed foods,0
Orley s Spice Mix Ground Tea Masala,,0.5g,0.029g,HERBS AND SPICES,SPICES - TEA MASALA,Processed foods,0
Shalimar Prawns Piri Piri Spice,,4g,,HERBS AND SPICES,SPICES - PIRI PIRI BLEND,Unprocessed/Minimally processed foods,0
TOP FOOD C MASALA,,,,HERBS AND SPICES,SPICES - MIXED SPICES,Unprocessed/Minimally processed foods,0
Top Food Pilau Masala Ground,8g,16g,1.06g,HERBS AND SPICES,SPICES - PILAU MASALA,Processed foods,3
Shalimar Meat Pilau Mix,,55.9g,,HERBS AND SPICES,SPICES - PILAU MIX,Processed foods,1
Shalimar Meat Curry Masala,0.8g,2.8g,0.195g,HERBS AND SPICES,SPICES - CURRY POWDER,Processed foods,0
Orley s Pure Ground Mixed Spices,5.03g,6.31g,,HERBS AND SPICES,SPICES - MIXED SPICES,Unprocessed/Minimally processed foods,1
Shalimar Shish Kebab Spice,19.5g,9.5g,2.955g,HERBS AND SPICES,SPICES - GARAM MASALA,Processed foods,3
Orley s Pure Ground Beef Masala,2g,0.9g,0.028g,HERBS AND SPICES,SPICES - BEEF MASALA,Processed foods,0
Shalimar Pilau Rice Mix,1g,3g,,SOUP FLAVOUR CUBES & MIXES,SPICES - PILAU MIX,Processed foods,0
Shalimar Fish Masala,,9.7g,1.4166g,HERBS AND SPICES,SPICES - FISH MASALA,Processed foods,2
Natures Own Biryani Masala,,,,HERBS AND SPICES,SPICES - BIRYANI MASALA,Unprocessed/Minimally processed foods,0
Simba Mbili Fish Masala,,9.7g,1.4166g,HERBS AND SPICES,SPICES - FISH MASALA,Processed foods,2
Kol Pure Chicken Masala,,8.85g,0.258g,HERBS AND SPICES,SPICES - CHICKEN MASALA,Processed foods,1
Kol Pure Tea Masala,,0.5g,0.029g,HERBS AND SPICES,SPICES - TEA MASALA,Processed foods,0
Orley s Ground Fish Masala,,9.7g,1.4166g,HERBS AND SPICES,SPICES - FISH MASALA,Processed foods,2
Shalimar Fish Tika Masala,,,,HERBS AND SPICES,SPICES - FISH MASALA,Processed foods,0
Orley s Pure Ground Dhana Jeera Powder,,0.9g,0.0091g,HERBS AND SPICES,SPICES - DHANA JEERA,Processed Culinary Ingredients,0
Top Food Garlic Powder,,,,HERBS AND SPICES,SPICES - GARLIC,Processed Culinary Ingredients,0
Top Food Cinnamon Powder,0.1g,0.3g,,HERBS AND SPICES,SPICES - CINNAMON,Unprocessed/Minimally processed foods,0
Top Food Bay Leaf,,8g,0.023g,HERBS AND SPICES,HERBS - BAY LEAVES,Unprocessed/Minimally processed foods,1
Shalimar s Chicken Tikka Mix,0.8g,2.8g,0.195g,HERBS AND SPICES,SPICES - CHICKEN MASALA,Processed foods,0
TOP FOOD TEA MASALA,,,,HERBS AND SPICES,SPICES - TEA MASALA,Processed foods,0
Tropical Heat Mixed Spices,,,,HERBS AND SPICES,SPICES - MIXED SPICES,Unprocessed/Minimally processed foods,0
Top Food Garam Masala,,1g,0.046g,HERBS AND SPICES,SPICES - GARAM MASALA,Processed Culinary Ingredients,0
Orley s Spice Ground Tea Masala,0g,0g,0g,HERBS AND SPICES,SPICES - TEA MASALA,Processed foods,0
Shalimar Mince Meat Masala,4g,6g,1.2g,HERBS AND SPICES,SPICES - BEEF MASALA,Processed foods,1
Top Food Chicken Tikka Masala,2.8g,3.9g,0.33g,COOKING SAUCES,CURRY SAUCE/PASTE,Ultra-processed foods,1
MULSONS BEEF MASALA,,,,HERBS AND SPICES,SPICES - BEEF MASALA,Processed foods,0
Simba Mbili Garam Masala,13g,1g,0.19g,HERBS AND SPICES,SPICES - GARAM MASALA,Processed foods,1
NATURE S OWN BIRYANI MASALA,,,,HERBS AND SPICES,SPICES - BIRYANI MASALA,Unprocessed/Minimally processed foods,0
Shalimar Chicken Masala,,8.85g,0.258g,HERBS AND SPICES,SPICES - CHICKEN MASALA,Processed foods,1
Top Food Pilau Masala,8g,16g,1.06g,HERBS AND SPICES,SPICES - PILAU MASALA,Processed foods,3
Shalimar Chicken Pilau,4g,6g,1.2g,PROCESSED POULTRY,PRE-PREPARED PILAU,Processed foods,1
Shalimar Prawns Masala,,,,HERBS AND SPICES,SPICES - FISH MASALA,Processed foods,0
Shalimar Vegetable Masala Spice,,1g,0.96g,HERBS AND SPICES,SPICES - VEGETABLE MASALA,Unprocessed/Minimally processed foods,1
Nature s Own Chicken Masala,,8.85g,0.258g,HERBS AND SPICES,SPICES - CHICKEN MASALA,Processed foods,1
Nature s Own Spice Mix Chat Masala,0g,0g,0.15g,HERBS AND SPICES,SPICES - CHAT MASALA,Unprocessed/Minimally processed foods,0
Nature s Own Spice Mix Chicken Masala,1g,1g,0.65g,HERBS AND SPICES,SPICES - CHICKEN MASALA,Processed foods,1
Nature s Own Fish Masala,,9.7g,1.4166g,HERBS AND SPICES,SPICES - FISH MASALA,Processed foods,2
Nature s Own Tandoori Masala,,10g,0.048g,HERBS AND SPICES,SPICES - TANDOORI MASALA,Unprocessed/Minimally processed foods,1
Nature s Own Mixed Spices,5.03g,6.31g,,HERBS AND SPICES,SPICES - MIXED SPICES,Unprocessed/Minimally processed foods,1
Nature s Own Garam Masala,0g,0.2g,0.0012g,HERBS AND SPICES,SPICES - GARAM MASALA,Processed Culinary Ingredients,0
Nature s Own Spice Mix Tandoori Masala,,10g,0.048g,HERBS AND SPICES,SPICES - TANDOORI MASALA,Unprocessed/Minimally processed foods,1
Nature s Own Spice Mix Tea Masala,16g,15g,,HERBS AND SPICES,SPICES - TEA MASALA,Processed foods,2
Nature s Own Pilau Masala,,0.5g,0.85g,HERBS AND SPICES,SPICES - PILAU MASALA,Processed foods,1
Kensalt Premium Iodated Edible Table Salt,0g,0g,38.758g,SALT,TABLE SALT,Processed Culinary Ingredients,1
Kensalt Premium Iodated Table Salt,0g,0g,38.758g,SALT,TABLE SALT,Processed Culinary Ingredients,1
Naturalli Himalayan Pink Fine Salt 500Gms,0g,0g,38.75g,SALT,SEA SALT,Unprocessed/Minimally processed foods,1
Kamili s Top Chef Table Salt,0g,0g,38.758g,SALT,TABLE SALT,Processed Culinary Ingredients,1
Naturalli Himalayan Iodized Pink Salt,0g,0g,0.518g,SALT,SEA SALT,Unprocessed/Minimally processed foods,1
La Baleine Fine Iodized Sea Salt,2.7g,34.8g,0.341g,SALT,SEA SALT,Processed Culinary Ingredients,2
Naturalli Himalayan Pink Fine Salt 300Gms,0g,0g,38.75g,SALT,SEA SALT,Unprocessed/Minimally processed foods,1
Kensalt Table Salt,0g,0g,38.758g,SALT,TABLE SALT,Processed Culinary Ingredients,1
Winnie s Pure Health Iodine Sea Salt,0g,1.3g,38.667g,SALT,SEA SALT,Processed Culinary Ingredients,1
Naturalli Himalayan Pink Fine Salt 150Gms,0g,0g,38.75g,SALT,SEA SALT,Unprocessed/Minimally processed foods,1
Tropical Heat Premium Grinder Sea Salt,0g,1.3g,38.667g,SALT,SEA SALT,Unprocessed/Minimally processed foods,1
Winnie s Pure Health Herbal Sea Salt With Iodine,0g,1.3g,38.667g,SALT,SEA SALT,Processed Culinary Ingredients,1
Lunn Himalayan Pink Rock Salt,0g,0g,34g,SALT,SEA SALT,Unprocessed/Minimally processed foods,1
Naturersquos Own Sea Salt,0g,0g,0.53g,SALT,SEA SALT,Processed Culinary Ingredients,1
La Baleine Iodized Coarse Sea Salt,0g,0g,0.581g,SALT,SEA SALT,Processed Culinary Ingredients,1
Winnie S Pure Health Sea Salt With Iodine,0g,1.3g,38.667g,SALT,SEA SALT,Processed Culinary Ingredients,1
Melvins Iodized Flow Table Salt,0g,0g,38.758g,SALT,TABLE SALT,Processed Culinary Ingredients,1
Equatorial Sea Salt,0g,1.3g,0.59g,SALT,SEA SALT,Processed Culinary Ingredients,1
Sileo Natural Salt,,1.3g,,SALT,SEA SALT,Unprocessed/Minimally processed foods,0
Winnies Pure Health Herbal Table Salt With Iodine,0g,1.3g,38.667g,SALT,HERBAL SALT,Processed Culinary Ingredients,1
La Baleine Coarse Iodized Sea Salt,2.7g,34.8g,0.341g,SALT,SEA SALT,Processed Culinary Ingredients,2
Melvins BBQ Seasoning Salt,30g,8.3g,0.183g,SALT,HERBAL SALT,Processed Culinary Ingredients,2
La Baleine Fine Sea Salt,,,38.81g,SALT,SEA SALT,Processed Culinary Ingredients,1
Melvins Herbal Seasoning Mix,0g,0g,0.032g,HERBS AND SPICES,SPICES - SEASONING BLEND,Unprocessed/Minimally processed foods,0
Sue s Naturals Sea Salt,,1.3g,,SALT,SEA SALT,Processed Culinary Ingredients,0
Robertson s Salt And Vinegar,21g,1g,1.866g,SALT,TABLE SALT,Processed Culinary Ingredients,2
Lunn Low Sodium Desert Salt,0g,0g,24.58g,SALT,SEA SALT,Unprocessed/Minimally processed foods,1
Lunn Black Salt,0g,0g,34g,SALT,HERBAL SALT,Processed Culinary Ingredients,1
Sileo Fine Grain Natural Salt,,1.3g,,SALT,TABLE SALT,Unprocessed/Minimally processed foods,0
Carrefour Iodized Fine Table Salt Red,0g,0g,0.0387g,SALT,TABLE SALT,Processed Culinary Ingredients,0
Lunn Grinder Black Salt,0g,0g,34g,SALT,HERBAL SALT,Processed Culinary Ingredients,1
Equatorial Naturals Iodine Herbal Salt,,1.3g,,SALT,HERBAL SALT,Processed Culinary Ingredients,0
Equatorial Seasoned Sea Salt,,,,SALT,SEA SALT,Processed Culinary Ingredients,0
Kensalt Free Flow Iodized Table Salt,0g,0g,38.758g,SALT,TABLE SALT,Processed Culinary Ingredients,1
Melvins Lemon Chili Seasoning Salt,0g,1g,21.3g,SALT,HERBAL SALT,Processed Culinary Ingredients,1
La Baleine Iodized Fine Sea Salt,0g,0g,38.81g,SALT,SEA SALT,Processed Culinary Ingredients,1
Lunn Mineral Rich Desert Salt,0g,0g,34g,SALT,SEA SALT,Unprocessed/Minimally processed foods,1
LUNN�POUCH ROCK DESERT SALT,,,,SALT,SEA SALT,Unprocessed/Minimally processed foods,0
Sileo Natural Crystals Stone Salt,0g,1.3g,,SALT,SEA SALT,Unprocessed/Minimally processed foods,0
Sileo Natural Fine Salt,0g,0g,0.4g,SALT,TABLE SALT,Processed Culinary Ingredients,1
Lunn Dessert Fine Salt,0g,0g,0.034g,SALT,TABLE SALT,Processed Culinary Ingredients,0
Sileo Natural Bath Crystal Salt,0g,0g,0.4g,SALT,SEA SALT,Unprocessed/Minimally processed foods,1
Brad S Atlantic Sea Salt Grinder,,,,SALT,SEA SALT,Processed Culinary Ingredients,0
Saxa So Low Salt,,,,SALT,TABLE SALT,Processed Culinary Ingredients,0
Knorr Chilli Beef Cubes For delicious meals full of flavour x 6,,1g,1.06g,SOUP FLAVOUR CUBES & MIXES,SOUP FLAVOUR BEEF CUBES,Ultra-processed foods,1
Knorr Soft Chicken Cubes For delicious meals full of flavour x 6,,1g,0.97g,SOUP FLAVOUR CUBES & MIXES,SOUP FLAVOUR CHICKEN CUBES,Ultra-processed foods,1
Knorr Soft Beef Cubes,,1g,1.06g,SOUP FLAVOUR CUBES & MIXES,SOUP FLAVOUR BEEF CUBES,Ultra-processed foods,1
Royco Mchuzi Mix Beef Seasoning Powder For Thicker Richer Stews,0.4g,0.1g,0.239g,SOUP FLAVOUR CUBES & MIXES,SOUP FLAVOUR BEEF MIXES,Ultra-processed foods,0
Royco Mchuzi Mix Beef For Thicker Richer Stews Seasoning Powder,0.4g,0.1g,0.239g,SOUP FLAVOUR CUBES & MIXES,SOUP FLAVOUR BEEF MIXES,Ultra-processed foods,0
Royco Fortified Chicken Cubes For nutritious meals full of flavour x 40,18.2g,3g,,SOUP FLAVOUR CUBES & MIXES,SOUP FLAVOUR CHICKEN CUBES,Ultra-processed foods,1
Maggi Star Fortified Seasoning Cubes,0.4g,3.7g,,SOUP FLAVOUR CUBES & MIXES,SOUP FLAVOUR BEEF CUBES,Ultra-processed foods,0
Knorr Cube Little Bull,,,,SOUP FLAVOUR CUBES & MIXES,SOUP FLAVOUR BEEF CUBES,Ultra-processed foods,0
Royco Fortified Beef Cubes For nutritious meals full of flavour x 28,,,,SOUP FLAVOUR CUBES & MIXES,SOUP FLAVOUR BEEF CUBES,Ultra-processed foods,0
Royco Mchuzi Mix Tomato Ginger Garlic For Thicker Richer Stews Seasoning Powder,16.4g,5.5g,,SOUP FLAVOUR CUBES & MIXES,SOUP FLAVOUR TOMATO GINGER & GARLIC MIXES,Ultra-processed foods,1
Suree Thai Green Curry Paste,9g,1.1g,0g,COOKING SAUCES,CURRY SAUCE/PASTE,Ultra-processed foods,1
Kent Boringer Chicken Bouillon Cubes,0g,0g,1.2g,SOUP FLAVOUR CUBES & MIXES,SOUP FLAVOUR CHICKEN CUBES,Ultra-processed foods,1
Kent Boringer Beef Bouillon Cubes,,,,SOUP FLAVOUR CUBES & MIXES,SOUP FLAVOUR BEEF CUBES,Ultra-processed foods,0
Suree Thai Panang Curry Paste,6.4g,1.6g,,COOKING SAUCES,CURRY SAUCE/PASTE,Ultra-processed foods,1
Tropical Heat Salad Seasoning,,,,HERBS AND SPICES,SPICES - SALAD SEASONING,Processed foods,0
Desiam Yellow Thai Curry Paste,5.3g,21g,,COOKING SAUCES,CURRY SAUCE/PASTE,Ultra-processed foods,2
Suree Thai Massamum Curry Paste,11g,2.2g,,COOKING SAUCES,CURRY SAUCE/PASTE,Ultra-processed foods,1
Melvins Herbal Salt,,,,SALT,HERBAL SALT,Processed Culinary Ingredients,0
Royco Beef Kora Mchuzi Mix,0.4g,0.1g,0.239g,SOUP FLAVOUR CUBES & MIXES,SOUP FLAVOUR BEEF MIXES,Ultra-processed foods,0
Onga Mchuzi Chicken,0.5g,2.9g,1.19g,SOUP FLAVOUR CUBES & MIXES,SOUP FLAVOUR CHICKEN MIXES,Ultra-processed foods,1
ONGA MCHUZI SPICY TOMATO,,,,COOKING SAUCES,READY-TO-COOK MEAL SAUCE,Ultra-processed foods,0
Onga Garlic Onion And Ginger Mchuzi Mix,16.4g,5.5g,,SOUP FLAVOUR CUBES & MIXES,SOUP FLAVOUR MIXES,Ultra-processed foods,1
Clovers Gravy Browning,0.21g,2.36g,,COOKING SAUCES,GRAVY,Ultra-processed foods,0
Onga Mchuzi Chicken Sat,,,,SOUP FLAVOUR CUBES & MIXES,SOUP FLAVOUR CHICKEN MIXES,Ultra-processed foods,0
JADE BRIDGE HOI SIN SAUCE,,,,COOKING SAUCES,HOISIN SAUCE,Ultra-processed foods,0
Onga Mchuzi Mix Beef Seasoning,0.5g,2.9g,1.19g,SOUP FLAVOUR CUBES & MIXES,SOUP FLAVOUR BEEF MIXES,Ultra-processed foods,1
Onga Mchuzi Spicy Tomato Satchet,,,,SOUP FLAVOUR CUBES & MIXES,SOUP FLAVOUR TOMATO GINGER & GARLIC MIXES,Ultra-processed foods,0
SUREE TOM YUM CURRY PASTE,,,,COOKING SAUCES,CURRY SAUCE/PASTE,Ultra-processed foods,0
Bisto Chicken Gravy Granules,,,,SOUP FLAVOUR CUBES & MIXES,SOUP FLAVOUR CHICKEN MIXES,Ultra-processed foods,0
Suree Thai Yellow Curry Paste,6.9g,1.3g,0g,COOKING SAUCES,CURRY SAUCE/PASTE,Ultra-processed foods,1
Real Thai Spring Rolls Sauce,10g,0g,0.135g,TABLE SAUCES,DIPPING SAUCE,Ultra-processed foods,1
Atkins Potts Red Onion Jalapeno Relish,43.1g,2.2g,,TABLE SAUCES,RELISH,Ultra-processed foods,1
Desiam Thai Green Curry Paste,5.3g,7.8g,,COOKING SAUCES,CURRY SAUCE/PASTE,Ultra-processed foods,2
Simba Mbili Oregano,,2.2g,,HERBS AND SPICES,HERBS - OREGANO,Unprocessed/Minimally processed foods,0
Simba Mbili Mixed Herbs,,2.8g,,HERBS AND SPICES,HERBS - MIXED HERBS,Unprocessed/Minimally processed foods,0
Mulsons Spices Rosemary,,5.86g,,HERBS AND SPICES,HERBS - ROSEMARY,Unprocessed/Minimally processed foods,0
Simba Mbili Dried Rosemary Leaves,0g,0g,0g,HERBS AND SPICES,HERBS - BAY LEAVES,Unprocessed/Minimally processed foods,0
Mulsons Sage,0g,0g,0g,HERBS AND SPICES,HERBS - SAGE,Unprocessed/Minimally processed foods,0
Mulsons Spices Parsley,,4.4g,,HERBS AND SPICES,HERBS - PARSLEY,Unprocessed/Minimally processed foods,0
Top Food Lemon Pepper And Herb Seasoning,15.4g,2.4g,9.317g,HERBS AND SPICES,SPICES - SEASONING BLEND,Unprocessed/Minimally processed foods,2
Mulsons Spices Oregano,4g,4g,0.025g,HERBS AND SPICES,HERBS - OREGANO,Unprocessed/Minimally processed foods,0
Mulsons Spices Rubbed Basil,0g,0.6g,0.004g,HERBS AND SPICES,HERBS - BASIL,Unprocessed/Minimally processed foods,0
Tropical Heat Mixed Spices Whole Grinde,,,,HERBS AND SPICES,SPICES - MIXED SPICES,Unprocessed/Minimally processed foods,0
KOL Pure Ground White Pepper,,,,HERBS AND SPICES,SPICES - BLACK PEPPER,Unprocessed/Minimally processed foods,0
Orley s Ground White Pepper,0g,1g,0g,HERBS AND SPICES,SPICES - BLACK PEPPER,Unprocessed/Minimally processed foods,0
Nature s Own Ground Spice Onion Powder,,,,HERBS AND SPICES,SPICES - ONION POWDER,Unprocessed/Minimally processed foods,0
Natures Own Onion Powder,,,,HERBS AND SPICES,SPICES - ONION POWDER,Unprocessed/Minimally processed foods,0
Top Food Black Pepper With Grind,,0.1g,0.0005g,HERBS AND SPICES,SPICES - BLACK PEPPER,Unprocessed/Minimally processed foods,0
Orley s Pure Ground White Pepper,,,,HERBS AND SPICES,SPICES - BLACK PEPPER,Unprocessed/Minimally processed foods,0
Nature s Own Ground White Pepper,,,,HERBS AND SPICES,SPICES - BLACK PEPPER,Unprocessed/Minimally processed foods,0
Royco Blackpepper Ground Spice,,,,HERBS AND SPICES,SPICES - BLACK PEPPER,Processed Culinary Ingredients,0
Mulsons Black Pepper Corn,,,,HERBS AND SPICES,SPICES - BLACK PEPPER,Unprocessed/Minimally processed foods,0
TOP FOOD PILAU WHOLE,,,,FAST FOODS,PRE-PREPARED PILAU,Processed foods,0
Orley s Ground Cayenne Pepper,,,0.002g,HERBS AND SPICES,SPICES - CAYENNE PEPPER,Processed Culinary Ingredients,0
De Cecco Classic Creamy Tomato Passata,4.5g,0.1g,,TOMATO PASTE,TOMATO PASTE,Processed foods,0
Cirio Napoletana Pasta Sauce,7g,3g,0.52g,COOKING SAUCES,PASTA SAUCE,Ultra-processed foods,2
Kaputei Spaghetti Bolognaise Sauce,1.6g,2.5g,0.6g,COOKING SAUCES,PASTA SAUCE,Ultra-processed foods,1
Barilla Sugo Olive With Italian Tomatoes Sauce,4.8g,4.5g,,COOKING SAUCES,TOMATO SAUCE,Processed foods,1
Ragu Mama s Special Garden Chunky Sauce,11g,2.5g,0.47g,COOKING SAUCES,PASTA SAUCE,Ultra-processed foods,2
Ragu Cheese Creation Six Cheese Sauce,9g,0g,0.48g,COOKING SAUCES,PASTA SAUCE,Ultra-processed foods,2
Kaputei Pasta Sauce Basil,5g,2g,0.05g,COOKING SAUCES,PASTA SAUCE,Ultra-processed foods,1
Pietro Coricelli Tomato And Basil Sauce,6.1g,2.7g,,COOKING SAUCES,TOMATO SAUCE,Processed foods,1
Bertolli Rustic Cut Marinara,,,,COOKING SAUCES,PASTA SAUCE,Ultra-processed foods,0
Barilla Chilli Pepper Arrabbiata Sauce,,3g,,COOKING SAUCES,PASTA SAUCE,Ultra-processed foods,0
Ragu Mushroom Pasta Sauce,7g,2g,0.46g,COOKING SAUCES,PASTA SAUCE,Ultra-processed foods,2
Sacla Intenso Tomato And Garlic Pasta Sauce,3.6g,,,COOKING SAUCES,PASTA SAUCE,Ultra-processed foods,0
Ragu Hearty Traditional Tomato Sauce,10g,2.5g,0.43g,COOKING SAUCES,PASTA SAUCE,Ultra-processed foods,2
Pietro Coricelli Arrabbiata Pasta Sauce,6.2g,2.7g,,COOKING SAUCES,PASTA SAUCE,Ultra-processed foods,1
Kaputei Spaghetti Bolognese Sauce,1.6g,2.5g,0.0006g,COOKING SAUCES,PASTA SAUCE,Ultra-processed foods,0
Ragu Chunky Tomato Garlic And Onion Sauce,10g,2g,0.46g,COOKING SAUCES,PASTA SAUCE,Ultra-processed foods,2
American Garden Mushroom Pasta Sauce,7g,1g,0.44g,COOKING SAUCES,PASTA SAUCE,Ultra-processed foods,2
Pietro Coricelli Napoletana Pasta Sauce,6g,9g,0.37g,COOKING SAUCES,PASTA SAUCE,Ultra-processed foods,3
Bertolli Rustic Cut Roasted Garlic,,,,HERBS AND SPICES,SPICES - GARLIC,Unprocessed/Minimally processed foods,0
Kaputei Pasta Sauce Garlic,6g,2g,0.51g,COOKING SAUCES,PASTA SAUCE,Ultra-processed foods,2
Ragu Chunky Sauteed Onion And Garlic Sauce,9g,3.5g,0.48g,COOKING SAUCES,PASTA SAUCE,Ultra-processed foods,2
Bertolli Tomato Basil Sauce,,,,COOKING SAUCES,PASTA SAUCE,Ultra-processed foods,0
Festiva Pasta Sauce Italian,,,,COOKING SAUCES,PASTA SAUCE,Ultra-processed foods,0
De Cecco Alla Siciliana Sauce,4.2g,3.1g,,COOKING SAUCES,PASTA SAUCE,Ultra-processed foods,0
Ragu Old World Style Meat Sauce,7g,4g,0.48g,COOKING SAUCES,PASTA SAUCE,Ultra-processed foods,2
Bertolli Fresh Garlic Herbs,,,,HERBS AND SPICES,SPICES - GARLIC,Unprocessed/Minimally processed foods,0
Ragu Mushroom And Green Pepper Sauce,10g,2g,0.47g,COOKING SAUCES,PASTA SAUCE,Ultra-processed foods,2
Bertolli Olive Oil Garlic Sauce,,,,COOKING SAUCES,PASTA SAUCE,Ultra-processed foods,0
Kaputei Pasta Cheese Sauce,6g,1g,0.43g,COOKING SAUCES,PASTA SAUCE,Ultra-processed foods,2
Kaputei Pasta Sauce Regular,6g,1g,0.43g,COOKING SAUCES,PASTA SAUCE,Ultra-processed foods,2
CIRIO PASTA SAUCE ARRABBIATA,5.4g,2.1g,,COOKING SAUCES,PASTA SAUCE,Ultra-processed foods,1
Kaputei Garlic Pasta Sauce,6g,2g,0.51g,COOKING SAUCES,PASTA SAUCE,Ultra-processed foods,2
Kaputei Pasta Sauce,6g,1g,0.43g,COOKING SAUCES,PASTA SAUCE,Ultra-processed foods,2
Ragu Old World Style Marinara Sauce,,1g,0.27g,COOKING SAUCES,PASTA SAUCE,Ultra-processed foods,1
LAZIZA TOMATO PUREE SACHET,,,,TOMATO PASTE,TOMATO PASTE,Processed foods,0
Kaputei Mushroom Pasta Sauce,7g,2g,0.43g,COOKING SAUCES,PASTA SAUCE,Ultra-processed foods,2
Kaputei Lasagna Sauce,8g,4g,0.45g,COOKING SAUCES,PASTA SAUCE,Ultra-processed foods,2
Kaputei Basil Pasta Sauce,5g,2g,0.05g,COOKING SAUCES,PASTA SAUCE,Ultra-processed foods,1
Kaputei Spaghetti Sauce,10g,2g,0.67g,COOKING SAUCES,PASTA SAUCE,Ultra-processed foods,2
Sacla Intenso Tomato And Chilli Sauce,8g,22.7g,,COOKING SAUCES,TOMATO SAUCE,Ultra-processed foods,2
Bertolli Garlic Marinara,,,,COOKING SAUCES,PASTA SAUCE,Ultra-processed foods,0
Kaputei Pasta Cheese,,,,PASTAS,OTHER PASTA SHAPES,Processed foods,0
Bertolli Five Cheese Sauce,,,,COOKING SAUCES,PASTA SAUCE,Ultra-processed foods,0
Kaputei Hot Pasta Sauce,5g,3g,0.84g,COOKING SAUCES,PASTA SAUCE,Ultra-processed foods,2
Bertolli Rustic Cut Sweet Pepper With Mushroom,,,,COOKING SAUCES,PASTA SAUCE,Ultra-processed foods,0
Bertolli Olive Oil Basil Garlic,,,,COOKING OIL,COCONUT OIL,Processed Culinary Ingredients,0
De Cecco Alla Arrabbiata Sauce,5.6g,2.8g,,COOKING SAUCES,PASTA SAUCE,Ultra-processed foods,1
Bertolli Organic Tomatobasil,,,,COOKING SAUCES,PASTA SAUCE,Ultra-processed foods,0
Kenylon Tomato Paste,10.9g,0.21g,0.25g,TOMATO PASTE,TOMATO PASTE,Processed foods,1
Aryuva Tomato Paste Pouch,,,,TOMATO PASTE,TOMATO PASTE,Processed foods,0
Peptang Tomato Paste,,0.3g,0.63g,TOMATO PASTE,TOMATO PASTE,Processed foods,1
Heinz Tomato Paste,4g,,0.025g,TOMATO PASTE,TOMATO PASTE,Processed foods,0
Santa Maria Double Concentrated Tomato Paste,8g,,,TOMATO PASTE,TOMATO PASTE,Processed foods,1
Aryuva Double Concentrated Tomato Paste,1.18g,0.25g,,TOMATO PASTE,TOMATO PASTE,Processed foods,0
KENYLON TOMATO PASTE SACHETS,,,,TOMATO PASTE,TOMATO PASTE,Processed foods,0
Supercirio Tomato Puree Can,4g,,0.02g,TOMATO PASTE,TOMATO PASTE,Processed foods,0
Clovers Double Concentrated Tomato Paste,20g,3g,0.96g,TOMATO PASTE,TOMATO PASTE,Processed foods,2
Santa Maria Tomato Paste,10.41g,0.47g,0.098g,TOMATO PASTE,TOMATO PASTE,Processed foods,1
Carrefour Tomato Paste,13g,,0.82g,TOMATO PASTE,TOMATO PASTE,Processed foods,2
Miyata Bio Organic Miso Aka Paste,,5g,3.722g,COOKING SAUCES,MISO PASTE,Ultra-processed foods,1
Royale Garden Tomato Paste,0g,20g,,TOMATO PASTE,TOMATO PASTE,Processed foods,1
Wow Tomato Paste,10.9g,0.21g,0.25g,TOMATO PASTE,TOMATO PASTE,Processed foods,1
Kenzy Tomato Paste,,,,TOMATO PASTE,TOMATO PASTE,Processed foods,0
Carrefour Tomato Puree,5g,0g,,TOMATO PASTE,TOMATO PASTE,Processed foods,1
Sacla Intenso Tomato And Olive Pasta Sauce,2.7g,18.7g,,COOKING SAUCES,PASTA SAUCE,Ultra-processed foods,1
Clovers Tomato Paste,,,,TOMATO PASTE,TOMATO PASTE,Processed foods,0
KOL Tomato Sauce,2g,1g,,TABLE SAUCES,TOMATO SAUCE,Ultra-processed foods,0
Gilda Tomato Paste,10.9g,0.21g,0.00025g,TOMATO PASTE,TOMATO PASTE,Processed foods,1
Kol Tomato Paste,17g,,0.547g,TOMATO PASTE,TOMATO PASTE,Processed foods,2
FARAGELLO PURE SACHECT TOM PAST,27g,,,TOMATO PASTE,TOMATO PASTE,Processed foods,1
Tamtam Tomato Paste,,,0.53g,TOMATO PASTE,TOMATO PASTE,Processed foods,1
Clovers Tomato Paste In Tin,20g,3g,960g,TOMATO PASTE,TOMATO PASTE,Processed foods,2
Cirio Passata Rustica Crushed Tomatoes,4g,,0.02g,TOMATO PASTE,TOMATOES,Processed foods,0
FARAGELLO TOMATO PASTE,27g,,,TOMATO PASTE,TOMATO PASTE,Processed foods,1
Wadi Foods Tomato Paste,,,,TOMATO PASTE,TOMATO PASTE,Processed foods,0
Pureto Tomato Paste,22g,,,TOMATO PASTE,TOMATO PASTE,Processed foods,1
Sacla Oven Roasted Tomato Sauce,4.7g,16g,0g,COOKING SAUCES,TOMATO SAUCE,Processed foods,1
Kenzy Tomato Paste Cans,,,,TOMATO PASTE,TOMATO PASTE,Processed foods,0
HOSEN WHOLE PEELED TOMATOES,3g,,,VEGETABLES,TOMATOES,Unprocessed/Minimally processed foods,0
Chain Two Dark Soy Sauce,24.8g,0.1g,,TABLE SAUCES,SOY SAUCE,Processed foods,1
Zesta Dark Soy Sauce,,,,TABLE SAUCES,SOY SAUCE,Processed foods,0
Chain Kwo Superior Dark Soya Sauce,,,0.909g,TABLE SAUCES,SOY SAUCE,Processed foods,1
Aryuva Premium Light Soy Sauce,9g,0g,6.026g,TABLE SAUCES,SOY SAUCE,Processed foods,2
Chain Kwo Superior Light Soya Sauce,,,0.73g,TABLE SAUCES,SOY SAUCE,Processed foods,1
Chain Kwo Mushroom Dark Soya Sauce,,,1.28g,TABLE SAUCES,SOY SAUCE,Processed foods,1
Zesta Light Soy Sauce,,,,TABLE SAUCES,SOY SAUCE,Processed foods,0
Kikkoman Sushi Sashimi Soy,7.1g,,,TABLE SAUCES,SOY SAUCE,Processed foods,1
Royale Garden Premium Light Soy Sauce,1.2g,0g,,TABLE SAUCES,SOY SAUCE,Processed foods,0
Kikkoman Soy Sauce,1.9g,0g,0.971g,TABLE SAUCES,SOY SAUCE,Processed foods,1
Kikkoman Sachet Soy Sauce,3g,,,TABLE SAUCES,SOY SAUCE,Processed foods,0
Virginia Garden Dark Soy Sauce,22g,0g,7.8g,TABLE SAUCES,SOY SAUCE,Processed foods,2
Arpo Superior Light Soy Sauce,,,,TABLE SAUCES,SOY SAUCE,Processed foods,0
Santa Maria Superior Light Soya Sauce,,,,TABLE SAUCES,SOY SAUCE,Processed foods,0
Jade Bridge Superior Dark Soy Sauce,0.1g,0.1g,0.879g,TABLE SAUCES,SOY SAUCE,Processed foods,1
Chain Kwo Naturally Brewed Soya Sauce,,,0.719g,TABLE SAUCES,SOY SAUCE,Processed foods,1
Jade Bridge Super Light Soya Sauce,,,6.7g,TABLE SAUCES,SOY SAUCE,Processed foods,1
Arpo Superiorlight Soysauce,,,,TABLE SAUCES,SOY SAUCE,Processed foods,0
Royale Garden Superior Dark Soya Sauce,,,,TABLE SAUCES,SOY SAUCE,Processed foods,0
Chef King Superior Light Soya Sauce,,,6.477g,TABLE SAUCES,SOY SAUCE,Processed foods,1
ARYUVA PREMIUM DARK SOY SAUCE,22g,0g,7.8g,TABLE SAUCES,SOY SAUCE,Processed foods,2
Santa Maria Superior Dark Soy Sauce,3g,0g,0.022g,TABLE SAUCES,SOY SAUCE,Processed foods,0
Kikkoman Naturally Brewed Soy Sauce,1.9g,0g,0.971g,TABLE SAUCES,SOY SAUCE,Processed foods,1
Kikkoman Tamari Gluten Free Soy Sauce,0g,0g,,TABLE SAUCES,SOY SAUCE,Processed foods,0
CHAIN KWO SWEET CHILI SAUCE,0g,0g,0g,TABLE SAUCES,CHILLI/HOT SAUCE,Ultra-processed foods,0
Arpo Superior Dark Soysauce,,,,TABLE SAUCES,SOY SAUCE,Processed foods,0
Royale Whole Mushroom,,,0.28g,VEGETABLES,BROCCOLI,Unprocessed/Minimally processed foods,1
Royale G Premium Dark Soya Sa,,,,TABLE SAUCES,SOY SAUCE,Processed foods,0
Santa Maria S Light Soy Sauce1.9L,,,,TABLE SAUCES,SOY SAUCE,Processed foods,0
CIRIO PESTO SAUCE PREMIUM,1.9g,41g,,COOKING SAUCES,PESTO,Ultra-processed foods,1
Miyata Teriyaki Sauce,27g,0.5g,,COOKING SAUCES,TERIYAKI/MIRIN,Ultra-processed foods,1
Chain Kwo Pure Sesame Oil,,90.5g,,COOKING OIL,COCONUT OIL,Processed Culinary Ingredients,1
Chain Kwo Sweet And Sour Sauce,33g,0.3g,,COOKING SAUCES,STIR FRY/ASIAN SAUCE,Ultra-processed foods,1
Sharwood Korma Sauce,6g,5.9g,,COOKING SAUCES,CURRY SAUCE/PASTE,Ultra-processed foods,1
Chain Kwo Oyster Sauce,19.1g,,1.8g,COOKING SAUCES,OYSTER SAUCE,Ultra-processed foods,2
Carrefour Tomato Olive Cooking Sauce,5.7g,2.1g,,COOKING SAUCES,PASTA SAUCE,Ultra-processed foods,1
Zesta Gravy Browning,2.4g,0.4g,0g,COOKING SAUCES,GRAVY,Ultra-processed foods,0
Carrefour Mushroom Forest Tomato Cooking Sauce,4.5g,3.6g,0.43g,COOKING SAUCES,PASTA SAUCE,Ultra-processed foods,1
Sharwood Tikka Masala Sauce,6g,8g,,COOKING SAUCES,CURRY SAUCE/PASTE,Ultra-processed foods,2
Suree Fish Sauce,,,,COOKING SAUCES,FISH SAUCE,Ultra-processed foods,0
Suree Hoisin Sauce,49.7g,2.6g,0.007g,COOKING SAUCES,HOISIN SAUCE,Ultra-processed foods,1
Suree Sweet Soy Sauce,69g,0.5g,2.6g,TABLE SAUCES,SOY SAUCE,Processed foods,2
Carrefour Basil Tomato Cooking Sauce,5.5g,1.5g,,COOKING SAUCES,PASTA SAUCE,Ultra-processed foods,1
Carrefour Arabiata Pasta Sauce,5g,1g,,COOKING SAUCES,PASTA SAUCE,Ultra-processed foods,1
Royal Umbrella Oyster Sauce,,,,COOKING SAUCES,OYSTER SAUCE,Ultra-processed foods,0
Le Phare Du Cap Bon Harissa Red Chilli Hot Sauce Tunisie,4.5g,2.25g,,TABLE SAUCES,CHILLI/HOT SAUCE,Ultra-processed foods,0
Sharwood Sweet Chilli Red Pepper,,,,TABLE SAUCES,CHILLI/HOT SAUCE,Ultra-processed foods,0
Sharwood Jalfrezi Sauce,,,,COOKING SAUCES,CURRY SAUCE/PASTE,Ultra-processed foods,0
Sharwood Rogan Josh,,,,COOKING SAUCES,CURRY SAUCE/PASTE,Ultra-processed foods,0
Kaputei Basil Pesto Pasta Sauce,,,,COOKING SAUCES,PASTA SAUCE,Ultra-processed foods,0
Kaputei Rocket Pesto,,,,COOKING SAUCES,PESTO,Ultra-processed foods,0
Kaputei Coriander Pesto,,,,COOKING SAUCES,PESTO,Ultra-processed foods,0
PIETRO RED PESTO SAUCE,,,,COOKING SAUCES,PESTO,Ultra-processed foods,0
SACLA WILD ROCKET PESTO,,,,COOKING SAUCES,PESTO,Ultra-processed foods,0
Patak S Bhuna Sauce,,,,COOKING SAUCES,CURRY SAUCE/PASTE,Ultra-processed foods,0
SACLA CLASSIC BASIL PESTO,,,,COOKING SAUCES,PESTO,Ultra-processed foods,0
Sacla Italia Sun Dried Tomato Pesto,,,,COOKING SAUCES,PESTO,Ultra-processed foods,0
Pietro Coricelli Pesto Sauce,,,,COOKING SAUCES,PESTO,Ultra-processed foods,0
De Cecco Alla Genovese Pesto,,,,COOKING SAUCES,PASTA SAUCE,Ultra-processed foods,0
Patak S Brinjal Pickle,,,,TABLE SAUCES,PICKLE,Ultra-processed foods,0
Kaputei Pizza Sauce,4g,1g,,COOKING SAUCES,PASTA SAUCE,Ultra-processed foods,0
Ntamu Traditional Pizza Sauce,4g,1g,0g,COOKING SAUCES,PASTA SAUCE,Ultra-processed foods,0
Kaputei Hot Pizza Sauce,2g,1g,0.25g,COOKING SAUCES,PASTA SAUCE,Ultra-processed foods,0
Ragu Homemade Style Pizza Sauce,3g,1g,0.25g,COOKING SAUCES,PASTA SAUCE,Ultra-processed foods,0
Cirio Pizza Sauce,6.3g,2.3g,0.36g,COOKING SAUCES,PASTA SAUCE,Ultra-processed foods,2
Safir Pizza Sauce,,,,COOKING SAUCES,PASTA SAUCE,Ultra-processed foods,0
Stokes Real Brown Sauce,38g,,,TABLE SAUCES,BROWN/WORCESTERSHIRE SAUCE,Ultra-processed foods,1
Stokes Real Brown Sauce Squeezy,38g,,,TABLE SAUCES,BROWN/WORCESTERSHIRE SAUCE,Ultra-processed foods,1
Golden Fry Vegetable Cooking Oil,,100g,,COOKING OIL,VEGETABLE OIL,Processed Culinary Ingredients,1
Rina Vegetable Cooking Oil,,14g,,COOKING OIL,VEGETABLE OIL,Processed Culinary Ingredients,1
Fresh Fri Vegetable Oil,,,,COOKING OIL,VEGETABLE OIL,Processed Culinary Ingredients,0
Fresh Fri Vegetable Cooking Oil,,,,COOKING OIL,VEGETABLE OIL,Processed Culinary Ingredients,0
Avena Vegetable Oil,,97.54g,,COOKING OIL,VEGETABLE OIL,Processed Culinary Ingredients,1
Pika Pure Vegetable Oil,0g,14g,0g,COOKING OIL,VEGETABLE OIL,Processed Culinary Ingredients,1
Ufuta Pure Vegetable Cooking Oil,,14g,,COOKING OIL,VEGETABLE OIL,Processed Culinary Ingredients,1
Rina Vegetable Oil,,14g,,COOKING OIL,VEGETABLE OIL,Processed Culinary Ingredients,1
Carrefour M Vegetable Oil,,97g,15.5g,COOKING OIL,VEGETABLE OIL,Processed Culinary Ingredients,2
Pika Vegetable Oil,,14g,,COOKING OIL,VEGETABLE OIL,Processed Culinary Ingredients,1
Master Chef Premium Vegetable Cooking Oil,,,,COOKING OIL,VEGETABLE OIL,Processed Culinary Ingredients,0
Goldn Pure Soya Gold Soybean Oil,,100g,,COOKING OIL,VEGETABLE OIL,Processed Culinary Ingredients,1
Bahari Fry Vegetable Oil,,100g,,COOKING OIL,VEGETABLE OIL,Processed Culinary Ingredients,1
Dola Vegetable Cooking Oil,14g,,,COOKING OIL,VEGETABLE OIL,Processed Culinary Ingredients,1
Tilly Cooking Fat,,14g,,COOKING FAT,VEGETABLE FAT,Processed Culinary Ingredients,1
Terra Delyssa Extra Virgin Olive Oil,0g,91.2g,,COOKING OIL,VEGETABLE OIL,Processed Culinary Ingredients,1
Santa Maria Extra Virgin Olive Oil,,100g,,COOKING OIL,COCONUT OIL,Processed Culinary Ingredients,1
ALLEGRO EXTRA VIRGIN OLIVE OIL,,,,COOKING OIL,COCONUT OIL,Processed Culinary Ingredients,0
Borges Extra Virgin Olive Oil,,100g,,COOKING OIL,VEGETABLE OIL,Processed Culinary Ingredients,1
Pietro Coricelli Extra Virgin Olive Oil,,91.3g,,COOKING OIL,COCONUT OIL,Processed Culinary Ingredients,1
Olivia Extra Virgin Olive Oil,,100g,,COOKING OIL,VEGETABLE OIL,Processed Culinary Ingredients,1
Terra Delyssa Organic Extra Virgin Olive Oil,0g,100g,0.002g,COOKING OIL,VEGETABLE OIL,Processed Culinary Ingredients,1
Nuttishland Extra Virgin Macadamia Oil,,91g,,COOKING OIL,COCONUT OIL,Processed Culinary Ingredients,1
Bulla Regia Extra Virgin Olive Oil,,100g,,COOKING OIL,VEGETABLE OIL,Processed Culinary Ingredients,1
Elmerro Spain Extra Virgin Olive Oil,,,,COOKING OIL,VEGETABLE OIL,Processed Culinary Ingredients,0
Al Jazira Extra Virgin Olive Oil,,100g,,COOKING OIL,COCONUT OIL,Processed Culinary Ingredients,1
Elmerro Spain Virgin Olive Oil,,,,COOKING OIL,VEGETABLE OIL,Processed Culinary Ingredients,0
Raffel Salgado E V Olive Oil,,100g,0g,COOKING OIL,VEGETABLE OIL,Processed Culinary Ingredients,1
BULLA REGIA OLIVE OIL,,14g,,COOKING OIL,COCONUT OIL,Processed Culinary Ingredients,1
Rafael Salgado Extra Virgin Olive Oil,,100g,,COOKING OIL,VEGETABLE OIL,Processed Culinary Ingredients,1
Eva Olive Oil Pomace Spanish,,,,COOKING OIL,COCONUT OIL,Processed Culinary Ingredients,0
Santa Maria Evirgin Olive Oil,,100g,,COOKING OIL,VEGETABLE OIL,Processed Culinary Ingredients,1
Eva Olive Oil Virgin Turkish,,,,COOKING OIL,COCONUT OIL,Processed Culinary Ingredients,0
Elmerro Spain Virgin Olve Oil,,,,COOKING OIL,VEGETABLE OIL,Processed Culinary Ingredients,0
Brookside Superfine Ghee,,99.8g,,COOKING FAT,VEGETABLE FAT,Processed Culinary Ingredients,1
Tuzo Everfresh Pure Ghee,,99.92g,,COOKING FAT,VEGETABLE FAT,Processed Culinary Ingredients,1
Bidco Kimbo Cooking Vegetable Fat,,,,COOKING FAT,VEGETABLE FAT,Processed Culinary Ingredients,0
Bidco Chipsy Pure Yellow Vegetable Cooking Fat,,14g,,COOKING FAT,VEGETABLE FAT,Processed Culinary Ingredients,1
Tilly Pure White Cooking Fat,,14g,,COOKING FAT,VEGETABLE FAT,Processed Culinary Ingredients,1
Kasuku Pure White Cooking Fat,,,,COOKING FAT,VEGETABLE FAT,Processed Culinary Ingredients,0
Kasuku Fortified Edible Vegetable Cooking Fat,,12.7g,,COOKING FAT,VEGETABLE FAT,Processed Culinary Ingredients,1
Kentaste Coconut Oil,0g,14g,0g,COOKING OIL,COCONUT OIL,Processed Culinary Ingredients,1
Nuttishland Macadamia Vegetable Oil,0g,100g,0g,COOKING OIL,VEGETABLE OIL,Processed Culinary Ingredients,1
Pure Nature Sesame Oil,,,,COOKING OIL,COCONUT OIL,Processed Culinary Ingredients,0
Pure Nature Dark Roasted Sesame Oil,,,,COOKING OIL,COCONUT OIL,Processed Culinary Ingredients,0
Chef King Blended Sesame Oil,0g,91g,0g,COOKING OIL,COCONUT OIL,Processed Culinary Ingredients,1
Pure Mountain Canola Oil Chilli,0g,91g,0g,COOKING OIL,COCONUT OIL,Processed Culinary Ingredients,1
Soya Gold Soybean Oil,,60g,,COOKING OIL,VEGETABLE OIL,Processed Culinary Ingredients,1
Pure Mountain Canola Oil Herb,,91.2g,,COOKING OIL,COCONUT OIL,Processed Culinary Ingredients,1
Arpo Blended Sesame Oil,,,,COOKING OIL,COCONUT OIL,Processed Culinary Ingredients,0
Pure Nature Mild Roasted Sesame Oil,,,,COOKING OIL,COCONUT OIL,Processed Culinary Ingredients,0
Rinsun Sunflower Oil,,99.9g,,COOKING OIL,SUNFLOWER OIL,Processed Culinary Ingredients,1
Flora Frying Solution Cooking Oil,,13g,,COOKING OIL,VEGETABLE OIL,Processed Culinary Ingredients,1
Natural Health Cold Pressed Extra Virgin Pure Sunflower Oil,,,,COOKING OIL,SUNFLOWER OIL,Processed Culinary Ingredients,0
Rinsun 100 Sunflower Oil,,99.9g,,COOKING OIL,SUNFLOWER OIL,Processed Culinary Ingredients,1
Flora Sunflower Cooking Oil,,,,COOKING OIL,SUNFLOWER OIL,Processed Culinary Ingredients,0
Sun Days Refined Sunflower Oil,,99.99g,,COOKING OIL,SUNFLOWER OIL,Processed Culinary Ingredients,1
Naturals Cold Pressed Extra Virgin Sunflower Oil,,100g,,COOKING OIL,SUNFLOWER OIL,Processed Culinary Ingredients,1
Captain Cook Pure Corn Oil,,13g,,COOKING OIL,VEGETABLE OIL,Processed Culinary Ingredients,1
Elianto Corn Oil,,100g,,COOKING OIL,VEGETABLE OIL,Processed Culinary Ingredients,1
Kentaste Virgin Coconut Oil,,14g,,COOKING OIL,COCONUT OIL,Processed Culinary Ingredients,1
Sues Organic Raw Virgin Coconut Oil,,1g,,COOKING OIL,COCONUT OIL,Processed Culinary Ingredients,0
Naturalli Coconut Oil,0g,14g,,COOKING OIL,COCONUT OIL,Processed Culinary Ingredients,1
Parachute Coconut Oil,,100g,,COOKING OIL,COCONUT OIL,Processed Culinary Ingredients,1
Pure Mountain Pure Canola Oil,,100g,,COOKING OIL,COCONUT OIL,Processed Culinary Ingredients,1
PM Mega Fry Canola Oil,,,,COOKING OIL,COCONUT OIL,Processed Culinary Ingredients,0
Tuzo Ghee,0g,0g,,COOKING FAT,VEGETABLE FAT,Processed Culinary Ingredients,0
K C C Super Fine Ghee,,15g,,COOKING FAT,VEGETABLE FAT,Processed Culinary Ingredients,1
Pika Pure Yellow Vegetable Cooking Fat,,14g,,COOKING FAT,VEGETABLE FAT,Processed Culinary Ingredients,1
Miyata Panko Bread Crumbs,7g,18.8g,0.5368g,BAKING ADDITIVES,BAKING POWDER,Processed foods,3
Miyata Sushi Expert Panko Breadcrumbs,5.6g,1.4g,,BAKING ADDITIVES,BAKING POWDER,Processed foods,1
Japanese Maoxin Gold Stamped White Ginger Sour Sweet Sushi,3.5g,9.5g,0.2685g,HERBS AND SPICES,SPICES - GINGER,Unprocessed/Minimally processed foods,2
Qia Qia Original Salted Sunflower Seeds,,51.8g,,SALTED/SUGARED NUTS,SALTED CASHEW NUTS,Processed foods,1
LAOGANMA CHILI PASTE,1.2g,45.6g,0g,COOKING SAUCES,CHILLI PASTE,Processed foods,1
GREENLIFE SANDWICH SEA SEDGE,,5g,,VEGETABLES,SEAWEED,Unprocessed/Minimally processed foods,0
Haday Dark Soya Sauce,8g,,1.64g,TABLE SAUCES,SOY SAUCE,Processed foods,2
Tan Tan Xiang Hunan Chilli Pickle,0g,8g,5g,HERBS AND SPICES,SPICES - CHILLIES,Processed foods,2
Heng Shun Brown Rice Vinegar,9g,,0.024g,COOKING SAUCES,VINEGAR,Processed Culinary Ingredients,1
Qia Qia Roasted Sunflower Seeds,2.1g,51.8g,,SALTED/SUGARED NUTS,SALTED CASHEW NUTS,Processed foods,1
Laoganma Chicken Chilli Oil With Tofu Pickle,3.4g,59.3g,,COOKING SAUCES,CHILLI OIL,Ultra-processed foods,1
Lee Kum Kee Kum Chun Soy Sauce,0g,0g,1.21g,TABLE SAUCES,SOY SAUCE,Processed foods,1
Master Kang Hot Beef Noodle,,15g,0.718g,NOODLES,NOODLES,Ultra-processed foods,2
Beauideal Shanghai White Vinegar,,,,TABLE SAUCES,VINEGAR,Processed Culinary Ingredients,0
Wang Shou Yi Thirteen Mixed Spice,14.9g,8.4g,,HERBS AND SPICES,SPICES - MIXED SPICES,Unprocessed/Minimally processed foods,2
FENG QUI MAI FISH SAUCE,,,,COOKING SAUCES,FISH SAUCE,Ultra-processed foods,0
Wang Wang Sweet Rice Biscuit,,1g,0.027g,"COOKIES, BISCUITS AND WAFERS",BISCUITS,Ultra-processed foods,0
Qia Qia Caramel Sunflower Seeds,,4g,,SALTED/SUGARED NUTS,SALTED CASHEW NUTS,Processed foods,0
Sanwu Hotpot Soup Base,1g,80g,0g,SOUP FLAVOUR CUBES & MIXES,SOUP FLAVOUR MIXES,Ultra-processed foods,1
Ducks Fly Soaked Duck Feet,,,,POULTRY,CHICKEN,Unprocessed/Minimally processed foods,0
Qia Qia Sunflower Seeds,4.2g,50.2g,,SWEET AND SAVOURY SNACKS,BHUSU MIX,Unprocessed/Minimally processed foods,1
CHINESE CANNED FISH,0g,48.9g,,PROCESSED FISH,CANNED TUNA,Processed foods,1
CHEN KE MING DRIED SPAGHETTI,0g,1g,0.29g,PASTAS,PASTA - SPAGHETTI,Processed foods,1
Silly Brother Garlic Peanuts,1g,13g,0.12g,SALTED/SUGARED NUTS,SALTED PEANUTS,Processed foods,1
Master Kang Iced Pear Tea Drink,2.8g,,,FRUIT DRINKS/SWEETENED JUICES & BOTTLED TEAS,FRUIT DRINKS/SWEETENED JUICE,Ultra-processed foods,0
Totole Golden Bouillon Chicken Stock Cubes Granulated,,1g,,SOUP FLAVOUR CUBES & MIXES,SOUP FLAVOUR CHICKEN CUBES,Ultra-processed foods,0
Hengshun Balsamic Vinegar,8.2g,,0.215g,TABLE SAUCES,VINEGAR,Processed Culinary Ingredients,1
Xu Fu Ji Strawberry Roll Cookie,39.2g,27.5g,,"COOKIES, BISCUITS AND WAFERS",COOKIES,Ultra-processed foods,2
Wang Wang Milk Drink,13g,5.9g,,MILK DRINKS,FLAVOURED MILK,Ultra-processed foods,1
HADAY GARLIC PASTE,,0g,0.785g,HERBS AND SPICES,SPICES - GARLIC,Processed foods,1
Master Kang Green Tea,4.2g,0g,0g,TEA,GREEN TEA,Unprocessed/Minimally processed foods,0
Yeshu Coconut Milk Drink,18g,5g,0.033g,MILK DRINKS,FLAVOURED MILK,Ultra-processed foods,1
KUISHU RICE VERMICELLI,3g,1g,0.049g,PASTAS,OTHER PASTA SHAPES,Processed foods,0
Qiaqia Barbecue Crunchy Potato Crisps,3g,27g,0.307g,SWEET AND SAVOURY SNACKS,POTATO CRISPS,Ultra-processed foods,2
HAILONG SWEET POTATO NOODLES,,3g,,NOODLES,NOODLES,Processed foods,0
HADAY FISH SOY SAUCE,15.8g,0g,,TABLE SAUCES,SOY SAUCE,Processed foods,1
JIANGMEN RICE STICKS,0g,0.8g,0.02g,PASTAS,NOODLES,Processed foods,0
Xu Fu Ji Caramel Egg Sachima,16.4g,28.8g,0.28g,CANDY AND CONFECTIONERY,SWEETS/CANDY,Ultra-processed foods,3
Sha Er Ge Hot And Spicy Black Rice Crust,,46g,,SWEET AND SAVOURY SNACKS,BHUSU MIX,Ultra-processed foods,1
Quick Fried Chilli Green Peas,3g,12g,0.51g,"PULSES - PEAS, LENTILS, BEANS",FRIED PEAS,Processed foods,2
Fish Well Preserved Vegetable Pickled Mustard,1g,1g,0.7g,VEGETABLES,BROCCOLI,Processed foods,1
Lay s Stax Original Potato Chips,,8g,0.14g,SWEET AND SAVOURY SNACKS,POTATO CRISPS,Ultra-processed foods,1
LONG KOU GREEN BEAN VERMICELLI,,,,NOODLES,NOODLES,Processed foods,0
Wu Jiang Preserved Vegetable,0g,2g,1.02g,VEGETABLES,BROCCOLI,Processed foods,1
Hsufuchi Sachima Flour Cake With Egg,22.2g,28.8g,,CAKES,CAKES,Ultra-processed foods,2
Yin Lu Purple Sweet Potato And Purple Glutinous Rice Soup Mix,6.5g,2.5g,,SOUP FLAVOUR CUBES & MIXES,SOUP FLAVOUR MIXES,Ultra-processed foods,1
Yinlu Peanut Milk Protein Drink,6.5g,2.5g,,MILK DRINKS,FLAVOURED MILK,Ultra-processed foods,1
Chuangyi Original Dried Shredded Squid,10g,0g,0.54g,PROCESSED FISH,CANNED TUNA,Processed foods,2
SHA ER GE Hot And Spicy Rice Crust Chips,3g,8g,0.145g,SWEET AND SAVOURY SNACKS,BHUSU MIX,Ultra-processed foods,1
Liwei Cracker,,3g,,"COOKIES, BISCUITS AND WAFERS",BISCUITS,Ultra-processed foods,0
Qia Qia Hickory Nut Flavour Sunflower Seeds Snacks,2g,49g,0g,SALTED/SUGARED NUTS,SALTED CASHEW NUTS,Processed foods,1
Totole Tiaanwang Chicken Seasoning,0g,0g,0.32g,SOUP FLAVOUR CUBES & MIXES,SOUP FLAVOUR CHICKEN MIXES,Ultra-processed foods,1
Xinfa Sweet Potato Vermicelli Noodles,0g,0g,,NOODLES,NOODLES,Processed foods,0
Wangwang Chinese Rice Cracker Cookies,0g,21g,0.75g,"COOKIES, BISCUITS AND WAFERS",COOKIES,Ultra-processed foods,2
GUAI XI FU Pepper Chicken Feet,,8.1g,1.8g,POULTRY GIBLETS,CHICKEN GIBLETS,Processed foods,2
Master Kang Beef With Cabbage Pickled Instant Noodle,,41.3g,,NOODLES,NOODLES,Ultra-processed foods,1
Wang Lao Ji Herbal Tea Drink,5.59g,0.9g,,FRUIT DRINKS/SWEETENED JUICES & BOTTLED TEAS,FRUIT DRINKS/SWEETENED JUICE,Ultra-processed foods,1
Wang Wang Sweet Milk Creamy Chewy Candy,0g,10.8g,0.18g,CANDY AND CONFECTIONERY,SWEETS/CANDY,Ultra-processed foods,1
Chuang Yi Pai Spicy Dried Cuttlefish,0g,1g,0.455g,PROCESSED FISH,CANNED TUNA,Processed foods,1
BAILI BREAD CRUMBS,4.6g,4.6g,0.472g,BREADS,BROWN BREAD,Processed foods,1
Yinlu Barley And Red Bean Mixed Congee,3.2g,1.3g,,BREAKFAST CEREALS,OATMEAL/PORRIDGE,Ultra-processed foods,0
Master Kang Jasmine Tea,4.2g,0g,0g,TEA,GREEN TEA,Unprocessed/Minimally processed foods,0
Haday Soybean Sauce,11.9g,,,TABLE SAUCES,SOY SAUCE,Processed foods,1
Dong Po Sesame Oil,0g,100g,0g,COOKING OIL,COCONUT OIL,Processed Culinary Ingredients,1
Sharwood Sweet Sour Less Sug,,,,COOKING SAUCES,STIR FRY/ASIAN SAUCE,Ultra-processed foods,0
Mother S Recipe Tandoori Paste,,,,COOKING SAUCES,READY-TO-COOK MEAL SAUCE,Ultra-processed foods,0
Sharwood Tik Mas Less Fat,,,,COOKING SAUCES,CURRY SAUCE/PASTE,Ultra-processed foods,0
Amigos Suvadana Mouth Freshener,62g,5g,0.002g,CANDY AND CONFECTIONERY,SWEETS/CANDY,Ultra-processed foods,1
Shan White Urad Dal,2.2g,1.4g,0.17g,"PULSES - PEAS, LENTILS, BEANS",LENTILS,Unprocessed/Minimally processed foods,0
Sharwood Hoisin Marinade Sauce,,,,COOKING SAUCES,HOISIN SAUCE,Ultra-processed foods,0
Top Food Indian Chat Masala,1g,,0.6g,HERBS AND SPICES,SPICES - CHAT MASALA,Unprocessed/Minimally processed foods,1
Sharwood Hot Madras Sauce,,,,COOKING SAUCES,CHILLI/HOT SAUCE,Ultra-processed foods,0
Chandan Natkhat Imli,70.6g,6g,,CANDY AND CONFECTIONERY,SWEETS/CANDY,Ultra-processed foods,1
Shan Breakfast Nihari Mix,,1g,1.33g,SOUP FLAVOUR CUBES & MIXES,SOUP FLAVOUR MIXES,Ultra-processed foods,1
Chandan Natkhat Imli Pouch,,,,CANDY AND CONFECTIONERY,SWEETS/CANDY,Ultra-processed foods,0
Amigos Premium Suvadana Mouth Freshener,62g,5g,0.0694g,CANDY AND CONFECTIONERY,SWEETS/CANDY,Ultra-processed foods,1
Shan Split White Urad Dal,2.2g,1.4g,0.17g,"PULSES - PEAS, LENTILS, BEANS",LENTILS,Unprocessed/Minimally processed foods,0
Top Food Fajita Seasoning,27g,3.4g,,HERBS AND SPICES,SPICES - SEASONING BLEND,Unprocessed/Minimally processed foods,1
Shan Chicken Ginger Seasoning Mix,,1g,0.91g,HERBS AND SPICES,SPICES - GINGER,Unprocessed/Minimally processed foods,1
Ma Cuisine Tomato Chutney,27g,0.1g,0.52g,TABLE SAUCES,CHUTNEY,Ultra-processed foods,2
Ma Cuisine Mango Chutney,2.4g,1.2g,,TABLE SAUCES,CHUTNEY,Ultra-processed foods,0
Sharwood Green Label Mango Chutney,,,,TABLE SAUCES,CHUTNEY,Ultra-processed foods,0
Sharwood Green Label Spread Mango Chutney,,,,JAM/OTHER SPREADS,CHUTNEY,Ultra-processed foods,0
Sharwood Mild Curry Powder,,,,HERBS AND SPICES,SPICES - CURRY POWDER,Processed Culinary Ingredients,0
Chandan Pan Delight Pouch,,,,CANDY AND CONFECTIONERY,MUKHWAS/MOUTH FRESHENER,Ultra-processed foods,0
Chandan Pan Delight,70.6g,6g,,CANDY AND CONFECTIONERY,MUKHWAS/MOUTH FRESHENER,Ultra-processed foods,1
Haldiram s Soan Papdi,10g,5g,0.002g,CANDY AND CONFECTIONERY,SWEETS/CANDY,Ultra-processed foods,1
Chandan Mix,,,,CANDY AND CONFECTIONERY,MUKHWAS/MOUTH FRESHENER,Ultra-processed foods,0
Pataks Batli Curry Sauce,4g,3g,,COOKING SAUCES,CURRY SAUCE/PASTE,Ultra-processed foods,0
Chandan Fresh Mint,,,,HERBS AND SPICES,HERBS - MINT,Unprocessed/Minimally processed foods,0
Sharwood Medium Curry Powder,,,,HERBS AND SPICES,SPICES - CURRY POWDER,Processed Culinary Ingredients,0
Chandan Peruvati,,,,CANDY AND CONFECTIONERY,MUKHWAS/MOUTH FRESHENER,Ultra-processed foods,0
Sharwood Korma Less Fat,,,,COOKING SAUCES,CURRY SAUCE/PASTE,Ultra-processed foods,0
Chandan Kachi Kairi,70.6g,6g,,CANDY AND CONFECTIONERY,MUKHWAS/MOUTH FRESHENER,Ultra-processed foods,1
Chandan Fresh Mint Rose,,,,HERBS AND SPICES,HERBS - MINT,Unprocessed/Minimally processed foods,0
Pataks Pickle Mango Mixed,,,,TABLE SAUCES,PICKLE,Ultra-processed foods,0
Pataks Vindaloo Curry Sauce,3.7g,3.4g,0.282g,COOKING SAUCES,CURRY SAUCE/PASTE,Ultra-processed foods,1
Chandan Cocktail Thunder,,,,CANDY AND CONFECTIONERY,MUKHWAS/MOUTH FRESHENER,Ultra-processed foods,0
Haldiram s Orange Soan Papadi,46.06g,23.06g,0.008g,CANDY AND CONFECTIONERY,SWEETS/CANDY,Ultra-processed foods,2
Chandan Jamunvati,,,,CANDY AND CONFECTIONERY,MUKHWAS/MOUTH FRESHENER,Ultra-processed foods,0
Chandan Abajpati Goli,,,,CANDY AND CONFECTIONERY,SWEETS/CANDY,Ultra-processed foods,0
Chandan Kachi Kairi Pouch,,,,CANDY AND CONFECTIONERY,MUKHWAS/MOUTH FRESHENER,Ultra-processed foods,0
Pataks Jalfrezi Curry Sauce,4.9g,2.9g,,COOKING SAUCES,CURRY SAUCE/PASTE,Ultra-processed foods,1
Real Thai Red Curry Paste,1g,0.5g,0.69g,COOKING SAUCES,CURRY SAUCE/PASTE,Ultra-processed foods,1
Sandee Japanese Sushi Rice,,,,CEREAL GRAINS,WHITE RICE,Unprocessed/Minimally processed foods,0
Thai Dancer Green Curry Paste,,,,COOKING SAUCES,CURRY SAUCE/PASTE,Ultra-processed foods,0
Desiam Chilli Pineapple Thai Dipping Sauce,41.4g,0.4g,,TABLE SAUCES,DIPPING SAUCE,Ultra-processed foods,1
Thai Dancer Rice Stick 3Mm,,,,PASTAS,OTHER PASTA SHAPES,Processed foods,0
Miyata Wasabi Paste,,,,HERBS AND SPICES,SPICES - CHILLIES,Processed foods,0
Thai Dancer Tom Kha Curry Paste,,,,COOKING SAUCES,CURRY SAUCE/PASTE,Ultra-processed foods,0
Thai Yearra Coconut Milk Powder,,,,MILK POWDER,COCONUT POWDER,Processed foods,0
Jims Coffee Thai Cappuccino 8Oz,,,,COFFEE,COFFEE - SWEETENED WITH MILK,Ultra-processed foods,0
Sandee Thai Hommali Rice,,,,CEREAL GRAINS,WHITE RICE,Unprocessed/Minimally processed foods,0
Prung Coco N Dairy Milk Powder,,,,MILK POWDER,WHOLE MILK POWDER,Processed foods,0
Sandee Jasmine Rice,,,,CEREAL GRAINS,WHITE RICE,Unprocessed/Minimally processed foods,0
Suree Rice Stick 3mm,,0.1g,0.01g,PASTAS,OTHER PASTA SHAPES,Processed foods,0
Jims Coffee Thai Caramel 8Oz,,,,COFFEE,COFFEE - UNSWEETENED WITHOUT MILK,Processed foods,0
Jims Coffee Thai Mocha 8Oz,,,,COFFEE,COFFEE - UNSWEETENED WITHOUT MILK,Processed foods,0
THAI ERAWAN GLUTINUS RICE FLOUR,,,,CEREAL GRAINS,BROWN RICE,Unprocessed/Minimally processed foods,0
Jims Coffee Thai Arabica 8Oz,,,,COFFEE,COFFEE - UNSWEETENED WITHOUT MILK,Unprocessed/Minimally processed foods,0
Jims Coffee Thai Hazelnut 8Oz,,,,COFFEE,COFFEE - UNSWEETENED WITHOUT MILK,Processed foods,0
Sandee Pad Thai Rice Noodle,,,,NOODLES,NOODLES,Processed foods,0
Real Thai Rice Stick Noodles,0g,0.5g,0.02g,NOODLES,NOODLES,Processed foods,0
Suree Vermicelli Rice,,0.4g,0.002g,PASTAS,NOODLES,Processed foods,0
Desiam Thai Seasoning Oyster Sauce,28g,0.1g,,COOKING SAUCES,OYSTER SAUCE,Ultra-processed foods,1
Real Thai Rice Stick,0g,0g,0.01g,PASTAS,NOODLES,Processed foods,0
Suree Rice Stick 5mm,,0.1g,0.01g,PASTAS,NOODLES,Processed foods,0
Suree Rice Stick 1mm,,0.1g,0.01g,PASTAS,NOODLES,Processed foods,0
Desi Treat Peri Peri Soya Tikka,11g,1.5g,0.26g,SOYA CHUNKS/MINCE,SOYA CHUNKS,Processed foods,1
Suhana Turmeric Powder,,,,HERBS AND SPICES,SPICES - TURMERIC,Processed Culinary Ingredients,0
Suhana Ready To Cook Paneer Makhan,,,,COOKING SAUCES,READY-TO-COOK MEAL SAUCE,Ultra-processed foods,0
Suhana Paya Masala,,,,HERBS AND SPICES,SPICES - GARAM MASALA,Processed foods,0
Suhana Pav Bhaji Masala,,,,HERBS AND SPICES,SPICES - GARAM MASALA,Processed foods,0
Domee Egg Noodles Broad,,,,NOODLES,NOODLES,Processed foods,0
Suhana Aamchur Powder,,,,HERBS AND SPICES,SPICES - AAMCHUR/MANGO POWDER,Unprocessed/Minimally processed foods,0
Suhana Ready To Cook Shahi Biryani,,,,FAST FOODS,PRE-PREPARED RICE,Ultra-processed foods,0
Suhana Rtc Chicken Chilli,,,,PROCESSED POULTRY,PRE-PREPARED CHICKEN,Ultra-processed foods,0
Suhana Rtc Saag Paneer,,,,PROCESSED MEAT,BEEF BRAWN,Processed foods,0
Suhana Ready To Cook Mutter Methi Nong,,,,COOKING SAUCES,READY-TO-COOK MEAL SAUCE,Ultra-processed foods,0
Suhana Mild Madras Curry Powder,,,,HERBS AND SPICES,SPICES - CURRY POWDER,Processed foods,0
Suhana Ready To Cook Dum Aloo,,,,SOUP FLAVOUR CUBES & MIXES,SOUP FLAVOUR MIXES,Ultra-processed foods,0
Suhana Rtc Mutter Paneer Nong,,,,COOKING SAUCES,READY-TO-COOK MEAL SAUCE,Ultra-processed foods,0
Suhana Extra Hot Chili Powder,,,,HERBS AND SPICES,SPICES - CHILLIES,Processed Culinary Ingredients,0
Suhana Ready To Cook Lamb Curry,,,,COOKING SAUCES,READY-TO-COOK MEAL SAUCE,Ultra-processed foods,0
Suhana Paneer Butter Masala,,,,HERBS AND SPICES,SPICES - PANEER MASALA,Unprocessed/Minimally processed foods,0
Suhana Paneer Masala,,,,HERBS AND SPICES,SPICES - PANEER MASALA,Unprocessed/Minimally processed foods,0
Suhana Ready To Cook Manchurian,,,,COOKING SAUCES,READY-TO-COOK MEAL SAUCE,Ultra-processed foods,0
Suhana Hot Chili Powder,,,,HERBS AND SPICES,SPICES - CHILLIES,Processed Culinary Ingredients,0
Suhana Chhole Masala,,,,HERBS AND SPICES,SPICES - CHHOLE MASALA,Unprocessed/Minimally processed foods,0
Suhana Malai Kofta,,,,HERBS AND SPICES,SPICES - MALAI KOFTA MIX,Unprocessed/Minimally processed foods,0
Suhana Ready To Cook Mutoon Kolhapuri,,,,COOKING SAUCES,READY-TO-COOK MEAL SAUCE,Ultra-processed foods,0
Suhana Ready To Cook Fish Curry,,,,COOKING SAUCES,READY-TO-COOK MEAL SAUCE,Ultra-processed foods,0
Suhana Panipuri Masala,,,,HERBS AND SPICES,SPICES - GARAM MASALA,Processed foods,0
Suhana Seekh Kebab Masala,,,,HERBS AND SPICES,SPICES - GARAM MASALA,Processed foods,0
Desi Treat Sarso Da Saag,,,,VEGETABLES,BROCCOLI,Unprocessed/Minimally processed foods,0
Desi Treat Italian Soya Tikka,2g,1.5g,0.26g,SOYA CHUNKS/MINCE,SOYA CHUNKS,Processed foods,0
MARMITE ORIGINAL,,,,JAM/OTHER SPREADS,YEAST EXTRACT SPREAD,Ultra-processed foods,0
Old El Paso Sqzy Chunck Salsa,,,,TABLE SAUCES,SALSA/GUACAMOLE,Ultra-processed foods,0
Old El Paso Fajita Seasoning Mix,,,,HERBS AND SPICES,SPICES - SEASONING BLEND,Unprocessed/Minimally processed foods,0
Marmite Yeast Extract,,0.1g,,BAKING ADDITIVES,BAKING POWDER,Processed Culinary Ingredients,0
Old El Paso Fajita Tomato Pep Mx,,,,COOKING SAUCES,STIR FRY/ASIAN SAUCE,Ultra-processed foods,0
Luna Concentrated Evaporated Milk Karak,10.4g,8.1g,0.00006g,WHOLE MILK,FRESH MILK,Processed foods,2
Old El Paso Squeeze Guacamole,,,,TABLE SAUCES,SALSA/GUACAMOLE,Ultra-processed foods,0
Coffee Mate Vanila Caramel Sugar Free,,,,BAKING ADDITIVES,FOOD FLAVOUR ADDITIVES,Ultra-processed foods,0
Colmans Mustard Powder Dsf,6.9g,42g,,HERBS AND SPICES,SPICES - MUSTARD,Unprocessed/Minimally processed foods,2
Roland Sundried Tomatoes And Olive Oil,,,,DRIED FRUITS,RAISINS,Unprocessed/Minimally processed foods,0
Coffee Mate Caramel Machiato,,,,COFFEE,COFFEE - SWEETENED WITH MILK,Ultra-processed foods,0
Tropical Sun Allpurpose Seasoning,12g,3.1g,,HERBS AND SPICES,SPICES - ALL PURPOSE SEASONING,Unprocessed/Minimally processed foods,1
Roland White Crab Meat,,,,PROCESSED FISH,CANNED TUNA,Processed foods,0
Coffee Mate Sugarfree Hnut,,,,MILK POWDER,NON-DAIRY COFFEE CREAMER,Ultra-processed foods,0
Coffee Mate Sugar Free Choco,,,,MILK POWDER,NON-DAIRY COFFEE CREAMER,Ultra-processed foods,0
Dr Oetker Madagascar Vaillan Bean Paste,,,,FOOD FLAVOUR ADDITIVES,FOOD FLAVOUR ADDITIVES,Processed Culinary Ingredients,0
Tropical Sun Fish Seasoning,,4.4g,,HERBS AND SPICES,SPICES - SEASONING BLEND,Unprocessed/Minimally processed foods,0
Yeo S Sambal Oeleck Sauce,,,,TABLE SAUCES,OTHER CONDIMENT SAUCE,Ultra-processed foods,0
Dr Oetker Chocolatey Strands,90g,2.3g,,CANDY AND CONFECTIONERY,SWEETS/CANDY,Ultra-processed foods,1
Tropical Sun S Bbq Seasoning,,,,HERBS AND SPICES,SPICES - MEAT/BBQ RUB,Unprocessed/Minimally processed foods,0
Roland Premium English Mint Jelly,,,,JAM/OTHER SPREADS,JELLY (NON-FRUIT),Ultra-processed foods,0
Robertsons Golden Marmalade,,,,JAM/OTHER SPREADS,MARMALADE,Ultra-processed foods,0
Cypressa In Brine Black Pitted Olives,,,,VEGETABLES,BROCCOLI,Unprocessed/Minimally processed foods,0
Atkins Potts Sea Food Sauce Lemon Dill,3.6g,69g,,TABLE SAUCES,OTHER CONDIMENT SAUCE,Ultra-processed foods,1
Indomie Beef Instant Noodles,,,,NOODLES,NOODLES,Ultra-processed foods,0
Indomie Supa Mojo Instant Noodles,,,,NOODLES,NOODLES,Ultra-processed foods,0
JIN RAMEN MILD NOODLES,3.3g,12.5g,1.57g,NOODLES,NOODLES,Ultra-processed foods,2
Chain Kwo Quick Cooking Noodles,0g,0g,0g,NOODLES,NOODLES,Ultra-processed foods,0
MIYATA Udon Noodles,1.7g,1.1g,,NOODLES,NOODLES,Processed foods,0
Miyata Somen Noodles,0g,1g,0g,NOODLES,NOODLES,Processed foods,0
Kelloggs Noodles Chicken,1g,13g,1.661g,NOODLES,NOODLES,Ultra-processed foods,2
Kelloggs Noodles Beef,,,,NOODLES,NOODLES,Ultra-processed foods,0
Kelloggs Bon Appetit Korean 2X Spicy Chicken Noodles,2.8g,21.7g,0.712g,NOODLES,NOODLES,Ultra-processed foods,2
Kelloggs Jumbo Beef Noodles,0g,15g,1.521g,NOODLES,NOODLES,Ultra-processed foods,2
Kelloggs Noodles Vegetables,1.8g,18g,,NOODLES,NOODLES,Ultra-processed foods,1
Miyata Soba Buck Wheat Noodle,0g,1g,0g,NOODLES,NOODLES,Processed foods,0
Pran Beef Easy Instant Noodles,1.1g,16.9g,,NOODLES,NOODLES,Ultra-processed foods,1
Kelloggs Jumbo Sausage Noodles,1.8g,18g,,NOODLES,NOODLES,Ultra-processed foods,1
Pran Easy Chicken Instant Noodles,2g,17.2g,,NOODLES,NOODLES,Ultra-processed foods,1
Kelloggs Noodles Oriental Sausage,2.3g,18g,,NOODLES,NOODLES,Ultra-processed foods,1
Kelloggs Jumbo Vegetable Noodles,,12g,,NOODLES,NOODLES,Ultra-processed foods,1
Ayam Thai Yellow Curry Sauce,,,,COOKING SAUCES,CURRY SAUCE/PASTE,Ultra-processed foods,0
Festive Tortilla Wraps,3.2g,6.6g,,BREADS,BROWN BREAD,Processed foods,0
"Festive Tortilla Wrap 8""""",3.2g,6.6g,,BREADS,BROWN BREAD,Processed foods,0
Old El Paso Crunchy Taco Shells,,,,SWEET AND SAVOURY SNACKS,BHUSU MIX,Ultra-processed foods,0
Gran Luchito Tomatillo Salsa,,,,COOKING SAUCES,STIR FRY/ASIAN SAUCE,Ultra-processed foods,0
Brad S Pinto Beans No Salt,,,,"PULSES - PEAS, LENTILS, BEANS",PINTO BEANS,Unprocessed/Minimally processed foods,0
Carrefour Exotique Salsa Sauce,,,,COOKING SAUCES,STIR FRY/ASIAN SAUCE,Ultra-processed foods,0
Gran Luchito Chipotle Salsa,,,,TABLE SAUCES,SALSA/GUACAMOLE,Ultra-processed foods,0
Brad S Pinto Beans,,,,"PULSES - PEAS, LENTILS, BEANS",PINTO BEANS,Unprocessed/Minimally processed foods,0
Brad S Cannellini Beans,,,,"PULSES - PEAS, LENTILS, BEANS",CANNELLINI BEANS,Unprocessed/Minimally processed foods,0
Brad S Kidney Beans,,,,"PULSES - PEAS, LENTILS, BEANS",KIDNEY BEANS,Unprocessed/Minimally processed foods,0
Brad S Garbanzo Beans No Salt,,,,"PULSES - PEAS, LENTILS, BEANS",LENTILS,Processed foods,0
Brad S Hearts Palm Spears,,,,VEGETABLES,BROCCOLI,Unprocessed/Minimally processed foods,0
Brad S Salad Beans,,,,"PULSES - PEAS, LENTILS, BEANS",CANNED BEANS (READY),Processed foods,0
Gran Luchito Mango Habaner Salsa,,,,TABLE SAUCES,SALSA/GUACAMOLE,Ultra-processed foods,0
Brad S Chili Beans,,,,"PULSES - PEAS, LENTILS, BEANS",CANNED BEANS (READY),Processed foods,0
Roland Hearts Of Palm,,,,VEGETABLES,BROCCOLI,Unprocessed/Minimally processed foods,0
Brad S Hearts Palm Slices Cans,,,,VEGETABLES,BROCCOLI,Unprocessed/Minimally processed foods,0
Brad S Cannellini Beans No Salt,,,,"PULSES - PEAS, LENTILS, BEANS",CANNELLINI BEANS,Unprocessed/Minimally processed foods,0
Swizzles Giant Parma Violets,94.5g,3.4g,,CANDY AND CONFECTIONERY,SWEETS/CANDY,Ultra-processed foods,1
ROSE CANDY CRUSHER,,,,CANDY AND CONFECTIONERY,SWEETS/CANDY,Ultra-processed foods,0
Kandy Kandy Mixed Fruit Dummy,,,,CANDY AND CONFECTIONERY,SWEETS/CANDY,Ultra-processed foods,0
Rose Ice Cream Twist And Dip Lollipop,88g,0g,,CANDY AND CONFECTIONERY,SWEETS/CANDY,Ultra-processed foods,1
Candy Castle Crew Rose Unicorn Twist N Dip Strawberry Lollipop,,,,CANDY AND CONFECTIONERY,SWEETS/CANDY,Ultra-processed foods,0
Bazooka Xtreme Juicy Drop Candy,,,,CANDY AND CONFECTIONERY,SWEETS/CANDY,Ultra-processed foods,0
Juicy Drop Pop Raspberry Cola,,,,CANDY AND CONFECTIONERY,SWEETS/CANDY,Ultra-processed foods,0
Rose Nutcracker Classic Candy Canes,93g,0g,,CANDY AND CONFECTIONERY,SWEETS/CANDY,Ultra-processed foods,1
CRAZY C F MINI GUM BALL MACHINE,,,,CANDY AND CONFECTIONERY,CHEWING GUMS,Ultra-processed foods,0
Bip 3D Dino And Friend Strawberry Lollipop,68.5g,0g,,CANDY AND CONFECTIONERY,SWEETS/CANDY,Ultra-processed foods,1
Crazy Candy Factory Unicorn Light Pop Lollipop,88g,0g,,CANDY AND CONFECTIONERY,SWEETS/CANDY,Ultra-processed foods,1
Crazy Candy Factory Machine Mini Jelly Bean,65g,0g,,CANDY AND CONFECTIONERY,SWEETS/CANDY,Ultra-processed foods,1
Crazy Candy Factory Submarine Dip And Lick Candy,80g,0g,,CANDY AND CONFECTIONERY,SWEETS/CANDY,Ultra-processed foods,1
NESTLE CINNAMON BREAKFAST BAR,,,,"COOKIES, BISCUITS AND WAFERS",BISCUITS,Ultra-processed foods,0
Sante Crunchy Banana And Chocolate Coating Muesli Bar,28g,14g,,SWEET AND SAVOURY SNACKS,BHUSU MIX,Ultra-processed foods,2
Sante Crunchy Nuts And Almonds Muesli Bar,18g,24g,,SWEET AND SAVOURY SNACKS,BHUSU MIX,Ultra-processed foods,2
Nestle Nesquick Cereal Bars,,,,SWEET AND SAVOURY SNACKS,BHUSU MIX,Ultra-processed foods,0
Carrefour Apricot Cereal Bar,24g,5.8g,,SWEET AND SAVOURY SNACKS,BHUSU MIX,Ultra-processed foods,1
Sante Crunchy Nut And Almond With Chocolate Muesli Bar,5.1g,,,SWEET AND SAVOURY SNACKS,BHUSU MIX,Ultra-processed foods,1
Sante Crunchy Cranberry And Raspberry With Vanilla Coating Muesli Bar,2.6g,,,SWEET AND SAVOURY SNACKS,BHUSU MIX,Ultra-processed foods,0
Sante Crunchy Plum And Vanilla Coating Muesli Bar,34g,13g,,SWEET AND SAVOURY SNACKS,BHUSU MIX,Ultra-processed foods,2
Kellogg s Cereal Milk Rice Krispies,,,,BREAKFAST CEREALS,RICE FLAKE CEREALS,Ultra-processed foods,0
Jimcy Roasted Pistachios,7.64g,44.44g,0.001g,SALTED/SUGARED NUTS,SALTED CASHEW NUTS,Unprocessed/Minimally processed foods,2
Naturalli Pistachios Roasted Salted,8g,46g,0.405g,SALTED/SUGARED NUTS,SALTED CASHEW NUTS,Processed foods,3
Zesta Strawberry Jam,,0.1g,,JAM/OTHER SPREADS,FRUIT JAM,Ultra-processed foods,0
Carrefour Strawberry Jam Sugar Free,,,,JAM/OTHER SPREADS,FRUIT JAM,Ultra-processed foods,0
HELIOS SUGARED STRAWBERRY PRESE,42.7g,0g,,JAM/OTHER SPREADS,FRUIT JAM,Ultra-processed foods,1
Natures Tastes Strawberry Jam,72.12g,0.08g,,JAM/OTHER SPREADS,FRUIT JAM,Ultra-processed foods,1
St Dalfour France Strawberry Jam,48g,0.5g,0.011g,JAM/OTHER SPREADS,FRUIT JAM,Ultra-processed foods,1
Carrefour Strawberry Jam,,,,JAM/OTHER SPREADS,FRUIT JAM,Ultra-processed foods,0
Ma Cuisine Just Strawberry Jam,59g,0g,,JAM/OTHER SPREADS,FRUIT JAM,Ultra-processed foods,1
Kaputei Strawberry Jam,62.4g,0g,0.015g,JAM/OTHER SPREADS,FRUIT JAM,Ultra-processed foods,1
Vitrac Strawberry Jam,9g,0g,0g,JAM/OTHER SPREADS,FRUIT JAM,Ultra-processed foods,1
Kenylon Strawberry Jam,59g,,,JAM/OTHER SPREADS,FRUIT JAM,Ultra-processed foods,1
KOL Strawberry Jam,58g,,,JAM/OTHER SPREADS,FRUIT JAM,Ultra-processed foods,1
Carrefour Sour Cherry Jam,50.7g,0.1g,,JAM/OTHER SPREADS,FRUIT JAM,Ultra-processed foods,1
Peptang Strawberry Jam,72g,,,JAM/OTHER SPREADS,FRUIT JAM,Ultra-processed foods,1
HERO STRAWBERRY JAM,48g,0.2g,0.007g,JAM/OTHER SPREADS,FRUIT JAM,Ultra-processed foods,1
Pran Bisk Club Glucose Biscuit,24.8g,12.9g,,"COOKIES, BISCUITS AND WAFERS",BISCUITS,Ultra-processed foods,2
Britannia Good Day Choco Chip Cookies,30g,21g,,"COOKIES, BISCUITS AND WAFERS",COOKIES,Ultra-processed foods,2
Britannia Cashew Biscuits,,,,"COOKIES, BISCUITS AND WAFERS",BISCUITS,Ultra-processed foods,0
NuVita Sponge Cake Chocolate,6.64g,30g,,CAKES,CAKES,Ultra-processed foods,2
NuVita Chocolate Coated With Vanilla Cream Sponge Cake,29g,15g,,CAKES,CAKES,Ultra-processed foods,2
Nestle Cerevita Honey Breakfast Cereals Flakes,,7g,0.098g,BREAKFAST CEREALS,BREAKFAST CEREAL FLAKES,Ultra-processed foods,0
Pran Bisk Club Orange Cream Biscuits,33g,18g,0g,"COOKIES, BISCUITS AND WAFERS",BISCUITS,Ultra-processed foods,2
Pran Bisk Club Strawberry Cream Biscuits,8g,4g,0.061g,"COOKIES, BISCUITS AND WAFERS",BISCUITS,Ultra-processed foods,1
Pran Bisk Club Coconut Biscuit,31g,21.2g,0.353g,"COOKIES, BISCUITS AND WAFERS",BISCUITS,Ultra-processed foods,3
Lu Prince Chocolate Biscuit,34.4g,25.6g,0.136g,"COOKIES, BISCUITS AND WAFERS",BISCUITS,Ultra-processed foods,2
Biscolata Mood Chocolate Cream Filled Cookies,36.5g,29.2g,,"COOKIES, BISCUITS AND WAFERS",COOKIES,Ultra-processed foods,2
Britannia Bourbon Chocolate And Cream Biscuit,10g,5g,0.04g,"COOKIES, BISCUITS AND WAFERS",BISCUITS,Ultra-processed foods,1
Biscolata Mood Night Bitter Dark Chocolate Cookies,32.2g,25g,,"COOKIES, BISCUITS AND WAFERS",COOKIES,Ultra-processed foods,2
Toffee Crisp Biscuit,,,,"COOKIES, BISCUITS AND WAFERS",BISCUITS,Ultra-processed foods,0
Jimcy Raw Almonds,,,,FRUITS,APPLES,Unprocessed/Minimally processed foods,0
Nutcracker Whole Almonds California,4.4g,50g,0.001g,DRIED FRUITS,RAISINS,Unprocessed/Minimally processed foods,1
Naturalli Whole Almonds,4.9g,49g,0.001g,FRUITS,APPLES,Unprocessed/Minimally processed foods,2
Cadbury Moro Nc Cholate Bar,,,,CHOCOLATE,CHOCOLATE BAR,Ultra-processed foods,0
Cadbury Dairy Milk Chocolate,,,,CHOCOLATE,CHOCOLATE BAR,Ultra-processed foods,0
Cadbury Dairy Milk Hazelnut,,,,CHOCOLATE,CHOCOLATE BAR,Ultra-processed foods,0
Cadbury Dairy Milk Fruit Nut,,,,CHOCOLATE,CHOCOLATE BAR,Ultra-processed foods,0
Nestle Kitkat 4 Finger Milk And Cocoa Plan Chocolate Bar 41.,51g,24.4g,,CHOCOLATE,CHOCOLATE BAR,Ultra-processed foods,2
Cadbury Dream White Chocolate,59.5g,32g,0.128g,CHOCOLATE,CHOCOLATE BAR,Ultra-processed foods,2
Galaxy Smooth Milk Chocolate,54g,32g,,CHOCOLATE,CHOCOLATE BAR,Ultra-processed foods,2
Carrefour Selection 72 Cocoa Beans Dark Chocolate Bar,36g,35g,,CHOCOLATE,CHOCOLATE BAR,Ultra-processed foods,2
Blue Riband,,,,"COOKIES, BISCUITS AND WAFERS",WAFERS,Ultra-processed foods,0
Milka Alpine Milk Chocolate,,,,CHOCOLATE,CHOCOLATE BAR,Ultra-processed foods,0
Milka Bubbly Milk White,,,,CHOCOLATE,CHOCOLATE BAR,Ultra-processed foods,0
Milka Extra Cocoa Chocolate,,,,CHOCOLATE,CHOCOLATE BAR,Ultra-processed foods,0
Milkybar Block,,,,CHOCOLATE,CHOCOLATE BAR,Ultra-processed foods,0
Milka Oreo Bar Chocolate,,,,CHOCOLATE,CHOCOLATE BAR,Ultra-processed foods,0
Carrefour Bio Peru,15g,55g,,COFFEE,COFFEE - UNSWEETENED WITHOUT MILK,Unprocessed/Minimally processed foods,2
Carrefour Bio Dark Orange,41g,36g,0.008g,CHOCOLATE,CHOCOLATE,Ultra-processed foods,2
Carrefour Bio Organic 74 Cocoa Dark Chocolate Bar,27g,42g,,CHOCOLATE,CHOCOLATE BAR,Ultra-processed foods,2
Carrefour Extra Fine Tablet Tasting Milk Chocolate Bar,48g,37g,,CHOCOLATE,CHOCOLATE BAR,Ultra-processed foods,2
Ritter Sport Dark Whole Almonds,15g,39g,,CHOCOLATE,CHOCOLATE BAR,Ultra-processed foods,2
Jacobsen Scenes Of Europe Butter Biscuit,,1g,0g,"COOKIES, BISCUITS AND WAFERS",BISCUITS,Ultra-processed foods,0
Cachet Caramel And Sea Salt Chocolate,59g,29g,,CHOCOLATE,CHOCOLATE BAR,Ultra-processed foods,2
Cachet Sea Salt 70 Cocoa Extra Dark Chocolate Bar,6g,11g,0.04g,CHOCOLATE,CHOCOLATE BAR,Ultra-processed foods,2
Cachet Extra Dark 85 Chocolate,11g,50g,0g,CHOCOLATE,CHOCOLATE BAR,Ultra-processed foods,2
Cachet Extra Dark Peru 64,35g,39g,0g,CHOCOLATE,CHOCOLATE BAR,Ultra-processed foods,2
Cachet Dark 57 Pearalmond Tub,35g,35g,0g,CHOCOLATE,CHOCOLATE,Ultra-processed foods,2
Cachet Orange And Almonds Cocoa Dark Chocolate,39g,34g,,CHOCOLATE,CHOCOLATE BAR,Ultra-processed foods,2
Cachet Uganda 80 Extra Dark Chocolate,19g,48g,,CHOCOLATE,CHOCOLATE BAR,Ultra-processed foods,2
Cachet Tanzania 72 Cocoa Extra Dark Chocolate Bar,25g,45g,,CHOCOLATE,CHOCOLATE BAR,Ultra-processed foods,2
Guylian Cocoa Raspberry Dark Chocolate Bar,23.1g,39.8g,0.008g,CHOCOLATE,CHOCOLATE BAR,Ultra-processed foods,2
GUYLIAN MILK CHOCO SCARAMEL BAR,51g,32g,,CHOCOLATE,CHOCOLATE BAR,Ultra-processed foods,2
Cachet Extremely 90 Cocoa Dark Chocolate Bar,7.9g,54g,0g,CHOCOLATE,CHOCOLATE BAR,Ultra-processed foods,2
Guylian Caramel Almond Milk Chocolate Bar,47.6g,34.1g,0.094g,CHOCOLATE,CHOCOLATE BAR,Ultra-processed foods,2
Cachet Costa Rica 71 Extra Dark Chocolate,28.2g,41g,,CHOCOLATE,CHOCOLATE BAR,Ultra-processed foods,2
Cadbury Diam Mini Egg Bar,,,,CHOCOLATE,CHOCOLATE BAR,Ultra-processed foods,0
Green Black s Milk Chocolate Bar,,,,CHOCOLATE,CHOCOLATE BAR,Ultra-processed foods,0
Green Black s Dark Choco Ginger,,,,CHOCOLATE,CHOCOLATE BAR,Ultra-processed foods,0
Green Black s Dark,,,,CHOCOLATE,CHOCOLATE BAR,Ultra-processed foods,0
Green Black s Milk Choco Butterscotch,,,,CHOCOLATE,CHOCOLATE BAR,Ultra-processed foods,0
Carrefour Bio Dark Almond,40g,36g,,CHOCOLATE,CHOCOLATE,Ultra-processed foods,2
Lindt Excellence Mint Intense Dark Chocolate,49g,32g,,CHOCOLATE,CHOCOLATE BAR,Ultra-processed foods,2
Cadbury Dairymilk Black Forest,,,,CHOCOLATE,CHOCOLATE BAR,Ultra-processed foods,0
Cadbury Dairy Milk Chocolate Bar,,,,CHOCOLATE,CHOCOLATE BAR,Ultra-processed foods,0
Cadbury Dairymilk Roast Almond,,,,CHOCOLATE,CHOCOLATE BAR,Ultra-processed foods,0
Guylian Sea Horse Chocolate,,,,CHOCOLATE,CHOCOLATE,Ultra-processed foods,0
Cadbury Dairy Milk Mini Egg,,,,CHOCOLATE,CHOCOLATE,Ultra-processed foods,0
Lindt Les Grandes 32 Whole Almond White Chocolate Bar,39g,42g,,CHOCOLATE,CHOCOLATE BAR,Ultra-processed foods,2
Maltesers Small,53g,25g,,CANDY AND CONFECTIONERY,SWEETS/CANDY,Ultra-processed foods,2
Lindt Les Grandes Hazelnut Dark Chocolate Bar,39g,40g,,CHOCOLATE,CHOCOLATE BAR,Ultra-processed foods,2
Tony S Chocolonely Nougat Chocolate,,,,CHOCOLATE,CHOCOLATE BAR,Ultra-processed foods,0
Tony S Chocolonely Milk Chocolate,,,,CHOCOLATE,CHOCOLATE BAR,Ultra-processed foods,0
Dubai Kunafa Hazelnut Chocolate,,,,CANDY AND CONFECTIONERY,CHOCOLATE,Ultra-processed foods,0
Guylian Sea Horses Caramel Chocolate,,,,CHOCOLATE,CHOCOLATE,Ultra-processed foods,0
The Belgian Raspberry Delight Chocolate,13g,9g,0.01g,CHOCOLATE,CHOCOLATE,Ultra-processed foods,2
The Belgian Seashells Dark Chocolate,13g,14g,0.002g,CHOCOLATE,CHOCOLATE,Ultra-processed foods,2
Naturalli Sesame Seeds,0.3g,50g,0.011g,HERBS AND SPICES,SPICES - SESAME SEEDS,Unprocessed/Minimally processed foods,1
Naturalli Sunflower Seeds,2.6g,51g,0.009g,SWEET AND SAVOURY SNACKS,BHUSU MIX,Unprocessed/Minimally processed foods,1
TONG GARDEN WASABI GREEN PEAS,,,,SWEET AND SAVOURY SNACKS,FRIED PEAS,Processed foods,0
Tong Garden Sflower Seed C C,,,,SALTED/SUGARED NUTS,SALTED CASHEW NUTS,Processed foods,0
Nutcracker Sesame Seeds,0g,48g,,HERBS AND SPICES,SPICES - SESAME SEEDS,Unprocessed/Minimally processed foods,1
Nutrameal Kalonji,,,,HERBS AND SPICES,SPICES - KALONJI/BLACK SEEDS,Unprocessed/Minimally processed foods,0
Nutcracker Pumpkin Seeds,,19g,0.018g,SWEET AND SAVOURY SNACKS,BHUSU MIX,Unprocessed/Minimally processed foods,1
Java House Crispy Crunchy Granola Cereal,22g,26g,,BREAKFAST CEREALS,GRANOLA,Ultra-processed foods,2
Java House Tropical Crunch Granola Cereal,29g,14.7g,0.294g,BREAKFAST CEREALS,GRANOLA,Ultra-processed foods,3
Sante Fruit Granola,19g,15g,0g,BREAKFAST CEREALS,GRANOLA,Ultra-processed foods,2
Healthy Kajuju Tropical Fruit Granola,9g,6g,0.04g,BREAKFAST CEREALS,GRANOLA,Ultra-processed foods,1
Jordans Super Fruity Granola,,,,BREAKFAST CEREALS,GRANOLA,Ultra-processed foods,0
Lizi Original Granola Nuts And Seed,,,,BREAKFAST CEREALS,GRANOLA,Ultra-processed foods,0
Jordans Super Nutty Granola,,,,BREAKFAST CEREALS,GRANOLA,Ultra-processed foods,0
Sante Nut Cereal Flakes Granola With Nut,19g,19g,,BREAKFAST CEREALS,GRANOLA,Ultra-processed foods,2
Jordans Super Berry Granola,,,,BREAKFAST CEREALS,GRANOLA,Ultra-processed foods,0
Lizi Organic Nuts Seeds Granola,,,,BREAKFAST CEREALS,GRANOLA,Ultra-processed foods,0
BlueBand Low Fat Spread for Bread,0g,20g,0.985g,MARGARINE,MARGARINE,Ultra-processed foods,2
Prestige Vanilla Margarine,,147.92g,1.962g,MARGARINE,MARGARINE,Ultra-processed foods,2
Onja Margarine,,,,MARGARINE,MARGARINE,Ultra-processed foods,0
BlueBand Original Spread,,50g,0.885g,MARGARINE,MARGARINE,Ultra-processed foods,2
BlueBand Choco Spread,35g,35g,0.2g,CHOCOLATE SPREADS,CHOCOLATE SPREADS,Ultra-processed foods,2
Prestige Original Margarine,0.5g,60g,0.63g,MARGARINE,MARGARINE,Ultra-processed foods,2
Nutella Ferrero Go Hazelnut Spread And Malted Bread Sticks,23g,13g,0.12g,CHOCOLATE SPREADS,CHOCOLATE SPREADS,Ultra-processed foods,2
Naturalli Unsalted Almond Butter,2g,17g,0g,JAM/OTHER SPREADS,NUT BUTTER,Ultra-processed foods,1
Naturalli Salted Almond Butter,2g,17g,0g,JAM/OTHER SPREADS,NUT BUTTER,Ultra-processed foods,1
LOTUS BISCOFF SPREAD CRUNCHY,,,,JAM/OTHER SPREADS,COOKIE BUTTER SPREAD,Ultra-processed foods,0
Amigos Gathia Nuts,1.5g,28.5g,,SWEET AND SAVOURY SNACKS,GANTHIA SNACKS,Ultra-processed foods,1
Nutfields Dry Roasted And Salted Mixed Nuts,4.6g,49g,0.3311g,SALTED/SUGARED NUTS,SALTED MIXED NUTS,Processed foods,2
Amigos Nuts Chevda,15g,28.62g,0.78g,SWEET AND SAVOURY SNACKS,CHEVDA/BOMBAY MIX,Ultra-processed foods,3
Tropical Heat Chevda Original,6.9g,32.3g,0.88g,SWEET AND SAVOURY SNACKS,CHEVDA/BOMBAY MIX,Ultra-processed foods,3
Tropical Heat Chevda Chilli Lemon,7.6g,30.7g,0.86g,SWEET AND SAVOURY SNACKS,CHEVDA/BOMBAY MIX,Ultra-processed foods,3
Depy s Nuts Chevda,15g,28.62g,0.78g,SWEET AND SAVOURY SNACKS,CHEVDA/BOMBAY MIX,Ultra-processed foods,3
Tropical Heat Exotic Snacks,2g,11g,0.12g,SWEET AND SAVOURY SNACKS,BHUSU MIX,Ultra-processed foods,1
Depy s Sugar Free Nuts Chevda,,28.62g,0.78g,SWEET AND SAVOURY SNACKS,CHEVDA/BOMBAY MIX,Ultra-processed foods,2
Honeycomb Fruit Nut Chevda,,,,SWEET AND SAVOURY SNACKS,CHEVDA/BOMBAY MIX,Ultra-processed foods,0
Nutcraker Granola Snack Mix,21g,4.5g,0g,SWEET AND SAVOURY SNACKS,BHUSU MIX,Ultra-processed foods,1
Out of Africa Honey Coated Mixed Nuts,20g,47g,0.388g,SALTED/SUGARED NUTS,SALTED MIXED NUTS,Processed foods,3
Out of Africa Mixed Nuts,4g,52g,0.321g,SALTED/SUGARED NUTS,SALTED MIXED NUTS,Unprocessed/Minimally processed foods,2
Nutcracker Safari Snack Mix,13.04g,3.67g,0g,SWEET AND SAVOURY SNACKS,BHUSU MIX,Ultra-processed foods,1
Honeycomb Fruit Nut Chevda F,,,,SWEET AND SAVOURY SNACKS,CHEVDA/BOMBAY MIX,Ultra-processed foods,0
Nutfields Mixed Nuts,4g,52g,0.321g,SALTED/SUGARED NUTS,SALTED MIXED NUTS,Unprocessed/Minimally processed foods,2
Nuttishland Mixed Nuts,,58.4g,,SALTED/SUGARED NUTS,SALTED MIXED NUTS,Unprocessed/Minimally processed foods,1
C R Wots Tikha Gathia,2g,9g,0.36g,SWEET AND SAVOURY SNACKS,GANTHIYA,Ultra-processed foods,2
Tropical Heat Chevda Masala,6.9g,32.3g,0.88g,SWEET AND SAVOURY SNACKS,CHEVDA/BOMBAY MIX,Ultra-processed foods,3
Tropical Heat Chevda Hot,7.2g,34.4g,0.9g,SWEET AND SAVOURY SNACKS,CHEVDA/BOMBAY MIX,Ultra-processed foods,3
Nutcracker Periperi Flavour Mixed Nuts,6.26g,65.33g,120.1g,SALTED/SUGARED NUTS,SALTED MIXED NUTS,Processed foods,3
Amigos Indian Nuts Chevda,15g,28.62g,0.78g,SWEET AND SAVOURY SNACKS,CHEVDA/BOMBAY MIX,Ultra-processed foods,3
Nutcracker Salt Black Pepper Mixed Nut,4.64g,66.57g,44.24g,SALTED/SUGARED NUTS,SALTED MIXED NUTS,Processed foods,2
Nutcracker Smokey Bbq Flavour Mixed Nut,8.22g,65.18g,4.07g,SALTED/SUGARED NUTS,SALTED MIXED NUTS,Processed foods,3
Naturalli Moringa Powder,0g,0.2g,0g,HERBS AND SPICES,SPICES - MORINGA,Unprocessed/Minimally processed foods,0
Tong Garden All Natural Cocktail Snack,11g,8g,,SWEET AND SAVOURY SNACKS,BHUSU MIX,Ultra-processed foods,2
Chestnut,,,,FRUITS,APPLES,Unprocessed/Minimally processed foods,0
Sweet Tamarind,0g,0g,0g,DRIED FRUITS,RAISINS,Unprocessed/Minimally processed foods,0
Jimcy Skinned Peanuts,,,,SALTED/SUGARED NUTS,SALTED PEANUTS,Processed foods,0
Jimcy Roasted Peanuts,,,,SALTED/SUGARED NUTS,SALTED PEANUTS,Processed foods,0
Jimcy Masala Peanuts,,,,SALTED/SUGARED NUTS,SALTED PEANUTS,Processed foods,0
Kudos Fried Peanuts,4.1g,50g,0.26g,SALTED/SUGARED NUTS,SALTED PEANUTS,Processed foods,1
Best Salted Peanuts,,,,SALTED/SUGARED NUTS,SALTED PEANUTS,Processed foods,0
Amigos Fried Peanuts,,,,SALTED/SUGARED NUTS,SALTED PEANUTS,Processed foods,0
Amigos Masala Peanuts,,,,SALTED/SUGARED NUTS,SALTED PEANUTS,Processed foods,0
Amigos Roasted Peanuts,,,,SALTED/SUGARED NUTS,SALTED PEANUTS,Processed foods,0
Amigos Peanut Chikki Nuts,,,,SALTED/SUGARED NUTS,SALTED PEANUTS,Processed foods,0
Amigos Simsim Nuts Chikki,66.23g,23.5g,,CANDY AND CONFECTIONERY,SESAME/SIMSIM BAR,Processed foods,2
Beecare Naturals Roasted and Salted Peeled Peanuts,,,,SALTED/SUGARED NUTS,SALTED PEANUTS,Processed foods,0
Jimcy Fried Peanuts,,,,SALTED/SUGARED NUTS,SALTED PEANUTS,Processed foods,0
Depy s Fried Peanuts,4g,49g,0.018g,SALTED/SUGARED NUTS,SALTED PEANUTS,Processed foods,1
Tropical Heat Snacks TropNuts Fried Peanuts,,19.6g,1.7g,SALTED/SUGARED NUTS,SALTED PEANUTS,Processed foods,2
Tropical Heat Snacks TropNuts Masala Bhajia Peanuts,,,,SALTED/SUGARED NUTS,SALTED PEANUTS,Processed foods,0
Tropical Heat Snacks TropNuts Chilli Lemon Peanuts,,49.3g,0.9g,SALTED/SUGARED NUTS,SALTED PEANUTS,Processed foods,2
Sesia Roasted Peanuts,5.1g,47g,0.8g,SALTED/SUGARED NUTS,SALTED PEANUTS,Processed foods,3
KUDOS ROASTED PEANUTS,,,,SALTED/SUGARED NUTS,SALTED PEANUTS,Processed foods,0
Sesia Fried Peanuts,0g,12.3g,0.208g,SALTED/SUGARED NUTS,SALTED PEANUTS,Processed foods,1
Green Forest Roasted And Salted Peeled Peanuts,2g,49g,0.459g,SALTED/SUGARED NUTS,SALTED PEANUTS,Processed foods,2
Green Forest Roasted And Salted Unpeeled Peanuts,1g,15g,,SALTED/SUGARED NUTS,SALTED PEANUTS,Processed foods,1
Sesia Peeled Peanuts,,,,SALTED/SUGARED NUTS,SALTED PEANUTS,Processed foods,0
Green Forest Unpeeled Peanuts,1g,14g,0.005g,"PULSES - PEAS, LENTILS, BEANS",RAW PEANUTS,Unprocessed/Minimally processed foods,1
Green Forest Salted Peeled Peanuts,2g,49g,0.459g,SALTED/SUGARED NUTS,SALTED PEANUTS,Processed foods,2
Floydeez Salted Caramel Peanuts,,,,SALTED/SUGARED NUTS,SALTED PEANUTS,Processed foods,0
Gonuts skinned roasted peanuts,,49.66g,,SALTED/SUGARED NUTS,SALTED PEANUTS,Processed foods,1
Floydeez Honey Chilli Peanuts,,,,SALTED/SUGARED NUTS,SALTED PEANUTS,Processed foods,0
Nuttishland Dry Rosted And Salted Peanuts,4g,49g,0.018g,SALTED/SUGARED NUTS,SALTED PEANUTS,Processed foods,1
Green Forest Unpeeled Roasted And Salted Peanuts,4.1g,50g,0.26g,SALTED/SUGARED NUTS,SALTED PEANUTS,Processed foods,1
Nutfields Dry Roasted And Salted Peanuts,4.5g,51g,0.32g,SALTED/SUGARED NUTS,SALTED PEANUTS,Processed foods,2
Tropical Heat Snacks TropNuts Roasted Salted Peanuts,,49.3g,1.7g,SALTED/SUGARED NUTS,SALTED PEANUTS,Processed foods,2
Tropical Heat Snacks TropNuts Roasted Peanuts,,46.6g,0g,SALTED/SUGARED NUTS,SALTED PEANUTS,Processed foods,1
Beecare Naturals Roasted and Salted Peeled Peanut Cp,,,,SALTED/SUGARED NUTS,SALTED PEANUTS,Processed foods,0
Out Of Africa Macadamia Roast Salt,21.9g,65.6g,0.313g,SALTED/SUGARED NUTS,SALTED MACADAMIA NUTS,Processed foods,3
Happy39S Golden Masala Peanuts,,51.91g,0.425g,SALTED/SUGARED NUTS,SALTED PEANUTS,Processed foods,2
Maltesers Bunny Popcorn New,,,,SWEET AND SAVOURY SNACKS,POPCORN,Ultra-processed foods,0
M M S Crispy Bunny New,,,,CANDY AND CONFECTIONERY,SWEETS/CANDY,Ultra-processed foods,0
Cadbury Single Creme Egg,26.5g,6.1g,,CANDY AND CONFECTIONERY,SWEETS/CANDY,Ultra-processed foods,1
Cadbury White Crßme Egg Single,,,,CANDY AND CONFECTIONERY,CHOCOLATE,Ultra-processed foods,0
Jakemans Throat Chest Soothing Menthol Lozenges,77.1g,0.5g,,CANDY AND CONFECTIONERY,SWEETS/CANDY,Ultra-processed foods,1
Jakemans Blueberry Soothing Menthol Lozenges,73.8g,0.5g,,CANDY AND CONFECTIONERY,SWEETS/CANDY,Ultra-processed foods,1
Jakemans Peppermint Soothing Menthol Lozenges,80.4g,0.8g,,CANDY AND CONFECTIONERY,SWEETS/CANDY,Ultra-processed foods,1
Jakemans Honey And Lemon Soothing Menthol Lozenges,77.1g,0.4g,,CANDY AND CONFECTIONERY,SWEETS/CANDY,Ultra-processed foods,1
Jakemans Blackcurrant Soothing Menthol Lozenges,73.8g,0.5g,,CANDY AND CONFECTIONERY,SWEETS/CANDY,Ultra-processed foods,1
Jakemans Cherry Soothing Menthol Lozenges,73.8g,0.5g,,CANDY AND CONFECTIONERY,SWEETS/CANDY,Ultra-processed foods,1
AERO ORANGE FESTIVE BLOCK,,,,CHOCOLATE,CHOCOLATE BAR,Ultra-processed foods,0
Bonds Mint Candy Canes,80g,0g,,CANDY AND CONFECTIONERY,SWEETS/CANDY,Ultra-processed foods,1
Chocodate Milk Chocolate Dates With Almonds,37.3g,10.4g,0.02g,CANDY AND CONFECTIONERY,CHOCOLATE,Ultra-processed foods,2
Jacobsens Bakery Classic Santa Cookies,23g,23g,,"COOKIES, BISCUITS AND WAFERS",COOKIES,Ultra-processed foods,2
Socado Cara Salato Chocolate,,,,CHOCOLATE,CHOCOLATE,Ultra-processed foods,0
Maltesers Mini Bunnies C Strip,,,,CANDY AND CONFECTIONERY,CHOCOLATE,Ultra-processed foods,0
Terry S Mini Eggs Tablet,,,,CHOCOLATE,CHOCOLATE BAR,Ultra-processed foods,0
Galaxy Hazelnut Creamy T Mini Eggs,,,,CANDY AND CONFECTIONERY,SWEETS/CANDY,Ultra-processed foods,0
Jacobsenes Original Butter And Choco Chip Cookies,29g,21.1g,0.444g,"COOKIES, BISCUITS AND WAFERS",COOKIES,Ultra-processed foods,3
Terry S Chocolate Mint Milk,,,,MILK DRINKS,FLAVOURED MILK,Ultra-processed foods,0
Socado Mandorla 75 Cocoa Dark Chocolate,31g,53g,,CHOCOLATE,CHOCOLATE BAR,Ultra-processed foods,2
After Eight Shapes Chocolate,,,,CHOCOLATE,CHOCOLATE,Ultra-processed foods,0
Bolci Christmas Selection,,,,CHOCOLATE,CHOCOLATE,Ultra-processed foods,0
Lindt Surfin Gold,,,,CHOCOLATE,CHOCOLATE,Ultra-processed foods,0
Lindt Gold Bunny White,,,,CHOCOLATE,CHOCOLATE,Ultra-processed foods,0
Lindt Block Go Milch,,,,CHOCOLATE,CHOCOLATE BAR,Ultra-processed foods,0
Lindt Block Gold Nuss,,,,CHOCOLATE,CHOCOLATE BAR,Ultra-processed foods,0
After Eight Mint Chocolate,,,,CHOCOLATE,CHOCOLATE,Ultra-processed foods,0
ALL TIME HONEY IN BLK SEED OIL,,,,HONEY,HONEY,Unprocessed/Minimally processed foods,0
All Time Honey Black Seed Oil Squeeze,,,,COOKING OIL,COCONUT OIL,Processed Culinary Ingredients,0
Tropical Gold Crown Honey,,,,HONEY,HONEY,Unprocessed/Minimally processed foods,0
Mr Berry s Mambo Banana Bubble Gum,2g,,,CANDY AND CONFECTIONERY,CHEWING GUMS,Ultra-processed foods,0
Mr Berry s Mambo Strawberry Bubble Gum,,,,CANDY AND CONFECTIONERY,CHEWING GUMS,Ultra-processed foods,0
Jiu Jiuwang Crazy Rollz Fruit Bubble Gum,,0g,,CANDY AND CONFECTIONERY,CHEWING GUMS,Ultra-processed foods,0
Casa Del Dolce Panna Fragola Bubble Gum,13g,0g,0.123g,CANDY AND CONFECTIONERY,CHEWING GUMS,Ultra-processed foods,1
Mr Berry Xplode Strawberry Bubble Gum,0g,0g,,CANDY AND CONFECTIONERY,CHEWING GUMS,Ultra-processed foods,0
Clown Candy Kenya Mint Plus Candy,7g,1g,0.004g,CANDY AND CONFECTIONERY,SWEETS/CANDY,Ultra-processed foods,1
Clown Candy Kenya Fruit Yoghurt Toffee,8g,,0.18g,CANDY AND CONFECTIONERY,SWEETS/CANDY,Ultra-processed foods,1
Polo Spearmint Tube,,,,CANDY AND CONFECTIONERY,SWEETS/CANDY,Ultra-processed foods,0
STARBURST 3PACK ORIGINAL,,,,CANDY AND CONFECTIONERY,SWEETS/CANDY,Ultra-processed foods,0
Candy Kenya Africa Mint,9.7g,1.2g,0g,CANDY AND CONFECTIONERY,SWEETS/CANDY,Ultra-processed foods,1
CKL Kenya Mint Twist Candy,12g,1.1g,0g,CANDY AND CONFECTIONERY,SWEETS/CANDY,Ultra-processed foods,1
Candy Kenya Tropical Fruit Candy,43.5g,2.1g,,CANDY AND CONFECTIONERY,SWEETS/CANDY,Ultra-processed foods,1
Haribo Roulette Candy,10g,,,CANDY AND CONFECTIONERY,SWEETS/CANDY,Ultra-processed foods,1
Candy Kenya Butter Candy Milk Smkt,3g,0.2g,,CANDY AND CONFECTIONERY,SWEETS/CANDY,Ultra-processed foods,0
Mentos Grape Roll Candy,,,,CANDY AND CONFECTIONERY,SWEETS/CANDY,Ultra-processed foods,0
Skittles Coated Crazy Sours Candy,87g,4g,,CANDY AND CONFECTIONERY,SWEETS/CANDY,Ultra-processed foods,1
Confini Granny Smith Green Apple Candy,,,,CANDY AND CONFECTIONERY,SWEETS/CANDY,Ultra-processed foods,0
Confini Strawberry Belts Licorice Candy,17g,,,CANDY AND CONFECTIONERY,SWEETS/CANDY,Ultra-processed foods,1
Clown Candy Kenya Fruit Twist Candy,95.96g,1.55g,0.17279g,CANDY AND CONFECTIONERY,SWEETS/CANDY,Ultra-processed foods,1
Confini Old Skool Cola Fizz Candy,,,,CANDY AND CONFECTIONERY,SWEETS/CANDY,Ultra-processed foods,0
Haribo Happy Cola Halal Candy,52g,0.5g,,CANDY AND CONFECTIONERY,SWEETS/CANDY,Ultra-processed foods,1
Docile Canudinho Tutti Frutti Candy,0g,0g,,CANDY AND CONFECTIONERY,SWEETS/CANDY,Ultra-processed foods,0
HARIBO GOLDBEARS HALAL,,,,CANDY AND CONFECTIONERY,SWEETS/CANDY,Ultra-processed foods,0
Haribo Halal Worms Gummy Candy,14.4g,,0.006g,CANDY AND CONFECTIONERY,SWEETS/CANDY,Ultra-processed foods,1
Haribo Happy Cherries Candy,46g,0.5g,,CANDY AND CONFECTIONERY,SWEETS/CANDY,Ultra-processed foods,1
HARIBO PEACHES,63g,0.5g,0g,CANDY AND CONFECTIONERY,SWEETS/CANDY,Ultra-processed foods,1
Foxs Crystal Clear Fruits Candy,4g,0g,0g,CANDY AND CONFECTIONERY,SWEETS/CANDY,Ultra-processed foods,0
FOXS CANDY BAG BERRIES,75g,0g,0.1g,CANDY AND CONFECTIONERY,SWEETS/CANDY,Ultra-processed foods,1
Tamarin Candy Bag,,0g,0.003g,CANDY AND CONFECTIONERY,SWEETS/CANDY,Ultra-processed foods,0
HARIBO CHAMALLOWS,21g,0g,0.003g,CANDY AND CONFECTIONERY,MARSHMALLOWS,Ultra-processed foods,1
Rowntrees Fruit Pastille Tb Vn,,,,CANDY AND CONFECTIONERY,SWEETS/CANDY,Ultra-processed foods,0
HARIBO GOLDBEAR,46g,,0g,CANDY AND CONFECTIONERY,SWEETS/CANDY,Ultra-processed foods,1
Vidal Mega Sweet Mix Bag,,,,CANDY AND CONFECTIONERY,SWEETS/CANDY,Ultra-processed foods,0
Wrigley s Skittles Squishy Cloudz Fruits Candy,,,,CANDY AND CONFECTIONERY,SWEETS/CANDY,Ultra-processed foods,0
Wrigley S Skittles Fruits Chew,71g,,,CANDY AND CONFECTIONERY,SWEETS/CANDY,Ultra-processed foods,1
Wrigley S Skittles Square Clouds Sours,,,,CANDY AND CONFECTIONERY,SWEETS/CANDY,Ultra-processed foods,0
Rowntrees Jelly Tots Tropical Pouch,,,,CANDY AND CONFECTIONERY,SWEETS/CANDY,Ultra-processed foods,0
Skittles Coated Fruits Candy,89.8g,4.2g,,CANDY AND CONFECTIONERY,SWEETS/CANDY,Ultra-processed foods,1
Rowntrees Fruit Gums,,,,CANDY AND CONFECTIONERY,SWEETS/CANDY,Ultra-processed foods,0
Candy Ke Spop Mango Xxl,,,,CANDY AND CONFECTIONERY,SWEETS/CANDY,Ultra-processed foods,0
DE Bron Less Calories Bears Jelly,0g,0.2g,,CANDY AND CONFECTIONERY,SWEETS/CANDY,Ultra-processed foods,0
DEBRON CANDY FRUIT TOFFEE S FREE,0.5g,10g,,CANDY AND CONFECTIONERY,SWEETS/CANDY,Ultra-processed foods,1
DEBRON CANDY SWT LICORICE S FRE,0.3g,0.2g,,CANDY AND CONFECTIONERY,SWEETS/CANDY,Ultra-processed foods,0
De Bron Sugar Free Caribbean Mix Candy,0.2g,10g,,CANDY AND CONFECTIONERY,SWEETS/CANDY,Ultra-processed foods,1
Haribo Squidgy Strawberry Candy,44g,0.5g,,CANDY AND CONFECTIONERY,SWEETS/CANDY,Ultra-processed foods,1
Rowntrees Fruit Pastiles Tb Vanilla Mp,,,,CANDY AND CONFECTIONERY,SWEETS/CANDY,Ultra-processed foods,0
Carrefour Tutti Frutti Sour Candy,,,,CANDY AND CONFECTIONERY,SWEETS/CANDY,Ultra-processed foods,0
Stokes Redcurrant Jelly,60g,0.3g,,JAM/OTHER SPREADS,JELLY (NON-FRUIT),Ultra-processed foods,1
Haribo Eggs Galore 10Mini Bags,,,,CANDY AND CONFECTIONERY,SWEETS/CANDY,Ultra-processed foods,0
Kudos Numbers And Letters Cornbites Puffs,12g,1.2g,0.345g,SWEET AND SAVOURY SNACKS,CORN PUFFS,Ultra-processed foods,2
Wow Vanilla Corn Puff,28g,15.9g,0.72g,SWEET AND SAVOURY SNACKS,CORN PUFFS,Ultra-processed foods,3
Tropical Heat Snacks Safari Puffs Tomato,,31.8g,1.7g,SWEET AND SAVOURY SNACKS,CORN PUFFS,Ultra-processed foods,2
Tropical Heat Snacks Safari Puffs Cheese,,31.8g,1.7g,SWEET AND SAVOURY SNACKS,CORN PUFFS,Ultra-processed foods,2
Nuvita Barbeque Baked Corn Puffs,11g,2g,0.891g,SWEET AND SAVOURY SNACKS,CORN PUFFS,Ultra-processed foods,2
Nuvita Cheese Corn Puffs,2.76g,35.76g,1.05g,SWEET AND SAVOURY SNACKS,CORN PUFFS,Ultra-processed foods,2
Wow Sugared Snacks,13g,17g,0.49g,SWEET AND SAVOURY SNACKS,BHUSU MIX,Ultra-processed foods,3
Wow Salted Snacks,2.6g,35.5g,0.51g,SWEET AND SAVOURY SNACKS,BHUSU MIX,Ultra-processed foods,2
Kudos Numbers And Letters Cornbites,,5g,,SWEET AND SAVOURY SNACKS,CORN PUFFS,Ultra-processed foods,0
Wow Corn Puff Vanilla,28g,15.9g,0.72g,SWEET AND SAVOURY SNACKS,CORN PUFFS,Ultra-processed foods,3
Krackles Tingly Cheeseonion,,10g,0.14g,"COOKIES, BISCUITS AND WAFERS",BISCUITS,Ultra-processed foods,1
Krackles Zingy Saltvinegar,,10g,0.24g,"COOKIES, BISCUITS AND WAFERS",BISCUITS,Ultra-processed foods,1
Krackles Bang Bang Chilli,2.6g,33.2g,0.859g,SWEET AND SAVOURY SNACKS,BHUSU MIX,Ultra-processed foods,2
Pringles Texas Bbq Sauce Potato Chips,3.9g,29g,,SWEET AND SAVOURY SNACKS,POTATO CRISPS,Ultra-processed foods,1
Pringles Hot And Spicy Potato Chips,3g,32g,,SWEET AND SAVOURY SNACKS,POTATO CRISPS,Ultra-processed foods,1
Pringles Original Perfect Potato Crisp Chips,1.2g,31g,0.44g,SWEET AND SAVOURY SNACKS,POTATO CRISPS,Ultra-processed foods,2
Pringles Sour Cream And Onion Potato Crisp Chips,2.5g,32g,,SWEET AND SAVOURY SNACKS,POTATO CRISPS,Ultra-processed foods,1
Wow Sugared Snacks Puffs,13g,17g,0.49g,SWEET AND SAVOURY SNACKS,CORN PUFFS,Ultra-processed foods,3
Kripsii Snack Tomato Ketchup,,,,TABLE SAUCES,TOMATO KETCHUP,Ultra-processed foods,0
Kripsii Snack Salted,,,,SWEET AND SAVOURY SNACKS,BHUSU MIX,Ultra-processed foods,0
Pringles Sour Cream And Onion Chips,,33g,,SWEET AND SAVOURY SNACKS,POTATO CRISPS,Ultra-processed foods,1
Pringles Ketchup Potato Chips,3.5g,31g,,SWEET AND SAVOURY SNACKS,POTATO CRISPS,Ultra-processed foods,1
Pringles Hot And Spicy Potato Crisps,3.9g,26.3g,0.709g,SWEET AND SAVOURY SNACKS,POTATO CRISPS,Ultra-processed foods,2
Pringles Salt And Vinegar Crisps,6.3g,34g,0.678g,SWEET AND SAVOURY SNACKS,POTATO CRISPS,Ultra-processed foods,3
Pringles Original Flavour Crisps,4.5g,12g,0.045g,SWEET AND SAVOURY SNACKS,POTATO CRISPS,Ultra-processed foods,1
Kracks Cream And Onion Sour Snack,13g,17g,0.49g,SWEET AND SAVOURY SNACKS,POTATO CRISPS,Ultra-processed foods,3
Carrefour Potato Crisps Salted,,,,SWEET AND SAVOURY SNACKS,POTATO CRISPS,Ultra-processed foods,0
Kracks Hot And Spicy Chips,3.9g,26.3g,0.709g,SWEET AND SAVOURY SNACKS,POTATO CRISPS,Ultra-processed foods,2
Kracks BBQ Potato Chips,1g,34g,,SWEET AND SAVOURY SNACKS,POTATO CRISPS,Ultra-processed foods,1
Bokomo Muesli African Baked Granola,19g,11.9g,0.496g,BREAKFAST CEREALS,GRANOLA,Ultra-processed foods,3
Bokomo Nature s Source Muesli Crispy Crunch Crocante Baked Granola,7g,3g,0.082g,BREAKFAST CEREALS,GRANOLA,Ultra-processed foods,1
Bokomo Nature s Source Muesli Tropical Cluster Granola,23.8g,16g,0.143g,BREAKFAST CEREALS,GRANOLA,Ultra-processed foods,2
Naturalli Cranberry Crunch Muesli Cereal,9g,12g,,BREAKFAST CEREALS,MUESLI,Ultra-processed foods,2
Naturalli Strawberry Muesli Cereal,5g,15g,0.008g,BREAKFAST CEREALS,MUESLI,Ultra-processed foods,2
Sante Tropical Muesli,15g,2.7g,0g,BREAKFAST CEREALS,MUESLI,Ultra-processed foods,1
Naturalli Super Swiss Muesli Cereal,23g,5g,0.11g,BREAKFAST CEREALS,MUESLI,Ultra-processed foods,1
Jordans Nutural Muesli Fruit Nut,,,,BREAKFAST CEREALS,MUESLI,Ultra-processed foods,0
Sante Fruit Muesli,,,,BREAKFAST CEREALS,MUESLI,Ultra-processed foods,0
Morning Harvest Strawberry Muesli,14.51g,4.28g,,BREAKFAST CEREALS,MUESLI,Ultra-processed foods,1
Jordans Organic Oat Porridge,1g,7.2g,,BREAKFAST CEREALS,OATMEAL/PORRIDGE,Ultra-processed foods,0
Jordans County Crisp Superberry,,,,BREAKFAST CEREALS,GRANOLA,Ultra-processed foods,0
Jordans County Crisp Oat Raspberry,,,,BREAKFAST CEREALS,OATS,Ultra-processed foods,0
Sante Traditional Muesli,12g,5.6g,0g,BREAKFAST CEREALS,MUESLI,Ultra-processed foods,1
Jordans County Crisp Oats Raisin,,,,BREAKFAST CEREALS,OATS,Processed foods,0
Jordans County Crisp Oat Dark Choco,,,,BREAKFAST CEREALS,OATS,Ultra-processed foods,0
Rico Mini Cheese Ring Snacks,,,,SWEET AND SAVOURY SNACKS,CORN RINGS,Ultra-processed foods,0
Rico BBQ Ring Snack,,,,SWEET AND SAVOURY SNACKS,CORN RINGS,Ultra-processed foods,0
Rico Cheese Ball Snacks,,,,SWEET AND SAVOURY SNACKS,CORN PUFFS,Ultra-processed foods,0
Happys Golden Spicy Twist Potato Chips,,19.5g,0.7g,SWEET AND SAVOURY SNACKS,POTATO CRISPS,Ultra-processed foods,2
Happys Golden Lemon Zing Potato Chips,,19.5g,0.7g,SWEET AND SAVOURY SNACKS,POTATO CRISPS,Ultra-processed foods,2
Dairyland Real Milk Chocolate,56g,23g,,CHOCOLATE,CHOCOLATE,Ultra-processed foods,2
Tropical Heat Chocolate Rice Cakes,33.8g,22.5g,0.5g,SWEET AND SAVOURY SNACKS,BHUSU MIX,Ultra-processed foods,3
Dairyland Berry Bliss Chocolate,,,,CHOCOLATE,CHOCOLATE,Ultra-processed foods,0
Dairyland Filled Mint Chocolate,,,,CHOCOLATE,CHOCOLATE,Ultra-processed foods,0
Pran Delight Pineapple Biscuits,8g,8g,0.085g,"COOKIES, BISCUITS AND WAFERS",BISCUITS,Ultra-processed foods,2
Pran Strawberry Cream Biscuit,0g,6g,0.109g,"COOKIES, BISCUITS AND WAFERS",BISCUITS,Ultra-processed foods,0
Casa Del Dolce Trinkola Cola Flavour Candy Drink,10g,0g,,CANDY AND CONFECTIONERY,SWEETS/CANDY,Ultra-processed foods,1
Happys Golden Fruit Chutney Crisps Chips,,2g,0.117g,SWEET AND SAVOURY SNACKS,POTATO CRISPS,Ultra-processed foods,0
Happys Golden Sour Cream And Onion Potato Chips,,19.5g,0.7g,SWEET AND SAVOURY SNACKS,POTATO CRISPS,Ultra-processed foods,2
Dairyland Dip A Chocolate Dip Biscuit Snack,105.63g,,0.05954g,"COOKIES, BISCUITS AND WAFERS",BISCUITS,Ultra-processed foods,1
Orion Double Chocolate Pie,11g,6g,,CAKES,CAKES,Ultra-processed foods,1
Rico Reme BBQ Snack,,,,SWEET AND SAVOURY SNACKS,BHUSU MIX,Ultra-processed foods,0
Mars Chocolate Bar,31.5g,8.4g,,CHOCOLATE,CHOCOLATE BAR,Ultra-processed foods,2
Cadbury Dream Lunch Bar Milk Peanuts Chocolate Bar,46g,26.5g,0.121g,CANDY AND CONFECTIONERY,CHOCOLATE BAR,Ultra-processed foods,2
Cadbury Chocolate Ps Original,52g,25g,0.08g,CHOCOLATE,CHOCOLATE,Ultra-processed foods,2
Snickers Chocolate Bar With Peanuts Caramel,28g,12g,0.125g,CANDY AND CONFECTIONERY,CHOCOLATE BAR,Ultra-processed foods,2
Dairyland Double Chocolate,,,,CHOCOLATE,CHOCOLATE,Ultra-processed foods,0
Dairyland F Mint Chocolate,,,,CHOCOLATE,CHOCOLATE,Ultra-processed foods,0
Twix Chocolate Bar,12.2g,5.9g,,CHOCOLATE,CHOCOLATE BAR,Ultra-processed foods,1
Bounty Coconut Chocolate Bar,48.2g,25.7g,,CANDY AND CONFECTIONERY,CHOCOLATE BAR,Ultra-processed foods,2
Cadbury Dairy Milk Fruit And Nut Chocolate,54g,28.4g,0.074g,CHOCOLATE,CHOCOLATE BAR,Ultra-processed foods,2
Cadbury Dairy Milk Top Deck With Mint Chocolate,58g,7.3g,0.025g,CHOCOLATE,CHOCOLATE BAR,Ultra-processed foods,1
Cadbury Dairy Milk Top Deck Chocolate,58g,29g,0.101g,CHOCOLATE,CHOCOLATE BAR,Ultra-processed foods,2
Cadbury Dairy Milk Cashew And Coconut Chocolate,,28.5g,0.074g,CHOCOLATE,CHOCOLATE BAR,Ultra-processed foods,1
Cadbury Creamy White With Shortcake Dreamy Biscuit,55g,30g,0.163g,"COOKIES, BISCUITS AND WAFERS",BISCUITS,Ultra-processed foods,2
Cadbury Dairy Milk Rum And Raisin Chocolate,61g,22g,0.071g,CHOCOLATE,CHOCOLATE BAR,Ultra-processed foods,2
Storck Riesen Dark Chocolate,,,,CHOCOLATE,CHOCOLATE BAR,Ultra-processed foods,0
Wots Saltpepper Banana Crisps,,8g,0.073g,SWEET AND SAVOURY SNACKS,POTATO CRISPS,Ultra-processed foods,1
Wots Bharti Ben Classic Salted Kenyan Banana Crisps,,8g,0.073g,SWEET AND SAVOURY SNACKS,POTATO CRISPS,Ultra-processed foods,1
Cadbury Curly Wurly Chocolate Bar,50g,18g,,CHOCOLATE,CHOCOLATE BAR,Ultra-processed foods,2
Rollana Chocolate,,,,CHOCOLATE,CHOCOLATE,Ultra-processed foods,0
Cadbury Dairy Milk Bubbly Milk Chocolate Bar,56g,29g,0.081g,CHOCOLATE,CHOCOLATE BAR,Ultra-processed foods,2
Cadbury Bournville Classic Dark Chocolate,56.5g,29g,0.003g,CHOCOLATE,CHOCOLATE BAR,Ultra-processed foods,2
Aero Peppermint Bubbly,,,,CHOCOLATE,CHOCOLATE BAR,Ultra-processed foods,0
Milkybar Buttons,,,,CHOCOLATE,CHOCOLATE,Ultra-processed foods,0
Kitkat Dark 4 Fingers,,,,CHOCOLATE,CHOCOLATE BAR,Ultra-processed foods,0
Cadbury Daim Choco Bars,,,,CHOCOLATE,CHOCOLATE BAR,Ultra-processed foods,0
Yorkie Original,,,,CHOCOLATE,CHOCOLATE BAR,Ultra-processed foods,0
Yorkie Raisin Biscuit,,,,"COOKIES, BISCUITS AND WAFERS",BISCUITS,Ultra-processed foods,0
Cadbury Fry S Turkish Delight,,,,CANDY AND CONFECTIONERY,SWEETS/CANDY,Ultra-processed foods,0
Nestle Lion Bar,50.9g,22.6g,,CHOCOLATE,CHOCOLATE BAR,Ultra-processed foods,2
Nestle Rolo Chocolate Tube,58g,20g,,CANDY AND CONFECTIONERY,CHOCOLATE BAR,Ultra-processed foods,2
Bharti Ben Kenyan Chevdo Farari,5.4g,49.17g,0.0618g,SWEET AND SAVOURY SNACKS,CHEVDA/BOMBAY MIX,Ultra-processed foods,2
Wots Bharti Ben Kenyan Indian Mix Bhusu Chevda,,12.5g,0.173g,SWEET AND SAVOURY SNACKS,CHEVDA/BOMBAY MIX,Ultra-processed foods,1
Yorkie Honeycomb Milk Chocolate,,,,CHOCOLATE,CHOCOLATE BAR,Ultra-processed foods,0
Hershleys Reeses Nutrageous,,,,CANDY AND CONFECTIONERY,CHOCOLATE BAR,Ultra-processed foods,0
Crunch Milk Block,50.4g,25.8g,,CHOCOLATE,CHOCOLATE BAR,Ultra-processed foods,2
Milka Milk White Chocolate,,,,CHOCOLATE,CHOCOLATE BAR,Ultra-processed foods,0
Kit Kat 4F Vegan Ncpcert,,,,CHOCOLATE,CHOCOLATE BAR,Ultra-processed foods,0
Werthers Choc Butter Candy,,,,CANDY AND CONFECTIONERY,SWEETS/CANDY,Ultra-processed foods,0
Carrefour Selection Dark Orange Chocolate Bar,37g,35g,,CHOCOLATE,CHOCOLATE BAR,Ultra-processed foods,2
Fry S Orange Cream Chocolate,,,,CHOCOLATE,CHOCOLATE,Ultra-processed foods,0
Fry S Chocolate Cream,,,,CANDY AND CONFECTIONERY,CHOCOLATE,Ultra-processed foods,0
Cadbury Freddo Caramel,,,,CHOCOLATE,CHOCOLATE BAR,Ultra-processed foods,0
Fry S Peppermint Cream,,,,CANDY AND CONFECTIONERY,SWEETS/CANDY,Ultra-processed foods,0
Toblerone Swiss Fruit And Nut Milk Chocolate,61g,26g,,CHOCOLATE,CHOCOLATE BAR,Ultra-processed foods,2
Ritter Sport White Chocolate Hazelnut,,,,CHOCOLATE,CHOCOLATE BAR,Ultra-processed foods,0
Ritter Sport Raisin Hazelnut chocolate,,,,CHOCOLATE,CHOCOLATE BAR,Ultra-processed foods,0
Ritter Sport Fine Milk chocolate,52g,36g,,CHOCOLATE,CHOCOLATE BAR,Ultra-processed foods,2
Ritter Sport Butter Biscuit Chocolate,50g,32g,,"COOKIES, BISCUITS AND WAFERS",BISCUITS,Ultra-processed foods,2
Ritter Sport Marzipan chocolate,18g,10g,0g,CHOCOLATE,CHOCOLATE BAR,Ultra-processed foods,2
Ritter Sport Praline chocolate,51g,35g,0.13g,CHOCOLATE,CHOCOLATE BAR,Ultra-processed foods,2
Cadbury Boost,,,,CHOCOLATE,CHOCOLATE BAR,Ultra-processed foods,0
Mcvities Oat Crunch Cookies,22.9g,20.2g,0.327g,"COOKIES, BISCUITS AND WAFERS",COOKIES,Ultra-processed foods,3
Toblerone Honey And Almond Nougat Swiss Dark Chocolate,62g,29.5g,,CHOCOLATE,CHOCOLATE BAR,Ultra-processed foods,2
Cadbury Bournville Orange,,,,CHOCOLATE,CHOCOLATE BAR,Ultra-processed foods,0
Cadbury Bournville Mint,,,,CHOCOLATE,CHOCOLATE BAR,Ultra-processed foods,0
Cadbury Twirl Chocolate Bar,56g,30g,,CHOCOLATE,CHOCOLATE BAR,Ultra-processed foods,2
Milkybar Buttons Rspb Pouch,,,,CHOCOLATE,CHOCOLATE,Ultra-processed foods,0
Carrefour Selection Salted Caramel,,,,CANDY AND CONFECTIONERY,SWEETS/CANDY,Ultra-processed foods,0
Milkybar Buttons Giant,,,,CHOCOLATE,CHOCOLATE,Ultra-processed foods,0
Carrefour Selection Mango Sichuan Pepper Dark Chocolate Bar,47g,29g,,CHOCOLATE,CHOCOLATE BAR,Ultra-processed foods,2
Lindt Lindor Swiss Classic White Chocolate With Almond Brittle,43g,50g,0.084g,CHOCOLATE,CHOCOLATE BAR,Ultra-processed foods,2
LoveRaw Cre M White Choc Wafer,,,,"COOKIES, BISCUITS AND WAFERS",WAFERS,Ultra-processed foods,0
LoveRaw Cre M Salted Caramel Wafer,,,,"COOKIES, BISCUITS AND WAFERS",WAFERS,Ultra-processed foods,0
Cadbury Dairy Milk Whole Nut Chocolate Bar,51g,32g,,CHOCOLATE,CHOCOLATE BAR,Ultra-processed foods,2
Guylian Premium Dark Belgian Chocolate Bar,24g,40g,0.004g,CHOCOLATE,CHOCOLATE BAR,Ultra-processed foods,2
Villars Roasted Almonds Milk Chocolate Bar,46g,38g,,CHOCOLATE,CHOCOLATE BAR,Ultra-processed foods,2
Villars Hazelnut Chips Milk Chocolate Bar,46g,38g,,CHOCOLATE,CHOCOLATE BAR,Ultra-processed foods,2
Villars Orange Milk Chocolate Bar,54g,31g,,CHOCOLATE,CHOCOLATE BAR,Ultra-processed foods,2
Carrefour Selection Pear Dark Chocolate Bar,40g,37g,,CHOCOLATE,CHOCOLATE BAR,Ultra-processed foods,2
Lindt Lindor Swiss Hazelnut Milk Chocolate,42g,46g,,CHOCOLATE,CHOCOLATE BAR,Ultra-processed foods,2
Lindt Lindor Milk Chocolate,43g,47g,,CHOCOLATE,CHOCOLATE,Ultra-processed foods,2
Green Black s Organic Mint Chocolate,,,,CHOCOLATE,CHOCOLATE,Ultra-processed foods,0
Green Black s Hazelnut Current Dark Choco,,,,CHOCOLATE,CHOCOLATE BAR,Ultra-processed foods,0
Carrefour Bio Milk Hazelnut Chocolate Bar,39g,40g,,CHOCOLATE,CHOCOLATE BAR,Ultra-processed foods,2
Smarties Hexatube Mp,9g,7g,0g,CANDY AND CONFECTIONERY,SWEETS/CANDY,Ultra-processed foods,1
Lindt Excellence Cocoa Dark Chocolate,11g,46g,0.01g,CHOCOLATE,CHOCOLATE BAR,Ultra-processed foods,2
Lindt Excellence A Touch Of Sea Salt Dark Chocolate,48g,32g,,CHOCOLATE,CHOCOLATE BAR,Ultra-processed foods,2
Cadbury Nougat Hazelnut Caramel,,,,CANDY AND CONFECTIONERY,CHOCOLATE BAR,Ultra-processed foods,0
Cadbury Nougat Salted Caramel,,,,CANDY AND CONFECTIONERY,CHOCOLATE BAR,Ultra-processed foods,0
Pran Double Twist Chocolord Toffee,46g,21g,0.11g,CANDY AND CONFECTIONERY,SWEETS/CANDY,Ultra-processed foods,2
Galaxy Smooth Caramel Chocolate,,,,CHOCOLATE,CHOCOLATE BAR,Ultra-processed foods,0
Cadbury Dairy Milk Marvellous Creations Jelly Popping Candy Chocolate Bar,,,,CHOCOLATE,CHOCOLATE BAR,Ultra-processed foods,0
Heinz Farleys Original Rusks,,,,"COOKIES, BISCUITS AND WAFERS",BISCUITS,Ultra-processed foods,0
Cadbury Crunchie B Dairy Milk,,,,CHOCOLATE,CHOCOLATE BAR,Ultra-processed foods,0
Lindt Lindor Cornet Milk Chocolate,43g,47g,,CHOCOLATE,CHOCOLATE,Ultra-processed foods,2
Morning Harvest Jumbo Oats,1g,6.5g,,BREAKFAST CEREALS,OATS,Unprocessed/Minimally processed foods,0
Weetabix Rolled Oats,1.1g,8g,,BREAKFAST CEREALS,WHEAT BISCUIT CEREALS,Ultra-processed foods,1
Bokomo Traditional Oats,0g,8.13g,,BREAKFAST CEREALS,OATS,Unprocessed/Minimally processed foods,1
Morning harvest Superfast Oats Bag,0g,8.13g,,BREAKFAST CEREALS,OATS,Unprocessed/Minimally processed foods,1
Weetabix Oatibix Jumbo Oats,1g,6.5g,,CEREAL GRAINS,OATS,Unprocessed/Minimally processed foods,0
NuVita Porridge Oats,1.3g,5.5g,,BREAKFAST CEREALS,OATMEAL/PORRIDGE,Ultra-processed foods,0
Quaker Quick Cooking White Oats,1.1g,8g,0.001g,BREAKFAST CEREALS,OATS,Unprocessed/Minimally processed foods,1
Weetabix Oatibix Wholegrain Rolled Oats,1.1g,8g,,CEREAL GRAINS,OATS,Unprocessed/Minimally processed foods,1
Proctal Allan Oat Flakes,0g,10g,0g,BREAKFAST CEREALS,OATS,Unprocessed/Minimally processed foods,1
Morning Harvest Instant White Oats,,8g,,BREAKFAST CEREALS,OATS,Unprocessed/Minimally processed foods,1
Sante No Added Wheat Chrunchy Fruit,6g,0.0001g,,BREAKFAST CEREALS,WHEAT BISCUIT CEREALS,Ultra-processed foods,1
Morning Harvest Superfast White Oats,,8g,,BREAKFAST CEREALS,OATS,Unprocessed/Minimally processed foods,1
Jordans County Oat Porridge,,,,BREAKFAST CEREALS,OATMEAL/PORRIDGE,Ultra-processed foods,0
Jordans County Crisp Oat Strawbrry,,,,BREAKFAST CEREALS,OATS,Ultra-processed foods,0
Sante Crunchy Natural Oat Flake,31g,12g,0g,BREAKFAST CEREALS,OATS,Unprocessed/Minimally processed foods,2
NuVita Cereos Oatmeal Cereal,,4.58g,0.214g,BREAKFAST CEREALS,OATMEAL/PORRIDGE,Ultra-processed foods,0
Carrefour White Flakes Oats,,8.13g,,BREAKFAST CEREALS,OATS,Unprocessed/Minimally processed foods,1
Proctor And Allan Quick Porridge Oats,1g,8g,0g,BREAKFAST CEREALS,OATMEAL/PORRIDGE,Ultra-processed foods,1
Proctor And Allan White Oats,0g,10g,0g,BREAKFAST CEREALS,OATS,Unprocessed/Minimally processed foods,1
Weetabix Oatibix Whole Grain Oats Cereals,3.2g,8g,,BREAKFAST CEREALS,WHEAT BISCUIT CEREALS,Processed foods,1
Live Life Well Organic Porridge Oats,1g,8g,,BREAKFAST CEREALS,OATMEAL/PORRIDGE,Ultra-processed foods,1
Proctor Allan Oat Flakes,,,,BREAKFAST CEREALS,OATS,Unprocessed/Minimally processed foods,0
Oomf Banana Pots,,,,BREAKFAST CEREALS,FRUIT BREAKFAST POT,Ultra-processed foods,0
Oomf Apple Pots,,,,BREAKFAST CEREALS,FRUIT BREAKFAST POT,Ultra-processed foods,0
SALAMA WHITE OATS,,,,BREAKFAST CEREALS,OATS,Unprocessed/Minimally processed foods,0
Carrefour 10 Min Precooked Wheat,,,,CEREAL GRAINS,BROWN RICE,Unprocessed/Minimally processed foods,0
Tropical Heat Snacks TropNuts Fried Peas,,,,"PULSES - PEAS, LENTILS, BEANS",FRIED PEAS,Processed foods,0
AMIGOS MATOKE CRISPS,,,,SWEET AND SAVOURY SNACKS,POTATO CRISPS,Ultra-processed foods,0
Cotton Candy,,,,CANDY AND CONFECTIONERY,SWEETS/CANDY,Ultra-processed foods,0
Nuttishland Dry Rosted And Salted Macadamia Nut,4.6g,76g,0.005g,SALTED/SUGARED NUTS,SALTED MACADAMIA NUTS,Processed foods,1
Out Of Africa Dry Roasted And Salted Macadamia Nuts,4.6g,75.7g,,SALTED/SUGARED NUTS,SALTED MACADAMIA NUTS,Processed foods,1
Out Of Africa Cholesterol Free Honey Coated Macadamia Nuts,4.6g,75.7g,,SALTED/SUGARED NUTS,SALTED MACADAMIA NUTS,Processed foods,1
Naturalli Brown Linseeds,1g,34g,,CEREAL GRAINS,BROWN RICE,Unprocessed/Minimally processed foods,1
Nutfields Macadamia Nuts,4.6g,75.7g,,SALTED/SUGARED NUTS,SALTED MACADAMIA NUTS,Unprocessed/Minimally processed foods,1
Nutcracker Macadamia Nuts,0g,1g,0.004g,SALTED/SUGARED NUTS,SALTED MACADAMIA NUTS,Unprocessed/Minimally processed foods,0
Nutrameal Whole Nutmeg,,36g,0.016g,HERBS AND SPICES,SPICES - NUTMEG,Unprocessed/Minimally processed foods,1
Jimcy Roasted Macadamia,4.1g,76g,,SALTED/SUGARED NUTS,SALTED MACADAMIA NUTS,Processed foods,1
Naturalli Desiccated Coconut,7g,69g,,DRIED FRUITS,COCONUT,Unprocessed/Minimally processed foods,2
Naturalli Walnuts,,18g,0.001g,FRUITS,APPLES,Unprocessed/Minimally processed foods,1
Naturalli Blanched Roasted And Salted Almonds,,54g,0.52g,SALTED/SUGARED NUTS,SALTED CASHEW NUTS,Processed foods,2
Nutcracker Pecan Halves,4g,72g,0g,FRUITS,APPLES,Unprocessed/Minimally processed foods,1
Nutfields Unsalted Macadamia Nuts,,75g,,SALTED/SUGARED NUTS,SALTED CASHEW NUTS,Unprocessed/Minimally processed foods,1
Nutcracker Pinenuts,0.3g,50g,0g,SALTED/SUGARED NUTS,SALTED CASHEW NUTS,Unprocessed/Minimally processed foods,1
Reflexx Fruits Candy,,,,CANDY AND CONFECTIONERY,SWEETS/CANDY,Ultra-processed foods,0
Reflexx Menthe Fraiche Candy,,,0.002g,CANDY AND CONFECTIONERY,SWEETS/CANDY,Ultra-processed foods,0
Wrigley s P K Breath Freshener Menthol Chewing Gum,,,,CANDY AND CONFECTIONERY,CHEWING GUMS,Ultra-processed foods,0
Wrigley s P K Breath Freshener Pepper Mint Chewing Gum,1g,0g,0g,CANDY AND CONFECTIONERY,CHEWING GUMS,Ultra-processed foods,0
Wrigley s Juicy Fruit Strawberry Chewing Gum,,,,CANDY AND CONFECTIONERY,CHEWING GUMS,Ultra-processed foods,0
Tic Tac Strawberry Mix Drops Candies,,56g,,CANDY AND CONFECTIONERY,SWEETS/CANDY,Ultra-processed foods,1
Tic Tac Mint Drops Candies T21,,56g,,CANDY AND CONFECTIONERY,SWEETS/CANDY,Ultra-processed foods,1
Tic Tac Spearmint Candies T21,,56g,,CANDY AND CONFECTIONERY,SWEETS/CANDY,Ultra-processed foods,1
Tic Tac Orange Drops Candies T21,,56g,,CANDY AND CONFECTIONERY,SWEETS/CANDY,Ultra-processed foods,1
Zed Candy Jawbreaker Strawberry Hard Candy Balls,,,,CANDY AND CONFECTIONERY,SWEETS/CANDY,Ultra-processed foods,0
Zed Candy Sour Jawbreaker Hard Candy Balls,0g,0g,,CANDY AND CONFECTIONERY,SWEETS/CANDY,Ultra-processed foods,0
Jawbreaker Tropical Candy,85g,1.6g,,CANDY AND CONFECTIONERY,SWEETS/CANDY,Ultra-processed foods,1
Wrigley s Orbit Sugar Free Bubblemint Chewing Gum,,,,CANDY AND CONFECTIONERY,CHEWING GUMS,Ultra-processed foods,0
Magical Gummy Cheese Cake,,,,CAKES,CAKES,Ultra-processed foods,0
JAWBREAKER TORNADO POP SOURBLU,28g,1g,0g,CANDY AND CONFECTIONERY,SWEETS/CANDY,Ultra-processed foods,1
Jawbreaker Strawberry Tornado Pop,85g,1.6g,,CANDY AND CONFECTIONERY,SWEETS/CANDY,Ultra-processed foods,1
Mentos Pure Fresh Strawberry Chewing Gum,,,,CANDY AND CONFECTIONERY,CHEWING GUMS,Ultra-processed foods,0
Mentos Strawberry Chewing Gum,70.1g,1.7g,0.04g,CANDY AND CONFECTIONERY,CHEWING GUMS,Ultra-processed foods,1
Mentos Pure Fresh Winter Green Chewing Gum,,0.1g,0.008g,CANDY AND CONFECTIONERY,CHEWING GUMS,Ultra-processed foods,0
Mentos Pure Fresh Mint Chewing Gum,71g,,,CANDY AND CONFECTIONERY,CHEWING GUMS,Ultra-processed foods,1
Florident Sugar Free Spearmint Chewing Gum,,,,CANDY AND CONFECTIONERY,CHEWING GUMS,Ultra-processed foods,0
Colfresh Sugar Free Spearmint Chewing Gum,,,,CANDY AND CONFECTIONERY,CHEWING GUMS,Ultra-processed foods,0
Colfresh Sugar Free Icemint Chewing Gum,,,,CANDY AND CONFECTIONERY,CHEWING GUMS,Ultra-processed foods,0
Colfresh Sugar Free White Mint Chewing Gum,,,,CANDY AND CONFECTIONERY,CHEWING GUMS,Ultra-processed foods,0
Colfresh Gum Tropical Fruits,,,,CANDY AND CONFECTIONERY,CHEWING GUMS,Ultra-processed foods,0
COLFRESH GUM STRAWBERY SUGARFREE,,,,CANDY AND CONFECTIONERY,CHEWING GUMS,Ultra-processed foods,0
Zed Candy Jawbreaker On A Stick Monster 5 Flavours Lollipop,,,,CANDY AND CONFECTIONERY,SWEETS/CANDY,Ultra-processed foods,0
JAWBREAKER JUMBO 4 S,,,,CANDY AND CONFECTIONERY,SWEETS/CANDY,Ultra-processed foods,0
JAWBREAKER MAMMOUTH POP,,,,CANDY AND CONFECTIONERY,SWEETS/CANDY,Ultra-processed foods,0
Zed Candy Jumbo Jawbreaker Sour Hard Candy Balls,0g,0g,,CANDY AND CONFECTIONERY,SWEETS/CANDY,Ultra-processed foods,0
PERFETTI C CHUPS GUM TPAINT,,,,CANDY AND CONFECTIONERY,CHEWING GUMS,Ultra-processed foods,0
Colfresh Gum Dental Black Spearmint,,,,CANDY AND CONFECTIONERY,CHEWING GUMS,Ultra-processed foods,0
Colfresh Dental Black Tuttifruti Mint,,,,CANDY AND CONFECTIONERY,CHEWING GUMS,Ultra-processed foods,0
Ballon Chicle Bubble Gum,2g,0g,0g,CANDY AND CONFECTIONERY,CHEWING GUMS,Ultra-processed foods,0
Wrigley s Extra Strawberry Chewing Gum,0g,0g,0g,CANDY AND CONFECTIONERY,CHEWING GUMS,Ultra-processed foods,0
AIRWAVES BLACKCURRANT S F 10P G,,,,CANDY AND CONFECTIONERY,CHEWING GUMS,Ultra-processed foods,0
AIRWAVES GUM MENTHOL EUCALYPTUS10 S,,,,CANDY AND CONFECTIONERY,CHEWING GUMS,Ultra-processed foods,0
Airheads White Mystery Candy Bar,11g,0g,,CANDY AND CONFECTIONERY,SWEETS/CANDY,Ultra-processed foods,1
Airheads Cherry Candy Bar,11g,0g,,CANDY AND CONFECTIONERY,SWEETS/CANDY,Ultra-processed foods,1
Airheads Orange Candy Bar,21g,1g,0.005g,CANDY AND CONFECTIONERY,SWEETS/CANDY,Ultra-processed foods,1
Ring Pop Sour Cherry Lollipop Candy Assorted,7g,0g,0.035g,CANDY AND CONFECTIONERY,SWEETS/CANDY,Ultra-processed foods,1
ORBIT SPEARMINT B CHEWING GUM,,,,CANDY AND CONFECTIONERY,CHEWING GUMS,Ultra-processed foods,0
ORBIT MIX FRUIT B CHEWING GUM,,,,CANDY AND CONFECTIONERY,CHEWING GUMS,Ultra-processed foods,0
Magical Gummy Cola Bottles,52.5g,0.1g,0.028g,CANDY AND CONFECTIONERY,SWEETS/CANDY,Ultra-processed foods,1
Magical Gummy Turtle,52.5g,0.1g,0.028g,CANDY AND CONFECTIONERY,SWEETS/CANDY,Ultra-processed foods,1
Magical Gummy Bones,52.5g,0.1g,0.028g,CANDY AND CONFECTIONERY,SWEETS/CANDY,Ultra-processed foods,1
Magical Gummy Bananas,52.5g,0.1g,0.028g,CANDY AND CONFECTIONERY,SWEETS/CANDY,Ultra-processed foods,1
Magical Gummy Fruit,,,,CANDY AND CONFECTIONERY,SWEETS/CANDY,Ultra-processed foods,0
Magical Gummy Teeth,,,,CANDY AND CONFECTIONERY,SWEETS/CANDY,Ultra-processed foods,0
Magical Gummy Ring,52.5g,0.1g,0.028g,CANDY AND CONFECTIONERY,SWEETS/CANDY,Ultra-processed foods,1
Magical Sour Gummy Worms,52.5g,0.1g,0.028g,CANDY AND CONFECTIONERY,SWEETS/CANDY,Ultra-processed foods,1
Big G Original Bubble Gum,3g,,,CANDY AND CONFECTIONERY,CHEWING GUMS,Ultra-processed foods,0
Mentos Pure Fresh Breath Sugar Free Winter Green Tea Chewing Gum,1g,,,CANDY AND CONFECTIONERY,CHEWING GUMS,Ultra-processed foods,0
Bebeto Strawberry Metergum,0g,2g,0g,CANDY AND CONFECTIONERY,CHEWING GUMS,Ultra-processed foods,0
COCON GUMMY MANGO,5.2g,0g,,CANDY AND CONFECTIONERY,SWEETS/CANDY,Ultra-processed foods,1
COCON GUMMY STRAWBERRY,77.5g,0g,,CANDY AND CONFECTIONERY,SWEETS/CANDY,Ultra-processed foods,1
COCON GUMMY ORANGE,77.5g,0g,,CANDY AND CONFECTIONERY,SWEETS/CANDY,Ultra-processed foods,1
Trident Original Sugar Free Sticks Chewing Gum With Xylitol 14 Sticks,0g,0g,0g,CANDY AND CONFECTIONERY,CHEWING GUMS,Ultra-processed foods,0
Trident Spearmint Chewy Gum 14 Sticks,0g,0g,0g,CANDY AND CONFECTIONERY,CHEWING GUMS,Ultra-processed foods,0
Mondelez Trident Bubblegum 14 Sticks,0g,0g,0g,CANDY AND CONFECTIONERY,CHEWING GUMS,Ultra-processed foods,0
MONDELEZ TRIDENT PERFECT P MINT14S,,,,CANDY AND CONFECTIONERY,CHEWING GUMS,Ultra-processed foods,0
Trident Tropical Twist Chewy Gum 14 Sticks,0g,0g,,CANDY AND CONFECTIONERY,CHEWING GUMS,Ultra-processed foods,0
Mondelez Trident Cinnamon Bubblegum 14 Sticks,0g,0g,0g,CANDY AND CONFECTIONERY,CHEWING GUMS,Ultra-processed foods,0
Trident Watermelon Twist Sugar Free Chewing Gum 14 Sticks,0g,0g,0g,CANDY AND CONFECTIONERY,CHEWING GUMS,Ultra-processed foods,0
Mentos Incredible Chew Green Apple Candy,59g,8.8g,0.01g,CANDY AND CONFECTIONERY,SWEETS/CANDY,Ultra-processed foods,2
COLFRESH GUM WHTE MNT SUGARFREE,,,,CANDY AND CONFECTIONERY,CHEWING GUMS,Ultra-processed foods,0
COLFRESH GUM SPEARMNT SUGARFREE,,0g,,CANDY AND CONFECTIONERY,CHEWING GUMS,Ultra-processed foods,0
Trident Gum Wintergreen 14 Sticks Sugar Free,,,,CANDY AND CONFECTIONERY,CHEWING GUMS,Ultra-processed foods,0
Trident Gum Sweet Mint 14 Sticks Sugar Free,,,,CANDY AND CONFECTIONERY,CHEWING GUMS,Ultra-processed foods,0
Trident Gum Mint Bliss 14 Sticks Sugar Free,,,,CANDY AND CONFECTIONERY,CHEWING GUMS,Ultra-processed foods,0
Wrigley s Green Arrow Green Tea Mint Chewing Gum,0.1g,0.1g,0.009g,CANDY AND CONFECTIONERY,CHEWING GUMS,Ultra-processed foods,0
Wrigley s Double mint Chewing Gum,2g,,,CANDY AND CONFECTIONERY,CHEWING GUMS,Ultra-processed foods,0
Colfresh Gums Dental Black Spearmint,,,,CANDY AND CONFECTIONERY,CHEWING GUMS,Ultra-processed foods,0
Colfresh Dental Black Tutifrutti Mint,,,,CANDY AND CONFECTIONERY,CHEWING GUMS,Ultra-processed foods,0
Wrigleys Extra Mints Tropical,,,,CANDY AND CONFECTIONERY,CHEWING GUMS,Ultra-processed foods,0
Nestle Polo Original Mint Candy,95.6g,1g,,CANDY AND CONFECTIONERY,SWEETS/CANDY,Ultra-processed foods,1
Wrigley s Extra Sugar Free Tropical Chewing Gum,,,,CANDY AND CONFECTIONERY,CHEWING GUMS,Ultra-processed foods,0
FIX 8 KOMBUCHA GING TURMERIC,,,,FRUIT DRINKS/SWEETENED JUICES & BOTTLED TEAS,FRUIT DRINKS/SWEETENED JUICE,Ultra-processed foods,0
Pick N Peel Apple Juice,26g,0g,0.02g,FRUIT DRINKS/SWEETENED JUICES & BOTTLED TEAS,FRUIT DRINKS/SWEETENED JUICE,Ultra-processed foods,1
Pick N Peel Orange Juice,0g,0g,0.003g,FRESH/FRUIT JUICES - NO ADDED SUGAR,FRESH/FRUIT JUICES - NO ADDED SUGAR,Unprocessed/Minimally processed foods,0
Pick N Peel Tropical Mix Juice,,0.1g,,FRUIT DRINKS/SWEETENED JUICES & BOTTLED TEAS,FRUIT DRINKS/SWEETENED JUICE,Ultra-processed foods,0
Pick N Peel Pineapple Juice,11.8g,0g,,FRESH/FRUIT JUICES - NO ADDED SUGAR,FRESH/FRUIT JUICES - NO ADDED SUGAR,Unprocessed/Minimally processed foods,1
Minute Maid Tropical Juice,,0.1g,,FRUIT DRINKS/SWEETENED JUICES & BOTTLED TEAS,FRUIT DRINKS/SWEETENED JUICE,Ultra-processed foods,0
Pick N Peel Mango Juice,15g,0g,0.004g,FRUIT DRINKS/SWEETENED JUICES & BOTTLED TEAS,FRUIT DRINKS/SWEETENED JUICE,Ultra-processed foods,1
Del Monte Juice Blend Mixed Berry1L,24g,1g,,FRUIT DRINKS/SWEETENED JUICES & BOTTLED TEAS,FRUIT DRINKS/SWEETENED JUICE,Ultra-processed foods,1
Pick N Peel Red Grape Juice,29g,0g,0.03g,FRESH/FRUIT JUICES - NO ADDED SUGAR,FRESH/FRUIT JUICES - NO ADDED SUGAR,Unprocessed/Minimally processed foods,1
Fruitville Cranberry Juice,12g,,0.002g,FRUIT DRINKS/SWEETENED JUICES & BOTTLED TEAS,FRUIT DRINKS/SWEETENED JUICE,Ultra-processed foods,1
Minute Maid Mango Juice,14g,0.4g,0.001g,FRUIT DRINKS/SWEETENED JUICES & BOTTLED TEAS,FRUIT DRINKS/SWEETENED JUICE,Ultra-processed foods,1
ORCHID VALLEY DELIGHT MANGO,35g,,0.015g,FRESH/FRUIT JUICES - NO ADDED SUGAR,FRESH/FRUIT JUICES - NO ADDED SUGAR,Unprocessed/Minimally processed foods,1
Pick N Peel White Grape Juice,15.9g,,0.0018g,FRESH/FRUIT JUICES - NO ADDED SUGAR,FRESH/FRUIT JUICES - NO ADDED SUGAR,Unprocessed/Minimally processed foods,1
Del Monte Orange Juice,29g,,0.01g,FRESH/FRUIT JUICES - NO ADDED SUGAR,FRESH/FRUIT JUICES - NO ADDED SUGAR,Unprocessed/Minimally processed foods,1
Fanaka Fruit Drink Apple,,,,FRUIT DRINKS/SWEETENED JUICES & BOTTLED TEAS,FRUIT DRINKS/SWEETENED JUICE,Ultra-processed foods,0
Fanaka Fruit Drink Tropical Fruit Mix,,,,FRUIT DRINKS/SWEETENED JUICES & BOTTLED TEAS,FRUIT DRINKS/SWEETENED JUICE,Ultra-processed foods,0
Del Monte Pineapple Gold Juice,12.1g,,,FRESH/FRUIT JUICES - NO ADDED SUGAR,FRESH/FRUIT JUICES - NO ADDED SUGAR,Unprocessed/Minimally processed foods,1
Del Monte Juice Blend Passion,29g,,,FRUIT DRINKS/SWEETENED JUICES & BOTTLED TEAS,FRUIT DRINKS/SWEETENED JUICE,Ultra-processed foods,1
Mohawk Kombucha Berricious,,,,FRUIT DRINKS/SWEETENED JUICES & BOTTLED TEAS,FRUIT DRINKS/SWEETENED JUICE,Ultra-processed foods,0
Fanaka Fruit Drink Guava,,,,FRUIT DRINKS/SWEETENED JUICES & BOTTLED TEAS,FRUIT DRINKS/SWEETENED JUICE,Ultra-processed foods,0
Booch Kombucha Passion Baobab,5.3g,0.5g,0.001g,FRUIT DRINKS/SWEETENED JUICES & BOTTLED TEAS,FRUIT DRINKS/SWEETENED JUICE,Ultra-processed foods,1
Booch Kombucha Elder flower,,,,FRUIT DRINKS/SWEETENED JUICES & BOTTLED TEAS,FRUIT DRINKS/SWEETENED JUICE,Processed foods,0
Gofrut Mango Juice,,,,FRUIT DRINKS/SWEETENED JUICES & BOTTLED TEAS,FRUIT DRINKS/SWEETENED JUICE,Ultra-processed foods,0
Mohawk Kombucha Peach,,,,FRUIT DRINKS/SWEETENED JUICES & BOTTLED TEAS,FRUIT DRINKS/SWEETENED JUICE,Ultra-processed foods,0
Gofrut Apple Juice,26g,0g,0.02g,FRUIT DRINKS/SWEETENED JUICES & BOTTLED TEAS,FRUIT DRINKS/SWEETENED JUICE,Ultra-processed foods,1
Del Monte Tropical Blend Juice,,,,FRUIT DRINKS/SWEETENED JUICES & BOTTLED TEAS,FRUIT DRINKS/SWEETENED JUICE,Ultra-processed foods,0
Del Monte Juice Blend Mango,30g,,,FRUIT DRINKS/SWEETENED JUICES & BOTTLED TEAS,FRUIT DRINKS/SWEETENED JUICE,Ultra-processed foods,1
Del Monte Pineapple Blend Juice,25g,,0.015g,FRUIT DRINKS/SWEETENED JUICES & BOTTLED TEAS,FRUIT DRINKS/SWEETENED JUICE,Ultra-processed foods,1
Mohawk Kombucha Ginger,,,,FRUIT DRINKS/SWEETENED JUICES & BOTTLED TEAS,FRUIT DRINKS/SWEETENED JUICE,Ultra-processed foods,0
Del Monte Juice Blend Pineapple Mango,4g,,,FRUIT DRINKS/SWEETENED JUICES & BOTTLED TEAS,FRUIT DRINKS/SWEETENED JUICE,Ultra-processed foods,0
Del Monte Pineapple Orange Juice Blend,10g,,0.01g,FRUIT DRINKS/SWEETENED JUICES & BOTTLED TEAS,FRUIT DRINKS/SWEETENED JUICE,Ultra-processed foods,1
Afia Apple Juice Tetra,0g,4g,0g,FRUIT DRINKS/SWEETENED JUICES & BOTTLED TEAS,FRUIT DRINKS/SWEETENED JUICE,Ultra-processed foods,0
Ceres Juice Cranberry Kiwi,16g,,0.01g,FRUIT DRINKS/SWEETENED JUICES & BOTTLED TEAS,FRUIT DRINKS/SWEETENED JUICE,Ultra-processed foods,1
Fanaka Fruit Drink Mango,,,,FRUIT DRINKS/SWEETENED JUICES & BOTTLED TEAS,FRUIT DRINKS/SWEETENED JUICE,Ultra-processed foods,0
Highlands Cordial Orange Juice,12g,,,DILUTING JUICE,CORDIALS,Ultra-processed foods,1
Ocean Spray Classic Cranberry Juice,2g,,,FRUIT DRINKS/SWEETENED JUICES & BOTTLED TEAS,FRUIT DRINKS/SWEETENED JUICE,Ultra-processed foods,0
Freez Mojito Strawberry Mix Drink 275M,,,,FRUIT DRINKS/SWEETENED JUICES & BOTTLED TEAS,FRUIT DRINKS/SWEETENED JUICE,Ultra-processed foods,0
Booch Kombucha Strawberry Soft Drink,9g,,0.01g,FRUIT DRINKS/SWEETENED JUICES & BOTTLED TEAS,FRUIT DRINKS/SWEETENED JUICE,Ultra-processed foods,1
Orchid Valley Apple Juice,,0.1g,0.004g,FRESH/FRUIT JUICES - NO ADDED SUGAR,FRESH/FRUIT JUICES - NO ADDED SUGAR,Unprocessed/Minimally processed foods,0
Fruitville Lemon Mint And Cucumber Juice,,0g,0.015g,FRUIT DRINKS/SWEETENED JUICES & BOTTLED TEAS,FRUIT DRINKS/SWEETENED JUICE,Ultra-processed foods,0
Orchid Valley Delight Apple Juice,,0.1g,0.004g,FRESH/FRUIT JUICES - NO ADDED SUGAR,FRESH/FRUIT JUICES - NO ADDED SUGAR,Unprocessed/Minimally processed foods,0
Martini Rose Demisec Sparkling Wine,,,,ALCOHOLIC BEVERAGES,SPARKLING WINE,Ultra-processed foods,0
Aquamist Pineapple Frutz Drink,15g,,10.2g,FRUIT DRINKS/SWEETENED JUICES & BOTTLED TEAS,FRUIT DRINKS/SWEETENED JUICE,Ultra-processed foods,2
Afia Multi Vitamin Fruit Drink,9.7g,,0.008g,FRUIT DRINKS/SWEETENED JUICES & BOTTLED TEAS,FRUIT DRINKS/SWEETENED JUICE,Ultra-processed foods,1
Suntop Berry Fruit Juice,13g,,0.0018g,FRUIT DRINKS/SWEETENED JUICES & BOTTLED TEAS,FRUIT DRINKS/SWEETENED JUICE,Ultra-processed foods,1
Fruitfull Tetra Pak 1 Litre Mango,0g,0g,0g,FRUIT DRINKS/SWEETENED JUICES & BOTTLED TEAS,FRUIT DRINKS/SWEETENED JUICE,Ultra-processed foods,0
Afia Apple Drink,22g,,0.018g,FRUIT DRINKS/SWEETENED JUICES & BOTTLED TEAS,FRUIT DRINKS/SWEETENED JUICE,Ultra-processed foods,1
Ceres Season S Treasure,14g,,0.01g,FRESH/FRUIT JUICES - NO ADDED SUGAR,FRESH/FRUIT JUICES - NO ADDED SUGAR,Unprocessed/Minimally processed foods,1
Afia Mixedfruit Juice,11.7g,,,FRUIT DRINKS/SWEETENED JUICES & BOTTLED TEAS,FRUIT DRINKS/SWEETENED JUICE,Ultra-processed foods,1
Mohawk Man Go Wild,,,,FRUIT DRINKS/SWEETENED JUICES & BOTTLED TEAS,FRUIT DRINKS/SWEETENED JUICE,Ultra-processed foods,0
Ceres Juice Orange,22g,,0.005g,FRUIT DRINKS/SWEETENED JUICES & BOTTLED TEAS,FRUIT DRINKS/SWEETENED JUICE,Ultra-processed foods,1
Fruitdale Nectar Passion Fruit Juice,29g,,,FRUIT DRINKS/SWEETENED JUICES & BOTTLED TEAS,FRUIT DRINKS/SWEETENED JUICE,Ultra-processed foods,1
Freez Lemon Mint Drink,,,,FRUIT DRINKS/SWEETENED JUICES & BOTTLED TEAS,FRUIT DRINKS/SWEETENED JUICE,Ultra-processed foods,0
Nawon Basil Seed Kiwi Juice,,,,FRUIT DRINKS/SWEETENED JUICES & BOTTLED TEAS,FRUIT DRINKS/SWEETENED JUICE,Ultra-processed foods,0
Ceres Delight Apple And Blackcurrant Nector Juice,5g,,0.015g,FRUIT DRINKS/SWEETENED JUICES & BOTTLED TEAS,FRUIT DRINKS/SWEETENED JUICE,Ultra-processed foods,1
Orchid Valley Delight Mango Juice,35g,,0.015g,FRUIT DRINKS/SWEETENED JUICES & BOTTLED TEAS,FRUIT DRINKS/SWEETENED JUICE,Ultra-processed foods,1
Del Monte Juice Blend Orange,13g,,,FRUIT DRINKS/SWEETENED JUICES & BOTTLED TEAS,FRUIT DRINKS/SWEETENED JUICE,Ultra-processed foods,1
Fruit Dale Pineapple Fruit Juice,,0.03g,,FRESH/FRUIT JUICES - NO ADDED SUGAR,FRESH/FRUIT JUICES - NO ADDED SUGAR,Unprocessed/Minimally processed foods,0
Freez Mango Peach Mix Drink,,,,FRUIT DRINKS/SWEETENED JUICES & BOTTLED TEAS,FRUIT DRINKS/SWEETENED JUICE,Ultra-processed foods,0
Osterberg Aloe Vera Drink,20g,0.1g,0.056g,FRUIT DRINKS/SWEETENED JUICES & BOTTLED TEAS,FRUIT DRINKS/SWEETENED JUICE,Ultra-processed foods,1
Afia Orange Fruit Drink,8.4g,0.2g,0.001g,FRUIT DRINKS/SWEETENED JUICES & BOTTLED TEAS,FRUIT DRINKS/SWEETENED JUICE,Ultra-processed foods,1
Fruitville Berry Juice,7g,0g,,FRUIT DRINKS/SWEETENED JUICES & BOTTLED TEAS,FRUIT DRINKS/SWEETENED JUICE,Ultra-processed foods,1
Fruit Dale Tropical Mix Fruit Juice,,0.1g,,FRUIT DRINKS/SWEETENED JUICES & BOTTLED TEAS,FRUIT DRINKS/SWEETENED JUICE,Ultra-processed foods,0
Freez Strawberry Mix Drink,,,,FRUIT DRINKS/SWEETENED JUICES & BOTTLED TEAS,FRUIT DRINKS/SWEETENED JUICE,Ultra-processed foods,0
Mohawk ManGo Wild,,,,FRUIT DRINKS/SWEETENED JUICES & BOTTLED TEAS,FRUIT DRINKS/SWEETENED JUICE,Ultra-processed foods,0
Mogu Mogu Blackcurrant Drink,,,,FRUIT DRINKS/SWEETENED JUICES & BOTTLED TEAS,FRUIT DRINKS/SWEETENED JUICE,Ultra-processed foods,0
Freez Blue Hawai Mix Drink,,,,FRUIT DRINKS/SWEETENED JUICES & BOTTLED TEAS,FRUIT DRINKS/SWEETENED JUICE,Ultra-processed foods,0
Fruit Full Pinacolada Fruit Juice,,0.1g,,FRUIT DRINKS/SWEETENED JUICES & BOTTLED TEAS,FRUIT DRINKS/SWEETENED JUICE,Ultra-processed foods,0
Fruit Dale Apple Juice,11.5g,,0.009g,FRESH/FRUIT JUICES - NO ADDED SUGAR,FRESH/FRUIT JUICES - NO ADDED SUGAR,Unprocessed/Minimally processed foods,1
Gofrut Apple,,,0.02g,FRUITS,APPLES,Unprocessed/Minimally processed foods,0
Frosti Guava Fruit Drink Tetra,,,,FRUIT DRINKS/SWEETENED JUICES & BOTTLED TEAS,FRUIT DRINKS/SWEETENED JUICE,Ultra-processed foods,0
Tamarind With Pure Drink,,,,FRUIT DRINKS/SWEETENED JUICES & BOTTLED TEAS,FRUIT DRINKS/SWEETENED JUICE,Ultra-processed foods,0
Fruitville Guava Fruit Drink,13g,,,FRUIT DRINKS/SWEETENED JUICES & BOTTLED TEAS,FRUIT DRINKS/SWEETENED JUICE,Ultra-processed foods,1
Freez Kiwi Lime Mix Drink,,,,FRUIT DRINKS/SWEETENED JUICES & BOTTLED TEAS,FRUIT DRINKS/SWEETENED JUICE,Ultra-processed foods,0
Frosti Apple Fruit Drink Tetra,,,,FRUIT DRINKS/SWEETENED JUICES & BOTTLED TEAS,FRUIT DRINKS/SWEETENED JUICE,Ultra-processed foods,0
Freez Lychee Mix Drink,,,,FRUIT DRINKS/SWEETENED JUICES & BOTTLED TEAS,FRUIT DRINKS/SWEETENED JUICE,Ultra-processed foods,0
Frosti Tropical Fruit Drink Tetra,,,,FRUIT DRINKS/SWEETENED JUICES & BOTTLED TEAS,FRUIT DRINKS/SWEETENED JUICE,Ultra-processed foods,0
Fruitville Tropical Juice,5g,0g,0g,FRUIT DRINKS/SWEETENED JUICES & BOTTLED TEAS,FRUIT DRINKS/SWEETENED JUICE,Ultra-processed foods,1
Del Monte Pineapple And Passion Blended Juice,29g,,,FRUIT DRINKS/SWEETENED JUICES & BOTTLED TEAS,FRUIT DRINKS/SWEETENED JUICE,Ultra-processed foods,1
Tuna Fruit Apple Juice,0g,1g,0g,FRESH/FRUIT JUICES - NO ADDED SUGAR,FRESH/FRUIT JUICES - NO ADDED SUGAR,Processed foods,0
Juo Tamarind Juice,,,,FRUIT DRINKS/SWEETENED JUICES & BOTTLED TEAS,FRUIT DRINKS/SWEETENED JUICE,Ultra-processed foods,0
Pep Apple Juice Ready To Drink,25g,0g,0.015g,FRUIT DRINKS/SWEETENED JUICES & BOTTLED TEAS,FRUIT DRINKS/SWEETENED JUICE,Ultra-processed foods,1
Afia Pink Guava Juice Tetra,5g,0g,0.00048g,FRUIT DRINKS/SWEETENED JUICES & BOTTLED TEAS,FRUIT DRINKS/SWEETENED JUICE,Ultra-processed foods,1
Hibiscus And Pineapple Fruit Drink,0g,0g,,FRUIT DRINKS/SWEETENED JUICES & BOTTLED TEAS,FRUIT DRINKS/SWEETENED JUICE,Ultra-processed foods,0
Juo Blackcurrent Juice,,,,FRUIT DRINKS/SWEETENED JUICES & BOTTLED TEAS,FRUIT DRINKS/SWEETENED JUICE,Ultra-processed foods,0
Core Lemon Juice,3.2g,,,FRESH/FRUIT JUICES - NO ADDED SUGAR,FRESH/FRUIT JUICES - NO ADDED SUGAR,Unprocessed/Minimally processed foods,0
Frosti Mango Fruit Drink Tetra,,,,FRUIT DRINKS/SWEETENED JUICES & BOTTLED TEAS,FRUIT DRINKS/SWEETENED JUICE,Ultra-processed foods,0
Fruitville Pineapple Juice,22g,0g,0g,FRESH/FRUIT JUICES - NO ADDED SUGAR,FRESH/FRUIT JUICES - NO ADDED SUGAR,Unprocessed/Minimally processed foods,1
Quencher Orange,,,,DILUTING JUICE,CORDIALS,Ultra-processed foods,0
Ceres Delight Orange Juice 250M,0g,0g,0g,FRESH/FRUIT JUICES - NO ADDED SUGAR,FRESH/FRUIT JUICES - NO ADDED SUGAR,Unprocessed/Minimally processed foods,0
Osterberg Tropical Aloe Vera,29g,0g,0.01g,FRUIT DRINKS/SWEETENED JUICES & BOTTLED TEAS,FRUIT DRINKS/SWEETENED JUICE,Ultra-processed foods,1
Fruitville Orange Juice,22g,1g,0.015g,FRUIT DRINKS/SWEETENED JUICES & BOTTLED TEAS,FRUIT DRINKS/SWEETENED JUICE,Ultra-processed foods,1
Osterg Apple Grape And Strawberry With Aloe Vera Blend Fruit Drink,12g,0.05g,0.0041g,FRUIT DRINKS/SWEETENED JUICES & BOTTLED TEAS,FRUIT DRINKS/SWEETENED JUICE,Ultra-processed foods,1
Pep Mango Juice Rtd,,1g,0g,FRUIT DRINKS/SWEETENED JUICES & BOTTLED TEAS,FRUIT DRINKS/SWEETENED JUICE,Ultra-processed foods,0
Mogu Mogu Grape Drink,35g,0g,0.1g,FRUIT DRINKS/SWEETENED JUICES & BOTTLED TEAS,FRUIT DRINKS/SWEETENED JUICE,Ultra-processed foods,1
Osterberg Ameln Frutb Al Vera,,,,FRUIT DRINKS/SWEETENED JUICES & BOTTLED TEAS,FRUIT DRINKS/SWEETENED JUICE,Ultra-processed foods,0
Core Lemonade Fruit Juice,11.7g,,,FRUIT DRINKS/SWEETENED JUICES & BOTTLED TEAS,FRUIT DRINKS/SWEETENED JUICE,Ultra-processed foods,1
Osterberg Pea And Melon Chia Seed Drink,29g,0.5g,0.04g,FRUIT DRINKS/SWEETENED JUICES & BOTTLED TEAS,FRUIT DRINKS/SWEETENED JUICE,Ultra-processed foods,1
Fruit Dale Mango Juice,14g,0.4g,0.001g,FRUIT DRINKS/SWEETENED JUICES & BOTTLED TEAS,FRUIT DRINKS/SWEETENED JUICE,Ultra-processed foods,1
Hibiscus With Cocktail Drink,9.7g,0.1g,0.017g,FRUIT DRINKS/SWEETENED JUICES & BOTTLED TEAS,FRUIT DRINKS/SWEETENED JUICE,Ultra-processed foods,1
Pran Mango Fruit Drink,13g,0g,0g,FRUIT DRINKS/SWEETENED JUICES & BOTTLED TEAS,FRUIT DRINKS/SWEETENED JUICE,Ultra-processed foods,1
Freez Pomegranate Mix Drink,,,,FRUIT DRINKS/SWEETENED JUICES & BOTTLED TEAS,FRUIT DRINKS/SWEETENED JUICE,Ultra-processed foods,0
Pep Guava Juice Ready To Drink,12.5g,0g,0.02g,FRUIT DRINKS/SWEETENED JUICES & BOTTLED TEAS,FRUIT DRINKS/SWEETENED JUICE,Ultra-processed foods,1
Pep Tropical Juice Ready To Drink,11g,0.1g,0.004g,FRUIT DRINKS/SWEETENED JUICES & BOTTLED TEAS,FRUIT DRINKS/SWEETENED JUICE,Ultra-processed foods,1
Fruit Dale Mango Milk Juice,16.5g,,0.05g,MILK DRINKS,FLAVOURED MILK,Ultra-processed foods,1
Excel Quencher Pineapple Juice,13.2g,,0.00022g,FRUIT DRINKS/SWEETENED JUICES & BOTTLED TEAS,FRUIT DRINKS/SWEETENED JUICE,Ultra-processed foods,1
Azam Apple Punch Sparkling Drink,,5g,0.447g,SODAS AND CARBONATED DRINKS,SODAS,Ultra-processed foods,1
OKF SPARKLING MELON DRINK,,,,SODAS AND CARBONATED DRINKS,SODAS,Ultra-processed foods,0
Nico Passion Fruit,,,,FRUITS,PASSION FRUITS,Unprocessed/Minimally processed foods,0
Rani Juice Peach,,,,FRUIT DRINKS/SWEETENED JUICES & BOTTLED TEAS,FRUIT DRINKS/SWEETENED JUICE,Ultra-processed foods,0
Juo Orange Juice,,,,FRUIT DRINKS/SWEETENED JUICES & BOTTLED TEAS,FRUIT DRINKS/SWEETENED JUICE,Ultra-processed foods,0
Nico Nata Dc Strawberry Juice,35g,0g,0.085g,FRUIT DRINKS/SWEETENED JUICES & BOTTLED TEAS,FRUIT DRINKS/SWEETENED JUICE,Ultra-processed foods,1
Nico Nico Red Grape,,,,FRUITS,GRAPES,Unprocessed/Minimally processed foods,0
Rani Juice Strawberry,11.4g,,,FRUIT DRINKS/SWEETENED JUICES & BOTTLED TEAS,FRUIT DRINKS/SWEETENED JUICE,Ultra-processed foods,1
Afia Tropical Carrot Fruit Drink,12.5g,,,FRUIT DRINKS/SWEETENED JUICES & BOTTLED TEAS,FRUIT DRINKS/SWEETENED JUICE,Ultra-processed foods,1
Hibiscus And Ginger Drink,14g,0g,0.005g,FRUIT DRINKS/SWEETENED JUICES & BOTTLED TEAS,FRUIT DRINKS/SWEETENED JUICE,Ultra-processed foods,1
Fruit Dale Guava Juice,33g,0.1g,0.015g,FRUIT DRINKS/SWEETENED JUICES & BOTTLED TEAS,FRUIT DRINKS/SWEETENED JUICE,Ultra-processed foods,1
Del Monte Pineapple Juice,13.3g,0.13g,0.00209g,FRESH/FRUIT JUICES - NO ADDED SUGAR,FRESH/FRUIT JUICES - NO ADDED SUGAR,Unprocessed/Minimally processed foods,1
Del Monte Pineapple Passion,3g,,,FRUIT DRINKS/SWEETENED JUICES & BOTTLED TEAS,FRUIT DRINKS/SWEETENED JUICE,Ultra-processed foods,0
Chamdor Sparkling Red Grape Wine,33g,,0.035g,SODAS AND CARBONATED DRINKS,SODAS,Ultra-processed foods,1
Aquamist Orange Frutz Drink,14g,,10.2g,FRUIT DRINKS/SWEETENED JUICES & BOTTLED TEAS,FRUIT DRINKS/SWEETENED JUICE,Ultra-processed foods,2
Ktc Lime Juice,,,,FRESH/FRUIT JUICES - NO ADDED SUGAR,LIME,Unprocessed/Minimally processed foods,0
Minute Maid Mango Pulpy Juice,14g,0.4g,0.001g,FRUIT DRINKS/SWEETENED JUICES & BOTTLED TEAS,FRUIT DRINKS/SWEETENED JUICE,Ultra-processed foods,1
Del Monte Tropical Fruit,13.4g,,,FRUITS,APPLES,Unprocessed/Minimally processed foods,1
Tamarind And Ginger Drink,23g,0g,0.015g,FRUIT DRINKS/SWEETENED JUICES & BOTTLED TEAS,FRUIT DRINKS/SWEETENED JUICE,Ultra-processed foods,1
Jooz Apple Juice,,,,FRUIT DRINKS/SWEETENED JUICES & BOTTLED TEAS,FRUIT DRINKS/SWEETENED JUICE,Ultra-processed foods,0
Del Monte Cranberry Apple,28g,,,FRUIT DRINKS/SWEETENED JUICES & BOTTLED TEAS,FRUIT DRINKS/SWEETENED JUICE,Ultra-processed foods,1
Osterberg Blueberry Lime And Chia Seed Fruit Drink,14g,,,FRUIT DRINKS/SWEETENED JUICES & BOTTLED TEAS,FRUIT DRINKS/SWEETENED JUICE,Ultra-processed foods,1
Del Monte Pineapple Mango,14g,,,FRESH/FRUIT JUICES - NO ADDED SUGAR,FRESH/FRUIT JUICES - NO ADDED SUGAR,Unprocessed/Minimally processed foods,1
Fitch And Leedes Indian Tonic Lite Sugar Free Can,0.1g,0.5g,,SODAS AND CARBONATED DRINKS,SODAS,Ultra-processed foods,0
Fruitville Apple Fruit Drink,0g,0g,0.011g,FRUIT DRINKS/SWEETENED JUICES & BOTTLED TEAS,FRUIT DRINKS/SWEETENED JUICE,Ultra-processed foods,0
Fruitville Strawberry And Banana Juice,0g,0g,0g,FRUIT DRINKS/SWEETENED JUICES & BOTTLED TEAS,FRUIT DRINKS/SWEETENED JUICE,Ultra-processed foods,0
Fitch And Leedes Ginger Ale Sparkling Drink,0.1g,0.5g,,SODAS AND CARBONATED DRINKS,SODAS,Ultra-processed foods,0
Peptang Ginger Lemon Honey Tamarind Dawa Drink,7.4g,0g,0.004g,FRUIT DRINKS/SWEETENED JUICES & BOTTLED TEAS,FRUIT DRINKS/SWEETENED JUICE,Ultra-processed foods,1
Del Monte Pure Apple Juice,10.8g,,,FRESH/FRUIT JUICES - NO ADDED SUGAR,FRESH/FRUIT JUICES - NO ADDED SUGAR,Unprocessed/Minimally processed foods,1
Quencher Fizto,,,,SODAS AND CARBONATED DRINKS,SODAS,Ultra-processed foods,0
Azam Ukwaju Tamarind Fruit Juice Drink,13g,,0.02g,FRUIT DRINKS/SWEETENED JUICES & BOTTLED TEAS,FRUIT DRINKS/SWEETENED JUICE,Ultra-processed foods,1
Ceres Hanepoot 100 White Grape Juice,,,0.02g,FRESH/FRUIT JUICES - NO ADDED SUGAR,FRESH/FRUIT JUICES - NO ADDED SUGAR,Unprocessed/Minimally processed foods,0
Del Monte Pineapple Orange,11.8g,,,FRUIT DRINKS/SWEETENED JUICES & BOTTLED TEAS,FRUIT DRINKS/SWEETENED JUICE,Ultra-processed foods,1
Core Lemon And Lime Blend Juice,14.8g,0.3g,0.0012g,FRUIT DRINKS/SWEETENED JUICES & BOTTLED TEAS,FRUIT DRINKS/SWEETENED JUICE,Ultra-processed foods,1
SPARKLING CHUPA CHUPS GRAPE,,,,SODAS AND CARBONATED DRINKS,SODAS,Ultra-processed foods,0
Fruitville Mango Juice,15g,0g,0.004g,FRUIT DRINKS/SWEETENED JUICES & BOTTLED TEAS,FRUIT DRINKS/SWEETENED JUICE,Ultra-processed foods,1
Pran Tamarind Fruit Drink,30g,0g,0.035g,FRUIT DRINKS/SWEETENED JUICES & BOTTLED TEAS,FRUIT DRINKS/SWEETENED JUICE,Ultra-processed foods,1
Jooz Pet Bottle Orange Juice,10g,,0.01g,FRUIT DRINKS/SWEETENED JUICES & BOTTLED TEAS,FRUIT DRINKS/SWEETENED JUICE,Ultra-processed foods,1
Fruit Dale Strawberry And Apple Fruity Milk Drink,,0.9g,,MILK DRINKS,FLAVOURED MILK,Ultra-processed foods,0
Fruit Dale Orange And Banana Fruity Milk Drink,,1g,,MILK DRINKS,FLAVOURED MILK,Ultra-processed foods,0
OKF SPARKLING ALOE LITE DRINK,,,,SODAS AND CARBONATED DRINKS,FLAVOURED WATER,Ultra-processed foods,0
Nawon Mixed Fruit Can,,,,FRUITS,APPLES,Processed foods,0
ARIZONA MUCHO MANGO F JUIC CCT 500M,,,,FRUIT DRINKS/SWEETENED JUICES & BOTTLED TEAS,FRUIT DRINKS/SWEETENED JUICE,Ultra-processed foods,0
Nawon Mango Fruit Can,,,,FRUITS,APPLES,Unprocessed/Minimally processed foods,0
Pran Cocktail Fruit Drink,13g,0g,0.012g,FRUIT DRINKS/SWEETENED JUICES & BOTTLED TEAS,FRUIT DRINKS/SWEETENED JUICE,Ultra-processed foods,1
Nawon Orange Fruit Can,,,,FRUITS,ORANGES,Unprocessed/Minimally processed foods,0
Weetabix Weetos Orange Chocolatey Hoops Cereal,,,,BREAKFAST CEREALS,WHEAT BISCUIT CEREALS,Ultra-processed foods,0
WEETABIX OREOS CEREAL,31g,2.4g,,BREAKFAST CEREALS,WHEAT BISCUIT CEREALS,Ultra-processed foods,1
Temmy s Choco Pillow Cocoa Cream Filled Cereal,26.5g,20g,0.28g,BREAKFAST CEREALS,FILLED CEREAL/POPS,Ultra-processed foods,3
Temmy s Choco Pops Puffed Corn With Cocoa Cereal,26.5g,20g,0.28g,BREAKFAST CEREALS,CORN PUFFS,Ultra-processed foods,3
Temmy s Kids Variety Pack Cereal,7g,0.5g,0.045g,BREAKFAST CEREALS,FILLED CEREAL/POPS,Ultra-processed foods,1
Temmy s Choco Scoops Cereal,10g,,0.075g,BREAKFAST CEREALS,FILLED CEREAL/POPS,Ultra-processed foods,1
Temmy s Honey Pops Cereal,,,,BREAKFAST CEREALS,FILLED CEREAL/POPS,Ultra-processed foods,0
TEMMYS CEREAL SWEET FLAKES,,,,BREAKFAST CEREALS,BREAKFAST CEREAL FLAKES,Ultra-processed foods,0
Elbbin Shapies Honey Hoops,6.6g,0.05g,,BREAKFAST CEREALS,CORN RINGS,Ultra-processed foods,1
Temmy s Choco Rice Cereal,26.5g,20g,0.28g,BREAKFAST CEREALS,RICE FLAKE CEREALS,Ultra-processed foods,3
Jake Pineapple Candy,55g,0.5g,,CANDY AND CONFECTIONERY,SWEETS/CANDY,Ultra-processed foods,1
Jake Jelly Mania Sharks Gummies Candy,,,,CANDY AND CONFECTIONERY,SWEETS/CANDY,Ultra-processed foods,0
Jake Teddy Bears Candy,51g,,,CANDY AND CONFECTIONERY,SWEETS/CANDY,Ultra-processed foods,1
Polo Sugar Free Tube,,,,CANDY AND CONFECTIONERY,SWEETS/CANDY,Ultra-processed foods,0
Milka Oreo,,,,CHOCOLATE,CHOCOLATE BAR,Ultra-processed foods,0
Weetabix Wholegrain Cereal,4.4g,2g,,BREAKFAST CEREALS,WHEAT BISCUIT CEREALS,Processed foods,0
Kellogg S Frosties,37g,0.6g,0.332g,BREAKFAST CEREALS,FILLED CEREAL/POPS,Ultra-processed foods,2
Kellogg S Cereal Rice Crispies,2.4g,0.1g,0.12g,BREAKFAST CEREALS,RICE FLAKE CEREALS,Ultra-processed foods,0
Fit Cereal Honey Balls,,2.5g,0.224g,BREAKFAST CEREALS,FILLED CEREAL/POPS,Ultra-processed foods,0
Weetabix Vanilla Flavour Cereals Biscuits,13.3g,1.9g,0.2g,BREAKFAST CEREALS,WHEAT BISCUIT CEREALS,Ultra-processed foods,1
Weetabix Bran Flakes,12g,2.7g,0.00014g,BREAKFAST CEREALS,WHEAT BISCUIT CEREALS,Ultra-processed foods,1
Weetabix Wholegrain Cereals,4.4g,2g,,BREAKFAST CEREALS,WHEAT BISCUIT CEREALS,Processed foods,0
Weetabix Banana Cereal,2g,2.3g,0.241g,BREAKFAST CEREALS,WHEAT BISCUIT CEREALS,Ultra-processed foods,0
Weetabix Wholegrain Banana Cereal,2g,2.3g,0.241g,BREAKFAST CEREALS,WHEAT BISCUIT CEREALS,Ultra-processed foods,0
Morning Harvest Rice Crispies,7g,1g,,BREAKFAST CEREALS,RICE FLAKE CEREALS,Ultra-processed foods,1
Weetabix Strawberry Flavour Cereals Biscuits,13g,1.9g,0.2g,BREAKFAST CEREALS,WHEAT BISCUIT CEREALS,Ultra-processed foods,1
Naturalli Crunchy Bran Muesli Cereal,7.8g,3.8g,,BREAKFAST CEREALS,MUESLI,Ultra-processed foods,1
Nestle Cerevita Flakes With Milk,9g,5g,0.119g,BREAKFAST CEREALS,BREAKFAST CEREAL FLAKES,Ultra-processed foods,1
NuVita Cereos Choco Chip Cereal,26.5g,20g,0.28g,BREAKFAST CEREALS,FILLED CEREAL/POPS,Ultra-processed foods,3
Morning Harvest Bran Flakes,13.4g,2g,,BREAKFAST CEREALS,BRAN CEREALS,Ultra-processed foods,1
Manji Manjimix Oats With Almonds And Raisins Whole Grain Cereal Biscuits,,1.9g,,"COOKIES, BISCUITS AND WAFERS",BISCUITS,Ultra-processed foods,0
Fit Cereal Choco Rice,,3.5g,0.22g,BREAKFAST CEREALS,RICE FLAKE CEREALS,Ultra-processed foods,0
Fit Choco Rice Cereal,0g,3g,0.003g,BREAKFAST CEREALS,RICE FLAKE CEREALS,Ultra-processed foods,0
NuVita Cereos Honey Cinnamon Cereal,26.5g,20g,0.28g,BREAKFAST CEREALS,FILLED CEREAL/POPS,Ultra-processed foods,3
Fit Cereal Honey Wheat,,4.1g,0.076g,BREAKFAST CEREALS,WHEAT BISCUIT CEREALS,Ultra-processed foods,0
Bob s Red Mill 7 Grain Hot Cereal,0g,1g,,BREAKFAST CEREALS,OATMEAL/PORRIDGE,Unprocessed/Minimally processed foods,0
Nestle Cerevita Honey Breakfast Cereal,16g,2.9g,,BREAKFAST CEREALS,BREAKFAST CEREAL FLAKES,Ultra-processed foods,1
Jordans County Crisp Honey Nut,,,,BREAKFAST CEREALS,GRANOLA,Ultra-processed foods,0
CAPILANO Manuka Australian Floral Honey,82.5g,,0.015g,HONEY,HONEY,Unprocessed/Minimally processed foods,1
Capilano Pure Yellow Honey Squeeze,,,,HONEY,HONEY,Unprocessed/Minimally processed foods,0
P A CEREAL CORNFLAKES VALUEPACK,8g,0.9g,,BREAKFAST CEREALS,CORN FLAKE CEREALS,Ultra-processed foods,1
Morning Harvest Corn Flakes Cereal,9.2g,3.1g,0.00188g,BREAKFAST CEREALS,CORN FLAKE CEREALS,Ultra-processed foods,1
Kellogg S Corn Flakes,8g,0.9g,,BREAKFAST CEREALS,CORN FLAKE CEREALS,Ultra-processed foods,1
Proctor Allan Corn Flakes Value,8g,0.9g,,BREAKFAST CEREALS,CORN FLAKE CEREALS,Ultra-processed foods,1
Morning Harvest Cornflakes Bag,,,,BREAKFAST CEREALS,CORN FLAKE CEREALS,Ultra-processed foods,0
Weetabix Cornflakes Cereals,2g,2.3g,0.241g,BREAKFAST CEREALS,WHEAT BISCUIT CEREALS,Ultra-processed foods,0
Proctor Allan Corn Flakes,8g,0.9g,,BREAKFAST CEREALS,CORN FLAKE CEREALS,Ultra-processed foods,1
Weetabix Corn Flakes Fruity Frenzy,,,,BREAKFAST CEREALS,WHEAT BISCUIT CEREALS,Ultra-processed foods,0
Proctor And Allan Corn Flakes,8g,0.9g,0g,BREAKFAST CEREALS,CORN FLAKE CEREALS,Ultra-processed foods,1
Weetabix Chocolate,17g,3.8g,0.012g,BREAKFAST CEREALS,WHEAT BISCUIT CEREALS,Ultra-processed foods,1
Weetabix Crispy Crunchy Corn Flakes,5.1g,0.9g,0g,BREAKFAST CEREALS,WHEAT BISCUIT CEREALS,Ultra-processed foods,1
Temmy s Corn Flakes Cereal,9g,1g,0.14g,BREAKFAST CEREALS,CORN FLAKE CEREALS,Ultra-processed foods,1
Weetabix Crunch Cornflakes,5.1g,0.9g,,BREAKFAST CEREALS,WHEAT BISCUIT CEREALS,Ultra-processed foods,1
WEETABIX CORNFLAKES EXT CRUNCHY,,,,BREAKFAST CEREALS,WHEAT BISCUIT CEREALS,Ultra-processed foods,0
Temmy s Delicious Corn Flakes Cereal,,,0.508g,BREAKFAST CEREALS,CORN FLAKE CEREALS,Ultra-processed foods,1
P A CORNFLAKES,,,,BREAKFAST CEREALS,CORN FLAKE CEREALS,Processed foods,0
Fit Cereal Corn Flakes,,3g,0.7g,BREAKFAST CEREALS,CORN FLAKE CEREALS,Ultra-processed foods,1
Morning Harvest Corn Flakes,,,,BREAKFAST CEREALS,CORN FLAKE CEREALS,Ultra-processed foods,0
Morning Harvest Frosted Corn Flakes,6.1g,1.2g,,BREAKFAST CEREALS,CORN FLAKE CEREALS,Ultra-processed foods,1
Nestle Go Free Corn Flakes,,,,BREAKFAST CEREALS,CORN FLAKE CEREALS,Ultra-processed foods,0
Tic Tac Citrus Mix,,,,CANDY AND CONFECTIONERY,SWEETS/CANDY,Ultra-processed foods,0
Vidal Strawberry Cream Drops,62g,0g,,CANDY AND CONFECTIONERY,SWEETS/CANDY,Ultra-processed foods,1
Candy Castle Crew Neon Yo Yo Spinner Fruit Star Candy,97g,,,CANDY AND CONFECTIONERY,SWEETS/CANDY,Ultra-processed foods,1
Bip Dino Friends Lolly Pop Up Sweet Candy,,,,CANDY AND CONFECTIONERY,SWEETS/CANDY,Ultra-processed foods,0
Carrefour Sugar Free Fruit Candy,,,,CANDY AND CONFECTIONERY,SWEETS/CANDY,Ultra-processed foods,0
HERSHEYS DUO SB ICE BREAKERS,,,,CANDY AND CONFECTIONERY,CHEWING GUMS,Ultra-processed foods,0
Nom Noms Sours Cola Mini Marshmallow,15.5g,0g,0g,CANDY AND CONFECTIONERY,SWEETS/CANDY,Ultra-processed foods,1
Candyland Super Twister Marshmallow Candy Sticks,51g,,0.0008g,CANDY AND CONFECTIONERY,SWEETS/CANDY,Ultra-processed foods,1
Nom Noms Sours Apple Mini Marshmallow,20g,0g,0g,CANDY AND CONFECTIONERY,SWEETS/CANDY,Ultra-processed foods,1
Nom Noms Mini Chocolate Marshmallows,21.1g,0g,0.0045g,CANDY AND CONFECTIONERY,SWEETS/CANDY,Ultra-processed foods,1
Nom Noms Sours Peach Mini Marshmallow,15.8g,0g,0.0069g,CANDY AND CONFECTIONERY,SWEETS/CANDY,Ultra-processed foods,1
Nom Noms Sours Strawberry Mini Marshmallows,53.6g,0.6g,0.036g,CANDY AND CONFECTIONERY,SWEETS/CANDY,Ultra-processed foods,1
Nom Noms Original Mini Marshmallows,21.3g,0.3g,0.0044g,CANDY AND CONFECTIONERY,SWEETS/CANDY,Ultra-processed foods,1
Fini Strawberry Sour Pencils Jelly,89g,10g,,CANDY AND CONFECTIONERY,SWEETS/CANDY,Ultra-processed foods,2
Casa Del Dolce Gluten Free Molly Marshmallow,68.9g,0.1g,0.0001g,CANDY AND CONFECTIONERY,SWEETS/CANDY,Ultra-processed foods,1
Fini Clouds Marshmallow,69g,,,CANDY AND CONFECTIONERY,SWEETS/CANDY,Ultra-processed foods,1
Nom Noms Original Marshmallows,21.3g,0.3g,0.0044g,CANDY AND CONFECTIONERY,SWEETS/CANDY,Ultra-processed foods,1
Carrefour Marshmallows,71g,0.5g,,CANDY AND CONFECTIONERY,SWEETS/CANDY,Ultra-processed foods,1
Florestal Zolle Stick Green Apple Chewing Candy,58.1g,2.6g,,CANDY AND CONFECTIONERY,SWEETS/CANDY,Ultra-processed foods,1
Florestal Zolle Tubinhos Strawberry Chewable Candy,52g,1g,0.035g,CANDY AND CONFECTIONERY,SWEETS/CANDY,Ultra-processed foods,1
Zed Funny Faces Soft Chewy Candy,8g,0.5g,,CANDY AND CONFECTIONERY,SWEETS/CANDY,Ultra-processed foods,1
Mentos Roll Rainbow Chewy,,,,CANDY AND CONFECTIONERY,SWEETS/CANDY,Ultra-processed foods,0
Zed Magic Eggs Soft Chewy Candy,8g,0.5g,,CANDY AND CONFECTIONERY,SWEETS/CANDY,Ultra-processed foods,1
Zed Fruits Salad Soft Chewy Candy,8g,,,CANDY AND CONFECTIONERY,SWEETS/CANDY,Ultra-processed foods,1
CASA DEL DOLCE PLANET GUM,,,,CANDY AND CONFECTIONERY,CHEWING GUMS,Ultra-processed foods,0
Jake Mints S M Flavored Candy,,,,CANDY AND CONFECTIONERY,SWEETS/CANDY,Ultra-processed foods,0
Jake Funny Sour Pencils Strawberry Candy,62g,2.9g,,CANDY AND CONFECTIONERY,SWEETS/CANDY,Ultra-processed foods,1
Jake Sour Wild Strawberries Candy,61g,0g,,CANDY AND CONFECTIONERY,SWEETS/CANDY,Ultra-processed foods,1
Fini Strawberry Sugar Jelly Kisses Candy,58g,,,CANDY AND CONFECTIONERY,SWEETS/CANDY,Ultra-processed foods,1
Jake Mints Peppermint,,,,CANDY AND CONFECTIONERY,SWEETS/CANDY,Ultra-processed foods,0
Jake Vitamin Candy Coconut BlckCurrant,,,,CANDY AND CONFECTIONERY,SWEETS/CANDY,Ultra-processed foods,0
Jake Vitamin Candy Peach,,,,CANDY AND CONFECTIONERY,SWEETS/CANDY,Ultra-processed foods,0
Jake Vitamin Candy Lime With Green Tea,,,,CANDY AND CONFECTIONERY,SWEETS/CANDY,Ultra-processed foods,0
Jake Vitamincandy Jabuka Candy,,,,CANDY AND CONFECTIONERY,SWEETS/CANDY,Ultra-processed foods,0
Chupa Chups Strawberry Love Lollipop,82g,0.3g,,CANDY AND CONFECTIONERY,SWEETS/CANDY,Ultra-processed foods,1
Tropical Heat Pops Salted Nachos,,1.87g,,SWEET AND SAVOURY SNACKS,BHUSU MIX,Ultra-processed foods,0
Carrefour Corneez Chilli Crispy Corn Snacks,4g,28g,1.029g,SWEET AND SAVOURY SNACKS,CORN CURLS,Ultra-processed foods,2
Tropical Heat Pops Chilli Lime Nachos,,22.05g,,SWEET AND SAVOURY SNACKS,BHUSU MIX,Ultra-processed foods,1
Bake Rolz Olive Snack,,,,SWEET AND SAVOURY SNACKS,BHUSU MIX,Ultra-processed foods,0
Bake Rolz Chili Lemon Snack,,,,SWEET AND SAVOURY SNACKS,BHUSU MIX,Ultra-processed foods,0
Norda Urban Stix Kuku Choma Crunchy Corn Snacks,1.3g,22.7g,,SWEET AND SAVOURY SNACKS,CORN CURLS,Ultra-processed foods,1
Bake Rolz Spicy Cheese Snack,,,,SWEET AND SAVOURY SNACKS,BHUSU MIX,Ultra-processed foods,0
Carrefour Spicy Nacho Tortilla Chips,28g,21g,0.842g,SWEET AND SAVOURY SNACKS,BHUSU MIX,Ultra-processed foods,3
Carrefour Nacho Cheese Tortilla Chips,48g,20g,1.05g,SWEET AND SAVOURY SNACKS,CORN CURLS,Ultra-processed foods,3
Bake Rolz Salt Vinegar Snack,,,,SWEET AND SAVOURY SNACKS,BHUSU MIX,Ultra-processed foods,0
Bake Rolz Ketchup Snack,,,,SWEET AND SAVOURY SNACKS,BHUSU MIX,Ultra-processed foods,0
Tropical Heat Pops Cheese Nachos,,21.35g,,SWEET AND SAVOURY SNACKS,BHUSU MIX,Ultra-processed foods,1
Bake Rolz Spicy Kebab Snack,,,,SWEET AND SAVOURY SNACKS,BHUSU MIX,Ultra-processed foods,0
Bake Rolz Pizza Snack,,,,SWEET AND SAVOURY SNACKS,BHUSU MIX,Ultra-processed foods,0
Bake Rolz Sweet Chili Snack,,,,SWEET AND SAVOURY SNACKS,BHUSU MIX,Ultra-processed foods,0
Bake Rolz Mix Cheese Snack,,,,SWEET AND SAVOURY SNACKS,BHUSU MIX,Ultra-processed foods,0
Tropical Heat Pops Tomato Nachos,,21.42g,,SWEET AND SAVOURY SNACKS,BHUSU MIX,Ultra-processed foods,1
Nutrameal Imported Popcorn Kernels,,4g,0.004g,POPCORN KERNELS,POPCORN KERNELS,Unprocessed/Minimally processed foods,0
Floydeez Caramel Popcorn,,3.67g,0.2g,SWEET AND SAVOURY SNACKS,POPCORN,Ultra-processed foods,0
Floydeez Popcorn Chocolate,18g,9.4g,0.106g,SWEET AND SAVOURY SNACKS,POPCORN,Ultra-processed foods,2
Floydeez Popcorn Caramel,27g,18g,,SWEET AND SAVOURY SNACKS,POPCORN,Ultra-processed foods,2
Floydeez Crunchy Coconut Popcorn,34g,24g,0.133g,SWEET AND SAVOURY SNACKS,POPCORN,Ultra-processed foods,2
Floydeez Popcorn Limited Edition,,,,SWEET AND SAVOURY SNACKS,POPCORN,Ultra-processed foods,0
Jimcy Popcorn,,,,SWEET AND SAVOURY SNACKS,POPCORN,Processed foods,0
Milya s Caramel Popcorn,,3.67g,0.2g,SWEET AND SAVOURY SNACKS,POPCORN,Ultra-processed foods,0
Milya s Tutti Frutti Flavoured Popcorn,38g,11.5g,,SWEET AND SAVOURY SNACKS,POPCORN,Ultra-processed foods,2
Carrefour Pop Croc Pocket Chocolate,,,,"COOKIES, BISCUITS AND WAFERS",BISCUITS,Ultra-processed foods,0
Floydeez Chocolate Popcorn,27g,18g,,SWEET AND SAVOURY SNACKS,POPCORN,Ultra-processed foods,2
Kudos Salted Popcorn,,8.1g,0.5g,SWEET AND SAVOURY SNACKS,POPCORN,Ultra-processed foods,2
American Garden Popcorn Butter,,8g,0.32g,SWEET AND SAVOURY SNACKS,POPCORN,Ultra-processed foods,2
Milya s Tuttifrutti Flavoured Popcorn,38g,11.5g,,SWEET AND SAVOURY SNACKS,POPCORN,Ultra-processed foods,2
NuVita Bravo G Glucose Biscuits,,15g,,"COOKIES, BISCUITS AND WAFERS",BISCUITS,Ultra-processed foods,1
NuVita Vitamilk Milky Biscuits,9g,7.5g,0.05g,"COOKIES, BISCUITS AND WAFERS",BISCUITS,Ultra-processed foods,1
Manji Glucose Biscuit,,15g,,"COOKIES, BISCUITS AND WAFERS",BISCUITS,Ultra-processed foods,1
NuVita Choco Biscuits,,25g,,"COOKIES, BISCUITS AND WAFERS",BISCUITS,Ultra-processed foods,1
Treatos Glucose Biscuits,18.4g,14.11g,0.0003g,"COOKIES, BISCUITS AND WAFERS",BISCUITS,Ultra-processed foods,2
Treatos Milk Biscuits,18.4g,14.52g,0.0002g,"COOKIES, BISCUITS AND WAFERS",BISCUITS,Ultra-processed foods,2
NuVita Energy glucose Biscuits,,15g,,"COOKIES, BISCUITS AND WAFERS",BISCUITS,Ultra-processed foods,1
NuVita Energy Honey Biscuits,25.7g,26.4g,0.36g,"COOKIES, BISCUITS AND WAFERS",BISCUITS,Ultra-processed foods,3
Treatos Ginger Snap Biscuits,19.92g,0g,0.0005g,"COOKIES, BISCUITS AND WAFERS",BISCUITS,Ultra-processed foods,1
Parle Nice Coconut Biscuits,,16.9g,,"COOKIES, BISCUITS AND WAFERS",BISCUITS,Ultra-processed foods,1
Parle Milk Power Biscuits,0g,14g,,"COOKIES, BISCUITS AND WAFERS",BISCUITS,Ultra-processed foods,1
NuVita Family Biscuits,,15.9g,,"COOKIES, BISCUITS AND WAFERS",BISCUITS,Ultra-processed foods,1
Parle G Original Glucose Biscuits,,12.9g,,"COOKIES, BISCUITS AND WAFERS",BISCUITS,Ultra-processed foods,1
Sunveat Family Bite Original Biscuits,22g,12g,0g,"COOKIES, BISCUITS AND WAFERS",BISCUITS,Ultra-processed foods,2
NuVita Family Orange Biscuits,20.9g,13.7g,,"COOKIES, BISCUITS AND WAFERS",BISCUITS,Ultra-processed foods,2
Manji Marie Classic Biscuits,0g,17g,0g,"COOKIES, BISCUITS AND WAFERS",BISCUITS,Ultra-processed foods,1
Sunveat Koko Coffee,,9g,,COFFEE,COFFEE - UNSWEETENED WITHOUT MILK,Processed foods,1
Yego Marie Biscuits,,,,"COOKIES, BISCUITS AND WAFERS",BISCUITS,Ultra-processed foods,0
NuVita Breaktime Biscuits,0g,28g,0.364g,"COOKIES, BISCUITS AND WAFERS",BISCUITS,Ultra-processed foods,2
Yego Shortcake Biscuits,,13.42g,,"COOKIES, BISCUITS AND WAFERS",BISCUITS,Ultra-processed foods,1
Golden Marie Biscuits,21.9g,10.7g,,"COOKIES, BISCUITS AND WAFERS",BISCUITS,Ultra-processed foods,2
NuVita Breaktime Coconut Biscuits,8g,32g,0.671g,"COOKIES, BISCUITS AND WAFERS",BISCUITS,Ultra-processed foods,3
Sunveat Lemon Delight Tea Biscuits,,16.9g,,"COOKIES, BISCUITS AND WAFERS",BISCUITS,Ultra-processed foods,1
NuVita Crunchy ginger Biscuits,,,,"COOKIES, BISCUITS AND WAFERS",BISCUITS,Ultra-processed foods,0
NuVita Marie Biscuits,19.8g,13.5g,0.257g,"COOKIES, BISCUITS AND WAFERS",BISCUITS,Ultra-processed foods,2
Manji Classic Real Ginger Cookies,,,,"COOKIES, BISCUITS AND WAFERS",COOKIES,Ultra-processed foods,0
Manji High Energy Honey And Chocolate Biscuit,12g,8g,0.17g,"COOKIES, BISCUITS AND WAFERS",BISCUITS,Ultra-processed foods,2
Manji High Energy Egg And Milk Biscuit,0g,15g,0g,"COOKIES, BISCUITS AND WAFERS",BISCUITS,Ultra-processed foods,1
Manji Gingernut Biscuit,,2g,0g,"COOKIES, BISCUITS AND WAFERS",BISCUITS,Ultra-processed foods,0
Manji Nice Coconut Biscuit,0g,4g,0g,"COOKIES, BISCUITS AND WAFERS",BISCUITS,Ultra-processed foods,0
NuVita Tea Biscuits,8g,32g,0.671g,"COOKIES, BISCUITS AND WAFERS",BISCUITS,Ultra-processed foods,3
Manji Marie Biscuits,0g,17g,0g,"COOKIES, BISCUITS AND WAFERS",BISCUITS,Ultra-processed foods,1
Manji Family Biscuits,0g,4g,0g,"COOKIES, BISCUITS AND WAFERS",BISCUITS,Ultra-processed foods,0
Parle Hide Seek Bourbon Cream Sandwich Biscuits,41.3g,15.9g,0.106g,"COOKIES, BISCUITS AND WAFERS",BISCUITS,Ultra-processed foods,2
Parle Krackjack Biscuits,18.5g,21.4g,,"COOKIES, BISCUITS AND WAFERS",BISCUITS,Ultra-processed foods,2
Britannia Little Heart Biscuits,24.5g,20g,,"COOKIES, BISCUITS AND WAFERS",BISCUITS,Ultra-processed foods,2
PARLE MONACO CLASSIC BISCUITS,7.7g,21g,,"COOKIES, BISCUITS AND WAFERS",BISCUITS,Ultra-processed foods,2
Manji Shortcake Biscuit,2g,2g,0g,"COOKIES, BISCUITS AND WAFERS",BISCUITS,Ultra-processed foods,0
NuVita Butter Bites Biscuits,,25g,,"COOKIES, BISCUITS AND WAFERS",BISCUITS,Ultra-processed foods,1
Yego Glucose,,15g,,CANDY AND CONFECTIONERY,GLUCOSE,Processed foods,1
Manji Milkstar Milk Biscuit With Glucose,0g,6g,0g,"COOKIES, BISCUITS AND WAFERS",BISCUITS,Ultra-processed foods,0
Britannia Good Day Pista Almond Cookies,23.53g,23.53g,0.00031g,"COOKIES, BISCUITS AND WAFERS",COOKIES,Ultra-processed foods,2
Parle Hide Seek Black Bourbon Vanilla Sandwich Biscuits,45g,17g,,"COOKIES, BISCUITS AND WAFERS",BISCUITS,Ultra-processed foods,2
Golden Family Tea Biscuit,,4g,0.105g,"COOKIES, BISCUITS AND WAFERS",BISCUITS,Ultra-processed foods,0
Sunveat Real Coconut Cookies,,16.9g,,"COOKIES, BISCUITS AND WAFERS",COOKIES,Ultra-processed foods,1
GOLDEN FAMILY TEA BISCUITS,,4g,0.105g,"COOKIES, BISCUITS AND WAFERS",BISCUITS,Ultra-processed foods,0
Tiffany Every Day Marie Tea Biscuits,19.8g,13.5g,0.257g,"COOKIES, BISCUITS AND WAFERS",BISCUITS,Ultra-processed foods,2
LU BAKERI CLASSIC BISCUIT,,,,"COOKIES, BISCUITS AND WAFERS",BISCUITS,Ultra-processed foods,0
Golden Coco Nice Biscuits,,16.9g,,"COOKIES, BISCUITS AND WAFERS",BISCUITS,Ultra-processed foods,1
Golden Ginger Snaps Biscuits,34.2g,18.4g,,"COOKIES, BISCUITS AND WAFERS",BISCUITS,Ultra-processed foods,2
NuVita Sunbix Malty Shortcake,,13.42g,,"COOKIES, BISCUITS AND WAFERS",BISCUITS,Ultra-processed foods,1
Ubisco Nice Biscuits,6g,7g,0.055g,"COOKIES, BISCUITS AND WAFERS",BISCUITS,Ultra-processed foods,1
Sunveat Original Family Biscuits,22g,12g,0g,"COOKIES, BISCUITS AND WAFERS",BISCUITS,Ultra-processed foods,2
Sunveat Family Chocolate Biscuits,22g,12g,0g,"COOKIES, BISCUITS AND WAFERS",BISCUITS,Ultra-processed foods,2
Britannia Pure Magic Chocolush Biscuits,34g,28g,,"COOKIES, BISCUITS AND WAFERS",BISCUITS,Ultra-processed foods,2
Britannia Toastea Suji Rusk Toast,23g,8.3g,,"COOKIES, BISCUITS AND WAFERS",BISCUITS,Ultra-processed foods,2
NuVita Westbury39S Original Coconut Biscuits,19g,17g,0g,"COOKIES, BISCUITS AND WAFERS",BISCUITS,Ultra-processed foods,2
Britannia Good Day Chocochip Cookies,10g,7g,0.131g,"COOKIES, BISCUITS AND WAFERS",COOKIES,Ultra-processed foods,1
Oreo Golden Biscuits,37.9g,19.7g,0.42g,"COOKIES, BISCUITS AND WAFERS",BISCUITS,Ultra-processed foods,3
Parle Sweet And Salty Krack Jack Biscuits,19.6g,19.9g,0.371g,"COOKIES, BISCUITS AND WAFERS",BISCUITS,Ultra-processed foods,3
Manji Nice Biscuit,0g,4g,0g,"COOKIES, BISCUITS AND WAFERS",BISCUITS,Ultra-processed foods,0
Britannia Toastea Milk Rusk Toast,22g,15.8g,,"COOKIES, BISCUITS AND WAFERS",BISCUITS,Ultra-processed foods,2
Britannia Toastea Wheat Rusk Toast,8.5g,,0.065g,"COOKIES, BISCUITS AND WAFERS",BISCUITS,Ultra-processed foods,1
Manji Treat Cashew Cookies,22g,18g,0.3g,"COOKIES, BISCUITS AND WAFERS",COOKIES,Ultra-processed foods,3
Bakers Original Topper Vanilla Cream Biscuits,,2.6g,0.032g,"COOKIES, BISCUITS AND WAFERS",BISCUITS,Ultra-processed foods,0
Manji Treat Milk Chocolate Cookies,,25g,,"COOKIES, BISCUITS AND WAFERS",COOKIES,Ultra-processed foods,1
NuVita Shortbread ginger Biscuits,,,,"COOKIES, BISCUITS AND WAFERS",BISCUITS,Ultra-processed foods,0
NuVita Shortbread Regular Biscuits,3g,5g,0.05g,"COOKIES, BISCUITS AND WAFERS",BISCUITS,Ultra-processed foods,0
NuVita Shortbread Choco Chip Biscuits,25.7g,27.6g,,"COOKIES, BISCUITS AND WAFERS",BISCUITS,Ultra-processed foods,2
Manji Shortbread Biscuits,18g,27.5g,,"COOKIES, BISCUITS AND WAFERS",BISCUITS,Ultra-processed foods,2
Manji Biscuits Chocolate,,,,"COOKIES, BISCUITS AND WAFERS",BISCUITS,Ultra-processed foods,0
Carrefour Galette Coconut Biscuits,30g,20g,,"COOKIES, BISCUITS AND WAFERS",BISCUITS,Ultra-processed foods,2
Bakers Choc o break Biscuits,,,,"COOKIES, BISCUITS AND WAFERS",BISCUITS,Ultra-processed foods,0
Bakers Tennis Double Biscuits Cream,,,,"COOKIES, BISCUITS AND WAFERS",BISCUITS,Ultra-processed foods,0
Manji Morning Breeze Biscuits,16g,1g,0.035g,"COOKIES, BISCUITS AND WAFERS",BISCUITS,Ultra-processed foods,1
Honeycomb Cookies Ginger,0g,1g,0g,"COOKIES, BISCUITS AND WAFERS",COOKIES,Ultra-processed foods,0
Bakers Blue Label Marie Biscuits,21.7g,9.5g,0.377g,"COOKIES, BISCUITS AND WAFERS",BISCUITS,Ultra-processed foods,3
Mcvitie s Marie Finger Biscuits,20.7g,14.3g,0.016g,"COOKIES, BISCUITS AND WAFERS",BISCUITS,Ultra-processed foods,2
Highland Scottish Petticoat Tails Shortbread,16.4g,25.7g,,"COOKIES, BISCUITS AND WAFERS",BISCUITS,Ultra-processed foods,2
NuVita Nice,0g,4g,0g,"COOKIES, BISCUITS AND WAFERS",BISCUITS,Ultra-processed foods,0
Sunveat Short Cake Biscuits,48.5g,14.2g,,"COOKIES, BISCUITS AND WAFERS",BISCUITS,Ultra-processed foods,2
Sunveat Assorted Classic Biscuits,22g,12g,0g,"COOKIES, BISCUITS AND WAFERS",BISCUITS,Ultra-processed foods,2
Manji Nice Biscuits With Coconut Budget,0g,4g,0g,"COOKIES, BISCUITS AND WAFERS",BISCUITS,Ultra-processed foods,0
Golden Delicious Shortcake Biscuits,48.5g,14.2g,,"COOKIES, BISCUITS AND WAFERS",BISCUITS,Ultra-processed foods,2
Golden Nice Coconut Biscuits,30.5g,15g,0.016g,"COOKIES, BISCUITS AND WAFERS",BISCUITS,Ultra-processed foods,2
Bakers Original Romany Creams Mint Chocolate Coconut Biscuits,29.5g,25.6g,0.479g,"COOKIES, BISCUITS AND WAFERS",BISCUITS,Ultra-processed foods,3
Golden Scotch Short Cake Biscuit,7g,5g,,"COOKIES, BISCUITS AND WAFERS",BISCUITS,Ultra-processed foods,1
Highland Speciality Shortbread Assortment,,,,"COOKIES, BISCUITS AND WAFERS",BISCUITS,Ultra-processed foods,0
NuVita Shortcake Biscuits,,13.42g,,"COOKIES, BISCUITS AND WAFERS",BISCUITS,Ultra-processed foods,1
Carrefour Russian Cigarette Biscuit,,,,"COOKIES, BISCUITS AND WAFERS",BISCUITS,Ultra-processed foods,0
Carrefour Petit Beurre Biscuit,,,,"COOKIES, BISCUITS AND WAFERS",BISCUITS,Ultra-processed foods,0
Manji Ginger Snaps Biscuits,0g,2g,0g,"COOKIES, BISCUITS AND WAFERS",BISCUITS,Ultra-processed foods,0
MANJI BISCUITS ASSORTED BUDGET1K,,,,"COOKIES, BISCUITS AND WAFERS",BISCUITS,Ultra-processed foods,0
Bakers Classic Romany Creams Chocolate Biscuits,33.8g,21.3g,0.466g,"COOKIES, BISCUITS AND WAFERS",BISCUITS,Ultra-processed foods,3
Jacobsens Christmas Caramel Chocolate Cookies,,,,"COOKIES, BISCUITS AND WAFERS",COOKIES,Ultra-processed foods,0
Jacobsens M P Choc Chip Cookies,,,,"COOKIES, BISCUITS AND WAFERS",COOKIES,Ultra-processed foods,0
Walkers Milk White And Dark Chocolate Classics,58g,23.1g,0.09g,CHOCOLATE,CHOCOLATE,Ultra-processed foods,2
Jacobsens Christmas Tins Assorted,,,,"COOKIES, BISCUITS AND WAFERS",BISCUITS,Ultra-processed foods,0
Cadbury Heroes Chocolate,57g,23g,,CHOCOLATE,CHOCOLATE,Ultra-processed foods,2
Mars Celebrations Chocolate,55g,24g,,CANDY AND CONFECTIONERY,CHOCOLATE,Ultra-processed foods,2
Nestle Quality Street Chocolate,58g,20.7g,,CHOCOLATE,CHOCOLATE,Ultra-processed foods,2
Yego Nice Biscuits,,13.42g,,"COOKIES, BISCUITS AND WAFERS",BISCUITS,Ultra-processed foods,1
NuVita Sugar Free Digestive Biscuit,,7g,,"COOKIES, BISCUITS AND WAFERS",BISCUITS,Ultra-processed foods,0
GOLDEN DIGESTIVE CLASSIC,,21g,,"COOKIES, BISCUITS AND WAFERS",BISCUITS,Ultra-processed foods,1
Yego Digestive Biscuits,,15.2g,,"COOKIES, BISCUITS AND WAFERS",BISCUITS,Ultra-processed foods,1
Sunveat Oat And Honey Digestive Biscuit,,17g,,"COOKIES, BISCUITS AND WAFERS",BISCUITS,Ultra-processed foods,1
Sunveat Ginger Nut Biscuit,28g,16g,0.37g,"COOKIES, BISCUITS AND WAFERS",BISCUITS,Ultra-processed foods,3
Sunveat Digestive Biscuit,,19g,,"COOKIES, BISCUITS AND WAFERS",BISCUITS,Ultra-processed foods,1
Manji Good Day Digestive Biscuit,,17g,,"COOKIES, BISCUITS AND WAFERS",BISCUITS,Ultra-processed foods,1
Nuvita Digestive Vanilla Creams,,6g,0.14g,"COOKIES, BISCUITS AND WAFERS",BISCUITS,Ultra-processed foods,0
Nuvita Digestive Chocolate Creams,3g,3g,,"COOKIES, BISCUITS AND WAFERS",BISCUITS,Ultra-processed foods,0
Yego Shortcake Biscuits 48X,,13.42g,,"COOKIES, BISCUITS AND WAFERS",BISCUITS,Ultra-processed foods,1
Treatos Ginger Cookies,,22.75g,,"COOKIES, BISCUITS AND WAFERS",COOKIES,Ultra-processed foods,1
Treatos Digestive Biscuits,18.25g,20.44g,0.00019g,"COOKIES, BISCUITS AND WAFERS",BISCUITS,Ultra-processed foods,2
Golden Digestive High Fiber Biscuits,16g,12g,0.27g,"COOKIES, BISCUITS AND WAFERS",BISCUITS,Ultra-processed foods,3
Ubisco Digestive Biscuits,2g,3g,,"COOKIES, BISCUITS AND WAFERS",BISCUITS,Ultra-processed foods,0
Britannia Digestive Biscuits,15g,24g,0.55g,"COOKIES, BISCUITS AND WAFERS",BISCUITS,Ultra-processed foods,3
Manji Digestive Biscuit,,17g,,"COOKIES, BISCUITS AND WAFERS",BISCUITS,Ultra-processed foods,1
Nuvita Digestive Biscuits,19g,17g,,"COOKIES, BISCUITS AND WAFERS",BISCUITS,Ultra-processed foods,2
NuVita Oat Digestive Biscuit,19g,23g,,"COOKIES, BISCUITS AND WAFERS",BISCUITS,Ultra-processed foods,2
Yego Digestive Biscuits 24X,,15.2g,,"COOKIES, BISCUITS AND WAFERS",BISCUITS,Ultra-processed foods,1
Nuvita Sugerfree Digestive Biscuits,,7g,,"COOKIES, BISCUITS AND WAFERS",BISCUITS,Ultra-processed foods,0
GOLDEN BUTTER COOKIES,,9g,,"COOKIES, BISCUITS AND WAFERS",COOKIES,Ultra-processed foods,1
Golden Cashew Cookies,,,,"COOKIES, BISCUITS AND WAFERS",COOKIES,Ultra-processed foods,0
Golden Peanut Cookies,,,,"COOKIES, BISCUITS AND WAFERS",COOKIES,Ultra-processed foods,0
Golden Choco Chips Cookies,,,,"COOKIES, BISCUITS AND WAFERS",COOKIES,Ultra-processed foods,0
Golden Coconut Cookies,,,,"COOKIES, BISCUITS AND WAFERS",COOKIES,Ultra-processed foods,0
NuVita Oats Digestive Chocolate Coated Biscuits,19g,23g,0g,"COOKIES, BISCUITS AND WAFERS",BISCUITS,Ultra-processed foods,2
NuVita Digestive Chocolate Coated Biscuits,0g,24g,0g,"COOKIES, BISCUITS AND WAFERS",BISCUITS,Ultra-processed foods,1
Golden Digestive Classic Biscuits,16g,12g,0.27g,"COOKIES, BISCUITS AND WAFERS",BISCUITS,Ultra-processed foods,3
McVitie s Digestive Biscuit,16g,21g,,"COOKIES, BISCUITS AND WAFERS",BISCUITS,Ultra-processed foods,2
Manji Chocolate Digestive Biscuit,,17g,,"COOKIES, BISCUITS AND WAFERS",BISCUITS,Ultra-processed foods,1
Treatos Coconut Cookies,,26.73g,,"COOKIES, BISCUITS AND WAFERS",COOKIES,Ultra-processed foods,1
Treatos Digestive Bicscuits,18.25g,20.44g,0.00019g,"COOKIES, BISCUITS AND WAFERS",BISCUITS,Ultra-processed foods,2
Tiffany Natural Wheat Digestive Biscuit,21g,171g,0.474g,"COOKIES, BISCUITS AND WAFERS",BISCUITS,Ultra-processed foods,3
McVitie s Light Digestive Biscuit,3g,2g,,"COOKIES, BISCUITS AND WAFERS",BISCUITS,Ultra-processed foods,0
Sunveat Ginger Nuts Biscuit,28g,16g,0.37g,"COOKIES, BISCUITS AND WAFERS",BISCUITS,Ultra-processed foods,3
McVitie s Digestive Wheat Biscuit,16g,21g,0.534g,"COOKIES, BISCUITS AND WAFERS",BISCUITS,Ultra-processed foods,3
McVitie s Digestive Dark Chocolate Biscuit,17g,16g,0.198g,"COOKIES, BISCUITS AND WAFERS",BISCUITS,Ultra-processed foods,2
Golden High Fibre Digestive Biscuit,16g,12g,0.27g,"COOKIES, BISCUITS AND WAFERS",BISCUITS,Ultra-processed foods,3
Sunveat Oat Honey Digestive Biscuit,,17g,,"COOKIES, BISCUITS AND WAFERS",BISCUITS,Ultra-processed foods,1
MANJI BISCUITS CLASSIC COMBO,,4g,,"COOKIES, BISCUITS AND WAFERS",BISCUITS,Ultra-processed foods,0
MANJI BISCUITS DIGESTIVE,,17g,,"COOKIES, BISCUITS AND WAFERS",BISCUITS,Ultra-processed foods,1
Mcvities Dark Cookie Cream Chocolate,,,,"COOKIES, BISCUITS AND WAFERS",COOKIES,Ultra-processed foods,0
Mcvities Dark Cookie Cream Orange,,,,"COOKIES, BISCUITS AND WAFERS",COOKIES,Ultra-processed foods,0
Nutri Delights Mini Rainbow Cookies,,,,"COOKIES, BISCUITS AND WAFERS",COOKIES,Ultra-processed foods,0
Nutri Delights Mini Tchip Cookie,,,,"COOKIES, BISCUITS AND WAFERS",COOKIES,Ultra-processed foods,0
Nutri Delights Red Velvet Chocolate Chip Cookies,21g,12g,0.125g,"COOKIES, BISCUITS AND WAFERS",COOKIES,Ultra-processed foods,2
Nutri Delights C Chip Cookies,33g,12g,,"COOKIES, BISCUITS AND WAFERS",COOKIES,Ultra-processed foods,2
Mcvities Sandwich Biscuits Dark Chocolate,,,,"COOKIES, BISCUITS AND WAFERS",BISCUITS,Ultra-processed foods,0
Mcvities Sandwich Biscuits Chocolate Vanilla,,,,"COOKIES, BISCUITS AND WAFERS",BISCUITS,Ultra-processed foods,0
Treatos Choco chip Cookies 100gms,,26.1g,,"COOKIES, BISCUITS AND WAFERS",COOKIES,Ultra-processed foods,1
FAYAZ CHOC CHIP COOKIES,0g,28g,0.364g,"COOKIES, BISCUITS AND WAFERS",COOKIES,Ultra-processed foods,2
Nutri Delight Gluten Free Original Chip Chip Cookies,11.17g,14.97g,0.377g,"COOKIES, BISCUITS AND WAFERS",COOKIES,Ultra-processed foods,3
Java House Chocolate Chip Cookies,,,,"COOKIES, BISCUITS AND WAFERS",COOKIES,Ultra-processed foods,0
Nutri Delight Gluten Free Protein Packed Chocolate Chip Cookies,11.17g,14.97g,0.377g,"COOKIES, BISCUITS AND WAFERS",COOKIES,Ultra-processed foods,3
Oreo Dark And White Chocolate Sandwich Cookies,11g,6g,0.15g,"COOKIES, BISCUITS AND WAFERS",COOKIES,Ultra-processed foods,1
Tiffany Delights Chocolate Chips Cookies,10.9g,8.1g,0.092g,"COOKIES, BISCUITS AND WAFERS",COOKIES,Ultra-processed foods,2
Britannia Good Day Chocolate Chip Cookies,32g,18g,,"COOKIES, BISCUITS AND WAFERS",COOKIES,Ultra-processed foods,2
Treatos Choco chip Cookies,,26.1g,,"COOKIES, BISCUITS AND WAFERS",COOKIES,Ultra-processed foods,1
Naara Chocolate Oatmeal Cookies,9.9g,6g,0.084g,"COOKIES, BISCUITS AND WAFERS",COOKIES,Ultra-processed foods,1
JAVA CINNAMON COOKIES,3g,1g,,"COOKIES, BISCUITS AND WAFERS",COOKIES,Ultra-processed foods,0
DIABLO NAS CH CHIP CBRY COOKIE,,,,"COOKIES, BISCUITS AND WAFERS",COOKIES,Ultra-processed foods,0
NuVita Chocolate Cookies,,21g,,"COOKIES, BISCUITS AND WAFERS",COOKIES,Ultra-processed foods,1
NuVita Apple Cinnamon Cookies,17g,19g,,"COOKIES, BISCUITS AND WAFERS",COOKIES,Ultra-processed foods,2
NuVita Coconut Cookies,4g,1g,,"COOKIES, BISCUITS AND WAFERS",COOKIES,Ultra-processed foods,0
NuVita Butter Cookies,,21g,,"COOKIES, BISCUITS AND WAFERS",COOKIES,Ultra-processed foods,1
NuVita Cashew Nuts Cookies,4g,5g,0.03g,"COOKIES, BISCUITS AND WAFERS",COOKIES,Ultra-processed foods,0
NuVita Chocolate Chips Cookies,8g,1g,0.01g,"COOKIES, BISCUITS AND WAFERS",COOKIES,Ultra-processed foods,1
Josh Ginger Honey Cookies,,,,"COOKIES, BISCUITS AND WAFERS",COOKIES,Ultra-processed foods,0
Josh Coconut Cookies,,,,"COOKIES, BISCUITS AND WAFERS",COOKIES,Ultra-processed foods,0
Nutro Good Day Cashew Cookies,4g,5g,0.03g,"COOKIES, BISCUITS AND WAFERS",COOKIES,Ultra-processed foods,0
Josh Double Chocolate Cookies,,,,"COOKIES, BISCUITS AND WAFERS",COOKIES,Ultra-processed foods,0
Josh Butter Cashew Cookies,,,,"COOKIES, BISCUITS AND WAFERS",COOKIES,Ultra-processed foods,0
Sunveat Mixed Nut Cookies,,12g,0.288g,"COOKIES, BISCUITS AND WAFERS",COOKIES,Ultra-processed foods,2
Sunveat Cashew Cookies,4g,5g,0.03g,"COOKIES, BISCUITS AND WAFERS",COOKIES,Ultra-processed foods,0
Sunveat Butter Cookies,,21g,,"COOKIES, BISCUITS AND WAFERS",COOKIES,Ultra-processed foods,1
Tiffany Bites Pistachio,,,,"COOKIES, BISCUITS AND WAFERS",BISCUITS,Ultra-processed foods,0
Tiffany Bites Cashew,,,,"COOKIES, BISCUITS AND WAFERS",BISCUITS,Ultra-processed foods,0
GOURMET SAFARI COOKIES S,,5g,0.059g,"COOKIES, BISCUITS AND WAFERS",COOKIES,Ultra-processed foods,0
Josh Milk Cookies,26.5g,17g,0g,"COOKIES, BISCUITS AND WAFERS",COOKIES,Ultra-processed foods,2
Josh Orange Chocolate Cookies,,17g,,"COOKIES, BISCUITS AND WAFERS",COOKIES,Ultra-processed foods,1
NUVITA OAT RAISIN COOKIES,22g,12.1g,,"COOKIES, BISCUITS AND WAFERS",COOKIES,Ultra-processed foods,2
Treatos Butter Cookies,,27.45g,,"COOKIES, BISCUITS AND WAFERS",COOKIES,Ultra-processed foods,1
Manji Strawberry Cream Biscuits,,6g,0.109g,"COOKIES, BISCUITS AND WAFERS",BISCUITS,Ultra-processed foods,0
Manji Orange Cream Biscuit,0g,2g,0g,"COOKIES, BISCUITS AND WAFERS",BISCUITS,Ultra-processed foods,0
Manji Custard Cream Biscuits,,19g,,"COOKIES, BISCUITS AND WAFERS",BISCUITS,Ultra-processed foods,1
Manji Pineapple Cream Biscuits,,23g,,"COOKIES, BISCUITS AND WAFERS",BISCUITS,Ultra-processed foods,1
JAVA GINGER LEMON COOKIES,19.07g,26.16g,,"COOKIES, BISCUITS AND WAFERS",COOKIES,Ultra-processed foods,2
FAYAZ COCONUT COOKIES,,28g,0.361g,"COOKIES, BISCUITS AND WAFERS",COOKIES,Ultra-processed foods,2
FAYAZ BUTTER CHOC COOKIES,48g,17g,0.155g,"COOKIES, BISCUITS AND WAFERS",COOKIES,Ultra-processed foods,2
NUVITA GRANDMA S HOMEMADE COOKI,,17g,,"COOKIES, BISCUITS AND WAFERS",COOKIES,Ultra-processed foods,1
Manji Assorted Cream Biscuits,,23g,,"COOKIES, BISCUITS AND WAFERS",BISCUITS,Ultra-processed foods,1
Java House Pinacolada Eggless Cookies,,6.2g,0.0532g,"COOKIES, BISCUITS AND WAFERS",COOKIES,Ultra-processed foods,0
Nuttishland Macadamia Cookies,20.36g,26.31g,,"COOKIES, BISCUITS AND WAFERS",COOKIES,Ultra-processed foods,2
Britannia Good Day Cashew Cookies,22.059g,23.529g,0g,"COOKIES, BISCUITS AND WAFERS",COOKIES,Ultra-processed foods,2
Bakers Eet Sum Mor Shortbread Biscuits,3g,8g,0.138g,"COOKIES, BISCUITS AND WAFERS",BISCUITS,Ultra-processed foods,1
Java House Oats and Raisins Cookies,15g,23g,,"COOKIES, BISCUITS AND WAFERS",COOKIES,Ultra-processed foods,2
JAVA MACADAMIA NUT COOKIE,,26g,,"COOKIES, BISCUITS AND WAFERS",COOKIES,Ultra-processed foods,1
Manji Cookies Fairyland Chips,,27g,,"COOKIES, BISCUITS AND WAFERS",COOKIES,Ultra-processed foods,1
Manji Pure Butter Almond Cookies,,16g,,"COOKIES, BISCUITS AND WAFERS",COOKIES,Ultra-processed foods,1
Wots Home Made Oats Cookies,2g,2g,0.038g,"COOKIES, BISCUITS AND WAFERS",COOKIES,Ultra-processed foods,0
NuVita Flap Jacks Original Oat Bakes Cookies,,,,"COOKIES, BISCUITS AND WAFERS",COOKIES,Ultra-processed foods,0
BERGEN CHOCO CHIP HAZELNUT COOK,28g,26.5g,0g,"COOKIES, BISCUITS AND WAFERS",COOKIES,Ultra-processed foods,2
Bergen Oat With Sesame Cookies,37g,26g,0.24g,"COOKIES, BISCUITS AND WAFERS",COOKIES,Ultra-processed foods,2
Bergen White Chocolate Cranberry Cookies,44g,24g,0.24g,"COOKIES, BISCUITS AND WAFERS",COOKIES,Ultra-processed foods,2
BERGEN OBS CARAMEL COCONUT COOK,42g,20g,0.18g,"COOKIES, BISCUITS AND WAFERS",COOKIES,Ultra-processed foods,2
Bergen Brownie Chocolate Fudge Cookies,8g,4g,,"COOKIES, BISCUITS AND WAFERS",COOKIES,Ultra-processed foods,1
BERGEN 3 X CHOCO COOKIES,6g,5g,0.09g,"COOKIES, BISCUITS AND WAFERS",COOKIES,Ultra-processed foods,1
Wots Coconut Cookies,3g,7g,0.005g,"COOKIES, BISCUITS AND WAFERS",COOKIES,Ultra-processed foods,0
Wots Custard Cookies,10g,7g,0.04g,"COOKIES, BISCUITS AND WAFERS",COOKIES,Ultra-processed foods,1
Wots Home Made Cashewnut Cookies,0g,23g,0.08g,"COOKIES, BISCUITS AND WAFERS",COOKIES,Ultra-processed foods,1
Nuvita Flap Jacks Oat Bakes Sugar Free,2g,0g,,"COOKIES, BISCUITS AND WAFERS",BISCUITS,Ultra-processed foods,0
NuVita Flap Jacks Oat Bakes Chocolate Coated,,,,"COOKIES, BISCUITS AND WAFERS",BISCUITS,Ultra-processed foods,0
Java House Love Cookies,15g,23g,,"COOKIES, BISCUITS AND WAFERS",COOKIES,Ultra-processed foods,2
Manji Ginger Cookies,0g,0g,0g,"COOKIES, BISCUITS AND WAFERS",COOKIES,Ultra-processed foods,0
Manji Coconut Cookies,4g,1g,,"COOKIES, BISCUITS AND WAFERS",COOKIES,Ultra-processed foods,0
C R Home Made Jam Coconut Cookies,,,0.013g,"COOKIES, BISCUITS AND WAFERS",COOKIES,Ultra-processed foods,0
C R Home Made Oats Cookies,,,0.013g,"COOKIES, BISCUITS AND WAFERS",COOKIES,Ultra-processed foods,0
Mac Andrews Chocolate Chip And Hazelnut Cookies,38g,23g,0.027g,"COOKIES, BISCUITS AND WAFERS",COOKIES,Ultra-processed foods,2
BERGEN S FREE HAZELNUT COOKIES,3g,23.5g,0g,"COOKIES, BISCUITS AND WAFERS",COOKIES,Ultra-processed foods,1
Honeycomb Cardamom Cookies,25g,22.5g,0.05g,"COOKIES, BISCUITS AND WAFERS",COOKIES,Ultra-processed foods,2
Manji Butter Cashew Cookies,4g,5g,0.03g,"COOKIES, BISCUITS AND WAFERS",COOKIES,Ultra-processed foods,0
Ubisco Butter Biscuits,,,,"COOKIES, BISCUITS AND WAFERS",BISCUITS,Ultra-processed foods,0
Java House Ginger Lemon Cookies,19.07g,26.16g,,"COOKIES, BISCUITS AND WAFERS",COOKIES,Ultra-processed foods,2
C R Home Made Cashew nut Cookies,,,0.013g,"COOKIES, BISCUITS AND WAFERS",COOKIES,Ultra-processed foods,0
Manji Chocolate Chips Cookies,8g,1g,0.01g,"COOKIES, BISCUITS AND WAFERS",COOKIES,Ultra-processed foods,1
Nuttish Land Macadamia Cookies,20.36g,12.36g,,"COOKIES, BISCUITS AND WAFERS",COOKIES,Ultra-processed foods,2
Gourmet Safari Cookies,,5g,0.059g,"COOKIES, BISCUITS AND WAFERS",COOKIES,Ultra-processed foods,0
Nairn s Gluten Free Oats Chocolate Chip Cookies,22.7g,20.1g,,"COOKIES, BISCUITS AND WAFERS",COOKIES,Ultra-processed foods,2
Java House Macadamia Nut Cookies,,26g,,"COOKIES, BISCUITS AND WAFERS",COOKIES,Ultra-processed foods,1
Tiffany Delight Butter Cookies,10g,12g,,"COOKIES, BISCUITS AND WAFERS",COOKIES,Ultra-processed foods,2
Nutella Ferrero Cocoa And Hazelnut Spread,56.3g,30.9g,0.043g,CHOCOLATE SPREADS,CHOCOLATE SPREADS,Ultra-processed foods,2
Lyons Maid Chocotella Tub,,4g,,CHOCOLATE SPREADS,CHOCOLATE SPREADS,Ultra-processed foods,0
Dairyland Chocolate Spread,51.6g,34.2g,0.05g,CHOCOLATE SPREADS,CHOCOLATE SPREADS,Ultra-processed foods,2
Lyons Maid Chocomania Chocolate Spread,54.9g,32.6g,,CHOCOLATE SPREADS,CHOCOLATE SPREADS,Ultra-processed foods,2
Maltesers Spread,,,,CHOCOLATE SPREADS,CHOCOLATE SPREADS,Ultra-processed foods,0
Mars Galaxy Smooth Spread,,,,CHOCOLATE SPREADS,CHOCOLATE SPREADS,Ultra-processed foods,0
Mr Organic Dark Chocolate Spread,,,,CHOCOLATE SPREADS,CHOCOLATE SPREADS,Ultra-processed foods,0
Mars Twix Spread,,,,CHOCOLATE SPREADS,CHOCOLATE SPREADS,Ultra-processed foods,0
Jelly Pop Ready To Eat Blackcurrant Jelly,1g,0g,0.35g,CANDY AND CONFECTIONERY,SWEETS/CANDY,Ultra-processed foods,1
Candyland G Jellies Sour Cola,,,,CANDY AND CONFECTIONERY,SWEETS/CANDY,Ultra-processed foods,0
Jelly Pop Ready To Eat Strawberry Jelly,1g,0g,0.35g,CANDY AND CONFECTIONERY,SWEETS/CANDY,Ultra-processed foods,1
JELIDO SOUR COLA JELLY,,,,CANDY AND CONFECTIONERY,SWEETS/CANDY,Ultra-processed foods,0
Festival Tropical Crystal Jelly,91g,,0.00008g,CANDY AND CONFECTIONERY,SWEETS/CANDY,Ultra-processed foods,1
Festival Strawberry Crystal Jelly,91g,,0.00008g,CANDY AND CONFECTIONERY,SWEETS/CANDY,Ultra-processed foods,1
Papillion Jellino,78g,0.3g,,CANDY AND CONFECTIONERY,SWEETS/CANDY,Ultra-processed foods,1
JELLY TOTS ORIGINAL,49.7g,0g,0.045g,CANDY AND CONFECTIONERY,SWEETS/CANDY,Ultra-processed foods,1
Jelly Pop Ready To Eat Pineapple Jelly,1g,0g,0.35g,CANDY AND CONFECTIONERY,SWEETS/CANDY,Ultra-processed foods,1
Beacon Maynards Fruity Mini Enerjelly Teddies,,,,CANDY AND CONFECTIONERY,SWEETS/CANDY,Ultra-processed foods,0
Zed Giant Fruit Jelly Beans,74g,0g,,CANDY AND CONFECTIONERY,SWEETS/CANDY,Ultra-processed foods,1
Fini Magic Carpet Jelly Candy,54g,1g,,CANDY AND CONFECTIONERY,SWEETS/CANDY,Ultra-processed foods,1
Fini Sour Laces Colour Shock Candy,56g,0.8g,,CANDY AND CONFECTIONERY,SWEETS/CANDY,Ultra-processed foods,1
Fini Jelly Sharks Candy,52g,,,CANDY AND CONFECTIONERY,SWEETS/CANDY,Ultra-processed foods,1
Fini Sour Worms Gummy Candy,52g,0g,,CANDY AND CONFECTIONERY,SWEETS/CANDY,Ultra-processed foods,1
Jake Jelly Mania Classic Mix Gummy Candy,62g,0g,,CANDY AND CONFECTIONERY,SWEETS/CANDY,Ultra-processed foods,1
Cocon Lychee Jelly,3g,0g,0g,CANDY AND CONFECTIONERY,SWEETS/CANDY,Ultra-processed foods,0
Chupa Chups Sour Mini Tubes Gummies,40g,1.85g,0.04g,CANDY AND CONFECTIONERY,SWEETS/CANDY,Ultra-processed foods,1
Vidal Relle Nolas Strawberries,,,,CANDY AND CONFECTIONERY,SWEETS/CANDY,Ultra-processed foods,0
VIDAL JELLY MIX,,,,CANDY AND CONFECTIONERY,SWEETS/CANDY,Ultra-processed foods,0
Vidal Mega Jelly Mix Halal,55g,0.2g,,CANDY AND CONFECTIONERY,SWEETS/CANDY,Ultra-processed foods,1
Vidal Jelly Filled Strawberries,,,,CANDY AND CONFECTIONERY,SWEETS/CANDY,Ultra-processed foods,0
Vidal Jelly Filled Pizzas Halal 100,,,,CANDY AND CONFECTIONERY,SWEETS/CANDY,Ultra-processed foods,0
JELLY TOTS CRAZI BERRIES,77.9g,0g,0.073g,CANDY AND CONFECTIONERY,SWEETS/CANDY,Ultra-processed foods,1
Fini Mellows Taco Diana,,,,CANDY AND CONFECTIONERY,SWEETS/CANDY,Ultra-processed foods,0
Fini Black And Rberries Doypack,,,,CANDY AND CONFECTIONERY,SWEETS/CANDY,Ultra-processed foods,0
Fini Roller Crazy Fizz,,,,CANDY AND CONFECTIONERY,SWEETS/CANDY,Ultra-processed foods,0
Carrefour Peach Acid Sweets Jelly,0.1g,0g,0.006g,CANDY AND CONFECTIONERY,SWEETS/CANDY,Ultra-processed foods,0
Dr Oetker Vege Gel Sachet,,,,BAKING ADDITIVES,BAKING POWDER,Processed Culinary Ingredients,0
Nuvita Corn Puffs Cheese,,,,SWEET AND SAVOURY SNACKS,CORN PUFFS,Ultra-processed foods,0
Nuvita Corn Puffs Tomato Flavour,,,,SWEET AND SAVOURY SNACKS,CORN PUFFS,Ultra-processed foods,0
Norda Tamu Tamu Tomato Ketchup Corn Curls,5g,15g,0.627g,SWEET AND SAVOURY SNACKS,CORN CURLS,Ultra-processed foods,3
Norda Tamu Tamu Tutti Fruity Corn Curls,5g,15g,0.625g,SWEET AND SAVOURY SNACKS,CORN CURLS,Ultra-processed foods,3
Tropical Heat Potato Cirsps Chill Lemon,,35g,1.5g,SWEET AND SAVOURY SNACKS,POTATO CRISPS,Ultra-processed foods,2
Tropical Heat P Crsp Salt Vingr,,36.8g,1.37g,SWEET AND SAVOURY SNACKS,POTATO CRISPS,Ultra-processed foods,2
Depys Cheese And Onion Potato Crisps,,42g,,SWEET AND SAVOURY SNACKS,POTATO CRISPS,Ultra-processed foods,1
Depys Salted Potato Crisps,,20g,0.001g,SWEET AND SAVOURY SNACKS,POTATO CRISPS,Ultra-processed foods,1
Amigos Chilli Twists Pellets Potato,1.3g,7.7g,0.184g,SWEET AND SAVOURY SNACKS,POTATO CRISPS,Ultra-processed foods,0
Amigos Design Chilli Pellets Chips,,0.2g,,SWEET AND SAVOURY SNACKS,FRYUMS/FAR FAR,Ultra-processed foods,0
Amigos Design Salted Pellets Chips,2.6g,35.5g,0.51g,SWEET AND SAVOURY SNACKS,FRYUMS/FAR FAR,Ultra-processed foods,2
Wots Fryums Cheese And Onion Spirals,2.8g,28g,0.51g,SWEET AND SAVOURY SNACKS,FRYUMS/FAR FAR,Ultra-processed foods,2
Wots Fryums Yummy Spiral Tomato,5g,15g,0.627g,SWEET AND SAVOURY SNACKS,FRYUMS/FAR FAR,Ultra-processed foods,3
Tropical Heat Snacks Waves Potato Crisps Chilli Lemon,,35g,1.5g,SWEET AND SAVOURY SNACKS,POTATO CRISPS,Ultra-processed foods,2
Tropical Heat Snacks Waves Salt Vinegar Potato Crisps,,36.8g,1.37g,SWEET AND SAVOURY SNACKS,POTATO CRISPS,Ultra-processed foods,2
Tropical Heat Waves Crisps Fruit Chutney,,,,SWEET AND SAVOURY SNACKS,POTATO CRISPS,Ultra-processed foods,0
Happys Chilli Boom Boom Foil,,,,HERBS AND SPICES,SPICES - CHILLIES,Processed foods,0
Tropical Heat Snacks Waves Potato Salted Crisps,,32.5g,1.16g,SWEET AND SAVOURY SNACKS,POTATO CRISPS,Ultra-processed foods,2
Elbbin Nibble Snacks Chocolate,11g,3g,,"COOKIES, BISCUITS AND WAFERS",BISCUITS,Ultra-processed foods,1
NUVITA BARBEQUE THINS,3g,3.5g,0.17g,"COOKIES, BISCUITS AND WAFERS",BISCUITS,Ultra-processed foods,0
NUVITA TOMATO THINS,,0.2g,,"COOKIES, BISCUITS AND WAFERS",BISCUITS,Ultra-processed foods,0
NUVITA SOUR CREAM HERB THINS,0.4g,2.8g,0g,"COOKIES, BISCUITS AND WAFERS",BISCUITS,Ultra-processed foods,0
Cribaz Tomato Potato Chips,1g,13g,0.21g,SWEET AND SAVOURY SNACKS,POTATO CRISPS,Ultra-processed foods,1
Cribaz Salted Potato Chips,2g,,5.825g,SWEET AND SAVOURY SNACKS,POTATO CRISPS,Ultra-processed foods,1
NUVITA FRUIT CHUTNEY THINS,3g,36.7g,0.797g,"COOKIES, BISCUITS AND WAFERS",BISCUITS,Ultra-processed foods,2
NUVITA SALT THINS,2g,1.5g,0.16g,"COOKIES, BISCUITS AND WAFERS",BISCUITS,Ultra-processed foods,0
Happys Golden Spring Onion Potato Crisps,,35g,,SWEET AND SAVOURY SNACKS,POTATO CRISPS,Ultra-processed foods,1
Happys Golden Salted Potato Crisps,,20g,0.001g,SWEET AND SAVOURY SNACKS,POTATO CRISPS,Ultra-processed foods,1
Kudos Cassava Salted Potato Chips,,39g,,SWEET AND SAVOURY SNACKS,POTATO CRISPS,Ultra-processed foods,1
Kudos Cassava And Chilli Chips,,21g,,SWEET AND SAVOURY SNACKS,BHUSU MIX,Ultra-processed foods,1
Amigos Salt And Vinegar Potato Chips,,7g,,SWEET AND SAVOURY SNACKS,POTATO CRISPS,Ultra-processed foods,0
Amigos Ready Salted Potato Chips,,13g,0.275g,SWEET AND SAVOURY SNACKS,POTATO CRISPS,Ultra-processed foods,2
Amigos Cheeseonion Crisps,,46g,,SWEET AND SAVOURY SNACKS,POTATO CRISPS,Ultra-processed foods,1
Chigs Yummy Salt And Vinegar Potato Crisps,1g,14g,0.358g,SWEET AND SAVOURY SNACKS,POTATO CRISPS,Ultra-processed foods,2
Depys Foil Tomato Potato Crisps,2g,3g,0.28g,SWEET AND SAVOURY SNACKS,POTATO CRISPS,Ultra-processed foods,1
Chigs Lemon Chilli Crisps,,,,SWEET AND SAVOURY SNACKS,POTATO CRISPS,Ultra-processed foods,0
Wots Chilli Lemon Potato Crisps,7g,34g,,SWEET AND SAVOURY SNACKS,POTATO CRISPS,Ultra-processed foods,2
Wots Zingy Tomato Potato Crisps,2g,31g,0.434g,SWEET AND SAVOURY SNACKS,POTATO CRISPS,Ultra-processed foods,2
Wots Classic Salted Potato Crisps,,35g,0.008g,SWEET AND SAVOURY SNACKS,POTATO CRISPS,Ultra-processed foods,1
Chigs Tomato Ketchup Crisps,,9g,0.3g,SWEET AND SAVOURY SNACKS,POTATO CRISPS,Ultra-processed foods,2
Happys Golden Tomato Potato Crisps,2g,3g,0.28g,SWEET AND SAVOURY SNACKS,POTATO CRISPS,Ultra-processed foods,1
Happys Golden Cheese And Onion Potato Crisps,54g,3.3g,4.8g,SWEET AND SAVOURY SNACKS,POTATO CRISPS,Ultra-processed foods,2
Chigs Plain Salted Crisps,,16g,,SWEET AND SAVOURY SNACKS,POTATO CRISPS,Ultra-processed foods,1
Happys Golden Chilli Potato Crisps,2.6g,33.2g,0.859g,SWEET AND SAVOURY SNACKS,POTATO CRISPS,Ultra-processed foods,2
Chigs Hot Chilli Crisps,,11g,0.28g,SWEET AND SAVOURY SNACKS,POTATO CRISPS,Ultra-processed foods,2
Chigs Cheese Onion Crisps,,12g,0.5g,SWEET AND SAVOURY SNACKS,POTATO CRISPS,Ultra-processed foods,2
Krackles Toons Caramel Potato Crisps,,,0.065g,SWEET AND SAVOURY SNACKS,POTATO CRISPS,Ultra-processed foods,0
Krackles Toons Tutti Frutti Potato Crisps,5g,18g,,SWEET AND SAVOURY SNACKS,POTATO CRISPS,Ultra-processed foods,2
Krackles Toons Barbecue Potato Chips,2g,3g,,SWEET AND SAVOURY SNACKS,POTATO CRISPS,Ultra-processed foods,0
Krackles Toons Hot And Sweet Potato Crisps,4g,,0.055g,SWEET AND SAVOURY SNACKS,POTATO CRISPS,Ultra-processed foods,0
Krackles Zingy Salt And Vinegar Potato Chips,,10g,0.24g,SWEET AND SAVOURY SNACKS,POTATO CRISPS,Ultra-processed foods,1
Krackles Perfectly Salted Potato Chips,,28g,,SWEET AND SAVOURY SNACKS,POTATO CRISPS,Ultra-processed foods,1
Krackles Barbeque Potato Chips,,10g,0.36g,SWEET AND SAVOURY SNACKS,POTATO CRISPS,Ultra-processed foods,2
Krackles Bang Bang Chilli Potato Chips,16g,,0.004g,SWEET AND SAVOURY SNACKS,POTATO CRISPS,Ultra-processed foods,1
Krackles Tangy Tomato Potato Chips,,33g,,SWEET AND SAVOURY SNACKS,POTATO CRISPS,Ultra-processed foods,1
Hoops Salted Crisps Potato Chips,1g,0.13g,,SWEET AND SAVOURY SNACKS,POTATO CRISPS,Ultra-processed foods,0
Norda Urban Bites Summer Salt Potato Crisps,,20g,0.001g,SWEET AND SAVOURY SNACKS,POTATO CRISPS,Ultra-processed foods,1
Norda Urban Bites Nyama Choma Potato Crisps,,46g,0.00049g,SWEET AND SAVOURY SNACKS,POTATO CRISPS,Ultra-processed foods,1
Norda Urban Bites Trendy Tomato Potato Crisps,2g,3g,0.28g,SWEET AND SAVOURY SNACKS,POTATO CRISPS,Ultra-processed foods,1
Norda Urban Bites Samba Salt And Vinegar Potato Crisps,1g,14g,0.358g,SWEET AND SAVOURY SNACKS,POTATO CRISPS,Ultra-processed foods,2
Norda Urban Bites Funky Fruity Chutney Potato Crisps,,44.4g,0.00075g,SWEET AND SAVOURY SNACKS,POTATO CRISPS,Ultra-processed foods,1
Norda Urban Bites Party Paprika Potato Crisps,,45.2g,0.65g,SWEET AND SAVOURY SNACKS,POTATO CRISPS,Ultra-processed foods,2
Depys Salt And Vinegar Potato Crisps,1g,14g,0.358g,SWEET AND SAVOURY SNACKS,POTATO CRISPS,Ultra-processed foods,2
Depys Tomato Potato Crisps,2g,3g,0.28g,SWEET AND SAVOURY SNACKS,POTATO CRISPS,Ultra-processed foods,1
Hoops Peanut Bar,5g,,,SWEET AND SAVOURY SNACKS,SESAME/SIMSIM BAR,Ultra-processed foods,1
Elbbin Nibble BBQ Wavy Chips,2g,10g,0.13g,SWEET AND SAVOURY SNACKS,POTATO CRISPS,Ultra-processed foods,1
Tropical Heat Snacks Heroes Potato Chips Chilli Cheese,,,,SWEET AND SAVOURY SNACKS,POTATO CRISPS,Ultra-processed foods,0
Tropical Heat Snacks Heroes Potato Chips Sweet Chilli,,30.2g,1.03g,SWEET AND SAVOURY SNACKS,POTATO CRISPS,Ultra-processed foods,2
Tropical Heat Snacks Salted Potato Crisps,,32.5g,1.16g,SWEET AND SAVOURY SNACKS,POTATO CRISPS,Ultra-processed foods,2
Tropical Heat Snacks Tomato Potato Crisps,,32.7g,0.58g,SWEET AND SAVOURY SNACKS,POTATO CRISPS,Ultra-processed foods,2
Tropical Heat Snacks Salt Vinegar Potato Crisps,,36.8g,1.37g,SWEET AND SAVOURY SNACKS,POTATO CRISPS,Ultra-processed foods,2
Hoops Sesame Bar,8g,0.167g,,CANDY AND CONFECTIONERY,SESAME/SIMSIM BAR,Processed foods,1
Tropical Heat Snacks Heroes Potato Chips Fruit Chutney,,29.61g,1.85g,SWEET AND SAVOURY SNACKS,POTATO CRISPS,Ultra-processed foods,2
Tropical Heat Snacks Heroes Potato Chips Cheese Onion,,31.12g,1.75g,SWEET AND SAVOURY SNACKS,POTATO CRISPS,Ultra-processed foods,2
Tropical Heat Snacks Heroes Potato Chips Tomato Ketchup,,29.3g,0.5g,SWEET AND SAVOURY SNACKS,POTATO CRISPS,Ultra-processed foods,2
Hoops Cheese And Onion Crisps Potato Chips,4g,1.2g,,SWEET AND SAVOURY SNACKS,POTATO CRISPS,Ultra-processed foods,0
Tropical Heat Snacks Cheese Onion Potato Crisps,,32.4g,1.35g,SWEET AND SAVOURY SNACKS,POTATO CRISPS,Ultra-processed foods,2
Hoops Masala Crisps Potato Chips,,,,SWEET AND SAVOURY SNACKS,POTATO CRISPS,Ultra-processed foods,0
Tropical Heat Snacks Chilli Lemon Potato Crisps,,35g,1.5g,SWEET AND SAVOURY SNACKS,POTATO CRISPS,Ultra-processed foods,2
Tropical Heat Snacks Nyama Choma Potato Crisps,,30.8g,1.95g,SWEET AND SAVOURY SNACKS,POTATO CRISPS,Ultra-processed foods,2
Pretzo Original Sweet Chilli Pretzel,,4g,0.917g,SWEET AND SAVOURY SNACKS,BHUSU MIX,Ultra-processed foods,1
Kettle Fruit Chutney Chips,2g,27g,0g,SWEET AND SAVOURY SNACKS,POTATO CRISPS,Ultra-processed foods,1
Tropical Heat Kenyan Chevda Sweet Tamu,,,,SWEET AND SAVOURY SNACKS,CHEVDA/BOMBAY MIX,Ultra-processed foods,0
Tropical Heat Mild Kenyan Chevda,6.3g,33.2g,,SWEET AND SAVOURY SNACKS,CHEVDA/BOMBAY MIX,Ultra-processed foods,2
Kettle Chips Sour Cream Chives 40,1.17g,8.26g,,SWEET AND SAVOURY SNACKS,POTATO CRISPS,Ultra-processed foods,1
Kettle Salsa Verde Chips,1g,7g,0.125g,SWEET AND SAVOURY SNACKS,POTATO CRISPS,Ultra-processed foods,0
Amigos Resdy Salted Potato Chips,,13g,0.275g,SWEET AND SAVOURY SNACKS,POTATO CRISPS,Ultra-processed foods,2
Norda Cribaz Barbeque Potato Crisps,,33g,,SWEET AND SAVOURY SNACKS,POTATO CRISPS,Ultra-processed foods,1
Amigos Cheese And Onion Potato Chips,2g,32g,1200g,SWEET AND SAVOURY SNACKS,POTATO CRISPS,Ultra-processed foods,2
Pretzo Salted Pretzel Sticks,,4g,0.917g,SWEET AND SAVOURY SNACKS,BHUSU MIX,Ultra-processed foods,1
Chigs Tomato Ketchup Potato Crisps,1g,8g,0.176g,SWEET AND SAVOURY SNACKS,POTATO CRISPS,Ultra-processed foods,1
Happys Golden Salt And Vinegar Potato Crisps,1g,30.2g,0.778g,SWEET AND SAVOURY SNACKS,POTATO CRISPS,Ultra-processed foods,2
Happy Golden Salted Chips,0g,20g,0.001g,SWEET AND SAVOURY SNACKS,POTATO CRISPS,Ultra-processed foods,1
Chigs Funky Chilli Lemon Potato Crisps,,27.2g,0.793g,SWEET AND SAVOURY SNACKS,POTATO CRISPS,Ultra-processed foods,2
Chigs Cheese Lip Licking Potato Crisps,,15g,0.0018g,SWEET AND SAVOURY SNACKS,POTATO CRISPS,Ultra-processed foods,1
Depys Cheese And Onion Potato Crisps Chips,0g,35g,0.001g,SWEET AND SAVOURY SNACKS,POTATO CRISPS,Ultra-processed foods,1
Hoops Salt And Vinegar Crisps Potato Chips,1g,,,SWEET AND SAVOURY SNACKS,POTATO CRISPS,Ultra-processed foods,0
Jimcy Banana Crisps,35g,34g,,SWEET AND SAVOURY SNACKS,POTATO CRISPS,Ultra-processed foods,2
Amigos Design Salted Pellets,0g,0g,0.025g,SWEET AND SAVOURY SNACKS,FRYUMS/FAR FAR,Ultra-processed foods,0
Amigos Salted Matoke Chips,35g,32g,0.006g,SWEET AND SAVOURY SNACKS,POTATO CRISPS,Ultra-processed foods,2
Depys Matoke Crisps,57g,1g,0.019g,SWEET AND SAVOURY SNACKS,POTATO CRISPS,Ultra-processed foods,1
Tropical Heat Sweet Tamu Chevda,8.5g,39.9g,,SWEET AND SAVOURY SNACKS,CHEVDA/BOMBAY MIX,Ultra-processed foods,2
Theat Kenyan Chevda Mild,,,,SWEET AND SAVOURY SNACKS,CHEVDA/BOMBAY MIX,Ultra-processed foods,0
Kentaste Salted Caramel Coconut Chips,9g,12g,0.025g,SWEET AND SAVOURY SNACKS,COCONUT,Ultra-processed foods,2
Kentaste Chocolate Coconut Chips,9g,12g,0.025g,DRIED FRUITS,COCONUT,Unprocessed/Minimally processed foods,2
Kentaste Original Coconut Chips,12g,18g,0.11g,DRIED FRUITS,COCONUT,Unprocessed/Minimally processed foods,2
Tropical Heat Chips Masala Seasoning,,,,HERBS AND SPICES,SPICES - SEASONING BLEND,Unprocessed/Minimally processed foods,0
Carrefour Handcooked Sea Salt And Cider Vinegar Potato Chips,1.7g,12g,0.228g,SWEET AND SAVOURY SNACKS,POTATO CRISPS,Ultra-processed foods,1
Carrefour Handcooked Chili Potato Chips,1.9g,13g,0.234g,SWEET AND SAVOURY SNACKS,POTATO CRISPS,Ultra-processed foods,1
Carrefour Handcooked Cheese Potato Chips,1.2g,13g,0.1g,SWEET AND SAVOURY SNACKS,POTATO CRISPS,Ultra-processed foods,1
Carrefour Potato Chips Hand Cooked Onion,0.9g,10g,0.2672g,SWEET AND SAVOURY SNACKS,POTATO CRISPS,Ultra-processed foods,2
Tropical Heat Snacks Waves Salted Potato Crisps,,32.5g,1.16g,SWEET AND SAVOURY SNACKS,POTATO CRISPS,Ultra-processed foods,2
Tropical Heat Snacks Waves Tomato Potato Crisps,,32.7g,0.58g,SWEET AND SAVOURY SNACKS,POTATO CRISPS,Ultra-processed foods,2
Happys Golden Fruit Chutney Potato Crisps,,19.5g,0.0007g,SWEET AND SAVOURY SNACKS,POTATO CRISPS,Ultra-processed foods,1
Happys Chilli Boom Boom F,,,,HERBS AND SPICES,SPICES - CHILLIES,Processed foods,0
Azaavi Matoke Chili Crisps,,,,SWEET AND SAVOURY SNACKS,POTATO CRISPS,Ultra-processed foods,0
Sweetunda Fruit Chutney,6g,13g,,TABLE SAUCES,CHUTNEY,Ultra-processed foods,2
Sweetunda Chilli Salt Crackies,1g,1g,,"COOKIES, BISCUITS AND WAFERS",BISCUITS,Ultra-processed foods,0
Happy s Golden Cheese And Onion Potato Crisps,54g,3.3g,4.8g,SWEET AND SAVOURY SNACKS,POTATO CRISPS,Ultra-processed foods,2
Kudos Chilli Cassava Chips,,21g,,SWEET AND SAVOURY SNACKS,BHUSU MIX,Ultra-processed foods,1
Kudos Salted Cassava Chips,,39g,,SWEET AND SAVOURY SNACKS,BHUSU MIX,Ultra-processed foods,1
Happy s Golden Chilli Potato Crisps,2.6g,33.2g,0.859g,SWEET AND SAVOURY SNACKS,POTATO CRISPS,Ultra-processed foods,2
Chigs Tomato Potato Crisps,,9g,0.3g,SWEET AND SAVOURY SNACKS,POTATO CRISPS,Ultra-processed foods,2
Wots Plain Sev,0g,35.4g,0.96g,SWEET AND SAVOURY SNACKS,GANTHIA SNACKS,Ultra-processed foods,2
Amigos Nduma Chips,4g,20g,0.001g,SWEET AND SAVOURY SNACKS,PRE-PREPARED CHIPS,Ultra-processed foods,1
C R Food Crunch Mix Chikki,36.13g,30.81g,0.033g,CANDY AND CONFECTIONERY,SESAME/SIMSIM BAR,Ultra-processed foods,2
Pringles Texas Bbq Sauce Crisps,4.5g,29g,0g,SWEET AND SAVOURY SNACKS,POTATO CRISPS,Ultra-processed foods,1
Wots Kenyan Chilli Lemon Chevdo,,10g,0.11g,SWEET AND SAVOURY SNACKS,CHEVDA/BOMBAY MIX,Ultra-processed foods,1
Wots Kenyan Hot And Spicy Chevdo,2g,10g,0.11g,SWEET AND SAVOURY SNACKS,CHEVDA/BOMBAY MIX,Ultra-processed foods,1
Wots Kenyan Original Chevdo,2g,10g,0.11g,SWEET AND SAVOURY SNACKS,CHEVDA/BOMBAY MIX,Ultra-processed foods,1
Wots Kenyan Sugar Free Chevdo,2g,10g,0.11g,SWEET AND SAVOURY SNACKS,CHEVDA/BOMBAY MIX,Ultra-processed foods,1
Tropical Heat Premium Kenyan Bhusu,,12g,0.173g,SWEET AND SAVOURY SNACKS,BHUSU MIX,Ultra-processed foods,1
Kudos Salted Cassava Crisps,2g,9g,0.11g,SWEET AND SAVOURY SNACKS,POTATO CRISPS,Ultra-processed foods,1
Carrefour Cheese Potato Chips,2.9g,30g,0.287g,SWEET AND SAVOURY SNACKS,POTATO CRISPS,Ultra-processed foods,2
Carrefour Salt And Vinegar Potato Chips,,32g,0.351g,SWEET AND SAVOURY SNACKS,POTATO CRISPS,Ultra-processed foods,2
Carrefour Tomato Ketchup Potato Chips,2.7g,34g,0.396g,SWEET AND SAVOURY SNACKS,POTATO CRISPS,Ultra-processed foods,2
Carrefour Salted Potato Chips,,32g,0.394g,SWEET AND SAVOURY SNACKS,POTATO CRISPS,Ultra-processed foods,2
Pringles Hot Mexican Chilli Lime,3g,30g,,SWEET AND SAVOURY SNACKS,POTATO CRISPS,Ultra-processed foods,1
Pringles Hot Kicking Sour Cream,,,,SWEET AND SAVOURY SNACKS,POTATO CRISPS,Ultra-processed foods,0
Pringles Hot spicy BBQ,,,,SWEET AND SAVOURY SNACKS,POTATO CRISPS,Ultra-processed foods,0
Pringles Hot Cheese Chilli,,,,SWEET AND SAVOURY SNACKS,POTATO CRISPS,Ultra-processed foods,0
Carrefour Bio Coconut Crisps,,,,SWEET AND SAVOURY SNACKS,COCONUT,Processed foods,0
Pringles Hot Sweet Chilli,4.4g,30g,,SWEET AND SAVOURY SNACKS,POTATO CRISPS,Ultra-processed foods,1
El Sabor Hot Salsa Dip,5g,0.2g,,TABLE SAUCES,SALSA/GUACAMOLE,Ultra-processed foods,1
MaCuisine Good Bee Honey,,0.11g,,HONEY,HONEY,Unprocessed/Minimally processed foods,0
Kaputei Naturals Honey,,,,HONEY,HONEY,Unprocessed/Minimally processed foods,0
Kaputei Premium Squeeze Honey,,,,HONEY,HONEY,Unprocessed/Minimally processed foods,0
SESIA Pure Honey Squeeze,82g,,0.01g,HONEY,HONEY,Unprocessed/Minimally processed foods,1
Eva Peanut Butter,,,,PEANUT BUTTER,PEANUT BUTTER,Processed foods,0
Kaputei Natural Honey,16.8g,,0.0052g,HONEY,HONEY,Unprocessed/Minimally processed foods,1
Hosen Pure Honey,,,0.004g,HONEY,HONEY,Unprocessed/Minimally processed foods,0
Kaputei Premium Honey,,,,HONEY,HONEY,Unprocessed/Minimally processed foods,0
Woodlands Kitui Pure Honey,16g,,,HONEY,HONEY,Unprocessed/Minimally processed foods,1
Tropical Gold Honey,,,,HONEY,HONEY,Unprocessed/Minimally processed foods,0
ALL TIME HONEY HEXA SQUEEZE,,,,HONEY,HONEY,Unprocessed/Minimally processed foods,0
SESIA Pure Honey,82g,,0.01g,HONEY,HONEY,Unprocessed/Minimally processed foods,1
Tropical Gold Honey Squeeze,,,,HONEY,HONEY,Unprocessed/Minimally processed foods,0
Capilano Pure Honey,82.5g,0g,0.015g,HONEY,HONEY,Unprocessed/Minimally processed foods,1
Eva Acacia Honey,,,,HONEY,HONEY,Unprocessed/Minimally processed foods,0
Eva Organic Unifloral Honey,,,,HONEY,HONEY,Unprocessed/Minimally processed foods,0
ALL TIME HONEY,,,,HONEY,HONEY,Unprocessed/Minimally processed foods,0
Woodlands Kitui Pure Honey Squeeze,16g,,,HONEY,HONEY,Unprocessed/Minimally processed foods,1
Nutri Choice Pure Natural And Organic Real Honey,16g,,,HONEY,HONEY,Unprocessed/Minimally processed foods,1
Eva Zaffron Honey,,,,HONEY,HONEY,Unprocessed/Minimally processed foods,0
Eva Organic Polyfloral Honey,,,,HONEY,HONEY,Unprocessed/Minimally processed foods,0
Woodlands Kitui Honey,16g,,,HONEY,HONEY,Unprocessed/Minimally processed foods,1
Peptang Squeezy Pure African Honey,0g,0g,0g,HONEY,HONEY,Unprocessed/Minimally processed foods,0
Eva Cardamon Honey,,,,HONEY,HONEY,Unprocessed/Minimally processed foods,0
Real Honey Squeez,,,,HONEY,HONEY,Unprocessed/Minimally processed foods,0
Lotte Eclair Honey,,,,CANDY AND CONFECTIONERY,SWEETS/CANDY,Ultra-processed foods,0
HERO NATURAL HONEY,,,,HONEY,HONEY,Unprocessed/Minimally processed foods,0
Eva Premium Honey Comb,,,,HONEY,HONEY,Unprocessed/Minimally processed foods,0
Eva Honey With Ginger,,,,HONEY,HONEY,Unprocessed/Minimally processed foods,0
Zesta Pure Natural Honey Squeeze,12g,,0.002g,HONEY,HONEY,Unprocessed/Minimally processed foods,1
ALL TIME HONEY SQUEEZE,,,,HONEY,HONEY,Unprocessed/Minimally processed foods,0
Eva Cinammon Honey,,,,HONEY,HONEY,Unprocessed/Minimally processed foods,0
ALL TIME HONEY JERRYCAN,,,,HONEY,HONEY,Unprocessed/Minimally processed foods,0
CAPILANO Pure Australian Honey,82.5g,,0.015g,HONEY,HONEY,Unprocessed/Minimally processed foods,1
Dairyland Real White Chocolate,25g,16g,0.052g,CHOCOLATE,CHOCOLATE,Ultra-processed foods,2
Java Crispy Chocolate Granola Bar,22g,26g,,SWEET AND SAVOURY SNACKS,BHUSU MIX,Ultra-processed foods,2
PhD Smart Bar High Protein Dark Choc Raspberry,3.1g,14g,,SWEET AND SAVOURY SNACKS,BHUSU MIX,Ultra-processed foods,1
PhD Smart Bar Hfss Choc Brownie,,,,CANDY AND CONFECTIONERY,CHOCOLATE BAR,Ultra-processed foods,0
PhD Smart Bar Hfss White Choc Blondie,,,,CANDY AND CONFECTIONERY,CHOCOLATE BAR,Ultra-processed foods,0
Stimorol Sugar Free Wild Cherry Chewing Gum,0.1g,0.4g,0g,CANDY AND CONFECTIONERY,CHEWING GUMS,Ultra-processed foods,0
Florident Sugar Free Extra White Chewing Gum,1g,,0.004g,CANDY AND CONFECTIONERY,CHEWING GUMS,Ultra-processed foods,0
Stimorol Sugar Free Infinity Tropical Chewing Gum,0g,0g,0g,CANDY AND CONFECTIONERY,CHEWING GUMS,Ultra-processed foods,0
Diablo Sugar Free Strawberry And Cream Sweets Candy,0.5g,9.1g,,CANDY AND CONFECTIONERY,SWEETS/CANDY,Ultra-processed foods,1
Weetabix Fruit And Fiber Cereals Wheat Flakes,21g,6.5g,0.00011g,BREAKFAST CEREALS,WHEAT BISCUIT CEREALS,Ultra-processed foods,1
Naturalli Barley Flakes Pot,1g,2g,,BREAKFAST CEREALS,OATMEAL/PORRIDGE,Unprocessed/Minimally processed foods,0
Kaya Cashew Bars Plain,,,,SWEET AND SAVOURY SNACKS,SESAME/SIMSIM BAR,Processed foods,0
Force Protein Birthday Cake Bar,,,,CANDY AND CONFECTIONERY,SWEETS/CANDY,Ultra-processed foods,0
Jordans Frusli Raisin Hazelnut Cereal,,,,BREAKFAST CEREALS,GRANOLA,Ultra-processed foods,0
Jordans Frusli Cranberry Apple Cereal,,,,BREAKFAST CEREALS,GRANOLA,Ultra-processed foods,0
Bakalland BA Cocoa And Milk Kid Cereal Bar,6.2g,8g,,BREAKFAST CEREALS,CEREAL BAR,Ultra-processed foods,2
Zesta Apricot Jam,9g,0.4g,0.001g,JAM/OTHER SPREADS,FRUIT JAM,Ultra-processed foods,1
Helios Apricot Fruit Jam,9g,0.4g,0.001g,JAM/OTHER SPREADS,FRUIT JAM,Ultra-processed foods,1
Carrefour Apricot Fruit Jam,9g,0.4g,0.001g,JAM/OTHER SPREADS,FRUIT JAM,Ultra-processed foods,1
Carrefour Bio Apricot Fruit Jam,58g,0.2g,0.00104g,JAM/OTHER SPREADS,FRUIT JAM,Ultra-processed foods,1
HERO APRICOT JAM,11.8g,,0.00002g,JAM/OTHER SPREADS,FRUIT JAM,Ultra-processed foods,1
Vitrac Apricot Jam,64g,0g,0g,JAM/OTHER SPREADS,FRUIT JAM,Ultra-processed foods,1
Twinkies Original Cake,,,,CAKES,CAKES,Ultra-processed foods,0
Tiger Tail Cake,,,,CAKES,CAKES,Ultra-processed foods,0
NuVita Strawberry Vanilla Sponge Cake,27g,11g,0.22g,CAKES,CAKES,Ultra-processed foods,2
NuVita Vanilla Chocolate Coated Sponge Cake,49g,8.3g,0.611g,CAKES,CAKES,Ultra-processed foods,3
Betty Crocker Whipping Cream Mix,24g,7.9g,0.026g,BAKING ADDITIVES,COOKING CREAM,Ultra-processed foods,2
PRAN SPECIAL DRYCAKE PAPER,,,,CAKES,CAKES,Ultra-processed foods,0
Betty Crocker Super Moist White Cake Mix,47g,8.1g,0.647g,CAKES,CAKES,Ultra-processed foods,3
Betty Crocker Chocolate Fudge Brownie Mix,,5.7g,,CAKES,CAKES,Ultra-processed foods,0
Betty Crocker Super Moist Supreme Vanilla Cake,52g,6.6g,0.772g,CAKES,CAKES,Ultra-processed foods,2
Betty Crocker Super Moist Milk Chocolate Cake,,,,CAKES,CAKES,Ultra-processed foods,0
Betty Crocker Super Moist Dark Chocolate Cake,52g,6.6g,0.772g,CAKES,CAKES,Ultra-processed foods,2
Tropical Heat Safari Puffs Cheese,,31.8g,1.7g,SWEET AND SAVOURY SNACKS,CORN PUFFS,Ultra-processed foods,2
Tropical Heat Safari Puffs Tomato,,31.8g,1.7g,SWEET AND SAVOURY SNACKS,CORN PUFFS,Ultra-processed foods,2
Dr Oetker Regal Ice Icing White,,,,BAKING ADDITIVES,BAKING POWDER,Processed Culinary Ingredients,0
Rakusen S Vegan Water Biscuit,,,,"COOKIES, BISCUITS AND WAFERS",BISCUITS,Ultra-processed foods,0
Out Of Africa Honey Coated Cashew Nuts,4.9g,48g,0.26g,SALTED/SUGARED NUTS,SALTED CASHEW NUTS,Processed foods,2
Nuttishland Dry Rosted And Salted Cashew Nuts,6g,44g,0.012g,SALTED/SUGARED NUTS,SALTED CASHEW NUTS,Processed foods,2
Jimcy Cashewnuts,,,,SALTED/SUGARED NUTS,SALTED CASHEW NUTS,Unprocessed/Minimally processed foods,0
Amigos Fried Cashew Nuts,4.9g,48g,0.26g,SALTED/SUGARED NUTS,SALTED CASHEW NUTS,Processed foods,2
Beecare Naturals Cashew Nuts Roasted And Salted,,,,SALTED/SUGARED NUTS,SALTED CASHEW NUTS,Processed foods,0
Krunchy Nutz Salted Flavour Roasted Cashews,3.1g,25.8g,0.25g,SALTED/SUGARED NUTS,SALTED CASHEW NUTS,Processed foods,1
Nutfields Cashew Nuts,,47.8g,0.308g,SALTED/SUGARED NUTS,SALTED CASHEW NUTS,Unprocessed/Minimally processed foods,2
Green Forest Dry Salted And Roasted Cashew Nuts,4.9g,48g,0.26g,SALTED/SUGARED NUTS,SALTED CASHEW NUTS,Processed foods,2
Nutcracker Whole Cashew Nuts,5.91g,43.85g,0.012g,SALTED/SUGARED NUTS,SALTED CASHEW NUTS,Unprocessed/Minimally processed foods,2
Green Forest Roasted And Salted Cashew Nuts,4.9g,48g,0.26g,SALTED/SUGARED NUTS,SALTED CASHEW NUTS,Processed foods,2
Kaya Coconut Caramel Cashews,,,,SALTED/SUGARED NUTS,SALTED CASHEW NUTS,Processed foods,0
Kaya Mint Spiced Cashews,,,,SALTED/SUGARED NUTS,SALTED CASHEW NUTS,Processed foods,0
Naturalli W 240 Cashewnuts,8g,49g,,SALTED/SUGARED NUTS,SALTED CASHEW NUTS,Unprocessed/Minimally processed foods,2
Amigos Roasted Cashewnuts,,12g,0.0034g,SALTED/SUGARED NUTS,SALTED CASHEW NUTS,Processed foods,1
Beecare Naturals Cashew Nuts Roasted and Salted Cp,,,,SALTED/SUGARED NUTS,SALTED CASHEW NUTS,Processed foods,0
Out Of Africa Cholesterol Free Honey Coated Cashew Nuts,4.9g,48g,0.26g,SALTED/SUGARED NUTS,SALTED CASHEW NUTS,Processed foods,2
Nuttishland Dry Roasted And Salted Cashew Nuts,6g,44g,,SALTED/SUGARED NUTS,SALTED CASHEW NUTS,Processed foods,2
Out Of Africa Cholesterol Free Dry Roasted And Salted Cashew Nuts,4.9g,48g,0.26g,SALTED/SUGARED NUTS,SALTED CASHEW NUTS,Processed foods,2
Nutfields Unsalted Cashew Nuts,5g,43g,,SALTED/SUGARED NUTS,SALTED CASHEW NUTS,Unprocessed/Minimally processed foods,2
Green Forest Raw Cashew Nuts,,47.8g,0.308g,FRUITS,APPLES,Unprocessed/Minimally processed foods,2
Beecare Naturals Cashew Nut Butter Roasted Salted,,,,JAM/OTHER SPREADS,NUT BUTTER,Ultra-processed foods,0
Green Forest Cashew Nuts,,47.8g,0.308g,SALTED/SUGARED NUTS,SALTED CASHEW NUTS,Unprocessed/Minimally processed foods,2
Mr Berry Too Goody Toffee Bars,0g,4g,0g,CANDY AND CONFECTIONERY,SWEETS/CANDY,Ultra-processed foods,0
Mr Berry Co Assorted Toffee,19g,7g,0.095g,CANDY AND CONFECTIONERY,SWEETS/CANDY,Ultra-processed foods,1
CKL Candy Kenya Old English Toffee,21g,11g,0.055g,CANDY AND CONFECTIONERY,SWEETS/CANDY,Ultra-processed foods,2
Clown Candy Kenya C K L Toffee,63g,33g,0.135g,CANDY AND CONFECTIONERY,SWEETS/CANDY,Ultra-processed foods,2
Colfresh Dental Black Spearmint Gum,,,,CANDY AND CONFECTIONERY,CHEWING GUMS,Ultra-processed foods,0
Colfresh Dental Black Peppermint Chewing Gum,,,,CANDY AND CONFECTIONERY,CHEWING GUMS,Ultra-processed foods,0
Alpenliebe Gold Cream Strawberry Candy,71g,6.8g,0.22g,CANDY AND CONFECTIONERY,SWEETS/CANDY,Ultra-processed foods,1
ALPENLIEBE CARAMEL CANDY,,,,CANDY AND CONFECTIONERY,SWEETS/CANDY,Ultra-processed foods,0
Werther s Original Traditional Butter Candies,71.6g,8.4g,,CANDY AND CONFECTIONERY,SWEETS/CANDY,Ultra-processed foods,2
CKL Candy Kenya London Premium Toffee,,,,CANDY AND CONFECTIONERY,SWEETS/CANDY,Ultra-processed foods,0
Candy Ke Butter Prem Toffee,,,,CANDY AND CONFECTIONERY,SWEETS/CANDY,Ultra-processed foods,0
Liking Red Fruit Yoghurt Toffes,,,,CANDY AND CONFECTIONERY,SWEETS/CANDY,Ultra-processed foods,0
Liking Fruit Assorted Toffees,,,,CANDY AND CONFECTIONERY,SWEETS/CANDY,Ultra-processed foods,0
Alpenliebe Chocolate Caramel Eclairs Candy,84.4g,66.5g,,CANDY AND CONFECTIONERY,SWEETS/CANDY,Ultra-processed foods,2
Liking Creamy Liqorice Toffees,,,,CANDY AND CONFECTIONERY,SWEETS/CANDY,Ultra-processed foods,0
Colfresh Strawberry Gum,,,,CANDY AND CONFECTIONERY,CHEWING GUMS,Ultra-processed foods,0
Candy Kenya Eclairs Premium Toffee,3g,0.2g,,CANDY AND CONFECTIONERY,SWEETS/CANDY,Ultra-processed foods,0
Colfresh Dental Black Peppermint Gum,,,,CANDY AND CONFECTIONERY,CHEWING GUMS,Ultra-processed foods,0
Walkers Eclairs Milk Chocolate,52g,24g,0g,CANDY AND CONFECTIONERY,SWEETS/CANDY,Ultra-processed foods,2
Walkers Nonsuch Treacle Toffee,48.7g,19.2g,,CANDY AND CONFECTIONERY,SWEETS/CANDY,Ultra-processed foods,2
Walkers Nonsuch Mint Toffees,20g,6.9g,,CANDY AND CONFECTIONERY,SWEETS/CANDY,Ultra-processed foods,1
Walkers Nonsuch Assorted And Chocolate Eclairs Toffee,71.4g,22.1g,,CANDY AND CONFECTIONERY,SWEETS/CANDY,Ultra-processed foods,2
Walkers Nonsuch English Creamy Toffee,72.1g,20.4g,,CANDY AND CONFECTIONERY,SWEETS/CANDY,Ultra-processed foods,2
Candy Land Eclairs Toffee,43.3g,19.4g,,CANDY AND CONFECTIONERY,SWEETS/CANDY,Ultra-processed foods,2
Cadbury Curly Wurly Squirlie,,,,CANDY AND CONFECTIONERY,SWEETS/CANDY,Ultra-processed foods,0
Candy Kenya Butter Prm Toffee,,,,CANDY AND CONFECTIONERY,SWEETS/CANDY,Ultra-processed foods,0
Carrefour Hard Toffee Candy,,,,CANDY AND CONFECTIONERY,SWEETS/CANDY,Ultra-processed foods,0
Carrefour Chocotiz Lent Choco,,,,CHOCOLATE,CHOCOLATE,Ultra-processed foods,0
Storck Toffifee,,,,CANDY AND CONFECTIONERY,SWEETS/CANDY,Ultra-processed foods,0
Peptang Pure Africa Honey,0g,0g,0g,HONEY,HONEY,Unprocessed/Minimally processed foods,0
Tropical Gold Unprocessed Honey,,,,HONEY,HONEY,Unprocessed/Minimally processed foods,0
Peptang Pure African Honey,0g,0g,0g,HONEY,HONEY,Unprocessed/Minimally processed foods,0
Winnies Pure Health Honey,,,0.004g,HONEY,HONEY,Unprocessed/Minimally processed foods,0
Ma Cuisine Wild Bush Honey,,,,HONEY,HONEY,Unprocessed/Minimally processed foods,0
Cadbury Freddo,,,,CHOCOLATE,CHOCOLATE BAR,Ultra-processed foods,0
Vitrac Clover Honey,,,,HONEY,HONEY,Unprocessed/Minimally processed foods,0
LoveRaw Milk Chocolate Pnb,,,,CHOCOLATE,CHOCOLATE BAR,Ultra-processed foods,0
Real Honey,,,0.074g,HONEY,HONEY,Unprocessed/Minimally processed foods,0
Hamlets Chocolas Hazelnut,46g,32g,,CHOCOLATE,CHOCOLATE,Ultra-processed foods,2
Cupido Mint Chocolate Sticks,60g,20g,,CHOCOLATE,CHOCOLATE,Ultra-processed foods,2
Hamlets Chocolas Orange,45g,31g,,CHOCOLATE,CHOCOLATE,Ultra-processed foods,2
Hamlets Chocolas Milk,45g,31g,,CHOCOLATE,CHOCOLATE,Ultra-processed foods,2
GUYLIAN MILK BAR SUGAR FREE,10.5g,40.3g,0.09g,CHOCOLATE,CHOCOLATE BAR,Ultra-processed foods,2
Hamlet Sea Shell Hazelnut Fill,49g,37g,,CANDY AND CONFECTIONERY,CHOCOLATE,Ultra-processed foods,2
Hamlet Excelcium Assortment Red Pralines Chocolate,47g,21g,,CHOCOLATE,CHOCOLATE,Ultra-processed foods,2
Nappi Monorpaglia Colored Balls,,,,CANDY AND CONFECTIONERY,SWEETS/CANDY,Ultra-processed foods,0
Nappi Cocoa Decorative Sugar Vermicelli,,2g,0.016g,CANDY AND CONFECTIONERY,SWEETS/CANDY,Ultra-processed foods,0
Nappi Mix Colored Decorative Sugar Vermicelli,,2g,0.016g,CANDY AND CONFECTIONERY,SWEETS/CANDY,Ultra-processed foods,0
Carrefour Rocher Noir 7X,,36g,,CHOCOLATE,CHOCOLATE,Ultra-processed foods,1
Carrefour Milk Choco Rocher 7X,,42.7g,,CANDY AND CONFECTIONERY,CHOCOLATE,Ultra-processed foods,1
Terryrsquos Chocolate Orange Milk Ball,59g,29g,,CANDY AND CONFECTIONERY,CHOCOLATE,Ultra-processed foods,2
Hamlet Belgian Chocolat Cupido,53g,30g,,CHOCOLATE,CHOCOLATE,Ultra-processed foods,2
The Belgian Creamy Vanilla Seashells Chocolates,15g,11g,0.03g,CHOCOLATE,CHOCOLATE,Ultra-processed foods,2
The Belgian Hearts Chocolate,,,,CHOCOLATE,CHOCOLATE,Ultra-processed foods,0
Lindt Lindor Milk Cornet Chocolate,42g,47g,,CHOCOLATE,CHOCOLATE,Ultra-processed foods,2
The Belgian Pralines Assorted Chocolate,,11.9g,,CHOCOLATE,CHOCOLATE,Ultra-processed foods,1
Ferrero Rocher Rocher T30 Chocolate,39.9g,,,CHOCOLATE,CHOCOLATE,Ultra-processed foods,1
CandyLand Chilli Milli Candy,9g,0g,0.026g,CANDY AND CONFECTIONERY,SWEETS/CANDY,Ultra-processed foods,1
Candy Kenya Butter Scotch Candy,13g,0.5g,0.063g,CANDY AND CONFECTIONERY,SWEETS/CANDY,Ultra-processed foods,1
Candy Kenya Milks Candy,51.5g,29.66g,0.079g,CANDY AND CONFECTIONERY,SWEETS/CANDY,Ultra-processed foods,2
JAWBREAKER 4 BALLS FRENZY SWEE,72.2g,5.7g,0g,CANDY AND CONFECTIONERY,SWEETS/CANDY,Ultra-processed foods,1
Confini Classic Black Licorice Plain Belts Candy,62.2g,0g,0g,CANDY AND CONFECTIONERY,SWEETS/CANDY,Ultra-processed foods,1
Confini Cherry Berry Delight Sour Belts Candy,63g,0g,0g,CANDY AND CONFECTIONERY,SWEETS/CANDY,Ultra-processed foods,1
Jawbreaker Emoti Ball Stick Sweet Lollipop,62.6g,0.2g,0.038g,CANDY AND CONFECTIONERY,SWEETS/CANDY,Ultra-processed foods,1
Confini Sweet Orange Belts,,,,CANDY AND CONFECTIONERY,SWEETS/CANDY,Ultra-processed foods,0
Confini Licorice Blueberry Belts,,,,CANDY AND CONFECTIONERY,SWEETS/CANDY,Ultra-processed foods,0
CANDY KENYA MILKEES,,,,CANDY AND CONFECTIONERY,SWEETS/CANDY,Ultra-processed foods,0
Clown Kenya Pipi Miziwa Candy,75.9g,0.01g,0.027g,CANDY AND CONFECTIONERY,SWEETS/CANDY,Ultra-processed foods,1
Candy Kenya Milk Toffee,49g,4g,0.22g,CANDY AND CONFECTIONERY,SWEETS/CANDY,Ultra-processed foods,1
Clown Candy Kenya Chocobar Toffee,4g,2g,0.007g,CANDY AND CONFECTIONERY,SWEETS/CANDY,Ultra-processed foods,0
Candy Kenya Milkyogurt Toffee,10.7g,4.3g,,CANDY AND CONFECTIONERY,SWEETS/CANDY,Ultra-processed foods,1
CANDY KENYA ORANGE PLUS,,,,CANDY AND CONFECTIONERY,SWEETS/CANDY,Ultra-processed foods,0
CANDY KENYA BUTTER SCOTCH,5g,0g,0.023g,CANDY AND CONFECTIONERY,SWEETS/CANDY,Ultra-processed foods,1
CKL Candy Kenya Orange Twist Candy,,0.15g,0.001g,CANDY AND CONFECTIONERY,SWEETS/CANDY,Ultra-processed foods,0
CKL Kenya Pan Masala Candy,95g,1.55g,0.172g,CANDY AND CONFECTIONERY,SWEETS/CANDY,Ultra-processed foods,1
Sweetzone Candy Floss Pot,,,,CANDY AND CONFECTIONERY,SWEETS/CANDY,Ultra-processed foods,0
CKL Pipi Butter Candy,52g,30g,0.079g,CANDY AND CONFECTIONERY,SWEETS/CANDY,Ultra-processed foods,2
Bazooka Push Pop Blackcurrant,25g,0.8g,,CANDY AND CONFECTIONERY,SWEETS/CANDY,Ultra-processed foods,1
Bazooka Push Pop Blue Raspberry And Cola Candy,9.7g,0g,0.017g,CANDY AND CONFECTIONERY,SWEETS/CANDY,Ultra-processed foods,1
Bebeto Spaghetti Sour Apple,,,,CANDY AND CONFECTIONERY,SWEETS/CANDY,Ultra-processed foods,0
KOPIKO COFFEE CANDY BAG,67g,9.9g,0.112g,CANDY AND CONFECTIONERY,SWEETS/CANDY,Ultra-processed foods,2
VIMTO CANDY FLOSS,,,,CANDY AND CONFECTIONERY,SWEETS/CANDY,Ultra-processed foods,0
Rose Sweet And Sour Double Spray Fruit Candy Spray,31g,0g,,CANDY AND CONFECTIONERY,SWEETS/CANDY,Ultra-processed foods,1
Liking Wildberry Fruit Candies,,,,CANDY AND CONFECTIONERY,SWEETS/CANDY,Ultra-processed foods,0
Liking Frizy Sparkling Candies,,,,CANDY AND CONFECTIONERY,SWEETS/CANDY,Ultra-processed foods,0
Liking Mix Assorted Candies,,,,CANDY AND CONFECTIONERY,SWEETS/CANDY,Ultra-processed foods,0
Liking Hard Mint Candies,,,,CANDY AND CONFECTIONERY,SWEETS/CANDY,Ultra-processed foods,0
Trolli Gummies Candy Pizza,58g,0.2g,,CANDY AND CONFECTIONERY,SWEETS/CANDY,Ultra-processed foods,1
Liking Filled Fruits Flvcandies,,,,CANDY AND CONFECTIONERY,SWEETS/CANDY,Ultra-processed foods,0
Liking Citrus Mix Candies,,,,CANDY AND CONFECTIONERY,SWEETS/CANDY,Ultra-processed foods,0
Liking F C Sparkling Candies,,,,CANDY AND CONFECTIONERY,SWEETS/CANDY,Ultra-processed foods,0
Mr Berry Ice Cool Arctic Mint Candy,0g,0g,0g,CANDY AND CONFECTIONERY,SWEETS/CANDY,Ultra-processed foods,0
Trolli Blob Mixed Fruit Gummies,58g,0.2g,,CANDY AND CONFECTIONERY,SWEETS/CANDY,Ultra-processed foods,1
Liking Honey Filled Candies,74g,0g,,CANDY AND CONFECTIONERY,SWEETS/CANDY,Ultra-processed foods,1
Trolli Mix Sour Strips Gummies,54g,1g,,CANDY AND CONFECTIONERY,SWEETS/CANDY,Ultra-processed foods,1
Liking Coffee Filled Candies,,,,CANDY AND CONFECTIONERY,SWEETS/CANDY,Ultra-processed foods,0
Sweetzone Candy Floss Pails,,,,CANDY AND CONFECTIONERY,SWEETS/CANDY,Ultra-processed foods,0
Trolli Gummies Sberry Sour Strip,54g,1g,,CANDY AND CONFECTIONERY,SWEETS/CANDY,Ultra-processed foods,1
Rose Bonkers Banana Spray Candy,16g,0g,0g,CANDY AND CONFECTIONERY,SWEETS/CANDY,Ultra-processed foods,1
Bazooka Big Baby Pop Cola And Raspberry Candy,29g,0g,,CANDY AND CONFECTIONERY,SWEETS/CANDY,Ultra-processed foods,1
Bazooka Big Pop Blackcurrant,87g,0.1g,,CANDY AND CONFECTIONERY,SWEETS/CANDY,Ultra-processed foods,1
Rowntrees Fruit Pastile,61.4g,0.1g,,CANDY AND CONFECTIONERY,SWEETS/CANDY,Ultra-processed foods,1
Toxic Waste Green Sour Candy,73g,,,CANDY AND CONFECTIONERY,SWEETS/CANDY,Ultra-processed foods,1
Bazooka Big Baby Pop Sour Strawberry Candy,87g,0.02g,0.00002g,CANDY AND CONFECTIONERY,SWEETS/CANDY,Ultra-processed foods,1
Paw Patrol Twist Pop Candy,75g,0g,0.083g,CANDY AND CONFECTIONERY,SWEETS/CANDY,Ultra-processed foods,1
Papillon Almonds Halva,,,,CANDY AND CONFECTIONERY,BAOBAB SEED CANDY/MABUYU,Processed foods,0
Paint Splash Orange And Strawberry Lollipop With Sherbet Dip,,,,CANDY AND CONFECTIONERY,SWEETS/CANDY,Ultra-processed foods,0
Rowntrees Fruit Pastile Strawbery Blackcurrent,,,,CANDY AND CONFECTIONERY,SWEETS/CANDY,Ultra-processed foods,0
Sweet Lounge Vegan Blue Raspberry,,,,CANDY AND CONFECTIONERY,SWEETS/CANDY,Ultra-processed foods,0
Sweet Lounge Vegan Fizzy Cola,,,,SODAS AND CARBONATED DRINKS,SODAS,Ultra-processed foods,0
Fini Strawberry Filled Candy,51g,0.8g,,CANDY AND CONFECTIONERY,SWEETS/CANDY,Ultra-processed foods,1
Bebeto Strawberry Laces,57g,2.9g,,CANDY AND CONFECTIONERY,SWEETS/CANDY,Ultra-processed foods,1
Sweet L Vegan Blue Raspberry,,,,CANDY AND CONFECTIONERY,SWEETS/CANDY,Ultra-processed foods,0
Papillon Mixed Nuts Halva,46.86g,30.66g,,CANDY AND CONFECTIONERY,BAOBAB SEED CANDY/MABUYU,Ultra-processed foods,2
Papillon Pistachio Halva,,,,CANDY AND CONFECTIONERY,BAOBAB SEED CANDY/MABUYU,Ultra-processed foods,0
Sweet L Vegan Strawberry Heart,,,,CANDY AND CONFECTIONERY,SWEETS/CANDY,Ultra-processed foods,0
Sweet L Vegan Watermelon Slice,,,,FRUITS,WATER MELONS,Unprocessed/Minimally processed foods,0
Lakanto Sugar Free 54 Cocoa Dark Chocolate Bar,1g,15g,0.05g,CHOCOLATE,CHOCOLATE BAR,Ultra-processed foods,1
Lakanto Sf Almnd Dark Choco Bar,,,,CHOCOLATE,CHOCOLATE BAR,Ultra-processed foods,0
Chocodate Exclusive Real Caramel Chocolate,,2.1g,0.022g,CHOCOLATE,CHOCOLATE,Ultra-processed foods,0
Manji Swiss Banana Wafer,8g,8g,0.04g,"COOKIES, BISCUITS AND WAFERS",WAFERS,Ultra-processed foods,2
Manji Swiss Strawberry Wafer,20g,22g,,"COOKIES, BISCUITS AND WAFERS",WAFERS,Ultra-processed foods,2
Manji Swiss Chocolate Wafer,10g,9g,0.025g,"COOKIES, BISCUITS AND WAFERS",WAFERS,Ultra-processed foods,2
Mr Berry King Cake Tri D Vanila,,,,CAKES,CAKES,Ultra-processed foods,0
Solen Criss Cross Hazelnut Wafer,9g,4g,0.03g,"COOKIES, BISCUITS AND WAFERS",WAFERS,Ultra-processed foods,1
Wafer Master Crepe Gofrette Fp,,,,"COOKIES, BISCUITS AND WAFERS",WAFERS,Ultra-processed foods,0
Freska Wafer Bar Chocolate,,,,"COOKIES, BISCUITS AND WAFERS",WAFERS,Ultra-processed foods,0
Wafer Master Superroll Huzelnut Fpk,,,,"COOKIES, BISCUITS AND WAFERS",WAFERS,Ultra-processed foods,0
Solen Ozmo Popsy Colored Chocolate Candy,70.1g,17.6g,,CANDY AND CONFECTIONERY,SWEETS/CANDY,Ultra-processed foods,2
Sunveat Vanilla Wafers,,5g,,"COOKIES, BISCUITS AND WAFERS",WAFERS,Ultra-processed foods,0
Sunveat Chocolate Wafers,,5g,,"COOKIES, BISCUITS AND WAFERS",WAFERS,Ultra-processed foods,0
Sunveat Orange Wafers,,24g,,"COOKIES, BISCUITS AND WAFERS",WAFERS,Ultra-processed foods,1
Sunveat Strawberry Wafers,,5g,,"COOKIES, BISCUITS AND WAFERS",WAFERS,Ultra-processed foods,0
Wafer Master Huzelnut Cream Roll Fp,,,,"COOKIES, BISCUITS AND WAFERS",WAFERS,Ultra-processed foods,0
BOOMBASTIC HAZELNUT WAFER,,,,"COOKIES, BISCUITS AND WAFERS",WAFERS,Ultra-processed foods,0
NuVita Wafer Strawberry,0g,9g,0.17g,"COOKIES, BISCUITS AND WAFERS",WAFERS,Ultra-processed foods,1
NuVita Wafer Lemon,0g,17g,0g,"COOKIES, BISCUITS AND WAFERS",WAFERS,Ultra-processed foods,1
NuVita Wafer Choco Delight,11g,4g,0.164g,"COOKIES, BISCUITS AND WAFERS",WAFERS,Ultra-processed foods,1
NuVita Wafer Chocolate,29g,15g,0g,"COOKIES, BISCUITS AND WAFERS",WAFERS,Ultra-processed foods,2
Tiffany Crunch N Cream Hazelnut Wafers,32.4g,28.4g,0.105g,"COOKIES, BISCUITS AND WAFERS",WAFERS,Ultra-processed foods,2
Tiffany Crunch N Cream Vanilla Wafers,30.4g,32.1g,0.119g,"COOKIES, BISCUITS AND WAFERS",WAFERS,Ultra-processed foods,2
Biscolata Amada Milk Chocolate Biscuit Stix,,22.2g,,"COOKIES, BISCUITS AND WAFERS",BISCUITS,Ultra-processed foods,1
Biscolata Duomax Milky Chocolate Coated Wafer,42.2g,34.1g,0.04g,"COOKIES, BISCUITS AND WAFERS",WAFERS,Ultra-processed foods,2
Biscolata Coconut Stix Biscuits,11g,11g,0.08g,"COOKIES, BISCUITS AND WAFERS",BISCUITS,Ultra-processed foods,2
BISCOLATA STIX CRISPY RICE,,,,"COOKIES, BISCUITS AND WAFERS",BISCUITS,Ultra-processed foods,0
Biscolata Amada Stix Hazelnut Biscuit Sticks,30.6g,32g,,"COOKIES, BISCUITS AND WAFERS",BISCUITS,Ultra-processed foods,2
Wafer Master Vanilla Cream Rolls,,,,"COOKIES, BISCUITS AND WAFERS",WAFERS,Ultra-processed foods,0
Wafer Master Peanut Butter Cream Roll,,,,"COOKIES, BISCUITS AND WAFERS",WAFERS,Ultra-processed foods,0
Wafer Masterhazelnut Cream Rolls,,,,"COOKIES, BISCUITS AND WAFERS",WAFERS,Ultra-processed foods,0
Wafer Mastercapucino Cream Rolls,,,,"COOKIES, BISCUITS AND WAFERS",WAFERS,Ultra-processed foods,0
Wafer Master Findik Krimali Crepe Huzelnut,,,,"COOKIES, BISCUITS AND WAFERS",WAFERS,Ultra-processed foods,0
Wafer Master Strawberry Flavour Rolls,,,,"COOKIES, BISCUITS AND WAFERS",WAFERS,Ultra-processed foods,0
Wafer Master Choco Cream Rolls,,,,"COOKIES, BISCUITS AND WAFERS",WAFERS,Ultra-processed foods,0
Tiffany Crunch N Cream Crunchiest Chocolate Flavoured Cream Wafer,38.7g,23.7g,0.3g,"COOKIES, BISCUITS AND WAFERS",WAFERS,Ultra-processed foods,3
Milango Diamond Hazelnut Milk Choco Wafer,16g,14g,0.034g,"COOKIES, BISCUITS AND WAFERS",WAFERS,Ultra-processed foods,2
Biscolata Nirvana Minis Hazelnut Cream Milky Wafer,30.4g,23.5g,,"COOKIES, BISCUITS AND WAFERS",WAFERS,Ultra-processed foods,2
Biscolata Minis Dark Chocolate Covered Wafers,10g,10g,0.04g,"COOKIES, BISCUITS AND WAFERS",WAFERS,Ultra-processed foods,2
Loacker Chocolate Sandwich Wafer,8g,8g,0.025g,"COOKIES, BISCUITS AND WAFERS",WAFERS,Ultra-processed foods,2
Wafer Masterchoco Cream Rolls Tin,,,,"COOKIES, BISCUITS AND WAFERS",WAFERS,Ultra-processed foods,0
Wafer Master Findik Huzelnut Rolls Tin,,,,"COOKIES, BISCUITS AND WAFERS",WAFERS,Ultra-processed foods,0
Gastone Lago Mini Roll Cocoa Wafers,48.3g,23.9g,,"COOKIES, BISCUITS AND WAFERS",WAFERS,Ultra-processed foods,2
Wafer Masterminis Huzelnut Cream Tin,,,,"COOKIES, BISCUITS AND WAFERS",WAFERS,Ultra-processed foods,0
Wafer Masterminis Choco Cream Tin,,,,"COOKIES, BISCUITS AND WAFERS",WAFERS,Ultra-processed foods,0
Blue Riband Milk Chocolate Hazelnut Wafer,,,,"COOKIES, BISCUITS AND WAFERS",WAFERS,Ultra-processed foods,0
Carrefour Biscuits Duo Glacier,,,,"COOKIES, BISCUITS AND WAFERS",BISCUITS,Ultra-processed foods,0
Loacker Classic Vanilla Wafer,,,,"COOKIES, BISCUITS AND WAFERS",WAFERS,Ultra-processed foods,0
Loacker Crispy Double Chocolate Cream Wafers,7g,6g,0.03g,"COOKIES, BISCUITS AND WAFERS",WAFERS,Ultra-processed foods,1
Reese S 5 Peanut Butter C Wafer,,,,"COOKIES, BISCUITS AND WAFERS",WAFERS,Ultra-processed foods,0
Dr Oetker Wafer Daisies 12S,,,,"COOKIES, BISCUITS AND WAFERS",WAFERS,Ultra-processed foods,0
Loacker Quadratini Bite Size Vanilla Wafer Cookies,30g,26g,0.162g,"COOKIES, BISCUITS AND WAFERS",WAFERS,Ultra-processed foods,2
Teeka Fun Delicious Chocolate For Girls,10.2g,6.4g,0g,CHOCOLATE,CHOCOLATE,Ultra-processed foods,1
Teeka Fun Delicious Chocolate For Boys,10.2g,6.4g,0g,CHOCOLATE,CHOCOLATE,Ultra-processed foods,1
Ferrero Kinder Joy Girl Chocolate,,6.4g,,CHOCOLATE,CHOCOLATE,Ultra-processed foods,0
Ferrero Kinder Joy Boys Chocolate,,6.4g,,CHOCOLATE,CHOCOLATE,Ultra-processed foods,0
M Ms Chocolate,66g,,,CHOCOLATE,CHOCOLATE,Ultra-processed foods,1
Maltersers Chocolate Ball,52g,25g,0.17g,CANDY AND CONFECTIONERY,CHOCOLATE,Ultra-processed foods,2
Kinder Chocolate,,,,CHOCOLATE,CHOCOLATE BAR,Ultra-processed foods,0
Ferrero Kinder Bueno Hazelnut Chocolate,41.2g,37.3g,,CHOCOLATE,CHOCOLATE BAR,Ultra-processed foods,2
Ferrero Kinder Bueno White Chocolate,,,,CHOCOLATE,CHOCOLATE BAR,Ultra-processed foods,0
Ferrero Raffalleo Chocolate,33.6g,48.3g,,CHOCOLATE,CHOCOLATE,Ultra-processed foods,2
Ferrero Rocher T3 Imported Chocolates,39.9g,,,CHOCOLATE,CHOCOLATE,Ultra-processed foods,1
Ferrero Rocher White Hazelnut Chocolate Bar,44.7g,43.4g,,CHOCOLATE,CHOCOLATE BAR,Ultra-processed foods,2
Ferrero Rocher Original Milk Chocolate,45.4g,44.4g,,CHOCOLATE,CHOCOLATE BAR,Ultra-processed foods,2
Zesta Red Plum Jam,0.6g,0.15g,0.0214g,JAM/OTHER SPREADS,FRUIT JAM,Ultra-processed foods,0
Zesta Mixed Fruit Jam,0g,0g,0g,JAM/OTHER SPREADS,FRUIT JAM,Ultra-processed foods,0
KOL RED PLUM JAM,,,,JAM/OTHER SPREADS,FRUIT JAM,Ultra-processed foods,0
Peptang Red Plum Jam,10.6g,0.1g,21.4g,JAM/OTHER SPREADS,FRUIT JAM,Ultra-processed foods,2
Zesta Orange Marmalade Jam,,1g,,JAM/OTHER SPREADS,MARMALADE,Ultra-processed foods,0
Peptang Pet Pineapple Jam,,10g,0.61g,JAM/OTHER SPREADS,FRUIT JAM,Ultra-processed foods,2
Peptang Pet Red Plum Jam,48.5g,0.1g,0.032g,JAM/OTHER SPREADS,FRUIT JAM,Ultra-processed foods,1
Peptang Pet Orange Marmalade Fruit Jam,60g,0.3g,0.037g,JAM/OTHER SPREADS,MARMALADE,Ultra-processed foods,1
Zesta Pet Orange Marmalade Fruit Jam,60g,0.3g,0.037g,JAM/OTHER SPREADS,MARMALADE,Ultra-processed foods,1
KOL MIXED FRUIT JAM,,,,JAM/OTHER SPREADS,FRUIT JAM,Ultra-processed foods,0
Kenylon Red Plum Jam,,,,JAM/OTHER SPREADS,FRUIT JAM,Ultra-processed foods,0
Kenylon Orange Marmalade,,,,JAM/OTHER SPREADS,MARMALADE,Ultra-processed foods,0
Zesta Pineapple Jam,,10g,0.61g,JAM/OTHER SPREADS,FRUIT JAM,Ultra-processed foods,2
Vitrac Orange Jam,0g,0g,0g,JAM/OTHER SPREADS,FRUIT JAM,Ultra-processed foods,0
Vitrac Mixed Fruits Jam,9g,0g,0g,JAM/OTHER SPREADS,FRUIT JAM,Ultra-processed foods,1
Zesta Verry Berry Jam,46.7g,0g,0g,JAM/OTHER SPREADS,FRUIT JAM,Ultra-processed foods,1
Zesta Raspberry Jam,0.3g,0.5g,0.007g,JAM/OTHER SPREADS,FRUIT JAM,Ultra-processed foods,0
Zesta Red Plum Fruit Jam,48.5g,0.1g,0.032g,JAM/OTHER SPREADS,FRUIT JAM,Ultra-processed foods,1
Zesta Gooseberry Jam,,0.1g,,JAM/OTHER SPREADS,FRUIT JAM,Ultra-processed foods,0
Kaputei Passion Fruit Jam,,,,JAM/OTHER SPREADS,FRUIT JAM,Processed foods,0
Kaputei Orange Marmalade,1g,10g,0.41g,JAM/OTHER SPREADS,MARMALADE,Ultra-processed foods,2
Vitrac Blueberry Jam,12g,0g,0g,JAM/OTHER SPREADS,FRUIT JAM,Ultra-processed foods,1
Ma Cuisine Just Mixed Fruit Jam,70g,0g,0.12g,JAM/OTHER SPREADS,FRUIT JAM,Ultra-processed foods,1
Ma Cuisine Just Raspberry Jam,0.3g,0.5g,0.007g,JAM/OTHER SPREADS,FRUIT JAM,Ultra-processed foods,0
Ma Cuisine Seville Orange Marmalade Fruit Jam,60g,0.3g,0.037g,JAM/OTHER SPREADS,MARMALADE,Ultra-processed foods,1
Peptang Mixed Pet Fruit Jam,70g,,120g,JAM/OTHER SPREADS,FRUIT JAM,Ultra-processed foods,2
Zesta Orange Marmalade Fruit Jam,60g,0.3g,0.037g,JAM/OTHER SPREADS,MARMALADE,Ultra-processed foods,1
Browns Onion Jam,,,,JAM/OTHER SPREADS,FRUIT JAM,Ultra-processed foods,0
FRAGATA BLACKBERRY MARMALADE,52g,0g,,JAM/OTHER SPREADS,MARMALADE,Ultra-processed foods,1
Fragata La Vieja Fabrica Peach Marmalde,55g,,,JAM/OTHER SPREADS,MARMALADE,Ultra-processed foods,1
HERO BLACK CHERRY JAM,,,,JAM/OTHER SPREADS,FRUIT JAM,Ultra-processed foods,0
HERO RASPBERRY JAM,49g,0.2g,0.004g,JAM/OTHER SPREADS,FRUIT JAM,Ultra-processed foods,1
Nature s Tastes Lemon Marmalade,7g,0g,0g,JAM/OTHER SPREADS,MARMALADE,Ultra-processed foods,1
Carrefour Orange Marmalade Jam,60g,0.3g,0.037g,JAM/OTHER SPREADS,MARMALADE,Ultra-processed foods,1
Carrefour Redcurrant Jelly,,,,JAM/OTHER SPREADS,JELLY (NON-FRUIT),Ultra-processed foods,0
Nature s Tastes Mango Jam,13g,0g,0.005g,JAM/OTHER SPREADS,FRUIT JAM,Ultra-processed foods,1
Nature s Tastes Mixed Fruit Jam,8.6g,0.03g,,JAM/OTHER SPREADS,FRUIT JAM,Ultra-processed foods,1
Carrefour Sourcherry Jam Sugar Free,,,,JAM/OTHER SPREADS,FRUIT JAM,Ultra-processed foods,0
HELIOS FRUITS OF THE FOREST E P,42.7g,0g,,JAM/OTHER SPREADS,FRUIT JAM,Ultra-processed foods,1
Nature s Tastes Raspberry Jam,56.9g,0.2g,0.00056g,JAM/OTHER SPREADS,FRUIT JAM,Ultra-processed foods,1
St Dalfour Raspberry Nas Fruit Jam,10g,0.5g,0.007g,JAM/OTHER SPREADS,FRUIT JAM,Ultra-processed foods,1
Carrefour Yellow Plum Jam,59g,,,JAM/OTHER SPREADS,FRUIT JAM,Ultra-processed foods,1
Carrefour Raspberry Jam,,,,JAM/OTHER SPREADS,FRUIT JAM,Ultra-processed foods,0
Carrefour Jam Peach,,,,JAM/OTHER SPREADS,FRUIT JAM,Ultra-processed foods,0
Carrefour Jam Rhubarb,59g,,,JAM/OTHER SPREADS,FRUIT JAM,Ultra-processed foods,1
HELIOS RASPBERRY E FRUIT PRESER,40.5g,0.6g,,JAM/OTHER SPREADS,FRUIT JAM,Ultra-processed foods,1
ROSES MARMALADE LIME FINE CUT,,,,JAM/OTHER SPREADS,MARMALADE,Ultra-processed foods,0
Roses Lemon And Lime Fine Cut Marmalade Jam,53.8g,0g,,JAM/OTHER SPREADS,MARMALADE,Ultra-processed foods,1
ROSES MARMALADE ORANGE FINE CUT,,,,JAM/OTHER SPREADS,MARMALADE,Ultra-processed foods,0
Stokes Seville Orange Marmalade,68g,,,JAM/OTHER SPREADS,MARMALADE,Ultra-processed foods,1
Orange Juice Local,8.4g,0.2g,0.001g,FRESH/FRUIT JUICES - NO ADDED SUGAR,FRESH/FRUIT JUICES - NO ADDED SUGAR,Unprocessed/Minimally processed foods,1
Lime Ginger Fresh Juice,14g,1g,0.002g,FRESH/FRUIT JUICES - NO ADDED SUGAR,FRESH/FRUIT JUICES - NO ADDED SUGAR,Unprocessed/Minimally processed foods,1
Orange Fresh Juice,9g,0g,0.001g,FRESH/FRUIT JUICES - NO ADDED SUGAR,FRESH/FRUIT JUICES - NO ADDED SUGAR,Unprocessed/Minimally processed foods,1
Passion Fresh Juice,18g,0.4g,0.01g,FRESH/FRUIT JUICES - NO ADDED SUGAR,FRESH/FRUIT JUICES - NO ADDED SUGAR,Unprocessed/Minimally processed foods,1
Tropical Mix Fresh Juice,9.4g,0.24g,,FRESH/FRUIT JUICES - NO ADDED SUGAR,FRESH/FRUIT JUICES - NO ADDED SUGAR,Unprocessed/Minimally processed foods,1
Tree Tomato Fresh Juice,2.7g,1g,0.006g,FRESH/FRUIT JUICES - NO ADDED SUGAR,FRESH/FRUIT JUICES - NO ADDED SUGAR,Unprocessed/Minimally processed foods,0
Mango Fresh Juice,31g,0.2g,0.013g,FRESH/FRUIT JUICES - NO ADDED SUGAR,FRESH/FRUIT JUICES - NO ADDED SUGAR,Unprocessed/Minimally processed foods,1
Pinepple Mint Fresh Juice,21g,0g,0.02g,FRESH/FRUIT JUICES - NO ADDED SUGAR,FRESH/FRUIT JUICES - NO ADDED SUGAR,Unprocessed/Minimally processed foods,1
Sugarcane Fresh Juice,73g,0g,0.058g,FRESH/FRUIT JUICES - NO ADDED SUGAR,FRESH/FRUIT JUICES - NO ADDED SUGAR,Unprocessed/Minimally processed foods,1
Watermelon Fresh Juice,0g,0.11g,0.00001g,FRESH/FRUIT JUICES - NO ADDED SUGAR,FRESH/FRUIT JUICES - NO ADDED SUGAR,Unprocessed/Minimally processed foods,0
Suntop Blackcurrant Fruit Juice,12g,0g,,FRUIT DRINKS/SWEETENED JUICES & BOTTLED TEAS,FRUIT DRINKS/SWEETENED JUICE,Ultra-processed foods,1
Acacia Kids Bluerasberry Pouch,12.9g,0.01g,,CANDY AND CONFECTIONERY,SWEETS/CANDY,Ultra-processed foods,1
Acacia Kids Mango Pouch,12.5g,0.01g,,FRUIT DRINKS/SWEETENED JUICES & BOTTLED TEAS,FRUIT DRINKS/SWEETENED JUICE,Ultra-processed foods,1
Fruit Full Tembo Blackberry And Grape Juice,7g,0.7g,0.001g,FRUIT DRINKS/SWEETENED JUICES & BOTTLED TEAS,FRUIT DRINKS/SWEETENED JUICE,Ultra-processed foods,1
Paldo Pororo Blueberry Drink,14g,0g,0g,FRUIT DRINKS/SWEETENED JUICES & BOTTLED TEAS,FRUIT DRINKS/SWEETENED JUICE,Ultra-processed foods,1
Acacia Kids Apple Pouch,,,,FRUIT DRINKS/SWEETENED JUICES & BOTTLED TEAS,FRUIT DRINKS/SWEETENED JUICE,Ultra-processed foods,0
Quencher T Black Currant Juice,,,,FRUIT DRINKS/SWEETENED JUICES & BOTTLED TEAS,FRUIT DRINKS/SWEETENED JUICE,Ultra-processed foods,0
Paldo Pororo Apple Drink,29g,,0.035g,FRUIT DRINKS/SWEETENED JUICES & BOTTLED TEAS,FRUIT DRINKS/SWEETENED JUICE,Ultra-processed foods,1
Paldo Pororo Tropica Drink,17g,0.3g,0.04g,FRUIT DRINKS/SWEETENED JUICES & BOTTLED TEAS,FRUIT DRINKS/SWEETENED JUICE,Ultra-processed foods,1
Paldo Pororo Strawberry Drink,19g,0.5g,0.14g,FRUIT DRINKS/SWEETENED JUICES & BOTTLED TEAS,FRUIT DRINKS/SWEETENED JUICE,Ultra-processed foods,1
Paldo Pororo Milk Fruit Juice Drink,3.6g,0.04g,,FRUIT DRINKS/SWEETENED JUICES & BOTTLED TEAS,FRUIT DRINKS/SWEETENED JUICE,Ultra-processed foods,0
Orchid Valley Tropical Juice,,,,FRESH/FRUIT JUICES - NO ADDED SUGAR,FRESH/FRUIT JUICES - NO ADDED SUGAR,Unprocessed/Minimally processed foods,0
Quencher Fantasy Flavoured Drink,0g,0g,0g,FRUIT DRINKS/SWEETENED JUICES & BOTTLED TEAS,FRUIT DRINKS/SWEETENED JUICE,Ultra-processed foods,0
Acacia Kids Blackcurrant Pouch,12.8g,0.01g,,FRUIT DRINKS/SWEETENED JUICES & BOTTLED TEAS,FRUIT DRINKS/SWEETENED JUICE,Ultra-processed foods,1
Afia Apple,0g,4g,0g,FRUIT DRINKS/SWEETENED JUICES & BOTTLED TEAS,FRUIT DRINKS/SWEETENED JUICE,Ultra-processed foods,0
Choco Primo Drinking Chocolate Powder,72g,3.57g,,COCOA,COCOA - SWEETENED WITH MILK,Ultra-processed foods,1
Twisco Drinking Choco Sachet,74g,1.5g,0.002g,COCOA,COCOA - SWEETENED WITH MILK,Ultra-processed foods,1
Nestle Milo Active Go Chocolate Milk Powder,44g,10.9g,0.15g,MILK POWDER,WHOLE MILK POWDER,Ultra-processed foods,2
Miksi Chocolate Milk Drink Powder,,18g,,MILK DRINKS,FLAVOURED MILK,Ultra-processed foods,1
Cadbury Drinking Chocolate Powder,73g,5.6g,0.6g,COCOA,COCOA - SWEETENED WITH MILK,Ultra-processed foods,2
Cocoa Primo Rich Cocoa Powder,,11.45g,,COCOA,COCOA - UNSWEETENED WITHOUT MILK,Processed foods,1
Choco Primo Rich Drinking Chocolate Powder,,,,COCOA,COCOA - SWEETENED WITH MILK,Ultra-processed foods,0
Clovers Drinking Chocolate Powder,,3.67g,,COCOA,COCOA - SWEETENED WITH MILK,Ultra-processed foods,0
Dairyland Drinking Chocolate,,,,COCOA,COCOA - SWEETENED WITH MILK,Ultra-processed foods,0
Raha Drinking Chocolate Powder,,,,COCOA,COCOA - SWEETENED WITH MILK,Ultra-processed foods,0
Clovers Chocolate Drinking Powder,,3.67g,,COCOA,COCOA - SWEETENED WITH MILK,Ultra-processed foods,0
Clovers Cocoa Powder Sachets,1.8g,14g,0.021g,COCOA,COCOA - UNSWEETENED WITHOUT MILK,Processed foods,1
Raha Cocoa Powder,,3g,0.14g,COCOA,COCOA - UNSWEETENED WITHOUT MILK,Processed foods,0
Rapra s Chocolate Drinking Powder,,10g,,COCOA,COCOA - SWEETENED WITH MILK,Ultra-processed foods,1
Top Food Soya Ginger Drink Mix,0.5g,2.1g,0g,HERBAL INFUSIONS,GREEN TEA,Processed foods,0
Twisco Drinking Choco,,2.1g,,COCOA,COCOA - SWEETENED WITH MILK,Ultra-processed foods,0
Rapra s Drinking Chocolate,0g,10g,,COCOA,COCOA - SWEETENED WITH MILK,Ultra-processed foods,1
Choco Primo Chocolate Burst,,,,CHOCOLATE,CHOCOLATE,Ultra-processed foods,0
Top Food Moringa Ground Herb,0g,0g,,HERBS AND SPICES,SPICES - MORINGA,Unprocessed/Minimally processed foods,0
NESTLE MILO ACTIV GO SACHET,,,,MALT DRINKS,MALT DRINKS,Ultra-processed foods,0
Clovers Cocoa Powder,1.8g,14g,0.021g,COCOA,COCOA - UNSWEETENED WITHOUT MILK,Processed foods,1
Coffeemate Creamy Chocolate,,,,MILK POWDER,NON-DAIRY COFFEE CREAMER,Ultra-processed foods,0
Toll House Cocoa,,,,COCOA,COCOA - UNSWEETENED WITHOUT MILK,Processed foods,0
Sues Naturals Organic Moringa Powder,,0.2g,,HERBS AND SPICES,SPICES - MORINGA,Unprocessed/Minimally processed foods,0
Bolci Freeze Dried Strawberry,,,,DRIED FRUITS,RAISINS,Unprocessed/Minimally processed foods,0
Bolci Roche Milk Chocolate Raisin Hazelnut,,,,CHOCOLATE,CHOCOLATE,Ultra-processed foods,0
Hamlet Gold Euro Coins Chocolate,53g,28g,,CHOCOLATE,CHOCOLATE,Ultra-processed foods,2
GUYLIAN SEA SHELL CON STORE TRAY,49g,35g,,CHOCOLATE,CHOCOLATE,Ultra-processed foods,2
Guylian Praline Hearts,,,,CHOCOLATE,CHOCOLATE,Ultra-processed foods,0
Vobro Chocolate Best Wishes,,,,CHOCOLATE,CHOCOLATE,Ultra-processed foods,0
Vobro Frutti Di Mare Chocolate,,,,CHOCOLATE,CHOCOLATE,Ultra-processed foods,0
HAMLET MILK CHOCO FLAKE TRUFFLE,49g,43g,,CANDY AND CONFECTIONERY,CHOCOLATE,Ultra-processed foods,2
Hamlet Chocolate Sticks Orange,59g,26g,,CANDY AND CONFECTIONERY,CHOCOLATE,Ultra-processed foods,2
Vobro Fruti Di Mare Chrry Cocoa,,,,CANDY AND CONFECTIONERY,CHOCOLATE,Ultra-processed foods,0
Witor S Cuore Milk Chocolate Truffle,,,,CHOCOLATE,CHOCOLATE,Ultra-processed foods,0
Vobro Chocolate Cherry Passion,,,,CANDY AND CONFECTIONERY,CHOCOLATE,Ultra-processed foods,0
Hamlet Belgian Chocolate,44g,36g,,CHOCOLATE,CHOCOLATE,Ultra-processed foods,2
Hamlet Royal Orange Mints,61g,17g,,CANDY AND CONFECTIONERY,SWEETS/CANDY,Ultra-processed foods,2
HAMLET ROYAL MINTS,68g,17g,,CANDY AND CONFECTIONERY,SWEETS/CANDY,Ultra-processed foods,2
Hamlet Cupido Irish Whiskey And Cream Chocolate,51g,21g,,CANDY AND CONFECTIONERY,CHOCOLATE,Ultra-processed foods,2
Witor s Boero Limoncello Dark Chocolate with Liqueur,,,,CANDY AND CONFECTIONERY,CHOCOLATE,Ultra-processed foods,0
Hamlet Selection Chocolate,,28g,,CHOCOLATE,CHOCOLATE,Ultra-processed foods,1
Vobro Hazelnut Passion Choco,,,,CHOCOLATE,CHOCOLATE,Ultra-processed foods,0
Vobro Chocolate Panna Cotta1 Pralines,,,,CANDY AND CONFECTIONERY,SWEETS/CANDY,Ultra-processed foods,0
Bolci Strawberry In Milk Choc olate,,,,CHOCOLATE,CHOCOLATE BAR,Ultra-processed foods,0
Witor s Golden Milk Chocolate with Hazelnuts,,,,CHOCOLATE,CHOCOLATE BAR,Ultra-processed foods,0
Guylian Sea Shells Artisanal Belgian Chocolates,48g,36g,,CHOCOLATE,CHOCOLATE,Ultra-processed foods,2
Witor s Noir Dark Chocolate with Hazelnuts,,,,CHOCOLATE,CHOCOLATE BAR,Ultra-processed foods,0
Hamlet Assortment White Belgian Chocolate,34g,47g,0g,CHOCOLATE,CHOCOLATE,Ultra-processed foods,2
Hamlet Excellent Chocolate,53.5g,,,CHOCOLATE,CHOCOLATE,Ultra-processed foods,1
Hamlet Excellent Line Gold,54g,30g,,CHOCOLATE,CHOCOLATE,Ultra-processed foods,2
Hamlet Chesterfield Line Black Chocolate,54g,30g,,CHOCOLATE,CHOCOLATE,Ultra-processed foods,2
Hamlet Love Chocolate,54g,30g,,CHOCOLATE,CHOCOLATE,Ultra-processed foods,2
Guylian Temptations Mix Impulse,,,,CHOCOLATE,CHOCOLATE,Ultra-processed foods,0
Hamlet Sea Shell Chocolate,57g,35g,,CHOCOLATE,CHOCOLATE,Ultra-processed foods,2
Guylian Temptations Original Chocolate Hazelnut Praline Filling,,,,CHOCOLATE,CHOCOLATE,Ultra-processed foods,0
Hamlet Seashell Hazelnut Filling Chocolate,49g,37g,,CANDY AND CONFECTIONERY,CHOCOLATE,Ultra-processed foods,2
Guylian Sea Horse Pralines Belgian Chocolates,51g,34g,,CHOCOLATE,CHOCOLATE,Ultra-processed foods,2
Vobro Marzipan Passion Chocolate,,,,CHOCOLATE,CHOCOLATE,Ultra-processed foods,0
Hamlet Excelcium Choco As Blac,,,,CHOCOLATE,CHOCOLATE BAR,Ultra-processed foods,0
Vobro Delissimo Honey Almond Chocolate,,,,CHOCOLATE,CHOCOLATE,Ultra-processed foods,0
VOBRO FRUTTI DI MARE CHOCO,,,,CHOCOLATE,CHOCOLATE,Ultra-processed foods,0
GUYLIAN TEMPTATIONS MIX,,,,CANDY AND CONFECTIONERY,CHOCOLATE,Ultra-processed foods,0
Guylian Opus Luxury Assortment Belgian Chocolates Gift,48g,36g,,CHOCOLATE,CHOCOLATE,Ultra-processed foods,2
Guylian Sea Shells Belgian Chocolates Gift Ballotin,44g,28g,,CHOCOLATE,CHOCOLATE,Ultra-processed foods,2
Toblerone Truffles Chocolate,,,,CHOCOLATE,CHOCOLATE,Ultra-processed foods,0
Lindt Lindor Cornet Salted Caramel,,,,CHOCOLATE,CHOCOLATE,Ultra-processed foods,0
Ferrero Chocolate T24,,,,CHOCOLATE,CHOCOLATE,Ultra-processed foods,0
