,Food Name,Package Size,Price,PortionType,Energyinkcal,EnergyinkJ,Protein,Carbohydrates,Sugar,Fat,Fibre,Sodium,Sub Type,Form,Category,Flavour,Additives,Salt,Nutrition,Unnamed: 0.1,cooking Guidelines,Unnamed: 0
0,Chupa Chups Sour Bites Mixed Fruit Sour Candy Belt 10g,Pack size : 10g,,Average Nutritional Value As Per 100g,104kcal,362kJ,0.8g,24g,17g,0.5g,0g,50mg,Sour Candy Belt,Solid,Food,Mixed Fruit,,,,,,
1,Candy Kenya Eclairs Lollipop 8 Pieces,Pack size : 8 Pieces,KES70.00(Inc. VAT),Average Nutritional Value As Per 100g,452kcal,1900kJ,4.2g,71g,48g,17g,0g,,Lollipop,Solid,Food,,,,,,,
2,Candy Kenya Sweety Sweety Lollipop 8 Pieces,Pack size : 8 Pieces,KES70.00(Inc. VAT),Average Nutritional Value As Per 100g,147kcal,615kJ,0g,39g,25.16g,0.08g,0g,,Lollipop,Solid,Food,,,,,,,
3,Chupa Chups Strawberry Melody Pops Lollipop 15g,Pack size : 15g,KES100.00(Inc. VAT),Average Nutritional Value As Per 100g,386kcal,1615.02kJ,0g,94g,76g,0g,0g,8mg,Lollipop,Solid,Food,Strawberry,,,,,,
4,CHUPA CHUPS SOUR TUBES 24.2G,,,,,,,,,,,,,,,,,,,,,
5,Florestal Pop Kiss Black Cola Lollipop 50g,Pack size : 50g,KES102.00(Inc. VAT),Average Nutritional Value As Per 100g,77kcal,322.168kJ,1.5g,19g,40g,9g,,7.7mg,Lollipop,Solid,Food,Black Cola,,,,,,
6,Florestal Pop Tattoo Panico Tutti Frutti Lollipop 48g,Pack size : 48g,KES102.00(Inc. VAT),Average Nutritional Value As Per 40g,160kcal,669.44kJ,1.3g,39g,32g,7g,,,Lollipop,Solid,Food,Tutti Frutti,,,,,,
7,Florestal Pop Tattoo Panico Tutti Frutti Lollipop 48g,Pack size : 48g,KES102.00(Inc. VAT),Average Nutritional Value As Per 40g,160kcal,669.44kJ,1.3g,39g,32g,7g,,,Lollipop,Solid,Food,Tutti Frutti,,,,,,
8,Mr. Berry's Bigg Daddy Passion Lollipop 16.70g,Pack size : 16.70g,KES103.00(Inc. VAT),Average Nutritional Value As Per 100g,392kcal,1641.92kJ,0g,95g,0g,0g,0g,,Lollipop,Solid,Food,Passion,,,,,,
9,Chupa Chups Big Babol Strawberry Soft Bubble Gum 27g (6 Pieces),Pack size : 27g (6 Pieces),KES180.00(Inc. VAT),Average Nutritional Value As Per 100g,309kcal,1313kJ,0g,77.1g,59.6g,0g,,0mg,Bubble Gum,Solid,Food,Strawberry,,,,,,
10,Clown Candy Kenya Milky Milk Lollipop 50 Pieces,Pack size : 50 Pieces,KES200.00(Inc. VAT),Average Nutritional Value As Per 100g,454kcal,1899.54kJ,1.3g,96g,62g,7g,,,Lollipop,Solid,Food,,,,,,,
11,CKL Kenya Candy Sweety Sweety Lollipop 50 Pieces,Pack size : 50 Pieces,KES200.00(Inc. VAT),Average Nutritional Value As Per 100g,147kcal,615kJ,,39g,25.16g,0.08g,,,Lollipop,Solid,Food,,,,,,,
12,Clown Kenya Mr Painter Lollipops 50 Pieces,Pack size : 50 Pieces,KES200.00(Inc. VAT),Average Nutritional Value As Per 100g,560kcal,2343.04kJ,0g,65g,63g,33g,0g,135mg,Lollipops,Solid,Food,,,,,,,
13,Clown Kenya Mr Painter Lollipops 50 Pieces,Pack size : 50 Pieces,KES200.00(Inc. VAT),Average Nutritional Value As Per 100g,560kcal,2343.04kJ,0g,65g,63g,33g,0g,135mg,Lollipops,Solid,Food,,,,,,,
14,Chupa Chups Sour Bites Mixed Fruit Jelly Candy 85.5g,Pack size : 85.5g,,Average Nutritional Value As Per 100g,104kcal,362kJ,0.8g,24g,17g,0.5g,0g,50mg,Jelly Candy,Solid,Food,Mixed Fruit,,,,,,
15,BIGG DADDY PASSION LOLLIPOPS50PCS,Pack size : 50 Pieces,KES475.00(Inc. VAT),,,,,,,,,,Lollipop,Solid,Food,Passion Fruit,,,,,,
16,BIGG DADDY PARTY MIX LOLLIPOPS 50PC,Pack size : 50 Pieces,KES475.00(Inc. VAT),,,,,,,,,,Lollipop,Solid,Food,Mix,,,,,,
17,Clown Big Pop Fruit Flavoured Lollipop XXL 50 Pieces,Pack size : 50 Pieces,KES530.00(Inc. VAT),Average Nutritional Value As Per 100g,387kcal,96.7g,,60.5g,,,,,Lollipop,Solid,Food,,,,,,,
18,Clown Candy Kenya Milkees Milk Lollipop 50 Pieces,Pack size : 50 Pieces,KES530.00(Inc. VAT),Average Nutritional Value As Per 100g,344kcal,1439.3kJ,,86g,73g,,,,Lollipop,Solid,Food,Milk,,,,,,
19,Candy Kenya Full Filling Butter Pops XXL Candy 50 Pieces,Pack size : 50 Pieces,KES530.00(Inc. VAT),Average Nutritional Value As Per 100g,530kcal,2217.52kJ,7g,58g,22g,29g,,,Candy,Solid,Food,,,,,,,
20,Clown Candy Kenya Big Boll XXL Fruit Lollipops 50 Pieces,Pack size : 50 Pieces,KES530.00(Inc. VAT),Average Nutritional Value As Per 100g,388kcal,1648kJ,1.3g,96g,83g,7g,,0.07g,Lollipops,Solid,Food,,,,,,,
21,CKL Mint Twist White Candy 80 Pieces,Pack size : 80 Pieces,KES530.00(Inc. VAT),Average Nutritional Value As Per Serving,60kcal,251kJ,,14g,12g,,,,Candy,Solid,Food,Mint,,,,,,
22,CANDY KENYA MONSTER POPS XXL 50PCS,Pack size : 50 Pieces,KES530.00(Inc. VAT),,,,,,,,,,Lollipops,Solid,Food,,,,,,,
23,Clown Kenya Mr Painter Lollipops XXL x 50 Pieces,Pack size : XXL x 50 Pieces,KES530.00(Inc. VAT),Average Nutritional Value As Per 100g,560kcal,2343.04kJ,0g,65g,63g,33g,0g,135mg,Lollipops,Solid,Food,,,,,,,
24,CKL Kenya Sweety  Lollipops XXL x 50 Pieces,Pack size : XXL x 50 Pieces,KES555.00(Inc. VAT),Average Nutritional Value As Per 100g,147kcal,615kJ,0g,39g,25.16g,0.08g,0g,0mg,Lollipops,Solid,Food,,,,,,,
25,Mr. Berry's King Kuba XXL Bigger Gum Center Tongue Painter Lollipop 50 Pieces,Pack size : 50 Pieces,KES825.00(Inc. VAT),Average Nutritional Value As Per 100g,302.43kcal,1267kJ,,95.19g,,,,,Lollipop,Solid,Food,,,,,,,
26,Chupa Chups Sour Lollipos 120G,,KES750.00(Inc. VAT),,,,,,,,,,,,,,,,,,,
27,NUVITA CHOCOLATE CREAM PUFFS 50GM,,KES50.00(Inc. VAT),,,,,,,,,,,,,,,,,,,
28,NuVita Secrets Original Cream 30g,Pack size : 40g,KES25.00(Inc. VAT),Average Nutritional Value As Per 100g,479kcal,2004.14kJ,7g,61g,61g,22g,,0mg,Biscuits,Solid,Food,,,,,,,
29,Nuvita Lemon Cream Puffs 50Gm,Pack size : 50G,KES50.00(Inc. VAT),,,,,,,,,,,,,,,,,,,
30,NuVita Secrets Coconut Cream 30g,Pack size : 40g,KES25.00(Inc. VAT),Average Nutritional Value As Per 80g,470kcal,1966.48kJ,7g,63g,59g,20g,,,Biscuits,Solid,Food,Coconut,,,,,,
31,Hide&Seek Chocolate Jar Biscuit 22G,Pack size : 22G,KES35.00(Inc. VAT),Average Nutritional Value As Per 100g,479kcal,2004.14kJ,5.9g,73.3g,32.2g,18g,,,Cookies,Solid,,Chocolate Chip,,,,,,
32,Oreo Original Biscuits 27g,Pack size : 27.6g,KES38.00(Inc. VAT),Average Nutritional Value As Per 34g,160kcal,669.44kJ,1g,25g,14g,7g,,135mg,Biscuits,Solid,Food,,,,,,,
33,Oreo Original Biscuits 27g,Pack size : 27.6g,KES38.00(Inc. VAT),Average Nutritional Value As Per 34g,160kcal,669.44kJ,1g,25g,14g,7g,,135mg,Biscuits,Solid,Food,,,,,,,
34,Bisconni Chocolatto Center Filled Chocolate Cookies 24g,Pack size : 24g,KES39.00(Inc. VAT),Average Nutritional Value As Per 100g,114kcal,476.976kJ,1g,16g,7g,5.7g,,20mg,Cookies,Solid,Food,Cocoa,,,,,,
35,Sunveat Strawberry Cream Biscuits 100g,Pack size : 100g,KES39.00(Inc. VAT),Average Nutritional Value As Per 2 Biscuit,161kcal,673.62kJ,1g,24g,0g,6g,0g,109mg,Biscuit,Solid,Food,Strawberry,,,,,,
36,Sunveat Petit Beurre Choco Vanilla Biscuit 75G,,KES39.00(Inc. VAT),,,,,,,,,,,,,,,,,,,
37,Bisconni Chocolatto Center Filled Chocolate Cookies 24g,Pack size : 24g,KES39.00(Inc. VAT),Average Nutritional Value As Per 100g,114kcal,476.976kJ,1g,16g,7g,5.7g,,20mg,Cookies,Solid,Food,Cocoa,,,,,,
38,Bisconni Chocolate Chip Cookies 24g,Pack size : 24g,KES39.00(Inc. VAT),Average Nutritional Value As Per 100g,84kcal,351.456kJ,1g,9g,2g,4g,2g,38mg,Cookies,Solid,Food,Cocoa,,,,,,
39,Sunveat Chocolate Cream Biscuits 100g,Pack size : 100g,KES39.00(Inc. VAT),Average Nutritional Value As Per 100g,451kcal,1886.98kJ,7g,77g,22g,12g,,,Biscuit,Solid,Food,Cocoa,,,,,,
40,Sunveat Petit Beurre Lemon Biscuit 75g,Pack size : 75g,KES39.00(Inc. VAT),,,,,,,,,,,,,,,,,,,
41,NUVITA SECRETS ORIGINAL CREAM60G,Pack size : 80g,KES49.00(Inc. VAT),Average Nutritional Value As Per 100g,479kcal,2004.14kJ,7g,61g,61g,22g,,0mg,Biscuits,Solid,Food,,,,,,,
42,Sunveat Petit Biscuit Strawberry Creamy 75G,Pack size : 75g,KES39.00(Inc. VAT),,,,,,,,,,,,,,,,,,,
43,NUVITA SECRETS COCONUT CREAMS60G,Pack size : 80g,KES49.00(Inc. VAT),Average Nutritional Value As Per 80g,470kcal,1966.48kJ,7g,63g,59g,20g,,,Biscuits,Solid,Food,Coconut,,,,,,
44,Oreo Choco Biscuit 26.25G,Pack size : 25G,KES45.00(Inc. VAT),,,,,,,,,,,,,,,,,,,
45,Oreo Original Chocolate Cream Biscuit 38g,Pack size : 38g,KES43.00(Inc. VAT),Average Nutritional Value As Per 100g,478kcal,2009kJ,5.4g,67g,40g,19g,2.9g,550mg,Biscuit,Solid,Food,Cocoa,,,,,,
46,Manji Chocolate Cream Biscuits 90 gr,Pack size : 90 gr,KES45.00(Inc. VAT),,,,,,,,,,,,,,,,,,,
47,COCOA BISCUIT WITH COCOA CREAM 39G,,KES50.00(Inc. VAT),,25g,14g,185kcal,Average Nutritional Value As Per 39g,0g,94mg,,,Food,Cocoa,2g,774.04kJ,Solid,,,,,
48,Vanilla Cocoa Cream Biscuit 39g,Pack size : 39g,KES50.00(Inc. VAT),Average Nutritional Value As Per 39g,191kcal,799.14kJ,2g,26g,,8g,,,Cocoa Cream Biscuit,Solid,Food,Cocoa,,,,,,
49,Solen Papita Milk Chocolate And Caramel Coated Biscuit 33g,Pack size : 33g,KES80.00(Inc. VAT),Average Nutritional Value As Per Serving,147kcal,615kJ,2g,25g,14g,4.5g,1g,120mg,Biscuit,Solid,Food,"Milk, Chocolate And Caramel",,,,,,
50,Solen Papita Milk Chocolate Cream Coated Biscuit 33g,Pack size : 33g,KES80.00(Inc. VAT),Average Nutritional Value As Per Serving,147kcal,615kJ,2g,25g,14g,4.5g,,120mg,Biscuit,Solid,Food,Milk Chocolate,,,,,,
51,Treff Creams Sandwich Biscuits Orange 70G,Pack size : 100g,KES65.00(Inc. VAT),Average Nutritional Value As Per 1 Piece,23kcal,96.23kJ,,6g,5g,,,23mg,Candy,Solid,Food,,,,,,,
52,Treff Creams Sandwich Biscuits Strawberry 70G,,KES65.00(Inc. VAT),,,,,,,,,,,,,,,,,,,
53,Treff Creams Biscuits Choco Vanilla 70G,Pack size : 60g,KES65.00(Inc. VAT),Average Nutritional Value As Per 1g,5kcal,20kJ,,,,,,,Ratlami Sev,Solid,Food,,,,,,,
54,Treff Creams Sandwich Biscuits P.A 70G,Pack size : 100g,KES65.00(Inc. VAT),Average Nutritional Value As Per 100g,52.9kcal,221.51,4.2g,45.8g,26g,2.39g,6g,671mg,Biscuit,Solid,Food,,,,,,,
55,Treff Creams Sandwich Biscuits Mango 70G,,KES65.00(Inc. VAT),,,,,,,,,,,,,,,,,,,
56,Treff Creams Sandwich Biscuits Chocolate 70G,Pack size : 60g,KES65.00(Inc. VAT),Average Nutritional Value As Per 1g,5kcal,20kJ,,,,,,,Tikha Mitha Mix,Solid,Food,,,,,,,
57,Fairy Bee Oat Choco Chocolate Biscuit 90g,Pack size : 90g,KES65.00(Inc. VAT),Average Nutritional Value As Per 100g,52.9kcal,221.51,4.2g,45.8g,26g,2.39g,,,Biscuit,Solid,Food,Chocolate,,,,,,
58,Treff Cream Lemon Fresh Biscuit,Pack size : 60g,KES85.00(Inc. VAT),Average Nutritional Value As Per 1g,6kcal,25kJ,,,,,,,Singh Bhujia,Solid,Food,,,,,,,
59,Sunveat Bourbon Chocolate Cream Biscuit 160g,Pack size : 160g,KES99.00(Inc. VAT),Average Nutritional Value As Per 20g,101kcal,422.58kJ,1g,12g,,4g,,,Biscuit,Solid,Food,Cocoa,,,,,,
60,Treff Cream Flavoured Biscuit Choco Vanilla 90G,Pack size : 60g,KES85.00(Inc. VAT),Average Nutritional Value As Per 1g,3kcal,12kJ,,,,,,,Moong Dal,Solid,Food,,,,,,,
61,Parle Nice Biscuits 195. 5g,Pack size : 195.5g,KES104.00(Inc. VAT),Average Nutritional Value As Per 100g,480kcal,2008.32kJ,6.5g,72.5g,24.9g,18.2g,,,Biscuits,Solid,Food,,,,,,,
62,Oreo Strawberry Biscuit 119G,Pack size : 119G,,,,,,,,,,,,,,,,,,,,
63,Pran Bisk Club Chocolate Cream Biscuits 90g,Pack size : 90g,KES110.00(Inc. VAT),Average Nutritional Value As Per 100g,150kcal,627.6kJ,2g,21g,6g,6g,0g,115mg,Biscuits,Solid,Food,Cocoa,,,,,,
64,Treff Creams Sandwich Biscuits Vanilla 125G,Pack size : 60g,KES140.00(Inc. VAT),Average Nutritional Value As Per 50g,583kcal,,18g,27g,0g,44g,0g,0mg,Masala Shing,Solid,Food,,,,,,,
65,Treff Creams Biscuits Orange 125G,,KES140.00(Inc. VAT),,,,,,,,,,,,,,,,,,,
66,Treff Creams Sandwich Biscuits Strawberry 125G,Pack size : 60g,KES140.00(Inc. VAT),Average Nutritional Value As Per 100g,603kcal,2522kJ,9g,36g,2g,47g,4g,641mg,Chatni Ganthiya,Solid,Food,,,,,,,
67,Treff Creams Sandwich Biscuits Strawberry 125G,Pack size : 60g,KES140.00(Inc. VAT),Average Nutritional Value As Per 100g,603kcal,2522kJ,9g,36g,2g,47g,4g,641mg,Chatni Ganthiya,Solid,Food,,,,,,,
68,Oreo Chocolate Creme Flavoured Biscuits 128G,Pack size : 128g,KES168.00(Inc. VAT),Average Nutritional Value As Per 100g,586kcal,2454kJ,5g,69g,40.6g,19.8g,1.5g,555mg,Biscuits,Solid,Food,Chocolate,,,,,,
69,Oreo Coca Cola Biscuit 119.6G,Pack size : 119.6g,,,,,,,,,,,,,Biscuit,Cola,,,,,,
70,Treff Creams Sandwich Biscuits Strawberry 125G,Pack size : 60g,KES140.00(Inc. VAT),Average Nutritional Value As Per 100g,603kcal,2522kJ,9g,36g,2g,47g,4g,641mg,Chatni Ganthiya,Solid,Food,,,,,,,
71,Treff Creams Sandwich Biscuits Chocolate 125G,Pack size : 60g,KES140.00(Inc. VAT),Average Nutritional Value As Per 1 pack,163kcal,681kJ,6g,13g,0g,8g,0g,0mg,Snacks,Solid,Food,,,,,,,
72,Lotte Pepero Original Sticks B47G,,,,,,,,,,,,,,,,,,,,,
73,Lotte Pepero Choco Filed Stick B47G,,,,,,,,,,,,,,,,,,,,,
74,Lotte Pepero White Cooking Stick B32G,,,,,,,,,,,,,,,,,,,,,
75,Lotte Pepero Almond Stick B32G,,,,,,,,,,,,,,,,,,,,,
76,Manji Milk Chocolate Chocolate Fingers Biscuit 125g,Pack size : 125g,KES230.00(Inc. VAT),Average Nutritional Value As Per 100g,509kcal,2130kJ,,64g,37g,25g,2.1g,,Biscuit,Solid,Food,Cocoa,,0.48g,,,,
77,Cadbury Dairy Milk Biscuit Chocolate Bar 80g,Pack size : 80g,KES289.00(Inc. VAT),Average Nutritional Value As Per 100g,0.51kcal,2140kJ,,60g,50.5g,26.5g,2.4g,122mg,Chocolate Bar,Solid,Food,Cocoa,,,,,,
78,Carrefour Kids Biscuits Filled With Vanilla+,,KES499.00(Inc. VAT),,,,,,,,,,,,,,,,,,,
79,Carrefour Milk Chocolate Butter Biscuits 150g,Pack size : 150g,KES499.00(Inc. VAT),Average Nutritional Value As Per 100g,506kcal,2123kJ,6.8g,69g,40g,22g,2.6g,,Biscuits,Solid,Food,"Milk Chocolate, Butter",,0.75g,,,,
80,Carrefour Dark Chocolate Butter Biscuits 150g,Pack size : 150g,KES499.00(Inc. VAT),Average Nutritional Value As Per 100g,511kcal,2142kJ,6.9g,67g,36g,23g,4.3g,,Biscuits,Solid,Food,"Dark Chocolate, Butter",,0.75g,,,,
81,Golden Bourbon Cream Biscuits 800g,Pack size : 800g,KES529.00(Inc. VAT),Average Nutritional Value As Per 1 Biscuit,67kcal,280kJ,,9g,4g,3g,,,Biscuits,Solid,Food,,,,,,,
82,Carrefour Xtrem Chocolate Hazelnut Filled Biscuits 225g,Pack size : 225g,KES599.00(Inc. VAT),Average Nutritional Value As Per 100g,493kcal,"2,065kJ",7g,63g,38g,23g,3g,,Biscuits,Solid,Food,"Hazelnut, Cocoa",,0.4g,,,,
83,Carrefour Zoo Mini Biscuit 160g,Pack size : 160g,KES599.00(Inc. VAT),Average Nutritional Value As Per 100g,201kcal,840.984kJ,2.8g,27.2g,12.8g,8.8g,0.9g,0.1g,Biscuit,Solid,Food,,,,,,,
84,Carrefour Stick And Choc White Chocolate Finger Biscuits 125g,Pack size : 125g,KES699.00(Inc. VAT),Average Nutritional Value As Per 100g,525kcal,"2,195kJ",6.6g,61g,38g,28g,1.2g,,Biscuits,Solid,Food,White Chocolate,,0.4g,,,,
85,Carrefour Biscuits Filled With Chocolate+,,KES999.00(Inc. VAT),,,,,,,,,,,,,,,,,,,
86,Mcvities Bn Strawberry Biscuit 285G,Pack size : 285g,KES1090.00(Inc. VAT),Average Nutritional Value As Per 100g,398kcal,1681kJ,5.3g,75g,32g,8.4g,2.5g,,Biscuits,Solid,Food,,,0.48g,,,,
87,Solen Papita Caramel Biscuits33Gx24,,KES1920.00(Inc. VAT),,,,,,,,,,,,,,,,,,,
88,Ubisco Kreamy Biscuits Strawberry 60G,,KES38.00(Inc. VAT),,,,,,,,,,,,,,,,,,,
89,UBISCO KREAMY BISCUITS CHOCO 60G,,KES38.00(Inc. VAT),,,,,,,,,,,,,,,,,,,
90,Bisconni Cocomo Chocolate Filled Biscuits 23g,Pack size : 23g,KES39.00(Inc. VAT),Average Nutritional Value As Per 100g,110kcal,460kcal,5g,15g,16g,19g,2g,280mg,Biscuits,Solid,Food,Cocoa,,,,,,
91,Manji Orange Cream Biscuits 90g,Pack size : 90g,KES45.00(Inc. VAT),Average Nutritional Value As Per 100g,588kcal,2460kJ,6g,68g,,19g,,,Biscuits,Solid,Food,Orange,,,,,,
92,Parle Hide & Seek Fab Orange Choco Chip Sandwich Cookies 112g,Pack size : 112g,KES95.00(Inc. VAT),Average Nutritional Value As Per 100g,499kcal,2087kJ,4g,70g,39g,22g,,,Cookies,Solid,Food,"Orange, Cocoa",,,,,,
93,Parle Hide & Seek Fab Strawberry Choco Chip Sandwich Cookies 112g,Pack size : 112g,KES95.00(Inc. VAT),Average Nutritional Value As Per 100g,499kcal,2087kJ,4g,30g,39g,22g,,,Cookies,Solid,Food,"Strawberry, Cocoa",,,,,,
94,Hide&Seek Fab Vanilla Biscuit 112G,Pack size : 112G,KES95.00(Inc. VAT),Average Nutritional Value As Per 1 Cookies,61kcal,255kJ,,8g,4g,2g,,,Cookies,Solid,Food,"Vanilla, Cocoa",,,,,,
95,Hide&Seek Fab Vanilla Biscuit 112G,Pack size : 112G,KES95.00(Inc. VAT),Average Nutritional Value As Per 1 Cookies,61kcal,255kJ,,8g,4g,2g,,,Cookies,Solid,Food,"Vanilla, Cocoa",,,,,,
96,Golden Bourbon Cream Biscuits 800g,Pack size : 800g,KES529.00(Inc. VAT),Average Nutritional Value As Per 1 Biscuit,67kcal,280kJ,,9g,4g,3g,,,Biscuits,Solid,Food,,,,,,,
97,NuVita Salty Crackers 48 gr,Pack size : 48 gr,KES30.00(Inc. VAT),,,,,,,,,,,,,,,,,,,
98,NuVita Sweet & Salty Crackers Biscuit 50g,Pack size : 50g,KES30.00(Inc. VAT),Average Nutritional Value As Per 100g,422kcal,1765.65kJ,7g,62g,,16g,,341mg,Crackers Biscuit,Solid,Food,Sweet And Salty,,,,,,
99,Sweetunda Tomato Ketchup Crackies 30G,Pack size : 30g,KES55.00(Inc. VAT),,,,,,,,,,,,,,,,,,,
100,Sweetunda Fruit Chutny Crackies 30G,Pack size : 30g,KES55.00(Inc. VAT),Average Nutritional Value As Per 100g,373kcal,1560kJ,2g,60g,6g,13g,5g,,Crackies,Solid,Food,,,,,,,
101,Tropical Heat SuperFit Rice Cakes Unsalted 120G,Pack size : 100g,,Average Nutritional Value As Per 100g,355 Kcal,1484KJ,7.80g,79.40g,1.20g,0.70g,1.89g,1.8g,Rice Cakes,Unsalted,7.8g,Unsalted,No Additives,5.0mg,"Tropical Heat Rice Cakes are popped not fried, gluten free, trans fat free and containing less than 50 calories per Rice Cake.",,,
102,Sweetunda Chili Salt Crackies 30G,Pack size : 30g,KES55.00(Inc. VAT),Average Nutritional Value As Per 50g,93kcal,389kJ,3g,31g,1g,1g,,,Crackies,Solid,Food,"Chili, Salt",,,,,,
103,Tropical Heat SuperFit Rice Cakes Salted 120G,Pack size : 100g,,Average Nutritional Value As Per 100g,355 Kcal,1484KJ,7.80g,79.40g,1.20g,0.70g,1.89g,1.9g,Rice Cakes,Salted,7.8g,Salted,No Additives,1.80g,"Tropical Heat Rice Cakes are popped not fried, gluten free, trans fat free and containing less than 50 calories per Rice Cake.",,,
104,Pran Bisk Club Potato Spicy Biscuits 100g,Pack size : 100g,KES145.00(Inc. VAT),Average Nutritional Value As Per 100g,230kcal,962kJ,4g,36g,11g,8g,7g,0mg,Biscuits,Solid,Food,,,,,,,
105,Tropical Heat SuperFit Rice Cakes Unsalted 120G,Pack size : 100g,,Average Nutritional Value As Per 100g,355 Kcal,1484KJ,7.80g,79.40g,1.20g,0.70g,1.89g,1.8g,Rice Cakes,Unsalted,7.8g,Unsalted,No Additives,5.0mg,"Tropical Heat Rice Cakes are popped not fried, gluten free, trans fat free and containing less than 50 calories per Rice Cake.",,,
106,NuVita  Dinner Crackers 200G,Pack size : 200g,KES198.00(Inc. VAT),Average Nutritional Value As Per 100g,464.34kcal,1857.36kJ,10.01g,70.30g,1g,0g,,,Crackers,Solid,Food,,,1.39g,,,,
107,NuVita  Light & Crisp Cream Crackers 200G,Pack size : 200g,KES198.00(Inc. VAT),Average Nutritional Value As Per 100g,464.34kcal,1857.36kJ,10.01g,70.30g,1g,0g,,,Crackers,Solid,Food,,,1.39g,,,,
108,NuVita Sweet & Salty Crackers 200g,Pack size : 200g,,Average Nutritional Value As Per 100g,468kcal,1958kJ,8g,67g,,17g,,,Biscuit,Solid,Food,,,,,,,
109,NuVita Salty Crackers 200g,Pack size : 200g,,Average Nutritional Value As Per 100g,422kcal,1765kJ,7g,81g,,7g,,,Biscuit,Solid,Food,,,,,,,
110,FAYAZ CHEESE CRACKERS 200G,Pack size : 200g,KES180.00(Inc. VAT),Average Nutritional Value As Per 100g,493kcal,2062kJ,7g,63g,14g,24g,3g,1092mg,Cheese Crackers,Solid,,Cheese,,,,,,
111,Ritz Cheese Sandwich Crackers 118g,Pack size : 118g,KES219.00(Inc. VAT),Average Nutritional Value As Per 100g,507kcal,2121kJ,6.9g,56.3g,15.3g,28.3g,0g,,Crackers,Solid,Food,,,0.47g,,,,
112,Manji Dinner Crackers Biscuit 200g,Pack size : 200g,KES220.00(Inc. VAT),Average Nutritional Value As Per 25g,128kcal,535.552kJ,,16g,,5g,,11mg,Biscuit,Solid,Food,,,,,,,
113,NUVITA CRACKERS CHEESE 200G,Pack size : 200g,,Average Nutritional Value As Per 101g,422kcal,1765.65kJ,7g,81g,,7g,,,Biscuit,Solid,Food,Cheese,,,,,,
114,Manji Salty Snack Biscuit 200g,Pack size : 200g,KES220.00(Inc. VAT),Average Nutritional Value As Per 25g,117kcal,489.528kJ,2g,17g,,4g,,,Biscuit,Solid,Food,,,,,,,
115,CARRS TABLE WATER BITE ORIGINAL125G,Pack size : 125g,KES315.00(Inc. VAT),Average Nutritional Value As Per 100g,417kcal,1759kJ,10.1g,74.7g,1.6g,7.7g,4.2g,0.6g,Crackers,Solid,Food,,,,,,,
116,CARRS TABLE WATER SESAME BISC. 125G,Pack size : 125g,KES315.00(Inc. VAT),Average Nutritional Value As Per 100g,425kcal,1792kJ,10.5g,71.5g,1.5g,9.7g,4.7g,0.6g,Crackers,Solid,Food,Sesame Seeds,,1.4g,,,,
117,CARRS TABLE WATER CRACKED PEPPE125G,Pack size : 125g,KES315.00(Inc. VAT),Average Nutritional Value As Per Serving,60kcal,251.04kJ,1g,10g,,1g,,80mg,Crackers,Solid,Food,Cracked Pepper,,,,,,
118,Queen D Chedarpaprika Crackers200G,Pack size : 200g,KES670.00(Inc. VAT),,,,,,,,,,Crackers,Solid,Food,"Cheddar, Paprika",,,,,,
119,Queen D Active Ch Crackers200G,Pack size : 200g,KES670.00(Inc. VAT),Average Nutritional Value As Per 100g,480kcal,2008.32kJ,4g,80g,2g,14g,2g,760mg,Crackers,Solid,Food,,,,,,,
120,Queen D Rosemary Sage Crackers200G,Pack size : 200g,KES670.00(Inc. VAT),Average Nutritional Value As Per 100g,400kcal,1673.6kJ,13.3g,66.7g,3.3g,10g,0g,900mg,Crackers,Solid,Food,"Rosemary, Sage",,,,,,
121,The Cracker Shack Sesame Lavash Crackers 200g,Pack size : 200g,KES675.00(Inc. VAT),Average Nutritional Value As Per 1 Pack,220kcal,920kJ,3g,25g,10g,12g,,,Crackers,Solid,Food,,,,,,,
122,The Cracker Shack Amaranth Crackers 200g,Pack size : 200g,KES675.00(Inc. VAT),Average Nutritional Value As Per 100g,487kcal,2037.61kJ,,63g,,21g,,1900mg,Crackers,Solid,Food,Amaranth,,,,,,
123,The Cracker Shack Cheddar Crackers 200g,Pack size : 200g,KES675.00(Inc. VAT),Average Nutritional Value As Per 100g,487kcal,2037.61kJ,,63g,,21g,,1900mg,Crackers,Solid,Food,Cheddar Cheese,,,,,,
124,The Cracker Shack Charcoal Crackers 200g,Pack size : 200g,KES675.00(Inc. VAT),Average Nutritional Value As Per 100g,501kcal,2096.18kJ,7g,71g,,6g,,,Crackers,Solid,Food,,,,,,,
125,The Cracker Shack Rosemary Crackers 200g,Pack size : 200g,KES675.00(Inc. VAT),Average Nutritional Value As Per 100g,487kcal,2037.61kJ,,63g,,21g,,1900mg,Crackers,Solid,Food,Rosemary,,,,,,
126,The Cracker Shack Gluten Free Fruit And Nut Crackers 200g,Pack size : 200g,KES695.00(Inc. VAT),Average Nutritional Value As Per 100g,441kcal,1845.14kJ,9g,65g,,16g,,,Crackers,Solid,Food,Fruit And Nut,,,,,,
127,Queen Deli Itl Cantuci Crackers200G,Pack size : 200g,KES790.00(Inc. VAT),Average Nutritional Value As Per 100g,431kcal,1819kJ,7.4g,72.1g,39.1g,11.2g,3.1g,,Crackers,Solid,Food,,,0.58g,,,,
128,The Cracker Shack Original Gluten Free Oat And Amaranth Crackers 200g,Pack size : 200g,KES695.00(Inc. VAT),Average Nutritional Value As Per 100g,504kcal,2108.74kJ,7g,61g,7g,26g,2.1g,748mg,Cracker,Solid,Food,,,,,,,
129,Rakusen'S Gluten Free Cracker 175G,Pack size : 175g,KES1199.00(Inc. VAT),,,,,,,,,,,,,,,,,,,
130,Snak It Salty Bikis 30 gr,,KES20.00(Inc. VAT),,,,,,,,,,,,,,,,,,,
131,Tropical Heat Snacks Masala Sticks 200G,Pack size : 200g,KES195.00(Inc. VAT),Average Nutritional Value As Per 100g,546Kcal,2277KJ,5.8g,42.6g,7.6g,35.8g,3.0g,0.6g,Masala Sticks,Solid,Food,Masala,No Additives,,"Tropical Heat Masala Sticks are fried in healthy vegetable oil, gluten free and are suitable for vegetarians.",,,
132,Tropical Heat Snacks Masala Sticks 70G,Pack size : 70g,KES70.00(Inc. VAT),Average Nutritional Value As Per 100g,546Kcal,2277KJ,5.8g,42.6g,7.6g,35.8g,3.0g,0.6g,Masala Sticks,Solid,Food,Masala,No Additives,,"Tropical Heat Masala Sticks are fried in healthy vegetable oil, gluten free and are suitable for vegetarians.",,,
133,BlueBand Peanut Butter 400g,Pack size : 400g,,Average Nutritional Value As Per 100g,610,2552.24,23g,19g,-,49g,-,482mg,Peanut Butter,Solid,Food,,,-,Omega 6 & Protein,,,
134,Nuteez Smooth Peanut Butter 400g,Pack size : 400g,KES295.00(Inc. VAT),Average Nutritional Value As Per 15g,93kcal,389.112kJ,4g,3g,1g,7g,1.5g,3mg,Peanut Butter,Paste,Food,,,,,,,
135,Nuteez Natural Crunchy Peanut Butter 400g,Pack size : 400g,KES294.00(Inc. VAT),Average Nutritional Value As Per 100g,616kcal,2577.34kJ,27g,12g,,50g,,,Peanut Butter,Paste,Food,,,,,,,
136,Skippy Peanut Butter Creamy 340G,Pack size : 340g,KES845.00(Inc. VAT),Average Nutritional Value As Per 100g,350kcal,1463kJ,7g,6g,3g,16g,2g,150mg,Peanut Butter,Paste,Frozen,,,,,,,
137,Zesta Smooth Peanut Butter 250g,Pack size : 250g,KES170.00(Inc. VAT),Average Nutritional Value As Per 15g,93kcal,389.112kJ,4g,3g,1g,7g,1.5g,3mg,Peanut Butter,Paste,Food,,,,,,,
138,Skippy Chunky Peanut Butter 340g,Pack size : 340g,KES845.00(Inc. VAT),Average Nutritional Value As Per 100g,180kcal,752.4kJ,7g,8g,4g,15g,2g,125mg,Peanut Butter,Paste,Frozen,,,,,,,
139,Peptang Healthy Creamy Peanut Butter 400g,Pack size : 400g,KES325.00(Inc. VAT),Average Nutritional Value As Per 100g,188kcal,786.592kJ,8g,6g,3g,16g,1.9g,144mg,Peanut Butter,Paste,Food,,,,,,,
140,ZESTA CRUNCHY PEANUT BUTTER 800G,,KES525.00(Inc. VAT),,,,,,,,,,,,,,,,,,,
141,Peptang Healthy No Added Sugar Peanut Butter 250g,Pack size : 250g,KES230.00(Inc. VAT),Average Nutritional Value As Per 100g,625kcal,2615kJ,25g,17g,4g,50g,5g,,Peanut Butter,Paste,Food,,,,,,,
142,Zesta Smooth Peanut Butter 125g,Pack size : 125g,KES100.00(Inc. VAT),Average Nutritional Value As Per 100g,93kcal,389.11kJ,4g,3g,1g,7g,1.5g,3mg,Peanut Butter,Paste,Food,,,,,,,
143,Nut Gold Crunchy Peanut Butter 500G,Pack size : 500g,KES329.00(Inc. VAT),Average Nutritional Value As Per 100g,642kcal,2686.13kJ,26g,20g,9g,51g,5g,350mg,Peanut Butter,Paste,Food,,,,,,,
144,Peptang Healthy Crunchy Peanut Butter 250g,Pack size : 250g,KES215.00(Inc. VAT),Average Nutritional Value As Per 100g,642kcal,2686.13kJ,26g,20g,9g,51g,5g,350mg,Peanut Butter,Paste,Food,,,,,,,
145,Zesta Smooth Peanut Butter 800g,Pack size : 800g,KES525.00(Inc. VAT),Average Nutritional Value As Per 15g,93kcal,389.112kJ,4g,3g,1g,7g,1.5g,3mg,Peanut Butter,Paste,Food,,,,,,,
146,Zesta Crunchy Peanut Butter 400g,Pack size : 400g,KES270.00(Inc. VAT),Average Nutritional Value As Per 100g,642kcal,2686.13kJ,26g,20g,9g,51g,5g,350mg,Peanut Butter,Paste,Food,,,,,,,
147,Nuteez Natural Crunchy Peanut Butter 800g,Pack size : 800g,KES570.00(Inc. VAT),Average Nutritional Value As Per 100g,616kcal,2577.34kJ,27g,12g,,50g,,,Peanut Butter,Paste,Food,,,,,,,
148,Peptang Healthy Crunchy Peanut Butter 400g,Pack size : 400g,KES325.00(Inc. VAT),Average Nutritional Value As Per 100g,642kcal,2686.13kJ,26g,20g,9g,51g,5g,350mg,Peanut Butter,Paste,Food,,,,,,,
149,Lotus Biscoff Spread Cookie Butter 400g,Pack size : 400g,KES1762.00(Inc. VAT),Average Nutritional Value As Per 100g,365kcal,2430kJ,2.9g,57.0g,36.8g,38.1g,,216mg,Cookie Butter,Cream,Food,,,,,,,
150,Crunchy Peanut Butter Sugar Free 400g,Pack size : 400g,KES295.00(Inc. VAT),Average Nutritional Value As Per 100g,625kcal,2615kJ,30g,18g,3g,49g,6g,25mg,Peanut Butter,Paste,Food,,,,,,,
151,Sugar Free Smooth Peanut Butter 400g,Pack size : 400g,KES295.00(Inc. VAT),Average Nutritional Value As Per 100g,644kcal,2690kJ,27g,10g,,54.4g,6.4g,1.9mg,Peanut Butter,Paste,Food,,,,,,,
152,Skippy Chunky Peanut Butter 500g,Pack size : 500g,KES1290.00(Inc. VAT),Average Nutritional Value As Per 100g,180kcal,752.4kJ,7g,8g,4g,15g,2g,125mg,Peanut Butter,Paste,Frozen,,,,,,,
153,NUT GOLD PEANUT BUTTER CREAMY800G,,KES699.00(Inc. VAT),,,,,,,,,,,,,,,,,,,
154,Dairyland Hazelnut Chocolate Bar 40G,Pack size : 40g,KES120.00(Inc. VAT),Average Nutritional Value As Per 100g,375kcal,1569kJ,22.5g,45g,27.5g,17.5g,15g,200mg,Chocolate Bar,Solid,Food,Hazelnut,,,,,,
155,Dairyland Milk With Cookies Chocolate Bar 40G,Pack size : 40g,KES120.00(Inc. VAT),Average Nutritional Value As Per 26g,150kcal,627.6kJ,2g,13g,10g,10g,1g,30mg,Chocolate Bar,Solid,Food,Cocoa,,,,,,
156,Dairyland Orange Crunch Chocolate Bar 40G,Pack size : 40g,KES120.00(Inc. VAT),Average Nutritional Value As Per 100g,558kcal,2328kJ,5.6g,53.5g,51.4g,35.3g,2.3g,,Chocolate Bar,Solid,Food,Orange,,0.15g,,,,
157,Dairyland White With Cookies Chocolate Bar 40G,Pack size : 40g,KES120.00(Inc. VAT),Average Nutritional Value As Per 100g,538kcal,2250.99kJ,12g,50g,48g,32g,,146mg,Chocolate Bar,Solid,Food,Cocoa,,,,,,
158,Dairyland White With Cookies Chocolate Bar 40G,Pack size : 40g,KES120.00(Inc. VAT),Average Nutritional Value As Per 100g,538kcal,2250.99kJ,12g,50g,48g,32g,,146mg,Chocolate Bar,Solid,Food,Cocoa,,,,,,
159,Dairyland Salted Caramel Chocolate Bar 40G,Pack size : 40g,KES120.00(Inc. VAT),Average Nutritional Value As Per 100g,483kcal,2023kJ,4.8g,62g,48g,24g,1.3g,,Chocolate Bar,Solid,Food,Salted Caramel,,0.4g,,,,
160,Dairyland Dark Milk Chocolate Bar 40G,Pack size : 40g,KES120.00(Inc. VAT),Average Nutritional Value As Per 100g,574kcal,2401.62kJ,6.7g,54.6g,48.5g,36.5g,,65mg,Chocolate Bar,Solid,Food,Cocoa,,,,,,
161,Dairyland Real Milk Chocolate Bar 40G,Pack size : 40g,KES120.00(Inc. VAT),Average Nutritional Value As Per 100g,523kcal,2188.23kJ,8.1g,60.5g,57.3g,28.9g,2.1g,156mg,Chocolate Bar,Solid,Food,Cocoa,,,,,,
162,Dairyland Salted Caramel Chocolate Bar 40G,Pack size : 40g,KES120.00(Inc. VAT),Average Nutritional Value As Per 100g,483kcal,2023kJ,4.8g,62g,48g,24g,1.3g,,Chocolate Bar,Solid,Food,Salted Caramel,,0.4g,,,,
163,Dairyland Almond And Raisin Chocolate Bar 40G,Pack size : 40g,KES120.00(Inc. VAT),Average Nutritional Value As Per 100g,513kcal,2146.39kJ,10g,44.8g,41.4g,33.6g,,95mg,Chocolate Bar,Solid,Food,"Almond, Raisin",,,,,,
164,Reflexx Caramel Filled With Coconut Eclairs Toffee 80G,Pack size : 80g,KES129.00(Inc. VAT),Average Nutritional Value As Per 100g,50kcal,210kJ,1.2g,19.5g,16.4g,5.5g,,,Eclairs Toffee,Solid,Food,"Caramel, Coconut",,,,,,
165,Reflexx Caramel Filled With Coffee Eclairs Toffee 80G,Pack size : 80g,KES129.00(Inc. VAT),Average Nutritional Value As Per 100g,71kcal,301kJ,3.8g,76g,49g,0.4g,,,Eclairs Toffee,Solid,Food,"Caramel, Coffee",,0.56g,,,,
166,Reflexx Caramel Filled With Creamy Milk Eclairs Toffee 80G,Pack size : 80g,KES129.00(Inc. VAT),Average Nutritional Value As Per 100g,60kcal,253kJ,5g,6.8g,0g,0.3g,,,Eclairs Toffee,Solid,Food,Caramel,,,,,,
167,Reflexx Caramel Filled With Coffee Eclairs Toffee 80G,Pack size : 80g,KES129.00(Inc. VAT),Average Nutritional Value As Per 100g,71kcal,301kJ,3.8g,76g,49g,0.4g,,,Eclairs Toffee,Solid,Food,"Caramel, Coffee",,0.56g,,,,
168,Cadbury P.S. Caramilk Chocolate Bar 48G,Pack size : 48g,KES179.00(Inc. VAT),Average Nutritional Value As Per 100g,524kcal,2195kJ,4.7g,66g,56.5g,26g,0.7g,127mg,Chocolate Bar,Solid,Food,"Caramel, Milk",,,,,,
169,Dairyland Orange Crunch Chocolate 80G,Pack size : 80g,,Average Nutritional Value As Per 100g,531kcal,2211kJ,6.9g,46g,44g,34g,,0.008mg,Chocolate,Solid,Food,Orange,,0.02g,,,,
170,Cadbury Dairy Milk Astros Choc 80G,,KES289.00(Inc. VAT),,,,,,,,,,,,,,,,,,,
171,CADBURY DAIRY MILK CARAM CHOC 80G,,KES289.00(Inc. VAT),,,,,,,,,,,,,,,,,,,
172,Cadbury Dairy Milk Astros Choc 80G,,KES289.00(Inc. VAT),,,,,,,,,,,,,,,,,,,
173,Reflexx Eclairs Caramel 200G,Pack size : 200g,KES289.00(Inc. VAT),Average Nutritional Value As Per 100g,65kcal,280kJ,1.2g,19.5g,16.4g,5.5g,,,Eclairs Caramel,Solid,Food,,,,,,,
174,Reflexx Caramel Filled With Creamy Milk Eclairs Toffee 200G,Pack size : 200g,KES289.00(Inc. VAT),Average Nutritional Value As Per 100g,60kcal,253kJ,5g,6.8g,0g,0.3g,,,Eclairs Toffee,Solid,Food,Caramel,,,,,,
175,Cadbury Dairy Milk Oreo Chocolate Bar 95G,Pack size : 95g,KES299.00(Inc. VAT),Average Nutritional Value As Per 100g,560kcal,2330kJ,6g,53.5g,48.5g,35g,0.8g,,Chocolate Bar,Solid,Food,Oreo Biscuit,,,,,,
176,Rose Candy Toilet Chocolate 15G,Pack size : 15g,KES426.00(Inc. VAT),Average Nutritional Value As Per 100g,343kcal,1435kJ,,84.5g,68.4g,1g,,,Toilet Candy,Solid,Food,,,,,,,
177,Candy Castle Crew Rose Triple Dipper Candy 35G,Pack size : 35g,KES446.00(Inc. VAT),Average Nutritional Value As Per 100g,379kcal,1583kJ,,95g,93g,,,,Candy,Solid,Food,,,0g,,,,
178,Cadbury Flake Milk Chocolate 80G,Pack size : 80g,KES599.00(Inc. VAT),Average Nutritional Value As Per 100g,521kcal,2179kJ,7.4g,60g,59g,27g,2.4g,,Milk Chocolate,Solid,Food,Chocoa,,0.26g,,,,
179,Cadbury Dairy Milk Button Choco 70G,Pack size : 70g,KES609.00(Inc. VAT),,,,,,,,,,,,,Milk Chocolate,,,"Energy: 530 kcal
Fat: 30g
Saturated Fat: 18g
Carbohydrates: 57g
Sugars: 56g
Protein: 7g
Salt: 0.24g",,,
180,Rolo Little Pouch Bag 103G,Pack size : 103g,KES699.00(Inc. VAT),Average Nutritional Value As Per 100g,495kcal,2083kJ,3.9g,66.1g,60.1g,23.7g,1g,,Chocolate,Solid,Food,,,0.26g,,,,
181,Munchies Cookie Dough Pouch 97G,,KES699.00(Inc. VAT),,,,,,,,,,,,,,,,,,,
182,Cadbury Wispa 94.8G,Pack size : 94.8g,KES699.00(Inc. VAT),,,,,,,,,,,,,Milk Chocolate,,,,,,
183,Vanini Hezelnuts Caramel  Salt 62 Chocolate 100G,,KES899.00(Inc. VAT),,,,,,,,,,,,,,,,,,,
184,Nestle Tola Miniatures 160G,Pack size : 160g,KES990.00(Inc. VAT),,,,,,,,,,,,,,,,,,,
185,Hamlet Excelcium Gpraline Asso180G,Pack size : 180g,KES995.00(Inc. VAT),Average Nutritional Value As Per 100g,465Kcal,1946kJ,6.1g,64g,48g,20g,,,Excelsium Pralines Chocolate,Solid,Food,Cocoa,,0.08g,,,,
186,Cadbury Wispa 213.3G,Pack size : 213.3g,KES1239.00(Inc. VAT),,,,,,,,,,,,,Milk Chocolate,,,,,,
187,HAMLET CHOCOLATE IMAGE LINE RED125G,Pack size : 125g,KES1375.00(Inc. VAT),Average Nutritional Value As Per 100g,526Kcal,2201kJ,6.2g,56g,54g,30g,,,Belgian Chocolate,Solid,Food,Cocoa,,0.16g,,,,
188,Lindt Swiss Premium Assorted Napolitains Dark Chocolate 700g,Pack size : 700g,KES7200.00(Inc. VAT),Average Nutritional Value As Per 100g,567kcal,2362kJ,6.3g,53g,50g,36g,2.7g,64mg,Dark Chocolate,Solid,Food,,,,,,,
189,Clovers Vanilla Essence 240Ml,Pack size : 240ml,KES145.00(Inc. VAT),Average Nutritional Value As Per 5ml,13kcal,54kJ,,,,,,,Essence,Liquid,Food,Vanilla,,,,0.0,,
190,Zesta Vanilla Essence Clear 500ml,Pack size : 500ml,KES229.00(Inc. VAT),Average Nutritional Value As Per 5ml,13kcal,54kJ,,,,,,,Vanilla Essence,Liquid,Food,,,,,1.0,,
191,Clovers Vanilla Essence 500Ml,Pack size : 500ml,KES205.00(Inc. VAT),Average Nutritional Value As Per 5ml,13kcal,54kJ,,,,,,,Essence,Liquid,Food,Vanilla,,,,2.0,,
192,Clovers Vanilla Essence 50ml,Pack size : 50ml,KES72.00(Inc. VAT),Average Nutritional Value As Per 5ml,13kcal,54kJ,,,,,,,Essence,Liquid,Food,Vanilla,,,,3.0,,
193,Zesta Vanilla Essence 500ml,Pack size : 500ml,KES229.00(Inc. VAT),Average Nutritional Value As Per 5ml,13kcal,54kJ,,,,,,,Essence,Liquid,Food,Vanilla,,,,4.0,,
194,Festival Vanilla Essence 200ml,Pack size : 200ml,KES259.00(Inc. VAT),Average Nutritional Value As Per 5ml,13kcal,54kJ,,,,,,,Essence,Liquid,Food,Vanilla,,,,5.0,,
195,Clovers Clear Vanilla Essence 50ml,Pack size : 50ml,KES72.00(Inc. VAT),,,,,,,,,,Essence,Liquid,Food,Vanilla,,,,6.0,,
196,Festival Food Colour Orange 10g,Pack size : 10g,KES29.00(Inc. VAT),Average Nutritional Value As Per 100g,305kcal,1276kJ,,75g,,,,,Food Colour,Powder,Food,,,,,7.0,,
197,Clovers Orange Essence 50ml,Pack size : 50ml,KES72.00(Inc. VAT),Average Nutritional Value As Per 40g,100kcal,418kJ,1g,26g,15g,,3g,,Essence,Liquid,Food,Orange,,,,8.0,,
198,Santa Maria Blue Food Colour 40g,Pack size : 40g,KES89.00(Inc. VAT),Average Nutritional Value As Per Serving,55kcal,230.12kJ,,,14g,,,3mg,Food Colour,Liquid,Food,,,,,9.0,,
199,Festival Choco Vanilla Essence 50ml,Pack size : 50ml,KES90.00(Inc. VAT),Average Nutritional Value As Per 5ml,13kcal,54kJ,,,,,,,Essence,Liquid,Food,Vanilla,,,,10.0,,
200,Festival Strawberry Essence 50ml,Pack size : 50ml,KES90.00(Inc. VAT),Average Nutritional Value As Per 1ml,10kcal,41kJ,,,,,,,Essence,Liquid,Food,Strawberry,,,,11.0,,
201,Festival Lemon and Lime Essence 50ml,Pack size : 50ml,KES90.00(Inc. VAT),Average Nutritional Value As Per 500ml,7kcal,29kJ,,,,,,,Essence,Liquid,Food,"Lemon, Lime",,,,12.0,,
202,Festival Liquid Food Color Golden Yellow 50 ml,Pack size : 50 ml,KES71.00(Inc. VAT),,,,,,,,,,,,,,,,,13.0,,
203,Festival Food Colour Egg Yellow 40g,Pack size : 40g,KES93.00(Inc. VAT),Average Nutritional Value As Per 100g,358kcal,1497kJ,13g,66g,1g,3g,,29mg,Food Colour,Powder,Food,,,,,14.0,,
204,Santa Maria Orange Food Colour 40ml,Pack size : 40ml,KES89.00(Inc. VAT),Average Nutritional Value As Per 100g,73kcal,305kJ,1.3g,16.5g,12g,0.2g,2.8g,13mg,Food Colour,Liquid,Food,,,,,15.0,,
205,FESTIVAL FOOD COLOUR SBERRY RED250G,Pack size : 250g,KES313.00(Inc. VAT),,,,,,,,,,Food Colour,Powder,Food,,,,,16.0,,
206,Festival Coconut Essence 50ml,Pack size : 50ml,KES90.00(Inc. VAT),Average Nutritional Value As Per 260ml,50kcal,209kJ,,15g,,,,85mg,Essence,Liquid,Food,Coconut,,,,17.0,,
207,Festival Orange Essence 50ml,Pack size : 50ml,KES90.00(Inc. VAT),Average Nutritional Value As Per 40g,100kcal,418kJ,1g,26g,15g,,3g,,Essence,Liquid,Food,Orange,,,,18.0,,
208,Festival Food Colour Green 40g,Pack size : 40g,KES93.00(Inc. VAT),Average Nutritional Value As Per 100g,305kcal,1276kJ,,75g,,,,,Food Colour,Powder,Food,,,,,19.0,,
209,Festival Red Food Colour 10g,Pack size : 10g,KES29.00(Inc. VAT),,,,,,,,,,Food Colour,Liquid,Food,,,,,20.0,,
210,Clovers Chocolate Essence 50ml,Pack size : 50ml,KES72.00(Inc. VAT),Average Nutritional Value As Per 29g,100kcal,418kJ,23g,2g,,,1g,180mg,Essence,Liquid,Food,Chocolate,,,,21.0,,
211,Festival Food Colour Pink 10g,Pack size : 10g,KES48.00(Inc. VAT),Average Nutritional Value As Per 100g,100kcal,418kJ,1g,9g,8g,6g,,65mg,Food Colour,Powder,Food,,,,,22.0,,
212,Festival Food Colouring Strawberry Red 10g,Pack size : 10g,KES29.00(Inc. VAT),,,,,,,,,,Food Colour,Powder,Food,,,,,23.0,,
213,Festival Food Colour Green 10g,Pack size : 10g,KES29.00(Inc. VAT),Average Nutritional Value As Per 100g,305kcal,1276kJ,,75g,,,,,Food Colour,Powder,Food,,,,,24.0,,
214,Clovers Food Colour Powder Bright Red 10g,Pack size : 10g,KES26.00(Inc. VAT),Average Nutritional Value As Per 100g,295kcal,1234kJ,20g,46g,,11g,,,Food Colour,Powder,Food,,,,,25.0,,
215,Clovers Food Colour Powder Bright Red 10g,Pack size : 10g,KES26.00(Inc. VAT),Average Nutritional Value As Per 100g,295kcal,1234kJ,20g,46g,,11g,,,Food Colour,Powder,Food,,,,,26.0,,
216,Festival Food Colour Black 10g,Pack size : 10g,KES48.00(Inc. VAT),Average Nutritional Value As Per 100g,0kcal,0kJ,,2g,,,,,Food Colour,Powder,Food,,,,,27.0,,
217,Clovers Raspberry Essence 50ml,Pack size : 50ml,KES72.00(Inc. VAT),Average Nutritional Value As Per 100ml,1kcal,4kJ,,,,,,,Essence,Liquid,Food,Raspberry,,,,28.0,,
218,FESTIVAL FOOD COLOUR PURPLE 10G,Pack size : 10g,KES29.00(Inc. VAT),,,,,,,,,,Food Colour,Powder,Food,,,,,29.0,,
219,Santa Maria Strawberry Essence 40g,Pack size : 40g,KES89.00(Inc. VAT),Average Nutritional Value As Per 1ml,10kcal,41.84kJ,,,,,,,Essence,Liquid,Food,Strawberry,,,,30.0,,
220,Clovers Black Food Colour Powder 10g,Pack size : 10g,KES34.00(Inc. VAT),Average Nutritional Value As Per 100g,0kcal,0kJ,,,,,,,Food Colour Powder,Powder,Food,,,,,31.0,,
221,Santa Maria Chocolate Essence 40ml,Pack size : 40ml,KES89.00(Inc. VAT),Average Nutritional Value As Per 29ml,100kcal,418.4kJ,23g,2g,,,1g,180mg,Essence,Liquid,Food,Cocoa,,,,32.0,,
222,Clovers Pineapple Essence 50ml,Pack size : 50ml,KES72.00(Inc. VAT),Average Nutritional Value As Per 10g,10kcal,14kJ,,2g,1g,,,,Essence,Liquid,Food,Pineapple,,,,33.0,,
223,Clovers Food Colour Powder Pink 10g,Pack size : 10g,KES34.00(Inc. VAT),Average Nutritional Value As Per 15g,57kcal,238kJ,12g,1g,,,,,Food Colour,Powder,Food,,,,,34.0,,
224,Santa Maria Rose Pink Food Colour 40g,Pack size : 40g,KES89.00(Inc. VAT),Average Nutritional Value As Per 100g,0.5kcal,2kJ,,,,,,16mg,Food Colour,Liquid,Food,,,,,35.0,,
225,Clovers Purple Food Colour Powder 10g,Pack size : 10g,KES26.00(Inc. VAT),Average Nutritional Value As Per 100g,0kcal,0kJ,,,,,,,Food Colour Powder,Powder,Food,,,,,36.0,,
226,Festival Liquid Food Colour Raspberry Red 50ml,Pack size : 50ml,KES71.00(Inc. VAT),,,,,,,,,,Food Colour,Liquid,Food,,,,,37.0,,
227,Festival Food Colour Tomato Red 10g,Pack size : 10g,KES29.00(Inc. VAT),,,,,,,,,,Food Colour,Powder,Food,,,,,38.0,,
228,Clovers Food Colour Powder Egg Yellow 10g,Pack size : 10g,KES26.00(Inc. VAT),Average Nutritional Value As Per 100g,268kcal,1121kJ,,66g,47g,,,,Food Colour,Powder,Food,,,,,39.0,,
229,Clovers Bright Golden Food Colour Powder 10g,Pack size : 10g,KES26.00(Inc. VAT),Average Nutritional Value As Per 100g,0kcal,0kJ,0g,0g,0g,0g,0g,0mg,Food Colour Powder,Powder,Food,,,,,40.0,,
230,Festival Food Colour Maroon 10g,Pack size : 10g,KES29.00(Inc. VAT),,,,,,,,,,Food Colour,Powder,Food,,,,,41.0,,
231,Festival Clear Vanilla Essence 50ml,Pack size : 50ml,KES90.00(Inc. VAT),,,,,,,,,,Essence,Liquid,Food,Vanilla,,,,42.0,,
232,Festival Food Colour Egg Yellow 10g,Pack size : 10g,KES29.00(Inc. VAT),Average Nutritional Value As Per 100g,268kcal,1121kJ,,66g,47g,,,,Food Colour,Powder,Food,,,,,43.0,,
233,Festival Vanilla Essence 50ml,Pack size : 50ml,KES90.00(Inc. VAT),Average Nutritional Value As Per 5ml,13kcal,54kJ,,,,,,,Essence,Liquid,Food,Vanilla,,,,44.0,,
234,Festival Chocolate Essence 50ml,Pack size : 50ml,KES90.00(Inc. VAT),Average Nutritional Value As Per 29g,100kcal,418kJ,2g,2g,,,1g,180mg,Essence,Liquid,Food,Chocolate,,,,45.0,,
235,Top Lure Clear Vanilla Essence 500ml,Pack size : 500ml,,Average Nutritional Value As Per 5ml,13kcal,54kJ,0g,0g,0g,0g,,,Vanilla Essence,Liquid,Food,Vanilla,,,,46.0,,
236,Clovers Strawberry Essence 50ml,Pack size : 50ml,KES72.00(Inc. VAT),,Average Nutritional Value As Per 1ml,,,,,,,,,41kJ,10kcal,,Strawberry,,Liquid,47.0,Essence,
237,Festival Food Colour Tomato Red 40g,Pack size : 40g,KES93.00(Inc. VAT),,,,,,,,,,Food Colour,Powder,Food,,,,,48.0,,
238,Festival Food Colour Raspberry Red 40g,Pack size : 40g,KES93.00(Inc. VAT),Average Nutritional Value As Per 100g,50kcal,209kJ,,13g,10g,,,5mg,Food Colour,Powder,Food,,,,,49.0,,
239,FESTIVAL FOOD COLOUR ORANGE 250G,Pack size : 250g,KES313.00(Inc. VAT),,,,,,,,,,Food Colour,Powder,Food,,,,,50.0,,
240,Festival Food Colour Chocolate Brown 250g,Pack size : 250g,KES313.00(Inc. VAT),,,,,,,,,,Food Colour,Powder,Food,,,,,51.0,,
241,Festival Liq Food Clr Orange 50Ml,,KES71.00(Inc. VAT),,,,,,,,,,,,,,,,,52.0,,
242,FESTIVAL FOOD COLOUR RBERRY RED250G,Pack size : 250g,KES313.00(Inc. VAT),,,,,,,,,,Food Colour,Powder,Food,,,,,53.0,,
243,Clovers Maroon Food Colour Powder 10g,Pack size : 10g,KES26.00(Inc. VAT),Average Nutritional Value As Per 100g,0kcal,0kJ,,,,,,,Food Colour Powder,Powder,Food,,,,,54.0,,
244,Clovers Food Colour Strawberry Red 10g,Pack size : 10g,KES26.00(Inc. VAT),,,,,,,,,,Food Colour,Powder,Food,,,,,55.0,,
245,FESTIVAL FOOD COLOUR PINK 250G,Pack size : 250g,KES604.00(Inc. VAT),,,,,,,,,,Food Colour,Powder,Food,,,,,56.0,,
246,Caroline Gluten Free Pancakes & Waffles Mix 435g,Pack size : 435g,KES608.00(Inc. VAT),Average Nutritional Value As Per 100g,130kcal,543.92kJ,2g,24g,4g,2g,2g,250mg,Cassava Flour Pancakes And Waffles Mix,Powder,Food,Cassava,,,,57.0,,
247,Caroline Chocolate Fudge cake Mix 510G,Pack size : 510g,KES492.00(Inc. VAT),Average Nutritional Value As Per 90g,330kcal,1380.72kJ,5g,78g,46g,1g,,,Cupcake Mix,Powder,Food,Chocolate,,,,58.0,"Preheat oven to 180 degrees Celsius. Line the cupcake tin with cupcakes wrappers. In a large bowl, add the cake mix, butter (or margarine or vegetable oil), water, eggs and whisk vigorously until well combined. Fill the cupcake wrappers. Bake for about 15 to 18 minutes or until a toothpick inserted in the centre comes out clean. Cool completely.",
248,Betty Crocker Butter Milk Pancake Mix 360g,Pack size : 360g,KES640.00(Inc. VAT),Average Nutritional Value As Per 100g,375kcal,1567kJ,72g,10g,8.8g,5.5g,1.3g,1058mg,Pancake Mix,Powder,Food,Butter Milk,,,,59.0,,
249,Betty Crocker Dark Chocolate Fudge Brownie Mix 500g,Pack size : 500g,KES640.00(Inc. VAT),Average Nutritional Value As Per 100g,110kcal,460.24kJ,1g,24g,17g,1.5g,1g,90mg,Brownie Mix,Powder,Food,Dark Chocolate,,,,60.0,,
250,Betty Crocker Super Moist Chocolate Fudge Cake Mix 500g,Pack size : 500g,KES670.00(Inc. VAT),Average Nutritional Value As Per 100g,160kcal,669.44kJ,2g,35g,17g,1g,1g,380mg,Cake Mix,Powder,Food,Chocolate Fudge,,,,61.0,,
251,Caroline Red Velvet Cake Mix 510g,Pack size : 510g,KES503.00(Inc. VAT),Average Nutritional Value As Per 100g,200kcal,836.8kJ,2g,40g,18g,5g,1g,,Cake Mix,Powder,Food,Red Velvet,,,,62.0,,
252,Caroline Moist Carrot Cake Mix 420g,Pack size : 420g,KES458.00(Inc. VAT),Average Nutritional Value As Per 100g,205kcal,857.72kJ,3g,29g,17g,8g,1g,300mg,Cake Mix,Powder,Food,Carrot,,,,63.0,"Preheat oven to 180 degrees Celsius. Grease the baking pan and lightly flour to avoid sticking. Or line the cupcake tin with cupcakes wrappers. Wash, peel and grate the carrots. In a large bowl, add the cake mix, vegetable oil, water, eggs, and mix together. Then add the grated carrots. Mix until well combined. Pour into the baking pan or fill the cupcake wrappers. Bake for about 30 to 35 minutes or until a toothpick inserted in the centre comes out clean. Cool completely.",
253,Caroline Pizza Crust Mix 540g,Pack size : 540g,KES503.00(Inc. VAT),Average Nutritional Value As Per 100g,160kcal,669.44kJ,5g,33g,2g,1g,1g,200mg,Pizza Crust Mix,Powder,Food,,,,,64.0,"Empty the contents of this pack into a clean bowl. You will find a small pouch with yeast. In a large bowl, mix the lukewarm water with the yeast. Set aside for 5 minutes till the yeast foams. Add the pizza mix and vegetable oil. Mix until well combined. Knead for about two minutes. Cover the dough and set aside in a warm place to rise and double in size (at least 30 minutes). Preheat the oven to 200 degrees Celsius. Dust a flat clean surface with some flour. Roll out the pizza dough to your desired thickness. Lightly oil and dust the baking tray. Place the rolled out pizza dough onto the baking tray. Add your favourite sauces and toppings. Bake for 15 minutes.",
254,Proctor & Allan Chocolate Cake Mix 500g,Pack size : 500g,KES350.00(Inc. VAT),Average Nutritional Value As Per 100g,396.3kcal,1658.11kJ,4.6g,82.1g,39.3g,8.2g,2.3g,774.7mg,Cake Mix,Powder,Food,,,,,65.0,,
255,Caroline Doughnuts Mix 475g,Pack size : 475g,KES503.00(Inc. VAT),Average Nutritional Value As Per 100g,394kcal,1648.5kJ,7g,77g,24g,6g,0g,560mg,Doughnuts Mix,Powder,Food,,,,,66.0,"Empty the contents of the pack into a clean bowl. You will find a small pouch with yeast. In a large bowl, mix the lukewarm water with the yeast. Set aside for 5 minutes till the yeast foams. Add the doughnut mix, butter or margarine, eggs and lukewarm milk. Mix until well combined. Cover the dough and set aside in a warm place to double and rise for 30 minutes. Preheat the vegetable oil in a pot at medium heat. Grease the hands with oil or margarine to avoid sticking. Dust a flat clean surface with some flour. Roll out the dough to a thickness of about half a cm and cut out shapes. Deep fry the doughnuts cooking for 1 minute or less on each side until golden brown. Carefully remove from the oil and place onto a prepared rack or kitchen towel.",
256,Caroline Chocolate Cupcakes Mix 510g,Pack size : 510g,KES492.00(Inc. VAT),Average Nutritional Value As Per 237g,131kcal,548.10kJ,1g,29g,,1g,,,Cupcakes Mix,Powder,Food,Cocoa,,,,67.0,,
257,Caroline Vanilla Cookies Mix 500g,Pack size : 500g,KES432.00(Inc. VAT),Average Nutritional Value As Per 24g,90kcal,376.56kJ,4g,12g,2g,6g,3g,95mg,Cookies Mix,Powder,Food,Vanilla,,,,68.0,,
258,Caroline Gingerbread Cookies Mix 500g,Pack size : 500g,KES462.00(Inc. VAT),Average Nutritional Value As Per 453g,1617kcal,6765.52kJ,31g,371g,163g,,,,Cookies Mix,Powder,Food,Gingerbread,,,,69.0,,
259,Carrefour Pastry Flan Cream Mix 360g,Pack size : 360g,KES699.00(Inc. VAT),Average Nutritional Value As Per 100g,387kcal,1643kJ,0.7g,94g,55g,0.8g,,,Flan Cream Mix,Powder,Food,,,0.05g,,70.0,,
260,Dr.Oetker Pud In Mug Choco Chip 65G,Pack size : 65g,KES559.00(Inc. VAT),,,,,,,,,,,,,,,,,71.0,,
261,Caroline Vanilla Cupcakes Mix 450g,Pack size : 450g,KES446.00(Inc. VAT),Average Nutritional Value As Per 100g,140kcal,585.76kJ,2g,34g,18g,,1g,,Cupcakes Mix,Powder,Food,Vanilla,,,,72.0,,
262,Caroline Vanilla Cupcakes Mix 450g,Pack size : 450g,KES446.00(Inc. VAT),Average Nutritional Value As Per 100g,140kcal,585.76kJ,2g,34g,18g,,1g,,Cupcakes Mix,Powder,Food,Vanilla,,,,73.0,,
263,Caroline Spicy Cake Mix 435g,Pack size : 435g,KES507.00(Inc. VAT),Average Nutritional Value As Per 86g,340kcal,1422.56kJ,2g,68g,36g,8g,1g,700mg,Cake Mix,Powder,Food,,,,,74.0,,
264,Kent Boringer Blueberry Muffin Mix 345g,Pack size : 345g,KES540.00(Inc. VAT),Average Nutritional values As Per 50g,169kcal,707.096kj,2g,22g,11g,8g,0g,65mg,,,,,,,,75.0,,
265,Dr.Oetker Pud In Mug Rich Chocolate 70G,Pack size : 70g,KES559.00(Inc. VAT),,,,,,,,,,,,,,,,,76.0,,
266,Zesta Bicarbonate Soda 100g,Pack size : 100g,KES22.00(Inc. VAT),Average Nutritional Value As Per Serving,0kcal,0kJ,,,,,,1369mg,Soda,Powder,Food,,,,,77.0,,
267,Angel Instant Dry Yeast 10G,Pack size : 10 gr,KES20.00(Inc. VAT),,,,,,,,,,,,,,,,,78.0,,
268,Angel Instant Dry Yeast 100G,Pack size : 100 gr,KES120.00(Inc. VAT),,,,,,,,,,,,,,,,,79.0,,
269,Zesta Bicarbonate Soda 100g,Pack size : 100g,KES42.00(Inc. VAT),Average Nutritional Value As Per Serving,0kcal,0kJ,,,,,,1369mg,Soda,Powder,Food,,,,,80.0,,
270,Clovers Bicarbonate Soda 100g,Pack size : 100g,KES43.00(Inc. VAT),Average Nutritional Value As Per Serving,0kcal,0kJ,,,,,,1369mg,Soda,Powder,Food,,,,,81.0,,
271,Chapa Mandashi Baking Powder 100g,Pack size : 100g,KES36.00(Inc. VAT),Average Nutritional Value As Per 4.6g,2.4kcal,10.04kJ,,1.3g,,,,488mg,Baking Powder,Powder,Food,,,,,82.0,,
272,Zesta Baking Powder 250g,Pack size : 100g,KES89.00(Inc. VAT),,,,,,,,,,,Cream,,,,,,83.0,,
273,Angel Instant Dry Yeast 500G,Pack size : 500 gr,KES464.00(Inc. VAT),,,,,,,,,,,,,,,,,84.0,,
274,Clovers Double Action Baking Powder 250g,Pack size : 250g,KES86.00(Inc. VAT),Average Nutritional Value As Per Serving,0kcal,0kJ,,,,,,461mg,Baking Powder,Powder,Food,,,,,85.0,,
275,Clovers Bicarbonate Soda 100g,Pack size : 100g,KES25.00(Inc. VAT),Average Nutritional Value As Per Serving,0kcal,0kJ,,,,,,1369mg,Soda,Powder,Food,,,,,86.0,,
276,Clovers Double Action Baking Powder 500g,Pack size : 500g,KES175.00(Inc. VAT),Average Nutritional Value As Per Serving,0kcal,0kJ,,,,,,461mg,Baking Powder,Powder,Food,,,,,87.0,,
277,Zesta Tested Double Action Baking Powder 500g,Pack size : 500g,KES178.00(Inc. VAT),Average Nutritional Value As Per 10g,11kcal,46.02kJ,,2g,,,,460mg,Baking Powder,Powder,Food,,,,,88.0,,
278,Angel Instant Dry Yeast10Gx25,,KES495.00(Inc. VAT),,,,,,,,,,,,,,,,,89.0,,
279,Saf The Original Active Dry Instant Yeast 500g,Pack size : 500g,KES440.00(Inc. VAT),Average Nutritional Value As Per 1g,,35kJ,5g,5g,,1g,,,Yeast,Powder,Food,,,,,90.0,,
280,FABAO INSTANT DRY YEAST 450G,Pack size : 450g,KES331.00(Inc. VAT),,,,,,,,,,Dry Yeast,Solid,Food,,,,,91.0,,
281,ANGEL INSTANT DRY YEAST 2 IN 1 500G,,KES509.00(Inc. VAT),,,,,,,,,,,,,,,,,92.0,,
282,Dr.Oetker Baking Powder Gluten Free 30G,Pack size : e 30g,KES749.00(Inc. VAT),,,,,,,,,,,,,,,,,93.0,,
283,Saf Instant 2 In 1 Plus Bread Improver 500g,Pack size : 500g,KES510.00(Inc. VAT),Average Nutritional Value As Per 10g,36kcal,150.62kJ,0g,5g,2g,1g,0g,2mg,Bread Improver,Powder,Food,,,,,94.0,,
284,Mariandazi Baking Powder 100g,Pack size : 100g,KES32.00(Inc. VAT),Average Nutritional Value As Per 4.6g,2.4kcal,10.041kJ,,1.3g,,,,488mg,Baking Powder,Powder,Food,,,,,95.0,,
285,Zesta Mandazi Bora Baking Powder 100g,,KES32.00(Inc. VAT),,,,,,,,,,,,,,,,,96.0,,
286,Carrefour Baking Yeast 30g,Pack size : 30g,KES279.00(Inc. VAT),Average Nutritional Value As Per 100g,93kcal,390kJ,50g,33g,,6g,,,Baking Yeast,Powder,Food,,,,,97.0,,
287,DORMANS MOJITO SYRUP 750ML,,KES1550.00(Inc. VAT),,,,,,,,,,,,,,,,,98.0,,
288,Vertmont Bio Organic Pure Agave Syrup 320ml,Pack size : 320ml,KES990.00(Inc. VAT),Average Nutritional Value As Per Serving,308kcal,1288kJ,,78g,,,,0.02g,Syrup,Liquid,Food,,,,,99.0,,
289,Greens Carmelle Vanilla Dessert Mix Pudding 70g,Pack size : 70g,KES213.00(Inc. VAT),Average Nutritional Value As Per 100g,88kcal,374kJ,2.8g,15.7g,13.7g,1.4g,,130mg,Dessert Mix Pudding,Liquid,Food,"Carmelle, Vanilla",,,,100.0,"Empty the liquid caramel topping sachet into a 575ml. Mould or into 4 small cups. Heat 575ml of milk almost to boiling point in a medium saucepan. Stir in the contents of the caramels sachet and bring to the boil. Boil gently for 2minutes, stirring all the time. Pour very gently onto the topping and leave until cold and firm(2 to 4 hours). Turn out and serve.",
290,Dairyland Chocolate Dessert Topping Sauce 650g,Pack size : 650g,KES410.00(Inc. VAT),Average Nutritional Value As Per 1 Table Spoon,20kcal,83.6kJ,,3g,2g,1g,,,Sauce,Liquid,Food,Chocolate,,,,101.0,,
291,Luna Cream 155G,Pack size : 155ml,KES273.00(Inc. VAT),Average Nutritional Value As Per 100g,137kcal,573kJ,6g,10g,9g,8g,,,Cream Milk,Liquid,Cream Milk,,,,,102.0,,
292,Kol Golden Syrup 470g,Pack size : 470g,KES270.00(Inc. VAT),Average Nutritional Value As Per 100g,310kcal,1297.04kJ,,77g,,,,20mg,Syrup,Liquid,Food,,,,,103.0,,
293,Virginia Green Garden Natural And Delicious Golden Cream 170g,Pack size : 170g,KES170.00(Inc. VAT),Average Nutritional Value As Per 100g,242kcal,1012.5kJ,2g,5g,,23g,,,Cream,Cream,Food,,,,,104.0,,
294,Joe & Seph'S Capucino Carmel Sauce 230G,Pack size : 230g,KES1599.00(Inc. VAT),Nutritional Information (per 100g),540kcal,2255kJ,1.9g,57.1g,56.8g,36.0g,,,,,Dessert Sauce.,,,0.4g,,105.0,,
295,Joe & Seph Salted Carmel Cheese Cake Sauce 230G,Pack size : 230g,KES1599.00(Inc. VAT),Nutritional Information (per 100g),476kcal,1994kJ,1.7g,65.5g,65.5g,23.3g,,,,,Dessert Sauce.,,,0.5g,,106.0,,
296,Joe & Seph's Toffee Aple & Cinnamon Sauce 230G,Pack size : 230g,KES1599.00(Inc. VAT),Nutritional Information (per 100g),555kcal,2311kJ,1.3g,52.9g,52.8g,39.2g,,,,,Dessert Sauce.,,,0.7g,,107.0,,
297,Joe & Seph'S Chocolate Caramel Sauce 230G,Pack size : 230g,KES1599.00(Inc. VAT),Nutritional Information (per 100g),545kcal,2274kJ,1.7g,58.7g,58.4g,35.7g,,,,,Dessert Sauce.,,,0.6g,,108.0,,
298,Askeys Treat Strawberry 325G,Pack size : 325g,KES759.00(Inc. VAT),Average Nutritional Value Per 100g,316kcal,1343kJ,0g,79g,75g,0g,,,,,Dessert Sauce.,Strawberry,"•	Free From Artificial Colours
•	Free From Artificial Flavours
•	Free From Artificial Preservatives",0g,,109.0,,
299,Joe & Seph'S Sticky Toffee Sauce 230G,Pack size : 230g,KES1599.00(Inc. VAT),Nutritional Information (per 100g),545kcal,2275kJ,1.2g,59.6g,59.6g,35.7g,,,,,Dessert Sauce.,,,0.7g,,110.0,,
300,Askeys Treat Toffee 325G,Pack size : 325g,KES759.00(Inc. VAT),Average Nutritional Value Per 100g,331kcal,1404kJ,1.4g,77g,73g,2.0g,,,,,Dessert Sauce.,Toffee,"•	Free From Artificial Colours
•	Free From Artificial Flavours
•	Free From Artificial Preservatives",0.12g,,111.0,,
301,Joe & Seph'S Pie Caramel Sauce 230G,Pack size : 230g,KES1599.00(Inc. VAT),Nutritional Information (per 100g),397kcal,1655kJ,0.9g,41.7g,40.2g,26.5g,,,,,Dessert Sauce.,,,,,112.0,,
302,Joe & Seph Speculoos Carmel Sauce 230G,Pack size : 230g,KES1599.00(Inc. VAT),Nutritional Information (per 100g),538kcal,2247kJ,1.2g,58.8g,58.8g,35.3g,,,,,Dessert Sauce.,,,2.3g,,113.0,,
303,Peptang Maple Syrup 500g,Pack size : 500g,KES269.00(Inc. VAT),Average Nutritional Value As Per 100g,210kcal,878.64kJ,0g,53g,51g,0g,0g,5mg,Syrup,Liquid,Food,Maple,,0g,,114.0,,
304,Virginia Green Garden Chocolate Syrup 624g,Pack size : 624g,KES500.00(Inc. VAT),Average Nutritional Value As Per 100g,259kcal,1083.66kJ,1.7g,60.9g,510.1g,0.93g,2.9g,37.2mg,Syrup,Liquid,Food,Cocoa,,,,115.0,,
305,JAVA TOFFEE NUT FLAV SYRUP 750ML,,KES1399.00(Inc. VAT),,,,,,,,,,,,,,,,,116.0,,
306,Peptang Golden Syrup 500g,Pack size : 500g,KES269.00(Inc. VAT),Average Nutritional Value As Per 100g,64kcal,267.776kJ,0g,16g,0g,0g,0g,0mg,Syrup,Liquid,Food,,,0g,,117.0,,
307,Java Caramel Flavoured Syrup 330Ml,,KES699.00(Inc. VAT),,,,,,,,,,,,,,,,,118.0,,
308,Peptang Mango Syrup 475g,Pack size : 475g,KES269.00(Inc. VAT),Average Nutritional Value As Per 27g,71kcal,297.06kJ,,17g,5g,,,,Syrup,Liquid,Food,Mango,,,,119.0,,
309,Nappi Red Maraschino Cherries 370Ml,Pack size : 370ml,,Average Nutritional Value As Per 4g,10kcal,41kJ,0g,2g,40g,0g,0g,0.1mg,Cherries,Solid,Food,,,,,120.0,,
310,Java Coconut Flavoured Syrup 330Ml,,KES699.00(Inc. VAT),,,,,,,,,,,,,,,,,121.0,,
311,AMERICAN GOURMET PANCAKE SYRUP 710G,Pack size : 710g,KES650.00(Inc. VAT),Average Nutritional Value As Per 59ml,34kcal,142.25kJ,0g,52g,34g,0g,0g,24mg,Pancake Syrup,Liquid,Food,,,,,122.0,,
312,Java Hazelnut Flavoured Syrup 330Ml,,KES699.00(Inc. VAT),,,,,,,,,,,,,,,,,123.0,,
313,Nappi Amareno Golden Cherries 212Ml,Pack size : 212ml,,Average Nutritional Value As Per 30g,80kcal,334.72kJ,0g,20g,18g,0g,0.2g,0.1mg,Cherries,Solid,Food,,,,,124.0,,
314,Opies Stem Ginger Syrup 280G,Pack size : 280g,KES999.00(Inc. VAT),Average Nutritional Value Per 100g,285kcal,1212kJ,0g,71g,64g,<0.5g,,,,,,,,0.03g,,125.0,,
315,Dairyland Dark Compound Chocolate Bar 500g,Pack size : 500g,KES600.00(Inc. VAT),Average Nutritional Value As Per 100g,565kcal,2363.96kJ,3g,50g,45g,37g,,49mg,Chocolate Bar,Solid,Food,,,,,126.0,,
316,Dairyland Milk Compound Chocolate Bar 500g,Pack size : 500g,KES600.00(Inc. VAT),Average Nutritional Value As Per 100g,170kcal,711.28kJ,9g,26g,26g,2g,,,Chocolate Bar,Solid,Food,,,,,127.0,,
317,Dairyland White Compound Chocolate Bar 500g,Pack size : 500g,KES600.00(Inc. VAT),Average Nutritional Value As Per 100g,328kcal,1372.352kJ,1g,40g,40g,40g,,6mg,Chocolate Bar,Solid,Food,,,,,128.0,,
318,Lyons Maid Milk Compound Chocolate 500g,Pack size : 500g,KES595.00(Inc. VAT),Average Nutritional Value As Per 100g,546kcal,2284.464kJ,6.2g,58g,,31.8g,,,Chocolate,Solid,Food,Milk,,,,129.0,,
319,Lyons Maid White Compound Chocolate 500g,Pack size : 500g,KES595.00(Inc. VAT),Average Nutritional Value As Per 100g,558kcal,2334.672kJ,5.05g,62.23g,,33.26g,,,Chocolate,Solid,Food,,,,,130.0,,
320,HAMLET COOKING CHOCOLATE DARK 200G,Pack size : 200g,KES1095.00(Inc. VAT),Average Nutritional Value As Per 100g,554Kcal,2320kJ,6g,43g,39g,38g,,,Dark Chocolate,Solid,Food,Cocoa,,0.02g,,131.0,"for use First, squeeze the bag to separate any chocolate pieces that may be stuck together. Then place the bag straight into the microwave and start heating for 2 minutes at 600 W. Then let the bag cool for 1 minute. If necessary, heat for another 1 minute at 600 W and then allow to cool for 1 minute.",
321,Carrefour Dessert Milk Chocolate Bar 200G,Pack size : 200g,KES999.00(Inc. VAT),Average Nutritional Value As Per 100g,554kcal,"2,308kJ",6.7g,53g,52g,35g,2g,,Chocolate Bar,Solid,Food,Milk Chocolate,,0.26g,,132.0,,
322,Lyons Maid Dark Compound Chocolate 500g,Pack size : 500g,KES595.00(Inc. VAT),Average Nutritional Value As Per 100g,532kcal,2225.888kJ,7g,59g,43g,30.2g,0g,0mg,Chocolate,Solid,Food,,,,,133.0,,
323,Green & Black's Dark Cooking Choco 150G,,KES1129.00(Inc. VAT),,,,,,,,,,,,,,,,,134.0,,
324,Carrefour 64% Cocoa Dessert Chocolate Bar 200g,Pack size : 200g,KES899.00(Inc. VAT),Average Nutritional Value As Per 100g,545kcal,"2,266kJ",9.1g,41g,36g,36g,10g,,Chocolate Bar,Paste,Food,,,0.03g,,135.0,,
325,Kent Boringer White Chocolate Topping Sauce 750g,Pack size : 750g,KES855.00(Inc. VAT),Average Nutritional Value As Per 100g,271kcal,1133kJ,,63g,62g,1g,,,White Chocolate Topping Sauce,Solid,Food,White Chocolate,,,,136.0,,
326,Clovers Jelly Crystal Strawberry Dessert Mix 400g,Pack size : 400g,KES288.00(Inc. VAT),Average Nutritional Value As Per 100g,80kcal,334.72kJ,,20g,20g,,,20mg,Dessert Mix,Powder,Food,Strawberry,,,,137.0,,
327,Clovers Jelly Crystal Orange Dessert Mix 85g,Pack size : 85g,KES122.00(Inc. VAT),Average Nutritional Value As Per 100g,80kcal,334.72kJ,2g,19g,19g,,,80mg,Dessert Mix,Powder,Food,Orange,,,,138.0,,
328,Clovers Jelly Crystal Lemon Dessert Mix 85g,Pack size : 85g,KES122.00(Inc. VAT),Average Nutritional Value As Per 100g,97kcal,405.848kJ,2g,21g,,,,11mg,Dessert Mix,Powder,Food,Lemon,,,,139.0,,
329,Clovers Jelly Crystal Pineapple Dessert Mix 85g,Pack size : 85g,KES122.00(Inc. VAT),Average Nutritional Value As Per 100g,95kcal,397.48kJ,,23g,22g,,,,Dessert Mix,Powder,Food,Pineapple,,,,140.0,,
330,Clovers Jelly Crystal Orange Dessert Mix 400g,Pack size : 400g,KES288.00(Inc. VAT),Average Nutritional Value As Per 100g,80kcal,334.72kJ,2g,19g,19g,,,80mg,Dessert Mix,Powder,Food,Orange,,,,141.0,,
331,Clovers Jelly Crystal Pineapple Dessert Mix 400g,Pack size : 400g,KES288.00(Inc. VAT),Average Nutritional Value As Per 100g,95kcal,397.48kJ,,23g,22g,,,,Dessert Mix,Powder,Food,Pineapple,,,,142.0,,
332,Clovers Jelly Crystal Lemon Dessert Mix 400g,Pack size : 400g,KES288.00(Inc. VAT),Average Nutritional Value As Per 100g,97kcal,405.848kJ,2g,21g,,,,11mg,Dessert Mix,Powder,Food,Lemon,,,,143.0,,
333,Clovers Jelly Crystal Strawberry Dessert Mix 85g,Pack size : 85g,KES122.00(Inc. VAT),Average Nutritional Value As Per 100g,80kcal,334.72kJ,,20g,20g,,,20mg,Dessert Mix,Powder,Food,Strawberry,,,,144.0,,
334,Ajab All Purpose Flour 2kg,Pack size : 2kg,KES163.00(Inc. VAT),Average Nutritional Value As Per 125g,455kcal,1903kJ,13g,95g,0.3g,1.2g,3.4g,2.5mg,All Purpose Flour,Powder,All Purpose Flour,,,,,145.0,,
335,PEMBE HOME BAKING FLOUR 2KG,Pack size : 2Kg,,Average Nutritional Value As Per 100g,364kcal,1522.97kJ,10g,76g,0.3g,1g,,2mg,Baking Flour,Powder,Food,,,,,146.0,,
336,Unga Exe Chapati Fortified Wheat Flour 2Kg,Pack size : 2Kg,KES168.00(Inc. VAT),Average Nutritional Value As Per 60g,180kcal,753.12kJ,5g,26g,1g,3g,,80mg,Wheat Flour,Powder,Food,,,,,147.0,,
337,Exe Unga All Purpose Fortified Wheat Flour 2Kg,Pack size : 2Kg,KES166.00(Inc. VAT),Average Nutritional Value As Per 100g,364kcal,1522.97kJ,10g,76g,0.3g,1g,,2mg,Wheat Flour,Powder,Food,,,,,148.0,,
338,Exe Unga Self Raising Fortified Wheat Flour 2Kg,Pack size : 2Kg,KES174.00(Inc. VAT),Average Nutritional Value As Per 100g,333kcal,1393.27kJ,6.9g,70g,,,,1067mg,Wheat Flour,Powder,Food,,,,,149.0,,
339,Exe Unga Mandazi Fortified Wheat Flour 2Kg,Pack size : 2Kg,KES175.00(Inc. VAT),Average Nutritional Value As Per 100g,364kcal,1522.97kJ,10g,76g,0.3g,1g,,2mg,Wheat Flour,Powder,Food,,,,,150.0,,
340,Unga Wa Dola All Purpose Flour 2Kg,Pack size : 2Kg,KES152.00(Inc. VAT),Average Nutritional Value As Per 100g,364kcal,1522.97kJ,10g,76g,0.3g,1g,,2mg,All Purpose Flour,Powder,Food,,,,,151.0,,
341,Oboma Home Baking Flour 2Kg,Pack size : 2KG,KES143.00(Inc. VAT),,,,,,,,,,,Powder,HOME BAKING FLOUR,,,,,152.0,,
342,Famila Pure Wimbi Porridge 1Kg,Pack size : 1Kg,KES174.00(Inc. VAT),,,,,,,,,,,,,,,,,153.0,,
343,Lotus Home Baking Flour 2Kgs,,,,,,,,,,,,,,,,,,,154.0,,
344,Ajab Fortified All Purpose Home Baking Flour 1Kg,Pack size : 1Kg,KES84.00(Inc. VAT),Average Nutritional Value As Per 100g,252kcal,1054.36kJ,8.4g,51g,1.9g,1.6g,,,Baking Flour,Powder,Food,,,,,155.0,,
345,Ajab Fortified Mandazi Flour 2Kg,,KES163.00(Inc. VAT),Average Nutritional Value As Per 1g,3kcal,12.5kJ,0.1g,0.5g,,0.1g,,3.2mg,Mandazi Flour,Powder,Food,,,,,156.0,,
346,Pembe Self Raising Flour 2Kg,Pack size : 2Kg,KES159.00(Inc. VAT),Average Nutritional Value As Per 100g,333kcal,1393.27kJ,6.9g,70g,,,3.3g,1067mg,Raising Flour,Powder,Food,,,,,157.0,,
347,Exe Unga Self Raising Fortified Wheat Flour 1Kg,Pack size : 1Kg,KES89.00(Inc. VAT),Average Nutritional Value As Per 100g,333kcal,1393.27kJ,6.9g,70g,,,,1067mg,Wheat Flour,Powder,Food,,,,,158.0,,
348,Soko Nutrigo Whole Grain Maize Meal Flour 2Kg,Pack size : 2kg,KES273.00(Inc. VAT),Average Nutritional Value As Per 100g,343kcal,1435kJ,,84g,,,,,Maize Meal Flour,Solid,Food,Maize,,,,159.0,,
349,Exe Unga All Purpose Fortified Wheat Flour 1Kg,Pack size : 1Kg,KES84.00(Inc. VAT),Average Nutritional Value As Per 100g,364kcal,1522.97kJ,10g,76g,0.3g,1g,,2mg,Wheat Flour,Powder,Food,,,,,160.0,,
350,Famila Baby Porridge 1Kg,,KES170.00(Inc. VAT),,,,,,,,,,wheat flour,,food,,,,,161.0,,
351,Phulka Atta Mark I Chapati Flour 2Kg,Pack size : 2KG,KES144.00(Inc. VAT),Average Nutritional Value As Per 100g,110kcal,460kJ,4g,23g,,,3g,9mg,Chapati Flour,Powder,ATTA FLOUR,,,,,162.0,,
352,BUTTERFLY FLOUR ATTA RED 2KG,Pack size : 2Kg,KES279.00(Inc. VAT),Average Nutritional Value As Per 100g,340kcal,1422kJ,13g,72g,,,11g,,Wheat Flour,Powder,Food,,,,,163.0,,
353,Unga Exe Chapati Fortified Wheat Flour 1Kg,Pack size : 1Kg,KES85.00(Inc. VAT),Average Nutritional Value As Per 60g,180kcal,753.12kJ,5g,26g,1g,3g,,80mg,Wheat Flour,Powder,Food,,,,,164.0,,
354,Ajab Fortified Atta Mark 1 Flour 2Kg,,KES163.00(Inc. VAT),Average Nutritional Value As Per 125g,455kcal,1903kJ,13g,95g,0.3g,1.2g,3.4g,2.5mg,Flour,Powder,Food,,,,,165.0,,
355,Soko Wimbi Mix Sour Porridge Flour 1Kg,Pack size : 1kg,KES160.00(Inc. VAT),Average Nutritional Value As Per 100g,330kcal,1380.72kJ,14g,71g,,3g,3g,4mg,Porridge Flour,Solid,Food,Porridge,,,,166.0,,
356,Famila Nutri Health Uji Porridge Flour 1Kg,Pack size : 1Kg,KES164.00(Inc. VAT),,,,,,,,,,,,,,,,,167.0,,
357,U Mix Fortified Mandazi Flour 2kg,Pack size : 2kg,KES271.00(Inc. VAT),Average Nutritional Value As Per 56g,70kcal,292.8kJ,2g,13g,1g,7g,0g,42mg,Mandazi Flour,Powder,Food,,,,,168.0,,
358,Winnies Pure Health Toto Afya Flour 500g,Pack size : 500g,KES149.00(Inc. VAT),,,,,,,,,,Toto Afya Flour,Powder,Food,,,,,169.0,,
359,Soko Pure Wimbi Porridge Flour 1Kg,Pack size : 1kg,KES180.00(Inc. VAT),Average Nutritional Value As Per 100g,330kcal,1380.72kJ,14g,71g,,3g,3g,4mg,Porridge Flour,Solid,Food,Porridge,,,,170.0,,
360,Jogoo Wimbi Meal 2Kg,Pack size : 2kg,KES254.00(Inc. VAT),,,,,,,,,,,,,,,,,171.0,,
361,Butterfly Atta Mark 1 Wheat Flour Red 1Kg,Pack size : 1Kg,KES140.00(Inc. VAT),Average Nutritional Value As Per 100g,340kcal,1422kJ,13g,72g,,,11g,,Wheat Flour,Powder,Food,,,,,172.0,,
362,Unga Exe Atta Mark 1 Wheat Flour 2Kg,Pack size : 2Kg,KES181.00(Inc. VAT),Average Nutritional Value As Per 100g,340kcal,1422kJ,10.93g,72g,,,9.60g,,Wheat Flour,Powder,Food,,,,,173.0,,
363,Kamal Gram Flour 1kg,Pack size : 1kg,KES267.00(Inc. VAT),Average Nutritional Values As Per 100g,351kcal,1468.58kj,18g,48g,,6g,,,,,,,,,,174.0,,
364,Winnies Pure Health Uji Afya 1Kg,Pack size : 1Kg,KES170.00(Inc. VAT),,,,,,,,,,Uji Afya,Powder,Food,,,,,175.0,,
365,Pembe Atta Mark 1 Wheat Flour 2Kg,Pack size : 2Kg,KES163.00(Inc. VAT),Average Nutritional Value As Per 100g,340kcal,1422kJ,10.93g,72g,,,9.60g,,Wheat Flour,Powder,Food,,,,,176.0,,
366,Famila The Original Ujimix Sour Porridge 500G,Pack size : 500g,KES76.00(Inc. VAT),,,,,,,,,,,,,,,,,177.0,,
367,Mothers Choice Home Baking Flour 2Kg,Pack size : 2kg,KES147.00(Inc. VAT),Average Nutritional Value As Per 100g,364kcal,1522.98kJ,10g,76g,0g,0g,0g,0mg,Home Baking Flour,Powder,Food,,,,,178.0,,
368,Winnies Pure Health Pure Wimbi Afya Flour 1Kg,Pack size : 1Kg,KES210.00(Inc. VAT),,,,,,,,,,Wimbi Afya Flour,Powder,Food,,,,,179.0,,
369,United U Mix Mandazi Flour 1Kg,Pack size : 1Kg,KES136.00(Inc. VAT),,,,,,,,,,,,,,,,,180.0,,
370,Famila Baby Porridge 500 Gr,,KES81.00(Inc. VAT),,,,,,,,,,wheat flour,,food,,,,,181.0,,
371,Butterfly Gram Flour 1Kg,,KES467.00(Inc. VAT),,,,,,,,,,,,,,,,,182.0,,
372,Famila The Original Ujimix Sour Porridge 1Kg,Pack size : 1Kg,KES149.00(Inc. VAT),,,,,,,,,,,,,,,,,183.0,,
373,Oboma Home Baking Flour 1Kg,Pack size : 1kG,KES75.00(Inc. VAT),,,,,,,,,,,,HOME BAKING FLOUR,,,,,184.0,,
374,Soko Wimbi Mix Sour Porridge Flour 500g,Pack size : 500g,KES80.00(Inc. VAT),Average Nutritional Value As Per 100g,324kcal,1355.616kJ,37g,72g,,3g,11g,6mg,Porridge Flour,Solid,Food,Porridge,,,,185.0,,
375,KPL Super Fine Gram Flour 2Kg,,KES500.00(Inc. VAT),,,,,,,,,,,,,,,,,186.0,,
376,Nutrameal Rice Flour 1Kg,Pack size : 1Kg,KES190.00(Inc. VAT),Average Nutritional Value As Per Serving,366kcal,1531kJ,6g,80g,,1g,2.4g,,Rice Flour,Powder,Food,,,,,187.0,,
377,Soko Pure Wimbi Porridge Flour 500g,Pack size : 500g,KES90.00(Inc. VAT),Average Nutritional Value As Per 100g,330kcal,1380.72kJ,14g,71g,,3g,3g,4mg,Porridge Flour,Solid,Food,Porridge,,,,188.0,,
378,Bakex White Bread Flour 2Kg,Pack size : 2KG,KES213.00(Inc. VAT),,,,,,,,,,,Powder,BREAD FLOUR,,,,,189.0,,
379,Pembe Pure Wimbi Porridge 1Kg,Pack size : 1Kg,KES173.00(Inc. VAT),Average Nutritional Value As Per 100g,50kcal,209.2kJ,1.4g,11g,,0.2g,,6mg,Porridge,Powder,Food,,,,,190.0,,
380,Unga Wa Dola Atta Flour 2Kg,Pack size : 2Kg,KES146.00(Inc. VAT),Average Nutritional Value As Per 100g,340kcal,1422kJ,10.93g,72g,,,9.60g,,Flour,Powder,Food,,,,,191.0,,
381,Bakex Brown Bread Flour 2Kg,Pack size : 2KG,KES213.00(Inc. VAT),,,,,,,,,,,Powder,BREAD FLOUR,,,,,192.0,,
382,Equatorial Naturals Toto Afya Flour 500g,Pack size : 500g,KES154.00(Inc. VAT),Average Nutritional Value As Per 100g,455kcal,1903.72kJ,12.9g,95.4g,0.3g,1.2g,3.4g,2.5mg,Toto Afya Flour,Powder,Food,,,,,193.0,,
383,Famila Infant Weaning Porridge 500 Gr,,KES81.00(Inc. VAT),,,,,,,,,,wheat flour,solid,food,,,,,194.0,,
384,KPL Super Fine Gram Flour 1Kg,,KES250.00(Inc. VAT),,,,,,,,,,,,,,,,,195.0,,
385,Kentaste Coconut Flour 500g,Pack size : 500g,KES190.00(Inc. VAT),Average Nutritional values As Per Serving,60kcal,251.04kj,2g,8g,1g,2g,5g,30mg,,,,,,,,196.0,,
386,Famila Mama's Porridge 1 Kg,Pack size : 1 kg,KES172.00(Inc. VAT),,,,,,,,,,,,food,,,,,197.0,,
387,Winnies Pure Heath Chapati Afya 2Kg,Pack size : 2Kg,KES275.00(Inc. VAT),Average Nutritional Value As Per 100g,110kcal,460kJ,10.93g,23g,,,9.60g,,Chapati Afya,Powder,Food,,,,,198.0,,
388,Famila Banana Porridge Flour 1Kg,Pack size : 1Kg,KES154.00(Inc. VAT),,,,,,,,,,,,,,,,,199.0,,
389,Soko NutriGo Whole Grain Maize Meal 1Kg,Pack size : 1kg,KES139.00(Inc. VAT),Average Nutritional Value As Per 100g,343kcal,1435kJ,0g,84g,,0g,,,Maize Meal,Solid,Food,Maize,,,,200.0,,
390,Butterfly Gram Flour 2Kg,,KES915.00(Inc. VAT),,,,,,,,,,,,,,,,,201.0,,
391,P&A KIDDOS BABY PORRIDGE 500G,,KES135.00(Inc. VAT),,,,,,,,,,,,,,,,,202.0,,
392,Famila Strawberry Porridge Flour 1Kg,Pack size : 1Kg,KES156.00(Inc. VAT),,,,,,,,,,,,,,,,,203.0,,
393,Kamal Gram Flour 2kg,Pack size : 2Kg,KES534.00(Inc. VAT),Average Nutritional Values As Per 100g,351kcal,1468.58kj,18g,48g,,6g,,,,,,,,,,204.0,,
394,Famila Pure Wimbi Porridge 500G,Pack size : 500g,KES89.00(Inc. VAT),,,,,,,,,,,,,,,,,205.0,,
395,Tropicana Fortified Self Raising Flour 2Kg,Pack size : 2Kg,KES168.00(Inc. VAT),Average Nutritional Value As Per 100g,339kcal,1418kJ,9g,71g,0g,1g,0g,735mg,Flour,Powder,Food,,,,,206.0,,
396,Nutrameal Atta Mark 1 Wheat Flour 2Kg,Pack size : 2Kg,KES270.00(Inc. VAT),Average Nutritional Value As Per 100g,340kcal,1422kJ,13g,72g,,,11g,,Wheat Flour,Powder,Food,,,,,207.0,,
397,Samwa Arrow Root Flour 250g,Pack size : 250g,KES425.00(Inc. VAT),Average Nutritional Value As Per 100g,65kcal,260kJ,4.5g,13.3g,0g,0.2g,0g,0.2g,Arrow Root Flour,Powder,Food,Arrow Root,,0g,,208.0,,
398,Equatorial Wimbi Afya Flour 1Kg,Pack size : 1Kg,KES200.00(Inc. VAT),Average Nutritional Value As Per 100g,364kcal,1522.976kJ,10g,76g,0.3g,1g,2.7g,2mg,Flour,Powder,Food,,,,,209.0,,
399,Ungano Blended Home Baking Flour 2Kg,Pack size : 2KG,KES155.00(Inc. VAT),,,,,,,,,,,,HOME BAKING FLOUR,,,,,210.0,,
400,Samwa Sweet Potato Flour 250g,Pack size : 250g,KES195.00(Inc. VAT),Average Nutritional Value As Per 100g,336kcal,1405.82kJ,3.4g,75g,3.5g,1g,,131mg,Sweet Potato Flour,Powder,Food,,,,,211.0,,
401,Live Life Well Butternut Flour 750g,Pack size : 750g,KES999.00(Inc. VAT),Average Nutritional Value As Per 100g,364kcal,1522.97kJ,10g,76g,0.3g,1g,,2mg,Butternut Flour,Powder,Food,Butternut,,,,212.0,,
402,Phulka Atta Mark Chapati Flour 10Kg,Pack size : 10KG,KES854.00(Inc. VAT),Average Nutritional Value As Per 100g,110kcal,460kJ,4g,23g,,,3g,9mg,Chapati Flour,Powder,ATTA FLOUR,,,,,213.0,,
403,Tropicana Fortified All Purpose Home Baking Flour 1Kg,Pack size : 1Kg,KES84.00(Inc. VAT),Average Nutritional Value As Per 100g,334kcal,1397.4kJ,10g,69g,0g,1g,0g,0mg,Flour,Powder,Food,,,,,214.0,,
404,Phulka Atta Mark Chapati Flour 1Kg,Pack size : 1KG,KES78.00(Inc. VAT),Average Nutritional Value As Per 100g,110kcal,460.24kJ,4g,23g,0g,0g,3g,9mg,Chapati Flour,Powder,ATTA FLOUR,,,,,215.0,,
405,Live Life Well Pumpkin Flour 750g,Pack size : 750g,KES599.00(Inc. VAT),Average Nutritional Value As Per 28g,102kcal,426.76kJ,4g,20g,8g,1g,,7mg,Pumpkin Flour,Powder,Food,Pumpkin,,,,216.0,,
406,Vitafla Home Baking Flour 2Kg,Pack size : 2KG,KES205.00(Inc. VAT),,,,,,,,,,,Powder,HOME BAKING FLOUR,,,,,217.0,,
407,Samwa Natural Foods Pumpkin Flour 500g,Pack size : 500g,KES787.00(Inc. VAT),Average Nutritional Value As Per 100g,353kcal,1476kJ,57g,5g,,8g,,,Pumpkin Flour,Powder,Food,Pumpkin,,,,218.0,,
408,Samwa Green Banana Flour 250g,Pack size : 250g,KES255.00(Inc. VAT),Average Nutritional Value As Per 100g,346kcal,1400kJ,3.9g,88.3g,0g,1.8g,9.9g,0mg,Green Banana Flour,Powder,Food,Green Banana,,0g,,219.0,,
409,Live Life Well Carrot Flour 750g,Pack size : 750g,KES999.00(Inc. VAT),Average Nutritional Value As Per 57g,102kcal,426.768kJ,3g,23g,,0g,,,Carrot Flour,Powder,Food,,,,,220.0,,
410,Equatorial Wimbi Afya Classic Flour 1kg,Pack size : 1kg,KES210.00(Inc. VAT),Average Nutritional Value As Per 100g,346kcal,1447.664kJ,8g,75g,,2g,,,Flour,Powder,Food,,,,,221.0,,
411,LIVE LIFE W GREEN BANANA FLOUR750G,Pack size : 750g,KES599.00(Inc. VAT),Average Nutritional Value As Per 100g,346kcal,1447kJ,3.9g,88.3g,0g,1.8g,9.9g,,Flour,Powder,Food,Banana,,,,222.0,,
412,Proctor & Allan Nutri Rich Porridge 1Kg,Pack size : 1Kg,KES270.00(Inc. VAT),Average Nutritional Value As Per 100g,374kcal,1564.82kJ,11g,60g,1g,8g,9g,0mg,Porridge,Solid,Food,,,,,223.0,,
413,Soko Home Baking Flour 1Kg,Pack size : 1kg,KES78.00(Inc. VAT),Average Nutritional Value As Per 100g,364kcal,1522.97kJ,10g,76g,0.3g,1g,,2mg,Baking Flour,Solid,Food,Wheat,,,,224.0,,
414,Winnies Pure Health Toto Afya Flour 1Kg,Pack size : 1Kg,KES314.00(Inc. VAT),,,,,,,,,,Toto Afya Flour,Powder,Food,,,,,225.0,,
415,Kitui Flour Mills Jahazi All Purpose Flour 2Kg,Pack size : 2Kg,KES145.00(Inc. VAT),Average Nutritional Value As Per 100g,364kcal,1522.97kJ,10g,76g,0.3g,1g,,2mg,All Purpose Flour,Powder,Food,,,,,226.0,,
416,Winnies Pure Health Ugali Afya Flour 1Kg,Pack size : 1Kg,KES133.00(Inc. VAT),,,,,,,,,,Ugali Afya Flour,Powder,Food,,,,,227.0,,
417,BlueBand Instant Porridge Flour 250g,Pack size : 250g,KES80.00(Inc. VAT),Per 40g serving,0 (Per 40g serving),0 (Per 40g serving),4% NRV (Per 40g serving),0 (Per 40g serving),0 (Per 40g serving),0 (Per 40g serving),0 (Per 40g serving),0 (Per 40g serving),Porridge Flour,Solid,Food,,,0 (Per 40g serving),"Vitamin A, Vitamin B2, Vitamin B3, Vitamin B6, Vitamin B9, Vitamin C",228.0,"1. Boil water.
2. Put a small amount of this hot water in a cup. (300ml)
3. Add 2 heaped tablespoons of the BlueBand Instant Porridge to the cuo.
4.  Stir until a smooth paste is formed. 
5. Add hot water to the paste to your desired consistency and stir. 
6. Add a sweetener of your choice. 
7. Add BlueBand Margarine or BlueBand Peanut Butter to taste.",
418,Dola Chapati Flour 2Kg,Pack size : 2Kg,KES158.00(Inc. VAT),Average Nutritional Value As Per 100g,333kcal,1393.272kJ,13g,73g,,1g,,,Chapati Flour,Powder,Food,,,,,229.0,,
419,Unga Exe Whole Meal Fortified Wheat Flour 2Kg,Pack size : 2Kg,KES181.00(Inc. VAT),Average Nutritional Value As Per 100g,252kcal,1054.36kJ,8.4g,51g,1.9g,1.6g,,,Wheat Flour,Powder,Food,,,,,230.0,,
420,Nutrameal Atta Mark 1 Wheat Flour 1Kg,Pack size : 1Kg,KES135.00(Inc. VAT),Average Nutritional Value As Per 100g,340kcal,1422kJ,13g,72g,,,11g,,Wheat Flour,Powder,Food,,,,,231.0,,
421,Samwa Cassava Flour 250g,Pack size : 250g,KES142.00(Inc. VAT),Average Nutritional Value As Per 100g,349kcal,1425kJ,3g,82.3g,0g,0.3g,1.9g,0.4g,Cassava Flour,Powder,Food,,,0g,,232.0,,
422,Equatorial Naturals Toto Afya Flour 1Kg,Pack size : 1Kg,KES289.00(Inc. VAT),Average Nutritional Value As Per 100g,455kcal,1903.72kJ,12.9g,95.4g,0.3g,1.2g,3.4g,2.5mg,Flour,Powder,Food,,,,,233.0,,
423,Pembe Home Baking Flour 1Kg,Pack size : 1Kg,KES79.00(Inc. VAT),Average Nutritional Value As Per 100g,455kcal,1903kJ,12.9g,95.4g,0.3g,1.2g,3.4g,2mg,Baking Flour,Powder,Food,,,,,234.0,,
424,Equatorial Afya Uji Flour 1kg,Pack size : 1kg,KES210.00(Inc. VAT),Average Nutritional Value As Per Serving,177kcal,740kJ,3g,37g,0g,1g,3g,19mg,Flour,Powder,Food,,,,,235.0,,
425,Mothers Choice Home Baking Flour 1Kg,Pack size : 1kg,KES74.00(Inc. VAT),Average Nutritional Value As Per 100g,364kcal,1522.98kJ,10g,76g,0g,0g,0g,0mg,Home Baking Flour,Powder,Food,,,,,236.0,,
426,Dola Gold Superior Maize Flour 1Kg,Pack size : 1Kg,KES88.00(Inc. VAT),Average Nutritional Value As Per 100g,370kcal,1548.08kJ,7g,79g,1.6g,1.8g,,7mg,Maize Flour,Powder,Food,,,,,237.0,,
427,Nutrameal Black Grams 1Kg,Pack size : 1Kg,KES380.00(Inc. VAT),Average Nutritional Value As Per Serving,341kcal,1426kJ,25.21g,58.99g,,1.64g,18.3g,38mg,Black Grams,Solid,Food,,,,,238.0,,
428,Samwa Sweet Potato Flour 500g,Pack size : 500g,KES321.00(Inc. VAT),Average Nutritional Value As Per 100g,336kcal,1405.82kJ,3.4g,75g,3.5g,1g,,131mg,Sweet Potato Flour,Powder,Food,,,,,239.0,,
429,Pacho All Purpose Home Baking Flour 2Kg,Pack size : 2Kg,KES166.00(Inc. VAT),Average Nutritional Value As Per 100g,292kcal,1221kJ,13g,53g,0g,4g,0g,0mg,Flour,Powder,Food,,,,,240.0,,
430,LIVE LIFE W ORANGE SWEET POTATO750G,Pack size : 750g,KES599.00(Inc. VAT),Average Nutritional Value As Per 100g,359kcal,1502kJ,1.6g,20.1g,4.2g,0.1g,3g,55mg,Flour,Powder,Food,Sweet Potato,,,,241.0,,
431,Samwa Green Banana Flour 500g,Pack size : 500g,KES447.00(Inc. VAT),Average Nutritional Value As Per 100g,346kcal,1400kJ,3.9g,88.3g,0g,1.8g,9.9g,0mg,Green Banana Flour,Powder,Food,Green Banana,,0g,,242.0,,
432,Nutrameal Atta Mark 1 Wheat Flour 5Kg,Pack size : 5Kg,KES675.00(Inc. VAT),Average Nutritional Value As Per 100g,340kcal,1422kJ,13g,72g,,,11g,,Wheat Flour,Powder,Food,,,,,243.0,,
433,Ajab Maize Meal Flour 2Kg,Pack size : 2Kg,KES157.00(Inc. VAT),Average Nutritional Value As Per 100g,351kcal,1491kJ,7.8g,77.7g,0.5g,0.8g,1.0g,,Maize Meal Flour,Powder,Food,,,,,244.0,,
434,Amaize Maize Meal Flour 2Kg,Pack size : 2kg,KES205.00(Inc. VAT),Average Nutritional Value As Per 100g,92kcal,388kJ,2.2g,21.5g,,21.5g,0.8g,,Maize Meal Flour,Solid,Food,Maize,,,,245.0,,
435,Soko Flour Maize Meal 2Kg,Pack size : 2kg,KES164.00(Inc. VAT),Average Nutritional Value As Per 100g,351kcal,1491kJ,7.8g,77.7g,0.5g,0.8g,1.0g,,Maize Meal Flour,Solid,Food,Maize,,0.03g,,246.0,,
436,Jogoo Maize Meal Fortified With Vitamins  Minerals 2Kg,Pack size : 2kg,KES154.00(Inc. VAT),,,,,,,,,,,,,,,,,247.0,,
437,Hostess Maize Flour 2Kg,Pack size : 2Kg,KES182.00(Inc. VAT),Average Nutritional Value As Per 100g,351kcal,1491kJ,7.8g,77.7g,0.5g,0.8g,1.0g,,Maize Meal Flour,Powder,Food,,,,,248.0,,
438,Winnies Pure Health Ugali Afya 2Kg,Pack size : 2Kg,KES264.00(Inc. VAT),,,,,,,,,,Ugali Afya,Powder,Food,,,,,249.0,,
439,Zesta Corn Flour 400g,Pack size : 400g,KES104.00(Inc. VAT),Average Nutritional Value As Per 100g,357.2kcal,1494kJ,0.88g,88.42g,,0.01g,,0.014mg,Corn Flour,Powder,Food,,,,,250.0,,
440,Jogoo Maize Meal Fortified With Vitamins And Minerals 1Kg,Pack size : 1kg,KES79.00(Inc. VAT),,,,,,,,,,,,,,,,,251.0,,
441,Equatorial Ugali Afya Flour 2Kg,Pack size : 2Kg,KES250.00(Inc. VAT),,,,,,,,,,Ugali Afya Flour,Powder,Food,,,,,252.0,,
442,Clovers Corn Flour 440G,Pack size : 440g,KES105.00(Inc. VAT),Average Nutritional Value As Per 100g,357.2kcal,1493kJ,0.88g,88.42g,,0.01g,,0.014mg,Corn Flour,Powder,Food,,,,,253.0,,
443,Dola Maize Meal 1Kg,Pack size : 1Kg,KES82.00(Inc. VAT),Average Nutritional Value As Per 100g,361kcal,1510kJ,7g,77g,1g,4g,7.3g,5mg,Maize Flour,Powder,Food,,,,,254.0,,
444,Pembe Maize Flour 1Kg,Pack size : 1Kg,KES82.00(Inc. VAT),,,,Average Nutritional Value As Per Serving,,,,,Powder,361kcal,1g,77g,7.3g,1510kJ,Maize Flour,,255.0,Food,
445,Soko Maize Meal Flour 1Kg,Pack size : 1kg,KES83.00(Inc. VAT),Average Nutritional Value As Per 100g,351kcal,1491kJ,7.8g,77.7g,0.5g,0.8g,1.0g,,Maize Meal Flour,Solid,Food,Maize,,0.03g,,256.0,,
446,Jahazi Premium Maize Flour 2Kg,Pack size : 2Kg,KES148.00(Inc. VAT),Average Nutritional Value As Per Serving,361kcal,1510kJ,7g,77g,1g,4g,7.3g,5mg,Maize Flour,Powder,Food,,,,,257.0,,
447,Jahazi Premium Maize Flour 1Kg,Pack size : 1Kg,KES80.00(Inc. VAT),Average Nutritional Value As Per Serving,361kcal,1510kJ,7g,77g,1g,4g,7.3g,5mg,Maize Flour,Powder,Food,,,,,258.0,,
448,Ajab Fortified Self Raising Flour 2Kg,,KES163.00(Inc. VAT),Average Nutritional Value As Per 1g,4kcal,16.7kJ,0.1g,0.8g,,,,,Raising Flour,Powder,Food,,,,,259.0,,
449,Pembe Mandazi 2Kg,,KES162.00(Inc. VAT),Nutrition value per 100g,340Kcal,,9.0g,75g,,,1g,,,,,,,,,260.0,,
450,The Coconut Company Organic Coconut Flour 500G,Pack size : 500g,KES669.00(Inc. VAT),,,,,,,,,,,,,,,,,261.0,,
451,Bakex Semolina (Sooji/Raava) 1Kg,Pack size : 1KG,KES138.00(Inc. VAT),,,,,,,,,,,Powder,SEMOLINA,,,,,262.0,,
452,Zesta Caster Sugar 500g,Pack size : 500g,KES140.00(Inc. VAT),Average Nutritional Value As Per 100g,400kcal,1673.6kJ,0g,100g,100g,0g,0g,0.3mg,Caster Sugar,Solid,Food,,,,,263.0,,
453,Fairleigh Jaggery Sugar 500g,Pack size : 500g,KES279.00(Inc. VAT),Average Nutritional Value As Per 100g,387kcal,1619.20kJ,,100g,100g,,,1mg,Jaggery Sugar,Solid,Food,,,,,264.0,,
454,Fairleigh Jaggery Sweetener Block 500g,Pack size : 500g,KES150.00(Inc. VAT),Average Nutritional Value As Per 100g,297kcal,1302kJ,,76g,69g,,,,Sweetener Block,Powder,Food,,,,,265.0,,
455,Clovers Icing Sugar 500g,Pack size : 500g,KES145.00(Inc. VAT),Average Nutritional Value As Per 100g,389kcal,1627.58kJ,0g,100g,98g,0g,0g,2mg,Icing Sugar,Solid,Food,,,,,266.0,,
456,Zesta Icing Sugar 500g,Pack size : 500g,KES145.00(Inc. VAT),Average Nutritional Value As Per 100g,400kcal,1700kJ,,100g,97g,,,,Icing Sugar,Powder,Food,,,,,267.0,,
457,Excel Pure Glucose Powder 250g,Pack size : 250g,KES115.00(Inc. VAT),Average Nutritional Value As Per 2 Cup,219kcal,916.296kJ,,55g,55g,,,15mg,Glucose Powder,Powder,Food,,,,,268.0,,
458,Naturalli Coconut Sugar 250g,Pack size : 250g,KES799.00(Inc. VAT),Average Nutritional Value As Per 100g,391kcal,1635.944kJ,,96g,,,,,Coco Sugar,Solid,Food,,,,,269.0,,
459,Bake King Premium Light Jaggery 300g,Pack size : 300g,KES278.00(Inc. VAT),Average Nutritional Value As Per 100g,383kcal,1602.47kJ,0.4g,97g,,0.1g,0.6g,,Jaggery,Solid,Food,,,,,270.0,,
460,Clovers Caster Sugar 500g,Pack size : 500g,KES140.00(Inc. VAT),Average Nutritional Value As Per 100g,400kcal,1673.6kJ,,100g,100g,,,,Caster Sugar,Solid,Food,,,,,271.0,,
461,Clovers Extra Fine Icing Sugar 500g,Pack size : 500g,KES140.00(Inc. VAT),Average Nutritional Value As Per 100g,400kcal,1700kJ,,100g,100g,,,,Icing Sugar,Powder,Food,,,,,272.0,,
462,Rapras Instant Energy Plus Pure Glucose Tablets 80g,Pack size : 80g,KES30.00(Inc. VAT),Average Nutritional Value As Per 100g,219kcal,916.296kJ,,55g,55g,,,,Glucose Tablets,Solid,Food,,,0.03g,,273.0,,
463,Zesta Icing Sugar 500g,Pack size : 500g,KES140.00(Inc. VAT),Average Nutritional Value As Per 100g,400kcal,1700kJ,,100g,97g,,,,Icing Sugar,Powder,Food,,,,,274.0,,
464,Excel Pure Glucose Powder 100g,Pack size : 100g,KES30.00(Inc. VAT),Average Nutritional Value As Per 2 Cup,219kcal,916.296kJ,,55g,55g,,,15mg,Glucose Powder,Powder,Food,,,,,275.0,,
465,Fairleigh Jaggery Sugar 1kg,Pack size : 1kg,KES269.00(Inc. VAT),Average Nutritional Value As Per 100g,383kcal,1602kJ,0g,95g,97g,0g,,,Jaggery,Solid,Food,,,,,276.0,,
466,Carrefour Classic Vanilla Sugar 75G,Pack size : 75g,KES359.00(Inc. VAT),,,,,,,,,,,,,,,,,277.0,,
467,Tropicana Slim Stevia Sweetener Tablet 100 Pieces,Pack size : 100 Pieces,KES620.00(Inc. VAT),Average Nutritional Value As Per 2g,5kcal,20.92kJ,,3g,,,,,Sweetener Tablet,Solid,Food,,,,,278.0,,
468,Tropicana Slim Stevia Diet Sticks Sweetener 39 Pieces,Pack size : 39 Pieces,KES785.00(Inc. VAT),Average Nutritional Value As Per 2g,5kcal,20.92kJ,,2g,,,,,Sweetener,Powder,Food,,,,,279.0,,
469,Tropicana Slim Classic Sweetener 2.5g x Pack of 50,Pack size : 2.5g x Pack of 50,KES565.00(Inc. VAT),Average Nutritional Value As Per 2g,5kcal,20.92kJ,,2g,,,,,Sweetener,Powder,Food,,,,,280.0,,
470,Lakanto Classic Monkfruit Sweetener With Erythritol 800g,Pack size : 800g,KES2000.00(Inc. VAT),Average Nutritional Value As Per 4g,0kcal,0kJ,0g,4g,4g,0g,0g,0mg,Monkfruit Sweetener,Solid,,,,,,281.0,,
471,Lakanto Classic Monkfruit Sweetener With Erythritol 235g,Pack size : 235g,KES765.00(Inc. VAT),Average Nutritional Value As Per 4g,0kcal,0kJ,0g,4g,4g,0g,0g,0mg,Monkfruit Sweetener,Solid,,,,,,282.0,,
472,Tropicana Slim Diabetic Sweetener 2g x Pack of 25,Pack size : 2g x Pack of 25,KES415.00(Inc. VAT),Average Nutritional Value As Per 2g,5kcal,20.92kJ,,2g,,,,,Sweetener,Solid,Food,,,,,283.0,,
473,Meridian Organic & Ft Molasses 350G,Pack size : 350g,KES739.00(Inc. VAT),,,,,,,,,,,,,"Rich, Caramel-Like",,,High in minerals like iron and calcium,284.0,,
474,Meridian Organic Barley Malt Ext 370G,Pack size : 370g,KES1059.00(Inc. VAT),,,,,,,,,,,,,Malty & Sweet,,,Source of natural sugars and carbohydrates,285.0,,
475,Lakanto Golden Monkfruit Sweetener With Erythritol 235g,Pack size : 235g,KES765.00(Inc. VAT),Average Nutritional Value As Per 4g,0kcal,0kJ,0g,4g,0g,0g,0g,0mg,Monkfruit Sweetener,Solid,,,,,,286.0,,
476,Meridian Organic Molasses 600G,Pack size : 600g,KES1315.00(Inc. VAT),Average Nutritional Value As Per 100g,278kcal,1163kJ,3.8g,65.3g,60.5g,0.2g,,,Molasses,Solid,Food,,,,Organically grown and certified. Suitable for vegans.,287.0,,
477,Meridian Barley Malt Extract 370G,,KES939.00(Inc. VAT),,,,,,,,,,,,,,,,Suitable for vegan and vegetarian diets.,288.0,,
478,Clovers Molasses Brown Sugar 1Kg,Pack size : 1Kg,KES281.00(Inc. VAT),Average Nutritional Value As Per 10g,38kcal,158.992kJ,,9g,9g,,,,Brown Sugar,Solid,Food,,,,,289.0,,
479,Clovers Molasses Brown Sugar 500g,Pack size : 500g,KES175.00(Inc. VAT),Average Nutritional Value As Per 10g,38kcal,158.992kJ,,9g,9g,,,,Brown Sugar,Solid,Food,,,,,290.0,,
480,Bonraw Organic Panela Sugar 225G,Pack size : 225g,KES999.00(Inc. VAT),Nutritional Information (per 100g),387kcal,1645kJ,1.1g,94.7g,85.3g,0g,,186(23%),,,,,,0.08g,,291.0,,
481,Kakira Light Brown Sugar 2Kg,Pack size : 2Kg,KES320.00(Inc. VAT),,,,,,,,,,,,,,,,,292.0,,
482,Nutrameal Natural Wholesome Cane Sugar 2Kg,Pack size : 2Kg,KES336.00(Inc. VAT),Average Nutritional Value As Per 100g,387kcal,1619.20kJ,,100g,100g,,,1mg,Cane Sugar,Solid,Food,,,,,293.0,,
483,Nutrameal Natural Wholesome Cane Sugar 5Kg,Pack size : 5Kg,KES875.00(Inc. VAT),Average Nutritional Value As Per 100g,387kcal,1619.20kJ,,100g,100g,,,1mg,Cane Sugar,Solid,Food,,,,,294.0,,
484,Nutrameal Natural Wholesome Cane Sugar 1Kg,Pack size : 1Kg,KES175.00(Inc. VAT),Average Nutritional Value As Per 100g,387kcal,1619.20kJ,,100g,100g,,,1mg,Cane Sugar,Solid,Food,,,,,295.0,,
485,Clovers Pure Glucose Instant Energy Drink Powder 250g,Pack size : 250g,KES109.00(Inc. VAT),Average Nutritional Value As Per 100g,370kcal,1550kJ,1g,91.0g,90.0g,,,10mg,Instant Energy Drink Powder,Powder,Food,,,,,296.0,,
486,Clovers Pure Glucose 90g,Pack size : 90g,KES27.00(Inc. VAT),Average Nutritional Value As Per 100g,360kcal,1506.24kJ,0g,90g,0g,0g,,,Glucose,Powder,Food,,,,,297.0,,
487,Carrefour Mineral Water 18.5L,Pack size : 18.5L,KES495.00(Inc. VAT),Average Nutritional Value As Per 100ml,0kcal,0kJ,,,,,,14.62mg,Mineral Water,Liquid,Beverage,,,,,298.0,,
488,Aquamist Mineral Water Disposable 18.5L,Pack size : 18.5L,,,,,,,,,,14.62,Mineral Water,Liquid,,,,0.03,,299.0,,
489,Keringet Natural Mineral Water 1L X 6,Pack size : 1L X 6,KES516.00(Inc. VAT),1000ML,0kcal,0kJ,,,,,,33mg,Mineral Water,Liquid,Beverage,,,,"Serving Size per 1000ml
Sodium28.46mg/L
Sulphate3.06mg/L
Chloride14.78mg/L
Potassium4.37mg/L
Fluoride1.25mg/L
Calcium1.46mg/L
Magnesium0.01mg/L
Aluminium0mg/L
Iron0mg/L
Nitrates6.97mg/L
TDS98mg/L
pH8.38mg/L",300.0,,
490,Waba Mineral Water 20L,Pack size : 20L,KES600.00(Inc. VAT),Average Nutritional Value As Per 273g,0kcal,0kJ,,,,,,9.5mg,Mineral Water,Liquid,Beverage,,,,,301.0,,
491,Aquamist Mineral Water 5L,Pack size : 5L,,Average Nutritional Value As Per 100ml,0kcal,0kJ,,,,,,14.62,Mineral Water,Liquid,Beverage,,,0.03,,302.0,,
492,Carrefour Mineral Water 10L,Pack size : 10L,KES369.00(Inc. VAT),Average Nutritional Value As Per 100ml,0kcal,0kJ,,,,,,14.62mg,Mineral Water,Liquid,Beverage,,,,,303.0,,
493,Waba Mineral Water 10L,Pack size : 10L,KES390.00(Inc. VAT),Average Nutritional Value As Per 273g,0kcal,0kJ,,,,,,9.5mg,Mineral Water,Liquid,Beverage,,,,,304.0,,
494,Mayers 10 Liters Distiled Water,Pack size : 10L,KES455.00(Inc. VAT),Natural,0kcal,0kJ,0g,0g,0g,0g,0g,33mg,Spring Water,Liquid,Beverage,,,,,305.0,,
495,Aquamist Mineral Water 1Lx6,Pack size : 1L X 6,KES438.00(Inc. VAT),Average Nutritional Value As Per 100ml,0kcal,0kJ,,,,,,14.62,Mineral Water,Liquid,Beverage,,,0.03,,306.0,,
496,Mayers Spring Water Still Pet 500Ml,Pack size : 500Ml,KES59.00(Inc. VAT),Natural,,,,,,,,,Sparkling Water,Liquid,Beverage,,,,,307.0,,
497,Aquamist Mineral Water 1.5Lx6,Pack size : 1.5L X 6,KES518.00(Inc. VAT),Average Nutritional Value As Per 100ml,0kcal,0kJ,,,,,,14.62,Mineral Water,Liquid,Beverage,,,0.03,,308.0,,
498,Aquamist Mineral Water 3L,Pack size : 3L,,Average Nutritional Value As Per 100ml,0kcal,0kJ,,,,,,14.62,Mineral Water,Liquid,Beverage,,,0.03,,309.0,,
499,Evian Mineral Water Pet 1.5Lt,,KES399.00(Inc. VAT),,,,,,,,,,,,,,,,,310.0,,
500,Aquamist Mineral Water 500Ml,Pack size : 500Ml,,Average Nutritional Value As Per 100ml,0kcal,0kJ,,,,,,14.62,Mineral Water,Liquid,Beverage,,,0.03,,311.0,,
501,Carrefour Mineral Water 1 Litre,Pack size : 1L,KES67.00(Inc. VAT),,,,,,,,,,,,,,,,,312.0,,
502,Waba Mineral Water 1L,Pack size : 1L,KES69.00(Inc. VAT),Average Nutritional Value As Per 273g,0kcal,0kJ,,,,,,9.5mg,Mineral Water,Liquid,Beverage,,,,,313.0,,
503,Carrefour Mineral Water 300ml,Pack size : 300Ml,KES24.00(Inc. VAT),,,,,,,,,,,,,,,,,314.0,,
504,Aquamist Mineral Water 500Mlx6,Pack size : 500Ml X 6,KES239.00(Inc. VAT),Average Nutritional Value As Per 100ml,0kcal,0kJ,,,,,,14.62,Mineral Water,Liquid,Beverage,,,0.03,,315.0,,
505,Waba Mineral Water 500ml,Pack size : 500Ml,KES40.00(Inc. VAT),Average Nutritional Value As Per 273g,0kcal,0kJ,,,,,,9.5mg,Mineral Water,Liquid,Beverage,,,,,316.0,,
506,Evian Mineral Water Pet 330Ml,,KES169.00(Inc. VAT),,,,,,,,,,,,,,,,,317.0,,
507,Keringet Mineral Water 1L,Pack size : 1L,KES85.00(Inc. VAT),1000ML,0kcal,0kJ,,,,,,0mg,Mineral Water,Liquid,Beverage,,,,"Serving Size per 1000ml
Sodium28.46mg/L
Sulphate3.06mg/L
Chloride14.78mg/L
Potassium4.37mg/L
Fluoride1.25mg/L
Calcium1.46mg/L
Magnesium0.01mg/L
Aluminium0mg/L
Iron0mg/L
Nitrates6.97mg/L
TDS98mg/L
pH8.38mg/L",318.0,,
508,Carrefour Mineral Water 500ml,Pack size : 500Ml,KES40.00(Inc. VAT),,,,,,,,,,,,,,,,,319.0,,
509,Evian Mineral Water Pet 500Ml,,KES229.00(Inc. VAT),,,,,,,,,,,,,,,,,320.0,,
510,Aquamist Mineral Water 1.5L,Pack size : 1.5L,,Average Nutritional Value As Per 100ml,0kcal,0kJ,,,,,,14.62,Mineral Water,Liquid,Beverage,,,0.03,,321.0,,
511,Mayers Spring Water Still Pet 250Ml,Pack size : 250Ml,KES28.00(Inc. VAT),Natural,,,,,,,,,Still Water,Liquid,Beverage,,,,,322.0,,
512,Mayers Spring Water Still Pet 1L,Pack size : 1L,KES88.00(Inc. VAT),Natural,,,,,,,,,Sparkling Water,Liquid,Beverage,,,,,323.0,,
513,Waba Mineral Water 1.5L,Pack size : 1.5L,KES90.00(Inc. VAT),Average Nutritional Value As Per 273g,0kcal,0kJ,,,,,,9.5mg,Mineral Water,Liquid,Beverage,,,,,324.0,,
514,Quencher Life Premium Drinking Water 18L,Pack size : 18L,KES497.00(Inc. VAT),Average Nutritional Value As Per 100ml,0kcal,0kJ,,,,,,2mg,Drinking Water,Liquid,Beverage,,,,,325.0,,
515,Quencher Life Premium Drinking Water 10L,Pack size : 10L,KES299.00(Inc. VAT),Average Nutritional Value As Per 100ml,0kcal,0kJ,,,,,,2mg,Drinking Water,Liquid,Beverage,,,,,326.0,,
516,Urban Water 20L,Pack size : 20L,KES460.00(Inc. VAT),,,,,,,,,,Water,Liquid,Beverage,,,,,327.0,,
517,Mt. Kenya Natural Drinking Water 18.9,Pack size : 18.9L,KES510.00(Inc. VAT),Average Nutritional Value As Per 100ml,0kcal,0kJ,0g,0g,0g,0g,0g,35mg,Drinking Water,Liquid,Food,,,,,328.0,,
518,Quencher Life Premium Drinking Water 5L,Pack size : 5L,KES223.00(Inc. VAT),Average Nutritional Value As Per 100ml,0kcal,0kJ,,,,,,2mg,Drinking Water,Liquid,Beverage,,,,,329.0,,
519,Quencher Life Premium Drinking Water 500Ml X Pack Of 6,Pack size : 500Ml X 6,KES167.00(Inc. VAT),Average Nutritional Value As Per 100ml,0kcal,0kJ,,,,,,2mg,Drinking Water,Liquid,Beverage,,,,,330.0,,
520,Urban Water 10L,Pack size : 10L,KES243.00(Inc. VAT),,,,,,,,,,Water,Liquid,Beverage,,,,,331.0,,
521,Highlands Drinking Water 10L,Pack size : 10L,KES290.00(Inc. VAT),,,,,,,,,,Water,Liquid,Beverage,,,,,332.0,,
522,Aquamist Lemon Flavoured Water 500Ml,Pack size : 500Ml,,Average Nutritional Value As Per 100ml,1.4,669.44kJ,,9g,,,,14.62,Mineral Water,Liquid,Beverage,Lemon,,0.03,,333.0,,
523,Dasani Still Water 1L,Pack size : 1L,KES58.00(Inc. VAT),Average Nutritional Value As Per 355ml,0kcal,0kJ,,,,,,25mg,Water,Liquid,Beverage,,,,,334.0,,
524,Quencher Life Premium Drinking Water 1.5L,Pack size : 1.5L,KES67.00(Inc. VAT),Average Nutritional Value As Per 100ml,0kcal,0kJ,,,,,,2mg,Drinking Water,Liquid,Beverage,,,,,335.0,,
525,Dasani Still Water 500Ml,Pack size : 500Ml,KES34.00(Inc. VAT),Average Nutritional Value As Per 355ml,0kcal,0kJ,,,,,,25mg,Water,Liquid,Beverage,,,,,336.0,,
526,Aquaclear Purified Drinking Water 500Ml,Pack size : 500Ml,KES33.00(Inc. VAT),Average Nutritional Value As Per 100ml,0kcal,0kJ,,,,,,25mg,Drinking Water,Liquid,Beverage,,,,,337.0,,
527,Quencher Life Premium Drinking Water 300Ml,Pack size : 300Ml,KES19.00(Inc. VAT),Average Nutritional Value As Per 100ml,0kcal,0kJ,,,,,,2mg,Drinking Water,Liquid,Beverage,,,,,338.0,,
528,Mt. Kenya Natural Drinking Water 1.5L,Pack size : 1.5L,KES85.00(Inc. VAT),Average Nutritional Value As Per 100ml,0kcal,0kJ,,,,,,5mg,Drinking Water,Liquid,Beverage,,,,,339.0,,
529,Mt. Kenya Natural Drinking Water 3L,Pack size : 3L,KES160.00(Inc. VAT),Average Nutritional Value As Per 100ml,0kcal,0kJ,,,,,,5mg,Drinking Water,Liquid,Beverage,,,,,340.0,,
530,Highlands Drinking Water Juice 1L,Pack size : 1L,KES50.00(Inc. VAT),,,,,,,,,,Water,Liquid,Beverage,,,,,341.0,,
531,Maisha Drinking Water 500Ml,Pack size : 500Ml,KES29.00(Inc. VAT),Average Nutritional Value As Per 100ml,0kcal,0kJ,,,,,,4mg,Water,Liquid,Beverage,,,,,342.0,,
532,Quencher Life Premium Drinking Water 1L,Pack size : 1L,KES48.00(Inc. VAT),Average Nutritional Value As Per 100ml,0kcal,0kJ,,,,,,2mg,Drinking Water,Liquid,Beverage,,,,,343.0,,
533,Mt. Kenya Natural Drinking Water 500Ml,Pack size : 500Ml,KES30.00(Inc. VAT),Average Nutritional Value As Per 100ml,0kcal,0kJ,,,,,,5mg,Drinking Water,Liquid,Beverage,,,,,344.0,,
534,Mt. Kenyan Natural Drinking Water 1L,Pack size : 1L,KES48.00(Inc. VAT),Average Nutritional Value As Per 100ml,0kcal,0kJ,,,,,,5mg,Drinking Water,Liquid,Beverage,,,,,345.0,,
535,Urban Waters Purified Drinking Water 5L,Pack size : 5L,KES148.00(Inc. VAT),Average Nutritional Value As Per 100ml,0kcal,0kJ,,,,,,235mg,Drinking Water,Liquid,Beverage,,,,,346.0,,
536,Quencher Life Premium Drinking Water 500Ml,Pack size : 500Ml,KES27.00(Inc. VAT),Average Nutritional Value As Per 100ml,0kcal,0kJ,,,,,,2mg,Drinking Water,Liquid,Beverage,,,,,347.0,,
537,Mayers Natural Spring Sparkling Water 1L,Pack size : 1L,KES103.00(Inc. VAT),Natural,,,,,,,,,Still Water,Liquid,Beverage,,,,,348.0,,
538,Keringet Sparkling Mineral Water 1L,Pack size : 1L,KES98.00(Inc. VAT),,,,,,,,,,,,,,,,"Nutritional Information
Serving Sizeper 1000ml
Sodium28.46mg/L
Sulphate3.06mg/L
Chloride14.78mg/L
Potassium4.37mg/L
Fluoride1.25mg/L
Calcium1.46mg/L
Magnesium0.01mg/L
Aluminium0mg/L
Iron0mg/L
Nitrates6.97mg/L
TDS98mg/L
pH8.38mg/L",349.0,,
539,Aquamist Sparkling Water 1L,Pack size : 1L,KES110.00(Inc. VAT),Average Nutritional Value As Per 100ml,0kcal,0kJ,,,,,,14.62,Sparkling Water,Liquid,Beverage,,,0.03,,350.0,,
540,Mayers Natural Spring Sparkling Water 500Ml,Pack size : 500ML,KES78.00(Inc. VAT),Average Nutritional Value As Per 100g,1kcal,4.184kJ,,10mg,,,,,Sparkling Water,Liquid,Beverage,,,,,351.0,,
541,Perrier Original Can 250Ml X 10,Pack size : 250ML X 10,,,,,,,,,,,,,,,,,,352.0,,
542,Aquamist Sparkling Water 500Ml,Pack size : 500Ml,KES75.00(Inc. VAT),Average Nutritional Value As Per 100ml,0kcal,0kJ,,,,,,14.62,Sparkling Water,Liquid,Beverage,,,0.03,,353.0,,
543,Evian Sparkling Mineral Water Glass 330Ml,Pack size : 330Ml,KES379.00(Inc. VAT),,,,,,,,,,,,,,,,,354.0,,
544,Perrier Original Sparkling Water Bottle 330Ml,Pack size : 330Ml,,100ml,1Kcal,4Kj,0g,0g,0g,0g,0g,0mg,Liquid,,Food&Biverages,,No additives,0g,,355.0,,
545,Perrier Original Can 250Ml,Pack size : 250ML,,,,,,,,,,,,,,,,,,356.0,,
546,Aquamist Pineapple Flavoured Water 500ml,Pack size : 500Ml,,Average Nutritional Value As Per 100ml,1.4,4.184kJ,,,,,,14.62,Mineral Water,Liquid,Beverage,Pineapple,,0.03,,357.0,,
547,Aquamist Mango Flavoured Water 500ml,Pack size : 500Ml,,Average Nutritional Value As Per 100ml,1.4,150.624kJ,,,,,,14.62,Mineral Water,Liquid,Beverage,Mango,,0.03,,358.0,,
548,Aquamist Apple Flavoured Water 500Ml,Pack size : 500Ml,,Average Nutritional Value As Per 100ml,1.4,75.312kJ,,4g,,,,14.62,Mineral Water,Liquid,Beverage,Apple,,0.03,,359.0,,
549,Dash Sparkling Water Cucumber Nas330Ml,Pack size : 330Ml,KES299.00(Inc. VAT),,0.5g,0g,2kcal,Average Nutritional Value As Per 100g,,,0g,,Food,Cucumber,0g,8kJ,Liquid,,,360.0,,
550,Dash British Lemon Sparkling Water 330ml,Pack size : 330Ml,KES299.00(Inc. VAT),Average Nutritional Value As Per 100g,2kcal,8kJ,0g,0.5g,0g,0g,,,Sparkling Water,Liquid,Food,Lemon,,0g,,361.0,,
551,CAWSTON PRESS APPLE SPRK WTR 330ML,,KES399.00(Inc. VAT),,,,,,,,,,,,,,,,,362.0,,
552,Kaputei Gherkins Pickle 285g,Pack size : 285g,KES298.00(Inc. VAT),Average Nutritional Value As Per 100g,38kcal,158.99kJ,1g,7.8g,5g,0g,1.2g,50mg,Gherkins Pickle,Solid,Food,,,,,363.0,,0.0
553,Kenylon Crushed Tomatoes 400g,Pack size : 400g,KES189.00(Inc. VAT),Average Nutritional Value As Per 100g,31.6kcal,132.7kJ,1.4g,4.7g,4.7g,0.2g,2.7g,240mg,Tomatoes,Solid,Frozen,,,,,364.0,,1.0
554,Heinz Baked Beans In Tomato Sauce 415G,Pack size : 415g,,Average Nutritional Value As Per 100g,73kcal,305.432kJ,4.9g,12.9g,5g,0.2g,3.8g,300mg,Baked Beans,Solid,Food,,,,,365.0,,2.0
555,Kenylon Chick Peas 420g,Pack size : 420g,KES189.00(Inc. VAT),Average Nutritional Value As Per 100g,85kcal,355.64kJ,8g,11g,,,,198mg,,,,,,,,366.0,,3.0
556,Kenylon Beans In Tomato sauce 420G,Pack size : 420g,,Average Nutritional Value As Per 100g,73kcal,305.432kJ,4.9g,12.9g,5g,0.2g,3.8g,300mg,Baked Beans,Solid,Food,,,,,367.0,,4.0
557,Sunrice Basmati 5Kg,Pack size : 5Kg,,Average Nutritional Value As Per 100g,350kcal,1464kJ,8.8g,78g,,,1.6g,1.7mg,Rice,Solid,Food,,,,,368.0,,5.0
558,Pearl Pishori fortified rice 5Kg,Pack size : 5kg,KES1599.00(Inc. VAT),Average Nutritional Value As Per 100g,351kcal,1491kJ,7.8g,77.7g,0.5g,0.8g,1.0g,,Pishori Rice,Solid,Food,,,,,369.0,Ready to use,6.0
559,Santa Lucia Spaghetti Pasta 400g,Pack size : 400g,KES218.00(Inc. VAT),Average Nutritional Value As Per 100g,354kcal,1481.136kJ,11g,73g,3g,1g,2g,1mg,Spaghetti,Solid,Food,,,,,370.0,,7.0
560,Daawat Basmati Rice 5Kg,Pack size : 5Kg,,Average Nutritional Value As Per 100g,365kcal,1527kJ,7.1g,80g,,0.7g,1.8g,0.54mg,Rice,Solid,Food,,,,,371.0,,8.0
561,GURU SPECIAL BASMATI RICE 5KG,Pack size : 5Kg,KES1725.00(Inc. VAT),Average Nutritional Value As Per 100g,365kcal,1527kJ,7.1g,80g,,0.7g,1.8g,0.54mg,Rice,Solid,Food,,,,,372.0,,9.0
562,Cil Rice Pishori 5Kg,Pack size : 5Kg,KES1487.00(Inc. VAT),,77.7g,0.5g,351kcal,Average Nutritional Value As Per 100g,1.0g,,,,Food,,7.8g,1491kJ,Solid,Ready to use,,373.0,,10.0
563,Sunrice Thai Jasmine Rice 2Kg,Pack size : 2Kg,,Average Nutritional Value As Per 70g,248.5kcal,1040kJ,5g,55.2g,1g,1g,,,Rice,Solid,Food,,,,,374.0,,11.0
564,NUTRAMEAL GREEN GRAMS POLISHED 1KG,Pack size : 1Kg,KES224.00(Inc. VAT),,,,,,,,,,,,,,,,,375.0,,12.0
565,Daawat Spaghetti Blue Label400G 2+1,Pack size : 400 gr,KES446.00(Inc. VAT),,,,,,,,,,,,,,,,,376.0,,13.0
566,Daawat Traditional Basmati Rice 2Kg,Pack size : 2Kg,,Average Nutritional Value As Per 100g,350kcal,1464kJ,8.8g,78g,,,1.8g,1.7mg,Rice,Solid,Food,,,,,377.0,,14.0
567,Santa Lucia Spaghetti Pasta 1Kg,Pack size : 1Kg,,Average Nutritional Value As Per 100g,354kcal,1481.136kJ,11g,73g,3g,1g,2g,1mg,Spaghetti,Solid,Food,,,,,378.0,,15.0
568,Pearl  Green Polished Grams 1Kg,Pack size : 1kg,KES219.00(Inc. VAT),,,,,,,,,,,,,,,,,379.0,,16.0
569,Pearl Pishori fortified rice 2Kg,Pack size : 2kg,KES633.00(Inc. VAT),Average Nutritional Value As Per 100g,351kcal,1491kJ,7.8g,77.7g,0.5g,0.8g,1.0g,,Pishori Rice,Solid,Food,,,,,380.0,Ready to use,17.0
570,Santa Maria Fusilli Pasta 400G,Pack size : 400g,KES189.00(Inc. VAT),Average Nutritional Value As Per 100g,196kcal,820.064kJ,17g,1g,,13g,,,Pasta,Solid,Food,,,,,381.0,,18.0
571,Pearl Super Basmati Rice 5Kg,Pack size : 5kg,,Average Nutritional Value As Per 100g,350kcal,1464kJ,8.8g,78g,,,1.6g,1.7mg,Rice,Solid,Food,,,,,382.0,,19.0
572,Butterfly Pulses Yellow Kidney Beans 1Kg,Pack size : 1Kg,KES298.00(Inc. VAT),Average Nutritional Value As Per 100g,333kcal,1393kJ,24g,60g,2.2g,0.8g,25g,24mg,Kidney Beans,Solid,Food,,,,,383.0,Ready to use,20.0
573,Pearl Super Basmati fortified Rice 2Kg,Pack size : 2kg,,Average Nutritional Value As Per 100g,350kcal,1464kJ,8.8g,78g,,,1.6g,1.7mg,Rice,Solid,Food,,,,,384.0,,21.0
574,Nutrameal Kamande (Masoor Whole)500g,Pack size : 500g,KES220.00(Inc. VAT),Average Nutritional Value As Per 100g,164kcal,686.176kJ,7g,26g,5g,4g,7g,1046mg,Red Lentil,Solid,Food,Red Lentil,,,,385.0,,22.0
575,Nutrameal Yellow Beans 1Kg,Pack size : 1Kg,KES288.00(Inc. VAT),Average Nutritional Value As Per 100g,345kcal,1443kJ,22g,60g,,2.6g,25g,12mg,Yellow Beans,Solid,Food,,,,,386.0,Ready to use,23.0
576,Amana Yellow Beans 1Kg,Pack size : 1kg,KES265.00(Inc. VAT),Average Nutritional Value As Per 100g,347kcal,1451.848kJ,23g,62g,,,16g,15mg,Yellow Beans,Solid,Food,,,,Solid,387.0,,24.0
577,KPL LONG GRAIN RICE 5KG,Pack size : 5kg,KES675.00(Inc. VAT),Average Nutritional Value As Per 100g,350kcal,1464.4kJ,8.8g,78g,,0.47g,1.6g,1.7g,Rice,Solid,Food,,,,,388.0,,25.0
578,Butterfly Red Lentil Masoor Dal 1Kg,Pack size : 1Kg,KES475.00(Inc. VAT),Average Nutritional Value As Per 39g,130kcal,543kJ,10g,23g,,1g,4g,,Masoor Dal,Solid,Food,,,,,389.0,Ready to use,26.0
579,Santa Maria Penne Rigate Pasta 400G,Pack size : 400g,KES189.00(Inc. VAT),Average Nutritional Value As Per 100g,363kcal,1518.792kJ,12g,79g,,,,,Pasta,Solid,Food,,,,,390.0,,27.0
580,Carrefour M Popcorn Kernels 500G,,KES196.00(Inc. VAT),,,,,,,,,,,,,,,,,391.0,,28.0
581,DAAWAT LENTILS KAMANDE 1KG,,KES405.00(Inc. VAT),,,,,,,,,,,,,,,,,392.0,,29.0
582,Butterfly Grains Polished Green Grams 1Kg,Pack size : 1Kg,KES229.00(Inc. VAT),,,,,,,,,,,,,,,,,393.0,,30.0
583,Malbros Daawat Aromatic Rice 5Kg,Pack size : 5Kg,,Average Nutritional Value As Per 45g,165kcal,690kJ,4g,36g,,,,,Rice,Solid,Food,,,,,394.0,Ready to use,31.0
584,Butterfly Pulses Green Lentils 500g,Pack size : 500g,KES230.00(Inc. VAT),Average Nutritional Value As Per 45g,160kcal,669kJ,11g,29g,1g,,5g,,Green Lentils,Solid,Food,,,,,395.0,Ready to use,32.0
585,Nutrameal Regular Chick Peas 1Kg,Pack size : 1Kg,KES375.00(Inc. VAT),Average Nutritional Value As Per 100g,340kcal,1422kJ,11g,73g,2g,0.4g,8g,,Chick Peas,Solid,Food,,,,,396.0,Ready to use,33.0
586,Santa Maria Spaghetti Pasta 700G,Pack size : 700g,KES254.00(Inc. VAT),Average Nutritional Value As Per 100g,358kcal,1497.87kJ,13g,75g,,,,,Pasta,Solid,Food,,,,,397.0,,34.0
587,BUTTERFLY POPCORN KERNELS 1KG,Pack size : 1Kg,KES399.00(Inc. VAT),,,,,,,,,,,,,,,,,398.0,,35.0
588,Daawat Spaghetti Blue Label 700G,Pack size : 700G,,Average Nutritional Value As Per 100g,354kcal,,11g,73g,,,,,Spaghetti,,Food,,,,,399.0,<ign,36.0
589,Ranee Premium Basmati Rice 5Kg,Pack size : 5kg,KES1855.00(Inc. VAT),,78g,,350kcal,Average Nutritional Value As Per 100g,1.6g,1.7mg,,,Food,,8.8g,1464kJ,Solid,,,400.0,,37.0
590,Godson Organics Chia Seed Black 250G,Pack size : 250G,KES319.00(Inc. VAT),Average Nutritional Value As Per 100g,135,669.44kJ,3g,14g,,14g,,,Chai Seeds,Solid,Food,,,,,401.0,,38.0
591,Carrefour M Green Grams Polished 1Kg,,KES195.00(Inc. VAT),,,,,,,,,,,,,,,,,402.0,,39.0
592,Royal Macaroni Shell Pasta 400g,Pack size : 400g,KES139.00(Inc. VAT),Average Nutritional Value As Per 100g,45kcal,188.28kJ,1g,10g,16g,,1g,10mg,Pasta,Solid,Food,,,,,403.0,,40.0
593,Nutrameal Green Lentils 1Kg,Pack size : 1Kg,KES415.00(Inc. VAT),Average Nutritional Value As Per 45g,160kcal,669kJ,11g,29g,1g,,5g,,Green Lentils,Solid,Food,,,,,404.0,Ready to use,41.0
594,Royal Umbrella Thai Jasmine Rice 5Kg,Pack size : 5Kg,KES2275.00(Inc. VAT),Average Nutritional Value As Per 100g,350kcal,1488kJ,6.7g,79g,,0.7g,1.0g,0.2mg,Rice,Solid,Food,,,,,405.0,,42.0
595,Ranee Premium Basmati Rice 2Kg,Pack size : 2kg,KES746.00(Inc. VAT),,78g,,350kcal,Average Nutritional Value As Per 100g,1.6g,1.7mg,,,Food,,8.8g,1464kJ,Solid,,,406.0,,43.0
596,Carrefour M Popcorn Kernels 1Kg,,KES392.00(Inc. VAT),,,,,,,,,,,,,,,,,407.0,,44.0
597,Butterfly Grains Popcorn Kernels 500g,Pack size : 500g,KES200.00(Inc. VAT),,,,,,,,,,,,,,,,,408.0,,45.0
598,Sunrice Biryani Rice 5Kg,Pack size : 5Kg,KES1253.00(Inc. VAT),Average Nutritional Value As Per 100g,357kcal,1493kJ,8.6g,79g,,,1.8g,4.1mg,Rice,Solid,Food,,,,,409.0,,46.0
599,Santa Lucia Penne Rigate Pasta 500g,Pack size : 500g,,Average Nutritional Value As Per 100g,350kcal,1464.4kJ,12g,73g,,1g,,,Pasta,Solid,Food,,,,,410.0,,47.0
600,Butterfly Pulses Chick Peas 1Kg,Pack size : 1Kg,KES445.00(Inc. VAT),Average Nutritional Value As Per 100g,340kcal,1422kJ,11g,73g,2g,0.4g,8g,,Chick Peas,Solid,Food,,,,,411.0,Ready to use,48.0
601,Carrefour Mlogo Pasta Fusili 400G,Pack size : 400g,KES185.00(Inc. VAT),Average Nutritional Value As Per 100g,364kcal,1522.9kJ,7g,72g,,1g,3g,0mg,Pasta,Solid,Food,,,,,412.0,,49.0
602,Butterfly Semolina 1Kg,Pack size : 1Kg,KES209.00(Inc. VAT),Average Nutritional Value As Per 100g,340kcal,1422.56kJ,9g,75g,,3g,,5mg,Semolina,Solid,Food,,,,,413.0,,50.0
603,Nutrameal Pigeon Peas 1Kg,Pack size : 1Kg,KES280.00(Inc. VAT),Average Nutritional Value As Per 100g,343kcal,1435kJ,22g,63g,,1.5g,15g,17mg,Pigeon Peas,Solid,Food,,,,,414.0,Ready to use,51.0
604,Ranee Spaghetti Standard 400G,Pack size : 400G,KES82.00(Inc. VAT),Average Nutritional Value As Per 100g,351kcal,1468.584kJ,14g,69g,3.4g,1.5g,2.9g,,Spaghetti,Solid,Food,,,,,415.0,,52.0
605,Amana Pishori Rice 5Kg,Pack size : 5kg,KES1453.00(Inc. VAT),Average Nutritional Value As Per 100g,349kcal,1460.216kJ,8g,77g,,,,,Pishori Rice,Solid,Food,,,,,416.0,,53.0
606,Santa Maria Cavatoni Pasta 400g,Pack size : 400g,KES189.00(Inc. VAT),Average Nutritional Value As Per 100g,265kcal,1108.76kJ,11g,30g,,5g,,,Pasta,Solid,Food,Cavatoni,,,,417.0,,54.0
607,Nutrameal Red Kidney Beans 1Kg,Pack size : 1Kg,KES290.00(Inc. VAT),Average Nutritional Value As Per 100g,346kcal,1447kJ,22g,60g,,1.3g,4.8g,,Red Kidney Beans,Solid,Food,,,,,418.0,Ready to use,55.0
608,Santa Lucia Farfalle Pasta 500g,Pack size : 500g,,Average Nutritional Value As Per 100g,350kcal,1464.4kJ,12g,73g,,1g,,,Pasta,Solid,Food,,,,,419.0,,56.0
609,Sunrice Kenya Finest Aromatic Pishori Rice 5Kg,Pack size : 5Kg,KES1397.00(Inc. VAT),Average Nutritional Value As Per 100g,351kcal,1491kJ,7.8g,77.7g,0.5g,0.8g,1.0g,,Pishori Rice,Solid,Food,,,,,420.0,Ready to use,57.0
610,Daawat Yellow Beans 1Kg,,KES288.00(Inc. VAT),,,,,,,,,,,,,,,,,421.0,,58.0
611,Pearl Imported Popcorn 500g,Pack size : 500g,KES195.00(Inc. VAT),,,,,,,,,,,,,,,,,422.0,,59.0
612,Chia organic Premium Seed Black 500G,Pack size : 500G,KES659.00(Inc. VAT),Average Nutritional Value As Per 100g,138,1870kJ,4g,12g,1g,9g,11g,1mg,Chia Seed,Solid,Food,,,,,423.0,,60.0
613,Barilla N.5 Spaghetti Pasta 500G,Pack size : 500g,KES717.00(Inc. VAT),Average Nutritional Value As Per 100g,364kcal,1522.976kJ,12.8g,70.9g,3.5g,2g,3g,5mg,Spaghetti Pasta,Solid,Food,,,,,424.0,,61.0
614,Daawat Pulses Green Grams 1Kg,Pack size : 1Kg,KES188.00(Inc. VAT),,,,,,,,,,,,,,,,,425.0,,62.0
615,Nutrameal Butter Beans 1Kg,Pack size : 1Kg,KES430.00(Inc. VAT),Average Nutritional Value As Per 20g,7kcal,31kJ,0.28g,1.46g,0.49g,0.04g,0.6g,,Butter Beans,Solid,Food,,,,,426.0,Ready to use,63.0
616,Pearl Pishori fortified rice 1Kg,Pack size : 1kg,KES335.00(Inc. VAT),Average Nutritional Value As Per 100g,351kcal,1491kJ,7.8g,77.7g,0.5g,0.8g,1.0g,,Pishori Rice,Solid,Food,,,,,427.0,Ready to use,64.0
617,Godson Organics Quinoa Seeds 500G,Pack size : 500G,KES999.00(Inc. VAT),Average Nutritional Value As Per 100g,222,669.44kJ,8g,39g,,3.7g,5g,,Quinoa Seeds,Solid,Food,,,,,428.0,,65.0
618,Butterfly Premium Spaghetti Pasta 400g x Pack of 3,Pack size : 400g x Pack of 3,KES371.00(Inc. VAT),,71g,,367kcal,Average Nutritional Value As Per 100g,,,,,Food,,13g,1535.53kJ,Solid,,,429.0,,66.0
619,KPL Classic Long Grain Rice 2Kg,Pack size : 2Kg,KES269.00(Inc. VAT),Average Nutritional Value As Per 100g,130kcal,543kJ,2.7g,28g,0.1g,0.3g,0.4g,,Rice,Solid,Food,,,,,430.0,Ready to use,67.0
620,Kings M. R. P. K Grade 1 Pishori Aromatic Basmati Rice 5kg,Pack size : 5kg,KES1199.00(Inc. VAT),Average Nutritional Value As Per 100g,349kcal,1460kJ,8g,77g,,,,,,,,,,,,431.0,,68.0
621,GRANORO NO 17 RIGATONI 500G,Pack size : 500g,KES350.00(Inc. VAT),Average Nutritional Value As Per 100g,355kcal,1507kJ,13g,71g,3g,1.5g,3g,,Pasta,Solid,Food,,,,,432.0,"Boil water in a large pot. To make sure pasta does not stick together, use at least 4 quarts of water for every pound of pasta. Add 1 tbsp salt to the water. Add pasta, stir it and drain it.",69.0
622,Nutrameal Nyayo Beans 1Kg,Pack size : 1Kg,KES270.00(Inc. VAT),Average Nutritional Value As Per 100g,346kcal,1447kJ,22g,60g,,1.3g,4.8g,,Nyayo Beans,Solid,Food,,,,,433.0,Ready to use,70.0
623,Godson Organics Flax Seeds/Lin Seeds 250G,Pack size : 250G,KES355.00(Inc. VAT),,,,,,,,,,,,,,,,,434.0,,71.0
624,Barilla Lasagne No. 189 Pasta 500g,Pack size : 500g,KES1100.00(Inc. VAT),Average Nutritional Value As Per 100g,142kcal,594.128kJ,4g,10g,,9g,,,Pasta,Solid,Food,,,,,435.0,,72.0
625,Pearl Super Basmati fortified Rice 1Kg,Pack size : 1kg,KES368.00(Inc. VAT),Average Nutritional Value As Per 100g,350kcal,1464kJ,8.8g,78g,,,1.6g,1.7mg,Rice,Solid,Food,,,,,436.0,,73.0
626,Pasta Zara 112 Lasagne Gialle 500g,Pack size : 500g,KES705.00(Inc. VAT),Average Nutritional Value As Per 100g,350kcal,1464.4kJ,12g,71g,3g,1g,3g,,Lasagne Gialle,Solid,Food,,,,,437.0,,74.0
627,Santa Lucia Lumaca Pasta 500g,Pack size : 500g,,Average Nutritional Value As Per 100g,350kcal,1464.4kJ,12g,73g,,1g,,,Pasta,Solid,Food,,,,,438.0,,75.0
628,CIL Long Grain Blended White Rice 2Kg,Pack size : 2kg,KES324.00(Inc. VAT),,35g,,160kcal,Average Nutritional Value As Per 45g,1g,,,,Food,,3g,669kJ,Solid,Ready to use,,439.0,,76.0
629,Granoro I Classici No.4 Linguini Pasta 500g,Pack size : 500g,KES350.00(Inc. VAT),Average Nutritional Value As Per 100g,355 kcal,1507 kJ,13g,71 g,3 g,1.5g,3g,,Pasta,Solid,Food,,,,,440.0,"Boil water in a large pot. To make sure pasta does not stick together, use at least 4 quarts of water for every pound of pasta. Add 1 tbsp salt to the water. Add pasta, stir it and drain it.",77.0
630,CIL Pishori Brown Rice 1kg.,Pack size : 1kg,KES349.00(Inc. VAT),,23g,0.4g,111kcal,Average Nutritional Value As Per 100g,1.8g,5mg,,,Food,,2.6g,464kJ,Solid,Ready to use,,441.0,,78.0
631,Ranee Premium Basmati Rice 1Kg,Pack size : 1kg,KES375.00(Inc. VAT),,78g,,350kcal,Average Nutritional Value As Per 100g,1.6g,1.7mg,,,Food,,8.8g,1464kJ,Solid,,,442.0,,79.0
632,Godson Organics Flax Seeds/Lin Seeds 150G,Pack size : 150G,KES199.00(Inc. VAT),,,,,,,,,,,,,,,,,443.0,,80.0
633,Barilla Rigate Penne Pasta 500G,Pack size : 500g,KES717.00(Inc. VAT),Average Nutritional Value As Per 100g,364kcal,1522.976kJ,12.5g,71.2g,3.5g,2g,3g,5mg,Pasta,Solid,Food,,,,,444.0,,81.0
634,GRANORO NO 26 PENNE RIGATE 500G,Pack size : 500g,KES350.00(Inc. VAT),Average Nutritional Value As Per 100g,355kcal,1507kJ,13g,71g,3g,1.5g,3g,,Pasta,Solid,Food,,,,,445.0,"Boil water in a large pot. To make sure pasta does not stick together, use at least 4 quarts of water for every pound of pasta. Add 1 tbsp salt to the water. Add pasta, stir it and drain it.",82.0
635,Royal Umbrella Thai Jasmine Rice 1Kg,Pack size : 1Kg,KES489.00(Inc. VAT),Average Nutritional Value As Per 100g,350kcal,1488kJ,6.7g,79g,,0.7g,1.0g,0.2mg,Rice,Solid,Food,,,,,446.0,,83.0
636,GORO NO 121 LASAGNE 500G,Pack size : 500g,KES711.00(Inc. VAT),Average Nutritional Value As Per 100g,351kcal,1490kJ,12g,71g,3g,1.5g,,,Pasta,Solid,Food,,,,,447.0,,84.0
637,Carrefour Mlogo Pasta Spaghetti 400G,Pack size : 400g,KES185.00(Inc. VAT),Average Nutritional Value As Per 100g,363kcal,1518.7kJ,12g,74g,3g,1g,2g,0mg,Pasta,Solid,Food,,,,,448.0,,85.0
638,Barilla Linguine No. 13 Pasta 500g,Pack size : 500g,KES717.00(Inc. VAT),Average Nutritional Value As Per 100g,364kcal,1522.976kJ,12.8g,70.9g,3.5g,2g,3g,5mg,Pasta,Solid,Food,,,,,449.0,,86.0
639,Santa Lucia Shell Pasta 500g,Pack size : 500g,,Average Nutritional Value As Per 200g,320kcal,1338.88kJ,8g,67g,1g,1g,,,Pasta,Solid,Food,,,,,450.0,,87.0
640,Royal Umbrella Thai Jasmine Rice 2Kg,Pack size : 2Kg,KES925.00(Inc. VAT),Average Nutritional Value As Per 100g,350kcal,1488kJ,6.7g,79g,,0.7g,1.0g,0.2mg,Rice,Solid,Food,,,,,451.0,,88.0
641,Ranee Chef39s Special Parboiled Basmati Rice 2Kg,Pack size : 2kg,KES699.00(Inc. VAT),Average Nutritional Value As Per 100g,357kcal,1493kJ,8.6g,79g,,0.9g,1.8g,4.1mg,Rice,Solid,Food,,,,,452.0,Ready to use,89.0
642,Naturalli Bulgar 750g,Pack size : 750g,KES799.00(Inc. VAT),,,,,,,,,,,,,,,,,453.0,,90.0
643,BUTTERFLY GREEN GRAM POLISHED 2 KG,Pack size : 2kg,KES453.00(Inc. VAT),,,,,,,,,,,,,,,,,454.0,,91.0
644,Barilla Chifferi Elbows Pasta 500g,Pack size : 500g,KES727.00(Inc. VAT),Average Nutritional Value As Per 100g,364kcal,1522.976kJ,12.6g,70.9g,3.5g,2g,3g,5mg,Pasta,Solid,Food,,,,,455.0,,92.0
645,Kings M. P. S Grade 1 Mwea Super Basmati Rice 5kg,Pack size : 5kg,KES1149.00(Inc. VAT),Average Nutritional Value As Per 100g,346kcal,1447kJ,8g,78g,,,2g,,,,,,,,,456.0,,93.0
646,GRANORO NO 14 SPAGHETTI RISTO 500G,Pack size : 500g,KES350.00(Inc. VAT),Average Nutritional Value As Per 100g,355kcal,1507kJ,13g,71g,3g,1.5g,3g,,Pasta,Solid,Food,,,,,457.0,"Boil water in a large pot. To make sure pasta does not stick together, use at least 4 quarts of water for every pound of pasta. Add 1 tbsp salt to the water. Add pasta, stir it and drain it.",94.0
647,Daawat Spaghetti Blue Label 400G,Pack size : 400g,KES171.00(Inc. VAT),Average Nutritional Value As Per 100g,354kcal,1481.136kJ,11g,73g,3g,1g,2g,1mg,Spaghetti,Solid,Food,,,,,458.0,,95.0
648,Amana Rosecoco Beans 1Kg,Pack size : 1Kg,KES241.00(Inc. VAT),Average Nutritional Value As Per 100g,260kcal,1120kJ,21g,46g,3.5g,2.7g,12.5g,,Rosecoco Beans,Solid,Food,,,0g,,459.0,,96.0
649,Granoro Integrale Organic Whole Wheat No. 12 Spaghetti Pasta 500g,Pack size : 500g,KES485.00(Inc. VAT),Average Nutritional Value As Per 100g,352Kcal,1472.77kJ,11.5g,67g,3.4g,2.4g,0g,0mg,Pasta,Solid,,,,,,460.0,,97.0
650,KPL Classic Long Grain Rice 1Kg,Pack size : 1Kg,KES136.00(Inc. VAT),Average Nutritional Value As Per 100g,130kcal,543kJ,2.7g,28g,0.1g,0.3g,0.4g,,Rice,Solid,Food,,,,,461.0,Ready to use,98.0
651,Cil Aromatic Long Grain Sindano Fragrant Rice 2Kg,Pack size : 2kg,KES565.00(Inc. VAT),,65g,,329kcal,Average Nutritional Value As Per 100g,0.12g,,,,Food,,8.19g,1375kJ,Solid,Ready to use,,462.0,,99.0
652,Daawat Deli Basmati Rice 2Kg,Pack size : 2Kg,KES675.00(Inc. VAT),Average Nutritional Value As Per 100g,348kcal,1456kJ,8.2g,78g,,0.5g,1.8g,0.75mg,Rice,Solid,Food,,,,,463.0,,100.0
653,Butterfly Pulses Lima Butter Beans 1Kg,Pack size : 1Kg,KES439.00(Inc. VAT),Average Nutritional Value As Per 20g,7kcal,31kJ,0.28g,1.46g,0.49g,0.04g,0.6g,,Butter Beans,Solid,Food,,,,,464.0,Ready to use,101.0
654,Butterfly Pulses Brown Rosecoco Beans 1Kg,Pack size : 1Kg,KES345.00(Inc. VAT),Average Nutritional Value As Per 100g,362kcal,1514kJ,18g,63g,5g,1g,,20mg,Rosecoco Beans,Solid,Food,,,,,465.0,Ready to use,102.0
655,Butterfly Pigeon Peas Washed Toor Dal 1Kg,Pack size : 1Kg,KES305.00(Inc. VAT),Average Nutritional Value As Per 35g,120kcal,502kJ,8g,22g,1g,0.5g,6g,30mg,Toor Dal,Solid,Food,,,,,466.0,Ready to use,103.0
656,Butterfly Pulses White Cow Peas (Chora/Black Eyed Beans) 1Kg,Pack size : 1Kg,KES289.00(Inc. VAT),Average Nutritional Value As Per 100g,366kcal,1531kJ,24g,60g,,1.3g,,,Cow Peas,Solid,Food,,,,,467.0,Ready to use,104.0
657,Chia organic Premium Seed Black 250G,Pack size : 250G,KES355.00(Inc. VAT),Average Nutritional Value As Per 100g,138,1870kJ,4g,12g,1g,9g,11g,1mg,Chia Seed,Solid,Food,,,,,468.0,,105.0
658,Nature's Choice Quinoa Grains White 500g,Pack size : 500g,KES2490.00(Inc. VAT),Average Nutritional Value As Per 49g,210kcal,878.64kJ,4g,34.00g,6g,3.5g,3.0g,300mg,Quinoa Grains,Solid,Food,,,,,469.0,,106.0
659,Nutrameal Black Njahi Beans 1Kg,Pack size : 1Kg,KES245.00(Inc. VAT),Average Nutritional Value As Per 100g,341kcal,1426kJ,22g,62g,2.1g,1.4g,16g,5mg,Njahi Beans,Solid,Food,,,,,470.0,Ready to use,107.0
660,Butterfly Pulses Njahi Black Beans 1Kg,Pack size : 1Kg,KES286.00(Inc. VAT),Average Nutritional Value As Per 100g,341kcal,1426kJ,22g,62g,2.1g,1.4g,16g,5mg,Black Beans,Solid,Food,,,,,471.0,Ready to use,108.0
661,Royal Premium Quality Macaroni Fussilli 400g,Pack size : 400g,KES139.00(Inc. VAT),Average Nutritional Value As Per 100g,360kcal,1506.24kJ,12.5g,75g,,1.1g,,,Fussilli,Solid,Food,,,,,472.0,,109.0
662,Carrefour M Green Lentis  1Kg,,KES449.00(Inc. VAT),,,,,,,,,,,,,,,,,473.0,,110.0
663,Barilla Collezione Tagliatelle Pasta 500g,Pack size : 500g,KES1100.00(Inc. VAT),Average Nutritional Value As Per 100g,359kcal,1502.06kJ,12g,71g,,2g,,,Pasta,Solid,Food,,,,,474.0,,111.0
664,Dr. Chia Seeds  Of Life Chia Seeds 100g,Pack size : 100g,KES193.00(Inc. VAT),Average Nutritional Value As Per 100g,60kcal,251.04kJ,2g,5g,,3.5g,4g,,Chia Seeds,Solid,Food,,,,,475.0,,112.0
665,Carrefour Pasta Farfalle 400G,Pack size : 400g,KES185.00(Inc. VAT),Average Nutritional Value As Per 100g,344kcal,1439.3kJ,12g,68g,3g,2g,3g,0mg,Pasta,Solid,Food,,,,,476.0,,113.0
666,Santa Lucia Spaghetti Pasta 250g,Pack size : 250g,KES151.00(Inc. VAT),Average Nutritional Value As Per 100g,354kcal,1481.136kJ,11g,73g,3g,1g,2g,1mg,Spaghetti,Solid,Food,,,,,477.0,,114.0
667,Nutrameal White Cowpeas 1Kg,Pack size : 1Kg,KES260.00(Inc. VAT),Average Nutritional Value As Per 100g,366kcal,1405kJ,24g,60g,,1.3g,,,White Cowpeas,Solid,Food,,,,,478.0,Ready to use,115.0
668,Nutrameal Makueni Green Grams 1Kg,Pack size : 1Kg,KES253.00(Inc. VAT),,,,,,,,,,,,,,,,,479.0,,116.0
669,Nutrameal Masoor Dal 1kg,Pack size : 1Kg,KES450.00(Inc. VAT),,,,,,,,,,,,,,,,,480.0,,117.0
670,Pearl Njahi Black Beans 1Kg,Pack size : 1kg,KES270.00(Inc. VAT),,,,,,,,,,,,,,,,,481.0,,118.0
671,Santa Lucia Spirali Pasta 500g,Pack size : 500g,,Average Nutritional Value As Per 100g,350kcal,1464.4kJ,12g,72g,1g,1g,3g,,Pasta,Solid,Food,,,,,482.0,,119.0
672,Amana Nyayo Beans 1Kg,Pack size : 1kg,KES235.00(Inc. VAT),Average Nutritional Value As Per 100g,347kcal,1451.848kJ,23g,62g,,,16g,15mg,Nyayo Beans,Solid,Food,,,,,483.0,,120.0
673,Daawat Pulses Green Grams 500g,Pack size : 500g,KES100.00(Inc. VAT),,,,,,,,,,,,,,,,,484.0,,121.0
674,Santa Lucia Elbow Pasta 500g,Pack size : 500g,,Average Nutritional Value As Per 100g,350kcal,1464.4kJ,12g,73g,,1g,,,Pasta,Solid,Food,,,,,485.0,,122.0
675,Malbros Daawat Aromatic Rice 2Kg,Pack size : 2Kg,KES639.00(Inc. VAT),Average Nutritional Value As Per 45g,165kcal,690kJ,4g,36g,,,,,Rice,Solid,Food,,,,,486.0,Ready to use,123.0
676,Wnnies Pur Health Aromatic Pishori Brown Rice 1Kg,Pack size : 1Kg,KES375.00(Inc. VAT),Average Nutritional Value As Per 100g,336kcal,1405kJ,9.1g,77.6g,,1.6g,2.5g,2.99mg,Rice,Solid,Food,,,,,487.0,,124.0
677,Malbros Daawat Long Grain Rice 2Kg,Pack size : 2Kg,KES324.00(Inc. VAT),Average Nutritional Value As Per 158g,205kcal,857kJ,4.3g,45g,0.1g,0.4g,0.6g,1.6mg,Rice,Solid,Food,,,,,488.0,Ready to use,125.0
678,Butterfly Grains Polished Green Grams 500g,Pack size : 500g,KES113.00(Inc. VAT),,,,,,,,,,,,,,,,,489.0,,126.0
679,Chia organic Premium Seed Black 150G,Pack size : 150G,KES199.00(Inc. VAT),Average Nutritional Value As Per 100g,138,1870kJ,4g,12g,1g,9g,11g,1mg,Chia Seed,Solid,Food,,,,,490.0,,127.0
680,Daawat Basmati Rice 1Kg,Pack size : 1Kg,KES368.00(Inc. VAT),Average Nutritional Value As Per 100g,365kcal,1527kJ,7.1g,80g,,0.7g,1.8g,0.54mg,Rice,Solid,Food,,,,,491.0,,128.0
681,De Cecco Fusilli Pasta 500g,Pack size : 500g,KES695.00(Inc. VAT),Average Nutritional Value As Per 100g,351kcal,1468.58kJ,14g,69g,3g,1g,,,Pasta,Solid,Food,,,,,492.0,,129.0
682,Granoro N. 27 Penne Classic Pasta 500g,Pack size : 500g,KES350.00(Inc. VAT),Average Nutritional Value As Per 100g,355kcal,1485kJ,13g,71g,3g,1.5g,3g,,Pasta,Solid,Food,,,0g,,493.0,,130.0
683,Barilla Fettuccine Pasta 500g,Pack size : 500g,KES1100.00(Inc. VAT),Average Nutritional Value As Per 100g,359kcal,1502.06kJ,12g,71g,,2g,,13mg,Pasta,Solid,Food,,,,,494.0,,131.0
684,Godson Organics Sesame Seeds 150G,Pack size : 150G,KES199.00(Inc. VAT),Average Nutritional Value As Per 100g,138,2631.73kJ,4g,12g,,9g,11g,,Sesame Seeds,Solid,Food,,,,,495.0,,132.0
685,Riscossa 25 Penne Zito Rigate Pasta 500g,Pack size : 500g,KES380.00(Inc. VAT),Average Nutritional Value As Per 100g,355kcal,1485.32kJ,12g,75g,,1g,,,Pasta,Solid,Food,,,,,496.0,,133.0
686,Santa Lucia Tortgillion Pasta 500g,Pack size : 500g,,Average Nutritional Value As Per 100g,357kcal,1493.69kJ,12g,75g,,1g,,,Pasta,Solid,Food,,,,,497.0,,134.0
687,Carrefour Nyayo Beans 1Kg,,KES289.00(Inc. VAT),,,,,,,,,,,,,,,,,498.0,,135.0
688,Butterfly Lentils Split Mung Dal 1Kg,Pack size : 1Kg,KES237.00(Inc. VAT),,,,,,,,,,,,,,,,,499.0,,136.0
689,CIL Long Grain Blended Rice 1Kg,Pack size : 1kg,KES165.00(Inc. VAT),Average Nutritional Value As Per 45g,162kcal,669kJ,3g,35g,1g,,,,Blended Rice,Solid,Food,,,,,500.0,,137.0
690,Butterfly Cow Peas Red Chora 1Kg,Pack size : 1Kg,KES249.00(Inc. VAT),Average Nutritional Value As Per 100g,355kcal,1485.32kJ,21g,62g,,2g,,,Cow Peas Red Chora,Solid,Food,,,,,501.0,,138.0
691,Butterfly Standard Spaghetti 400g,Pack size : 400g,KES233.00(Inc. VAT),Average Nutritional Value As Per 100g,354kcal,1481.136kJ,11g,73g,3g,1g,2g,1mg,Spaghetti,Solid,Food,,,,,502.0,,139.0
692,Pearl Imported Popcorn Kernels 1Kg,Pack size : 1kg,KES389.00(Inc. VAT),,,,,,,,,,,,,,,,,503.0,,140.0
693,Pearl Imported Popcorn Kernels 1Kg,Pack size : 1kg,KES389.00(Inc. VAT),,,,,,,,,,,,,,,,,504.0,,141.0
694,Butterfly Washed Toor Dal 1Kg,Pack size : 1Kg,KES415.00(Inc. VAT),Average Nutritional Value As Per 35g,120kcal,502kJ,8g,22g,1g,0.5g,6g,30mg,Toor Dal,Solid,Food,,,,,505.0,Ready to use,142.0
695,BUTTERFLY NYOTA BEANS 1KG,Pack size : 1kg,KES298.00(Inc. VAT),,,,,,,,,,,solid,,,,,,506.0,,143.0
696,Amana Njahi Black Beans 1Kg,Pack size : 1Kg,KES238.00(Inc. VAT),,,,,,,,,,,,,,,,,507.0,,144.0
697,Granoro Canneroni No. 21 Pasta 500g,Pack size : 500g,KES350.00(Inc. VAT),Average Nutritional Value As Per 100g,355Kcal,1507kJ,13g,71g,3g,1.50g,3g,0mg,Pasta,Solid,,,,,,508.0,,145.0
698,Nutrameal Red Cowpeas 1Kg,Pack size : 1Kg,KES245.00(Inc. VAT),Average Nutritional Value As Per 100g,336kcal,1405kJ,23g,60g,6.9g,1.26g,10.6g,16mg,Red Cowpeas,Solid,Food,,,,,509.0,Ready to use,146.0
699,Butterfly Lentils Oily Toor Dal 1Kg,Pack size : 1Kg,KES415.00(Inc. VAT),Average Nutritional Value As Per 35g,120kcal,502kJ,8g,22g,1g,0.5g,6g,30mg,Oily Toor Dal,Solid,Food,,,,,510.0,Ready to use,147.0
700,BUTTERFLY GREEN GRAM MUNGDAL 1KG,Pack size : 1Kg,KES259.00(Inc. VAT),,,,,,,,,,,,,,,,,511.0,,148.0
701,Amana Premium Basmati Rice 2Kg,Pack size : 2Kg,KES680.00(Inc. VAT),Average Nutritional Value As Per 100g,350kcal,1464kJ,8.8g,78g,,,1.6g,1.7mg,Rice,Solid,Food,,,,,512.0,,149.0
702,ASANTA GREEN LENTILS 250G,Pack size : 250g,KES106.00(Inc. VAT),Average Nutritional Value As Per 100g,116kcal,485.34kJ,20g,50g,0g,0.4g,8g,2mg,Green Lentils,Solid,Food,Green Lentils,,,,513.0,,150.0
703,De Cecco No.12 Spaghetti 500g,Pack size : 500g,KES695.00(Inc. VAT),Average Nutritional Value As Per 100g,351kcal,1468.584kJ,14g,69g,3.4g,1.5g,2.9g,,Spaghetti,Solid,Food,,,,,514.0,,151.0
704,Barilla N.3 Spaghettini Pasta 500g,Pack size : 500g,KES717.00(Inc. VAT),Average Nutritional Value As Per 100g,364kcal,1522.976kJ,12.8g,70.9g,3.5g,2g,3g,5mg,Spaghettini Pasta,Solid,Food,,,,,515.0,,152.0
705,Butterfly Vermicelli Pasta 500g,Pack size : 500g,KES230.00(Inc. VAT),,73g,,351kcal,Average Nutritional Value As Per 100g,,3mg,,,Food,,13g,1468.58kJ,Solid,,,516.0,,153.0
706,Butterfly Green Lentils 1Kg,Pack size : 1Kg,KES460.00(Inc. VAT),Average Nutritional Value As Per 45g,160kcal,669kJ,11g,29g,1g,,5g,,Green Lentils,Solid,Food,,,,,517.0,Ready to use,154.0
707,Butterfly Pulses Yellow Kidney Beans 500g,,KES161.00(Inc. VAT),,,,,,,,,,,,,,,,,518.0,,155.0
708,Nutrameal Washed Urad Dal 1Kg,Pack size : 1Kg,KES460.00(Inc. VAT),,,,,,,,,,,,,,,,,519.0,,156.0
709,RISCOSSA PASTA 55 FAGIOLINI 500G,,KES380.00(Inc. VAT),,,,,,,,,,,,,,,,,520.0,,157.0
710,Daawat Deli Basmati Rice 5Kg,Pack size : 5Kg,KES1665.00(Inc. VAT),Average Nutritional Value As Per 100g,348kcal,1456kJ,8.2g,78g,,0.5g,1.8g,0.75mg,Rice,Solid,Food,,,,,521.0,,158.0
711,Butterfly Pulses Dried Green Peas 1Kg,Pack size : 1Kg,KES270.00(Inc. VAT),Average Nutritional Value As Per 100g,442kcal,1849kJ,19g,60g,5g,13g,,621mg,Dried Green Peas,Solid,Food,,,,,522.0,Ready to use,159.0
712,Granoro N. 32 Spirali Classic Pasta 500g,Pack size : 500g,KES350.00(Inc. VAT),Average Nutritional Value As Per 100g,335kcal,1402kJ,13g,71g,3g,1.5g,,,Pasta,Solid,Food,,,,,523.0,,160.0
713,Malbros Daawat Brown Rice 1Kg,Pack size : 1Kg,,Average Nutritional Value As Per 100g,350kcal,1464kJ,9.7g,75g,,2.5g,2.5g,5mg,Rice,Solid,Food,,,,,524.0,Ready to use,161.0
714,Butterfly Vermicelli Pasta 1Kg,Pack size : 1Kg,KES455.00(Inc. VAT),,73g,,351kcal,Average Nutritional Value As Per 100g,,3mg,,,Food,,13g,1468.58kJ,Solid,,,525.0,,162.0
715,GORO NO 100 SPIRALI GRANDI 500G,Pack size : 500g,KES350.00(Inc. VAT),Average Nutritional Value As Per 100g,355kcal,1507kJ,13g,71g,3g,1.5g,,,Pasta,Solid,Food,,,,,526.0,,163.0
716,Pasta Zara Rigatoni No. 43 Macaroni 500g,Pack size : 500g,KES398.00(Inc. VAT),Average Nutritional Value As Per 100g,200kcal,836.8kJ,7g,42g,,1g,,,Rigatoni Macaroni,Solid,Food,,,,,527.0,,164.0
717,Carrefour Pasta Conchigle Rigate 400G,Pack size : 400g,KES185.00(Inc. VAT),Average Nutritional Value As Per 100g,339kcal,1418.3kJ,4g,78g,61g,0g,0g,0mg,Pasta,Solid,Food,,,,,528.0,,165.0
718,Pasta Zara 11 Linguine Pasta 500g,Pack size : 500g,KES375.00(Inc. VAT),Average Nutritional Value As Per 100g,351kcal,1468.58kJ,14g,69g,3g,1g,,,Pasta,Solid,Food,,,,,529.0,,166.0
719,Nutrameal Soya Beans 1Kg,Pack size : 1Kg,KES200.00(Inc. VAT),Average Nutritional Value As Per 100g,172kcal,719kJ,18g,8.4g,3g,9g,6g,1mg,Soya Beans,Solid,Food,,,,,530.0,Ready to use,167.0
720,Barilla Angel Hair No. 1 Pasta 500g,Pack size : 500g,KES717.00(Inc. VAT),Average Nutritional Value As Per 100g,364kcal,1522.976kJ,12.6g,70.9g,3.5g,2g,3g,5mg,Pasta,Solid,Food,,,,,531.0,,168.0
721,Naturalli Bulgar 250g,Pack size : 250g,KES329.00(Inc. VAT),,,,,,,,,,,,,,,,,532.0,,169.0
722,ASANTA GREEN GRAM POLISHED 1KG,Pack size : 1kg,KES207.00(Inc. VAT),,,,,,,,,,,,,,,,,533.0,,170.0
723,Naturalli Couscous 250g,Pack size : 250g,KES399.00(Inc. VAT),Average Nutritional Value As Per 1  Cup,176kcal,736.384kJ,6g,36g,,,2g,8mg,Couscous,Solid,Food,,,,,534.0,,171.0
724,Naturalli Couscous 250g,Pack size : 250g,KES399.00(Inc. VAT),Average Nutritional Value As Per 1  Cup,176kcal,736.384kJ,6g,36g,,,2g,8mg,Couscous,Solid,Food,,,,,535.0,,172.0
725,Ranee Chef39s Special Parboiled Basmati Rice 5Kg,Pack size : 5kg,KES1725.00(Inc. VAT),Average Nutritional Value As Per 100g,357kcal,1493kJ,8.6g,79g,,0.9g,1.8g,4.1mg,Rice,Solid,Food,,,,,536.0,Ready to use,173.0
726,Butterfly Pulses Kenyan Kidney Beans 1Kg,Pack size : 1Kg,KES290.00(Inc. VAT),Average Nutritional Value As Per 100g,333kcal,1393kJ,24g,60g,2.2g,0.8g,25g,24mg,Kidney Beans,Solid,Food,,,,,537.0,Ready to use,174.0
727,Nutrameal Brown Roscoco Beans 1Kg,Pack size : 1Kg,KES324.00(Inc. VAT),Average Nutritional Value As Per 100g,362kcal,1514kJ,18g,63g,5g,1g,,20mg,Roscoco Beans,Solid,Food,,,,,538.0,Ready to use,175.0
728,Nutrameal Wairimu Beans 1Kg,Pack size : 1Kg,KES220.00(Inc. VAT),Average Nutritional Value As Per 100g,341kcal,1426.744kJ,22g,62g,2.1g,1.4g,16g,5mg,Wairimu Beans,Solid,Food,,,,,539.0,,176.0
729,Carrefour Ready Meal Beef Ravioli 400g,Pack size : 400g,KES899.00(Inc. VAT),Average Nutritional Value As Per 100g,87kcal,364.008kJ,4.2g,,,,1.8g,,Ravioli,Solid,Food,,,,,540.0,,177.0
730,Ranee Everyday Long Grain Rice 2Kg,Pack size : 2kg,KES339.00(Inc. VAT),Average Nutritional Value As Per 100g,130kcal,543kJ,2.7g,28g,0.1g,0.3g,0.4g,1mg,Rice,Solid,Food,,,,,541.0,Ready to use,178.0
731,Mutlu Cous Cous 500g,Pack size : 500g,KES325.00(Inc. VAT),Average Nutritional Value As Per 100g,369kcal,1543.896kJ,1.3g,27g,3g,2g,3.4g,0.4mg,Cous Cous,Solid,Food,,,,,542.0,,179.0
732,Guru Pishori Basmati Rice 5Kg,Pack size : 5Kg,KES1400.00(Inc. VAT),Average Nutritional Value As Per 100g,180kcal,7531kJ,6g,57g,,0.5g,1.8g,0.32mg,Rice,Solid,Food,,,,,543.0,,180.0
733,Butterfly Standard Spaghetti Pasta 400g,Pack size : 400g,KES86.00(Inc. VAT),,71g,,367kcal,Average Nutritional Value As Per 100g,,,,,Food,,13g,1535.53kJ,Solid,,,544.0,,181.0
734,Santa Lucia Ditali Pasta 500g,Pack size : 500g,,Average Nutritional Value As Per 50g,177kcal,740.568kJ,6g,37g,,,,,Pasta,Solid,Food,,,,,545.0,,182.0
735,DE CECCO PASTA ALFABETO 500G,,KES695.00(Inc. VAT),,,,,,,,,,,,,,,,,546.0,,183.0
736,Pasta Zara 3 Spaghetti 500g,Pack size : 500g,KES375.00(Inc. VAT),Average Nutritional Value As Per 100g,351kcal,1468.584kJ,14g,69g,3.4g,1.5g,2.9g,,Spaghetti,Solid,Food,,,,,547.0,,184.0
737,Pasta Zara 57 Spirali Pasta 500g,Pack size : 500g,KES398.00(Inc. VAT),Average Nutritional Value As Per 100g,350kcal,1464.4kJ,12g,72g,1g,1g,3g,,Pasta,Solid,Food,,,,,548.0,,185.0
738,Ranee Long Grain Biryani Rice 2Kg,Pack size : 2kg,KES505.00(Inc. VAT),Average Nutritional Value As Per 100g,350kcal,1464kJ,8.8g,78g,,0.47g,1.6g,1.7mg,Rice,Solid,Food,,,,,549.0,Ready to use,186.0
739,ASANTA POPCORN SEEDS 500G,Pack size : 500g,KES196.00(Inc. VAT),Average Nutritional Value As Per 100g,382kcal,1598.29kJ,12g,78g,0g,4g,15g,4mg,Popcorn Seeds,Solid,Food,Popcorn Seed,,,,550.0,,187.0
740,Ranee Everyday Long Grain Rice 1Kg,Pack size : 1kg,KES166.00(Inc. VAT),Average Nutritional Value As Per 100g,130kcal,543kJ,2.7g,28g,0.1g,0.3g,0.4g,1mg,Rice,Solid,Food,,,,,551.0,Ready to use,188.0
741,Daawat Royal Basmati Rice 2Kg,Pack size : 2Kg,,Average Nutritional Value As Per 100g,348kcal,1456kJ,8.2g,78g,,0.5g,1.8g,0.75mg,Rice,Solid,Food,,,,,552.0,,189.0
742,Butterfly Black Gram Urad Dal 1kg,Pack size : 1kg,KES390.00(Inc. VAT),,,,,,,,,,,,,,,,,553.0,,190.0
743,Riscossa 24 Penne Zitoni Pasta 500g,Pack size : 500g,KES380.00(Inc. VAT),Average Nutritional Value As Per 100g,355kcal,1485.32kJ,12g,75g,,1g,,,Pasta,Solid,Food,,,,,554.0,,191.0
744,De Cecco No.23 Tortiglioni Pasta 500g,Pack size : 500g,KES695.00(Inc. VAT),Average Nutritional Value As Per 100g,358kcal,1497.87kJ,14g,72g,3g,1g,,,Pasta,Solid,Food,,,,,555.0,,192.0
745,Santa Maria Spaghetti Green 400G,,KES109.00(Inc. VAT),,,,,,,,,,,,,,,,,556.0,,193.0
746,Ranee Classic Basmati Rice 1Kg,Pack size : 1kg,KES330.00(Inc. VAT),,77g,,344kcal,Average Nutritional Value As Per 100g,1.4g,0.1mg,,,Food,,6.7g,1439kJ,Solid,,,557.0,,194.0
747,Granoro N. 13 Spaghetti Vermicelli Classic Pasta 500g,Pack size : 500g,KES350.00(Inc. VAT),Average Nutritional Value As Per 100g,355kcal,1507kJ,13g,71g,3g,,3g,,Pasta,Solid,Food,,,0g,,558.0,,195.0
748,Roland Red Andean Quinoa-Pre-Washed 340G,Pack size : 340g,KES1999.00(Inc. VAT),,,,,,,,,,,,,,,,,559.0,,196.0
749,ASANTA YELLOW BEANS 500G,Pack size : 500g,KES152.00(Inc. VAT),Average Nutritional Value As Per 50g,170kcal,711.28kJ,7g,34g,0g,1g,8g,20mg,Yellow Beans,Solid,Food,Yellow Bean,,,,560.0,,197.0
750,Mlogo Gold Basmati rice 5kg,Pack size : 5kg,KES1299.00(Inc. VAT),,,,,,,,,,,,,,,,,561.0,,198.0
751,ASANTA RICE BLENDED 1KG,,KES155.00(Inc. VAT),,,,,,,,,,,,,,,,,562.0,,199.0
752,ASANTA GREEN GRAM POLISHED 250G,Pack size : 250g,KES52.00(Inc. VAT),,,,,,,,,,,,,,,,,563.0,,200.0
753,Butterfly Whole Red Lentils 1Kg,Pack size : 1Kg,KES419.00(Inc. VAT),,,,,,,,,,,,,,,,,564.0,,201.0
754,GORO NO 43 PENNONI RIGATE 500G,Pack size : 500g,KES350.00(Inc. VAT),Average Nutritional Value As Per 100g,355kcal,1487kJ,13g,71g,3g,1.5g,,,Pasta,Solid,Food,,,,,565.0,,202.0
755,BUTTERFLY MUNGDAL OILY G/GRAMS 1KG,Pack size : 1kg,KES317.00(Inc. VAT),,,,,,,,,,,,,,,,,566.0,,203.0
756,Mlogo Diamond Basmati Rice 5kg,Pack size : 5kg,KES1499.00(Inc. VAT),,,,,,,,,,,,,,,,,567.0,,204.0
757,Carrefour Ready Meal Cassoulet 840g,Pack size : 840g,KES1399.00(Inc. VAT),,,,,,,,,,,,,,,,,568.0,,205.0
758,Kings M. R. P. K Grade 1 Premium Mwea Aromatic Pishori Rice 2kg,Pack size : 2kg,KES499.00(Inc. VAT),Average Nutritional Value As Per 100g,349kcal,1460kJ,8g,77g,,,,,,,,,,,,569.0,,206.0
759,Riscossa Creste Di Gallo No. 49 Pasta 500g,Pack size : 500g,KES380.00(Inc. VAT),,,,,,,,,,,,,,,,,570.0,,207.0
760,Butterfly Pulses Red Kidney Beans 1Kg,Pack size : 1Kg,KES310.00(Inc. VAT),Average Nutritional Value As Per 100g,346kcal,1447kJ,22g,60g,,1.3g,4.8g,,Kidney Beans,Solid,Food,,,,,571.0,Ready to use,208.0
761,Carrefour Pasta Ditali Rigati 400G,Pack size : 400g,KES185.00(Inc. VAT),Average Nutritional Value As Per 100g,349kcal,1460.2kJ,0g,0g,0g,1g,0g,0mg,Pasta,Solid,Food,,,,,572.0,,209.0
762,SUNRICE LONG GRAIN 5KG,Pack size : 5kg,KES948.00(Inc. VAT),Average Nutritional Value As Per 100g,354kcal,1966.48kJ,7g,78g,0g,0g,0g,4mg,Rice,Solid,Food,,,,,573.0,,210.0
763,BUTTERFLY GREEN GRAM POLISHED 5 KG,Pack size : 5kg,KES1133.00(Inc. VAT),,,,,,,,,,,,,,,,,574.0,,211.0
764,Sunrice All Day Basmati Rice 2Kg,Pack size : 2Kg,KES697.00(Inc. VAT),Average Nutritional Value As Per 100g,345kcal,1443kJ,6g,78g,,0.5g,0.3g,0.3mg,Rice,Solid,Food,,,,,575.0,,212.0
765,GURU PREMIUM BLEND PISHORI RICE1KG,Pack size : 1kg,KES240.00(Inc. VAT),Average Nutritional Value As Per 100g,349kcal,1425kJ,8g,77g,0g,0g,0g,0mg,Pishori Rice,Solid,Food,,,,,576.0,,213.0
766,ASANTA GREEN GRAM POLISHED 500G,Pack size : 500g,KES104.00(Inc. VAT),,,,,,,,,,,,,,,,,577.0,,214.0
767,Butterfly Spaghetti Pasta 400g,Pack size : 400g,KES135.00(Inc. VAT),,73g,,345kcal,Average Nutritional Value As Per 100g,,,,,Food,,11g,1443.48kJ,Solid,,,578.0,,215.0
768,Butterfly Spaghetti Pasta 400g,Pack size : 400g,KES135.00(Inc. VAT),,73g,,345kcal,Average Nutritional Value As Per 100g,,,,,Food,,11g,1443.48kJ,Solid,,,579.0,,216.0
769,Kings Daily Brand Grade 1 Rose Coco Bean 1kg,Pack size : 1kg,KES289.00(Inc. VAT),Average Nutritional Value As Per 100g,362kcal,1514kJ,18g,63g,5g,1g,,20mg,,,,,,,,580.0,,217.0
770,224 PILAU RICE 2KG,Pack size : 2kg,KES495.00(Inc. VAT),Average Nutritional Value As Per 100g,171kcal,715.464kJ,3g,30g,1g,3g,2g,0mg,Rice,Solid,Food,,,,,581.0,,218.0
771,Warda Lasagnes Pasta 500g,,KES445.00(Inc. VAT),Average Nutritional Value As Per 100g,355kcal,1485kJ,12.5g,73g,,1.9g,1.15g,,Lasagnes Pasta,Solid,Food,,,,,582.0,,219.0
772,Nutrameal Split Urad Dal 1Kg,Pack size : 1Kg,KES435.00(Inc. VAT),,,,,,,,,,,,,,,,,583.0,,220.0
773,Butterfly Long Grain Kenya Pishori Rice 5Kg,Pack size : 5Kg,KES1359.00(Inc. VAT),Average Nutritional Value As Per 45g,150kcal,60kJ,3.9g,,,0.2g,0.2g,,Pishori Rice,Solid,Food,,,,,584.0,Ready to use,221.0
774,Pasta Zara Spiral Piccole Pasta 500g,Pack size : 500g,KES398.00(Inc. VAT),Average Nutritional Value As Per 100g,198kcal,828kJ,23g,62g,,2.5g,,3.1mg,Pasta,Solid,,,,,,585.0,,222.0
775,Eva Green Gram Premium,,KES320.00/Kg(Inc. VAT),,,,,,,,,,,,,,No Additives,,,586.0,,223.0
776,Carrefour Ready Meal Bourguignon Beef 400g,Pack size : 400g,KES1399.00(Inc. VAT),,,,,,,,,,,,,,,,,587.0,,224.0
777,Pasta Zara Farfalle No. 31 Macaroni 500g,Pack size : 500g,KES430.00(Inc. VAT),Average Nutritional Value As Per 100g,350kcal,1464.4kJ,35g,27g,,1.2g,,,Farfalle Macaroni,Solid,Food,,,3.2g,,588.0,,225.0
778,Nutrameal Nyayo Beans 5Kg,Pack size : 5Kg,KES1300.00(Inc. VAT),Average Nutritional Value As Per 100g,346kcal,1447kJ,22g,60g,,1.3g,4.8g,,Nyayo Beans,Solid,Food,,,,,589.0,Ready to use,226.0
779,Kings Daily Brand Pishori Basmati Rice 1kg,Pack size : 1kg,KES219.00(Inc. VAT),Average Nutritional Value As Per 100g,360kcal,1506kJ,8g,79g,,,,100mg,,,,,,,,590.0,,227.0
780,Ranee Classic Basmati Rice 2Kg,Pack size : 2kg,KES656.00(Inc. VAT),,77g,,344kcal,Average Nutritional Value As Per 100g,1.4g,0.1mg,,,Food,,6.7g,1439kJ,Solid,,,591.0,,228.0
781,224 Superior Quality Long Grain Rice 2Kg,Pack size : 2Kg,KES311.00(Inc. VAT),Average Nutritional Value As Per 45g,165kcal,690kJ,4g,36g,,,,,Rice,Solid,Food,,,,,592.0,Ready to use,229.0
782,Royal Macaroni Penne Rigate Pasta 400g,Pack size : 400g,KES139.00(Inc. VAT),Average Nutritional Value As Per 100g,45kcal,188.28kJ,1g,10g,16g,,1g,10mg,Pasta,Solid,Food,,,,,593.0,,230.0
783,Butterfly Black Gram Split 1kg,Pack size : 1Kg,KES443.00(Inc. VAT),,,,,,,,,,,,,,,,,594.0,,231.0
784,Guru Aromatic Biryani Rice 5Kg,Pack size : 5Kg,KES1200.00(Inc. VAT),Average Nutritional Value As Per 100g,357kcal,1493kJ,8.6g,79g,,0.9g,1.3g,4.1mg,Biryani Rice,Solid,Food,,,,,595.0,,232.0
785,Sunrice All Day Basmati Rice 5Kg,Pack size : 5Kg,KES1717.00(Inc. VAT),Average Nutritional Value As Per 100g,345kcal,1443kJ,6g,78g,,0.5g,0.3g,0.3mg,Rice,Solid,Food,,,,,596.0,,233.0
786,Eva Pop Corn Kernels,,KES425.00/Kg(Inc. VAT),,,,,,,,,,,,,,No Additives,,,597.0,,234.0
787,De Cecco Integrale Linguine Pasta 500g,Pack size : 500g,KES795.00(Inc. VAT),Average Nutritional Value As Per 100g,343kcal,1453kJ,15g,61g,2.4g,2.5g,,,Pasta,Solid,Food,,,,,598.0,,235.0
788,Butterfly Grains Yellow Gram Chanadal 1Kg,Pack size : 1Kg,KES250.00(Inc. VAT),,,,,,,,,,,,,,,,,599.0,,236.0
789,BUTTERFLY RICE KENYAN PISHORI 2KG,Pack size : 2kg,KES544.00(Inc. VAT),Average Nutritional Value As Per 100g,349kcal,1460.216kJ,8g,77g,,0g,0g,0mg,Rice,Solid,Food,,,,,600.0,,237.0
790,Naturalli Pearl Barley Grain 250g,Pack size : 250g,KES199.00(Inc. VAT),,,,,,,,,,,,,,,,,601.0,,238.0
791,EXPLORE G/F CHICKPEA FUSILLI 250G,,KES999.00(Inc. VAT),,,,,,,,,,,,,,,,,602.0,,239.0
792,Pasta Zara 49 Penne Rigate Pasta 500g,Pack size : 500g,KES398.00(Inc. VAT),Average Nutritional Value As Per 100g,350kcal,1464.4kJ,12g,73g,,1g,,,Pasta,Solid,Food,,,,,603.0,,240.0
793,Nutrameal Polished Green Grams 5Kg,Pack size : 5Kg,KES1120.00(Inc. VAT),,,,,,,,,,,,,,,,,604.0,,241.0
794,Pasta Zara Gnocchi Pasta 500g,Pack size : 500g,KES398.00(Inc. VAT),Average Nutritional Value As Per 100g,280kcal,1186kJ,80g,57g,,0.9g,2.8g,,Pasta,Solid,,,,,,605.0,,242.0
795,Riscossa Canneroni Rigati No. 21 Pasta 500g,Pack size : 500g,KES380.00(Inc. VAT),,,,,,,,,,,,,,,,,606.0,,243.0
796,ASANTA RICE LONG GRAIN 2KG,,KES373.00(Inc. VAT),,,,,,,,,,,,,,,,,607.0,,244.0
797,Kings Daily Brand Njahi Beans 1Kg,Pack size : 1kg,KES239.00(Inc. VAT),Average Nutritional Value As Per 1 Cup,148kcal,619.23kJ,7g,10g,,10g,,753mg,Black Beans,Solid,Food,,,,,608.0,,245.0
798,Amana Basmati Rice 5Kg,Pack size : 5Kg,KES1648.00(Inc. VAT),Average Nutritional Value As Per 100g,365kcal,1527kJ,7.1g,80g,,0.7g,1.8g,0.54mg,Rice,Solid,Food,,,,,609.0,,246.0
799,Nutrameal Whole Wheat 1Kg,Pack size : 1Kg,KES140.00(Inc. VAT),,,,,,,,,,,,,,,,,610.0,,247.0
800,BUTTERFLY RICE BASMATI PREMIUM 1KG,Pack size : 1kg,KES375.00(Inc. VAT),Average Nutritional Value As Per 100g,375kcal,1569kJ,8g,79g,,0g,0g,0mg,Rice,Solid,Food,,,,,611.0,,248.0
801,Granoro il Primo Cannelloni Pasta 250g,Pack size : 250g,KES391.00(Inc. VAT),Average Nutritional Value As Per 100g,322kcal,1347.25kJ,11g,60g,2g,2g,,,Pasta,Solid,Food,,,,,612.0,,249.0
802,L'Epi D'Or Babboucha Shell Pasta 250g,,KES340.00(Inc. VAT),Average Nutritional Value As Per 100g,355kcal,1485.32kJ,12.5g,73g,,,1.15g,,Shell Pasta,Solid,Food,,,,,613.0,,250.0
803,Sunrice Thai Jasmine 1Kg,,KES403.00(Inc. VAT),,,,,,,,,,,,,,,,,614.0,,251.0
804,L'Epi D'Or Coquillettes Shell Pasta 500g,,KES275.00(Inc. VAT),Average Nutritional Value As Per 100g,355Kcal,1485.32kJ,12.5g,73g,,,1.15g,,Shell Pasta,Solid,Food,,,,,615.0,,252.0
805,Guru Special Basmati Rice 1Kg,Pack size : 1Kg,KES350.00(Inc. VAT),Average Nutritional Value As Per 100g,365kcal,1527kJ,7.1g,80g,,0.7g,1.8g,0.54mg,Rice,Solid,Food,,,,,616.0,,253.0
806,Chia organic White Chia Seed 250G,Pack size : 250G,KES439.00(Inc. VAT),Average Nutritional Value As Per 100g,138,1870kJ,4g,12g,1g,9g,11g,1mg,Chia Seed,Solid,Food,,,,,617.0,,254.0
807,Chia organic White Chia Seed 250G,Pack size : 250G,KES439.00(Inc. VAT),Average Nutritional Value As Per 100g,138,1870kJ,4g,12g,1g,9g,11g,1mg,Chia Seed,Solid,Food,,,,,618.0,,255.0
808,Daawat Deli Basmati Rice 1kg,Pack size : 1kg,KES338.00(Inc. VAT),Average Nutritional Value As Per 100g,356kcal,1489.5kJ,8g,76g,0g,1g,0g,0mg,Rice,Solid,Food,,,,,619.0,,256.0
809,Argus Green Grams 25Ogms,Pack size : 250g,KES56.00(Inc. VAT),,,,,,,,,,,,,,,,,620.0,,257.0
810,ASANTA RICE BLENDED 2KG,,KES306.00(Inc. VAT),,,,,,,,,,,,,,,,,621.0,,258.0
811,Butterfly Gold Basmati Rice 2Kg,Pack size : 2Kg,KES754.00(Inc. VAT),Average Nutritional Value As Per 100g,348kcal,1456kJ,8.2g,78g,,0.5g,1.8g,0.75mg,Rice,Solid,Food,,,,,622.0,,259.0
812,Nutrameal Polished Green Gram 500g,Pack size : 500g,KES112.00(Inc. VAT),,,,,,,,,,,,,,,,,623.0,,260.0
813,Kings Daily Brand Pishori Basmati Rice 2kg,Pack size : 2kg,KES439.00(Inc. VAT),Average Nutritional Value As Per 100g,360kcal,1506kJ,8g,79g,,,,100mg,,,,,,,,624.0,,261.0
814,BUTTERFLY RICE - LONG GRAIN 1KG,Pack size : 1kg,KES192.00(Inc. VAT),Average Nutritional Value As Per 75g,261kcal,1092.024kJ,5g,56g,0g,0g,1g,0mg,Rice,Solid,Food,,,,,625.0,,262.0
815,Carrefour Green Lentils 500G,Pack size : 500g,KES799.00(Inc. VAT),,,,,,,,,,,,,,,,"Protein, Fiber, Iron",626.0,,263.0
816,Argus Popcorn Imported 250Gms,Pack size : 250g,KES106.00(Inc. VAT),,,,,,,,,,,,,,,,,627.0,,264.0
817,Nutrameal Sunflower Seeds 500g,Pack size : 500g,KES150.00(Inc. VAT),Average Nutritional Value As Per 100g,584kcal,2443.456kJ,20g,20g,2g,51g,8g,9mg,Sunflower Seeds,Solid,Food,,,,,628.0,,265.0
818,SANTA MARIA PIPE RIGATE PASTA400G,,KES189.00(Inc. VAT),,,,,,,,,,,,,,,,,629.0,,266.0
819,Granoro N.41 Gomiti Dedicato Pasta 500g,Pack size : 500g,KES525.00(Inc. VAT),Average Nutritional Value As Per 100g,335kcal,1507kJ,13g,71g,3g,1.5g,3g,,Pasta,Solid,Food,,,0.33g,,630.0,,267.0
820,Argus Green Grams 500Gms,Pack size : 500g,KES106.00(Inc. VAT),,,,,,,,,,,,,,,,,631.0,,268.0
821,Pasta Zara Chiffer Rigati Pasta 500g,Pack size : 500g,KES398.00(Inc. VAT),Average Nutritional Value As Per 100g,350kcal,146kJ,12g,71g,,1.2g,,3.7mg,Pasta,Solid,,,,,,632.0,,269.0
822,224 Aromatic Rice 1Kg,Pack size : 1Kg,KES244.00(Inc. VAT),,,,,,,,,,,,,,,,,633.0,,270.0
823,Guru Long Grain White Rice 2Kg,Pack size : 2Kg,KES320.00(Inc. VAT),Average Nutritional Value As Per 100g,158kcal,663kJ,3g,36g,,0.2g,2g,4mg,Rice,Solid,Food,,,,,634.0,,271.0
824,S&S Premium Basmati Rice 2Kg,Pack size : 2Kg,KES710.00(Inc. VAT),Average Nutritional Value As Per 100g,350kcal,1464kJ,8.8g,78g,,,1.6g,1.7mg,Rice,Solid,Food,,,,,635.0,,272.0
825,Pasta Zara 50 Pennoni Rigati Pasta 500g,Pack size : 500g,KES398.00(Inc. VAT),Average Nutritional Value As Per 100g,350kcal,1464.4kJ,12g,73g,,1g,,,Pasta,Solid,Food,,,,,636.0,,273.0
826,Butterfly Premium Basmati Rice 2Kg,Pack size : 2Kg,KES743.00(Inc. VAT),Average Nutritional Value As Per 100g,350kcal,1464kJ,8.8g,78g,,,1.8g,1.7mg,Rice,Solid,Food,,,,,637.0,,274.0
827,Ranee Premium Spaghetti Pasta 400G,Pack size : 400g,KES140.00(Inc. VAT),Average Nutritional Value As Per 100g,345kcal,1443.48kJ,11g,73g,0g,0g,0g,,Pasta,Solid,Food,,,,,638.0,,275.0
828,BUTTERFLY RICE - LONG GRAIN 2KG,Pack size : 2kg,KES380.00(Inc. VAT),Average Nutritional Value As Per 75g,261kcal,1092.024kJ,5g,56g,0g,0g,1g,0mg,Rice,Solid,Food,,,,,639.0,,276.0
829,Amana Premium Pishori Rice 1Kg,Pack size : 1Kg,KES303.00(Inc. VAT),Average Nutritional Value As Per 100g,351kcal,1491kJ,7.8g,77.7g,0.5g,0.8g,1.0g,,Pishori Rice,Solid,Food,,,,,640.0,Ready to use,277.0
830,L'Epi D'Or No.2 Noodles 500g,,KES249.00(Inc. VAT),Average Nutritional Value As Per 100g,355kcal,1485.32kJ,12.5g,73g,,,1.15g,,Noodles,Solid,Food,,,,,641.0,,278.0
831,Argus Popcorn Imported 500Gms,Pack size : 500g,KES214.00(Inc. VAT),,,,,,,,,,,,,,,,,642.0,,279.0
832,ASANTA RICE LONG GRAIN 1KG,,KES186.00(Inc. VAT),,,,,,,,,,,,,,,,,643.0,,280.0
833,Guru Premium Blended Varity Pishori Rice 1Kg,Pack size : 1Kg,KES285.00(Inc. VAT),Average Nutritional Value As Per 100g,349kcal,1425kJ,8g,77g,0g,0g,0g,0mg,Pishori Rice,Solid,Food,,,,,644.0,,281.0
834,Guru Aromatic Biryani Rice 2Kg,Pack size : 2Kg,KES480.00(Inc. VAT),Average Nutritional Value As Per 100g,357kcal,1493kJ,8.6g,79g,,0.9g,1.3g,4.1mg,Rice,Solid,Food,,,,,645.0,,282.0
835,224 PILAU RICE 1KG,Pack size : 1kg,KES248.00(Inc. VAT),Average Nutritional Value As Per 100g,171kcal,715.464kJ,3g,30g,1g,3g,2g,0mg,Rice,Solid,Food,,,,,646.0,,283.0
836,Carrefour Beef Chili Con Carne Ready Meal 350g,Pack size : 350g,KES949.00(Inc. VAT),Average Nutritional Value As Per 100g,114kcal,476kJ,6.9g,12g,1.6g,3.3g,4.1g,,Con Carne Ready Meal,Solid,Food,Beef,,,,647.0,,284.0
837,Real Aromatic Pishori Basmati Rice 1kg,Pack size : 1kg,KES236.00(Inc. VAT),Average Nutritional Value As Per 100g,670kcal,2803.28kJ,14g,150g,0g,3g,0g,0g,Basmati Rice,,Food,,,,,648.0,,285.0
838,Pasta Zara 53 Lumaconi Rigati Pasta 500g,Pack size : 500g,KES398.00(Inc. VAT),Average Nutritional Value As Per 100g,358kcal,1497.872kJ,13g,71g,,1g,,,Pasta,Solid,Food,,,,,649.0,,286.0
839,Kings Daily Brand Nyayo Beans 1Kg,Pack size : 1Kg,KES279.00(Inc. VAT),Average Nutritional Value As Per 1  Cup,148kcal,619.232kJ,7g,10g,,10g,,753mg,Nyayo Beans,Solid,Food,,,,,650.0,,287.0
840,Kings S & S Long Grain Rice 2kg,Pack size : 2kg,KES342.00(Inc. VAT),Average Nutritional Value As Per 100g,205kcal,857kJ,4g,44g,,,,2mg,,,,,,,,651.0,,288.0
841,Guru Parboiled Rice 1Kg,Pack size : 1Kg,KES228.00(Inc. VAT),Average Nutritional Value As Per 100g,347kcal,1451kJ,9g,78g,,1g,,,Rice,Solid,Food,,,,,652.0,,289.0
842,Sesame Seeds,,KES130.00/100g(Inc. VAT),Average Nutritional Value As Per 1teaspoon,16kcal,66.944kJ,,,,1g,,1mmg,Sesame Seeds,Solid,Food,,No Additives,,,653.0,,290.0
843,Sunrice Mwea Pishori Rice 2Kg,Pack size : 2Kg,KES599.00(Inc. VAT),Average Nutritional Value As Per 100g,351kcal,1491kJ,7.8g,77.7g,0.5g,0.8g,1.0g,,Pishori Rice,Solid,Food,,,,,654.0,Ready to use,291.0
844,Carrefour Couscous Thin Semoulina 500g,Pack size : 500g,KES599.00(Inc. VAT),Average Nutritional Value As Per 100g,350kcal,1482kJ,12g,70g,3g,1.5g,4g,4mg,Semolina,Solid,Food,,,,,655.0,,292.0
845,Nutrameal Split Moongdal 1Kg,Pack size : 1Kg,KES235.00(Inc. VAT),,,,,,,,,,,,,,,,,656.0,,293.0
846,Butterfly Lentils Split Mung Dal 500g,Pack size : 500g,KES121.00(Inc. VAT),,,,,,,,,,,,,,,,,657.0,,294.0
847,Carrefour Pasta Risetti 400G,Pack size : 400g,KES185.00(Inc. VAT),Average Nutritional Value As Per 100g,365kcal,1527.16kJ,13g,72g,3g,2g,3g,5mg,Pasta,Solid,Food,,,,,658.0,,295.0
848,Butterfly Lentils Green Grams Washed Mung Dal 1Kg,Pack size : 1Kg,KES299.00(Inc. VAT),,,,,,,,,,,,,,,,,659.0,,296.0
849,Nutrameal Chana Dal 1Kg,Pack size : 1Kg,KES300.00(Inc. VAT),,,,,,,,,,,,,,,,,660.0,,297.0
850,Amana Premium Pishori Rice 2Kg,Pack size : 2Kg,KES599.00(Inc. VAT),Average Nutritional Value As Per 100g,351kcal,1468kJ,7.8g,77.7g,0.5g,0.8g,1.0g,,Pishori Rice,Solid,Food,,,,,661.0,Ready to use,298.0
851,Barilla N65 Farfalle Durum Wheat Pasta 500g,Pack size : 500g,KES717.00(Inc. VAT),Average Nutritional Value As Per 100g,359kcal,1502.06kJ,12g,71g,3g,2g,,,Pasta,Solid,Food,,,,,662.0,,299.0
852,Ranee Chef39s Special Parboiled Basmati Rice 1Kg,Pack size : 1kg,KES355.00(Inc. VAT),Average Nutritional Value As Per 100g,357kcal,1493kJ,8.6g,79g,,0.9g,1.8g,4.1mg,Rice,Solid,Food,,,,,663.0,Ready to use,300.0
853,Butterfly Lentils Yellow Gram Split And Peeled Chanadal 1Kg,Pack size : 1Kg,KES368.00(Inc. VAT),,,,,,,,,,,,,,,,,664.0,,301.0
854,ASANTA GREEN LENTILS 500G,Pack size : 500g,KES219.00(Inc. VAT),Average Nutritional Value As Per 100g,116kcal,485.34kJ,20g,50g,0g,0.4g,8g,2mg,Green Lentils,Solid,Food,Green Lentils,,,,665.0,,302.0
855,Riscossa 2 Spaghetti Pasta 500g,Pack size : 500g,KES380.00(Inc. VAT),Average Nutritional Value As Per 85g,310kcal,1297.04kJ,11g,63g,3g,1g,,2mg,Pasta,Solid,Food,,,,,666.0,,303.0
856,Carrefour Pasta Tripolini 400G,Pack size : 400g,KES185.00(Inc. VAT),Average Nutritional Value As Per 100g,357kcal,1493.6kJ,12g,75g,1g,0g,3g,2mg,Pasta,Solid,Food,,,,,667.0,,304.0
857,Nutrameal Toor Dal 1kg,Pack size : 1kg,KES390.00(Inc. VAT),,,,,,,,,,,,,,,,,668.0,,305.0
858,Naturalli White Quinoa Grain 750g,Pack size : 750g,KES1499.00(Inc. VAT),,,,,,,,,,,,,,,,,669.0,,306.0
859,Amana Basmati Rice 1Kg,Pack size : 1kg,KES343.00(Inc. VAT),Average Nutritional Value As Per 50g,184kcal,769.856kJ,4g,40g,,,1g,,Basmati Rice,Solid,Food,,,,,670.0,,307.0
860,Novi Black Beans 400G,,KES232.00(Inc. VAT),,,,,,,,,,,,,,,,,671.0,,308.0
861,Pearl Polished Green Grams 500g,Pack size : 500g,KES113.00(Inc. VAT),,,,,,,,,,,,,,,,,672.0,,309.0
862,Carrefour Pasta Vermicelli 400G,Pack size : 400g,KES185.00(Inc. VAT),Average Nutritional Value As Per 100g,354kcal,1481.1kJ,13g,72g,0g,1g,2g,0mg,Pasta,Solid,Food,,,,,673.0,,310.0
863,Eva Pumpkin Seed Kernel,,KES220.00/100g(Inc. VAT),,,,,,,,,,,,,,No Additives,,,674.0,,311.0
864,Nutrameal Split Washed Moong Dal 1Kg,Pack size : 1Kg,KES280.00(Inc. VAT),,,,,,,,,,,,,,,,,675.0,,312.0
865,Butterfly Red Lentil Football 1Kg,Pack size : 1kg,KES428.00(Inc. VAT),,,,,,,,,,,solid,,,,,,676.0,,313.0
866,Guru Premium Blended Pishori Rice 2kg,Pack size : 2kg,KES475.00(Inc. VAT),Average Nutritional Value As Per 100g,349kcal,1425kJ,8g,77g,0g,0g,0g,0mg,Pishori Rice,Solid,Food,,,,,677.0,,314.0
867,Butterfly Pulses Red Haricot Beans 1Kg,Pack size : 1Kg,KES230.00(Inc. VAT),Average Nutritional Value As Per 100g,337kcal,1410kJ,22g,60g,3.88g,1.5g,24g,5mg,Haricot Beans,Solid,Food,,,,,678.0,Ready to use,315.0
868,Santa Maria Grandi Pasta 400G,Pack size : 400g,KES189.00(Inc. VAT),Average Nutritional Value As Per 100g,267kcal,1117.13kJ,10g,32g,,6g,,,Pasta,Solid,Food,,,,,679.0,,316.0
869,Daawat Parboiled Rice 2Kg,Pack size : 2Kg,KES549.00(Inc. VAT),Average Nutritional Value As Per 100g,347kcal,1451kJ,9g,78g,,1g,,,Rice,Solid,Food,,,,,680.0,,317.0
870,DAAWAT BLACK BEANS NJAHI1KG,,KES260.00(Inc. VAT),,,,,,,,,,,,,,,,,681.0,,318.0
871,224 PISHORI RICE 2KG,Pack size : 2kg,KES567.00(Inc. VAT),Average Nutritional Value As Per 100g,349kcal,1460.216kJ,8g,77g,0g,0g,0g,0mg,Rice,Solid,Food,,,,,682.0,,319.0
872,Nutrameal Yellow Grams Chana 1Kg,Pack size : 1Kg,KES245.00(Inc. VAT),Average Nutritional Value As Per 100g,363kcal,1518.792kJ,20g,58g,,5g,,,Yellow Grams Chana,Solid,Food,,,,,683.0,,320.0
873,Malbros Daawat Biryani Rice 1Kg,Pack size : 1Kg,KES248.00(Inc. VAT),Average Nutritional Value As Per 100g,350kcal,1464kJ,8.8g,78g,,0.47g,1.6g,1.7mg,Rice,Solid,Food,,,,,684.0,Ready to use,321.0
874,Guru Parboiled Rice 2Kg,Pack size : 2Kg,KES458.00(Inc. VAT),Average Nutritional Value As Per 100g,347kcal,1451kJ,9g,78g,,1g,,,Rice,Solid,Food,,,,,685.0,,322.0
875,Argus Green Grams 1Kg,Pack size : 1kg,KES200.00(Inc. VAT),,,,,,,,,,,,,,,,,686.0,,323.0
876,Eva Chia Seeds,,KES160.00/100g(Inc. VAT),Average Nutritional Value As Per 100g,490kcal,205kJ,15.6g,43.8g,,30.8g,,,Chia Seeds,Solid,Food,,No Additives,,,687.0,,324.0
877,De Cecco Linguine Pasta 500g,Pack size : 500g,KES695.00(Inc. VAT),Average Nutritional Value As Per 100g,351kcal,1468.58kJ,14g,69g,3g,1g,,,Pasta,Solid,Food,,,,,688.0,,325.0
878,GORO NO 81 TAGLIATELLE 500G,Pack size : 500g,KES589.00(Inc. VAT),Average Nutritional Value As Per 100g,354kcal,1481kJ,7.5g,76.5g,2.5g,1.5g,,,Pasta,Solid,Food,,,,,689.0,,326.0
879,Butterfly Cracked Wheat 1Kg,Pack size : 1Kg,KES195.00(Inc. VAT),,,,,,,,,,,,,,,,,690.0,,327.0
880,Daawat Long Grain Rice 5Kg,Pack size : 5Kg,KES810.00(Inc. VAT),Average Nutritional Value As Per 158g,205kcal,857kJ,4.3g,45g,0.1g,0.4g,0.6g,1.6mg,Rice,Solid,Food,,,,,691.0,Ready to use,328.0
881,Kings M. P. S Grade 1 Mwea Super Basmati Rice 1kg,Pack size : 1kg,KES229.00(Inc. VAT),Average Nutritional Value As Per 100g,346kcal,1447kJ,8g,78g,,,2g,,,,,,,,,692.0,,329.0
882,ROYAL PASTA RIGATONI 400GM,,KES139.00(Inc. VAT),,,,,,,,,,,,,,,,,693.0,,330.0
883,Royal Spaghetti 500g,Pack size : 500g,KES110.00(Inc. VAT),Average Nutritional Value As Per 100g,160kcal,669kJ,36g,2g,5g,,2g,15mg,Spaghetti,Solid,Food,,,,,694.0,,331.0
884,Pasta Zara Tagliatelle All Uovo Pasta 500g,Pack size : 500g,KES520.00(Inc. VAT),Average Nutritional Value As Per 100g,249kcal,104kJ,1g,34g,,2.3g,,19mg,Pasta,Solid,,,,,,695.0,,332.0
885,Pearl Pulses Large Size Whole Masoor Dal 1Kg,Pack size : 1kg,KES455.00(Inc. VAT),,,,,,,,,,,,,,,,,696.0,,333.0
886,ASANTA GREEN LENTILS 1KG,Pack size : 1kg,KES436.00(Inc. VAT),Average Nutritional Value As Per 100g,116kcal,485.34kJ,20g,50g,0g,0.4g,8g,2mg,Green Lentils,Solid,Food,Green Lentils,,,,697.0,,334.0
887,Guru Long Grain White Rice 5Kg,Pack size : 5Kg,KES800.00(Inc. VAT),Average Nutritional Value As Per 100g,158kcal,663kJ,3g,36g,,0.2g,2g,4mg,Rice,Solid,Food,,,,,698.0,,335.0
888,Warda Rose Blanche Couscous Medium 500g,Pack size : 500g,KES295.00(Inc. VAT),Average Nutritional Value As Per 100g,366kcal,1534kJ,12g,72g,,1.5g,,,Couscous,Solid,Food,,,,,699.0,,336.0
889,Kings Daily Brand Grade 1 Polished Green Grams 1kg,Pack size : 1kg,KES169.00(Inc. VAT),Average Nutritional Value As Per 100g,349kcal,1460kJ,25g,59.7g,,,18g,,,,,,,,,700.0,,337.0
890,Kings Daily Brand Grade Mwea Brown Rice 1kg,Pack size : 1kg,KES315.00(Inc. VAT),Average Nutritional Value As Per 100g,362kcal,1514kJ,8g,76g,,3g,3g,4mg,,,,,,,,701.0,,338.0
891,Nutrameal Mwitemania Beans 1Kg,Pack size : 1Kg,KES240.00(Inc. VAT),Average Nutritional Value As Per 100g,337kcal,1410kJ,22g,60g,3.88g,1.5g,24g,5mg,Mwitemania Beans,Solid,Food,,,,,702.0,Ready to use,339.0
892,L'Epi D'Or Lasagne Pasta 500g,,KES440.00(Inc. VAT),Average Nutritional Value As Per 100g,355Kcal,1485.32kJ,12.5g,73g,,,1.15g,,Lasagne Pasta,Solid,Food,,,,,703.0,,340.0
893,Godson Organics Sesame Seeds 250G,Pack size : 250G,KES355.00(Inc. VAT),Average Nutritional Value As Per 100g,138,2631.73kJ,4g,12g,,9g,11g,,Sesame Seeds,Solid,Food,,,,,704.0,,341.0
894,Pearl Pulses Nyayo Beans 1Kg,Pack size : 1kg,KES299.00(Inc. VAT),,,,,,,,,,,,,,,,,705.0,,342.0
895,Nutrameal Golden Grams 1Kg,Pack size : 1Kg,KES150.00(Inc. VAT),Average Nutritional Value As Per 100g,338kcal,1414kJ,25g,61g,,,6g,,Golden Grams,Solid,Food,,,,,706.0,Ready to use,343.0
896,Butterfly Pulses Pinto Beans 1Kg,Pack size : 1Kg,KES242.00(Inc. VAT),Average Nutritional Value As Per 100g,347kcal,1451kJ,21g,63g,2.1g,1.2g,16g,12mg,Pinto Bean,Solid,Food,,,,,707.0,Ready to use,344.0
897,Eva Roasted Salted Pumpkin,,KES2700.00/Kg(Inc. VAT),Average Nutritional Value As Per 100g,522kcal,2184.048kJ,13.43g,1g,32.97g,42.13g,3.9g,18mg,Roasted Salted Pumpkin,Solid,,,,,,708.0,,345.0
898,Riscossa Cannelloni Pasta 250g,Pack size : 250g,KES385.00(Inc. VAT),,,,,,,,,,,,,,,,,709.0,,346.0
899,Kings Daily Brand Grade 1 Lentils Mosoor Whole 1kg,Pack size : 1kg,KES399.00(Inc. VAT),Average Nutritional Value As Per 100g,350kcal,1464kJ,25g,6g,,0.58g,31g,40mg,,,,,,,,710.0,,347.0
900,Eva Yellow Beans,,KES300.00/Kg(Inc. VAT),,,,,,,,,,,,,,No Additives,,,711.0,,348.0
901,Eva Kamande,,KES500.00/Kg(Inc. VAT),,,,,,,,,,,,,,No Additives,,,712.0,,349.0
902,Pearl Yellow Beans 1Kg,Pack size : 1Kg,KES320.00(Inc. VAT),Average Nutritional Value As Per 1  Cup,676kcal,2828.384kJ,43.1g,119g,,5.1g,49.2g,23.5mg,Yellow Beans,Solid,Food,,,,,713.0,,350.0
903,Pasta Zara Macroni Pasta 500g,Pack size : 500g,KES398.00(Inc. VAT),Average Nutritional Value As Per 100g,358kcal,149kJ,10.5g,76.6g,,1g,,6mg,Pasta,Solid,,,,,,714.0,,351.0
904,Butterfly Pulses Kenyan Kidney Nyayo Beans 500g,,KES148.00(Inc. VAT),,,,,,,,,,,,,,,,,715.0,,352.0
905,NUTRAMEAL ROSCOCO WHITE BEANS 1KG,,KES290.00(Inc. VAT),,,,,,,,,,,,,,,,,716.0,,353.0
906,Indian Savoury Methi Puri,,KES139.00/100g(Inc. VAT),Average Nutritional Value As Per 100g,567kcal,2372kJ,6.03g,50.21g,0.84g,37.99g,1.86g,198.2mg,Methi Puri,Solid,Food,,,,,717.0,,354.0
907,Malbros Daawat Long Grain Rice 1Kg,Pack size : 1Kg,KES163.00(Inc. VAT),Average Nutritional Value As Per 158g,205kcal,857kJ,4.3g,45g,0.1g,0.4g,0.6g,1.6mg,Rice,Solid,Food,,,,,718.0,Ready to use,355.0
908,Eva Cake Bereliyan Sprinkles,,KES170.00/100g(Inc. VAT),,,,,,,,,,Bereliyan Sprinkles,Solid,Food,,,,,719.0,,356.0
909,Granoro Pappardelle No. 134 Pasta 500g,Pack size : 500g,KES589.00(Inc. VAT),Average Nutritional Value As Per 100g,355Kcal,1485kJ,14g,69g,5g,1.8g,3.4g,0mg,Pasta,Solid,,,,,,720.0,,357.0
910,Savoury Cassava Crisps,,KES139.00/100g(Inc. VAT),Average Nutritional Value As Per Serving,191kcal,799kJ,1.5g,40g,,3g,2g,,Cassava Crisps,Solid,Food,,,,,721.0,,358.0
911,Santa Maria Spaghetti Pasta 400g,Pack size : 400g,KES455.00(Inc. VAT),Average Nutritional Value As Per 100g,348kcal,1456.03kJ,8.2g,78g,,0.5g,,0.75mg,Pasta,Solid,Food,,,,,722.0,,359.0
912,Barilla Spaghettoni No. 7 Pasta 500g,Pack size : 500g,KES717.00(Inc. VAT),Average Nutritional Value As Per 100g,158kcal,661.072kJ,4g,17g,1g,18g,31g,5mg,Pasta,Solid,Food,,,,,723.0,,360.0
913,Riscossa 1B Spaghetti Pasta 500g,Pack size : 500g,KES380.00(Inc. VAT),Average Nutritional Value As Per 85g,310kcal,1297.04kJ,11g,63g,3g,1g,,2mg,Pasta,Solid,Food,,,,,724.0,,361.0
914,Kings M. R. P. K Grade 1 Pishori Aromatic Basmati Rice 1kg,Pack size : 1kg,KES225.00(Inc. VAT),Average Nutritional Value As Per 100g,349kcal,1460kJ,8g,77g,,,,,,,,,,,,725.0,,362.0
915,Nutcracker Cous Cous 100G,Pack size : 100 g,KES232.00(Inc. VAT),,,,,,,,,,,,,,,,,726.0,,363.0
916,Guru Pure Kenya Pishori Rice 2Kg,Pack size : 2Kg,KES570.00(Inc. VAT),Average Nutritional Value As Per 100g,180kcal,7531kJ,6g,57g,,0.5g,1.8g,0.32mg,Rice,Solid,Food,,,,,727.0,,364.0
917,Kings M. P. S Premium Long Grain Rice 1kg,Pack size : 1kg,KES149.00(Inc. VAT),Average Nutritional Value As Per 100g,205kcal,857kJ,4g,44g,,,,2mg,,,,,,,,728.0,,365.0
918,Butterfly Lentils Black Grams Washed Urad Dal 1Kg,Pack size : 1Kg,KES466.00(Inc. VAT),,,,,,,,,,,,,,,,,729.0,,366.0
919,Butterfly Pulses Njahi Black Beans 500g,,KES138.00(Inc. VAT),,,,,,,,,,,,,,,,,730.0,,367.0
920,Savoury Banana Crisps,,KES139.00/100g(Inc. VAT),Average Nutritional Value As Per 100g,640kcal,,12g,44g,0g,48g,0g,0mg,Banana Crisps,Solid,Food,,,,,731.0,,368.0
921,Kings MRPP Pishori Rice 2Kg,Pack size : 2Kg,KES450.00(Inc. VAT),Average Nutritional Value As Per 100g,348kcal,1456kJ,8.2g,78g,,0.5g,1.9g,0.75mg,Rice,Solid,Food,,,,,732.0,,369.0
922,Nutrameal Semolina Flour 1Kg,Pack size : 1Kg,KES180.00(Inc. VAT),Average Nutritional Value As Per 101g,81kcal,338.904kJ,14g,,,2g,,,Semolina Flour,Powder,Food,,,,,733.0,,370.0
923,Amana Healthy Goodness Long Grain Basmati Rice 2Kg,Pack size : 2Kg,KES342.00(Inc. VAT),Average Nutritional Value As Per 100g,349kcal,1485kJ,8.7g,77.8g,,0.7g,0.8g,,Basmati Rice,Solid,Food,,,,,734.0,,371.0
924,224 PISHORI RICE 5KG,Pack size : 5kg,KES1404.00(Inc. VAT),Average Nutritional Value As Per 100g,349kcal,1460.216kJ,8g,77g,0g,0g,0g,0mg,Rice,Solid,Food,,,,,735.0,,372.0
925,Butterfly Standard Spaghetti Pasta 500g,Pack size : 500g,KES112.00(Inc. VAT),Average Nutritional Value As Per 100g,358kcal,1497.872kJ,10g,75g,2g,1g,2g,,Spaghetti Pasta,Solid,Food,,,,,736.0,,373.0
926,Eva Cake Metalic Purple Sprinkles,,KES170.00/100g(Inc. VAT),,,,,,,,,,Metalic Purple Sprinkles Per,Solid,Food,,,,,737.0,,374.0
927,Eva Njahi Beans,,KES300.00/Kg(Inc. VAT),Average Nutritional Value As Per 86g,114kcal,476.976kJ,7.62g,20.39g,0.28g,0.46g,7.5g,1mg,Njahi Beans,Solid,Food,,No Additives,,,738.0,,375.0
928,Eva Ginger Hot Candy,,KES160.00/100g(Inc. VAT),,,,,,,,,,,,,,,,,739.0,,376.0
929,Indian Savoury Potato Crisps,,KES119.00/100g(Inc. VAT),Average Nutritional Value As Per 100g,552kcal,2309kJ,7.3g,55g,1.1g,33.5g,3.7g,810mg,Potato Crisps,Solid,Food,,,,,740.0,,377.0
930,Eva Soya Beans,,KES290.00/Kg(Inc. VAT),,,,,,,,,,,,,,No Additives,,,741.0,,378.0
931,Guru Long Grain White Rice 1Kg,Pack size : 1Kg,KES160.00(Inc. VAT),Average Nutritional Value As Per 100g,158kcal,663kJ,3g,36g,,0.2g,2g,4mg,Rice,Solid,Food,,,,,742.0,,379.0
932,EXPLORE G/FEDAMAME SPAGHETTI 200G,,KES999.00(Inc. VAT),,,,,,,,,,,,,,,,,743.0,,380.0
933,Pasta Zara No. 46 Penne Rigate Pasta 500g,Pack size : 500g,KES398.00(Inc. VAT),Average Nutritional Value As Per 100g,350kcal,1464.4kJ,12g,71g,,1g,,,Rigate Pasta,Solid,Food,,,,,744.0,,381.0
934,224 PISHORI RICE 1KG,Pack size : 1kg,KES285.00(Inc. VAT),Average Nutritional Value As Per 100g,349kcal,1460.216kJ,8g,77g,0g,0g,0g,0mg,Rice,Solid,Food,,,,,745.0,,382.0
935,Riscossa Elicoidali No. 20 Pasta 500g,Pack size : 500g,KES380.00(Inc. VAT),,,,,,,,,,,,,,,,,746.0,,383.0
936,Arborio Rice 1Kg,Pack size : 1KG,KES2066.00(Inc. VAT),,,,,,,,,,,,,,,,,747.0,,384.0
937,BUTTERFLY TOOR DAL WASHED 5 KG,Pack size : 5kg,KES2055.00(Inc. VAT),Average Nutritional Value As Per 100g,318kcal,1330.512kJ,24g,56g,0g,1g,4g,0mg,Toor Dal,Solid,Food,,,,,748.0,,385.0
938,Naturalli Wild Rice 100g,Pack size : 100g,KES699.00(Inc. VAT),Average Nutritional Value As Per 100g,101kcal,422kJ,4g,21g,0.7g,0.3g,1.8g,3mg,Rice,Solid,Food,,,,,749.0,Ready to use,386.0
939,De Cecco Fettuccelle No. 6 Pasta 500g,Pack size : 500g,KES695.00(Inc. VAT),Average Nutritional Value As Per 100g,352kcal,1472.768kJ,14g,69.2g,3.4g,1.5g,0.04mg,,Pasta,Solid,Food,,,,,750.0,,387.0
940,Fanta Blackcurrant Pet 2L,Pack size : 2 liters,KES182.00(Inc. VAT),Average Nutritional Value As Per 20ml,21kcal,87.864kJ,,4g,4g,,,60mg,Drink,Liquid,Beverage,Blackcurrant,,,,751.0,,
941,Fanta Orange Pet 2L,Pack size : 2 liters,KES182.00(Inc. VAT),Average Nutritional Value As Per 22ml,52kcal,217.56kJ,,13g,13g,,,,Drink,Liquid,Beverage,Orange,,,,752.0,,
942,Coca Cola Soda Assorted 2L X Pack Of 4,Pack size : 4,KES628.00(Inc. VAT),Average Nutritional Value As Per 200ml,55kcal,230kJ,,13g,,,,0mg,Drink,Liquid,Beverage,,,,,753.0,,
943,Fanta Passion Juice 2L,Pack size : 2 liters,KES182.00(Inc. VAT),Average Nutritional Value As Per 100ml,126kcal,527kJ,1.0g,33.7g,33.2g,0.12g,0.5g,14.9mg,Drink,Liquid,Beverage,Passion Fruit,,,,754.0,,
944,Sprite Pet 2L,Pack size : 2 liters,KES182.00(Inc. VAT),Average Nutritional Value As Per 100ml,48kcal,197kJ,,12g,12g,,,,Soft Drink,Liquid,Beverage,,,,,755.0,,
945,Mountain Dew Citrus Soda 2L,Pack size : 2L,KES169.00(Inc. VAT),Average Nutritional Value As Per Serving Size,170kcal,711.28kJ,,46g,46g,,,60mg,Soda,Liquid,Beverage,Citrus,,,,756.0,,
946,Sprite Soda Carbonated Soft Drink 350Ml,Pack size : 350ml,KES49.00(Inc. VAT),Average Nutritional Value As Per 100ml,48kcal,197kJ,,12g,12g,,,,Soft Drink,Liquid,Beverage,,,,,757.0,,
947,Fanta Orange Soda 1.25L,Pack size : 4,KES130.00(Inc. VAT),Average Nutritional Value As Per 22ml,52kcal,217.56kJ,,13g,13g,,,,Drink,Liquid,Beverage,Orange,,,,758.0,,
948,Fanta Blackcurrant Soda350Ml,Pack size : 350ml,KES49.00(Inc. VAT),Average Nutritional Value As Per 20ml,21kcal,87.864kJ,,4g,4g,,,60mg,Drink,Liquid,Beverage,Blackcurrant,,,,759.0,,
949,Pepsi Mirinda Lemon 2L,Pack size : 2 liters,KES169.00(Inc. VAT),,,,,,,,,,,,,"Bright, tangy lemon flavor with a sweet citrus finish.",,,Approximately 42 kcal per 100ml; contains sugars and carbohydrates.,760.0,,
950,Sprite Soda 1.25L,Pack size : 4,KES130.00(Inc. VAT),Average Nutritional Value As Per 100ml,48kcal,197kJ,,12g,12g,,,,Soft Drink,Liquid,Beverage,,,,,761.0,,
951,Fanta Orange Soda 500Ml,Pack size : 500ml,,Average Nutritional Value As Per 22ml,52kcal,217.56kJ,,13g,13g,,,,Drink,Liquid,Beverage,Orange,,,,762.0,,
952,Fanta Orange Soda 330Ml,Pack size : 330ml,KES97.00(Inc. VAT),Average Nutritional Value As Per 22ml,52kcal,217.56kJ,,13g,13g,,,,Drink,Liquid,Beverage,Orange,,,,763.0,,
953,Predator Energy Mango Juice 400ml,Pack size : 400ml,KES65.00(Inc. VAT),Average Nutritional Value As Per 1 Glass,120kcal,502.08kJ,,20g,,,,,Juice,Liquid,Beverage,Mango,,,,764.0,,
954,Mountain Dew Soft Drink 500ml,,KES65.00(Inc. VAT),,,,,,,,,,,,,,,,,765.0,,
955,Mirinda Orange Soft Drink 2L,Pack size : 2L,KES169.00(Inc. VAT),,14g,14g,53kcal,Average Nutritional Value As Per 100ml,0g,3mg,,,Beverages,Orange,0g,221.75kJ,Liquid,,,766.0,,
956,Mirinda Green Apple 500Ml,,KES65.00(Inc. VAT),,,,,,,,,,,,,,,,,767.0,,
957,Club Blackcurrant Soda 2L,Pack size : 2L,KES158.00(Inc. VAT),Average Nutritional Value As Per 28ml,0kcal,0kJ,,,,,,7mg,Soda,Liquid,Beverage,Blackcurrant.,,,,768.0,,
958,Mirinda Fruity Carbonated Mixed Berry Soft Drink 500ml,,KES65.00(Inc. VAT),,,,,,,,,,,,,,,,,769.0,,
959,Highlands Club Blackcurrant Soda 1.25L,Pack size : 1.25L,KES114.00(Inc. VAT),Average Nutritional Value As Per 100ml,280kcal,1171kJ,0.16g,72g,71g,,,,Soda,Liquid,Beverage,Blackcurrant,,,,770.0,,
960,Warheads Sour G/Apple Soda 330Ml,Pack size : 330ml,KES399.00(Inc. VAT),,,,,,,,,,,,,"Sour Green Apple, Crisp, Fruity",,,"Carbohydrates, Sugar, Caffeine",771.0,,
961,Highlands Club Pineapple Soda 350Ml,Pack size : 350ml,KES40.00(Inc. VAT),,,,,,,,,,Soda,Liquid,Beverage,Pineapple,,,,772.0,,
962,Old Jamaica Grape Soda 330Ml,Pack size : 330ml,KES299.00(Inc. VAT),Average Nutritional Value As Per 100ml,51kcal,,0g,12.4g,12.4g,0g,0g,10mg,Grape Soda,Liquid,Grape,,,,,773.0,,
963,Club Blackcurrant Soda 350Ml,Pack size : 350ml,KES40.00(Inc. VAT),Average Nutritional Value As Per 28ml,0kcal,0kJ,,,,,,7mg,Soda,Liquid,Beverage,Blackcurrant.,,,,774.0,,
964,Old Jamaica Cream Soda 330Ml,Pack size : 330ml,KES299.00(Inc. VAT),Average Nutritional Value As Per 100ml,50kcal,212kJ,0g,12.4g,12.4g,0g,,,Cream Soda,Liquid,Food,,,<0.01g,,775.0,,
965,Club Orange Soda 2L,Pack size : 2L,KES158.00(Inc. VAT),Average Nutritional Value As Per 100ml,58kcal,242kJ,,14g,14g,,,0mg,Orange Soda,Liquid,Beverage,Orange,,,,776.0,,
966,Club Apple Juice 1.25L,Pack size : 1.25L,KES114.00(Inc. VAT),Average Nutritional Value As Per 236ml,110kcal,460kJ,,28g,,,,35mg,Apple Juice,Liquid,Beverage,Apple,,,,777.0,,
967,Mirinda Pineapple 330Ml,,KES50.00(Inc. VAT),,,,,,,,,,,,,,,,,778.0,,
968,Hola Very Berry Carbonated Drink 301Ml,Pack size : 301ml,KES40.00(Inc. VAT),Average Nutritional Value As Per 100ml,53kcal,221kJ,,13g,,,,3mg,Carbonated Drink,Liquid,Beverage,Very Berry,,,,779.0,,
969,Warheads Sour Peach Soda 330Ml,Pack size : 330ml,KES399.00(Inc. VAT),,,,,,,,,,,,,"Sour Peach, Juicy, Tangy",,,"Carbohydrates, Sugar, Caffeine",780.0,,
970,Highlands Pineapple Club Soda 500Ml,Pack size : 500ml,KES54.00(Inc. VAT),,,,,,,,,,,,,,,,,781.0,,
971,Highlands Club Soda Blackcurra500Ml,,KES54.00(Inc. VAT),,,,,,,,,,,,,,,,,782.0,,
972,Warheads Sour Blk Cherry Soda 330Ml,Pack size : 330ml,KES399.00(Inc. VAT),,,,,,,,,,,,,"Sour Black Cherry, Tart, Fruity",,,"Carbohydrates, Sugar, Caffeine",783.0,,
973,Hola Orange Carbonated Drink 301Ml,Pack size : 301ml,KES40.00(Inc. VAT),Average Nutritional Value As Per 100ml,56kcal,242kJ,14.5g,14g,13g,0g,,22mg,Carbonated Drink,Liquid,Beverage,Orange,,,,784.0,,
974,Club Orange Juice 350Ml,Pack size : 350ml,KES40.00(Inc. VAT),Average Nutritional Value As Per 236ml,110kcal,460kJ,2g,27g,24g,,,15mg,Orange Juice,Liquid,Beverage,Orange,,,,785.0,,
975,Planet Soda Mixed Berries 350Ml,Pack size : 350ml,KES40.00(Inc. VAT),Average Nutritional Value As Per 140g,70kcal,292kJ,1g,17g,10g,0g,5g,0mg,Soda,Liquid,Food,,,,,786.0,,
976,Club Orange Soda 500Ml,Pack size : 500ml,KES54.00(Inc. VAT),Average Nutritional Value As Per 100ml,58kcal,242kJ,,14g,14g,,,0mg,Orange Soda,Liquid,Beverage,Orange,,,,787.0,,
977,Club Tangawizi Soda 350Ml,Pack size : 350ml,KES40.00(Inc. VAT),Average Nutritional Value As Per 1 Pieces,0kcal,0kJ,,,,,,0mg,Soda,Liquid,Beverage,,,,,788.0,,
978,7UP DRINK 500ML,,KES65.00(Inc. VAT),,,,,,,,,,,,,,,,,789.0,,
979,Fanta Blackcurrant Soda 500Ml,Pack size : 500ml,,Average Nutritional Value As Per 20ml,21kcal,87.864kJ,,4g,4g,,,60mg,Drink,Liquid,Beverage,Blackcurrant,,,,790.0,,
980,Mountain Dew Soda Can 300Ml,Pack size : 300ML,KES160.00(Inc. VAT),,,,,,,,,,,,,,,,,791.0,,
981,Club Tangawizi Lime Soda 500ml,Pack size : 500ml,KES54.00(Inc. VAT),Average Nutritional Value As Per 1 Pieces,0kcal,0kJ,,,,,,0mg,Lime Soda,Liquid,Beverage,Lime,,,,792.0,,
982,Vimto Sparkling Fruit Drink 300Ml,Pack size : 300ml,KES45.00(Inc. VAT),Average Nutritional Value As Per 100g,24kcal,100kJ,,6.1g,6.1g,,,,Fruit Drink,Liquid,Beverage,Fruit,,,,793.0,,
983,Mirinda Green Apple Soft Drink 2L,Pack size : 2L,KES169.00(Inc. VAT),Average Nutritional Value As Per 100ml,49kcal,206kJ,0g,15g,13g,0g,0g,5mg,Soft Drink,Liquid,Beverage,Green Apple,,,,794.0,,
984,Highlands Club Mango Soda 2L,Pack size : 2L,KES158.00(Inc. VAT),,,,,,,,,,Soda,Liquid,Beverage,Mango,,,,795.0,,
985,Hola Rose Carbonated Drink 301Ml,Pack size : 301ml,KES40.00(Inc. VAT),Average Nutritional Value As Per 100ml,26kcal,108kJ,,5.9g,5.9g,,,,Carbonated Drink,Liquid,Beverage,Rose,,0.11g,,796.0,,
986,Mirinda Green Apple Soft Drink 330ml,Pack size : 330ml,KES50.00(Inc. VAT),Average Nutritional Value As Per 100ml,49kcal,206kJ,0g,15g,13g,0g,0g,5mg,Soft Drink,Liquid,Beverage,Green Apple,,,,797.0,,
987,Mirinda Pineapple Soft Drink 500Ml,,KES65.00(Inc. VAT),,,,,,,,,,,,,,,,,798.0,,
988,Warheads Sour Blue Rasp. Soda 330Ml,Pack size : 330ml,KES399.00(Inc. VAT),,,,,,,,,,,,,"Sour Blue Raspberry, Tangy, Fruity",,,"Carbohydrates, Sugar, Caffeine",799.0,,
989,Warheads Sour Watermelon Soda 330Ml,Pack size : 330ml,KES399.00(Inc. VAT),,,,,,,,,,,,,"Sour Watermelon, Sweet, Refreshing",,,"Carbohydrates, Sugar, Caffeine",800.0,,
990,Ribena Blackcurrant Juice 250Ml,Pack size : 250ml,KES85.00(Inc. VAT),Average Nutritional Value As Per Serving,225.53kcal,54kJ,0.1g,13.3g,13.1g,0.0g,,5mg,Juice,Liquid,Beverage,Blackcurrant,,,,801.0,,
991,"Ribena Blackcurrant, Strawberry Juice 250Ml",Pack size : 250ml,KES85.00(Inc. VAT),Average Nutritional Value As Per 100ml,4kcal,17kJ,,0.5g,0.5g,,,,Juice,Liquid,Beverage,"Blackcurrant, Strawberry",,,,802.0,,
992,Ribena Blackcurrant Juice 1L,Pack size : 1L,KES275.00(Inc. VAT),Average Nutritional Value As Per 250ml,21kcal,87.864kJ,,4g,4g,,,0mg,Juice,Liquid,Beverage,Blackcurrant,,,,803.0,,
993,Savanah Cocopine Juice 2L,Pack size : 2L,KES344.00(Inc. VAT),Average Nutritional Value As Per Serving,80kcal,334.72kJ,,19g,18g,,,35mg,Cocopine Juice,Liquid,Beverage,Cocopine,,,,804.0,,
994,Savanah Strawberry Juice 2L,Pack size : 2L,KES344.00(Inc. VAT),Average Nutritional Value As Per 100g,90kcal,376.56kJ,0.71g,18.49g,18.25g,1.42g,0.2g,2mg,Juice,Liquid,Food,Strawberry,,,,805.0,,
995,Savanah Pineapple Juice 1L,Pack size : 1L,KES180.00(Inc. VAT),Average Nutritional Value As Per Serving,133kcal,556.472kJ,0.9g,32g,25g,0.3g,0.5g,5mg,Pineapple Juice,Liquid,Beverage,Pineapple,,,,806.0,,
996,Savanah Mango Juice 2L,Pack size : 2L,KES344.00(Inc. VAT),Average Nutritional Value As Per Serving,128kcal,535.552kJ,0.3g,33g,31g,0.1g,0.8g,13mg,Mango Juice,Liquid,Beverage,Mango,,,,807.0,,
997,Excel Quencher Orange Drink 5L,Pack size : 5L,,Average Nutritional Value As Per 100g,13kcal,54.392kJ,0g,3g,2g,0g,0g,0mg,Drink,Liquid,Food,Orange,,0g,,808.0,,
998,Savanah Orange Juice 1L,Pack size : 1L,KES180.00(Inc. VAT),Average Nutritional Value As Per Serving,112kcal,468.608kJ,1.7g,26g,21g,0.5g,0.5g,2.5mg,Orange Juice,Liquid,Beverage,Orange,,,,809.0,,
999,Pep Lemon Juice Concentrate 3L,Pack size : 3L,KES454.00(Inc. VAT),Average Nutritional Value As Per 100ml,16kcal,67kJ,,3.2g,3.2g,,,0mg,Lemon Drink,Liquid,Beverage,Lemon,,,,810.0,,
1000,Savanah Orange Juice 2L,Pack size : 2L,KES344.00(Inc. VAT),Average Nutritional Value As Per Serving,112kcal,468.608kJ,1.7g,26g,21g,0.5g,0.5g,2.5mg,Orange Juice,Liquid,Beverage,Orange,,,,811.0,,
1001,Excel Quencher Lemon Treat Drink 1.5L,Pack size : 1.5L,KES249.00(Inc. VAT),Average Nutritional Value As Per 100ml,99kcal,414kJ,2.9g,11g,11g,4.8g,,36mg,Drink,Liquid,Beverage,Lemon,,,,812.0,,
1002,Pep Cocopine Drink 3L,Pack size : 3L,KES454.00(Inc. VAT),Average Nutritional Value As Per 100g,80kcal,334.72kJ,,19g,18g,,,35mg,Drink,Liquid,Beverage,,,,,813.0,,
1003,Savanah Punch Fruit Drink 2L,Pack size : 2L,KES344.00(Inc. VAT),Average Nutritional Value As Per 100ml,108kcal,451kJ,0.44g,26.51g,22.88g,0.15g,0.2g,10mg,Drink,Liquid,Beverage,,,,,814.0,,
1004,Savanah Orange Juice 5L,Pack size : 5L,KES785.00(Inc. VAT),Average Nutritional Value As Per Serving,112kcal,468.608kJ,1.7g,26g,21g,0.5g,0.5g,2.5mg,Orange Juice,Liquid,Beverage,Orange,,,,815.0,,
1005,Excel Quencher Lemon Treat Drink 2L,Pack size : 2L,,Average Nutritional Value As Per 100ml,99kcal,414.216kJ,2.9g,11g,11g,4.8g,,36mg,Treat Drink,Liquid,Beverage,Lemon,,,,816.0,,
1006,Savanah Mango Juice 1L,Pack size : 1L,KES180.00(Inc. VAT),Average Nutritional Value As Per Serving,128kcal,535.552kJ,0.3g,33g,31g,0.1g,0.8g,13mg,Mango Juice,Liquid,Beverage,Mango,,,,817.0,,
1007,Savanah Punch Fruit Juice 1L,Pack size : 1L,KES180.00(Inc. VAT),Average Nutritional Value As Per 100ml,108kcal,451.87kJ,0.44g,26.51g,22.88g,0.15g,0.2g,10mg,Fruit Juice,Liquid,Beverage,,,,,818.0,,
1008,Pep Mixed Fruit Concentrate 3L,Pack size : 3L,KES454.00(Inc. VAT),Average Nutritional Value As Per 100ml,128kcal,535.552kJ,0.3g,31g,29g,,0.2g,145mg,Mixed Fruit Drink,Liquid,Beverage,Mixed Fruit,,,,819.0,,
1009,Pep Concentrate Orange Drink 3L,Pack size : 3L,KES454.00(Inc. VAT),Average Nutritional Value As Per 100g,304kcal,1271kJ,,16g,,,,3mg,Orange Drink,Liquid,Beverage,Orange,,,,820.0,,
1010,Savanah Lemon Juice 1L,Pack size : 1L,KES180.00(Inc. VAT),Average Nutritional Value As Per Serving,54kcal,225.936kJ,0.9g,17g,6.2g,0.6g,0.7g,2.4mg,Lemon Juice,Liquid,Beverage,Lemon,,,,821.0,,
1011,Pep Lemon Drink Concentrate 1.5L,,KES255.00(Inc. VAT),,,,,,,,,,,,,,,,,822.0,,
1012,Pep Fruit Cocktail Drink 3L,Pack size : 3L,KES454.00(Inc. VAT),Average Nutritional Value As Per 1 Liter,46kcal,192.464kJ,0.3g,12.1g,11.3g,0.1g,0.8g,4.9mg,Fruit Cocktail Drink,Liquid,Beverage,,,,,823.0,,
1013,Excel Quencher Pineapple Drink 2L,Pack size : 2L,,Average Nutritional Value As Per 100ml,56kcal,234.304kJ,0.1g,14g,8g,,,1mg,Drink,Liquid,Beverage,Pineapple,,,,824.0,,
1014,Pep Concentrate Orange Drink 1. 5L,Pack size : 1.5L,KES245.00(Inc. VAT),Average Nutritional Value As Per Serving Size,160kcal,650kJ,3g,39g,33g,0g,0g,0mg,Orange Drink,Liquid,Food,Orange,,0g,,825.0,,
1015,Savanah Cocopine Juice 1L,Pack size : 1L,KES180.00(Inc. VAT),Average Nutritional Value As Per Serving,80kcal,334.72kJ,,19g,18g,,,35mg,Cocopine Juice,Liquid,Beverage,Cocopine,,,,826.0,,
1016,Savanah Cocopine Juice 5L,Pack size : 5L,KES785.00(Inc. VAT),Average Nutritional Value As Per Serving,80kcal,334.72kJ,,19g,18g,,,35mg,Cocopine Juice,Liquid,Beverage,Cocopine,,,,827.0,,
1017,Club Lemon And Lime Soda 2L,Pack size : 2L,KES158.00(Inc. VAT),Average Nutritional Value As Per 250ml,92kcal,384kJ,,22g,,1g,,0mg,Soda,Liquid,Beverage,"Lemon, Lime",,,,828.0,,
1018,Sprite Carbonated Soft Drink 500Ml,Pack size : 500ml,,Average Nutritional Value As Per 100ml,48kcal,197kJ,,12g,12g,,,,Soft Drink,Liquid,Beverage,,,,,829.0,,
1019,Clovers Rose Sherbet Syrup 700Ml,Pack size : 700ml,KES200.00(Inc. VAT),Average Nutritional Value As Per 100ml,308kcal,1288.67kJ,,98g,,,,,Syrup,Liquid,Beverage,Rose,,,,830.0,,
1020,Clovers Cordial Lime Juice 1.5L,Pack size : 1.5L,KES274.00(Inc. VAT),Average Nutritional Value As Per 25ml,21kcal,87kJ,,4g,1g,,,0mg,Lime Juice,Liquid,Beverage,Lime,,,,831.0,,
1021,7Up Soda Can 300Ml,Pack size : 300ML,KES160.00(Inc. VAT),,,,,,,,,,,,,,,,,832.0,,
1022,Bubble Up Bitter Lemon 350Ml,Pack size : 350ml,KES45.00(Inc. VAT),Average Nutritional Value As Per 350ml,58kcal,242kJ,,15g,,,,,Lemon Drink,Liquid,Food,Lemon,,,,833.0,,
1023,Clovers Cordial Lime Juice 700Ml,Pack size : 700ml,KES140.00(Inc. VAT),Average Nutritional Value As Per 25ml,21kcal,87kJ,,4g,1g,,,0mg,Lime Juice,Liquid,Beverage,Lime,,,,834.0,,
1024,Club Lemon And Lime Soda 500Ml,Pack size : 500ml,KES54.00(Inc. VAT),Average Nutritional Value As Per 250ml,92kcal,384kJ,,22g,,1g,,0mg,Soda,Liquid,Beverage,"Lemon, Lime",,,,835.0,,
1025,Mirinda Orange Soft Drink 330ml,Pack size : 330ml,KES50.00(Inc. VAT),Average Nutritional Value As Per 100ml,53kcal,221kJ,0g,14g,14g,0g,0g,4mg,Soft Drink,Liquid,Beverage,Orange,,,,836.0,,
1026,Mirinda Orange Carbonated Soft Drink 500ml,,KES65.00(Inc. VAT),,,,,,,,,,,,,,,,,837.0,,
1027,Club Lemon And Lime Soda 1.25L,Pack size : 1.25L,KES114.00(Inc. VAT),Average Nutritional Value As Per 250ml,92kcal,384kJ,,22g,,1g,,0mg,Soda,Liquid,Beverage,"Lemon, Lime",,,,838.0,,
1028,Club Lemon Lime Drink 350Ml,Pack size : 350ml,KES40.00(Inc. VAT),Average Nutritional Value As Per 330ml,168kcal,702kJ,,12g,41g,,,0mg,Lime Drink,Liquid,Beverage,"Lemon, Lime",,,,839.0,,
1029,Mirinda Soda Can 300Ml,Pack size : 300ML,KES160.00(Inc. VAT),,,,,,,,,,,,,,,,,840.0,,
1030,Clovers Cordial Lime Juice 700Ml,Pack size : 700ml,KES140.00(Inc. VAT),Average Nutritional Value As Per 25ml,21kcal,87kJ,,4g,1g,,,0mg,Lime Juice,Liquid,Beverage,Lime,,,,841.0,,
1031,Peptang Lime Mixer Drink 500Ml,Pack size : 500ml,KES79.00(Inc. VAT),Average Nutritional Value As Per 100ml,167kcal,698.72kJ,,40g,40g,,,17mg,Drink,Liquid,,Lime,,,,842.0,,
1032,Peptang Lime Mixer Drink 300Ml,Pack size : 300ml,KES60.00(Inc. VAT),Average Nutritional Value As Per 100ml,167kcal,698.72kJ,,40g,40g,,,17mg,Drink,Liquid,,Lime,,,,843.0,,
1033,Schweppes Tonic Water 500Ml,Pack size : 500Ml,KES76.00(Inc. VAT),Average Nutritional Value As Per 100ml,130kcal,543kJ,,33g,33g,,,55mg,Tonic Water,Liquid,Beverage,,,,,844.0,,
1034,Schweppes Tonic Water 330Ml,Pack size : 330Ml,KES130.00(Inc. VAT),Average Nutritional Value As Per 320ml,118kcal,4937kJ,,5.4g,28.5g,,,10mg,Tonic Water,Liquid,Beverage,,,,,845.0,,
1035,Fitch And Leedes Lemonade Sparkling Drink 200Ml,Pack size : 200ml,KES150.00(Inc. VAT),Average Nutritional Value as per 200ml,87kcal,364.008kJ,,22g,21g,,22mg,,,,,,,,,846.0,,
1036,Fitch & Leeds Grapefruit Tonic 200Ml,Pack size : 200ml,KES145.00(Inc. VAT),,,,,,,,,,,,,,,,,847.0,,
1037,Royal Club Tonic Water 500Ml,Pack size : 500ml,KES69.00(Inc. VAT),Average Nutritional Value As Per 100ml,36kcal,149kJ,,8.6g,8.6g,,,,Tonic Water,Liquid,Beverages,,,,,848.0,,
1038,Fitch And Leedes Pink Tonic Sparkling Rose And Cucumber Drink 200Ml,Pack size : 200ml,KES150.00(Inc. VAT),Average Nutritional Values As Per 100g,169kcal,707kJ,0g,10g,7.1g,0.1g,,,,,,,,,,849.0,,
1039,Kenyan Originals Rose And Cucumber Tonic Water 200Ml,Pack size : 200ml,KES130.00(Inc. VAT),Average Nutritional Value As Per Serving,58kcal,242.672kJ,,13.8g,,,,,Tonic Water,Liquid,,"Rose, Cucumber",,,,850.0,,
1040,Kenyan Originals Turmeric And Chilli Tonic Water 200Ml,Pack size : 200ml,KES130.00(Inc. VAT),Average Nutritional Value As Per Serving,58kcal,242.672kJ,,13.8g,,,,,Tonic Water,Liquid,,"Turmeric, Chilli",,,,851.0,,
1041,Bubble Up Tonic Water 500Ml,,KES75.00(Inc. VAT),,,,,,,,,,,,,,,,,852.0,,
1042,Kenyan Originals Classic African Tonic Water 200Ml,Pack size : 200ml,KES130.00(Inc. VAT),Average Nutritional Value As Per Serving,58kcal,242.672kJ,,13.8g,,,,,Tonic Water,Liquid,,,,,,853.0,,
1043,FITCH AND LEEDS BLUE TONIC200ML,Pack size : 200ml,KES150.00(Inc. VAT),Average Nutritional Value As Per 100ml,28.91kcal,121kJ,0.3g,7.0g,7.0g,0.1g,0.5g,5.0mg,Sparkling Drink,Liquid,Beverage,Blueberry,,,,854.0,,
1044,Fitch And Leedes Pink Tonic Sparkling 200Ml,Pack size : 200ml,KES150.00(Inc. VAT),Average Nutritional Value As Per 100ml,2.62kcal,11kJ,0.30g,2.50g,0.50g,0.10g,0.5g,5mg,Sparkling Drink,Liquid,Beverage,Rose And Cucumber,,,,855.0,,
1045,Kenyan Originals Light African Tonic Water 200Ml,Pack size : 200ml,KES130.00(Inc. VAT),Average Nutritional Value As Per Serving,58kcal,242.672kJ,,13.8g,,,,,Tonic Water,Liquid,,,,,,856.0,,
1046,Fitch  Leedes Classic Ginger Beer 300Ml,Pack size : 300ml,KES160.00(Inc. VAT),Average Nutritional Value As Per 100ml,160kcal,178kJ,0.1g,40g,40g,<0.1g,,41mg,Beer,Liquid,Beverage,Ginger,,27.3g,,857.0,,
1047,Fitch  Leedes Indian Tonic Sparkling Drink 200ml,Pack size : 200ml,KES145.00(Inc. VAT),Average Nutritional Values As Per 100g,37kcal,155kJ,0.5g,9g,0.1g,0.5g,,,,,,,,,,858.0,,
1048,Fitch  Leedes Classics Passion Fruit And Lemon Sparkling Drink 300Ml,Pack size : 300ml,KES160.00(Inc. VAT),Average Nutritional Value As Per 100ml,174kcal,728kJ,,42g,42g,,,,Sparkling Drink,Liquid,Beverage,"Passion Fruit, Lemon",,,,859.0,,
1049,Coca Cola Pet 2L,Pack size : 2L,KES182.00(Inc. VAT),Average Nutritional Value As Per 250ml,107kcal,447kJ,,27g,27g,,,25mg,Drink,Liquid,Beverage,,,,,860.0,,
1050,Coke Zero 2L Pet,Pack size : 2 liters,KES182.00(Inc. VAT),Average Nutritional Value As Per 1.75ml,7kcal,29kJ,,,,,,0mg,Drink,Liquid,Beverage,,,,,861.0,,
1051,Coca Cola Zero Can 330Ml,Pack size : 330ml,KES97.00(Inc. VAT),Average Nutritional Value As Per 1.75ml,7kcal,29kJ,,,,,,0mg,Drink,Liquid,Beverage,,,,,862.0,,
1052,Coca Cola Soda 1.25L,Pack size : 4,KES130.00(Inc. VAT),Average Nutritional Value As Per 250ml,107kcal,447kJ,,27g,27g,,,25mg,Drink,Liquid,Beverage,,,,,863.0,,
1053,Coca Cola Drink 350Ml,Pack size : 350ml,KES49.00(Inc. VAT),Average Nutritional Value As Per 250ml,107kcal,447kJ,,27g,27g,,,25mg,Drink,Liquid,Beverage,,,,,864.0,,
1054,Pepsi Cola Soft Drink 2L,Pack size : 2L,KES169.00(Inc. VAT),Average Nutritional Value As Per 360ml,150kcal,627kJ,0g,41g,41g,0g,,30mg,Soft Drink,Liquid,Beverage,,,,,865.0,,
1055,Coca Cola Drink 500Ml,Pack size : 500ml,,Average Nutritional Value As Per 250ml,107kcal,447kJ,,27g,27g,,,25mg,Drink,Liquid,Beverage,,,,,866.0,,
1056,Coca Cola No Sugar Drink 500Ml,Pack size : 500ml,,Average Nutritional Value As Per 1.75ml,7kcal,29kJ,,,,,,0mg,Drink,Liquid,Beverage,,,,,867.0,,
1057,Club Cola Drink 350Ml,Pack size : 350ml,KES40.00(Inc. VAT),Average Nutritional Value As Per 100ml,42kcal,175kJ,,10g,10g,,,0mg,Drink,Liquid,Beverage,,,,,868.0,,
1058,Pepsi Diet Can 300Ml,Pack size : 300ml,KES160.00(Inc. VAT),,,,,,,,,,,,,,,,,869.0,,
1059,Club Cola Soda 1.25L,Pack size : 1.25L,KES114.00(Inc. VAT),Average Nutritional Value As Per 250ml,80kcal,334kJ,,8g,,,,0mg,Soda,Liquid,Beverage,,,,,870.0,,
1060,Hola Cola Carbonated Drink 301Ml,Pack size : 301ml,KES40.00(Inc. VAT),Average Nutritional Value As Per 100ml,44kcal,175kJ,0g,10.9g,10.6g,0g,,8.5mg,Carbonated Drink,Liquid,Beverage,Cola,,,,871.0,,
1061,Club Cola Soda 500Ml,Pack size : 500ml,KES54.00(Inc. VAT),Average Nutritional Value As Per 250ml,80kcal,334kJ,,8g,,,,0mg,Soda,Liquid,Beverage,,,,,872.0,,
1062,Pepsi Cola 500Ml,Pack size : 500Ml,KES65.00(Inc. VAT),,,,,,,,,,,,,,,,,873.0,,
1063,Club Cola Soda 2L,Pack size : 2L,KES158.00(Inc. VAT),Average Nutritional Value As Per 250ml,80kcal,334kJ,,8g,,,,0mg,Soda,Liquid,Beverage,,,,,874.0,,
1064,Bavaria 0.0 Apple Non Alcoholic Malt Drink 500Ml,Pack size : 500ml,KES169.00(Inc. VAT),Average Nutritional Value As Per 100ml,30kcal,126kJ,1g,7.9g,7.6g,1g,,,Malt Drink,Liquid,Beverage,Apple,,,,875.0,,
1065,Bavaria 0.0 Original Non Alcoholic Malt Drink 500Ml,Pack size : 500ml,KES169.00(Inc. VAT),Average Nutritional Value As Per 100ml,24kcal,100.416kJ,,5g,3g,,,2mg,Malt Drink,Liquid,Beverage,,,,,876.0,,
1066,Azam Malti Coffee Mocha Dark Malt Drink 500ml,Pack size : 500ml,KES110.00(Inc. VAT),Average Nutritional Value As Per 300ml,182kcal,761.48kJ,,11g,11g,,,24mg,Malt Drink,Liquid,Beverage,Coffee,,,,877.0,,
1067,Azam Malti Drink Coffee 300Ml,Pack size : 300ml,KES60.00(Inc. VAT),Average Nutritional Value As Per 100ml,18kcal,84kJ,0g,4g,0g,0g,0g,5mg,Malti Drink,Liquid,Food,Coffee,,,,878.0,,
1068,Alvaro Malt Drink 330ml,Pack size : 330ml,KES140.00(Inc. VAT),Average Nutritional Value As Per 100ml,126kcal,527.184kJ,3.2g,14.3g,9.3g,6.3g,,,Malt Drink,Liquid,Beverage,,,,,879.0,,
1069,Tropical Sun Root Beer Nonalc330Ml,Pack size : 330ml,KES349.00(Inc. VAT),Average Nutritional Value As Per 100ml,35kcal,148kJ,0.0g,8.7g,8.7g,0.0g,,,American Style Root Beer,Liquid,Beverage,,,,,880.0,,
1070,Red Bull Energy Drink 250Ml X 4 Pieces,Pack size : 250ml x 4 Pieces,KES910.00(Inc. VAT),Average Nutritional Value As Per Serving,45kcal,188.28kJ,,11g,11g,,,,Energy Drink,Liquid,Beverage,,,,,881.0,,
1071,Redbull Energy Sugar Free 250Mlx4,,KES910.00(Inc. VAT),,,,,,,,,,,,,"Original Red Bull flavor, but without the sugar.",,,,882.0,,
1072,Monster Mucho Loco Energy Drink 500ml x Pack of 4,Pack size : 500ml x Pack of 4,KES940.00(Inc. VAT),Average Nutritional Value As Per 240ml,110kcal,460.24kJ,,29g,28g,,,35mg,Energy Drink,Liquid,Beverage,Mango,,,,883.0,,
1073,Monster Original Energy Drink 500ml x Pack of 4,Pack size : 500 ml,KES940.00(Inc. VAT),,12g,11g,47kcal,Average Nutritional Value As Per 100ml,,,,,Beverage,,,201kJ,Liquid,,,884.0,,
1074,Monster Zero Ultra White Energy Drink 500ml x Pack of 4,,KES940.00(Inc. VAT),,,,2kcal,Average Nutritional Value As Per 100ml,,76mg,,,Beverage,,,7kJ,Liquid,,,885.0,,
1075,Monster Mucho Loco Can 500Ml,Pack size : 500ml,KES235.00(Inc. VAT),Average Nutritional Value As Per 100ml,1kcal,6kJ,,0.4g,,,,,Energy Drink,Liquid,Beverage,Ginger,,0.08g,,886.0,,
1076,"Red Bull Energy Drink, 250 Ml",Pack size : 250ml,KES228.00(Inc. VAT),"33 mg/ 100 ml of caffeine/ B-group vitamins: niacinamide (vitamin B3), pantothenic acid (vitamin B5), vitamin B6 and vitamin B12/ Taurine/ Natural/ Artificial flavor/ Alpine water/ Energy Drink",46kcaL,6.7,0G,11G,11G,0G,0G,4MG,Energy Drink,Liquid,Energy Drink,Red Bull,,0G,Per 100 ml Energy 194 KJ (46kcal)/ Protein 0g/ Carbohydrates 10.8g/ Total Sugars 10.8g/ Fat 0g/ Saturated Fat 0g/ Sodium 4mg/ Niacin 8mg 44% NVR/ Pantothenic Acid 2mg 40% NRV/ vitamin B6 2MG 100% NRV/ vitamin B12 2PG/ 200% NVR/ Caffeine 32 mg,887.0,"water, sugar, glucose, citric acid, carbon dioxide, taurine 0.4%, acidity regulator sodium bicarbonate, natural and artificial flavors, acidity regulator magnesium carbonate, color caramel, caffeine 0.03%, niacin, pantothenic acid, vitamin b6, color riboflavin, Energy Drink, Energy Drinks, 250 ml 4 pack",
1077,Monster Original Energy Drink 500ml,Pack size : 500 ml,KES235.00(Inc. VAT),,12g,11g,47kcal,Average Nutritional Value As Per 100ml,,,,,Beverage,,,201kJ,Liquid,,,888.0,,
1078,Predator Energy Drink 400ml,Pack size : 400ml,KES63.00(Inc. VAT),Average Nutritional Value As Per 100ml,14.4kcal,179.912kJ,,3.6g,,,,50mg,Energy Drink,Liquid,Beverage,,,,,889.0,,
1079,Virtue Energy Drink Peach & Raspberry 250Ml,Pack size : 250Ml,KES329.00(Inc. VAT),,,,,,,,,,,,,,,,,890.0,,
1080,Virtue Energy Drink Strawberry & Lime 250Ml,Pack size : 250Ml,KES329.00(Inc. VAT),,,,,,,,,,,,,,,,,891.0,,
1081,Pick N Peel Sparkling Cider Apple Fruit Drink 250Ml,Pack size : 250ml,KES155.00(Inc. VAT),Average Nutritional Value As Per 100ml,60.1kcal,256kJ,0.01g,14.6g,14.6g,0g,0g,0.001g,Fruit Drink,Liquid,Beverages,Apple,,0.003g,,892.0,,
1082,Redbull Energy Sugar Free 250Ml,,KES228.00(Inc. VAT),,,,,,,,,,,,,"Original Red Bull flavor, but without the sugar.",,,,893.0,,
1083,Power Play Original Energy Drink 400ml,Pack size : 400ml,KES64.00(Inc. VAT),Average Nutritional Value As Per 100ml,46kcal,179.912kJ,0.3g,12g,,0.1g,,27mg,Energy Drink,Liquid,Beverage,,,,,894.0,,
1084,Score Energy Drink Striker 500Ml,Pack size : 500ml,KES165.00(Inc. VAT),,,,,,,,,,,,,,,,,895.0,,
1085,Freego Energy Drink Can 250Ml,,KES130.00(Inc. VAT),100 ml,46 Kcal,197 Kj,0,11 g,11g,0g,,,,,,,,0.17 g,,896.0,,
1086,Virtue Lemon And Lime Clean Energy Drink 250ml,Pack size : 250ml,KES329.00(Inc. VAT),,,,,,,,,,Energy Drink,Liquid,Beverage,Lemon And Lime,,,,897.0,,
1087,Redbull Energy Original Duo Pack,,KES456.00(Inc. VAT),,,,,,,,,,,,,,,,,898.0,,
1088,Redbull Energy Sugar Free Duo Pack 250ml,,KES456.00(Inc. VAT),,,,,,,,,,,,,,,,,899.0,,
1089,Score Energy Drink GT 500Ml,Pack size : 500ml,KES165.00(Inc. VAT),,,,,,,,,,,,,,,,,900.0,,
1090,Duma Energy Drink 330Ml,Pack size : 330ml,,Average Nutritional Value As Per 100ml,50,8.36kJ,<0.1g,12g,10g,<0.1g,<0.1g,0.19g,Energy Drink,Liquid,Beverages,Strawberry,,<0.01,,901.0,,
1091,Monster Zero Ultra White Energy Drink 500ml,,KES235.00(Inc. VAT),,,,2kcal,Average Nutritional Value As Per 100ml,,76mg,,,Beverage,,,7kJ,Liquid,,,902.0,,
1092,Score Energy Drink Crush 500Ml,Pack size : 500ml,KES165.00(Inc. VAT),,,,,,,,,,,,,,,,,903.0,,
1093,Score Energy Drink Pink Lemon 500Ml,Pack size : 500ml,KES165.00(Inc. VAT),,,,,,,,,,,,,,,,,904.0,,
1094,Score Energy Drink Passion 500Ml,Pack size : 500ml,KES165.00(Inc. VAT),,,,,,,,,,,,,,,,,905.0,,
1095,Azam Carbonated Energy Drink 300ml,Pack size : 300ml,KES60.00(Inc. VAT),Average Nutritional Value As Per 100ml,49kcal,205kJ,0.5g,11g,11g,0.1g,,,Energy Drink,Liquid,Beverage,,,0.17g,,906.0,,
1096,Reaktor Simba Energy Drink 300ml,Pack size : 300ml,KES45.00(Inc. VAT),Average Nutritional Value As Per 330ml,39kcal,163.176kJ,0g,9g,9g,0g,0g,0mg,Energy Drink,Liquid,Food,,,,,907.0,,
1097,Reload Isotonic Lemon Drink 500ml,Pack size : 500ml,KES150.00(Inc. VAT),Average Nutritional Value As Per 336ml,80kcal,334.72kJ,,22g,21g,,,150mg,Drink,Liquid,Beverage,Lemon,,,,908.0,,
1098,Reload Orange Isotonic Drink 250ml,Pack size : 250ml,KES80.00(Inc. VAT),Average Nutritional Value As Per 100ml,25kcal,104.6kJ,<0.1g,5.8g,3.7g,<0.1g,,,Isotonic Drink,Liquid,Beverages,Orange,,0.17g,,909.0,,
1099,Reload Lemon Isotonic Drink 250ml,Pack size : 250ml,KES80.00(Inc. VAT),Average Nutritional Value As Per 360ml,80kcal,334.72kJ,0g,22g,21g,0g,,150mg,Isotonic Drink,Liquid,Beverages,Lemon,,,,910.0,,
1100,Reload Orange Isotonic Drink 500ml,Pack size : 500ml,KES155.00(Inc. VAT),Average Nutritional Value As Per 100ml,25kcal,104.6kJ,0.1g,5.8g,3.7g,0.1g,,12mg,Drink,Liquid,Beverage,Orange,,,,911.0,,
1101,Boostrio Tropical Sport Drink 330M,,KES349.00(Inc. VAT),Nutrition information per 100ml,19kcal,80kJ,,4.4g,3.9g,,,,,,,,,0.13g,,912.0,,
1102,Prime Hydration Drink 500Ml,,KES975.00(Inc. VAT),,,,,,,,,,,,,,,,,913.0,,
1103,Lucozade Boost Buzz Energy Drink 1L,Pack size : 1L,KES275.00(Inc. VAT),Average Nutritional Value As Per 100ml,355kcal,1485.32kJ,1g,87g,70g,1g,,,Energy Drink,Liquid,Beverage,,,,,914.0,,
1104,Lucozade Boost Glucose Energy Drink 250ml,Pack size : 250ml,KES85.00(Inc. VAT),Average Nutritional Value As Per 100ml,355kcal,1485.32kJ,1g,87g,70g,1g,,,Energy Drink,Liquid,Beverage,,,,,915.0,,
1105,You.C1000 Health Lemon Vitamin Drink 140ml,Pack size : 140ml,KES139.00(Inc. VAT),Average Nutritional Value As Per 100ml,24kcal,105kJ,0.4g,0.1g,0.1g,,,,Vitamin Drink,Liquid,Beverage,Lemon,,,,916.0,,
1106,You.C1000 Health Orange Drink 140ml,Pack size : 140ml,KES139.00(Inc. VAT),Average Nutritional Value As Per 100ml,24kcal,105kJ,0.4g,0.1g,0.1g,,,,Drink,Liquid,Beverage,Orange,,,,917.0,,
1107,Zesta Hot&Sweet Sauce 420G,Pack size : 720 gr,KES125.00(Inc. VAT),,,,,,,,,,,,,,,,,918.0,,
1108,PEPTANG HOT&SWEET SAUCE 700G,Pack size : 700g,,Average Nutritional Value As Per 15g,20kcal,83.68kJ,,,,,,251mg,Sauce,Paste,Food,,,,,919.0,,
1109,Crying Thaiger Sriracha Hot Chilli Sauce 484g,Pack size : 484g,KES895.00(Inc. VAT),Average Nutritional Value As Per 100g,103kcal,430.952kJ,0.8g,22g,16g,0.7g,2.7g,,Chilli Sauce,Paste,Food,,,4.5g,,920.0,,
1110,Peptang Green Chilli Sauce 400G,Pack size : 400g,KES139.00(Inc. VAT),Average Nutritional Value As Per Serving Size,2.2kcal,10kJ,0.1g,0.4g,0.1g,0g,0g,0g,Chilli Sauce,Paste,Food,Green Chilli,,0g,,921.0,,
1111,Peptang Hot And Sweet Sauce 400g,Pack size : 400g,KES130.00(Inc. VAT),Average Nutritional Value As Per 15g,20kcal,83.68kJ,,,,,,251mg,Sauce,Paste,Food,,,,,922.0,,
1112,Nandos Peri Peri Hot Sauce 250g,Pack size : 250g,KES861.00(Inc. VAT),Average Nutritional Value As Per 20g,10kcal,41kJ,1.4g,0g,4.6g,1g,,573mg,Hot Sauce,Paste,Food,Peri Peri,,,,923.0,,
1113,AG TABASCO STYLE HOT SAUCE 147ML,,KES299.00(Inc. VAT),,,,,,,,,,,,,,,,,924.0,,
1114,Tabasco Green Pepper Sauce 60Ml,Pack size : 60 ml,KES490.00(Inc. VAT),,,,,,,,,,,,,,,,,925.0,,
1115,Nando's Peri Peri Garlic Sauce 250g,Pack size : 250g,KES928.00(Inc. VAT),Average Nutritional Value As Per 100g,0kcal,0kJ,,,,,,,Sauce,Paste,Food,Garlic,,,,926.0,,
1116,Zesta Chilli Sauce 375G,Pack size : 375 gr,KES105.00(Inc. VAT),,,,,,,,,,,,,,,,,927.0,,
1117,Peptang Sweet Chilli Sauce 400G,Pack size : 400 gr,KES149.00(Inc. VAT),,,,,,,,,,,,,,,,,928.0,,
1118,Tabasco Pepper Sauce 60Ml,,KES479.00(Inc. VAT),,,,,,,,,,,,,,,,,929.0,,
1119,Chika Chika Scotch Bonnet Sauce 300g,Pack size : 300g,KES254.00(Inc. VAT),Average Nutritional Value As Per 100g,23.79kcal,99.53736kJ,0.98g,4.36g,2.49g,0.27g,,,Sauce,Paste,Food,,,,,930.0,,
1120,Zesta Hot&Sweet Sauce 250G,Pack size : 250 gr,KES85.00(Inc. VAT),,,,,,,,,,,,,,,,,931.0,,
1121,CHIKA CHIKA EXTRA HOT 300G,Pack size : 300ml,KES280.00(Inc. VAT),Average Nutritional Value As Per 100g,23.18kcal,96.98kJ,0.96g,4.30g,2.22g,0.24g,,,Sauce,Paste,Food,,,,,932.0,,
1122,Zesta Chilli Sauce 240G,Pack size : 240 gr,KES75.00(Inc. VAT),,,,,,,,,,,,,,,,,933.0,,
1123,Rufus Teague Sugar-Free Chipotle 347G,Pack size : 347g,KES1699.00(Inc. VAT),,,,,,,,,,,,,,,,,934.0,,
1124,Nature's Tastes Kachumbari Mild Red Salsa 400g,Pack size : 400g,KES595.00(Inc. VAT),Average Nutritional Value As Per 100g,10kcal,41.84kJ,,2g,,,,100mg,Red Salsa,Paste,Food,,,,,935.0,,
1125,Nature's Tastes Kachumbari Medium Red Salsa 400g,Pack size : 400g,KES594.00(Inc. VAT),Average Nutritional Value As Per 100g,863kcal,3610.792kJ,117g,64g,,16g,,7mg,Salsa,Paste,Food,,,,,936.0,,
1126,Melinda'S Chipotle Hot Sauce 148Ml,Pack size : 148ml,KES999.00(Inc. VAT),,,,,,,,,,,,,,,,,937.0,,
1127,Peptang Green Chilli Sauce 250g,Pack size : 250g,KES100.00(Inc. VAT),Average Nutritional Value As Per 100g,75kcal,313.8kJ,1g,22g,,,1g,1550mg,Chilli Sauce,Paste,Food,,,,,938.0,,
1128,Melinda'S Mango Hot Sauce 148Ml,Pack size : 148ml,KES999.00(Inc. VAT),,,,,,,,,,,,,,,,,939.0,,
1129,Lyons Hot And Sweet Sauce 700g,Pack size : 700g,KES225.00(Inc. VAT),Average Nutritional Value As Per 100g,108.64kcal,454.54976kJ,0.81g,26.27g,24.54g,0.25g,1.05g,,Sauce,Paste,Food,,,3g,,940.0,,
1130,Chika Chika Mango Chilly Sauce 135g,Pack size : 135g,KES130.00(Inc. VAT),Average Nutritional Value As Per 100g,23.7kcal,99.16kJ,0.94g,4.31g,2.55g,0.23g,,,Sauce,Paste,Food,,,,,941.0,,
1131,Clovers Chilli Sauce 5L,Pack size : 5L,KES475.00(Inc. VAT),Average Nutritional Value As Per 100g,100kcal,418.4kJ,1g,30g,,,,,Sauce,Paste,Food,,,,,942.0,,
1132,CHIKA CHIKA SWEET CHILLI 300G,Pack size : 300ml,KES254.00(Inc. VAT),Average Nutritional Value As Per 100g,23.17kcal,96.94kJ,0.93g,4.35g,2.19g,0.21g,,,Sauce,Paste,Food,,,,,943.0,,
1133,Thai Dancer Sweet Chilli Sauce 700ml,,KES806.00(Inc. VAT),,,,,,,,,,,,,,,,,944.0,,
1134,CHIKA CHIKA MANGO CHILLY 300G,Pack size : 300ml,KES254.00(Inc. VAT),Average Nutritional Value As Per 100g,23.7kcal,99.16kJ,0.94g,4.31g,2.55g,0.23g,,,Sauce,Paste,Food,Mango,,,,945.0,,
1135,CHIKA CHIKA TAMARIND CHILLY 300G,Pack size : 300ml,KES254.00(Inc. VAT),Average Nutritional Value As Per 100g,24.10kcal,100.83kJ,0.98g,4.55g,2.71g,0.22g,,,Sauce,Paste,Food,Tamarind,,,,946.0,,
1136,Suree Spring Roll Dipping Sauce 295ml,Pack size : 295ml,KES495.00(Inc. VAT),Average Nutritional Value As Per 100ml,280kcal,1172kJ,0g,68g,65g,0.9g,0g,0mg,Dipping Sauce,Paste,Food,,,1.6g,,947.0,,
1137,Clovers Hot  Sweet Sauce 400G,Pack size : 400g,KES105.00(Inc. VAT),Average Nutritional Value As Per 100g,154kcal,644.336kJ,0.5g,38.0g,37.4g,0.0g,1.0g,1020.7mg,Sauce,Paste,Food,,,,,948.0,,
1138,Kaputei Hot Chili Sauce 180g,Pack size : 180g,KES125.00(Inc. VAT),Average Nutritional Value As Per 100g,5kcal,20.92kJ,,1g,1g,,,80mg,Sauce,Paste,Food,,,,,949.0,,
1139,Peptang Tomato Garlic Sauce 700G,Pack size : 700 gr,KES179.00(Inc. VAT),,,,,,,,,,,,,,,,,950.0,,
1140,REAL THAI SWEET CHILLI BOTTLE 180ML,,KES345.00(Inc. VAT),,,,,,,,,,,,,,,,,951.0,,
1141,Melinda'S Jalapeío Hot Sauce 148Ml,Pack size : 148ml,KES999.00(Inc. VAT),,,,,,,,,,,,,,,,,952.0,,
1142,Peptang Pili Pili Garlic Sauce 375g,Pack size : 375g,KES120.00(Inc. VAT),Average Nutritional Value As Per 100g,32kcal,133.888kJ,0.5g,3.8g,1.2g,0.3g,,1680mg,Garlic Sauce,Paste,Food,,,,,953.0,,
1143,Nandos Peri Peri Bag & Bake Hot 20G,Pack size : 20g,KES790.00(Inc. VAT),,,,,,,,,,,,,,,,,954.0,,
1144,Rufus Teague Steak Rub 176G,Pack size : 176g,KES1429.00(Inc. VAT),,,,,,,,,,,,,,,,,955.0,,
1145,Chilli Pilli Hot Chilli Sauce 400G,Pack size : 400G,KES255.00(Inc. VAT),,,,,,,,,,,,,,,,,956.0,,
1146,Peptang Chilli Garlic Sauce 375g,Pack size : 375g,KES110.00(Inc. VAT),Average Nutritional Value As Per 100g,30kcal,125.52kJ,0.4g,0.3g,32.2g,0.5g,,1420mg,Garlic Sauce,Paste,Food,,,,,957.0,,
1147,Zesta Hot&Sweet C/Sauce 400G,Pack size : 400 gr,KES169.00(Inc. VAT),,,,,,,,,,,,,,,,,958.0,,
1148,Rufus Teague Meat Rub 184G,Pack size : 184g,KES1499.00(Inc. VAT),,,,,,,,,,,,,,,,,959.0,,
1149,Nature's Tastes Hot Chilli Sauce 425g,Pack size : 425g,KES594.00(Inc. VAT),Average Nutritional Value As Per 17g,15kcal,62.76kJ,,3g,3g,,,320mg,Sauce,Paste,Food,,,,,960.0,,
1150,Peptang Pili Pili Sauce 375g,Pack size : 375g,KES109.00(Inc. VAT),Average Nutritional Value As Per 100g,32kcal,133.888kJ,0.5g,3.8g,1.2g,0.3g,,1680mg,Sauce,Paste,Food,,,,,961.0,,
1151,Clovers Chilli Sauce 250G,Pack size : 250g,KES64.00(Inc. VAT),Average Nutritional Value As Per 100g,100kcal,418.4kJ,1g,30g,,,,,Sauce,Paste,Food,,,,,962.0,,
1152,Santa Maria Superior Sweet Chilli Sauce 710g,Pack size : 710g,KES495.00(Inc. VAT),Average Nutritional Value As Per 100g,136kcal,570kJ,0g,31g,28g,0.8g,1.0g,,Sweet Chilli Sauce,Paste,Food,Chilli,,1.9g,,963.0,,
1153,Thai Dragon Sriracha Hot Chilli Sauce 200ml,Pack size : 200ml,KES595.00(Inc. VAT),Average Nutritional Value As Per 100g,141kcal,590kJ,2g,30g,,1g,2.0g,,Sauce,Paste,Food,Chilli,,7.40g,,964.0,,
1154,Peptang Masala Sauce 400g,Pack size : 400g,KES119.00(Inc. VAT),Average Nutritional Value As Per 15g,58kcal,242.672kJ,,3g,2g,,,161mg,Masala Sauce,Paste,Food,,,,,965.0,,
1155,Melinda'S Scotch Bonnet Habanero Pepper Hot Sauce 148Ml,Pack size : 184g,KES999.00(Inc. VAT),,,,,,,,,,,,,,,,,966.0,,
1156,AMERICAN G. KETCHUP HOT & SPICY567G,Pack size : 567g,KES799.00(Inc. VAT),Average Nutritional Value As Per 17g,20kcal,83.6kJ,0g,5g,4g,0g,0g,150mg,Ketchup,Paste,Food,,,,,967.0,,
1157,Peptang Classic Chilli Sauce 270g,Pack size : 270g,KES79.00(Inc. VAT),Average Nutritional Value As Per 100g,30kcal,125.52kJ,0.4g,0.3g,32.2g,0.5g,,1420mg,Chilli Sauce,Paste,Food,,,,,968.0,,
1158,Suree Pad Thai Sauce 295ml,Pack size : 295ml,KES425.00(Inc. VAT),,24g,18g,100kcal,Average Nutritional Value As Per 100ml,0g,1200mg,7.5g,,Food,,0g,405kJ,Paste,,,969.0,,
1159,Chika Chika Mint Chilli Sauce 300g,Pack size : 300g,KES254.00(Inc. VAT),Average Nutritional Value As Per 100g,22.35kcal,93.5124kJ,0.91g,4.35g,2.31g,0.19g,,,Sauce,Paste,Food,,,,,970.0,,
1160,Rufus Teague Spicy Meat Rub 184G,Pack size : 184g,KES1499.00(Inc. VAT),,,,,,,,,,,,,,,,,971.0,,
1161,Natures Taste Hot N Sweet Sauce 425g,Pack size : 425g,KES594.00(Inc. VAT),Average Nutritional Value As Per 100g,154kcal,644.336kJ,0.5g,38g,37.4g,,1g,1020mg,Sauce,Paste,Food,,,,,972.0,,
1162,Louisiana Brand Hot Sauce 177Ml,Pack size : 177ml,KES599.00(Inc. VAT),,,,,,,,,,,,,,,,,973.0,,
1163,Peptang Chilli Garlic Sauce 250g,Pack size : 250g,KES79.00(Inc. VAT),Average Nutritional Value As Per 100g,30kcal,125.52kJ,0.4g,0.3g,32.2g,0.5g,,1420mg,Garlic Sauce,Paste,Food,,,,,974.0,,
1164,Peptang Classic Chilli Sauce 375g,Pack size : 375g,KES105.00(Inc. VAT),Average Nutritional Value As Per 100g,30kcal,125.52kJ,0.4g,0.3g,32.2g,0.5g,,1420mg,Chilli Sauce,Paste,Food,,,,,975.0,,
1165,Real Thai Sesame Hot Sauce 200Ml,,KES395.00(Inc. VAT),,,,,,,,,,,,,,,,,976.0,,
1166,Chika Chika Mint Chilli Sauce 135g,Pack size : 135g,KES130.00(Inc. VAT),Average Nutritional Value As Per 100g,22.35kcal,93.5124kJ,0.91g,4.35g,2.31g,0.19g,,,Sauce,Paste,Food,,,,,977.0,,
1167,Carrefour  Selection Sweet Chili Sauce 300G,,KES599.00(Inc. VAT),,,,,,,,,,,,,,,,,978.0,,
1168,Chef King Sweet Chilli Sauce 700g,Pack size : 700g,KES510.00(Inc. VAT),Average Nutritional Value As Per 100g,172kcal,719.648kJ,0.5g,42g,39g,,,,Chilli Sauce,Paste,Food,Chilli,,,,979.0,,
1169,Suree Chilli And Garlic Sauce 295ml,Pack size : 295ml,KES395.00(Inc. VAT),Average Nutritional Value As Per 100ml,81kcal,328kJ,0.8g,3.3g,0g,0.3g,0g,1.6g,Sauce,Paste,Food,Chilli And Garlic,,,,980.0,,
1170,Peptang Pili Pili Garlic Sauce 250g,Pack size : 250g,KES105.00(Inc. VAT),Average Nutritional Value As Per 100g,32kcal,133.888kJ,0.5g,3.8g,1.2g,0.3g,,1680mg,Garlic Sauce,Paste,Food,,,,,981.0,,
1171,Mamas Choice Chilli 375G,Pack size : 375g,KES71.00(Inc. VAT),Average Nutritional Value As Per 35g,40kcal,167kJ,4g,1g,1g,3g,0g,170mg,Chilli Sauce,Liquid,Food,,,,,982.0,,
1172,ZESTA CHILLI GARLIC SAUCE 375G,,KES109.00(Inc. VAT),,,,,,,,,,,,,,,,,983.0,,
1173,Kol Hot & Sweet Sauce 400g,Pack size : 400g,KES110.00(Inc. VAT),Average Nutritional Value As Per 100g,226kcal,946kJ,0.6g,56.01g,37.78g,0.0g,,,Sauce,Paste,Food,,,,,984.0,,
1174,Peptang Tomato And Onion Kachumbari Sauce 400g,Pack size : 400g,KES145.00(Inc. VAT),Average Nutritional Value As Per 100g,15kcal,62.76kJ,0g,2g,1g,1g,0g,35mg,Sauce,Paste,Food,Onion And Tomato,,0g,,985.0,,
1175,Presto Chilli Sauce 375ml,Pack size : 375ml,KES88.00(Inc. VAT),Average Nutritional Value As Per 100g,59kcal,246.856kJ,2.05g,12.21g,5.77g,0.33g,,,Chilli Sauce,Paste,Food,,,,,986.0,,
1176,Peptang Habanero H Chilli Sauce150G,Pack size : 150g,KES69.00(Inc. VAT),Average Nutritional Value As Per Serving Size,43.2kcal,181.8kJ,1.5g,7.7g,2.5g,0.5g,0g,0g,Chilli Sauce,Paste,Food,Chilli,,0g,,987.0,,
1177,Chika Chika Sweet Chilli Sauce 135g,Pack size : 135g,KES130.00(Inc. VAT),Average Nutritional Value As Per 100g,23.17kcal,96.94328kJ,0.97g,4.35g,2.19g,0.21g,,,Sauce,Paste,Food,,,,,988.0,,
1178,Chika Chika Extra Hot Sauce 135g,Pack size : 135g,KES140.00(Inc. VAT),Average Nutritional Value As Per 100g,23.18kcal,96.98512kJ,0.96g,4.30g,2.22g,0.24g,,,Sauce,Paste,Food,,,,,989.0,,
1179,Heinz Hot Sauce 165g,Pack size : 165g,KES199.00(Inc. VAT),Average Nutritional Value As Per Serving,0kcal,0kJ,,,,,,180mg,Hot Sauce,Paste,Food,,,,,990.0,,
1180,Ola Hot Salsa Dipping Sauce 270g,Pack size : 270g,KES450.00(Inc. VAT),Average Nutritional Value As Per 100g,84.9gkcal,VALUE,0.75g,4.35g,2.39g,0.29g,0.36g,447mg,Dipping Sauce,Paste,Food,,,,,991.0,,
1181,Chika Chika Hot Chilli Sauce 300g,Pack size : 300g,KES254.00(Inc. VAT),Average Nutritional Value As Per 100g,23.07kcal,96.52488,0.94g,4.31g,2.55g,0.23g,,,Sauce,Paste,Food,,,,,992.0,,
1182,Heinz Chilli Garlic Sauce 300g,Pack size : 300g,KES299.00(Inc. VAT),Average Nutritional Value As Per 60g,45kcal,188.28kJ,1g,9g,7g,,1g,23mg,Garlic Sauce,Paste,Food,,,,,993.0,,
1183,Peptang Tomato Garlic Sauce 1Kg,Pack size : 1 kg,KES221.00(Inc. VAT),,,,,,,,,,,,,,,,,994.0,,
1184,Sunfresh Chilli Sauce 260G,,KES50.00(Inc. VAT),,,,,,,,,,,,,,,,,995.0,,
1185,Clovers Hot  Sweet Sauce 700G,Pack size : 700g,KES175.00(Inc. VAT),Average Nutritional Value As Per 100g,154kcal,644.336kJ,0.5g,38.0g,37.4g,0.0g,1.0g,1020.7mg,Sauce,Paste,Food,,,,,996.0,,
1186,Chika Chika Scotch Bonnet Sauce 135g,Pack size : 135g,KES130.00(Inc. VAT),Average Nutritional Value As Per 100g,23.79kcal,99.53736kJ,0.98g,4.36g,2.49g,0.27g,,,Sauce,Paste,Food,,,,,997.0,,
1187,Zesta Chilli Tamarind Sauce 400g,Pack size : 400g,KES119.00(Inc. VAT),Average Nutritional Value As Per 100g,205kcal,857.72kJ,0g,38g,38g,5.1g,0g,572mg,Sauce,Paste,Food,Tamarind,,,,998.0,,
1188,Kaputei Hot Chilli Sauce 400g,Pack size : 400g,KES105.00(Inc. VAT),Average Nutritional Value As Per 100g,5kcal,20.92kJ,,1g,1g,,,80mg,Hot Chilli Sauce,Paste,Food,,,,,999.0,,
1189,Lyons Chilli Sauce 375g,Pack size : 375g,KES103.00(Inc. VAT),Average Nutritional Value As Per 100ml,88kcal,368.192kJ,1.7g,9.6g,1.1g,2.4g,4.7g,,Chilli Sauce,Paste,Food,,,2.3g,,1000.0,,
1190,Zesta Fruity Spicy Sauce 400G,Pack size : 400 gr,KES149.00(Inc. VAT),,,,,,,,,,,,,,,,,1001.0,,
1191,Nando's Medium Peri Peri Sauce 250g,Pack size : 250g,KES928.00(Inc. VAT),Average Nutritional Value As Per 100g,45kcal,188.28kJ,0.7g,1.1g,1g,3.4g,,,Sauce,Paste,Food,,,,,1002.0,,
1192,CHIKA CHIKA HOT CHILLI 135G,Pack size : 135ml,KES130.00(Inc. VAT),Average Nutritional Value As Per 100g,23.7kcal,99.16kJ,0.94g,4.31g,2.55g,0.23g,,,Sauce,Paste,Food,,,,,1003.0,,
1193,Tabasco Sriracha Chilli Sauce 256ml,Pack size : 256ml,KES789.00(Inc. VAT),Average Nutritional Value As Per 100g,121kcal,506kJ,2g,27g,19g,0g,0g,0mg,Chilli Sauce,Paste,Food,,,,,1004.0,,
1194,Peptang Tomato Garlic Sauce 250G,,KES75.00(Inc. VAT),,,,,,,,,,,,,,,,,1005.0,,
1195,Nandos Peri Peri Rub Garlic Med 25G,Pack size : 25g,KES595.00(Inc. VAT),Nutrition information per 100g,,1218kJ,5.5g,67g,45g,2.1g,,18.9g,Food,Powder,Spice,,"Free From Artificial Colours
Free From Artificial Flavours
Free From Artificial Preservatives",,"•	No Artificial Colours
•	No Artificial Flavours
•	No Artificial Preservatives",1006.0,,
1196,Nandos Peri Peri Rub Smokey Bbq Med 25G,Pack size : 25g,KES595.00(Inc. VAT),Nutrition information per 100g,279 Kcal,1177 kJ,4.2g,52g,42g,4.2g,,25g,Food,Powder,Spice,Smoky BBQ,"Free From Artificial Colours
Free From Artificial Flavours
Free From Artificial Preservatives",,"•	No Artificial Colours
•	No Artificial Flavours
•	No Artificial Preservatives",1007.0,,
1197,DEE THAI SWEETCHILLI SAUCE 690ML,,KES870.00(Inc. VAT),,,,,,,,,,,,,,,,,1008.0,,
1198,CHIKA CHIKA TAMARIND CHILLY 135G,Pack size : 135ml,KES130.00(Inc. VAT),Average Nutritional Value As Per 100g,24.10kcal,100.83kJ,0.98g,4.55g,2.71g,0.22g,,,Sauce,Paste,Food,Tamarind,,,,1009.0,,
1199,Chilli Pilli Hot And Sweet Sauce 400G,Pack size : 400G,KES255.00(Inc. VAT),,,,,,,,,,,,,,,,,1010.0,,
1200,Clovers Hot  Sweet Sauce 250G,Pack size : 250g,KES77.00(Inc. VAT),Average Nutritional Value As Per 100g,154kcal,644.336kJ,0.5g,38.0g,37.4g,0.0g,1.0g,1020.7mg,Sauce,Paste,Food,,,,,1011.0,,
1201,Lyons Hot And Sweet Sauce 400g,Pack size : 400g,KES125.00(Inc. VAT),Average Nutritional Value As Per 100g,108.64kcal,454.54976kJ,0.81g,26.27g,24.54g,0.25g,1.05g,,Sauce,Paste,Food,,,3g,,1012.0,,
1202,Lyons Chilli Sauce 250g,Pack size : 250g,KES72.00(Inc. VAT),Average Nutritional Value As Per 100ml,88kcal,368.192kJ,1.7g,9.6g,1.1g,2.4g,4.7g,,Chilli Sauce,Paste,Food,,,2.3g,,1013.0,,
1203,Peptang Tomato Garlic Sauce 400g,,KES100.00(Inc. VAT),,,,,,,,,,,,,,,,,1014.0,,
1204,Virginia Green Garden Hot Sauce 88ml,Pack size : 88ml,KES110.00(Inc. VAT),,8.7g,,60kcal,Average Nutritional Value As Per 100g,,3000mg,,,Food,,1.4g,251.04kJ,Paste,,,1015.0,,
1205,Kol Chilli Sauce 250ml,Pack size : 250ml,KES65.00(Inc. VAT),Average Nutritional Value As Per 100ml,11kcal,46kJ,0g,1g,1g,0g,0g,2mg,Sauce,Paste,Food,Chilli,,0g,,1016.0,,
1206,Presto Chilli Sauce 250g,Pack size : 250g,KES61.00(Inc. VAT),Average Nutritional Value As Per 100g,59kcal,246.856kJ,2.05g,12.21g,5.77g,0.33g,,,Chilli Sauce,Paste,Food,,,,,1017.0,,
1207,Rufus Teague Sugar-Free Slim Sweet 347G,Pack size : 347g,KES1699.00(Inc. VAT),,,,,,,,,,,,,,,,,1018.0,,
1208,Rufus Teague Smoky Apple 432G,Pack size : 432g,KES1899.00(Inc. VAT),,,,,,,,,,,,,,,,,1019.0,,
1209,Suree Sweet Plum Sauce 295ml,Pack size : 295ml,KES525.00(Inc. VAT),Average Nutritional Value As Per 100ml,241kcal,1025kJ,0g,60g,58g,0g,0g,0mg,Plum Sauce,Paste,Food,,,1.7g,,1020.0,,
1210,Melinda'S Extra Hot Sauce 148Ml,Pack size : 148ml,KES999.00(Inc. VAT),,,,,,,,,,,,,,,,,1021.0,,
1211,Roland Thai Sweet Chili Sauce 180G,Pack size : 180g,KES3199.00(Inc. VAT),,,,,,,,,,,,,,,,,1022.0,,
1212,Melinda'S Naga Jolokia Pepper Hot Sauce 148Ml,Pack size : 148ml,KES1299.00(Inc. VAT),,,,,,,,,,,,,,,,,1023.0,,
1213,Rufus Teague Honey Sweet Bbq Sauce 43G,Pack size : 43g,KES1699.00(Inc. VAT),,,,,,,,,,,,,,,,,1024.0,,
1214,Thai Dancer Wasabi Mayo Sauce 200ml,,KES695.00(Inc. VAT),,,,,,,,,,,,,,,,,1025.0,,
1215,Rufus Teague Chicken And Rub 176G,Pack size : 176g,KES1429.00(Inc. VAT),,,,,,,,,,,,,,,,,1026.0,,
1216,Roland Hot Chili Sauce 150Ml,Pack size : 150ml,KES2499.00(Inc. VAT),,,,,,,,,,,,,,,,,1027.0,,
1217,Roland Chili Garlic Sauce 227G,Pack size : 227G,KES999.00(Inc. VAT),,,,,,,,,,,,,,,,,1028.0,,
1218,Roland Hot Chili Oil In Jars 185Ml,Pack size : 185ml,KES1799.00(Inc. VAT),,,,,,,,,,,,,,,,,1029.0,,
1219,Rufus Teague Blazin Hot 432G,Pack size : 432g,KES1899.00(Inc. VAT),,,,,,,,,,,,,,,,,1030.0,,
1220,Roland Mango Chili Sauce 200Ml,Pack size : 200ml,KES999.00(Inc. VAT),,,,,,,,,,,,,,,,,1031.0,,
1221,Chilli Pilli Hot Pilli Sauce 150G,Pack size : 150G,KES185.00(Inc. VAT),,,,,,,,,,,,,,,,,1032.0,,
1222,Kol Chillisauce 380G,,KES95.00(Inc. VAT),,,,,,,,,,,,,,,,,1033.0,,
1223,Melinda'S Ghost Pepper Hot Sauce 148Ml,Pack size : 148ml,KES979.00(Inc. VAT),,,,,,,,,,,,,,,,,1034.0,,
1224,Taystee Flaming Hot Sauce 400g,,KES410.00(Inc. VAT),,,,,,,,,,,,,,,,,1035.0,,
1225,Melinda'S Scorpion Pepper Hot Sauce 148Ml,Pack size : 148ml,KES979.00(Inc. VAT),,,,,,,,,,,,,,,,,1036.0,,
1226,Louisiana Brand Hotter Hot Sauce 177Ml,Pack size : 177ml,KES999.00(Inc. VAT),,,,,,,,,,,,,,,,,1037.0,,
1227,Melinda'S Extra Reserve 148Ml,Pack size : 148ml,KES999.00(Inc. VAT),,,,,,,,,,,,,,,,,1038.0,,
1228,Melinda'S Garlic Hot Sauce 148Ml,Pack size : 148ml,KES999.00(Inc. VAT),,,,,,,,,,,,,,,,,1039.0,,
1229,Louisiana Brand Hot Sauce 354Ml,Pack size : 354ml,KES1299.00(Inc. VAT),,,,,,,,,,,,,,,,,1040.0,,
1230,Louisiana Brand Hot Sauce 946Ml,Pack size : 946ml,KES1699.00(Inc. VAT),,,,,,,,,,,,,,,,,1041.0,,
1231,Melinda'S Etra Hot Sauce 148Ml,Pack size : 148ml,KES999.00(Inc. VAT),,,,,,,,,,,,,,,,,1042.0,,
1232,Melinda'S Redsavina Hot Sauce 148Ml,Pack size : 148ml,KES979.00(Inc. VAT),,,,,,,,,,,,,,,,,1043.0,,
1233,Melinda'S Hot Sauce 148Ml,Pack size : 148ml,KES999.00(Inc. VAT),,,,,,,,,,,,,,,,,1044.0,,
1234,Tamtam Chili Sauce 250ml,Pack size : 250ml,KES60.00(Inc. VAT),Average Nutritional Value As Per 100ml,91.6kcal,383.25kJ,2.5g,20g,13.3g,0.3g,2.3g,1332.8mg,Sauce,Liquid,Food,,,,,1045.0,,
1235,Atkins& Potts Salsa Dip 200G,,KES899.00(Inc. VAT),Typical Values per 100g,53 kcal,239 kJ,1.6g,9.2g,7.2g,1.1g,1.5g,,,,,,,2.0g,,1046.0,,
1236,MJ’s Barbecue Sauce 510g,Pack size : 510g,KES688.00(Inc. VAT),Average Nutritional Value As Per 100g,70kcal,292.88kJ,0g,17g,15g,0g,0g,300mg,Sauce,Paste,Food,,,,,1047.0,,
1237,American Gourmet Barbeque Sauce 510g,Pack size : 510g,KES650.00(Inc. VAT),Average Nutritional Value As Per 100g,50kcal,209.2kJ,,13g,11g,,,340mg,Sauce,Paste,Food,,,,,1048.0,,
1238,Kaputei Barbeque Sauce 1Kg,Pack size : 1Kg,,Average Nutritional Value As Per 100g,125kcal,523kJ,0.45g,29g,25g,0.70g,0.5g,880mg,Sauce,Paste,Food,,,,,1049.0,,
1239,Thai Dancer Oriental Hoisin Sauce 300ml,,KES545.00(Inc. VAT),,,,,,,,,,,,,,,,,1050.0,,
1240,Kaputei Sweet And Sticky Barbeque Sauce 700g,Pack size : 700g,,Average Nutritional Value As Per 100g,208kcal,886kJ,1.4g,50.0g,44.0g,0.0g,,,Sauce,Paste,Food,,,,,1051.0,,
1241,Arpo Sweet Chilli Sauce 320G,Pack size : 320G,KES485.00(Inc. VAT),,,,,,,,,,,,,,,,,1052.0,,
1242,Chain Kwo Siracha Chili Sauce 530g,Pack size : 530g,KES650.00(Inc. VAT),Average Nutritional Value As Per 100g,122kcal,513kJ,1.8g,23g,18g,1.3g,,,Sauce,Paste,Food,,,,,1053.0,,
1243,Virginia Oyster Sauce 710g,Pack size : 710g,KES400.00(Inc. VAT),Average Nutritional Value As Per 100g,51kcal,213kJ,1.4g,11g,0g,0.3g,0.3g,2733mg,Sauce,Paste,Food,,,0g,,1054.0,,
1244,Lyons Burger Sauce 340ml,Pack size : 340ml,KES259.00(Inc. VAT),Average Nutritional Value As Per 15ml,44kcal,184.096kJ,0.2g,2.7g,2.3g,3.6g,0.1g,138mg,Burger Sauce,Paste,Food,,,,,1055.0,,
1245,Mj'S Italian Dressing 237Ml,Pack size : 237ml,KES390.00(Inc. VAT),Average Nutritional Value As Per 100ml,283kcal,1184.07kJ,0.5g,10.3g,4g,28.1g,0g,1642mg,Sauce,Liquid,Food,,,,,1056.0,,
1246,Arpo Sweet Chilli Sauce 700Ml,Pack size : 700Ml,KES665.00(Inc. VAT),,,,,,,,,,,,,,,,,1057.0,,
1247,Thai Dancer Teriyaki Mayo Sauce 200ml,Pack size : 200ml,KES595.00(Inc. VAT),Average Nutritional Value As Per 100g,238kcal,1006kJ,,52g,46g,3.2g,,,Sauce,Liquid,Food,,,4.7g,,1058.0,,
1248,Arpo Fish Sauce 625Ml,Pack size : 625ML,KES665.00(Inc. VAT),,,,,,,,,,,,,,,,,1059.0,,
1249,CHIKA CHIKA GARLIKY TWIST 300G,Pack size : 300ml,KES254.00(Inc. VAT),Average Nutritional Value As Per 100g,23.18kcal,96.98kJ,0.96g,4.30g,2.22g,0.24g,,,Sauce,Paste,Food,Garlicky Twist,,,,1060.0,,
1250,KAPUTEI BBQ HICKORY SMOKE FLAVO700G,Pack size : 700g,,Average Nutritional Value As Per 36g,50kcal,209kJ,0g,13g,11g,0g,0g,300mg,Sauce,Paste,Food,,,,,1061.0,,
1251,"Kaputei Honey, Barbeque Sauce 700g",Pack size : 700g,,Average Nutritional Value As Per 100g,50kcal,209.2kJ,,14g,12g,,,310mg,Sauce,Paste,Food,"Honey, Barbeque",,,,1062.0,,
1252,Kaputei Tomato Sauce 1L,,KES190.00(Inc. VAT),,,,,,,,,,,,,,,,,1063.0,,
1253,Mama's Choice Chips Sauce 5kg,Pack size : 5kg,KES299.00(Inc. VAT),Average Nutritional Value As Per 100g,82kcal,336kJ,4.3g,19g,12g,0.5g,4.1g,59mg,Chips Sauce,Paste,Food,Tomato,,0g,,1064.0,,
1254,SANTA MARIA FISH SAUCE 150ML,,KES225.00(Inc. VAT),,,,,,,,,,,,,,,,,1065.0,,
1255,Jade Bridge Fish Sauce 625ml,,,Average Nutritional Value As Per 100ml,20kcal,83.68kJ,4.4g,0.3g,,0g,,8210mg,Fish Sauce,Paste,Food,,,,,1066.0,,
1256,Mama's Choice Chips Tomato Sauce 400g,Pack size : 400g,KES60.00(Inc. VAT),Average Nutritional Value As Per 100g,82kcal,336kJ,4.3g,19g,12g,0.5g,4.1g,59mg,Sauce,Paste,Food,,,,,1067.0,,
1257,Mama's Choice Chips Sauce 1kg,Pack size : 1kg,KES114.00(Inc. VAT),Average Nutritional Value As Per 100g,82kcal,336kJ,4.3g,19g,12g,0.5g,4.1g,59mg,Chips Sauce,Paste,Food,Tomato,,0g,,1068.0,,
1258,Chilli Pilli Garlic Chill Sauce 400G,Pack size : 400G,KES255.00(Inc. VAT),,,,,,,,,,,,,,,,,1069.0,,
1259,KAPUTEI TOMATO SAUCE 400G,,KES99.00(Inc. VAT),,,,,,,,,,,,,,,,,1070.0,,
1260,Sharwood Stir Fry Sweet & Sour Sauce 195G,Pack size : 195g,KES599.00(Inc. VAT),,,,,,,,,,,,,Sweet & Tangy,,,"Low in fat, vegetarian-friendly",1071.0,,
1261,Colmans Rec Mix Cottage Pie 45G,Pack size : 45g,KES359.00(Inc. VAT),Average Nutritional Value Per 100g,,,,,,,,,,,,,,,,1072.0,,
1262,Presto Tomato Sauce 400g,Pack size : 400g,KES94.00(Inc. VAT),Average Nutritional Value As Per 100g,20kcal,83.68kJ,0.2g,5g,4.8g,0.2g,0.1g,136mg,Sauce,Paste,Food,,,,,1073.0,,
1263,Chika Chika Fire Roasted Garlicky Twist Sauce 135g,Pack size : 135g,KES130.00(Inc. VAT),Average Nutritional Value As Per 100g,23.66kcal,98.99344kJ,0.94g,4.57g,2.35g,0.18g,,,Garlicky Twist Sauce,Paste,Food,Garliky Twist,,,,1074.0,,
1264,Kaputei Barbeque Sauce 700g,Pack size : 700g,,Average Nutritional Value As Per 100g,125kcal,523kJ,0.45g,29g,25g,0.70g,0.5g,880mg,Sauce,Paste,Food,,,,,1075.0,,
1265,KAPUTEI TOMATO SAUCE 700G,,KES165.00(Inc. VAT),,,,,,,,,,,,,,,,,1076.0,,
1266,Sharwood Real Oyster Sauce 150Ml,Pack size : 150ml,KES849.00(Inc. VAT),,,,,,,,,,,,,Savory & Umami,,,"High in umami, gluten-free",1077.0,,
1267,Mama’s Choice Chips Sauce 2kg,Pack size : 2kg,KES195.00(Inc. VAT),Average Nutritional Value As Per 100g,82kcal,336kJ,Average Nutritional Value As Per 100g,19g,12g,0.5g,,Paste,437kcal,0g,105g,4g,1828.4kJ,Sauce,Tomato,1078.0,Food,
1268,Mama's Choice Chips Sauce 250g,Pack size : 250g,KES45.00(Inc. VAT),Average Nutritional Value As Per 100g,82kcal,336kJ,4.3g,19g,12g,0.5g,4.1g,59mg,Chips Sauce,Paste,Food,Tomato,,0g,,1079.0,,
1269,SANTA MARIA FISH SAUCE 620ML,,KES495.00(Inc. VAT),,,,,,,,,,,,,,,,,1080.0,,
1270,Peptang Mama’s Choice Chips Sauce 700g,Pack size : 700g,KES105.00(Inc. VAT),Average Nutritional Value As Per 100g,82kcal,336kJ,4.3g,19g,12g,0.5g,4.1g,,Sauce,Paste,Food,,,0g,,1081.0,,
1271,Colmans Mix Sausage Caserole 39G,Pack size : 39g,KES359.00(Inc. VAT),Average Nutritional Value Per 100g,,,,,,,,,,,,,,,,1082.0,,
1272,Presto Tomato Sauce 1Kg,Pack size : 1Kg,KES209.00(Inc. VAT),Average Nutritional Value As Per 100g,20kcal,83.68kJ,0.2g,5g,4.8g,0.2g,0.1g,136mg,Sauce,Paste,Food,,,,,1083.0,,
1273,Heinz 1000 Island Sauce 225Ml,,,,,,,,,,,,,,,,,,,1084.0,,
1274,Presto Tomato Sauce 700g,Pack size : 700g,KES167.00(Inc. VAT),Average Nutritional Value As Per 100g,20kcal,83.68kJ,0.2g,5g,4.8g,0.2g,0.1g,136mg,Sauce,Paste,Food,,,,,1085.0,,
1275,Galitos Garlic Piri-Piri Sauce 250ml,Pack size : 250ml,KES480.00(Inc. VAT),Average Nutritional Value As Per 100g,275kcal,1150.6kJ,,9g,4g,26g,,,Piri-Piri Sauce,Paste,Food,Garlic,,,,1086.0,,
1276,Kaputei Tomato Sauce 250g,,KES67.00(Inc. VAT),Average Nutritional Value As Per 100g,42kcal,174kJ,1g,8g,5g,3.1g,1g,1.2mg,Tomato Sauce,Paste,Food,,,,,1087.0,,
1277,Chef King Oyster Sauce 510g,Pack size : 510g,KES450.00(Inc. VAT),Average Nutritional Value As Per 100g,136kcal,569.024kJ,5g,29g,23g,0g,0g,4379mg,Oyster Sauce,Paste,Food,,,,,1088.0,,
1278,ZESTA TOMATO GARLIC SAUCE 400G,,KES109.00(Inc. VAT),,,,,,,,,,,,,,,,,1089.0,,
1279,Ragu Old World Style Mushroom Sauce 396G,Pack size : 396g,KES599.00(Inc. VAT),,,,,,,,,,,,,Savory & Umami,,,"Vitamins, Fiber",1090.0,,
1280,Sacla Vegan Basil Pesto Sauce 190g,Pack size : 190g,KES650.00(Inc. VAT),Average Nutritional Value As Per 100g,384kcal,1585kJ,2.5g,9.4g,1.2g,37g,1.7g,,Sauce,Paste,Food,Basil,,,,1091.0,,
1281,Sharwood Stir Fry Black Bean Sauce 195G,Pack size : 195g,KES599.00(Inc. VAT),,,,,,,,,,,,,Earthy & Savory,,,"Low in fat, gluten-free",1092.0,,
1282,Thai Dancer Sweet And Sour Sauce 300ml,,KES506.00(Inc. VAT),,,,,,,,,,,,,,,,,1093.0,,
1283,Thai Dancer Spring Rolls Chili Sauce 300ml,Pack size : 300ml,KES434.00(Inc. VAT),Average Nutritional Value As Per 100g,200kcal,837kJ,0.0g,50g,48g,0.0g,,,Sauce,Liquid,Food,,,1.5g,,1094.0,,
1284,Peptang Fruity Brown Sauce 400g,Pack size : 400g,KES210.00(Inc. VAT),Average Nutritional Value As Per 20g,28kcal,117.15kJ,0.2g,6.7g,4g,0g,0g,0.2mg,Brown Sauce,Paste,Food,Fruity,,0g,,1095.0,,
1285,Thai Dancer Black Pepper Sauce 200ml,Pack size : 200ml,KES445.00(Inc. VAT),Average Nutritional Value As Per 100g,110kcal,466kJ,1.5g,25g,21g,,1g,,Sauce,Liquid,Food,,,4.2g,,1096.0,,
1286,Thai Dancer Garlic Chilli Sauce 300ml,,KES445.00(Inc. VAT),,,,,,,,,,,,,,,,,1097.0,,
1287,Colmans Mm Shepherds Pie Mix 50G,Pack size : 50g,KES359.00(Inc. VAT),Average Nutritional Value Per 100g,,,,,,,,,,,,,,,,1098.0,,
1288,Thai Dancer Sriracha Mayo Sauce 200ml,,KES645.00(Inc. VAT),,,,,,,,,,,,,,,,,1099.0,,
1289,Zesta Premium Tomato Ketchup 700G,Pack size : 700g,,Average Nutritional Value As Per 100g,103kcal,430.95kJ,1.35g,39.59g,22.47g,0.1g,,0.11mg,Ketchup,Paste,Food,,,,,1100.0,,
1290,Heinz Tomato Ketchup Squeezy 910G,Pack size : 910g,KES1519.00(Inc. VAT),Average Nutritional Value As Per 100g,15kcal,65kJ,0.2g,3.5g,3.4g,,,,Ketchup,Paste,Food,Tomato,,,,1101.0,,
1291,PEPTANG TOMATO KETCHUP 700G,Pack size : 700 gr,,,,,,,,,,,,,,,,,,1102.0,,
1292,Heinz Tomato Ketchup 342g,Pack size : 342g,KES299.00(Inc. VAT),Average Nutritional Value As Per 100g,102kcal,435kJ,1.2g,23.2g,22.8g,0.1g,0g,0mg,Ketchup,Paste,Food,Tomato,,0g,,1103.0,,
1293,Peptang Tomato Ketchup  400 gr,Pack size : 400 gr,KES189.00(Inc. VAT),,,,,,,,,,,,,,,,,1104.0,,
1294,Zesta Tomato Ketchup 400 gr,Pack size : 400 gr,KES189.00(Inc. VAT),,,,,,,,,,,,,,,,,1105.0,,
1295,KAPUTEI TOMATO KETCHUP 400G,,,,,,,,,,,,,,,,,,,1106.0,,
1296,Macuisine Real Tomato Ketchup 380g,,KES329.00(Inc. VAT),,,,,,,,,,,,,,,,,1107.0,,
1297,HEINZ TOMATO KETCHUP GLASS 295G,,KES298.00(Inc. VAT),,,,,,,,,,,,,,,,,1108.0,,
1298,Clovers Tomato Ketchup 5Kg,,KES1175.00(Inc. VAT),,,,,,,,,,,,,,,,,1109.0,,
1299,Zesta Sauce 8Pieces Gift Pack,,KES750.00(Inc. VAT),,,,,,,,,,,,,,,,,1110.0,,
1300,American Garden Tomato Ketchup 567g,Pack size : 567g,KES639.00(Inc. VAT),Average Nutritional Value As Per 100g,88kcal,368.192kJ,0g,23g,2g,0g,0g,0mg,Ketchup,Paste,Food,,,,,1111.0,,
1301,Kaputei Tomato Ketchup 700g,Pack size : 700g,,Average Nutritional Value As Per 100g,64kcal,268kJ,12g,12g,11g,0.1g,,0.36g,Ketchup,Paste,Food,,,,,1112.0,,
1302,Peptang Tomato Ketchup  400 gr,Pack size : 400 gr,KES189.00(Inc. VAT),,,,,,,,,,,,,,,,,1113.0,,
1303,Kaputei Mayo Ketchup Dressing 250G,Pack size : 250g,KES219.00(Inc. VAT),Average Nutritional Value As Per 100g,64kcal,268kJ,12g,12g,11g,0.01g,0.36g,0mg,Mayo Ketchup Dressing,Paste,Food,,,,,1114.0,,
1304,American Garden Tomato Ketchup 1.02kg,Pack size : 1.02Kg,KES999.00(Inc. VAT),Average Nutritional Value As Per 100g,88kcal,368.192kJ,0g,23g,2g,0g,0g,0mg,Ketchup,Paste,Food,,,,,1115.0,,
1305,Macuisine Hot Tomato Ketchup 380g,,KES329.00(Inc. VAT),,,,,,,,,,,,,,,,,1116.0,,
1306,MJ's Original Tomato Ketchup 567g,Pack size : 567g,KES432.00(Inc. VAT),Average Nutritional Value As Per 100g,95kcal,397.48kJ,0g,24g,22g,0g,0g,441mg,Ketchup,Paste,Food,Tomato,,,,1117.0,,
1307,Clovers Tomato Ketchup 700G,Pack size : 700 gr,KES244.00(Inc. VAT),,,,,,,,,,,,,,,,,1118.0,,
1308,Stokes Reduced Sug Tomato Ketchup 475G,Pack size : 475g,KES1249.00(Inc. VAT),Nutrition Average Values per 100g,80Kcal,342 Kj,1.9g,17.0g,14g,,,,,,,,,1.7g,,1119.0,,
1309,Samwa Spicy Mango Ketchup 400 gr,Pack size : 400 gr,KES232.00(Inc. VAT),,,,,,,,,,,,,,,,,1120.0,,
1310,Samwa Hot Mango Ketchup 250 gr,Pack size : 250 gr,KES184.00(Inc. VAT),,,,,,,,,,,,,,,,,1121.0,,
1311,Samwa Mango Ketchup 700g,Pack size : 700g,KES277.00(Inc. VAT),Average Nutritional Value As Per Serving Size,195kcal,814kJ,0.1g,39.6g,46.5g,0.2g,0.6g,0mg,Mango Ketchup,Paste,Food,Mango,,0g,,1122.0,,
1312,Zesta Tomato Ketchup Hot 400G,,KES189.00(Inc. VAT),,,,,,,,,,,,,,,,,1123.0,,
1313,Clovers Tomato Ketchup400G,,KES123.00(Inc. VAT),,,,,,,,,,,,,,,,,1124.0,,
1314,Samwa Natural Foods Mango Ketchup 400g,Pack size : 400g,KES228.00(Inc. VAT),Average Nutritional Value As Per 100g,102kcal,426kJ,1g,23g,22g,0g,0g,1800mg,Ketchup,Paste,Food,Mango,,,,1125.0,,
1315,Samwa Natural Foods Mango Ketchup 250g,Pack size : 250g,KES180.00(Inc. VAT),Average Nutritional Value As Per 100g,102kcal,426kJ,1g,23g,22g,0g,0g,1800mg,Ketchup,Paste,Food,Mango,,,,1126.0,,
1316,SUREE SUKIYAKI SAUCE 150ML,,KES395.00(Inc. VAT),,,,,,,,,,,,,,,,,1127.0,,
1317,Samwa Spicy Mango Ketchup 250 gr,,KES184.00(Inc. VAT),,,,,,,,,,,,,,,,,1128.0,,
1318,Peptang Tomato Ketchup 20g,Pack size : 20g,KES10.00(Inc. VAT),Average Nutritional Value As Per 100g,94kcal,399kJ,1.4g,20g,19g,0.5g,,,Tomato Ketchup,Paste,Food,,,1.8g,,1129.0,,
1319,Amazon Tomato Ketchup 340g,Pack size : 340g,KES285.00(Inc. VAT),Average Nutritional Value As Per 100g,110kcal,460kJ,1.1g,26.3g,15.9g,0.1g,0.24g,412mg,Ketchup,Liquid,Food,,,,,1130.0,,
1320,Samwa Hot Mango Ketchup 400g,Pack size : 400g,KES232.00(Inc. VAT),Average Nutritional Value As Per Serving Size,195kcal,814kJ,0.1g,39.6g,46.5g,0.2g,0.6g,0mg,Mango Ketchup,Paste,Food,Mango,,0g,,1131.0,,
1321,Samwa Natural Foods Spicy Mango Ketchup 700g,Pack size : 700g,KES278.00(Inc. VAT),Average Nutritional Value As Per 100g,15kcal,62kJ,0g,4g,0g,0g,0g,0mg,Ketchup,Paste,Food,Mango,,,,1132.0,,
1322,Zesta Ketchup glass 350 gr,Pack size : 350 gr,KES189.00(Inc. VAT),,,,,,,,,,,,,,,,,1133.0,,
1323,Samwa Natural Foods Tomato Ketchup 250g,Pack size : 250g,KES144.00(Inc. VAT),Average Nutritional Value As Per 100g,64kcal,267kJ,1g,12g,11g,0g,0g,360mg,Ketchup,Paste,Food,Tomato,,,,1134.0,,
1324,Samwa Hot Tomato Ketchup 250g,Pack size : 250g,KES148.00(Inc. VAT),Average Nutritional Value As Per Serving Size,20kcal,85kJ,0g,4g,3g,0g,0g,200mg,Tomato Ketchup,Paste,Food,Tomato,,0g,,1135.0,,
1325,KOL Tomato Ketchup 425g,Pack size : 425g,KES185.00(Inc. VAT),Average Nutritional Value As Per 100g,105kcal,439.32kJ,1g,22g,17g,,,547mg,Tomato Ketchup,Paste,Food,,,,,1136.0,,
1326,Lyons Tomato Ketchuo 385g,Pack size : 385g,,Average Nutritional Value As Per 61g,15kcal,62.76kJ,1g,3g,1g,0g,1g,280mg,Tomato Sauce,Paste,Food,Tomato,,,,1137.0,,
1327,Kevian Tomato Ketchup 400g,Pack size : 400g,KES189.00(Inc. VAT),,,,,,,,,,,,,,,,,1138.0,,
1328,Kaputei Chipotle Dressing 250G,Pack size : 250g,KES219.00(Inc. VAT),Average Nutritional Value As Per 100g,30kcal,125.52kJ,0.1g,2g,2g,2.5g,,80mg,Dressing,Paste,Food,,,,,1139.0,,
1329,Samwa Hot Tomato Ketchup 400g,Pack size : 400g,KES192.00(Inc. VAT),Average Nutritional Value As Per Serving Size,20kcal,85kJ,0g,4g,3g,0g,0g,200mg,Tomato Ketchup,Paste,Food,Tomato,,0g,,1140.0,,
1330,TAMTAM TOMATO SAUCE 250ML,,KES50.00(Inc. VAT),,,,,,,,,,,,,,,,,1141.0,,
1331,Samwa Hot Ketchup 700 gr,Pack size : 700 gr,KES272.00(Inc. VAT),,,,,,,,,,,,,,,,,1142.0,,
1332,TAMTAM TOMATO SAUCE 400ML,,KES70.00(Inc. VAT),,,,,,,,,,,,,,,,,1143.0,,
1333,Samwa Hot Mango Ketchup 700 gr,Pack size : 700 gr,KES282.00(Inc. VAT),,,,,,,,,,,,,,,,,1144.0,,
1334,Samwa Natural Foods Tomato Ketchup 400g,Pack size : 400g,KES187.00(Inc. VAT),Average Nutritional Value As Per 17g,20kcal,83kJ,0g,5g,4g,0g,0g,160mg,Tomato Ketchup,Paste,Food,,,,,1145.0,,
1335,Samwa Spicy Ketchup 400 gr,Pack size : 400 gr,KES192.00(Inc. VAT),,,,,,,,,,,,,,,,,1146.0,,
1336,Samwa Natural Foods Tomato Ketchup 700g,Pack size : 700g,KES267.00(Inc. VAT),Average Nutritional Value As Per 100g,64kcal,267kJ,1g,12g,11g,0g,0g,360mg,Ketchup,Paste,Food,Tomato,,,,1147.0,,
1337,Samwa Natural Foods Spicy Ketchup 700g,Pack size : 700g,KES272.00(Inc. VAT),Average Nutritional Value As Per 9g,15kcal,62kJ,0g,4g,3g,0g,,220mg,Ketchup,Paste,Food,Spicy,,,,1148.0,,
1338,Macuisine Just Mayonnaise 330g,Pack size : 330g,KES429.00(Inc. VAT),Average Nutritional Value As Per 100g,680kcal,2845.12kJ,1g,0.6g,0.6g,12g,,635mg,Mayonnaise,Paste,Food,,,,,1149.0,,
1339,Lyons Gourmet Mayonnaise 400ml,Pack size : 400ml,KES389.00(Inc. VAT),Average Nutritional Value As Per 100g,100kcal,418.4kJ,,,,2g,,75mg,Mayonnaise,Paste,Food,,,,,1150.0,,
1340,Heinz Mayonnaise Sauce 430g,Pack size : 430g,KES898.00(Inc. VAT),Average Nutritional Value As Per 100g,596kcal,2497kJ,0.8g,4.2g,3.2g,64g,,550mg,Mayonnaise Sauce,Paste,Food,,,,,1151.0,,
1341,MJ’s Original Mayonnaise 947ml,Pack size : 947ml,KES570.00(Inc. VAT),Average Nutritional Value As Per 100g,580kcal,2426.72kJ,1g,9g,4g,,,450mg,Mayonnaise,Paste,Food,,,,,1152.0,,
1342,Macuisine Garlic Mayonnaise 330g,Pack size : 330g,KES429.00(Inc. VAT),Average Nutritional Value As Per 100g,580kcal,2426.72kJ,1g,9g,4g,,,450mg,Mayonnaise,Paste,Food,Garlic,,,,1153.0,,
1343,Heinz Regular Mayonnaise 400ml,Pack size : 400ml,KES998.00(Inc. VAT),Average Nutritional Value As Per 100g,596kcal,2497kJ,0.8g,4.2g,3.2g,64g,,550mg,Mayonnaise,Paste,Food,,,,,1154.0,,
1344,Zesta Eggless Mayonnaise 340g,Pack size : 340g,KES268.00(Inc. VAT),Average Nutritional Value As Per 100g,580kcal,2426.72kJ,1g,9g,4g,,,450mg,Mayonnaise,Paste,Food,,,,,1155.0,,
1345,Hellmann'S Real Mayonnaise 800G,,,,,,,,,,,,,,,,,,,1156.0,,
1346,American Garden Mayonnaise 237ml,Pack size : 237ml,KES775.00(Inc. VAT),Average Nutritional Value As Per 100g,309kcal,1292kJ,0.93g,8.98g,4.91g,29.9g,0.23g,1700mg,Mayonnaise,Paste,Food,,,,,1157.0,,
1347,Lyons Garlic Mayo Creamy Mayonnaise 340ml,Pack size : 340ml,KES349.00(Inc. VAT),Average Nutritional Value As Per 100g,724kcal,2979kJ,1.9g,1.1g,1.1g,79.1g,,,Mayonnaise,Paste,Food,Garlic,,,,1158.0,,
1348,Kaputei Mayonnaise Premium Blend 350g,,,,10g,5g,217kcal,Average Nutritional Value As Per 100g,,766mg,,,Food,,,907kJ,Paste,,,1159.0,,
1349,MJ’s Original Mayonnaise 473ml,Pack size : 473ml,KES381.00(Inc. VAT),Average Nutritional Value As Per 100ml,174kcal,728.016kJ,0.2g,0g,1.7g,15.3g,0.1g,745mg,Mayonnaise,Cream,Food,,,,,1160.0,,
1350,Kaputei Mayonnaise 350g,,,,10g,5g,217kcal,Average Nutritional Value As Per 100g,,766mg,,,Food,,,907kJ,Paste,,,1161.0,,
1351,Santa Maria Mayonnaise 946ml,Pack size : 946ml,KES575.00(Inc. VAT),Average Nutritional Value As Per 100g,453kcal,1860kJ,0g,2.3g,0g,49g,0g,0mg,Mayonnaise,Paste,Food,,,,,1162.0,,
1352,Lyons Light Mayonnaise Jar 380ml,Pack size : 380ml,,Average Nutritional Value As Per 15g,42kcal,175.728kJ,,,,4g,,,Mayonnaise,Cream,Food,,,,,1163.0,,
1353,MJ’s Original Mayonnaise 237ml,Pack size : 237ml,KES214.00(Inc. VAT),Average Nutritional Value As Per 100g,580kcal,2426.72kJ,1g,9g,4g,,,450mg,Mayonnaise,Paste,Food,,,,,1164.0,,
1354,Lyons Light Mayonnaise Jar 725ml,Pack size : 725ml,,Average Nutritional Value As Per 15g,42kcal,175.728kJ,,,,4g,,,Mayonnaise,Cream,Food,,,,,1165.0,,
1355,Lyons Gourmet Mayonnaise 725ml,Pack size : 725ml,KES629.00(Inc. VAT),Average Nutritional Value As Per 100g,100kcal,418.4kJ,,,,2g,,75mg,Mayonnaise,Paste,Food,,,,,1166.0,,
1356,Lyons Light Mayo Mayonnaise 340ml,Pack size : 340ml,KES349.00(Inc. VAT),Average Nutritional Value As Per Serving,45kcal,188kJ,,1g,1g,4.5g,,110mg,Mayonnaise,Paste,Food,,,,,1167.0,,
1357,Macuisine Vegan Mayonnaise 330g,Pack size : 330g,KES429.00(Inc. VAT),Average Nutritional Value As Per 100g,654kcal,2738kJ,0.5g,3.9g,2.7g,72g,,,Mayonnaise,Paste,Food,,,,,1168.0,,
1358,Presto Original Mayonnaise 380ml,Pack size : 380ml,KES309.00(Inc. VAT),Average Nutritional Value As Per 100g,580kcal,2426.72kJ,1g,9g,4g,,,450mg,Original Mayonnaise,Cream,Food,,,,,1169.0,,
1359,Heinz Mayonnaise Sauce 215g,Pack size : 215g,KES598.00(Inc. VAT),Average Nutritional Value As Per 100g,596kcal,2497kJ,0.8g,4.2g,3.2g,64g,,550mg,Mayonnaise Sauce,Paste,Food,,,,,1170.0,,
1360,Royale Garden Mayonnaise 946ml,Pack size : 946ml,KES595.00(Inc. VAT),,,,,,,,,,Mayonnaise,Paste,Food,,,,,1171.0,,
1361,Presto Light Mayonnaise 380ml,Pack size : 380ml,KES309.00(Inc. VAT),Average Nutritional Value As Per 15g,42kcal,175.728kJ,,,,4g,,,Light Mayonnaise,Cream,Food,,,,,1172.0,,
1362,Heinz Mayonnaise Sauce 940g,Pack size : 940g,KES1798.00(Inc. VAT),Average Nutritional Value As Per 100g,596kcal,2497kJ,0.8g,4.2g,3.2g,64g,,550mg,Mayonnaise Sauce,Paste,Food,,,,,1173.0,,
1363,Presto Original Mayonnaise 725ml,Pack size : 725ml,KES515.00(Inc. VAT),Average Nutritional Value As Per 100g,580kcal,2426.72kJ,1g,9g,4g,,,450mg,Original Mayonnaise,Cream,Food,,,,,1174.0,,
1364,Zesta Chilli Mayonnaise 370G,,KES269.00(Inc. VAT),,,,,,,,,,,,,,,,,1175.0,,
1365,MJ’s Olives Mayonnaise 310ml,Pack size : 310ml,KES329.00(Inc. VAT),Average Nutritional Value As Per 100ml,176kcal,736.384kJ,0g,4g,0g,15g,0g,664mg,Mayonnaise,Cream,Food,Olives,,,,1176.0,,
1366,FESTIVA MAYONNAISE 473ML,,KES555.00(Inc. VAT),,,,,,,,,,,,,,,,,1177.0,,
1367,MJ’s Black Pepper Mayonnaise 310ml,Pack size : 310ml,KES329.00(Inc. VAT),Average Nutritional Value As Per 100ml,49kcal,205.016kJ,0g,0g,0g,5g,0g,58mg,Mayonnaise,Cream,Food,,,,,1178.0,,
1368,Zaza Mayonnaise Pet 500Ml,,KES420.00(Inc. VAT),,,,,,,,,,,,,,,,,1179.0,,
1369,MJ’s Mayochup Sauce 310ml,Pack size : 310ml,KES329.00(Inc. VAT),Average Nutritional Value As Per 100ml,174kcal,728.016kJ,0g,10g,1g,15g,0g,745mg,Sauce,Paste,Food,,,,,1180.0,,
1370,American Garden Lite Mayonnaise 237ml,Pack size : 237ml,KES659.00(Inc. VAT),Average Nutritional Value As Per 100g,150kcal,628kJ,,,,,,45mg,Mayonnaise,Paste,Food,,,,,1181.0,,
1371,FESTIVA MAYONNAISE 237ML,,KES280.00(Inc. VAT),,,,,,,,,,,,,,,,,1182.0,,
1372,MJ’s Red Chilli Mayonnaise 310ml,Pack size : 310ml,KES329.00(Inc. VAT),Average Nutritional Value As Per 100ml,174kcal,728.016kJ,0g,1g,0g,15g,0g,745mg,Mayonnaise,Cream,Food,Red Chilli,,,,1183.0,,
1373,Lyons Chilli Mayo Creamy Mayonnaise 340ml,Pack size : 340ml,KES349.00(Inc. VAT),Average Nutritional Value As Per 100g,385.1kcal,1611kJ,1.4g,9.9g,6g,38.4g,,492mg,Mayonnaise,Paste,Food,Chilli,,,,1184.0,,
1374,Lyons Mayowhip Creaming And Tangy Dressing Eggless Mayonnaise 340ml,Pack size : 340ml,KES249.00(Inc. VAT),Average Nutritional Value As Per 20g,42kcal,175.728kJ,0.15g,0.8g,0.4g,4.4g,0g,0.12mg,Mayonnaise,Paste,Food,,,,,1185.0,,
1375,Hellmann'S Real Mayonnaise 400G,,,,,,,,,,,,,,,,,,,1186.0,,
1376,AMERICAN GOURMET MAYO PET946ML,Pack size : 946ml,KES480.00(Inc. VAT),,,,,,,,,,Mayonnaise,Paste,Food,,,,,1187.0,,
1377,American Gourmet Regular Mayonnaise 237g,Pack size : 237g,KES250.00(Inc. VAT),Average Nutritional Value As Per 100g,174kcal,728kJ,0.2g,0g,1.7g,15.3g,0.1g,745mg,Mayonnaise,Paste,Food,,,,,1188.0,,
1378,ROYALE GARDEN MAYONNAISE 236ML,,KES195.00(Inc. VAT),,,,,,,,,,,,,,,,,1189.0,,
1379,American Garden Regular Mayonnaise 473ml,Pack size : 473ml,KES420.00(Inc. VAT),Average Nutritional Value As Per Serving,100kcal,408kJ,,,,11g,,65mg,Mayonnaise,Cream,Food,,,,,1190.0,,
1380,Santa Maria Mayonnaise 264ml,Pack size : 264ml,KES295.00(Inc. VAT),Average Nutritional Value As Per 100g,111kcal,471.7kJ,0.11g,3g,,11g,,110mg,Mayonnaise,Paste,Food,,,,,1191.0,,
1381,Atkins & Potts Toasted Garlic Mayonnaise 175G,Pack size : 175g,KES999.00(Inc. VAT),Typical Values per 100g,678Kcal,2793Kj,2.7g,6.2g,2.1g,71.1g,0.8g,,,,,,,,,1192.0,,
1382,Zaza Mayonnaise 946Ml,,KES640.00(Inc. VAT),,,,,,,,,,,,,,,,,1193.0,,
1383,Zesta Glass Eggless Mayonnaise 1Kg,,KES990.00(Inc. VAT),,,,,,,,,,,,,,,,,1194.0,,
1384,Presto Light Mayonnaise 725ml,Pack size : 725ml,KES515.00(Inc. VAT),Average Nutritional Value As Per 15g,42kcal,175.728kJ,,,,4g,,,Light Mayonnaise,Cream,Food,,,,,1195.0,,
1385,ROYALE GARDEN MAYONNAISE 473ML,,KES375.00(Inc. VAT),,,,,,,,,,,,,,,,,1196.0,,
1386,Atkins & Potts Wasabi Mayonnaise 175G,Pack size : 175g,KES999.00(Inc. VAT),Typical Values per 100g,598Kcal,2464Kj,2.9g,5.1g,2.8g,62.7g,1.0g,,,,,,,1.2g,,1197.0,,
1387,American Garden Mayonnaise Lite 887ml,Pack size : 887ml,KES1430.00(Inc. VAT),Average Nutritional Value As Per 100g,45kcal,188.28kJ,,1g,1g,,,105mg,Mayonnaise,Paste,Food,,,,,1198.0,,
1388,Zesta Tomato Sauce 1Kg,Pack size : 1Kg,,Average Nutritional Value As Per 100g,103kcal,430.952kJ,1g,16g,22g,,5g,,Tomato Sauce,Paste,Food,Tomato,,,,1199.0,,
1389,Peptang  Tomato Sauce 1Kg,Pack size : 1Kg,KES223.00(Inc. VAT),Average Nutritional Value As Per 100g,50kcal,209.2kJ,1.5g,6.5g,,0.4g,1.8g,581mg,Tomato Sauce,Paste,Food,Tomato,,,,1200.0,,
1390,Zesta Tomato Sauce 700G,Pack size : 700g,,Average Nutritional Value As Per 100g,103kcal,430.952kJ,1g,16g,22g,,5g,,Tomato Sauce,Paste,Food,Tomato,,,,1201.0,,
1391,Peptang  Tomato Sauce 700g,Pack size : 700g,,Average Nutritional Value As Per 70g,50kcal,209.2kJ,1.5g,6.5g,,0.4g,1.8g,581mg,Tomato Sauce,Paste,Food,Tomato,,,,1202.0,,
1392,Galitos Lemon And Herb Piri-Piri Sauce 250ml,Pack size : 250ml,KES480.00(Inc. VAT),Average Nutritional Value As Per 100g,120kcal,502.08kJ,1.91g,42.1g,16.33g,0.14g,,,Piri-Piri Sauce,Paste,Food,"Lemon, Herb",,,,1203.0,,
1393,Peptang  Tomato Sauce 5kg,Pack size : 5Kg,KES450.00(Inc. VAT),Average Nutritional Value As Per 100g,50kcal,209.2kJ,1.5g,6.5g,,0.4g,1.8g,581mg,Tomato Sauce,Paste,Food,Tomato,,,,1204.0,,
1394,Kaputei Roasted Pepper Pesto 190g,Pack size : 190g,KES399.00(Inc. VAT),Average Nutritional Value As Per 100g,266kcal,1112kJ,3g,5g,3g,25g,2g,600mg,Roasted Pepper Pesto,Paste,Food,,,,,1205.0,,
1395,Peptang Choma Sauce 400g,Pack size : 400g,KES145.00(Inc. VAT),Average Nutritional Value As Per 100g,138.08kcal,577.72672kJ,0.99g,33.53g,29.48g,,,840mg,Choma Sauce,Paste,Food,,,,,1206.0,,
1396,Lea & Perrins Worcestershire Sauce 290ml,Pack size : 290ml,KES599.00(Inc. VAT),Average Nutritional Value As Per 100ml,96kcal,405kJ,0.8g,21g,18.8g,0.9g,,,Sauce,Paste,Food,,,,,1207.0,,
1397,Zesta Tomato Sauce 5kg,Pack size : 5Kg,KES449.00(Inc. VAT),Average Nutritional Value As Per 100g,103kcal,430.952kJ,1g,16g,22g,,5g,,Tomato Sauce,Paste,Food,Tomato,,,,1208.0,,
1398,Zesta Tomato Sauce 400g,Pack size : 400g,,Average Nutritional Value As Per 100g,103kcal,430.952kJ,1g,16g,22g,,5g,,Tomato Sauce,Paste,Food,Tomato,,,,1209.0,,
1399,Galitos Premium Reserve Piri-Piri Sauce 250ml,Pack size : 250ml,KES480.00(Inc. VAT),Average Nutritional Value As Per 100g,20kcal,20kJ,1g,2g,16.33g,0.14g,,,Piri-Piri Sauce,Paste,Food,,,,,1210.0,,
1400,Galito's Mild Piri-Piri Sauce 250ml,Pack size : 250ml,KES480.00(Inc. VAT),Average Nutritional Value As Per 100g,42kcal,175.728kJ,1.91g,1g,16.33g,3g,,4mg,Piri-Piri Sauce,Paste,Food,,,,,1211.0,,
1401,Clovers Tomato Sauce 1Kg,Pack size : 1Kg,KES190.00(Inc. VAT),Average Nutritional Value As Per 100g,20kcal,83.68kJ,0.2g,5g,4.8g,0.2g,0.1g,136mg,Sauce,Paste,Food,,,,,1212.0,,
1402,SANTA MARIA OYSTER SAUCE 150ML,,KES225.00(Inc. VAT),,,,,,,,,,,,,,,,,1213.0,,
1403,HP Original Sauce 255g,Pack size : 255g,KES599.00(Inc. VAT),Average Nutritional Value As Per 100g,121.89kcal,510kJ,0.9g,28.3g,23.1g,0.1g,,0.512g,Sauce,Paste,Food,,,,,1214.0,,
1404,Peptang  Tomato Sauce 400g,Pack size : 400g,KES108.00(Inc. VAT),Average Nutritional Value As Per 100g,50kcal,209.2kJ,1.5g,6.5g,,0.4g,1.8g,581mg,Tomato Sauce,Paste,Food,Tomato,,,,1215.0,,
1405,Kaputei Pizza Sauce Regular 650g,Pack size : 650g,KES600.00(Inc. VAT),Average Nutritional Value As Per 100g,58.21kcal,243.55064kJ,1.79g,12.33g,8.16g,0.19g,1.38g,700mg,Sauce,Paste,Food,,,,,1216.0,,
1406,Sunfresh Tomato Sauce 1Kg,Pack size : 1kg,KES109.00(Inc. VAT),Average Nutritional Value As Per 100g,140kcal,585.76kJ,4g,25g,5g,2g,0g,420mg,Tomato Sauce,Paste,Food,,,,,1217.0,,
1407,Atkins & Potts Tartare Sauce 185G,Pack size : 185g,KES999.00(Inc. VAT),Typical Values per 100g,492kcal,2024 kJ,2.4g,3.6g,2.7g,52g,1g,,,,,,,1.7g,,1218.0,,
1408,Lea & Perrins Worcestershire Sauce 150ml,Pack size : 150ml,KES399.00(Inc. VAT),Average Nutritional Value As Per 100g,77kcal,322.168kJ,,19g,10g,,,980mg,Worcestershire Sauce,Paste,Food,,,,,1219.0,,
1409,Lyons Tomato Sauce 700g,Pack size : 700g,,Average Nutritional Value As Per 100g,15kcal,62.76kJ,1g,3g,1g,,1g,280mg,Tomato Sauce,Paste,Food,Tomato,,,,1220.0,,
1410,Clovers Tomato Sauce 700G,Pack size : 700g,KES165.00(Inc. VAT),Average Nutritional Value As Per 100g,20kcal,83.68kJ,0.2g,5g,4.8g,0.2g,0.1g,136mg,Sauce,Paste,Food,,,,,1221.0,,
1411,Peptang  Tomato Sauce 250g,Pack size : 250g,KES70.00(Inc. VAT),Average Nutritional Value As Per 100g,50kcal,209.2kJ,1.5g,6.5g,,0.4g,1.8g,581mg,Tomato Sauce,Paste,Food,Tomato,,,,1222.0,,
1412,Sunfresh Sauce 250g,Pack size : 250g,KES44.00(Inc. VAT),Average Nutritional Value As Per 100g,140kcal,585.76kJ,4g,25g,5g,2g,,420mg,Tomato Sauce,Paste,Food,,,,,1223.0,,
1413,Peptang Tomato Sauce 400g,Pack size : 400g,KES110.00(Inc. VAT),Average Nutritional Value As Per 100g,50kcal,209.2kJ,1.5g,6.5g,,0.4g,1.8g,581mg,Tomato Sauce,Paste,Food,,,,,1224.0,,
1414,Lyons Tomato Sauce 400g,Pack size : 400g,,Average Nutritional Value As Per 100g,15kcal,62.76kJ,1g,3g,1g,,1g,280mg,Tomato Sauce,Paste,Food,Tomato,,,,1225.0,,
1415,Zesta Tomato Sauce 250g,Pack size : 250g,KES69.00(Inc. VAT),Average Nutritional Value As Per 100g,103kcal,430.952kJ,1g,16g,22g,,5g,,Tomato Sauce,Paste,Food,Tomato,,,,1226.0,,
1416,Sunfresh Sauce 700g,Pack size : 700g,KES94.00(Inc. VAT),Average Nutritional Value As Per 100g,140kcal,585.76kJ,4g,25g,5g,2g,,420mg,Tomato Sauce,Paste,Food,,,,,1227.0,,
1417,Clovers Tomato Sauce 400G,Pack size : 400g,KES90.00(Inc. VAT),Average Nutritional Value As Per 100g,20kcal,83.68kJ,0.2g,5g,4.8g,0.2g,0.1g,136mg,Sauce,Paste,Food,,,,,1228.0,,
1418,Rufus Teague Spicy Steak Sauce 198G,Pack size : 198g,KES1599.00(Inc. VAT),,,,,,,,,,,,,,,,,1229.0,,
1419,Clovers Tomato Sauce 250G,Pack size : 250g,KES65.00(Inc. VAT),Average Nutritional Value As Per 100g,140kcal,585.76kJ,4g,25g,5g,0.4g,,420mg,Tomato Sauce,Paste,Food,,,,,1230.0,,
1420,Lyons Tomato Sauce 250g,Pack size : 250g,,Average Nutritional Value As Per 100g,15kcal,62.76kJ,1g,3g,1g,,1g,280mg,Tomato Sauce,Paste,Food,Tomato,,,,1231.0,,
1421,Sunfresh Sauce 400g,Pack size : 400g,KES62.00(Inc. VAT),Average Nutritional Value As Per 100g,140kcal,585.76kJ,4g,25g,5g,2g,,420mg,Tomato Sauce,Paste,Food,,,,,1232.0,,
1422,Lyons Tomato Sauce 1Kg,Pack size : 1Kg,,Average Nutritional Value As Per 100g,15kcal,62.76kJ,1g,3g,1g,,1g,280mg,Tomato Sauce,Paste,Food,Tomato,,,,1233.0,,
1423,Sunfresh Sauce 2kg,Pack size : 2Kg,KES190.00(Inc. VAT),Average Nutritional Value As Per 100g,140kcal,585.76kJ,4g,25g,5g,2g,,420mg,Tomato Sauce,Paste,Food,,,,,1234.0,,
1424,Clovers Tomato Sauce 5Kg,Pack size : 5Kg,KES438.00(Inc. VAT),Average Nutritional Value As Per 100g,20kcal,83.68kJ,0.2g,5g,4.8g,0.2g,0.1g,136mg,Sauce,Paste,Food,,,,,1235.0,,
1425,Clovers Tomato Sauce 2Kg,Pack size : 2Kg,KES203.00(Inc. VAT),Average Nutritional Value As Per 100g,20kcal,83.68kJ,0.2g,5g,4.8g,0.2g,0.1g,136mg,Sauce,Paste,Food,,,,,1236.0,,
1426,Santa Maria Oyster Sauce 710g,Pack size : 710g,KES495.00(Inc. VAT),Average Nutritional Value As Per 100g,77kcal,322kJ,2.6g,15g,,0.6g,,,Sauce,Liquid,Food,,,,,1237.0,,
1427,American Garden Worcestershire Sauce 295ml,Pack size : 295ml,KES599.00(Inc. VAT),Average Nutritional Value As Per 5ml,5kcal,20.92kJ,,1g,1g,,,60mg,Worcestershire Sauce,Paste,Food,,,,,1238.0,,
1428,Sea Korus Premium Oyster Sauce 710g,Pack size : 710g,KES444.00(Inc. VAT),Average Nutritional Value As Per 19g,25kcal,104.6kJ,0.6g,5.7g,4g,0g,,,Oyster Sauce,Liquid,Food,,,,,1239.0,,
1429,Heinz Original Salad Cream 285g,Pack size : 285g,KES849.00(Inc. VAT),Average Nutritional Value As Per 100g,18.5g,17g,293kcal,Average Nutritional Value As Per 100g,17.0g,23.8g,1.5g,,Food,Liquid,1.3g,1215kJ,Cream,,,1240.0,,
1430,Galitos Hot Piri-Piri Sauce 250ml,Pack size : 250ml,KES480.00(Inc. VAT),Average Nutritional Value As Per 100g,40kcal,167.36kJ,1.91g,3g,1g,2g,,1mg,Piri-Piri Sauce,Paste,Food,,,,,1241.0,,
1431,Carrefour Barbecue Sauce 350ml,Pack size : 350ml,KES899.00(Inc. VAT),Average Nutritional Value As Per 100g,121kcal,513kJ,1.1g,27g,24g,0.7g,1.2 g,,Barbecue Sauce,Paste,Food,,,2.2g,,1242.0,,
1432,Duerr's Mint Sauce 200g,Pack size : 200g,KES487.00(Inc. VAT),Average Nutritional Value As Per 100g,125kcal,529kJ,1.5g,24g,17g,0.5g,1.9g,,Sauce,Paste,Food,Mint,,1.10g,,1243.0,,
1433,Chicken Tonight Spanish Chicken Sauce 500g,Pack size : 500g,KES799.00(Inc. VAT),Average Nutritional Value As Per 100g,43kcal,180kJ,1.1g,6.9g,5.5g,0.9g,1.3g,0mg,Sauce,Paste,Food,,,0.77g,,1244.0,,
1434,Rufus Teague Steak Sauce 198G,Pack size : 198g,KES1599.00(Inc. VAT),,,,,,,,,,,,,,,,,1245.0,,
1435,Rufus Teague Fish Rub 181G,Pack size : 181g,KES1459.00(Inc. VAT),,,,,,,,,,,,,,,,,1246.0,,
1436,Kaputei Barbecue Sauce 400g,Pack size : 400g,,Average Nutritional Value As Per 100g,19kcal,79.496kJ,,4g,4g,,,,Barbecue Sauce,Paste,Food,Barbecue,,,,1247.0,,
1437,Zesta Choma Sauce 400g,Pack size : 400g,KES150.00(Inc. VAT),Average Nutritional Value As Per 100g,138.08kcal,577.72kJ,0.99g,33.53g,29.48g,,,840mg,Choma Sauce,Paste,Food,,,,,1248.0,,
1438,Kaputei Honey  Barbecue Sauce 400g,Pack size : 400g,,Average Nutritional Value As Per 100g,70kcal,292.88kJ,,17g,15g,,,300mg,Barbecue Sauce,Paste,Food,Honey,,,,1249.0,,
1439,Kaputei Sweet And Sticky Barbecue Sauce 400g,Pack size : 400g,,Average Nutritional Value As Per 100g,19kcal,79.496kJ,,4g,4g,,,,Barbecue Sauce,Paste,Food,Barbecue,,,,1250.0,,
1440,Zesta Mayonnaise Barbecue Sauce 375G,,KES269.00(Inc. VAT),,,,,,,,,,,,,,,,,1251.0,,
1441,Kaputei Smokey  Barbecue Sauce 400g,Pack size : 400g,,Average Nutritional Value As Per 100g,50kcal,209kJ,,13g,11g,,,300mg,Barbecue Sauce,Paste,Food,Barbecue,,,,1252.0,,
1442,Zesta Choma Sauce 700G,,KES259.00(Inc. VAT),,,,,,,,,,,,,,,,,1253.0,,
1443,Virginia Green Garden Barbeque Sauce 510g,Pack size : 510g,KES488.00(Inc. VAT),Average Nutritional Value As Per Serving,280kcal,1171.5kJ,0g,72g,64g,0g,0g,880mg,Barbeque Sauce,Paste,Food,Barbeque,,,,1254.0,,
1444,Chilli Pilli Green Pilli Sauce 150G,Pack size : 150G,KES185.00(Inc. VAT),,,,,,,,,,,,,,,,,1255.0,,
1445,Carrefour Selection BBQ Sauce 285G,,KES699.00(Inc. VAT),,,,,,,,,,,,,,,,,1256.0,,
1446,CHAIN KWO HOISIN SAUCE 250G,,KES319.00(Inc. VAT),,,,,,,,,,,,,,,,,1257.0,,
1447,Stokes Sweet & Sticky Bbq Sauce 325G,Pack size : 325g,KES1229.00(Inc. VAT),Nutrition Average Values per 100g,225 Kcal,955 Kj,1.5g,53g,49g,,,,,,,,,1.1g,,1258.0,,
1448,Stokes Original Bbq Sauce Squeze 510G,Pack size : 510g,KES1299.00(Inc. VAT),Nutrition Average Values per 100g,192 Kcal,813 Kj,1.9g,39g,26g,3.1g,,,,,,,,1.6g,,1259.0,,
1449,Stokes Hot & Spicy Bbq Sauce 315G,Pack size : 315g,KES1229.00(Inc. VAT),Nutrition Average Values per 100g,206 Kcal,868 Kj,2.2g,41g,36g,3g,,,,,,,,1.6g,,1260.0,,
1450,Heinz Mustard Sauce 245g,Pack size : 245g,KES299.00(Inc. VAT),Average Nutritional Value As Per 100g,81kcal,338.904kJ,5g,6g,,1g,,1270mg,Sauce,Paste,Food,,,,,1261.0,,
1451,Maille Dijon Original Mustard 215g,Pack size : 215g,KES1160.00(Inc. VAT),Average Nutritional Value As Per 100g,151kcal,631kJ,7g,3.5g,1.9g,11g,2g,,Mustard,Solid,Food,,,,,1262.0,,
1452,American Garden Spicy Brown Mustard 340g,Pack size : 340g,KES835.00(Inc. VAT),Average Nutritional Value As Per 100g,5kcal,20.92kJ,4g,,,,,65mg,Mustard,Paste,Food,,,,,1263.0,,
1453,Virginia Green Garden Yellow Mustard 227g,Pack size : 227g,KES260.00(Inc. VAT),Average Nutritional Value As Per 100g,120kcal,502.08kJ,5g,9g,5g,5g,0g,1000mg,Yellow Mustard,Paste,Food,,,,,1264.0,,
1454,MJ's Premium Yellow Mustard Sauce 227g,Pack size : 227g,KES349.00(Inc. VAT),Average Nutritional Value As Per 5g,5kcal,20.92kJ,,,,,,64mg,Sauce,Paste,Food,,,,,1265.0,,
1455,Festiva Yellow Mustard 227G,Pack size : 227G,KES465.00(Inc. VAT),,,,,,,,,,,,,,,,,1266.0,,
1456,Zesta Yellow Mustard 240G,,KES189.00(Inc. VAT),,,,,,,,,,,,,,,,,1267.0,,
1457,Kaputei Mustard Sauce 250G,Pack size : 250g,KES219.00(Inc. VAT),Average Nutritional Value As Per 100g,98kcal,492kJ,4.2g,7.5g,,13.4g,3.5g,2.8mg,Mustard Sauce,Paste,Food,,,,,1268.0,,
1458,American Gourmet Dijon Mustard 370g,Pack size : 370g,KES500.00(Inc. VAT),Average Nutritional Value As Per 100g,149kcal,623.416kJ,7.2g,3.2g,2.7g,11.5g,,,Mustard,Paste,Food,,,,,1269.0,,
1459,Roland Dijon Mustard Provencal Herbs 198G,Pack size : 198g,KES1299.00(Inc. VAT),,,,,,,,,,,,,,,,,1270.0,,
1460,American Garden yellow mustard Squeeze 227g,Pack size : 227g,KES495.00(Inc. VAT),Average Nutritional Value As Per 5g,0kcal,0kJ,0g,0g,0g,0g,0g,60mg,Mustard,Paste,Food,,,,,1271.0,,
1461,Atkins & Potts Dill Mustard Sauce 185G,Pack size : 185g,KES999.00(Inc. VAT),Typical Values per 100g,485kcal,2000 kJ,1.8g,11.9g,11.5g,47.2g,0.9g,,,,,,,2.1g,,1272.0,,
1462,Lyons Island Salad Dressing 360ml,Pack size : 360ml,,Average Nutritional Value As Per 100ml,154kcal,644.33kJ,6g,12g,3g,3g,2.5g,252mg,Salad Dressing,Cream,Food,,,,,1273.0,,
1463,Ma Cuisine Classic Tartare Sauce 330g,Pack size : 330g,KES449.00(Inc. VAT),Average Nutritional Value As Per 100g,397.1kcal,1661.46kJ,10.5g,85.4g,54.2g,1.5g,,9.1mg,Sauce,Paste,Food,,,,,1274.0,,
1464,Kaputei Dressing Cool Ranch Sauce 250G,Pack size : 250g,KES219.00(Inc. VAT),Average Nutritional Value As Per 100g,110kcal,460kJ,12g,2g,1g,0g,0g,290mg,Sauce,Paste,Food,,,,,1275.0,,
1465,Lyons Greek Vinaigrette Salad Dressing 360ml,Pack size : 360ml,,Average Nutritional Value As Per 2 Tablespoon,110kcal,460.24kJ,0g,2g,1g,11g,0g,280mg,Salad Dressing,Paste,Food,,,,,1276.0,,
1466,Miyata Sushi Expert Mirin 250ml,Pack size : 250ml,KES600.00(Inc. VAT),Average Nutritional Value As Per 100ml,307kcal,1305kJ,0.5g,77g,54g,0.5g,,,Mirin,Liquid,Food,,,,,1277.0,,
1467,Kaputei 1000 Islands Salad Dressing 250Ml,Pack size : 250ml,KES219.00(Inc. VAT),Average Nutritional Value As Per 100ml,154kcal,644.33kJ,6g,12g,3g,3g,2.5g,252mg,Salad Dressing,Cream,Food,,,,,1278.0,,
1468,Lyons Greek Light Salad Dressing 360ml,Pack size : 360ml,,Average Nutritional Value As Per 100g,1970Kcal,8242.48 kJ,3g,3g,0g,0g,,0mg,Salad Dressing,Paste,Food,,,,,1279.0,,
1469,Lyons Salad Cream Salad Dressing 360ml,Pack size : 360ml,,Average Nutritional Value As Per 100g,268kcal,1121.312kJ,0g,25g,24g,28g,0g,790mg,Salad Dressing,Paste,Food,,,,,1280.0,,
1470,AMERICAN G.CREA.RANCH DRESSING267ML,Pack size : 267ml,KES729.00(Inc. VAT),Average Nutritional Value As Per 30g,140kcal,585.7kJ,0g,2g,1g,15g,0g,220mg,Ranch Dressing and Dip,Paste,Food,,,,,1281.0,,
1471,THAI DANCER TOM YUM PASTE 50G,,KES245.00(Inc. VAT),,,,,,,,,,,,,,,,,1282.0,,
1472,Thai Dancer Red Curry Paste 50g,Pack size : 50g,KES245.00(Inc. VAT),Average Nutritional Value As Per 100g,143kcal,595kJ,4g,12g,3.5g,1.5g,9g,,Curry Paste,Paste,Food,,,10.1g,,1283.0,,
1473,Kaputei Dressing Teriyaki Sauce 250G,Pack size : 250g,KES219.00(Inc. VAT),Average Nutritional Value As Per 100g,197kcal,824.24kJ,143g,46.35g,38.75g,0.75g,0g,0mg,Sauce,Paste,Food,,,,,1284.0,,
1474,Carrefour Natural Light Vinaigrette Salad Dressing 0.5L,Pack size : 0.5L,KES599.00(Inc. VAT),Average Nutritional Value As Per 100ml,239kcal,982kJ,,2.5g,2.5g,50g,,1mg,Salad Dressing,Liquid,Food,,,,,1285.0,,
1475,Festiva Italian Dressing 237Ml,Pack size : 237ml,KES410.00(Inc. VAT),,,,,,,,,,,,,Herb & Vinegar,,,"Low Fat, Carbohydrates",1286.0,,
1476,FESTIVA FRENCH DRESSING237ML,,KES410.00(Inc. VAT),,,,,,,,,,,,,,,,,1287.0,,
1477,Thai Dancer Massaman Curry Paste 50g,Pack size : 50g,KES245.00(Inc. VAT),Average Nutritional Value As Per 100g,209kcal,871kJ,2g,22g,18g,11g,5g,,Curry Paste,Paste,Food,,,5.5g,,1288.0,,
1478,Kaputei Dressing Honey Mustard Sauce 250G,Pack size : 250g,KES219.00(Inc. VAT),Average Nutritional Value As Per 100g,130kcal,543kJ,0g,7g,6g,11g,0g,120mg,Sauce,Paste,Food,,,,,1289.0,,
1479,Lyons Italian Vinaigrette Salad Dressing 360ml,Pack size : 360ml,,,,,,,,,,,Salad Dressing,Paste,Food,,,,,1290.0,,
1480,AMERICAN GOURMET THOUSAN ISLAND237G,Pack size : 237g,KES380.00(Inc. VAT),Average Nutritional Value As Per Serving,90kcal,376.56kJ,0g,6g,5g,7g,0g,280mg,Salad Dressing,Paste,Food,,,,,1291.0,,
1481,Kaputei Herb Vinaigrette Dressing 250G,Pack size : 250g,KES219.00(Inc. VAT),,,,,,,,,,,,,,,,,1292.0,,
1482,FESTIVA CAESAR DRESSING 237ML,,KES410.00(Inc. VAT),,,,,,,,,,,,,,,,,1293.0,,
1483,Lyons Italian Light Salad Dressing 360ml,Pack size : 360ml,,,,,,,,,,,Salad Dressing,Paste,Food,,,,,1294.0,,
1484,Thai Dancer Tropical Mangosteen And Chili Sauce 150ml,Pack size : 150ml,KES485.00(Inc. VAT),Average Nutritional Value As Per 100ml,167kcal,711kJ,0.0g,42g,40g,0.0g,,,Sauce,Liquid,Food,,,0.04g,,1295.0,,
1485,THAI DANCER YELLOW CURRY PASTE 50G,,KES245.00(Inc. VAT),,,,,,,,,,,,,,,,,1296.0,,
1486,Atkins & Potts Ranch Dressing 245G,Pack size : 245g,KES1199.00(Inc. VAT),,,,,,,,,,,,,,,,,1297.0,,
1487,American Garden Italian Marinade And Salad Dressing 267ml,Pack size : 267ml,KES729.00(Inc. VAT),Average Nutritional Value As Per 100g,80kcal,334.72kJ,,3g,3g,8g,,530mg,Salad Dressing,Paste,Food,,,,,1298.0,,
1488,Atkins & Potts Wasabi & Lime Dresing 255G,Pack size : 255g,KES1199.00(Inc. VAT),Typical Values per 100g,458kcal,1892 kJ,1.5g,11.2g,8.8g,45g,1.0g,,,,,,,0.74g,,1299.0,,
1489,AMERICAN GOURMET ITALIAN DRESS237G,Pack size : 237ml,KES370.00(Inc. VAT),Average Nutritional Value As Per 100g,283kcal,1184.07kJ,0g,10g,8g,28g,,1642mg,Italian Dressing,Paste,Food,,,,,1300.0,,
1490,Clovers White Vinegar 5L,Pack size : 5L,KES310.00(Inc. VAT),Average Nutritional Value As Per Serving,18.04kcal,75.47936kJ,,4.51g,,,,7.49mg,White Vinegar,Liquid,Food,,,,,1301.0,,
1491,Zesta White Vinegar 700ml,Pack size : 700ml,KES88.00(Inc. VAT),Average Nutritional Value As Per Serving,18.04kcal,75.47936kJ,,4.51g,,,,7.49mg,White Vinegar,Liquid,Food,,,,,1302.0,,
1492,Zesta White Vinegar 5L,Pack size : 5L,KES309.00(Inc. VAT),Average Nutritional Value As Per Serving,18.04kcal,75.47936kJ,,4.51g,,,,7.49mg,White Vinegar,Liquid,Food,,,,,1303.0,,
1493,Clovers White Vinegar 700ml,Pack size : 700ml,KES63.00(Inc. VAT),Average Nutritional Value As Per Serving,18.04kcal,75.47936kJ,,4.51g,,,,7.49mg,White Vinegar,Liquid,Food,,,,,1304.0,,
1494,Presto White Vinegar 5L,Pack size : 5L,KES349.00(Inc. VAT),Average Nutritional Value As Per 100g,13kcal,54.392kJ,0g,0g,0g,0g,0g,0mg,White Vinegar,Liquid,Food,,,,,1305.0,,
1495,American Garden White Vinegar 473ml,Pack size : 473ml,KES395.00(Inc. VAT),Average Nutritional Value As Per 15ml,0kcal,0kJ,,,,,,,White Vinegar,Liquid,Food,,,,,1306.0,,
1496,Clovers White Vinegar 700ml,Pack size : 700ml,KES87.00(Inc. VAT),Average Nutritional Value As Per Serving,18.04kcal,75.47936kJ,,4.51g,,,,7.49mg,White Vinegar,Liquid,Food,,,,,1307.0,,
1497,Andrea Milano White Wine Vinegar 500Ml,Pack size : 500Ml,KES540.00(Inc. VAT),,,,,,,,,,,,,,,,,1308.0,,
1498,Lyons Substitute White Vinegar 700ml,Pack size : 700ml,,Average Nutritional Value As Per Serving,18.04kcal,75.47936kJ,,4.51g,,,,7.49mg,White Vinegar,Liquid,Food,,,,,1309.0,,
1499,De Nigris Organic White Wine Vinegar 500ml,Pack size : 500ml,KES620.00(Inc. VAT),Average Nutritional Value As Per 15ml,3kcal,12.552kJ,,,,,,,Wine Vinegar,Liquid,Food,,,,,1310.0,,
1500,Santa Maria White Wine Vinegar 500ml,Pack size : 500ml,KES395.00(Inc. VAT),,,,,,,,,,Vinegar,Liquid,Food,,,,,1311.0,,
1501,Zesta White Vinegar 300ml,Pack size : 300ml,KES48.00(Inc. VAT),Average Nutritional Value As Per Serving,18.04kcal,75.47936kJ,,4.51g,,,,7.49mg,White Vinegar,Liquid,Food,,,,,1312.0,,
1502,DE NIGRIS B/WHITE WINE VINEGAR500ML,Pack size : 500ml,KES420.00(Inc. VAT),Average Nutritional Value As Per 100g,19kcal,80kJ,,0.2g,,,,,Vinegar,Liquid,Food,,,0.01g,,1313.0,,
1503,Arpo White Rice Vinegar 500Ml,Pack size : 500Ml,KES350.00(Inc. VAT),,,,,,,,,,,,,,,,,1314.0,,
1504,Clovers White Vinegar 400ml,Pack size : 400ml,KES68.00(Inc. VAT),Average Nutritional Value As Per Serving,18.04kcal,75.47936kJ,,4.51g,,,,7.49mg,White Vinegar,Liquid,Food,,,,,1315.0,,
1505,Peptang Substitute White Vinegar 700ml,Pack size : 700ml,KES92.00(Inc. VAT),Average Nutritional Value As Per Serving,18.04kcal,75.47936kJ,,4.51g,,,,7.49mg,White Vinegar,Liquid,Food,,,,,1316.0,,
1506,Top Lure White Vinegar 700ml,Pack size : 700ml,,Average Nutritional Value As Per 15g,2.7kcal,11.2kJ,0g,0g,0g,0g,0g,0.3mg,White Vinegar,Liquid,Food,,,,,1317.0,,
1507,KOL WHITE VINEGAR 700ML,,KES85.00(Inc. VAT),,,,,,,,,,,,,,,,,1318.0,,
1508,Presto White Vinegar 700ml,Pack size : 700ml,KES89.00(Inc. VAT),Average Nutritional Value As Per 100g,13kcal,54.392kJ,0g,0g,0g,0g,0g,0mg,White Vinegar,Liquid,Food,,,,,1319.0,,
1509,Lyons Substitute White Vinegar 5L,Pack size : 5L,,Average Nutritional Value As Per Serving,18.04kcal,75.47936kJ,,4.51g,,,,7.49mg,White Vinegar,Liquid,Food,,,,,1320.0,,
1510,Carrefour White Vinegar Pet 946Ml,Pack size : 946ml,KES199.00(Inc. VAT),Average Nutritional Value As Per 100g,89kcal,362kJ,0.01g,1.2g,1.2g,,,0.05mg,Vinegar,Liquid,Food,,,,,1321.0,,
1511,De Nigris White Italian Condiment 500Ml,Pack size : 500ml,KES990.00(Inc. VAT),,,,,,,,,,,,,,,,,1322.0,,
1512,VARVELLO GRAN WHITE WINE VINEGAR500,,KES420.00(Inc. VAT),,,,,,,,,,,,,,,,,1323.0,,
1513,Prezioso Modena Balsamic Vinegar 500ml,Pack size : 500ml,KES520.00(Inc. VAT),Average Nutritional Value As Per 100ml,88kcal,368.19kJ,0.5g,17g,15g,,,23mg,Vinegar,Liquid,Food,,,,,1324.0,,
1514,Chain Kwo Rice Vinegar 500ml,Pack size : 500ml,KES260.00(Inc. VAT),Average Nutritional Value As Per 100ml,10kcal,41.8kJ,,,,,,0.3mg,Vinegar,Liquid,Food,,,,,1325.0,,
1515,Santa Maria Modena Balsamic Vinegar 500ml,Pack size : 500ml,KES559.00(Inc. VAT),Average Nutritional Value As Per 100ml,88kcal,368.19kJ,0.5g,17g,15g,,,23mg,Vinegar,Liquid,Food,,,,,1326.0,,
1516,Santa Maria Organic Apple Cider Vinegar 1L,Pack size : 1L,KES1069.00(Inc. VAT),Average Nutritional Value As Per 100ml,9.57kcal,40.04kJ,0.11g,2.17g,,0.05g,,17.025mg,Vinegar,Liquid,Food,Apple,,,,1327.0,,
1517,DE NIGRIS S BALSAMC.GLAZE FIGFL50ML,,KES1380.00(Inc. VAT),,,,,,,,,,,,,,,,,1328.0,,
1518,Zesta Brown Vinegar 700ml,Pack size : 700ml,KES88.00(Inc. VAT),Average Nutritional Value As Per 100ml,50kcal,209.2kJ,,2.2g,1.0g,,,11mg,Vinegar,Liquid,Food,,,,,1329.0,,
1519,De Nigris Rose Sweet Vinegar 500Ml,Pack size : 500ml,KES990.00(Inc. VAT),,,,,,,,,,,,,,,,,1330.0,,
1520,Santa Maria Organic Apple Cider Vinegar 500ml,Pack size : 500ml,KES659.00(Inc. VAT),Average Nutritional Value As Per 100ml,9.57kcal,40.04kJ,0.11g,2.17g,,0.05g,,17.025mg,Vinegar,Liquid,Food,Apple,,,,1331.0,,
1521,De Nigris Modena Balsamic Vinegar 500ml,Pack size : 500ml,KES760.00(Inc. VAT),Average Nutritional Value As Per 100ml,88kcal,368.19kJ,0.5g,17g,15g,,,23mg,Vinegar,Liquid,Food,,,,,1332.0,,
1522,De Nigris Spicy Bals Glaze 250Ml,Pack size : 250ml,KES1380.00(Inc. VAT),,,,,,,,,,,,,,,,,1333.0,,
1523,De Nigris Original Classic Glaze Balsamic Vinegar 250g,Pack size : 250g,KES1380.00(Inc. VAT),Average Nutritional Value As Per 100g,88kcal,368.19kJ,0.5g,17g,15g,,,23mg,Vinegar,Liquid,Food,,,,,1334.0,,
1524,Bragg Apple Cider Vinegar 473ml,Pack size : 473ml,KES1499.00(Inc. VAT),Average Nutritional Value As Per 100ml,70kcal,292.88kJ,,0.3g,0.1g,,,,Vinegar,Liquid,Food,,,,,1335.0,,
1525,De Nigris Organic Apple Cider Vinegar 1L,Pack size : 1L,KES1290.00(Inc. VAT),Average Nutritional Value As Per 100ml,70kcal,292.88kJ,,0.3g,0.1g,,,,Vinegar,Liquid,Food,,,,,1336.0,,
1526,American Garden Apple Cider Vinegar 473ml,Pack size : 473ml,KES430.00(Inc. VAT),Average Nutritional Value As Per 100ml,70kcal,292.88kJ,,0.3g,0.1g,,,,Vinegar,Liquid,Food,,,,,1337.0,,
1527,American Garden Apple Cider Vinegar 946ml,Pack size : 946ml,KES899.00(Inc. VAT),Average Nutritional Value As Per 100ml,70kcal,292.88kJ,,0.3g,0.1g,,,,Vinegar,Liquid,Food,,,,,1338.0,,
1528,Santa Maria Apple Cider Vinegar 250ml,Pack size : 250ml,KES275.00(Inc. VAT),Average Nutritional Value As Per 1 Tablespoon,0g,0g,0g,0g,0.4g,0g,0g,0mg,Apple Cider Vinegar,Liquid,Food,Apple,,,,1339.0,,
1529,Varvello Gran Sapore Apple Cider Vinegar 500ml,Pack size : 500ml,KES495.00(Inc. VAT),Average Nutritional Value As Per 100g,22kcal,92.048kJ,0g,0.9g,,0g,0g,5mg,Apple Cider Vinegar,Liquid,Food,,,,,1340.0,,
1530,Wadi Foods Apple Vinegar 500Ml,Pack size : 500ml,KES240.00(Inc. VAT),,,,,,,,,,,,,Tart & Fruity,,,"Low Calories, Antioxidants",1341.0,,
1531,Varvello Apple Vinegar 1L,Pack size : 1L,,Average Nutritional Value As Per 100g,22kcal,92.048kJ,0g,0.9g,,0g,0g,5mg,Vinegar,Liquid,Food,,,,,1342.0,,
1532,De Nigris Organic Red Wine Vinegar 500ml,Pack size : 500ml,KES620.00(Inc. VAT),Average Nutritional Value As Per 100ml,3kcal,12.55kJ,,,,,,,Vinegar,Liquid,Food,,,,,1343.0,,
1533,Andrea Milano Red Wine Vinegar 500Ml,Pack size : 500ML,KES540.00(Inc. VAT),,,,,,,,,,,,,,,,,1344.0,,
1534,Varvello Aceto Di vino Rosso Red Wine Vinegar 1L,Pack size : 1L,KES695.00(Inc. VAT),Average Nutritional Value As Per 100ml,21kcal,90kJ,0.05g,0.5g,0.5g,0g,,,Vinegar,Liquid,Food,,,,,1345.0,Ready to use,
1535,Santa Maria Red Wine Vinegar 500ml,Pack size : 500ml,KES395.00(Inc. VAT),Average Nutritional Value As Per 100ml,2.8 kcal,11.71kJ,,,,,,1.2mg,Vinegar,Liquid,Food,,,,,1346.0,,
1536,Carrefour Red Vinegar Pet 946Ml,Pack size : 946ml,KES189.00(Inc. VAT),Average Nutritional Value As Per 100g,89kcal,362kJ,0.01g,1.2g,1.2g,,,0.05mg,Vinegar,Liquid,Food,,,,,1347.0,,
1537,De Nigris Grape Red Wine Vinegar 500ml,Pack size : 500ml,KES420.00(Inc. VAT),Average Nutritional Value As Per 100ml,19kcal,80kJ,,0.2g,,,,,Vinegar,Liquid,Food,Grape,,,,1348.0,,
1538,Varvello Gran Sapore Red Grape Vinegar 500ml,Pack size : 500ml,KES420.00(Inc. VAT),Average Nutritional Value As Per 100ml,21kcal,90kJ,0.05g,0.5g,0.5g,0g,,,Vinegar,Liquid,Food,,,,,1349.0,Ready to use,
1539,AL AMEERA TAHINA 400ML,,KES1120.00(Inc. VAT),,,,,,,,,,,,,,,,,1350.0,,
1540,Nature Taste Tahini Paste 200g,Pack size : 200g,KES745.00(Inc. VAT),Average Nutritional Value As Per 100g,663kcal,2738kJ,24g,2.2g,0.7g,6g,9.3g,,Tahini,Paste,Food,,,,,1351.0,,
1541,Meridian Tahini Dark 270G,,KES1019.00(Inc. VAT),,,,,,,,,,,,,,,,,1352.0,,
1542,Meridian Organic Tahini Light 270G,Pack size : 270g,KES1039.00(Inc. VAT),,,,,,,,,,,,,Mild Sesame,,,Source of plant-based protein,1353.0,,
1543,Meridian Organic Tahini Dark 270G,Pack size : 270g,KES1039.00(Inc. VAT),,,,,,,,,,,,,Bold Sesame,,,High in calcium and iron,1354.0,,
1544,Varvello Gran Sapore Modena Balsamic Vinegar 500ml,Pack size : 500ml,KES595.00(Inc. VAT),Average Nutritional Value As Per 100ml,0kcal,0kJ,0g,0g,0g,0g,0g,240mg,Balsamic Vinegar,Liquid,Food,,,,,1355.0,,
1545,Chef King Balsamic Vinegar 500ml,Pack size : 500ml,KES390.00(Inc. VAT),Average Nutritional Value As Per 100ml,70kcal,292.88kJ,,0.3g,0.1g,,,,Vinegar,Liquid,Food,,,,,1356.0,,
1546,Andrea Milano Balsamic Vinegar 500Ml,Pack size : 500Ml,KES720.00(Inc. VAT),,,,,,,,,,,,,,,,,1357.0,,
1547,Java House Kenya AA Ground Coffee 375g,Pack size : 375g,,Average Nutritional Values As Per 100g,33kcal,138kj,1.5g,1.69g,0g,0.9g,,,,,,,,,,1358.0,,
1548,Java House Espresso Rice Caramel Chocolate Hand Roasted Ground Coffee 375g,Pack size : 375g,KES1249.00(Inc. VAT),Average Nutritional Value As Per 1cup,2kcal,8.36kJ,,,,,,4mg,Ground Coffee,Powder,Food,,,,,1359.0,,
1549,Java House East African Blend Medium Roast Medium Ground Coffee 375g,Pack size : 375g,KES1179.00(Inc. VAT),Average Nutritional Value As Per 1cup,2kcal,8.36kJ,,,,,,4mg,Ground Coffee,Powder,Food,,,,,1360.0,,
1550,Dormans Coffeehouse Med/Med 500G,Pack size : 500G,KES985.00(Inc. VAT),Average Nutritional Value As Per 1cup,5kcal,20.92kJ,,1g,,,,,Coffee,Powder,Food,,,,,1361.0,,
1551,Java House Ethiopian Yirgacheffe Floral Apricot Crisp Hand Roasted Ground Coffee 375g,Pack size : 375g,KES2449.00(Inc. VAT),Average Nutritional Value As Per 1cup,0kcal,0kJ,,,,,,,Ground Coffee,Powder,Food,,,,,1362.0,,
1552,Dormans Coffeehouse Fine Medium Roast Medium Grind Coffee 500g,Pack size : 500g,KES985.00(Inc. VAT),Average Nutritional Value As Per 1cup,5kcal,20.92kJ,,1g,,,,,Coffee,Powder,Food,,,,,1363.0,,
1553,Dormans Coffeehouse Dark/Med 500G,Pack size : 500G,KES985.00(Inc. VAT),Average Nutritional Value As Per 1cup,10kcal,41.84kJ,,,,,,4mg,ground coffee,solid,Coffee,coffee,,,,1364.0,,
1554,Dormans Continental Dark Chocolatey Dark Roast Medium Ground Coffee 375g,Pack size : 375g,KES998.00(Inc. VAT),Average Nutritional Value As Per 100g,1kcal,4.184kJ,,0.1g,,,,,Ground Coffee,Powder,Food,,,,,1365.0,,
1555,Dormans Coffeehouse Dark/Fine 500G,Pack size : 500G,KES985.00(Inc. VAT),Average Nutritional Value As Per 1cup,2kcal,8.36kJ,,,,,,4mg,Coffee,Powder,Food,,,,,1366.0,,
1556,Java Kenya Blue Blend Beans 375G,Pack size : 375g,KES999.00(Inc. VAT),,2.4Kcal,10.0416KJ,0.4g,0g,0g,og,0.01g,4.7mg,Coffee Beans,Solid,Food,,,0g,,1367.0,Ready to drink,
1557,Out Of Africa 100% Arabica Espresso Ground Coffee 250g,Pack size : 250g,KES425.00(Inc. VAT),Average Nutritional Value As Per 100g,2kcal,8.36kJ,0.5g,0.1g,0.1g,0.1g,0.7g,0.01mg,Ground Coffee,Powder,Food,,,,,1368.0,,
1558,Dormans Gourmet Kenya World Finest Coffee Medium Roast Medium Grind 375g,Pack size : 375g,KES1900.00(Inc. VAT),Average Nutritional Value As Per 100g,2kcal,8.36kJ,0.5g,0.1g,0.1g,0.1g,0.1g,0.01mg,ground coffee,solid,Food,coffee,,,,1369.0,,
1559,Dormans AA Blue Mountain Medium Ground Coffee 375G,Pack size : 375g,,Average Nutritional Value As Per 1cup,11kcal,46.02kj,1g,2g,,,,,grounded coffee,solid,food,coffee,,,,1370.0,,
1560,Dormans Decaffeinated Medium Grind Dark Roast Coffee 375g,Pack size : 375g,KES1815.00(Inc. VAT),Average Nutritional Value As Per 100g,2kcal,8kJ,0g,0g,0g,0g,,4mg,ground coffee,solid,Food,coffee,,,,1371.0,,
1561,Safari Lounge Espresso Blend Dark Roast Coffee 375g,Pack size : 375g,KES1075.00(Inc. VAT),Average Nutritional Value As Per 100g,79kcal,330kJ,3g,14g,,2g,,,Coffee,Powder,Food,,,,,1372.0,,
1562,Out of Africa Mt. Elgon Medium Roast Ground Coffee 500g,Pack size : 500g,KES1680.00(Inc. VAT),Average Nutritional Value As Per 100g,284kcal,1188.26kJ,10.4g,25.9g,0g,15.4g,19.8g,74mg,Coffee,Solid,Food,,,,,1373.0,,
1563,Safari Lounge Gourmet Coffee Ground 375g,Pack size : 375g,KES1100.00(Inc. VAT),Average Nutritional Value As Per 100g,400kcal,1673.6kJ,13g,68g,0g,10g,0g,0mg,Coffee Beans,Solid,Food,,,,,1374.0,,
1564,Dormans Kenya Kahawa Medium Roast Medium Grind Coffee 250g,Pack size : 250g,KES275.00(Inc. VAT),Average Nutritional Value As Per 1cup,5kcal,20.92kJ,,1g,,,,,Coffee,Powder,Food,,,,,1375.0,,
1565,Dormans Household Medium Ground Coffee Beans 375g,Pack size : 375g,KES985.00(Inc. VAT),Average Nutritional Value As Per 226g,2kcal,8kj,,0,0,0,0,4mg,grounded coffee,solid,food,coffee,,,,1376.0,,
1566,Out Of Africa 100% Arabica Dark Roast Ground Coffee 500g,Pack size : 500g,KES1600.00(Inc. VAT),Average Nutritional Value As Per 1cup,0kcal,0kJ,,,,,,,Ground Coffee,Powder,Food,,,,,1377.0,,
1567,Dormans Continental Dark Fine 375g,Pack size : 375g,KES998.00(Inc. VAT),Average Nutritional Value As Per 100g,2.4kcal,10.0416kJ,,0g,0g,0g,,4.7mg,Grounded coffee,solid,food,coffee,,,,1378.0,,
1568,Dormans Decaffeinated Fine Grind Dark Roast Coffee 375g,Pack size : 375g,KES1815.00(Inc. VAT),Average Nutritional Value As Per 100g,2kcal,8kJ,0g,0g,0g,0g,0g,4mg,ground coffee,solid,Food,coffee,,,,1379.0,,
1569,Dormans Gourmet Kenya World Finest Coffee Medium Roast Medium Grind 375g,Pack size : 375g,KES1900.00(Inc. VAT),Average Nutritional Value As Per 100g,2kcal,8kj,0.5g,0.1g,0.1g,0.1g,0.7g,0.01mg,Coffee,Powder,Food,,,,,1380.0,,
1570,Out Of Africa 100% Arabica Dark Roast Ground Coffee 250g,Pack size : 250g,KES800.00(Inc. VAT),Average Nutritional Value As Per 1cup,0kcal,0kJ,,,,,,,Ground Coffee,Powder,Food,,,,,1381.0,,
1571,Dormans Suprema Dark Roast Fine Grind 375g,Pack size : 375g,KES1415.00(Inc. VAT),Average Nutritional Value As Per 226g,2kcal,8kJ,0g,0g,0g,0g,0g,4mg,ground coffee,solid,Food,,,0g,,1382.0,,
1572,Dormans Espresso Intense And Bold Dark And Medium Kenya Coffee 375g,Pack size : 375g,KES1430.00(Inc. VAT),Average Nutritional Value As Per 100g,2kcal,8.36kJ,0.5g,0.1g,0.1g,0.1g,0.7g,0.01mg,Coffee,Powder,Food,,,,,1383.0,,
1573,MacCoffee Kenyan Kahawa Medium Roast Medium Grind Coffee 250g,Pack size : 250g,KES250.00(Inc. VAT),Average Nutritional Value As Per 237g,15kcal,991.60kJ,,,,,,,Coffee,Powder,Food,,,,,1384.0,,
1574,Dormans Coffeehouse Med/Medium 250G,Pack size : 250G,,Average Nutritional Value As Per 1cup,2kcal,8kj,,1g,,,,,Coffee,Powder,Food,,,,,1385.0,,
1575,Dormans Have A Cup Of Cheer Medium Roast Aa Kenya Coffee Beans 375g,Pack size : 375g,KES1375.00(Inc. VAT),Average Nutritional Value As Per 1cup,0kcal,0kJ,,,,,,,Coffee Beans,Solid,Food,,,,,1386.0,,
1576,Dormans Rwanda Medium Roast Medium Grind Coffee 375g,Pack size : 375g,KES1430.00(Inc. VAT),Average Nutritional Value As Per 226g,2kcal,8kj,0g,0,0,0,0,4mg,grounded coffee,solid,food,coffee,,,,1387.0,,
1577,Java House Uganda Kigezi Special Sweet Citrus Lively Roasted Ground Coffee 375g,Pack size : 375g,KES1159.00(Inc. VAT),Average Nutritional Value As Per 15g,1kcal,4.184kJ,,,,,,,Ground Coffee,Powder,Food,,,,,1388.0,,
1578,Marinat Kirinyaga Arabica Dark Roast Ground Coffee 500g,Pack size : 500g,KES1275.00(Inc. VAT),Average Nutritional Value As Per 1cup,2kcal,8.36kJ,,,,,,4mg,Ground Coffee,Powder,Food,,,,,1389.0,,
1579,Out Of Africa 100% Arabica Medium Roast Ground Coffee 250g,Pack size : 250g,KES799.00(Inc. VAT),Average Nutritional Value As Per 100g,284kcal,1188.26kJ,10.4g,25.9g,,15.4g,19.8g,74mg,Ground Coffee,Powder,Food,,,,,1390.0,,
1580,Dormans Breakfast Delicately Balanced Medium Ground Kenya Coffee 375g,Pack size : 375g,KES1205.00(Inc. VAT),Average Nutritional Value As Per 1cup,1kcal,4.184kJ,,,,,,5mg,Coffee,Powder,Food,,,,,1391.0,,
1581,Gibson Kenya AA Fine Grind Medium Roast Arabica Coffee 250g,Pack size : 250g,KES530.00(Inc. VAT),,,,,,,,,,Coffee,Powder,Beverage,,,,,1392.0,,
1582,Dormans Household Medium Ground Dark Coffee Beans 375g,Pack size : 375g,KES985.00(Inc. VAT),Average Nutritional Value As Per 226g,2kcal,8kj,0g,0,0,0,0,4mg,grounded coffee,solid,food,coffee,,,,1393.0,,
1583,Marinat Kirinyaga Dark Roast Coffee Beans 250g,Pack size : 250g,KES670.00(Inc. VAT),Average Nutritional Value As Per 100g,2.4kcal,10.0416kJ,0.3g,0g,0g,0.1g,0g,4.7mg,Coffee Beans,Solid,Food,,,,,1394.0,,
1584,Dormans Coffeehouse Med/Medium 100G,Pack size : 100G,KES240.00(Inc. VAT),Average Nutritional Value As Per 1cup,2kcal,8.36kJ,,,,,,4mg,Coffee,Powder,Food,,,,,1395.0,,
1585,MacCoffee Kenyan Coffee Medium 100g,Pack size : 100g,KES105.00(Inc. VAT),Average Nutritional Value As Per 100g,42kcal,175.728kJ,,8g,,,,,Coffee,Solid,Food,,,,,1396.0,,
1586,Dormans Medium Roast Medium Grind Kenya AA Coffee 375g,Pack size : 375g,KES1375.00(Inc. VAT),Average Nutritional Value As Per 100g,1kcal,4.184kJ,,,,,,4mg,Coffee,Powder,Food,,,,,1397.0,,
1587,Dormans Aa Blue Mountain Fine Ground Coffee 375G,Pack size : 375g,,Average Nutritional Value As Per 1cup,11kcal,46.02kJ,1g,2g,,,,,ground coffee,solid,Food,coffee,,,,1398.0,,
1588,Dormans Suprema Medium Ground Dark Coffee 375g,Pack size : 375g,KES1415.00(Inc. VAT),Average Nutritional Value As Per 226g,2kcal,8kj,0g,0g,0g,0g,0g,4mg,grounded coffee,solid,food,coffee,,,,1399.0,,
1589,Moka Fine Grind Coffee 250g,Pack size : 250g,KES604.00(Inc. VAT),Average Nutritional Value As Per 100g,7.5kcal,31.38kJ,1g,1g,0g,0g,,0mg,Coffee,Powder,Food,,,,,1400.0,,
1590,Gibsons Kenya H Medium Grind 250G,Pack size : 250g,KES320.00(Inc. VAT),Average Nutritional Value As Per 100g,60kcal,251.04kJ,,16g,16g,,,15mg,Coffee,Solid,Food,,,,,1401.0,,
1591,Out Of Africa 100% Arabica Medium Roast Ground Coffee 500g,Pack size : 500g,KES1599.00(Inc. VAT),Average Nutritional Value As Per 100g,284kcal,1188.26kJ,10.4g,25.9g,,15.4g,19.8g,74mg,Ground Coffee,Powder,Food,,,,,1402.0,,
1592,Out of Africa Mt. Kenya Medium Roast Ground Coffee 500g,Pack size : 500g,KES1680.00(Inc. VAT),Average Nutritional Value As Per 100g,284kcal,1188.26kJ,10.4g,25.9g,0g,15.4g,19.8g,74mg,Coffee,Solid,Food,,,,,1403.0,,
1593,Marinat Kirinyaga Honey Select And Grind Arabica Coffee 500g,Pack size : 500g,KES1275.00(Inc. VAT),Average Nutritional Value As Per 100g,1kcal,4.184kJ,,0.1g,,,,,Coffee,Powder,Food,,,,,1404.0,,
1594,Safari Lounge Gorilla Conservation Kanyonyi Blend Medium Roast Coffee 250g,Pack size : 250g,KES1047.00(Inc. VAT),Average Nutritional Value As Per 100g,1kcal,4.184kJ,,1g,,,,,Coffee,Powder,Food,,,,,1405.0,,
1595,Gibsons Kenya Kahawa Economy Medium Grind Medium Roast Coffee 250g,Pack size : 250g,KES215.00(Inc. VAT),Average Nutritional Value As Per 10g,2kcal,8.36kJ,2g,,,,,,Coffee,Powder,Food,,,,,1406.0,,
1596,MacCoffee Kenyan Kahawa Medium Roast Medium Grind Coffee 25g,Pack size : 25g,KES30.00(Inc. VAT),Average Nutritional Value As Per 237g,15kcal,991.60kJ,,,,,,,Coffee,Powder,Food,,,,,1407.0,,
1597,Dormans Kenya Kahawa Medium Roast Medium Grind Coffee 25g,Pack size : 25g,KES33.00(Inc. VAT),Average Nutritional Value As Per 1cup,5kcal,20.92kJ,,1g,,,,,Coffee,Powder,Food,,,,,1408.0,,
1598,Dormans Coffeehouse Dark Roast Fine Grind Coffee 250g,Pack size : 250g,,Average Nutritional Value As Per 1 Cup,2kcal,8.36kJ,,,,,,4mg,Coffee,Powder,Food,,,,,1409.0,,
1599,Out Of Africa 100% Arabica Espresso Ground Coffee 500g,Pack size : 500g,KES834.00(Inc. VAT),Average Nutritional Value As Per 100g,2kcal,8.36kJ,0.5g,0.1g,0.1g,0.1g,0.7g,0.01mg,Ground Coffee,Powder,Food,,,,,1410.0,,
1600,Java Rwanda Lake Kivu Coffee G375G,Pack size : 375g,KES1160.00(Inc. VAT),,,,,,,,,,,,,,,,,1411.0,,
1601,Dormans Kenya Kahawa Medium Roast Medium Grind Coffee 100g,Pack size : 100g,KES115.00(Inc. VAT),Average Nutritional Value As Per 1cup,5kcal,20.92kJ,,1g,,,,,Coffee,Powder,Food,,,,,1412.0,,
1602,Dormans Espresso Intense And Bold Dark Roast Fine Grind Kenya Coffee 375g,Pack size : 375g,KES1430.00(Inc. VAT),Average Nutritional Value As Per 1cup,2kcal,8.36kJ,,,,,,4mg,ground coffee,solid,Food,coffee,,,,1413.0,,
1603,Dormans Arabica Dark Fine Ground Coffee,Pack size : 375g,KES1320.00(Inc. VAT),Average Nutritional Value As Per 1cup,2kcal,8.36kJ,,,,,,4mg,Coffee,Powder,Food,,,,,1414.0,,
1604,Sasini Kahawa Kamili Pure Quality Kenyan Coffee 250g,Pack size : 250g,KES274.00(Inc. VAT),Average Nutritional Value As Per 100g,1kcal,4.184kJ,,0.1g,,,,,Kenyan Coffee,Powder,Food,,,,,1415.0,,
1605,Gibsons Kahawa Economy Medium Roast 100G,,KES95.00(Inc. VAT),,,,,,,,,,,,,,,,,1416.0,,
1606,Dormans Household Medium Fine Ground Dark Coffee Beans 375g,Pack size : 375g,KES985.00(Inc. VAT),Average Nutritional Value As Per 1cup,2kcal,8kj,,0,0,0,0,4mg,grounded coffee,solid,food,coffee,,,,1417.0,,
1607,Dormans Breakfast Delicately Balanced Kenya Coffee 375g,Pack size : 375g,KES1205.00(Inc. VAT),Average Nutritional Value As Per 1.5 Tablespoon,5kcal,20.92kJ,,,,,,45mg,Coffee,Powder,Food,,,,,1418.0,,
1608,Dormans Household Medium Fine Ground Dark Coffee Beans 375g,Pack size : 375g,KES985.00(Inc. VAT),Average Nutritional Value As Per 226g,2kcal,8kJ,0g,0g,0g,0g,0g,4mg,Coffee Beans,Solid,Food,,,,,1419.0,,
1609,Dormans Arabica Rich Traditional Kenya Coffee 375g,Pack size : 375g,KES1320.00(Inc. VAT),Average Nutritional Value As Per 100g,2kcal,8.36kJ,0.5g,0.1g,0.1g,0.1g,0.7g,0.01mg,Coffee,Powder,Food,,,,,1420.0,,
1610,Dormans Safari Fairtrade Medium Roast Medium Grind Coffee 375g,Pack size : 375g,KES1375.00(Inc. VAT),Average Nutritional Value As Per 226g,2kcal,8kJ,0g,0g,0g,0g,0g,4mg,ground coffee,solid,Food,coffee,,,,1421.0,,
1611,Dormans Arabica Rich And Traditional Medium Roast And Fine Ground Coffee 375g,Pack size : 375g,KES1320.00(Inc. VAT),Average Nutritional Value As Per 1cup,10kcal,41.84kJ,,,,,0g,4mg,ground coffee,solid,Food,coffee,,0g,,1422.0,,
1612,Dormans Breakfast Delicately Balanced Medium Fine Kenya Coffee 375g,Pack size : 375g,KES1205.00(Inc. VAT),Average Nutritional Value As Per 1cup,1kcal,4.184kJ,,,,,,5mg,Coffee,Powder,Food,,,,,1423.0,,
1613,Blend Africa Espresso Dark Roast Ground Coffee 250g,Pack size : 250g,KES1200.00(Inc. VAT),Average Nutritional Value As Per 237g,2.4kcal,10kJ,0.3g,,,0.1g,,4.7mg,Ground Coffee,Powder,Food,,,,,1424.0,,
1614,Dormans Suprema Bright And Citrus Medium Roast And Medium Ground Coffee 375g,Pack size : 375g,KES1320.00(Inc. VAT),Average Nutritional Value As Per 1tbsp,10kcal,41.84kJ,,,,,,,Ground Coffee,Powder,Food,,,,,1425.0,,
1615,Lukholele Fine Grind Roasted Coffee 250g,Pack size : 250g,KES604.00(Inc. VAT),Average Nutritional Value As Per 100g,1kcal,4kJ,1g,1g,1g,1g,1g,,Coffee,Powder,Food,,,,,1426.0,,
1616,Dormans Suprema Medium Ground Fine Dark Coffee 375g,Pack size : 375g,KES1415.00(Inc. VAT),Average Nutritional Value As Per 226g,2kcal,8kj,0g,0g,0g,0g,0g,4mg,grounded coffee,solid,food,coffee,,,,1427.0,,
1617,Dormans Kilimanjaro Medium Fine Ground Dark Coffee Beans 375g,Pack size : 375g,KES1230.00(Inc. VAT),Average Nutritional Value As Per 226g,2kcal,8kJ,0g,0g,0g,0g,0g,4mg,Coffee Beans,Solid,Food,,,,,1428.0,,
1618,Dormans Kilimanjaro Medium Ground Dark Coffee Beans 375g,Pack size : 375g,KES1230.00(Inc. VAT),Average Nutritional Value As Per 226g,2kcal,8kj,0g,0,0,0,0,4mg,grounded coffee,solid,food,coffee,,,,1429.0,,
1619,Dormans Suprema Medium Fine Ground Dark Coffee Beans 375g,Pack size : 375g,KES1375.00(Inc. VAT),Average Nutritional Value As Per 226g,2kcal,8kJ,0g,0g,0g,0g,0g,4mg,Coffee Beans,Solid,Food,,,,,1430.0,,
1620,Dormans Suprema Bright And Citrus Medium Roast And Medium Ground Coffee 375g,Pack size : 375g,KES1415.00(Inc. VAT),Average Nutritional Value As Per 100g,10kcal,42.84kj,,,,,,4mg,grounded coffee,solid,food,coffee,,,,1431.0,,
1621,Dormans Rwanda Medium Fine Ground Dark Coffee Beans 375g,Pack size : 375g,KES1430.00(Inc. VAT),Average Nutritional Value As Per 226g,2kcal,8kj,0g,0,0,0,0,4mg,grounded coffee,solid,food,coffee,,,,1432.0,,
1622,DORMANS INSTANT FINE 200G,Pack size : 200g,KES1485.00(Inc. VAT),,,,,,,,,,,,,,,,,1433.0,,
1623,Java Espresso Coffee Beans 375g,Pack size : 375g,KES1249.00(Inc. VAT),Average Nutritional Value As Per 100g,2.4kcal,10.0416kJ,0.3g,0g,0g,0.1g,0g,4.7mg,Coffee Beans,Solid,Food,,,,,1434.0,,
1624,Java House Kenya AA Coffee Beans 375g,Pack size : 375g,,Average Nutritional values As Per 226g,2kcal,8kj,,,,,,4mg,,,,,,,,1435.0,,
1625,Dormans Decaffeinated Medium Ground Dark Coffee Beans 375g,Pack size : 375g,KES1815.00(Inc. VAT),Average Nutritional Value As Per 226g,2kcal,8kj,0g,0g,0g,0g,0g,4mg,Coffee Beans,Solid,Food,,,,,1436.0,,
1626,Dormans Instant Granules 200G,Pack size : 200g,KES1580.00(Inc. VAT),,,,,,,,,,,,,Rich Coffee,,,"Caffeine, Antioxidants",1437.0,,
1627,Java Kenya Blue Blend Ground 375g.,Pack size : 375g,KES999.00(Inc. VAT),Average Nutritional Value As Per 100g,33kcal,138kJ,1.5g,1.6g,,0.9g,,,Ground Coffee,Powder,Food,,,,,1438.0,,
1628,Java East Africa Blend Coffee Beans 375g,Pack size : 375g,KES1179.00(Inc. VAT),Average Nutritional Value As Per 100g,2.4kcal,10.0416kJ,0.3g,0g,0g,0.1g,0g,4.7mg,Coffee Beans,Solid,Food,,,,,1439.0,,
1629,Java House Rwanda Lake Kivu Coffee Beans 375g,Pack size : 375g,KES1160.00(Inc. VAT),,,,,,,,,,,,,,,,,1440.0,,
1630,Dormans AA Blue Mountain Kenya Coffee Beans 375G,Pack size : 375g,,Average Nutritional Value As Per 100g,2.4kcal,10.0416kJ,0.3g,0g,0g,0.1g,0g,4.7mg,Coffee Beans,Solid,Food,,,,,1441.0,,
1631,Java Ethiopian Yirgacheffe Coffee Beans 375g,Pack size : 375g,KES2449.00(Inc. VAT),Average Nutritional Value As Per 100g,2.4kcal,10.0416kJ,0.3g,0g,0g,0.1g,0g,4.7mg,Coffee Beans,Solid,Food,,,,,1442.0,,
1632,Dormans Espresso Intense And Bold Kenya Coffee Beans 375g,Pack size : 375g,KES1430.00(Inc. VAT),Average Nutritional Value As Per 100g,2.4kcal,10.0416kJ,0.3g,0g,0g,0.1g,0g,4.7mg,Coffee Beans,Solid,Food,,,,,1443.0,,
1633,Dormans Arabica Medium Coffee Beans 375g,Pack size : 375g,KES1320.00(Inc. VAT),Average Nutritional Value As Per 100g,2.4kcal,10.0416kJ,0.3g,0g,0g,0.1g,0g,4.7mg,Coffee Beans,Solid,Food,,,,,1444.0,,
1634,Dormans Arabica Medium Roast Dark Coffee Beans 375g,Pack size : 375g,KES1320.00(Inc. VAT),Average Nutritional Value As Per 226g,2kcal,8kJ,0g,0g,0g,0g,0g,4mg,Coffee Beans,Solid,Food,,,,,1445.0,,
1635,Out of Africa Dark Coffee Beans 500g,Pack size : 500g,KES1600.00(Inc. VAT),Average Nutritional Value As Per 100g,2.4kcal,10.0416kJ,0.3g,0g,0g,0.1g,0g,4.7mg,Coffee Beans,Solid,Food,,,,,1446.0,,
1636,Dormans Suprema Dark Coffee Beans 375g,Pack size : 375g,KES1415.00(Inc. VAT),Average Nutritional Value As Per 100g,2kcal,8kJ,0g,0g,0g,0g,0g,4mg,Coffee Beans,solid,food,coffee,,,,1447.0,,
1637,Java Uganda Kigezi Special Coffee Beans 375g,Pack size : 375g,KES1159.00(Inc. VAT),Average Nutritional Value As Per 100g,2.4kcal,10.0416kJ,0.3g,0g,0g,0.1g,0g,4.7mg,Coffee Beans,Solid,Food,,,,,1448.0,,
1638,Out of Africa Dark Coffee Beans 250g,Pack size : 250g,KES800.00(Inc. VAT),Average Nutritional Value As Per 100g,2.4kcal,10.0416kJ,0.3g,0g,0g,0.1g,0g,4.7mg,Coffee Beans,Solid,Food,,,,,1449.0,,
1639,Dormans Coffee House Drip Coffee Bags 6X11G,,,,,,,,,,,,,,,,,,,1450.0,,
1640,Dormans AA Blue Mountain Drip Coffee Bag 6X11G,,,,,,,,,,,,,,,,,,,1451.0,,
1641,Dormans Household Drip Coffee Bags 6X11G,,,,,,,,,,,,,,,,,,,1452.0,,
1642,Dormans Suprema Medium Roast Coffee Beans 375g,Pack size : 375g,KES1415.00(Inc. VAT),Average Nutritional Value As Per 226g,2kcal,8kj,0g,0g,0g,0g,0g,4mg,beans,solid,food,coffee,,,,1453.0,,
1643,Dormans Decaf Drip Coffee Bags 6X11G,,,,,,,,,,,,,,,,,,,1454.0,,
1644,Dormans Suprema Drip Coffee Bags 6X11G,,,,,,,,,,,,,,,,,,,1455.0,,
1645,Dormans Breakfast Dark Chocolate Coffee Beans 375g,Pack size : 375g,KES1205.00(Inc. VAT),Average Nutritional Value As Per 100g,2.4kcal,10.0416kJ,0.3g,0g,0g,0.1g,0g,4.7mg,Coffee Beans,Solid,Food,,,,,1456.0,,
1646,Dormans Kilimanjaro Medium Ground Dark Coffee Beans 375g,Pack size : 375g,KES1230.00(Inc. VAT),Average Nutritional Value As Per 226g,2kcal,8kj,0g,0,0,0,0,4mg,beans,solid,food,coffee,,,,1457.0,,
1647,Out of Africa Medium Coffee Beans 500g,Pack size : 500g,KES1600.00(Inc. VAT),Average Nutritional Value As Per 100g,2.4kcal,10.0416kJ,0.3g,0g,0g,0.1g,0g,4.7mg,Coffee Beans,Solid,Food,,,,,1458.0,,
1648,Kenya Gibsons Espresso Whole Dark Roast Coffee Beans 454g,Pack size : 454g,KES880.00(Inc. VAT),Average Nutritional Value As Per 100g,2kcal,8.368kJ,0.28g,0g,0g,0.05g,0g,4.74mg,Coffee Beans,Solid,Food,,,,,1459.0,,
1649,Dormans Household Medium Ground Coffee Beans 375g,Pack size : 375g,KES985.00(Inc. VAT),Average Nutritional Value As Per 226g,2kcal,8kj,0g,0g,0g,0g,0g,4mg,Coffee Beans,Solid,Food,,,,,1460.0,,
1650,Out of Africa Medium Coffee Beans 250g,Pack size : 250g,KES800.00(Inc. VAT),Average Nutritional Value As Per 100g,2.4kcal,10.0416kJ,0.3g,0g,0g,0.1g,0g,4.7mg,Coffee Beans,Solid,Food,,,,,1461.0,,
1651,Dormans Household Blend Intense And Fruity Coffee Beans 375g,Pack size : 375g,KES985.00(Inc. VAT),Average Nutritional Value As Per 100g,2.4kcal,10.0416kJ,0.3g,0g,0g,0.1g,0g,4.7mg,Coffee Beans,Solid,Food,,,,,1462.0,,
1652,Gibsons Household 100% Arabica Medium Grind Dark Roast Coffee Beans 454g,Pack size : 454g,KES580.00(Inc. VAT),Average Nutritional Value As Per 15ml,60kcal,251.04kJ,,16g,16g,,,15mg,Coffee Beans,Solid,Food,,,,,1463.0,,
1653,Blend Africa Espresso Dark Roast Coffee Beans 500g,Pack size : 500g,KES1750.00(Inc. VAT),Average Nutritional Value As Per 100g,63kcal,263.59kJ,7g,9g,,,,,Coffee Beans,Solid,Food,,,,,1464.0,,
1654,Dormans Breakfast Medium Coffee Beans 375g,Pack size : 375g,KES1205.00(Inc. VAT),Average Nutritional Value As Per 100g,2.4kcal,10.0416kJ,0.3g,0g,0g,0.1g,0g,4.7mg,Coffee Beans,Solid,Food,,,,,1465.0,,
1655,GOURMET MED ROAST BEANS COFFEE 375G,Pack size : 375g,KES1900.00(Inc. VAT),Average Nutritional Value As Per Serving,2kcal,8.36kJ,,,,,,,Coffee Beans,Solid,Food,,,,,1466.0,Grind 60g of gourmet beans as fine as brown sugar crystals. Put into your machine / percolator. Add 1 litre of freshly boiled spring water at 85 degrees centigrade and wait for around 4 minutes before serving.,
1656,Dormans Safari Fairtrade Medium Roast Coffee Beans 375g,Pack size : 375g,KES1375.00(Inc. VAT),Average Nutritional Value As Per 226g,2kcal,8kJ,0g,0g,0g,0g,0g,4mg,ground coffee,solid,Food,coffee,,,,1467.0,,
1657,Marinat Kirinyaga Honey Select And Grind Arabica Coffee Beans 250g,Pack size : 250g,KES670.00(Inc. VAT),Average Nutritional Value As Per 100g,2.4kcal,10.041kJ,0.3g,0g,0g,0.01g,0g,4.7g,Coffee Beans,Solid,Food,Honey,,,,1468.0,,
1658,Coffee Break Instant Coffee 200G,Pack size : 200G,KES844.00(Inc. VAT),Average Nutritional Value As Per 200g,730kcal,3054.32kJ,38g,144g,,,,,Instant Coffee,Powder,Food,,,,,1469.0,,
1659,Coffee Break Instant Coffee 100g,Pack size : 100g,KES433.00(Inc. VAT),Average Nutritional Value As Per 200g,730kcal,3054.32kJ,38g,144g,,,,,Instant Coffee,Powder,Food,,,,,1470.0,,
1660,Coffee Break Instant Coffee 50G,Pack size : 50G,KES244.00(Inc. VAT),Average Nutritional Value As Per 100g,297kcal,1250kJ,23.2g,39.1g,0.6g,0.2g,23.8g,83.5g,Instant Coffee Mix,Powder,Food,,,,,1471.0,,
1661,Miksi Flavoured Tub Chocolate 220G,Pack size : 240g,KES299.00(Inc. VAT),Average Nutritional Value As Per 100g,457kcal,1912.09kJ,12g,61g,0g,18g,0g,0mg,Drink Powder,Powder,Food,chocolate,,0g,,1472.0,,
1662,Java House Arabica Kenya Blend Ground Coffee 250g,Pack size : 250g,KES529.00(Inc. VAT),Average Nutritional Value As Per 100g,33kcal,138kJ,1.5g,1.69g,,0.9g,,,Ground Coffee,Powder,Food,,,,,1473.0,,
1664,Nescafe Classic Instant Coffee 200g,Pack size : 200g,,Average Nutritional Value As Per 2g,0.76kcal,3.17984kJ,0.14g,0.05g,0.05g,,0.66g,2mg,Instant Coffee,Powder,Food,,,,,1475.0,,
1665,Dormans Fine Instant Coffee 100g,Pack size : 100g,KES744.00(Inc. VAT),Average Nutritional Value As Per 1 Cup,11kcal,46.02kJ,1g,2g,,,,,Instant Coffee,Powder,Food,,,,,1476.0,,
1666,Nescafe Classic Instant Coffee 1.6g,Pack size : 1.6g,KES10.00(Inc. VAT),Average Nutritional Value As Per 100g,90kcal,376.56kJ,2g,23g,5g,1g,5g,190mg,Instant Coffee,Powder,Food,,,,,1477.0,,
1667,Dormans Supreme Granulated Instant Coffee 100g,Pack size : 100g,KES855.00(Inc. VAT),Average Nutritional Value As Per 2 Tablespoon,5kcal,20.92kJ,,1g,,,,,Instant Coffee,Powder,Food,,,,,1478.0,,
1668,Nescafe Classic Instant Coffee 50g,Pack size : 50g,KES422.00(Inc. VAT),Average Nutritional Value As Per 2g,0.76kcal,3.17984kJ,0.14g,0.05g,0.05g,,0.66g,2mg,Instant Coffee,Powder,Food,,,,,1479.0,,
1669,Maccoffee Classic Instant Coffee Mix 1.6g,Pack size : 1.6g,,Average Nutritional Value As Per 100g,304kcal,1276kJ,22.6g,40.2g,0.5g,0.5g,23.7g,36.55mg,Instant Coffee Mix,Powder,Food,,,,,1480.0,,
1670,MacCoffee Creme Non Dairy Creamer 450g,Pack size : 450g,KES700.00(Inc. VAT),Average Nutritional Value As Per 100g,551kcal,2305.38kJ,1.2g,57g,7.6g,34g,,,Dairy Creamer,Powder,Food,,,,,1481.0,,
1671,Maccoffee 3 In 1 Plus White Coffee Mix 15g,Pack size : 15g,,Average Nutritional Value As Per 100g,425kcal,1780kJ,19.7g,36.8g,33.3g,19.7g,4.3g,0.33g,White Coffee Mix,Powder,Food,,,,,1482.0,,
1672,Maccoffee Classic Coffee 200g,,KES1550.00(Inc. VAT),,0.3g,,2Kcal,Average Nutritional Value As Per 100g,,4mg,,,Food,,0.1g,8.368KJ,Powder,,,1483.0,,
1673,Gibsons Kenya Greatness Instant Coffee 100g,Pack size : 100g,KES439.00(Inc. VAT),Average Nutritional Value As Per 100g,32kcal,133.88kJ,,,,,,,Instant Coffee,Powder,Food,,,,,1484.0,,
1674,Dormans Decaf Instant Coffee 100g,Pack size : 100g,KES1095.00(Inc. VAT),Average Nutritional Value As Per 2g,1kcal,4.184kJ,0.1g,0.3g,,,,4mg,Instant Coffee,Powder,Food,,,,,1485.0,,
1675,Dormans 3In1 Irish Cream Coffee Mix 18g x Pack of 12,Pack size : 18g x Pack of 12,KES450.00(Inc. VAT),Average Nutritional Value As Per 100g,82kcal,350kJ,15g,4.5g,,0.5g,,,Coffee Mix,Solid,Food,,,,,1486.0,,
1676,Gibsons Kenyah Greatness Instant Coffee 250g,,KES950.00(Inc. VAT),,,,,,,,,,,,,,,,,1487.0,,
1677,MacCoffee 3 In 1 Hazelnut Coffee 18g x Pack of 10,Pack size : 18g x Pack of 10,KES400.00(Inc. VAT),Average Nutritional Value As Per 100g,430kcal,1799.12kJ,3g,83g,,10g,,,Coffee,Powder,Food,Hazelnut,,,,1488.0,,
1678,CRF INSTANT COFFEE 100G,,KES659.00(Inc. VAT),,,,,,,,,,,,,,,,,1489.0,,
1679,Sasini Instant Coffee 100g,Pack size : 100g,KES661.00(Inc. VAT),Average Nutritional Value As Per 2g,1kcal,4.184kJ,0.1g,0.3g,,,,4mg,Instant Coffee,Powder,Food,,,,,1490.0,,
1680,Nescafe 3In1 Creamy White Coffee 18g,Pack size : 18g,KES25.00(Inc. VAT),Average Nutritional Value As Per Serving,104kcal,435.136kJ,,17g,,3g,,,White Coffee,Powder,Food,,,,,1491.0,,
1681,Dormans Supreme Granulated Instant Coffee 50g,Pack size : 50g,KES465.00(Inc. VAT),Average Nutritional Value As Per 2 Tablespoon,5kcal,20.92kJ,,1g,,,,,Instant Coffee,Powder,Food,,,,,1492.0,,
1682,Dormans 3-In-1 Irish Cream Coffee Mix 18g,Pack size : 18g,KES37.00(Inc. VAT),Average Nutritional Value As Per 100g,82kcal,350kJ,15g,4.5g,,0.5g,,,Coffee Mix,Solid,Food,,,,,1493.0,,
1683,MacCoffee 3 In 1 Morning White Coffee Mix 34g,Pack size : 34g,,Average Nutritional Value As Per 40g,180kcal,753.12kJ,2g,28g,15g,7g,,130mg,Coffee Mix,Powder,Food,,,,,1494.0,,
1684,Nescafe Classic Coffee 15G,Pack size : 15G,KES90.00(Inc. VAT),,,,,,,,,,,,,,,,,1495.0,,
1685,Maccoffee Cafe PHO 3 In 1 Instant Iced Coffee 24g x Pack of 5,Pack size : 24g x Pack of 5,KES300.00(Inc. VAT),Average Nutritional Value As Per 24g,114kcal,476.976kJ,0.94g,17.2g,11.6g,4.54g,,88mg,Instant Iced Coffee,Powder,Food,,,,,1496.0,,
1686,Maccoffee 3 In 1 Strong Coffee 20g,Pack size : 20g,KES45.00(Inc. VAT),Average Nutritional Value As Per 100g,426kcal,1782.38kJ,4.5g,78g,55g,10g,2.5g,,Coffee,Powder,Food,,,,,1497.0,,
1687,MacCoffee 3 In 1 Hazelnut Coffee 18g,Pack size : 18g,KES40.00(Inc. VAT),Average Nutritional Value As Per 100g,430kcal,1799.12kJ,3g,83g,,10g,,,Coffee,Powder,Food,Hazelnut,,,,1498.0,,
1688,COFFEE BREAK INST CAPU. ORIG18.5X10,Pack size : 18.5g x 10 Sachet,KES420.00(Inc. VAT),Average Nutritional Value As Per 18g,87kcal,364.008kJ,,13g,,2g,,,Instant Coffee,Powder,Food,,,,,1499.0,,
1689,Maccoffee Strong 3 In 1 Coffee 20g x 20 Pieces,Pack size : 20g x 20 Pieces,KES900.00(Inc. VAT),Average Nutritional Value As Per 100g,91kcal,380.744kJ,0.5g,15.5g,13.6g,3g,0.5g,25.2mg,Coffee,Powder,Food,,,,,1500.0,,
1690,Nescafe Gold Roast Jar Coffee100G,Pack size : e100G,KES1790.00(Inc. VAT),,,,,,,,,,,,,,,,,1501.0,,
1691,Kenya Highland Pure Instant Coffee 100g,Pack size : 100g,KES616.00(Inc. VAT),,,,,,,,,,,,,,,,,1502.0,,
1692,Dormans Classic 3-In-1 Coffee Mix 18g,Pack size : 18g,KES37.00(Inc. VAT),Average Nutritional Value As Per 100g,363 kcal,1519kJ,22.5g,68.2g,39.4g,,23.8g,,Coffee Mix,Solid,Food,,,,,1503.0,,
1693,COFFEE BREAK INST CAPU HAZE18.5GX10,Pack size : 18.5g x 10 Sachet,KES420.00(Inc. VAT),Average Nutritional Value As Per 18.5g,76kcal,317.984kJ,1g,13g,,1g,,,Instant Coffee,Powder,Food,Hazelnut,,,,1504.0,,
1694,Coffee Break 3 In 1 Instant Coffee Mix 18g x Pack of 12,Pack size : 18g x Pack of 12,KES307.00(Inc. VAT),Average Nutritional Value As Per 100g,79.3kcal,332kJ,0.5g,13.9g,8.26g,2.9g,,0.02mg,Instant Coffee Mix,Powder,Food,,,,,1505.0,,
1695,Dormans Creamer Stick 4G X Pack Of 36,Pack size : 4g,KES18.00(Inc. VAT),Average Nutritional Value As Per 100g,15kcal,62.76kJ,0g,1g,0g,1g,0g,0mg,Creamer Stick,Powder,Food,,,,,1506.0,,
1696,Coffee Break Cappuccino Original Instant Coffee 18. 5g,Pack size : 18.5g,KES44.00(Inc. VAT),Average Nutritional Value As Per 18g,87kcal,364.008kJ,,13g,,2g,,,Instant Coffee,Powder,Food,,,,,1507.0,,
1697,Coffee Break Hazelnut Cappuccino Instant Coffee Mix 18.5g,Pack size : 18.5g,KES44.00(Inc. VAT),Average Nutritional Value As Per 18.5g,76kcal,317.984kJ,1g,13g,,1g,,,Instant Coffee Mix,Powder,Food,Hazelnut,,,,1508.0,,
1698,Coffee Break Vanilla Cappuccino Instant Coffee Mix 18.5g,Pack size : 18.5g,KES44.00(Inc. VAT),Average Nutritional Value As Per 100g,412kcal,1722.16kJ,9.68g,77.9g,54.9g,6.86g,0.68g,381mg,Instant Coffee Mix,Powder,Food,Vanilla,,,,1509.0,,
1699,Kenya Highland Pure Instant Coffee 50g,Pack size : 50g,KES340.00(Inc. VAT),,,,,,,,,,,,,,,,,1510.0,,
1700,Coffee Mate Sugar Free Vanilla 850.5G,Pack size : 850.5G,KES3299.00(Inc. VAT),,,,,,,,,,,,,,,,,1511.0,,
1701,Maccoffee 3 In 1 Plus White Coffee Mix 18g,Pack size : 18g,KES40.00(Inc. VAT),Average Nutritional Value As Per 100g,425kcal,1780kJ,19.7g,36.8g,33.3g,19.7g,4.3g,0.33g,White Coffee Mix,Powder,Food,,,,,1512.0,,
1702,Mactea Original 3 In 1 Milk Instant Tea Mix 20g,Pack size : 20g,KES55.00(Inc. VAT),Average Nutritional Value As Per 100g,89kcal,372kJ,0.4g,16.7g,13.2g,2.2g,0.2g,20mg,Instant Tea Mix,Powder,Food,Milk,,,,1513.0,,
1703,Maccoffee Cafe PHO 3 In 1 Instant Iced Coffee 24g,Pack size : 24g,KES60.00(Inc. VAT),Average Nutritional Value As Per 24g,114kcal,476.976kJ,0.94g,17.2g,11.6g,4.54g,,88mg,Instant Iced Coffee,Powder,Food,,,,,1514.0,,
1704,COFFEE BREAK 2IN1 INST. COFFE12GX12,Pack size : 12g x 12 Sachet,KES310.00(Inc. VAT),Average Nutritional Value As Per 12g,63kcal,263.592kJ,,6g,,2g,,,Coffee Mix,Powder,Food,,,,,1515.0,,
1705,Coffee Break 2 In 1 Sugar Free Instant Coffee Mix 12g,Pack size : 12g,KES26.00(Inc. VAT),Average Nutritional Value As Per 100g,63kcal,263.592kJ,1g,7g,,3.8g,,60mg,Instant Coffee Mix,Powder,Food,,,,,1516.0,,
1706,Miksi Coffee Singles 20G,Pack size : 20g,KES28.00(Inc. VAT),Average Nutritional Value As Per 100g,33kcal,138.072kJ,,3g,,1.2g,,35mg,Milk Drink,Liquid,Food,coffee,,,,1517.0,,
1707,Nescafe 3 In 1 Original Instant Coffee 18g,Pack size : 18g,KES45.00(Inc. VAT),Average Nutritional Value As Per 100g,447.0kcal,1880.0kJ,3.0g,78.0g,55.0g,13.0g,2.8g,,Instant Coffee,Powder,Food,,,,,1518.0,,
1708,Dormans Instant Decaff Coffee 1.6Gx36,Pack size : 1.6G X 36,KES590.00(Inc. VAT),Average Nutritional Value As Per 2g,6kcal,25.104kJ,0g,1g,0g,0g,0g,0mg,Instant Coffee Mix,Powder,Food,,,,,1519.0,,
1709,Maccoffee 3 In 1 Plus White Coffee Mix 15g x Pack of 24,Pack size : 15g,KES600.00(Inc. VAT),Average Nutritional Value As Per 100g,425kcal,1780kJ,19.7g,36.8g,33.3g,19.7g,4.3g,0.33g,White Coffee Mix,Powder,Food,,,,,1520.0,,
1710,CRF INSTANT COFFEE 250G,,KES1399.00(Inc. VAT),,,,,,,,,,,,,,,,,1521.0,,
1711,Maccoffee 3 In 1 Plus White Coffee Mix 18g x Pack of 12,Pack size : 18g X Pack Of 12,KES400.00(Inc. VAT),Average Nutritional Value As Per 100g,425kcal,1780kJ,19.7g,36.8g,33.3g,19.7g,4.3g,0.33g,White Coffee Mix,Powder,Food,,,,,1522.0,,
1712,Dormans Fine Instant Coffee 1.6Gx36,Pack size : 1.6G X 36,KES395.00(Inc. VAT),Average Nutritional Value As Per 100g,297kcal,1250kJ,23.2g,39.1g,0.6g,0.2g,23.8g,83.5g,Instant Coffee Mix,Powder,Food,,,,,1523.0,,
1713,Gibsons Kenya Greatness Instant Coffee 50g,Pack size : 50g,KES320.00(Inc. VAT),Average Nutritional Value As Per 100g,32kcal,133.88kJ,,,,,,,Instant Coffee,Powder,Food,,,,,1524.0,,
1714,Dormans Classic 3In 1 Instant Coffee Mix 18g x Pack of 12,Pack size : 18g x Pack of 12,KES450.00(Inc. VAT),Average Nutritional Value As Per 100g,304kcal,1276kJ,22.6g,40.2g,0.5g,0.5g,23.7g,36.55mg,Instant Coffee Mix,Powder,Food,,,,,1525.0,,
1715,Nescafe Gold Blend Decaf Instant Coffee 100g,Pack size : 100g,KES1790.00(Inc. VAT),Average Nutritional Value As Per 100g,8kcal,33.472kJ,7g,3g,3g,,34g,,Coffee,Powder,Food,,,,,1526.0,,
1716,Sasini Instant Coffee 50g,Pack size : 50g,KES326.00(Inc. VAT),Average Nutritional Value As Per 2g,1kcal,4.184kJ,0.1g,0.3g,,,,4mg,Instant Coffee,Powder,Food,,,,,1527.0,,
1717,Gibsons Instant Coffee Stick 2G,Pack size : 2g,KES10.00(Inc. VAT),Average Nutritional Value As Per 100g,2kcal,8kJ,0.1g,0.3g,,,,4mg,Coffee Stick,Powder,Food,,,,,1528.0,,
1718,Dormans Granule Instant coffee 1.6Gx36,Pack size : 1.6G X 36,KES465.00(Inc. VAT),Average Nutritional Value As Per 100g,297kcal,1250kJ,23.2g,39.1g,0.6g,0.2g,23.8g,83.5g,Instant Coffee Mix,Powder,Food,,,,,1529.0,,
1719,MacCoffee Creme Non Dairy Creamer 300g,Pack size : 300g,KES600.00(Inc. VAT),Average Nutritional Value As Per 100g,551kcal,2305.38kJ,1.2g,57g,7.6g,34g,,,Dairy Creamer,Powder,Food,,,,,1530.0,,
1720,Dormans Supreme Fine Instant Coffee Mix 2g,Pack size : 2g,KES11.00(Inc. VAT),Average Nutritional Value As Per 100g,297kcal,1250kJ,23.2g,39.1g,0.6g,0.2g,23.8g,83.5g,Instant Coffee Mix,Powder,Food,,,,,1531.0,,
1721,Nescafe 3in1 Organic Coffee Pouch 18gx25,Pack size : 18g,KES1125.00(Inc. VAT),Average Nutritional Value As Per 100g,447.0kcal,1880.0kJ,3.0g,78.0g,55.0g,13.0g,2.8g,,Instant Coffee,Powder,Food,,,,,1532.0,,
1722,Dormans Creamer Coffee Stick 4g x 36 Pieces,Pack size : 4g x 36 Pieces,KES645.00(Inc. VAT),Average Nutritional Value As Per 100g,82kcal,350kJ,15g,4.5g,,0.5g,,,Coffee Stick,Solid,Food,,,,,1533.0,,
1723,Dormans Supreme Granulated Instant Coffee Mix 2g,Pack size : 2g,KES13.00(Inc. VAT),Average Nutritional Value As Per 100g,297kcal,1250kJ,23.2g,39.1g,0.6g,0.2g,23.8g,83.5g,Instant Coffee Mix,Powder,Food,,,,,1534.0,,
1724,Coffee Mate Original Fat Free 453.5G,Pack size : 453.5g,KES1999.00(Inc. VAT),,,,,,,,,,,,,,,,,1535.0,,
1725,Nescafe Gold Cappuccino Hazzelnut Coffee S 18G,,KES75.00(Inc. VAT),,,,,,,,,,,,,,,,,1536.0,,
1726,Nestle Coffee Mate Sf Vanilla 289G,Pack size : 289g,KES1999.00(Inc. VAT),,,,,,,,,,,,,,,,,1537.0,,
1727,Dormans Supreme Decaf Instant Coffee Mix 2g,Pack size : 2g,KES16.00(Inc. VAT),Average Nutritional Value As Per 2g,6kcal,25.104kJ,0g,1g,0g,0g,0g,0mg,Instant Coffee Mix,Powder,Food,,,,,1538.0,,
1728,Nescafe Gold Cappuccino Reduced Sugar Coffee 12.5G,,KES75.00(Inc. VAT),,,,,,,,,,,,,,,,,1539.0,,
1729,COFFEE BREAK INST CAPU VAN18.5GX10,Pack size : 18.5g x 10 Sachet,KES420.00(Inc. VAT),Average Nutritional Value As Per 12.5g,49kcal,205.016kJ,,7g,,1g,,,Instant Coffee,Powder,Food,Vanilla,,,,1540.0,,
1730,Nescafe G Cappuccino Coffee S18G,Pack size : 18g,KES75.00(Inc. VAT),,,,,,,,,,,,,Cappuccino,,,"Caffeine, Carbohydrates",1541.0,,
1731,Coffee Break Mocha Cappuccino Instant Coffee Mix 18.5g,Pack size : 18.5g,KES44.00(Inc. VAT),Average Nutritional Value As Per 18.5g,74.4kcal,315.47kJ,2g,12.5g,,1.5g,,58mg,Instant Coffee Mix,Powder,Food,,,,,1542.0,,
1732,Nescafe Dolce Gusto Espreso Intenso 16Cap 112G,Pack size : 112g,KES1999.00(Inc. VAT),,,,,,,,,,,,,,,,,1543.0,,
1733,MacCoffee 3 In 1 Irish Cream Coffee 18g,Pack size : 18g,KES40.00(Inc. VAT),Average Nutritional Value As Per 100g,420kcal,1757.28kJ,3g,81g,,9g,,,Coffee,Powder,Food,,,,,1544.0,,
1734,Miksi Coffee Tub 450G,Pack size : 500g,KES499.00(Inc. VAT),Average Nutritional Value As Per 100g,452kcal,1891.17kJ,11g,61g,0g,17g,0g,0mg,Milk Drink,Powder,Food,Coffee,,0g,,1545.0,,
1735,COFFEE BREAK INST CAPU MOCH18.5GX10,Pack size : 18.5g x 10 Sachet,KES420.00(Inc. VAT),Average Nutritional Value As Per 18.5g,77kcal,322.168kJ,1g,13g,,1g,,,Instant Coffee,Powder,Food,Mocha,,,,1546.0,,
1736,Coffee Break 3 In 1 High Instant Coffee Mix 18g,Pack size : 18g,KES26.00(Inc. VAT),Average Nutritional Value As Per 100g,79.3kcal,332kJ,0.5g,13.9g,8.26g,2.9g,,0.02mg,Instant Coffee Mix,Powder,Food,,,,,1547.0,,
1737,Nescafe Dolce Gusto Cafe American 16Cap 136G,Pack size : 136g,KES1999.00(Inc. VAT),,,,,,,,,,,,,,,,,1548.0,,
1738,Nescafe Dolce Gusto Espreso Macchiato 16Caps 100.8G,Pack size : 100.8g,KES1999.00(Inc. VAT),,,,,,,,,,,,,,,,,1549.0,,
1739,Nescafe Dolce Gusto Cappucino186.4G,Pack size : 186.4G,KES2375.00(Inc. VAT),,,,,,,,,,,,,,,,,1550.0,,
1740,Nescafe Dolce Gusto Nesquikchoc 16Cap 256G,Pack size : 256g,KES1999.00(Inc. VAT),,,,,,,,,,,,,,,,,1551.0,,
1741,Safari Lounge Tanzanian Espresso Coffee Capsules 10 Pieces,Pack size : 10 Pieces,KES949.00(Inc. VAT),Average Nutritional Value As Per 100g,2.4kcal,10.0416kJ,0.3g,0g,0g,0.1g,0g,4.7mg,Coffee Capsules,Solid,Food,,,,,1552.0,,
1742,Dormans Kilimanjaro Coffee Capsule 5Gx25,Pack size : 5G X 25,KES1550.00(Inc. VAT),Average Nutritional Value As Per 100g,2.4kcal,10.0416kJ,0.3g,0g,0g,0.1g,0g,4.7mg,Coffee Capsules,Solid,Food,,,,,1553.0,,
1743,Dormans Suprema Coffee Capsule 5Gx25,Pack size : 5G X 25,KES1550.00(Inc. VAT),Average Nutritional Value As Per 100g,2.4kcal,10.0416kJ,0.3g,0g,0g,0.1g,0g,4.7mg,Coffee Capsules,Solid,Food,,,,,1554.0,,
1744,Safari Lounge Ugandan Espresso Coffee Capsules 10 Pieces,Pack size : 10 Pieces,KES949.00(Inc. VAT),Average Nutritional Value As Per 100g,2.4kcal,10.0416kJ,0.3g,0g,0g,0.1g,0g,4.7mg,Coffee Capsules,Solid,Food,,,,,1555.0,,
1745,Caffe Del Duca Espresso Roasted Coffee 250g,Pack size : 250g,KES604.00(Inc. VAT),Average Nutritional Value As Per 100g,2kcal,8.36kJ,,,,,,4mg,Coffee,Solid,Food,,,,,1556.0,,
1746,Starbucks Blonde B Expresso Whole Bean 200G,Pack size : 200g,KES1999.00(Inc. VAT),,,,,,,,,,,,,,,,,1557.0,,
1747,Carrefour Coffee Capsule Decaff 10S,Pack size : 10S,KES779.00(Inc. VAT),,,,,,,,,,,,,,,,,1558.0,,
1748,Starbucks Dark Espresso Roast Fine Pouch 200G,Pack size : 200g,KES1999.00(Inc. VAT),,,,,,,,,,,,,,,,,1559.0,,
1749,Starbucks Medium Pike Place Whole Bean 200G,Pack size : 200g,KES1999.00(Inc. VAT),,,,,,,,,,,,,,,,,1560.0,,
1750,Dormans Decaf Coffee Capsules 5g x 25 Pieces,Pack size : 125g,KES1550.00(Inc. VAT),Average Nutritional Value As Per 100g,2.4kcal,10.0416kJ,0.3g,0g,0g,0g,0g,4.7mg,Coffee capsule,solid,Food,coffee,,,,1561.0,,
1751,Dormans Espresso Capsules 5Gx25,Pack size : 5G X 25,KES1550.00(Inc. VAT),Average Nutritional Value As Per 100g,2.4kcal,10.0416kJ,0.3g,0g,0g,0.1g,0g,4.7mg,Coffee Capsules,Solid,Food,,,,,1562.0,,
1752,Starbucks Coffee Verona Coffee 10S 55G,Pack size : 55g,KES1999.00(Inc. VAT),,,,,,,,,,,,,,,,,1563.0,,
1753,Starbucks Pike Place Coffee 10S 53G,Pack size : 53g,KES1999.00(Inc. VAT),,,,,,,,,,,,,,,,,1564.0,,
1754,Starbucks Pods House Blend 57G,,KES1999.00(Inc. VAT),,,,,,,,,,,,,,,,,1565.0,,
1755,Ella'S Kitchen First Taste Carrots 70G,Pack size : 70g,KES559.00(Inc. VAT),,,,,,,,,,,,,,,,,1566.0,,
1756,Nescafe Dolce Gusto Lungo Decaf 16Caps 112G,Pack size : 112g,KES1999.00(Inc. VAT),,,,,,,,,,,,,,,,,1567.0,,
1757,Starbucks Espresso Roast Decaf 57G,Pack size : 57g,KES1999.00(Inc. VAT),,,,,,,,,,,,,,,,,1568.0,,
1758,Nescafe Dolce Gusto Decaffeinto 160G,,KES1999.00(Inc. VAT),,,,,,,,,,,,,,,,,1569.0,,
1759,Nescafe Tasters Choice Decaf 16 Packets Instance Coffee 48G,Pack size : 48g,KES1999.00(Inc. VAT),,,,,,,,,,,,,,,,,1570.0,,
1760,Tropical Heat Spices Garlic Powder 100G,Pack size : 100g,KES250.00(Inc. VAT),,,,,,,,,,Garlic Powder,Powder,Food,,No Additives,,"Garlic contains manganese, vitamin B6, Vitamin C, selenium, and fibre. It also contains decent amounts of calcium, copper, potassium, phosphorus, iron, and Vitamin B1.",1571.0,"Use Tropical Heat Garlic Powder to flavour eggs, soups, stews, sauces, butter, gravies, salads, salad dressing, meat, cheese dishes, coleslaw, stews, pasta, marinades, bread, rice and vegatebles.",
1761,Royco Wet & Dry Fry Spice 100G,Pack size : 100g,,,,,,,,,,,,,,,,,,1572.0,,
1762,Tropical Heat Spices Black Pepper Grinder 100Ml,Pack size : 100ml,KES260.00(Inc. VAT),,,,,,,,,,Black Pepper With Grinder,Powder,Food,,No Additives,,"Black Pepper is a rich source of manganese, iron, potassium, vitamin C, vitain K and dietary fibre. It is also known to be a good anti-inflammatory agent.",1573.0,"Use Tropical Heat Black Pepper Grinder to grind the whole black pepper spice over soups, stews, salads, poultry, pancakes, cookies and fruit salads. The grinder also doubles up as a table condiment.",
1763,Tropical Heat Spices Turmeric Ground 100G,Pack size : 100g,KES190.00(Inc. VAT),,,,,,,,,,Ground Turmeric,Powder,Food,,No Additives,,Turmeric has powerful anti inflammatory effects and is known to be a very strong antioxidant.,1574.0,"Tropical Heat Turmeric spice imparts warm flavour and yellow/ orange flavour to food. Use Turmeric in curries, rice dishes, cream sauces, bread, soups, fish dishes, pickles, vegetable and lentil dishes.",
1764,Tropical Heat Spices Cardamoms Ground 100G,Pack size : 100g,KES490.00(Inc. VAT),,,,,,,,,,Ground Cardamom,Powder,Food,,No Additives,,"Cardamoms can be used to combat nausea, acidity, bloating, gas, heartburn, loss of appetite and constipation.",1575.0,"Tropical Heat Cardamoms spice can be used in cakes, sweet breads, fruit salad, curry, fruit pies, cookies, pickles , ginger bread, custards, pudding, sweet potatoes, barbecue sauce, rice puddings, curries, stews, cardamom-flavoured coffee and tea.",
1765,Tropical Heat Spices Cinnamon Ground 100G,Pack size : 100g,KES190.00(Inc. VAT),,,,,,,,,,Ground Cinnamon,Powder,Food,,No Additives,,Cinnamon is known to contain compounds that can help to lower blood sugar levels and reduce heart disease risk factors.,1576.0,"Use Tropical Heat Cinnamon to flavour stews, hot chocolate, coffee, milk shakes, mulled wine, pastries and baked foods, toast, chocolate fudge, sweet potatoes, stuffing, meat dishes and soups.",
1766,Tropical Heat Spices Curry Powder 100G,Pack size : 100g,KES160.00(Inc. VAT),Average Nutritional Value As Per 5g,,,1.0g,3.0g,,0.5g,,90mg,Curry Powder,Powder,Food,,No Additives,,"Curry Powder is rich in anti-inflammatory compounds and adding it to your dishes may help to reduce oxidative stress, boost heart health and improve blood sugar levels.",1577.0,"Tropical Heat Curry Powder is used to flavor soups, stews, sauces, marinades, meat, poultry dishes, and vegetables. It thickens soups, makes it more appetising and adds depth and irresistible flavour.",
1767,Tropical Heat  Black Pepper Ground 45G,Pack size : 45G,KES165.00(Inc. VAT),,,,,,,,,,Ground Black Pepper,Powder,Food,,No Additives,,"Black Pepper is a rich source of manganese, iron, potassium, vitamin C, vitain K and dietary fibre. It is also known to be a good anti-inflammatory agent.",1578.0,"Tropical Heat Black Pepper spice can be used in beef, fish, poultry dishes, creamy soup, white sauce, cheese dishes, and salad dressings. Tropical Heat ground Black Pepper can also serve as a light seasoning on fresh fruits.",
1768,Tropical Heat  Garlic Powder 45G,Pack size : 45G,KES125.00(Inc. VAT),,,,,,,,,,Garlic Powder,Powder,Food,,No Additives,,"Garlic contains manganese, vitamin B6, Vitamin C, selenium, and fibre. It also contains decent amounts of calcium, copper, potassium, phosphorus, iron, and Vitamin B1.",1579.0,"Use Tropical Heat Garlic Powder to flavour eggs, soups, stews, sauces, butter, gravies, salads, salad dressing, meat, cheese dishes, coleslaw, stews, pasta, marinades, bread, rice and vegatebles.",
1769,Tropical Heat Spices Black Pepper Ground 100G,Pack size : 100g,KES330.00(Inc. VAT),,,,,,,,,,Ground Black Pepper,Powder,Food,,No Additives,,"Black Pepper is a rich source of manganese, iron, potassium, vitamin C, vitain K and dietary fibre. It is also known to be a good anti-inflammatory agent.",1580.0,"Tropical Heat Black Pepper spice can be used in beef, fish, poultry dishes, creamy soup, white sauce, cheese dishes, and salad dressings. Tropical Heat ground Black Pepper can also serve as a light seasoning on fresh fruits.",
1770,Tropical Heat Spices Onion Powder100G,Pack size : 100g,KES190.00(Inc. VAT),,,,,,,,,,Onion Powder,Powder,Food,Onion,No Additives,,,1581.0,"Sprinkle Tropical Heat Onion Powder into soups and stews, create creamy dips and salad dressings, perk up casseroles and vegetables, or use it as a base for rubs and marinades. Pure onion powder delivers bold onion flavour and aroma. Onion Powder is an essential seasoning for ground meat for burgers, meatloaf, chili and skillet suppers.",
1771,Tropical Heat Spices Oregano Leaves 20G,Pack size : 20g,KES80.00(Inc. VAT),,,,,,,,,,Rubbed Oregano,Powder,Food,,No Additives,,"Oregano may be used to treat respiratory tract disorders, gastrointestinal disorders, menstrual cramps and urinary tract disorders. Oregano is also known to be used by applying topically to help treat a number of skin conditions such as acne and dandruff.",1582.0,"Use Tropical Heat Oregano in preparing savoury dishes such as lamb, pork, beef, chicken, fish, vegetable dishes, soups, tomato dishes and sauces, pasta, sphaghetti sauce, pizza, stuffing, egg dishes, bread and green salads.",
1772,Tropical Heat Spices Ginger Ground 100G,Pack size : 100g,KES190.00(Inc. VAT),,,,,,,,,,Ground Ginger,Powder,Food,,No Additives,,"Ginger can be used to help digestion, reduce nausea and help fight flu and the common cold.",1583.0,"Tropical Heat ground Ginger is used to flavour tea and coffee, sauces, appetizers, mulled wine, gingerbread, biscuits, milk puddings, desserts, meat marinades, brandy snaps, curries, fish, seafood, poultry, beef, venison, veal and noodle dishes.",
1773,Tropical Heat Spices Coriander Ground 100G,Pack size : 100g,KES160.00(Inc. VAT),,,,,,,,,,Ground Coriander,Powder,Food,,No Additives,,Coriander displays antioxidant properties and contains dietary fibre that may help to promote healthy functioning of the liver and aid digestion.,1584.0,"Use Tropical Heat Coriander to flavour pastries for frying and baking sauces, meat dishes, lentils, soups, stews, stuffing beans, peas and other vegatables. Coriander can also be used as a sprinkle and condiment for your dishes.",
1774,Royco Pilau Masala Spice 100G,Pack size : 100g,,,,,,,,,,,,,,,,,,1585.0,,
1775,Tropical Heat Spices Chilli Flakes 75G,Pack size : 75g,KES145.00(Inc. VAT),,,,,,,,,,Chilli Flakes,Solid,Food,,No Additives,,Chillies are known to contain antioxidants including vitamin C and carotenoids which might help improve insulin regulation.,1586.0,"Sprinkle Tropical Heat Chilli Flakes on curries, stews, cream sauces, pasta, pizza, tomato dishes, and salads. Chilli Flakes can also be used in infusing cooking oils. The taste is an incredibly warm dish, with just a touch of spiciness.",
1776,Royco Nyama Choma Spice 100G,Pack size : 100g,,,,,,,,,,,,,,,,,,1587.0,,
1777,Royco Wet & Dry Fry Spice 50G,Pack size : 50g,,,,,,,,,,,,,,,,,,1588.0,,
1778,Royco Curry Powder 50G,Pack size : 50g,,,,,,,,,,,,,,,,,,1589.0,,
1779,Royco Pilau Masala Spice 50G,Pack size : 50g,,,,,,,,,,,,,,,,,,1590.0,,
1780,Tropical Heat  Ginger Ground 45G,Pack size : 45G,KES95.00(Inc. VAT),,,,,,,,,,Ground Ginger,Powder,Food,,No Additives,,"Ginger can be used to help digestion, reduce nausea and help fight flu and the common cold.",1591.0,"Tropical Heat ground Ginger is used to flavour tea and coffee, sauces, appetizers, mulled wine, gingerbread, biscuits, milk puddings, desserts, meat marinades, brandy snaps, curries, fish, seafood, poultry, beef, venison, veal and noodle dishes.",
1781,Tropical Heat  Cayenne Pepper 45G,Pack size : 45G,KES95.00(Inc. VAT),,,,,,,,,,Ground Cayenne Pepper,Powder,Food,,No Additives,,Cayenne Pepper is known to have the ability to stimulate circulation and eliminate acidity. It can also help to restore the circulatory system by opening the capillaries and regulating blood sugar. Cayenne Pepper may also help the digestive system to remove bacteria and toxins from the body.,1592.0,"Use Tropical Heat Cayenne Pepper to season egg dishes, hot sauces, spiced oils, vinegars and savoury biscuits. It is also a favourite addition to many staples such as rice, corn and soup. Cayenne goes well with other spices including cilantro, cinnamon, black pepper, fennel and cumin. Use alone or in combination with other spices to perk up a dish.",
1782,Tropical Heat Spices Thyme Leaves 20G,Pack size : 20g,KES75.00(Inc. VAT),,,,,,,,,,Rubbed Thyme,Powder,Food,,No Additives,,"Thyme is a good Source of vitamin A & C. It is commonly taken by mouth to help with bronchitis, whooping cough, sore throat, arthritis, upset stomach, stomach pain (gastritis), diarrhoea, bedwetting, intestinal gas (flatulence), parasitic worm infections and skin disorders.",1593.0,"Use Thyme in beef, poultry, fish, vegetables, seafood, rice, casseroles, stews, soups, tomato sauces, breads and clam chowder. Thyme is also used to add flavor and depth to marinades, soups and stocks, cocktail elements, and teas.",
1783,Simba Mbili Curry Powder 50g,Pack size : 50g,KES135.00(Inc. VAT),Average Nutritional Value As Per 100g,325kcal,1359.8kJ,13g,58g,2.8g,14g,33g,52mg,Curry Powder,Powder,Food,,,,,1594.0,,
1784,"Royco Mchuzi Mix Chicken, For Thicker, Richer Stews, Seasoning Powder, 170g",Pack size : 170g,KES99.00(Inc. VAT),Average Nutritional Value As Per 100g,255kcal,1066.92kJ,1g,62g,16g,1g,,,Mchuzi Mix,Powder,Food,,,,,1595.0,,
1785,Tropical Heat Spices Chilli Lemon Seasoning 100G,Pack size : 100g,KES150.00(Inc. VAT),,,,,,,,,,,,,,,,,1596.0,,
1786,Tropical Heat Spices Cayenne Pepper 100G,Pack size : 100g,KES190.00(Inc. VAT),,,,,,,,,,Ground Cayenne Pepper,Powder,Food,,No Additives,,Cayenne Pepper is known to have the ability to stimulate circulation and eliminate acidity. It can also help to restore the circulatory system by opening the capillaries and regulating blood sugar. Cayenne Pepper may also help the digestive system to remove bacteria and toxins from the body.,1597.0,"Use Tropical Heat Cayenne Pepper to season egg dishes, hot sauces, spiced oils, vinegars and savoury biscuits. It is also a favourite addition to many staples such as rice, corn and soup. Cayenne goes well with other spices including cilantro, cinnamon, black pepper, fennel and cumin. Use alone or in combination with other spices to perk up a dish.",
1787,Tropical Heat  Nutmeg Ground 45G,Pack size : 45G,KES215.00(Inc. VAT),,,,,,,,,,Ground Nutmeg,Powder,Food,,No Additives,,"Nutmeg is known to help to relieve pain, soothe indigestion, detoxify the body, boost skin health and reduce insomnia.",1598.0,"UseTropical Heat Nutmeg powder in pork, beef, lamb, chicken, fish, creamed dishes, beans, sauces, apple dishes, puddings, egg dishes, custards, cookies, pound cake, spice cake and devil's food cake. Nutmeg combines well with cheese and is cooked with soufles. In soup , it is good with tomatoes, split tea, chicken or black beans. Nutmeg complements vegetables like cabbage, spinach, brocolli and eggplant.",
1788,Tropical Heat Spices Cuminseeds Ground 100G,Pack size : 100g,KES260.00(Inc. VAT),,,,,,,,,,Ground Cumin Seed,Powder,Food,,No Additives,,"Cumin Seeds may aid in improving digestion and immunity and may help to treat insomnia, respiratory disorders, asthma, bronchitis, common cold, lactation, anaemia and skin orders.",1599.0,"Tropical Heat ground cumin Seeds can be used to accentuate the sweetness of root vegetables, like carrots and beets, as well as adding complexity to vegetarian dishes. Cumin is also an essential spice for Indian curries and chutneys.",
1789,Tropical Heat  Basil Rubbed 20G,Pack size : 20G,KES85.00(Inc. VAT),,,,,,,,,,Rubbed Basil,Powder,Food,,No Additives,,"Basil isknown to contain disease-fighting antioxidants, act as an anti-inflammatory, and has antibacterial properties.",1600.0,"Tropical Heat Basil leaves can be used as a staple ingredient in sphagetti sauce and on pizza. Basil is also popular with fish, mushroom dishes, soups, stews, meat louf, lobster, shrimp, veal, lamb, salad dressing, eggplant, potatoes, carrots, spinach, peas, chicken, eggs and rice dishes. Basil Leaves can be used as a companion herb with parsley, rosemary, oregano, sage, thyme and saffron.",
1790,Tropical Heat Spices Nutmeg Ground 100G,Pack size : 100g,KES430.00(Inc. VAT),,,,,,,,,,Ground Nutmeg,Powder,Food,,No Additives,,"Nutmeg is known to help to relieve pain, soothe indigestion, detoxify the body, boost skin health and reduce insomnia.",1601.0,"UseTropical Heat Nutmeg powder in pork, beef, lamb, chicken, fish, creamed dishes, beans, sauces, apple dishes, puddings, egg dishes, custards, cookies, pound cake, spice cake and devil's food cake. Nutmeg combines well with cheese and is cooked with soufles. In soup , it is good with tomatoes, split tea, chicken or black beans. Nutmeg complements vegetables like cabbage, spinach, brocolli and eggplant.",
1791,Tropical Heat  Dhana Jeera 45G,Pack size : 45G,,,,,,,,,,,Dhana Jeera Spices,Powder,Food,,No Additives,,Dhana Jeera contains anti-bacterial properties that may help to clear up the airways and deal effectively with respiratory stress.,1602.0,"Use Tropical Heat Dhana Jeera to thicken vegetable soups, garnish egg and cheese dishes, in soups, salads, lettuce, dressings and to make pickles.",
1792,Royco Curry Powder 100G,Pack size : 100g,,,,,,,,,,,,,,,,,,1603.0,,
1793,Royco Paprika Ground Spice 45G,Pack size : 45g,KES114.00(Inc. VAT),,,,,,,,,,,,,Paprika,,,,1604.0,,
1794,Tropical Heat  Turmeric Ground 45G,Pack size : 45G,KES95.00(Inc. VAT),,,,,,,,,,Ground Turmeric,Powder,Food,,No Additives,,Turmeric has powerful anti inflammatory effects and is known to be a very strong antioxidant.,1605.0,"Tropical Heat Turmeric spice imparts warm flavour and yellow/ orange flavour to food. Use Turmeric in curries, rice dishes, cream sauces, bread, soups, fish dishes, pickles, vegetable and lentil dishes.",
1795,Eva Paprika Spice,,KES320.00/200g(Inc. VAT),,,,,,,,,,,,,,No Additives,,,1606.0,,
1796,Mulsons Spices Cumin Powder 100g,Pack size : 100g,KES325.00(Inc. VAT),Average Nutritional Value As Per 100g,444kcal,1857kJ,17.2g,44.36g,0g,22g,10.29g,1758mg,Cumin Powder,Powder,Food,,,,,1607.0,,
1797,Tropical Heat Spices Rosemary Leaves 20G,Pack size : 20g,KES70.00(Inc. VAT),,,,,,,,,,Rosemary Leaves,Powder,Food,,No Additives,,"Rosemary is a good source of iron, calcium and vitamin B6. It can be used to help alleviate muscle pain, improve memory, boost the immune and circulatory system and promote hair growth.",1608.0,"Tropical Heat Rosemary Leaves in seasoning soups, casseroles, salads, and stews. Rosemary is also used with chicken and other poultry, game, lamb, pork, steaks, and fish, especially oily fish. It also goes well with grains, mushrooms, onions, peas, potatoes, and spinach.",
1798,Zanzibar Turmeric Powder Spices 100g,Pack size : 100g,KES180.00(Inc. VAT),Average Nutritional Value As Per 100g,354kcal,1481kJ,8g,65g,3.2g,10g,21g,38mg,Turmeric Powder Spices,Powder,Food,,,,,1609.0,,
1799,Royco Garlic Ground Spice 50G,Pack size : 50g,KES129.00(Inc. VAT),,,,,,,,,,,,,Garlic,,,,1610.0,,
1800,Royco Nyama Choma Spice 50G,Pack size : 50g,,,,,,,,,,,,,,,,,,1611.0,,
1801,Zanzibar Grounded Cardamom Spices 100g,Pack size : 100g,KES445.00(Inc. VAT),Average Nutritional Value As Per 100g,311kcal,1301kJ,11g,68g,,7g,28g,18mg,Cardamom Spices,Powder,Food,,,,,1612.0,,
1802,Tropical Heat Spices Parsley Leaves 15G,Pack size : 15g,KES80.00(Inc. VAT),,,,,,,,,,Parsley Leaves Powder,Powder,Food,,No Additives,,"Parsley is an excellent source of vitamin A, C, K, folate and iron.",1613.0,"Tropical Heat Parsley Parsley can be added into dishes like pastas, sauces, salads, meat dishes, and vegetables. It can also be used as a garnish to flavour soups, stews, egg dishes, vegetables, coleslaw, breads, herb sauces, herb butters. Parsley is also sprinkled on the top of finished dishes for an extra punch of fresh herby flavor as well as appearance.",
1803,Tropical Heat Spices Cloves Ground 100G,Pack size : 100g,KES470.00(Inc. VAT),,,,,,,,,,Cloves,Solid,Food,,No Additives,,"Cloves is known for its antioxidant, antiseptic, local anesthetic, anti - inflammatory and anti - flatuent properties.",1614.0,"Use Tropical Heat Cloves in flavouring rice dishes, cooking liquids for simmering fish, poultry, game and beef, in classic sauces and for baked dishes such as cakes, biscuits, ginger breads and puddings.",
1804,Top Food Ground Cardamom Spice 100g,Pack size : 100g,,Average Nutritional Value As Per 2g,8kcal,33.4KJ,0.1g,1.6g,,0.1g,,,Ground Cardamom Spice,Powder,Food,,,,,1615.0,,
1805,Orley's Spice Pure Ground Tandoori Masala 100g,Pack size : 100g,KES135.00(Inc. VAT),Average Nutritional Value As Per 100g,238kcal,995.792kJ,1g,43g,,10g,,48mg,Tandoori Masala,Powder,Food,,,,,1616.0,,
1806,Mulsons Spices Cinnamon Powder 100g,Pack size : 100g,KES240.00(Inc. VAT),Average Nutritional Value As Per 100g,352kcal,14732kJ,4.25g,81g,0g,1.3g,50.6g,0mg,Cinnamon Powder,Powder,Food,,,,,1617.0,,
1807,Robertson's Portuguese Chicken Spices 72g,Pack size : 72g,KES425.00(Inc. VAT),Average Nutritional Value As Per 100g,185kcal,774.04kJ,10g,32.5g,5.4g,4.8g,7g,,Chicken Spice,Powder,Food,,,,,1618.0,,
1808,Top Food Tandoori Masala Jar 100G,,,,,,,,,,,,,,,,,,,1619.0,,
1809,Mulsons Spices Spanish Paprika 100g,Pack size : 100g,KES230.00(Inc. VAT),Average Nutritional Value As Per 100g,249kcal,1041.81kJ,14g,19g,10g,12g,0g,68mg,Paprika,Powder,Food,,,,,1620.0,,
1810,Royco Paprika Ground Spice 90G,Pack size : 90g,KES199.00(Inc. VAT),,,,,,,,,,,,,Paprika,,,,1621.0,,
1811,Tropical Heat  Cardamoms Ground 45G,Pack size : 45G,KES245.00(Inc. VAT),,,,,,,,,,Ground Cardamom,Powder,Food,,No Additives,,"Cardamoms can be used to combat nausea, acidity, bloating, gas, heartburn, loss of appetite and constipation.",1622.0,"Tropical Heat Cardamoms spice can be used in cakes, sweet breads, fruit salad, curry, fruit pies, cookies, pickles , ginger bread, custards, pudding, sweet potatoes, barbecue sauce, rice puddings, curries, stews, cardamom-flavoured coffee and tea.",
1812,Tropical Heat  White Pepper Ground 45G,Pack size : 45G,KES287.00(Inc. VAT),,,,,,,,,,Ground White Pepper,Powder,Food,,No Additives,,White Pepper may help in digestion and may help with weight loss.,1623.0,"Tropical Heat White Pepper can be used in flavouring and seasoning meat and vegetable dishes, cream soups, omelettes, cheese dishes, seafood and salad dressings. It is also used as a seasoning (table condiment)",
1813,Tropical Heat Spices Bay Leaves 5G,Pack size : 5g,KES40.00(Inc. VAT),,,,,,,,,,Bay Leaves Powder,Powder,Food,,No Additives,,"Bay leaves may help to detoxify the body, slow the aging process, and speed up wound healing. It may also help to protect the body from bacterial infections, manage diabetes, improve heart health, reduce inflammation, and alleviate respiratory issues.",1624.0,"Use Tropical Heat Bay leaves in soups, chowder sauce, marinades, fish and shellfish dishes, pickling, tomato juice, custard sauce, french dressing, cooking vegetables, pot roast, stews, and a variety of meats.",
1814,Pilau Masala,,KES300.00/200g(Inc. VAT),Average Nutritional Value As Per Serving,20kcal,83.68kJ,,3g,1g,,1g,1550mg,Pilau Masala,Powder,Food,,No Additives,,,1625.0,,
1815,Orley's Spice Garlic Pepper 100g,Pack size : 100g,KES150.00(Inc. VAT),Average Nutritional Value As Per 1 Tablespoon,15kcal,62.76kJ,0g,4g,0g,0g,0g,130mg,Garlic Powder,Powder,Food,,,,,1626.0,,
1816,Royco Ginger Ground Spice 100G,Pack size : 100g,KES184.00(Inc. VAT),,,,,,,,,,,,,Ginger,,,,1627.0,,
1817,Nature's Own Whole Fenugreek Seeds 40g,Pack size : 40g,KES152.00(Inc. VAT),Average Nutritional Value As Per 100g,323kcal,1351.43kJ,23g,58g,0g,6g,25g,67mg,Fenugreek Seeds,Solid,Food,,,,,1628.0,,
1818,Knorr Aromat Naturally Tasty Seasoning 70g,Pack size : 70g,KES199.00(Inc. VAT),Average Nutritional Value As Per 1g,131kcal,548.104kJ,3g,24g,6g,1g,1g,24276mg,Seasoning,Powder,Food,,,,,1629.0,,
1819,Simba Mbili Pure Ginger Powder 50g,Pack size : 50g,KES80.00(Inc. VAT),Average Nutritional Value As Per 100g,20kcal,83.68kJ,,5g,1g,,,,Ginger Powder,Powder,Food,,,,,1630.0,,
1820,Top Food Black Pepper Powder 100g,Pack size : 100g,,Average Nutritional Value As Per 100g,349kcal,1460.216kJ,22g,63g,1g,1g,,3.9mg,Black Pepper Powder,Powder,Food,,,,,1631.0,,
1821,Orley's Oregano Leaves 20g,Pack size : 20g,KES110.00(Inc. VAT),Average Nutritional Value As Per 100g,355kcal,1485.32kJ,6.7g,77g,,2.2g,,,Oregano Leaves,Solid,Food,,,,,1632.0,,
1822,Top Food Mild Blend Poussin Sauce 100g,Pack size : 100g,,Average Nutritional Value As Per 100g,340kcal,1422.56kJ,64.6g,0.2g,0.2g,9g,,450mg,Sauce,Paste,Food,Mild,,,,1633.0,,
1823,Orley's Ground Citric Acid 100g,Pack size : 100g,KES175.00(Inc. VAT),Average Nutritional Value As Per 1g,0kcal,0kJ,,,,,,0.1mg,Ground Citric Acid,Powder,Food,,,,,1634.0,,
1824,Natures Own Whole Cumin 250g,Pack size : 250g,KES700.00(Inc. VAT),Average Nutritional Value As Per 100g,375kcal,1569kJ,18g,44g,2.3g,22g,11g,168mg,Whole Cumin,Solid,Food,,,,,1635.0,,
1825,Top Food Chilli And Lemon Seasoning 100g,Pack size : 100g,,Average Nutritional Value As Per 100g,100kcal,418kJ,4g,26g,0g,1g,10g,213mg,Seasoning,Powder,Food,"Chilli, Lemon",,,,1636.0,,
1826,Tropical Heat Spices Biryani Masala 100G,Pack size : 100g,KES280.00(Inc. VAT),,,,,,,,,,,,,,,,,1637.0,,
1827,Tropical Heat Spices Pasta Seasoning 100G,Pack size : 100g,KES240.00(Inc. VAT),,,,,,,,,,,,,,,,,1638.0,,
1828,Orley's Pure Mixed Herbs 100g,Pack size : 100g,KES115.00(Inc. VAT),Average Nutritional Value As Per 100g,290kcal,1213.36kJ,11.1g,55.3g,,2.8g,,,Mixed Herbs,Solid,Food,,,,,1639.0,,
1829,Top Food Garlic Salt 100g,Pack size : 100g,,Average Nutritional Value As Per 100g,86.4kcal,361.4976kJ,4.3g,19.4g,0.7g,0g,2.2g,285mg,Garlic Salt,Powder,Food,,,,,1640.0,,
1830,Mulsons Nutmeg Powder 50G,Pack size : 50g,KES280.00(Inc. VAT),,,,,,,,,,,powder,Spices,,No additives,,,1641.0,,
1831,Top Food Taco Seasoning 100G,Pack size : 100g,,Average Nutritional Value As Per Serving,22kcal,92.048kJ,0.9g,4.4g,4.4g,0.7g,,299mg,Seasoning,Powder,Food,,,,,1642.0,,
1832,Simba Mbili Resuns Ground Cloves 50g,Pack size : 50g,KES220.00(Inc. VAT),Average Nutritional Value As Per Serving,6kcal,25kJ,0.13g,1.3g,,0.27g,0.7g,,Ground Cloves,Powder,Food,,,,,1643.0,,
1833,TOP FOOD PERI PERI SEASONING J 100G,,,,,,,,,,,,,,,,,,,1644.0,,
1834,Zanzibar Ground Cinnamon Spices 100g,Pack size : 100g,KES180.00(Inc. VAT),Average Nutritional Value As Per 100g,247kcal,1033kJ,4g,81g,2.2g,1.2g,53g,10mg,Ground Cinnamon Spices,Powder,Food,,,,,1645.0,,
1835,Royco Garlic Ground Spice 100G,Pack size : 100g,KES264.00(Inc. VAT),,,,,,,,,,,,,Garlic,,,,1646.0,,
1836,Tropical Heat  Citric Acid 45G,Pack size : 45G,,,,,,,,,,,Citric Acid,Powder,Food,,No Additives,,Citric Acid may be beneficial for people with kidney stones.,1647.0,"Use Tropical Heat Citric Acid in preparing poridge, vegetables, meat curries, salad dressing and marinades. Citric Acid is particularly good with duck, chicken and rabbit stews.",
1837,Tropical Heat Spices Chillies Ground 100G,Pack size : 100g,KES160.00(Inc. VAT),,,,,,,,,,Ground Chillies,Powder,Food,,No Additives,,Chillies are known to contain antioxidants including vitamin C and carotenoids which might help improve insulin regulation.,1648.0,"Use Tropical Heat Chillies in meat and vegetable dishes, seasoning curries, casseroles, garnishing pasta dishes, cream soups, omelets, barbecued meat dishes, seasoning blends, cheese dishes, salad dressings, and most Indian dishes.",
1838,Zanzibar Ground Pilau Masala 100g,Pack size : 100g,KES280.00(Inc. VAT),Average Nutritional Value As Per 188kcal,1026kcal,4292kJ,41g,46g,8.2g,82g,14g,633mg,Ground Pilau Masala,Powder,Food,,,,,1649.0,,
1839,Orley's Thyme Leaves 20g,Pack size : 20g,KES110.00(Inc. VAT),Average Nutritional Value As Per 100g,276kcal,1154.784kJ,9.11g,64g,1.7g,7.4g,37g,,Thyme,Solid,Food,,,,,1650.0,,
1840,Natures Own Garam Masala 250G,Pack size : 250g,KES700.00(Inc. VAT),Average Nutritional Value As Per 100g,20kcal,83.68kJ,1g,4g,0g,1g,0g,46mg,Garam Masala,Powder,Food,,,,,1651.0,,
1841,Mulsons Spices Dhana Jeera Powder 100g,Pack size : 100g,KES190.00(Inc. VAT),Average Nutritional Value As Per 100g,375kcal,1569kJ,18g,44g,2.3g,22g,11g,168mg,Dhana Jeera Powder,Powder,Food,,,,,1652.0,,
1842,Zanzibar Tea Masala Spices 100g,Pack size : 100g,KES279.00(Inc. VAT),Average Nutritional Value As Per 238g,4.9kcal,20.5kJ,0.1g,1.4g,,0.1g,0.3g,0.8mg,Tea Masala Spices,Powder,Food,,,,,1653.0,,
1843,Nutrameal Cumin Seeds Powder 500g,Pack size : 500g,KES750.00(Inc. VAT),Average Nutritional Value As Per 100g,356kcal,1489.504kJ,18.7g,36.6g,0g,15g,12g,60mg,Cumin Seeds Powder,Powder,Food,,,,,1654.0,,
1844,Zanzibar Curry Powder 100g,Pack size : 100g,KES155.00(Inc. VAT),Average Nutritional Value As Per 100g,325kcal,1359.8kJ,13g,58g,2.8g,14g,33g,52mg,Curry Powder,Powder,Food,,,,,1655.0,,
1845,KOL Pure Ground Cardamoms 100g,Pack size : 100g,KES440.00(Inc. VAT),Average Nutritional Value As Per 100g,311kcal,1301kJ,11g,68g,0g,7g,28g,18mg,Ground Cardamoms,Powder,Food,Cardamoms,,0g,,1656.0,,
1846,Zanzibar Ground Coriander Spices 100g,Pack size : 100g,KES153.00(Inc. VAT),Average Nutritional Value As Per 1.8g,5.4kcal,22.5kJ,0.2g,1g,,0.3g,0.8g,0.6mg,Ground Coriander Spices,Powder,Food,,,,,1657.0,,
1847,Zanzibar Parsley Spices 20g,Pack size : 20g,KES90.00(Inc. VAT),Average Nutritional Value As Per 100g,36kcal,150.6kJ,3g,6g,0.9g,0.8g,3.3g,56mg,Parsley Spices,Powder,Food,,,,,1658.0,,
1848,Tropical Heat  Meat Tenderiser 45G,Pack size : 45G,,,,,,,,,,,Meat Tenderiser Spices,Powder,Food,,No Additives,,,1659.0,"Tropical Heat Meat Tendiriser is useful when preparing particularly tough cuts of steak, game, and poultry and works well when broiling or frying the meat. Rub well into meat after piercing with a fork and set aside for 30 minutes before cooking.",
1849,Shalimar Turmeric Powder 100g,Pack size : 100g,KES220.00(Inc. VAT),Average Nutritional Value As Per 10g,35kcal,146.44kJ,,6g,,1g,2g,3mg,Turmeric Powder,Powder,Food,,,,,1660.0,,
1850,Robertsons Fish Spices 78g,Pack size : 78g,KES389.00(Inc. VAT),Average Nutritional Value As Per 100g,198kcal,828.432kJ,9g,39.5g,1.3g,2.1g,3.7g,,Fish Spices,Powder,Food,,,,,1661.0,,
1851,Mulsons Spices Chicken Masala 50g,Pack size : 50g,KES85.00(Inc. VAT),Average Nutritional Value As Per 100g,30kcal,125kJ,1g,4g,1g,1g,,45mg,Chicken Masala,Powder,Food,,,,,1662.0,,
1852,Natural Health Herbal Mchuzi Mix 100g,,KES125.00(Inc. VAT),,62g,16g,255kcal,Average Nutritional Value As Per 101g,,10059mg,,,Food,,1g,1066.92kJ,Powder,,,1663.0,,
1853,Shalimar Cardamom Powder 100g,Pack size : 100g,KES550.00(Inc. VAT),Average Nutritional Value As Per 40g,160kcal,669.44kJ,2g,32g,,2g,,,Cardamom Powder,Powder,Food,,,,,1664.0,,
1854,Mulsons Cloves Powder 100G,Pack size : 100g,KES390.00(Inc. VAT),,,,,,,,,,,Powder,Spices,,No additives,,,1665.0,,
1855,Orley's Pure Ground Cinnamon 50g,Pack size : 50g,KES120.00(Inc. VAT),Average Nutritional Value As Per 100g,247kcal,1033.448kJ,4g,81g,2.2g,1.2g,53g,10mg,Ground Cinnamon,Powder,Food,,,,,1666.0,,
1856,Mulsons Spices Pillau Masala 50g,Pack size : 50g,KES130.00(Inc. VAT),Average Nutritional Value As Per 100g,150.9kcal,631.36kJ,7.5g,15.9g,0.4g,5.7g,2.9g,178.8mg,Pillau Masala,Powder,Food,,,,Powder,1667.0,Pillau Masala,
1857,Top Foodturmeric P Rajapuri Jar100G,,,,,,,,,,,,,,,,,,,1668.0,,
1858,Top Food Pasta Seasoning 100G,Pack size : 100g,,Average Nutritional Value As Per Serving,5kcal,20.92kJ,0.2g,0.8g,0.6g,0g,,682mg,Seasoning,Powder,Food,,,,,1669.0,,
1859,Robertsons Veggie Seasoning 66g,Pack size : 66g,KES425.00(Inc. VAT),Average Nutritional Value As Per 100g,300kcal,1255.2kJ,20g,60g,0g,0g,20g,400mg,Veggie Seasoning,Powder,Food,,,,,1670.0,,
1860,Orley's Pure Ground Curry Powder 100g,Pack size : 100g,KES165.00(Inc. VAT),Average Nutritional Value As Per 0.5 Tablespoon,3kcal,12.552kJ,,,,,,,Curry Powder,Powder,Food,,,,,1671.0,,
1861,Top Food Dhana Jeera Powder 100g,Pack size : 100g,,Average Nutritional Value As Per 100g,436kcal,1824.224kJ,11g,57g,0g,17g,32g,102mg,Dhana Jeera Powder,Powder,Food,,,,,1672.0,,
1862,Tropical Heat Spices Mint Leaves 20G,Pack size : 20g,KES90.00(Inc. VAT),,,,,,,,,,Rubbed Mint,Powder,Food,,No Additives,,"Mint is known to be a great appetizer and palate cleanser. It may help to promote digestion, and soothes the stomach in cases of indigestion or inflammation.",1673.0,"Mint is used in sauces for desserts and for lamb, fruit soup, split pea soup, lamb stew and roast, fish, poultry, sweet dishes, vegetables, mint jelly, syrups, fruit compotes, devil's food cake, lemon based desserts such as tart and mousse, frosting ice cream, sherbet, herbal tea and mint tea.",
1863,Nature39S Own Ground Pilau Masala Pouch 250G,Pack size : 250g,KES750.00(Inc. VAT),Average Nutritional Value As Per 8g,25kcal,104.6kJ,1g,3g,,0.5g,2g,850mg,Pilau Masala,Powder,Food,,,,,1674.0,,
1864,Mulsons Spices Coriander Powder 100g,Pack size : 100g,KES170.00(Inc. VAT),Average Nutritional Value As Per 100g,468.91kcal,1958kJ,11.9g,54.9g,0g,19g,41g,36mg,Coriander Powder,Powder,Food,,,,,1675.0,,
1865,Zanzibar Garam Masala Spices 100g,Pack size : 100g,KES257.00(Inc. VAT),Average Nutritional Value As Per 100g,331kcal,1384.9kJ,17g,73g,2.4g,0.7g,9g,60mg,Garam Masala Spices,Powder,Food,,,,,1676.0,,
1866,Simba Mbili Curry Powder 10g,Pack size : 10g,KES6.00(Inc. VAT),Average Nutritional Value As Per 100g,325kcal,1359.8kJ,13g,58g,2.8g,14g,33g,52mg,Curry Powder,Powder,Food,,,,,1677.0,,
1867,Orley's Ground Ginger 50g,Pack size : 50g,KES135.00(Inc. VAT),Average Nutritional Value As Per 100g,238kcal,995.792kJ,3g,22g,,2g,,,Ground Ginger,Powder,Food,,,,,1678.0,,
1868,Tropical Heat Spices Peri Peri 100G,Pack size : 100g,KES235.00(Inc. VAT),,Average Nutritional Value As Per 5g,,2g,,,,,,1g,41.84kJ,10kcal,,,,Solid,1679.0,Peri Peri Seasoning,
1869,Whole Cumin,,KES520.00/200g(Inc. VAT),Average Nutritional Value As Per 100g,375kcal,1569kJ,18g,44g,2.3g,22g,11g,168mg,Cumin,Solid,Food,,No Additives,,,1680.0,,
1870,Orley's Bay Leaves 20g,Pack size : 20g,KES120.00(Inc. VAT),Average Nutritional Value As Per 100g,313kcal,1309.592kJ,7.6g,75g,0.4g,8.4g,26g,23mg,Bay Leaves,Solid,Food,,,,,1681.0,,
1871,Eva Ginger Powder Spice,,KES320.00/200g(Inc. VAT),Average Nutritional Value As Per 1 Tablespoon,3kcal,12.552kJ,0g,0g,0g,0g,0g,0mg,Ginger Powder,Powder,Food,,No Additives,,,1682.0,,
1872,Robertsons Turmeric 58Gm,Pack size : 58g,KES425.00(Inc. VAT),Average Nutritional Value As Per 100g,312kcal,1305.41kJ,9.7g,67g,3.2g,3.3g,23g,27mg,Turmeric Powder,Powder,Food,,,,,1683.0,,
1873,Orley's Pure Ground Curry Powder 50g,Pack size : 50g,KES85.00(Inc. VAT),Average Nutritional Value As Per 0.5 Tablespoon,3kcal,12.552kJ,,,,,,,Curry Powder,Powder,Food,,,,,1684.0,,
1874,Natures Own Chicken Masala 250G,Pack size : 250g,KES375.00(Inc. VAT),Average Nutritional Value As Per 100g,30kcal,1570kJ,1g,5g,1g,1g,2g,650mg,Chicken Masala,Powder,Food,,,,,1685.0,,
1875,Tropical Heat  Chillies Ground 45G,Pack size : 45G,KES80.00(Inc. VAT),,,,,,,,,,Ground Chillies,Powder,Food,,No Additives,,Chillies are known to contain antioxidants including vitamin C and carotenoids which might help improve insulin regulation.,1686.0,"Use Tropical Heat Chillies in meat and vegetable dishes, seasoning curries, casseroles, garnishing pasta dishes, cream soups, omelets, barbecued meat dishes, seasoning blends, cheese dishes, salad dressings, and most Indian dishes.",
1876,Mulsons Spices Garlic Powder 100g,Pack size : 100g,KES215.00(Inc. VAT),Average Nutritional Value As Per Serving,120kcal,502kJ,3g,20g,0g,3.5g,3g,130mg,Garlic Powder,Powder,Food,,,,,1687.0,,
1877,Tropical Heat Spices Fireball Grinder 100Ml,Pack size : 100ml,KES260.00(Inc. VAT),,,,,,,,,,Fireball With Grinder,Powder,Food,,No Additives,,"The Fireball spice mix is a rich source of manganese, iron, potassium, vitamin C, vitain K and dietary fibre. It's compounds may also be good anti - inflammatory agents.",1688.0,"Use Tropical Heat Fireball Grinder to grind the whole black peppercorns, white peppercorns, chillies and ginger flakes over pizzas, sauces, soups and stews. The Fireball Grinder also doubles as a table condiment.",
1878,Natures Own Chicken Masala 250G,Pack size : 250g,KES375.00(Inc. VAT),Average Nutritional Value As Per 100g,30kcal,1570kJ,1g,5g,1g,1g,2g,650mg,Chicken Masala,Powder,Food,,,,,1689.0,,
1879,Tropical Heat  Chillies Ground 45G,Pack size : 45G,KES80.00(Inc. VAT),,,,,,,,,,Ground Chillies,Powder,Food,,No Additives,,Chillies are known to contain antioxidants including vitamin C and carotenoids which might help improve insulin regulation.,1690.0,"Use Tropical Heat Chillies in meat and vegetable dishes, seasoning curries, casseroles, garnishing pasta dishes, cream soups, omelets, barbecued meat dishes, seasoning blends, cheese dishes, salad dressings, and most Indian dishes.",
1880,Mulsons Spices Garlic Powder 100g,Pack size : 100g,KES215.00(Inc. VAT),Average Nutritional Value As Per Serving,120kcal,502kJ,3g,20g,0g,3.5g,3g,130mg,Garlic Powder,Powder,Food,,,,,1691.0,,
1881,Tropical Heat Spices Fireball Grinder 100Ml,Pack size : 100ml,KES260.00(Inc. VAT),,,,,,,,,,Fireball With Grinder,Powder,Food,,No Additives,,"The Fireball spice mix is a rich source of manganese, iron, potassium, vitamin C, vitain K and dietary fibre. It's compounds may also be good anti - inflammatory agents.",1692.0,"Use Tropical Heat Fireball Grinder to grind the whole black peppercorns, white peppercorns, chillies and ginger flakes over pizzas, sauces, soups and stews. The Fireball Grinder also doubles as a table condiment.",
1882,Top Food Mustard & Herb Seasoning 100g,Pack size : 100g,,Average Nutritional Value As Per 100g,508kcal,2125.472kJ,26.1g,28.1g,6.79g,,12.2g,,Mustard & Herb Seasoning,Powder,Food,,,,,1693.0,,
1883,Top Food Pizza Seasoning 100g,Pack size : 100g,,Average Nutritional Value As Per Serving,1kcal,4kJ,0g,0g,0g,0g,,,Seasoning,Powder,Food,,,,,1694.0,,
1884,Zanzibar Basil Spices 20g,Pack size : 20g,KES90.00(Inc. VAT),Average Nutritional Value As Per 0.5g,0kcal,0kJ,0.5g,1g,,,1g,,Basil Spices,Powder,Food,,,,,1695.0,,
1885,Royco Turmeric Ground Spice 50G,Pack size : 50g,KES104.00(Inc. VAT),,,,,,,,,,,,,Turmeric,,,,1696.0,,
1886,Mulsons Spices Curry Powder 100g,Pack size : 100g,KES165.00(Inc. VAT),Average Nutritional Value As Per 100g,325kcal,1360kJ,13g,58g,2.8g,14g,33g,345mg,Curry Powder,Powder,Food,,,,,1697.0,,
1887,TOP FOOD CLOVE POWDER JAR 100G,,,,,,,,,,,,,,,,,,,1698.0,,
1888,Mulsons Spices Mixed Spices 50g,Pack size : 50g,KES105.00(Inc. VAT),Average Nutritional Value As Per 100g,366kcal,1531kJ,8.38g,71.75g,21.8g,5.05g,1g,1777mg,Mixed Spices,Powder,Food,,,,,1699.0,,
1889,Orley's Spice Onion Powder 100g,Pack size : 100g,KES230.00(Inc. VAT),Average Nutritional Value As Per 100g,15kcal,62.76kJ,,4g,,,,130mg,Onion Powder,Powder,Food,,,,,1700.0,,
1890,Nature's Own Whole Spices Mustard 40g,Pack size : 40g,KES71.00(Inc. VAT),Average Nutritional Value As Per 100g,508kcal,2125.47kJ,26g,28g,6.8g,36g,12g,13mg,Mustard,Solid,Food,,,,,1701.0,,
1891,Mulsons Nutmeg Powder 100G,Pack size : 100g,KES510.00(Inc. VAT),,,,,,,,,,,Powder,Spices,,No additives,,,1702.0,,
1892,Tropical Heat  Coriander Ground 45G,Pack size : 45G,KES80.00(Inc. VAT),,,,,,,,,,Ground Coriander,Powder,Food,,No Additives,,Coriander displays antioxidant properties and contains dietary fibre that may help to promote healthy functioning of the liver and aid digestion.,1703.0,"Use Tropical Heat Coriander to flavour pastries for frying and baking sauces, meat dishes, lentils, soups, stews, stuffing beans, peas and other vegatables. Coriander can also be used as a sprinkle and condiment for your dishes.",
1893,Tropical Heat Spices Sage Leaves 15G,Pack size : 15g,KES75.00(Inc. VAT),,,,,,,,,,Rubbed Sage,Powder,Food,,No Additives,,"Sage may be used to relieve digestive problems including loss of appetite, gas (flatulence), stomach pain (gastritis), diarrhoea, bloating and heartburn. It can also be used to reduce overproduction of saliva, perspiration, depression and memory loss.",1704.0,"Use Tropical Heat Sage leaves to to add herbaceousness to sauces, compound butters, meat marinades, pastries, salads and breads.Sage Leaves can also be added to cocktails and teas for an instant hit of herbal flavor.",
1894,Paldo Fun And Yum Hot And Spicy Ramen Jumbo Bowl Noodle 110g,Pack size : 110g,KES420.00(Inc. VAT),Average Nutritional Value As Per 55g,245kcal,1025.08kJ,5g,33g,2g,10g,2g,974mg,Noodle,Solid,Food,,,,,1705.0,,
1895,Orley's Spice Ground Turmeric 100g,Pack size : 100g,KES200.00(Inc. VAT),Average Nutritional Value As Per 1 Cup,185kcal,774.04kJ,0g,0g,0g,0g,0g,0mg,Ground Turmeric,Powder,Food,,,,,1706.0,,
1896,Lunn Thai Seasoning 40g,Pack size : 40g,KES403.00(Inc. VAT),Average Nutritional Value As Per 100g,1120kcal,4686.08kJ,10.2g,30.9g,17.0g,7.6g,,,Seasoning,Solid,Food,4686kJ,Solid,,,1707.0,,
1897,Top Food Turmeric P Rajapuri P 500G,Pack size : 500g,,Average Nutritional Value As Per 100g,230kcal,962.32kJ,7.7g,49.2g,0g,5g,21.4g,0mg,Turmeric Powder,Powder,Food,,,,,1708.0,,
1898,Orley's Basil Leaves 20g,Pack size : 20g,KES120.00(Inc. VAT),Average Nutritional Value As Per 100g,319.55kcal,1336.9972kJ,22.98g,47.75g,1.71g,4.07g,14.85g,76mg,Basil Leaves,Solid,Food,,,,,1709.0,,
1899,Orley's Spice Ground Ginger 100g,Pack size : 100g,KES270.00(Inc. VAT),Average Nutritional Value As Per 1 Tablespoon,15kcal,62.76kJ,0g,4g,0g,0g,0g,130mg,Ground Ginger,Powder,Food,,,,,1710.0,,
1900,Orley's Pure Ground Mustard 100g,Pack size : 100g,KES135.00(Inc. VAT),Average Nutritional Value As Per 100g,597.34kcal,2499.27056kJ,19.26g,15.10g,,51.10g,5.10g,5mg,Ground Mustard,Powder,Food,,,,,1711.0,,
1901,Zanzibar Spices Cloves Powder 100g,Pack size : 100g,KES447.00(Inc. VAT),Average Nutritional Value As Per 100g,404kcal,1690.336kJ,7.7g,64.8g,,12.7g,,,Cloves Powder,Powder,Food,,,,,1712.0,,
1902,Zanzibar Githeri Masala Spices 100g,Pack size : 100g,KES119.00(Inc. VAT),Average Nutritional Value As Per Serving,15kcal,62.7kJ,1g,3g,,0.5g,2g,120mg,Githeri Masala Spices,Powder,Food,,,,,1713.0,,
1903,Mulsons Poussin Sauce Blend Mild50G,Pack size : 50g,KES125.00(Inc. VAT),,,,,,,,,,,Powder,Spices,,No additives,,,1714.0,,
1904,Mulsons Spices Pillau Masala 100g,Pack size : 100g,KES260.00(Inc. VAT),Average Nutritional Value As Per 100g,150.9kcal,631.36kJ,7.5g,15.9g,0.4g,5.7g,2.9g,178.8mg,Pillau Masala,Powder,Food,,,,Powder,1715.0,Pillau Masala,
1905,Natures Own Whole Coriander Seeds 40g,Pack size : 40g,KES91.00(Inc. VAT),Average Nutritional Value As Per 100g,298kcal,1246.832kJ,12g,13g,0g,18g,42g,35mg,Coriander Seeds,Solid,Food,,,,,1716.0,,
1906,Shalimar Curry Powder 100g,Pack size : 100g,KES210.00(Inc. VAT),Average Nutritional Value As Per 8g,35kcal,146.44kJ,1g,4g,,1g,3g,670mg,Curry Powder,Powder,Food,,,,,1717.0,,
1907,Top Food Black Pepper Powder P 500G,Pack size : 500g,,Average Nutritional Value As Per 100g,251kcal,1050kJ,10g,64g,0.6g,3.3g,25g,20mg,Black Pepper Powder,Powder,Food,,,,,1718.0,,
1908,Nature's Own Fennel Seeds 40g,Pack size : 40g,KES167.00(Inc. VAT),Average Nutritional Value As Per 100g,323kcal,1351.43kJ,23g,58g,0g,6.4g,25g,67mg,Fennel Seeds,Solid,Food,,,,,1719.0,,
1909,Mulsons Tandoori Masala 100G,Pack size : 100g,KES260.00(Inc. VAT),,,,,,,,,,,Powder,Spices,,No additives,,,1720.0,,
1910,Top Food Cumin Seeds Pouch 500G,Pack size : 500g,,Average Nutritional Value As Per 100g,375kcal,1569KJ,18g,44g,2.3g,22g,11g,168mg,Cumin Seeds,Solid,Food,,,,,1721.0,,
1911,Orley's Pure Ground Cinnamon Spices 100g,Pack size : 100g,KES235.00(Inc. VAT),Average Nutritional Value As Per 100g,16kcal,66.944kJ,0g,5g,0g,0g,3g,0mg,Spices,Powder,Food,Cinnamon,,,,1722.0,,
1912,Eva Peanut Masala,,KES260.00/200g(Inc. VAT),,,,,,,,,,,,,,,,,1723.0,,
1913,Nature's Own Ground Spices Garlic Powder 250g,Pack size : 250g,KES625.00(Inc. VAT),Average Nutritional Value As Per 100g,149kcal,623.416kJ,6g,33g,0g,0g,0g,153mg,Garlic Powder,Powder,Food,,,,,1724.0,,
1914,Natures Own Grounded Tea Masala 250G,Pack size : 250g,KES750.00(Inc. VAT),Average Nutritional Value As Per 8g,131kcal,548.104kJ,5.5g,25g,,,,,Tea Masala,Powder,Food,,,,,1725.0,,
1915,Orley's Parsley Leaves 20g,Pack size : 20g,KES115.00(Inc. VAT),Average Nutritional Value As Per 100g,292kcal,1221.728kJ,27g,51g,7.3g,5.5g,27g,,Parsley Leaves,Solid,Food,,,,,1726.0,,
1916,Zanzibar Ground Beef Masala 100g,Pack size : 100g,KES130.00(Inc. VAT),Average Nutritional Value As Per 100g,100kcal,418kJ,13g,32g,,12g,17g,1400mg,Ground Beef Masala,Powder,Food,,,,,1727.0,,
1917,Orley's Pure Ground Garlic Powder 100g,Pack size : 100g,KES250.00(Inc. VAT),Average Nutritional Value As Per 100g,361kcal,1510.424kJ,17.94g,70.35g,,0.84g,,,Garlic Powder,Powder,Food,,,,,1728.0,,
1918,Top Food Black Pepper Whole P 500G,Pack size : 500g,,Average Nutritional Value As Per 100g,251kcal,1050kJ,10g,64g,0.6g,3.3g,2.5g,20mg,Black Pepper,Solid,Food,,,,,1729.0,,
1919,Orley's Spice Salad Seasoning 100g,Pack size : 100g,KES120.00(Inc. VAT),Average Nutritional Value As Per 100g,290kcal,1213.36kJ,11.1g,55.3g,,2.8g,,400mg,Salad Seasoning,Powder,Food,,,,,1730.0,,
1920,Natures Own Curry Powder 250G,Pack size : 250g,KES450.00(Inc. VAT),Average Nutritional Value As Per 100g,62kcal,259.408kJ,12.3g,45g,0g,13.1g,0g,0mg,Curry Powder,Solid,Food,,,,,1731.0,,
1921,Simba Mbili Dhana Jeera 100G,Pack size : 100G,KES210.00(Inc. VAT),Average Nutritional Value As Per 100g,8kcal,33.472kJ,0g,0g,0g,0g,0g,0mg,Ground Dhana Jeera,Powder,Food,Dhana Jeera,,0g,,1732.0,,
1922,Top Food Hot Blend Poussin Sauce 100g,Pack size : 100g,,Average Nutritional Value As Per 60g,346kcal,1447.664kJ,60g,0.2g,0.1g,8g,,400mg,Sauce,Paste,Food,,,,,1733.0,,
1923,Mulsons Spices Chili Powder 100g,Pack size : 100g,KES165.00(Inc. VAT),Average Nutritional Value As Per 100g,282kcal,1179.89kJ,13g,50g,7g,14g,35g,1640mg,Chili Powder,Powder,Food,,,,,1734.0,,
1924,Top Food Chilli Powder Pouch 500G,,,,,,,,,,,,,,,,,,,1735.0,,
1925,Mulsons Fish Masala 100G,Pack size : 100g,KES130.00(Inc. VAT),,,,,,,,,,,Powder,Spices,,No additives,,,1736.0,,
1926,Mulsons Spices Chili Powder 50g,Pack size : 50g,KES95.00(Inc. VAT),Average Nutritional Value As Per 100g,282kcal,1179.89kJ,13g,50g,7g,14g,35g,1640mg,Chili Powder,Powder,Food,,,,,1737.0,,
1927,Orley's Pure Ground Coriander 50g,Pack size : 50g,KES100.00(Inc. VAT),Average Nutritional Value As Per 100g,23kcal,96.232kJ,2.13g,3.67g,0.87g,0.52g,2.8g,46mg,Ground Coriander,Powder,Food,,,,,1738.0,,
1928,Tropical Heat Spices Marjoram Leaves 10G,Pack size : 10g,KES60.00(Inc. VAT),,,,,,,,,,Rubbed Marjoram,Powder,Food,,No Additives,,Marjoram may help to improve the efficiency of digestion by increasing the production of digestive enzymes and saliva. This in turn helps to calm the stomach and digestive system.,1739.0,"Tropical Heat Marjoram Leaves are well suited to prepare delicate vegetables, tomato-based dishes, such as tomato sauce and pizza, and poultry seasoning. Also use Marjoram to spice up marinades for meats and fish, especially veal, chicken, lamb, tilapia and snapper.",
1929,Zanzibar Rosemary Leaves Spices 20g,Pack size : 20g,KES90.00(Inc. VAT),Average Nutritional Value As Per Serving,3.9kcal,16.3kJ,0.1g,0.6g,,0.2g,0.4g,,Rosemary Leaves Spices,Powder,Food,,,,,1740.0,,
1930,Mulsons Spices Fish Masala 50g,Pack size : 50g,KES95.00(Inc. VAT),Average Nutritional Value As Per Serving,29kcal,121kJ,1g,4g,1g,1g,1g,50mg,Fish Masala,Powder,Food,,,,,1741.0,,
1931,Orley's Ground Citric Acid 50g,Pack size : 50g,KES90.00(Inc. VAT),Average Nutritional Value As Per 1g,0kcal,0kJ,,,,,,0.1mg,Ground Citric Acid,Powder,Food,,,,,1742.0,,
1932,Zanzibar Spices Herbs De Provence Spice 20g,Pack size : 20g,KES95.00(Inc. VAT),Average Nutritional Value As Per 1cup,171kcal,,4g,40g,,4g,,,Herbs De Provence,Powder,Food,,,,,1743.0,,
1933,KOL Pure Ground Black Pepper 100g,Pack size : 100g,KES300.00(Inc. VAT),Average Nutritional Value As Per 6.9g,17kcal,71kJ,,4.4g,,,1.7g,1mg,Ground Black Pepper,Powder,Food,,,,,1744.0,,
1934,Eva Black Pepper Powder Spice,,KES540.00/200g(Inc. VAT),,,,,,,,,,,,,,No Additives,,,1745.0,,
1935,Orley's Herbs Marjoram Leaves 20g,Pack size : 20g,KES120.00(Inc. VAT),Average Nutritional Value As Per Serving,0.8kcal,3.32kJ,,0.2g,,,0.1g,,Thyme Leaves,Powder,Food,,,,,1746.0,,
1936,Zanzibar Ground Ginger Masala 100g,Pack size : 100g,KES179.00(Inc. VAT),Average Nutritional Value As Per 1.8g,6kcal,25kJ,0.2g,1.3g,0.1g,0.1g,0.3g,0.5mg,Ground Ginger Masala,Powder,Food,,,,,1747.0,,
1937,Orley's Sage Leaves 20g,Pack size : 20g,KES110.00(Inc. VAT),Average Nutritional Value As Per 100g,315kcal,1317.96kJ,11g,61g,1.7g,13g,40g,,Sage Leaves,Solid,Food,,,,,1748.0,,
1938,Mulsons Poussin Sauce Blend Mild 10,,KES195.00(Inc. VAT),,,,,,,,,,,Powder,Spices,,No additives,,,1749.0,,
1939,Tropical Heat  Cinnamon Ground 45G,Pack size : 45G,KES95.00(Inc. VAT),,,,,,,,,,Ground Cinnamon,Powder,Food,,No Additives,,Cinnamon is known to contain compounds that can help to lower blood sugar levels and reduce heart disease risk factors.,1750.0,"Use Tropical Heat Cinnamon to flavour stews, hot chocolate, coffee, milk shakes, mulled wine, pastries and baked foods, toast, chocolate fudge, sweet potatoes, stuffing, meat dishes and soups.",
1940,Shalimar Chillies Powder 100g,Pack size : 100g,KES170.00(Inc. VAT),Average Nutritional Value As Per 100g,398kcal,1665.232kJ,16g,52g,,13g,,,Chillies Powder,Powder,Food,,,,,1751.0,,
1941,KOL Pure Ground Cumin 100g,Pack size : 100g,KES350.00(Inc. VAT),Average Nutritional Value As Per 2.1g,7.9kcal,33kJ,0.4g,0.9g,0.1g,0.5g,0.2g,3.5mg,Ground Cumin,Powder,Food,,,,,1752.0,,
1942,Top Food Greek Spice Blend 100g,Pack size : 100g,,,,,,,,,,,Greek Spice Blend,Powder,Food,,,,,1753.0,,
1943,Nature's Own Beef Masala 50g,Pack size : 50g,KES81.00(Inc. VAT),Average Nutritional Value As Per 150g,210kcal,878.64kJ,22g,3g,3g,12g,,450mg,Beef Masala,Powder,Food,,,,,1754.0,,
1944,Royco Turmeric Ground Spice 100G,Pack size : 100g,KES209.00(Inc. VAT),,,,,,,,,,,,,Turmeric,,,,1755.0,,
1945,Top Food Italian Spice Blend 100g,Pack size : 100g,,Average Nutritional Value As Per Serving,15kcal,62kJ,0g,3g,,0g,2g,,Italian Spice Blend,Powder,Food,,,,,1756.0,,
1946,Orley's Herbs Mint Leaves Spices 20g,Pack size : 20g,KES120.00(Inc. VAT),Average Nutritional Value As Per 100g,70kcal,292.88kJ,3g,14g,,,8g,31mg,Mint Leaves Spices,Powder,Food,,,,,1757.0,,
1947,Orley's Pure Ground Chillies 100g,Pack size : 100g,KES160.00(Inc. VAT),Average Nutritional Value As Per 1 Tablespoon,7.6kcal,31.7984kJ,0.4g,1.3g,0.2g,0.4g,0.9g,77mg,Ground Chillies,Powder,Food,,,,,1758.0,,
1948,Tropical Heat Spices Dhana Jeera 100G,Pack size : 100g,KES200.00(Inc. VAT),,,,,,,,,,Dhana Jeera Spices,Powder,Food,,No Additives,,Dhana Jeera contains anti-bacterial properties that may help to clear up the airways and deal effectively with respiratory stress.,1759.0,"Use Tropical Heat Dhana Jeera to thicken vegetable soups, garnish egg and cheese dishes, in soups, salads, lettuce, dressings and to make pickles.",
1949,Tropical Heat Spices Citric Acid Salt 100G,Pack size : 100g,KES110.00(Inc. VAT),,,,,,,,,,Citric Acid,Powder,Food,,No Additives,,Citric Acid may be beneficial for people with kidney stones.,1760.0,"Use Tropical Heat Citric Acid in preparing poridge, vegetables, meat curries, salad dressing and marinades. Citric Acid is particularly good with duck, chicken and rabbit stews.",
1950,Eva Premium Saffron 1Gram,Pack size : 1g,KES750.00(Inc. VAT),Average Nutritional Value As Per Serving,3kcal,12.552kJ,0.2g,0.8g,0g,0g,3.9g,3.9g,Saffron,Solid,Food,Saffron,,11.43g,,1761.0,,
1951,Top Food Himalayan Pink Salt 100g,Pack size : 100g,KES260.00(Inc. VAT),Average Nutritional Value As Per 1g,0kcal,0kJ,,0g,0g,0g,,,Pink Salt,Solid,Food,,,1g,,1762.0,,
1952,Tropical Heat Ground Ginger 10g,Pack size : 10g,KES20.00(Inc. VAT),Average Nutritional Value As Per 50g,264kcal,1104.58kJ,5g,28g,1g,8g,0g,0mg,Ginger,Solid,Food,,,,,1763.0,,
1953,Tropical Heat  Cuminseeds Ground 45G,Pack size : 45G,KES130.00(Inc. VAT),,,,,,,,,,Ground Cumin Seed,Powder,Food,,No Additives,,"Cumin Seeds may aid in improving digestion and immunity and may help to treat insomnia, respiratory disorders, asthma, bronchitis, common cold, lactation, anaemia and skin orders.",1764.0,"Tropical Heat ground cumin Seeds can be used to accentuate the sweetness of root vegetables, like carrots and beets, as well as adding complexity to vegetarian dishes. Cumin is also an essential spice for Indian curries and chutneys.",
1954,Eva Hibiscus Whole Spice,,KES280.00/200g(Inc. VAT),,,,,,,,,,,,,,No Additives,,,1765.0,,
1955,Top Food Cayenne Pepper 100g,Pack size : 100g,,Average Nutritional Value As Per 100g,318kcal,1330.512kJ,12g,57g,,17g,,30mg,Cayenne Pepper,Powder,Food,,,,,1766.0,,
1956,TOP FOOD SESAME SEEDS SIMSIM J 150G,,KES225.00(Inc. VAT),,,,,,,,,,,,,,,,,1767.0,,
1957,Royco Cinnamon Ground Spice 45G,Pack size : 45g,KES129.00(Inc. VAT),,,,,,,,,,,,,Cinnamon,,,,1768.0,,
1958,Top Food Chilli Powder Jar 100g,,,,,,,,,,,,,,,,,,,1769.0,,
1959,Royco Ginger Ground Spice 45G,Pack size : 45g,KES144.00(Inc. VAT),,,,,,,,,,,,,Ginger,,,,1770.0,,
1960,Top Food Cumin Seeds 100g,Pack size : 100g,,Average Nutritional Value As Per 8g,23kcal,96.2kJ,0.6g,2.7g,,1.3g,0.6g,,Cumin Seeds,Solid,Food,,,,,1771.0,,
1961,Tropical Heat Spices Mixed Spices Wet & Dry Fry 100G,Pack size : 100g,KES200.00(Inc. VAT),,,,,,,,,,,,,,,,,1772.0,,
1962,Mulsons Spices Ginger Powder 50g,Pack size : 50g,KES105.00(Inc. VAT),Average Nutritional Value As Per 100g,358kcal,1497kJ,9g,66g,3.4g,6.4g,13g,45.5mg,Ginger Powder,Powder,Food,,,,,1773.0,,
1963,Top Food Chia Seeds 150g,Pack size : 150g,KES260.00(Inc. VAT),Average Nutritional Value As Per 100g,480kcal,2008.32kJ,16g,6g,0g,31g,,0mg,Chia Seeds,Solid,Food,,,,,1774.0,,
1964,Top Food Black Pepper Powder 50g,Pack size : 50g,,Average Nutritional Value As Per 100g,349kcal,1460.216kJ,22g,63g,1g,1g,,3.9mg,Black Pepper Powder,Powder,Food,,,,,1775.0,,
1965,Simba Mbili Pure Red Chilly Powder 50g,Pack size : 50g,KES75.00(Inc. VAT),Average Nutritional Value As Per 100g,398kcal,1665.232kJ,16g,52g,,13g,,,Red Chilly Powder,Powder,Food,,,,,1776.0,,
1966,Top Food Ground Garlic Spice 100g,Pack size : 100g,KES210.00(Inc. VAT),Average Nutritional Value As Per Serving,10kcal,41.8kJ,0.5g,2.3g,0.1g,,0.3g,1.9mg,Ground Garlic Spice,Powder,Food,,,,,1777.0,,
1967,Zanzibar Spices Cayenne Chilli Powder 100g,Pack size : 100g,KES185.00(Inc. VAT),Average Nutritional Value As Per 31g,195kcal,,3g,32g,,5g,,,Chilli Powder,,Food,,,,,1778.0,,
1968,Zanzibar Oregano Spices 20g,Pack size : 20g,KES90.00(Inc. VAT),Average Nutritional Value As Per 100g,265kcal,1108kJ,9g,69g,4g,4g,42.5g,25mg,Oregano Spices,Powder,Food,,,,,1779.0,,
1969,Tropical Heat  Cloves Ground 45G,Pack size : 45G,KES235.00(Inc. VAT),,,,,,,,,,Ground Cloves,Powder,Food,,No Additives,,"Cloves is known for its antioxidant, antiseptic, local anesthetic, anti - inflammatory and anti - flatuent properties.",1780.0,"Use Tropical Heat Cloves in flavouring rice dishes, cooking liquids for simmering fish, poultry, game and beef, in classic sauces and for baked dishes such as cakes, biscuits, ginger breads and puddings.",
1970,Top Food Whole Clove 90g,Pack size : 90g,,Average Nutritional Value As Per 10g,17kcal,71.1kJ,,4g,,,,,Whole Clove,Solid,Food,,,,,1781.0,,
1971,Simba Mbili Cinnamon Ground 100G,Pack size : 100G,KES180.00(Inc. VAT),Average Nutritional Value As Per 100g,16kcal,66.944kJ,0g,5g,0g,0g,0g,0mg,Ground Cinnamon,Powder,Food,Cinnamon,,0g,,1782.0,,
1972,Top Food Whole Black Pepper 100g,Pack size : 100g,,Average Nutritional Value As Per Serving,6kcal,25.1kJ,0.2g,1.5g,,0.1g,0.6g,0.5mg,Whole Black Pepper,Solid,Food,,,,,1783.0,,
1973,Natures Own Whole Cumin Seeds 40g,Pack size : 40g,KES122.00(Inc. VAT),Average Nutritional Value As Per 100g,428kcal,1790.752kJ,17g,33g,2g,22g,10g,200mg,Cumin Seeds,Solid,Food,,,,,1784.0,,
1974,Mulsons Spices Cinnamon Powder 50g,Pack size : 50g,KES135.00(Inc. VAT),Average Nutritional Value As Per 100g,352kcal,14732kJ,4.25g,81g,0g,1.3g,50.6g,0mg,Cinnamon Powder,Powder,Food,,,,,1785.0,,
1975,Orley's Whole Cumin Seed 100g,Pack size : 100g,KES285.00(Inc. VAT),Average Nutritional Value As Per 100g,425kcal,1778.2kJ,17g,33g,2g,22g,10g,168mg,Cumin Seed,Solid,Food,,,,,1786.0,,
1976,Mulsons Biryani Masala 50G,Pack size : 50g,KES120.00(Inc. VAT),,,,,,,,,,,Powder,Spices,,No additives,,,1787.0,,
1977,Simba Mbili Ground Cinnamon 50g,Pack size : 50g,KES95.00(Inc. VAT),Average Nutritional Value As Per 100g,247kcal,1033kJ,4g,81g,2.2g,1.2g,53g,10mg,Ground Cinnamon,Powder,Food,,,,,1788.0,,
1978,Top Food Lemon And Pepper Seasoning 100g,Pack size : 100g,,Average Nutritional Value As Per Serving,3kcal,12kJ,0.09g,0.53g,0.02g,0.05g,,711mg,Seasoning,Powder,Food,"Lemon, Pepper",,,,1789.0,,
1979,Top Food Oregano Herbs 50g,Pack size : 50g,,Average Nutritional Value As Per Serving,3kcal,12.5kJ,0.1g,0.6g,,0.1g,0.4g,,Oregano Herbs,Solid,Food,,,,,1790.0,,
1980,Simba Mbili Ground Cumin 50g,Pack size : 50g,KES210.00(Inc. VAT),Average Nutritional Value As Per 100g,334kcal,1397.46kJ,20g,12g,0g,15g,0g,0mg,Ground Cumin,Powder,Food,Cumin,,0g,,1791.0,,
1981,Top Food Ginger Powder 100g,Pack size : 100g,,Average Nutritional Value As Per 1 Teaspoon,19kcal,79.496kJ,0.5g,3.8g,0.2g,0.3g,,,Ginger Powder,Powder,Food,,,,,1792.0,,
1982,Mulsons Spices Turmeric Powder 100g,Pack size : 100g,KES220.00(Inc. VAT),Average Nutritional Value As Per Serving,354kcal,1481.14kJ,8g,65g,3.2g,10g,21g,38mg,Turmeric Powder,Powder,Food,,,,,1793.0,,
1983,Top Food Thabai Stinging Nettle Ground Herb 100g,Pack size : 100g,,Average Nutritional Value As Per 10g,1kcal,4kJ,0g,0g,0g,0g,,,Ground Herb,Solid,Food,,,,,1794.0,,
1984,Top Food Golden Raisins Sultana 100g,Pack size : 100g,KES180.00(Inc. VAT),Average Nutritional Value As Per 100g,302kcal,1263.568kJ,3.4g,80g,59g,0.5g,,100mg,Golden Raisins Sultana,Solid,Food,,,,,1795.0,,
1985,Zanzibar Chilli Flakes Spices 100g,Pack size : 100g,KES180.00(Inc. VAT),Average Nutritional Value As Per 2.7g,7.6kcal,31.7kJ,0.4g,1.3g,0.2g,0.4g,0.9g,77mg,Chilli Flakes Spices,Powder,Food,,,,,1796.0,,
1986,Eva Cinnamon Whole Spice,,KES260.00/200g(Inc. VAT),,,,,,,,,,,,,,No Additives,,,1797.0,,
1987,Zanzibar Grounded Chicken Masala Spices 100g,Pack size : 100g,KES120.00(Inc. VAT),Average Nutritional Value As Per 472g,730kcal,3054kJ,56g,22g,14g,48g,4.3g,2601mg,Grounded Chicken Masala Spices,Powder,Food,,,,,1798.0,,
1988,Eva Curry Powder Spice,,KES200.00/200g(Inc. VAT),,,,,,,,,,,,,,No Additives,,,1799.0,,
1989,Mulsons Spices Cloves Whole 100g,Pack size : 100g,KES390.00(Inc. VAT),Average Nutritional Value As Per 0.2g,0.5kcal,3kJ,0g,0.1g,0g,0g,,0.5mg,Cloves Whole,Solid,Food,,,,,1800.0,,
1990,Eva Cinnamon Powder Spice,,KES340.00/200g(Inc. VAT),,,,,,,,,,,,,,No Additives,,,1801.0,,
1991,Royco Cinnamon Ground Spice 100G,Pack size : 100g,KES239.00(Inc. VAT),,,,,,,,,,,,,Cinnamon,,,,1802.0,,
1992,Zanzibar Paprika Spices 100g,Pack size : 100g,KES185.00(Inc. VAT),Average Nutritional Value As Per 100g,282kcal,1179kJ,14g,54g,10g,13g,35g,68mg,Paprika Spices,Powder,Food,,,,,1803.0,,
1993,Mulsons Tandoori Masala 50G,Pack size : 50g,KES115.00(Inc. VAT),,,,,,,,,,,powder,Spices,,No additives,,,1804.0,,
1994,Top Food Whole Spice Sesame Black Seeds 150g,Pack size : 150g,KES260.00(Inc. VAT),Average Nutritional Value As Per 25g,10kcal,41.84kJ,0.2g,0g,0g,0g,,1mg,Sesame Black Seeds,Solid,Food,,,,,1805.0,,
1995,Eva Black Seeds,,KES460.00/200g(Inc. VAT),Average Nutritional Value As Per 100g,100kcal,418kJ,3g,3g,5g,0g,3g,2mg,Black Seeds,Solid,,,No Additives,,,1806.0,,
1996,Top Food Turmeric Powder Jar 100g,,,,,,,,,,,,,,,,,,,1807.0,,
1997,Eva Turmeric Powder Spice,,KES260.00/200g(Inc. VAT),,,,,,,,,,,,,,No Additives,,,1808.0,,
1998,Top Food American Barbeque Rub Seasoning 100g,Pack size : 100g,,Average Nutritional Value As Per 100g,277kcal,1158kJ,9g,38g,19.1g,6.1g,0g,,Barbeque Rub Seasoning,Powder,Food,,,20g,,1809.0,,
1999,Robertson's Rice Spices 85g,Pack size : 85g,KES505.00(Inc. VAT),Average Nutritional Value As Per Serving,9kcal,37.656kJ,,1g,,,,,Rice Spices,Powder,Food,,,,,1810.0,,
2000,Shalimar Garlic Powder 100g,Pack size : 100g,KES220.00(Inc. VAT),Average Nutritional Value As Per 5g,18kcal,75.312kJ,,3g,,,2g,4mg,Garlic Powder,Powder,Food,,,,,1811.0,,
2001,Shalimar Cinnamon Powder 100g,Pack size : 100g,KES295.00(Inc. VAT),Average Nutritional Value As Per Serving,6kcal,25.104kJ,,2g,,,1g,,Cinnamon Powder,Powder,Food,,,,,1812.0,,
2002,Orley's Pure Ground Spanish Paprika 50g,Pack size : 50g,KES80.00(Inc. VAT),Average Nutritional Value As Per 100g,330kcal,1380.72kJ,14g,32g,9g,15g,,38mg,Ground Spanish Paprika,Powder,Food,,,,,1813.0,,
2003,Mulsons Spices Tea Masala 100g,Pack size : 100g,KES230.00(Inc. VAT),Average Nutritional Value As Per 100g,56kcal,234.3kJ,1.9g,10g,2.51g,1g,0g,63mg,Tea Masala,Powder,Food,,,,,1814.0,,
2004,Top Food Rosemary Herbs 50g,Pack size : 50g,,Average Nutritional Value As Per Serving,2kcal,8.3kJ,0.1g,0.4g,,0.1g,0.2g,0.4mg,Rosemary,Solid,Food,,,,,1815.0,,
2005,Eva Premium Zaatar,,KES960.00/200g(Inc. VAT),,,,,,,,,,,,,,,,,1816.0,,
2006,Shalimar Cumin Powder 100g,Pack size : 100g,KES360.00(Inc. VAT),Average Nutritional Value As Per 100g,375kcal,1567.5kJ,18g,44g,2g,22g,10.5g,168mg,Cumin Powder,Powder,Food,,,,,1817.0,,
2007,Zanzibar Garlic Powder Spices 100g,Pack size : 100g,KES238.00(Inc. VAT),Average Nutritional Value As Per 100g,331kcal,1384.9kJ,17g,73g,2.4g,0.7g,9g,60mg,Garlic Powder Spices,Powder,Food,,,,,1818.0,,
2008,Zanzibar Chips Masala Spices 100g,Pack size : 100g,KES157.00(Inc. VAT),Average Nutritional Value As Per 28g,120kcal,502kJ,3g,11g,2g,8g,1g,,Chips Masala Spices,Powder,Food,,,,,1819.0,,
2009,Eva Whole Oregano Spice,,KES650.00/200g(Inc. VAT),Average Nutritional Value As Per 100g,265kcal,1109.71kJ,9g,68.9g,4.1g,4.3g,42.5g,,Whole Oregano,Solid,Food,,,,,1820.0,,
2010,KOL Pure Curry Powder 100g,Pack size : 100g,KES120.00(Inc. VAT),Average Nutritional Value As Per 100g,325kcal,1359.8kJ,13g,58g,2.8g,14g,33g,52mg,Curry Powder,Powder,Food,,,,,1821.0,,
2011,Eva Chilli Powder Spice,,KES190.00/200g(Inc. VAT),,,,,,,,,,,,,,No Additives,,,1822.0,,
2012,Shalimar Ginger Powder 100g,Pack size : 100g,KES240.00(Inc. VAT),Average Nutritional Value As Per 100g,19kcal,79.496kJ,,3g,,,,2mg,Ginger Powder,Powder,Food,,,,,1823.0,,
2013,Mulsons Cummin Seeds 100G,Pack size : 100g,KES385.00(Inc. VAT),Average Nutritional Value As Per 100g,375kcal,1569kJ,18g,44g,2.3g,22g,11g,168mg,Cummin Seeds,Solid,Food,,No additives,,,1824.0,,
2014,NUTRAMEAL BLACK PEPPER CORNS 500G,,KES1139.00(Inc. VAT),,,,,,,,,,,,,,,,,1825.0,,
2015,Eva Fenugreek Spice,,KES310.00/200g(Inc. VAT),Average Nutritional Value As Per 1g,3kcal,12.5kJ,0.2g,0.6g,,0.1g,0.2g,0.7mg,Fenugreek Spice,Solid,Food,,,,,1826.0,,
2016,TOP FOOD CITRIC ACID  JAR 100G,,,,,,,,,,,,,,,,,,,1827.0,,
2017,Eva Tea Masala Spice,,KES340.00/200g(Inc. VAT),,,,,,,,,,,,,,No Additives,,,1828.0,,
2018,Top Food Parsley Herbs 50g,Pack size : 50g,,Average Nutritional Value As Per 100g,36kcal,150.6kJ,3g,6.3g,0.9g,0.8g,3.3g,56mg,Parsley Herbs,Solid,Food,,,,,1829.0,,
2019,Mulsons Spices Ginger Powder 100g,Pack size : 100g,KES180.00(Inc. VAT),Average Nutritional Value As Per 100g,358kcal,1497kJ,9g,66g,3.4g,6.4g,13g,45.5mg,Ginger Powder,Powder,Food,,,,,1830.0,,
2020,Simba Mbili Ground Cardamom 100g,Pack size : 100g,KES420.00(Inc. VAT),Average Nutritional Value As Per 100g,6kcal,25.104kJ,0g,1g,0g,0g,0g,0mg,Ground Cardamom,Powder,Food,Cardamom,,0g,,1831.0,,
2021,Mulsons Spices Mixed Spices 100g,Pack size : 100g,KES190.00(Inc. VAT),Average Nutritional Value As Per 100g,366kcal,1531kJ,8.38g,71.75g,21.8g,5.05g,1g,1777mg,Mixed Spices,Powder,Food,,,,,1832.0,,
2022,Top Food Ground Onion Spice 100g,Pack size : 100g,KES210.00(Inc. VAT),Average Nutritional Value As Per Serving,8kcal,33.4KJ,0.2g,1.9g,0.2g,,0.4g,1.98mg,Ground Onion Spice,Powder,Food,,,,,1833.0,,
2023,Garlic Powder,,KES330.00/200g(Inc. VAT),Average Nutritional Value As Per 100g,54kcal,225.9kJ,0.9g,6g,1.2g,0.3g,,26mg,Garlic Powder,Powder,Food,,No Additives,,,1834.0,,
2024,Simba Mbili Mustard Powder 100G,Pack size : 100G,KES170.00(Inc. VAT),Average Nutritional Value As Per 2g,10kcal,41.8kJ,0.5g,0.6g,0.1g,0.7g,0.2g,0.3mg,Mustard Powder,Powder,Food,,,,,1835.0,,
2025,Orley's Pure Ground Turmeric 50g,Pack size : 50g,KES100.00(Inc. VAT),Average Nutritional Value As Per 100g,385kcal,1610.84kJ,12.1g,68.6g,,6.9g,,,Ground Turmeric,Powder,Food,,,,,1836.0,,
2026,Shalimar Black Pepper Powder 100g,Pack size : 100g,KES280.00(Inc. VAT),Average Nutritional Value As Per Serving,251kcal,1050.184kJ,,64g,,,,,Pepper Powder,Powder,Food,,,,,1837.0,,
2027,Bayara Chilli Powder 240g,Pack size : 240g,KES310.00(Inc. VAT),Average Nutritional Value As Per 100g,435kcal,1820kJ,14g,51g,6g,19g,31g,401mg,Chilli Powder,Powder,Food,,,,,1838.0,,
2028,Zanzibar Spices Dhana Jeera Spice 100g,Pack size : 100g,KES190.00(Inc. VAT),Average Nutritional Value As Per 100g,324kcal,,,22g,,19g,,,Dhana Jeera Powder,Powder,Food,,,,,1839.0,,
2029,Orley's Herbs Rosemary Leaves 20g,Pack size : 20g,KES95.00(Inc. VAT),Average Nutritional Value As Per 1 Cup,528kcal,2435.09kJ,0g,96g,0g,0g,48g,96mg,Herbs Rosemary Leaves,Solid,Food,,,,,1840.0,,
2030,Lunn Cinnamon And Sugar 60g,Pack size : 60g,KES403.00(Inc. VAT),Average Nutritional Value As Per 100g,397.1kcal,1661.46kJ,10.5g,85.4g,54.2g,1.5g,,9.1mg,Cinnamon And Sugar,Solid,Food,Cinnamon,,,,1841.0,,
2031,Simba Mbili Pure Red Chilly Powder100G,Pack size : 100G,KES140.00(Inc. VAT),Average Nutritional Value As Per 100g,398kcal,1665.232kJ,16g,52g,,13g,,,Red Chilly Powder,Powder,Food,,,,,1842.0,,
2032,Orley's Spice Ground Chillies 100g,Pack size : 100g,KES135.00(Inc. VAT),Average Nutritional Value As Per 2.4g,7.6kcal,3.7kJ,0.4g,1.3g,0.2g,,0.9g,77mg,Chillies,Powder,Food,,,,,1843.0,,
2033,Mulsons White Pepper Powder,Pack size : 100g,KES390.00(Inc. VAT),,,,,,,,,,,Powder,Spices,,No additives,,,1844.0,,
2034,Eva Moringa Spice,,KES310.00/200g(Inc. VAT),,,,,,,,,,,,,,No Additives,,,1845.0,,
2035,Eva Premium Saffron 2G,Pack size : 2g,KES1500.00(Inc. VAT),Average Nutritional Value As Per Serving,3kcal,12.552kJ,0.2g,0.8g,0g,0g,3.9g,3.9g,Saffron,Solid,Food,Saffron,,11.43g,,1846.0,,
2036,Natures Own Whole Nutmeg 250g,Pack size : 250g,KES1075.00(Inc. VAT),Average Nutritional Value As Per 100g,509kcal,2129.656kJ,6g,37g,0g,36g,0g,18mg,Nutmeg,Solid,Food,,,,,1847.0,,
2037,Bayara Whole Garam Masala 120g,Pack size : 120g,KES525.00(Inc. VAT),Average Nutritional Value As Per 100g,300kcal,1252kJ,10g,70g,,10g,40g,150mg,Garam Masala,Solid,Food,,,,,1848.0,,
2038,ORLEY'S SPICE CLOVES GRD 100G,,KES470.00(Inc. VAT),,,,,,,,,,,,,,,,,1849.0,,
2039,Top Food Cumin Powder Pouch 500G,Pack size : 500g,,Average Nutritional Value As Per 100g,375kcal,1569KJ,18g,44g,2.3g,22g,11g,168mg,Cumin Powder,Powder,Food,,,,,1850.0,,
2040,Natures Own Fish Masala 250G,Pack size : 250g,KES375.00(Inc. VAT),Average Nutritional Value As Per 100g,405kcal,1694.52kJ,11g,61g,3g,13g,0g,145mg,Fish Masala,Powder,Food,,,,,1851.0,,
2041,Robertsons Ground Ginger Powder 39g,Pack size : 39g,KES415.00(Inc. VAT),Average Nutritional Value As Per 1 Teaspoon,6kcal,25.104kJ,0.2g,1.3g,0.1g,0.1g,,,Ginger Powder,Powder,Food,,,,,1852.0,,
2042,Eva Whole Red Chilli Spice,,KES390.00/200g(Inc. VAT),Average Nutritional Value As Per 1 Piece,12kcal,50.2kJ,,,,,,,Red Chilli Spice,Solid,Food,,,,,1853.0,,
2043,Simba Mbili Cloves Ground Spices 100g,Pack size : 100g,KES430.00(Inc. VAT),Average Nutritional Value As Per 100g,5kcal,20.92kJ,0g,1g,0g,0g,0g,5mg,Cloves Ground Spices,Powder,Food,Cloves,,0g,,1854.0,,
2044,Natures Own Grounded Chilli 100G,Pack size : 100g,KES152.00(Inc. VAT),Average Nutritional Value As Per Serving,159kcal,665.256kJ,22g,22g,2g,7g,2g,378mg,Ground Spice Chilli,Powder,Food,,,,,1855.0,,
2045,Nature's Own Mint 20g,Pack size : 20g,KES96.00(Inc. VAT),Average Nutritional Value As Per 100g,70kcal,292.88kJ,3.8g,15g,,0.9g,8g,31mg,Mint,Solid,Food,,,,,1856.0,,
2046,Nature's Own Ground Coriander 50g,Pack size : 50g,KES96.00(Inc. VAT),Average Nutritional Value As Per 100g,23kcal,96.232kJ,2.13g,3.67g,0.87g,0.52g,2.8g,46mg,Ground Coriander,Powder,Food,,,,,1857.0,,
2047,Nature's Own Ground Dhana Jeera 50g,Pack size : 50g,KES122.00(Inc. VAT),Average Nutritional Value As Per 2.1g,7.9kcal,33.0536kJ,0.4g,0.9g,0.1g,0.5g,0.2g,3.5mg,Ground Dhana Jeera,Powder,Food,,,,,1858.0,,
2048,Nature's Own Curry Powder 50g,Pack size : 50g,KES96.00(Inc. VAT),Average Nutritional Value As Per 2g,6.5kcal,27.196kJ,0.3g,1.1g,0.1g,0.3g,1.1g,1mg,Curry Powder,Powder,Food,,,,,1859.0,,
2049,Nature's Own Ground Cloves 100g,Pack size : 100g,KES485.00(Inc. VAT),Average Nutritional Value As Per Serving,6kcal,25.104kJ,,2g,,,,,Ground Cloves,Powder,Food,,,,,1860.0,,
2050,Nature's Own Ground Ginger 100g,Pack size : 100g,KES273.00(Inc. VAT),Average Nutritional Value As Per Serving,6kcal,25.104kJ,,1g,,,,,Ground Ginger,Powder,Food,,,,,1861.0,,
2051,Nature's Own Ground Mustard 50g,Pack size : 50g,KES76.00(Inc. VAT),Average Nutritional Value As Per 1 Tablespoon,5kcal,20.92kJ,,,,,,85mg,Ground Mustard,Powder,Food,,,,,1862.0,,
2052,Nature's Own Ground Cumin 100g,Pack size : 100g,KES283.00(Inc. VAT),Average Nutritional Value As Per 2.1g,7.9kcal,33.0536kJ,0.4g,0.9g,0.1g,0.5g,0.2g,3.5mg,Ground Cumin,Powder,Food,,,,,1863.0,,
2053,Nature's Own Mixed Herbs 20g,Pack size : 20g,KES101.00(Inc. VAT),Average Nutritional Value As Per 100g,290kcal,1213.36kJ,11.1g,55.3g,,2.8g,,,Mixed Herbs,Solid,Food,,,,,1864.0,,
2054,Nature's Own Ground Black Pepper 50g,Pack size : 50g,KES167.00(Inc. VAT),Average Nutritional Value As Per 2.6g,6.5kcal,27.196kJ,0.3g,1.7g,0g,0.1g,0.7g,0.5mg,Black Pepper,Powder,Food,,,,,1865.0,,
2055,Nature's Own Ground Cinnamon 100g,Pack size : 100g,KES192.00(Inc. VAT),Average Nutritional Value As Per 100g,247kcal,1033.448kJ,4g,81g,2.2g,1.2g,53g,10mg,Ground Cinnamon,Powder,Food,,,,,1866.0,,
2056,Nature's Own Ground Dhana Jeera 100g,Pack size : 100g,KES243.00(Inc. VAT),Average Nutritional Value As Per 2.1g,7.9kcal,33.0536kJ,0.4g,0.9g,0.1g,0.5g,0.2g,3.5mg,Ground Dhana Jeera,Powder,Food,,,,,1867.0,,
2057,Nature's Own Ground Cinnamon 50g,Pack size : 50g,KES96.00(Inc. VAT),Average Nutritional Value As Per Serving,6kcal,25.104kJ,,1g,,,1g,,Ground Cinnamon,Powder,Food,,,,,1868.0,,
2058,Nature's Own Curry Powder 100g,Pack size : 100g,KES182.00(Inc. VAT),Average Nutritional Value As Per 10g,34kcal,142.256kJ,1.4g,5.4g,0.1g,1.9g,3g,,Curry Powder,Powder,Food,,,,,1869.0,,
2059,Nature's Own Rosemary Herbs 20g,Pack size : 20g,KES76.00(Inc. VAT),Average Nutritional Value As Per 40g,229kcal,958.136kJ,7.09g,9.38g,0.12g,19.87g,4.7g,4mg,Rosemary Herbs,Powder,Food,,,,,1870.0,,
2060,Nature's Own Grounded Black Pepper 100g,Pack size : 100g,KES334.00(Inc. VAT),Average Nutritional Value As Per 1 Tablespoon,5kcal,20.92kJ,,1g,,,,,Ground Black Pepper,Powder,Food,,,,,1871.0,,
2061,Nature's Own Ground Spice Turmeric 50g,Pack size : 50g,KES86.00(Inc. VAT),Average Nutritional Value As Per 7g,24kcal,100.416kJ,1g,4g,,1g,1g,3mg,Ground Spice Turmeric,Powder,Food,,,,,1872.0,,
2062,Nature's Own Ground Coriander 100g,Pack size : 100g,KES192.00(Inc. VAT),Average Nutritional Value As Per Serving,29kcal,121.336kJ,1g,4g,,1g,,,Ground Coriander,Powder,Food,,,,,1873.0,,
2063,Nature's Own Ground Ginger 50g,Pack size : 50g,KES137.00(Inc. VAT),Average Nutritional Value As Per 1.8g,6kcal,25.104kJ,0.2g,1.3g,0.1g,0.1g,0.3g,0.5mg,Ground Ginger,Powder,Food,,,,,1874.0,,
2064,Nature's Own Ground Cumin 50g,Pack size : 50g,KES142.00(Inc. VAT),Average Nutritional Value As Per 2.1g,7.9kcal,33.0536kJ,0.4g,0.9g,0.1g,0.5g,0.2g,3.5mg,Ground Cumin,Powder,Food,,,,,1875.0,,
2065,Nature's Own Ground Cloves 50g,Pack size : 50g,KES243.00(Inc. VAT),Average Nutritional Value As Per 100g,274kcal,1146.416kJ,5g,65g,2g,13g,33g,277mg,Ground Cloves,Powder,Food,,,,,1876.0,,
2066,Nature's Own Curry Powder 50g,Pack size : 50g,KES96.00(Inc. VAT),Average Nutritional Value As Per 2g,6.5kcal,27.196kJ,0.3g,1.1g,0.1g,0.3g,1.1g,1mg,Curry Powder,Powder,Food,,,,,1877.0,,
2067,Nature's Own Ground Cinnamon 100g,Pack size : 100g,KES192.00(Inc. VAT),Average Nutritional Value As Per 100g,247kcal,1033.448kJ,4g,81g,2.2g,1.2g,53g,10mg,Ground Cinnamon,Powder,Food,,,,,1878.0,,
2068,Nature's Own Curry Powder 100g,Pack size : 100g,KES182.00(Inc. VAT),Average Nutritional Value As Per 10g,34kcal,142.256kJ,1.4g,5.4g,0.1g,1.9g,3g,,Curry Powder,Powder,Food,,,,,1879.0,,
2069,Tropical Heat Spices Pilau Masala Ground 100G,Pack size : 100g,KES287.00(Inc. VAT),,,,,,,,,,Pilau Masala,Powder,Food,,No Additives,,Pilau Masala is rich in anti oxidants and may help to regulate blood pressure and improve heart health. It may also help to reduce inflammations.,1880.0,"Use Tropical Heat Pilau Masala in preparing traditional pilau, chicken biriani, coconut rice and to flavour other rice dishes.",
2070,Tropical Heat Spices Tea Masala 100G,Pack size : 100g,KES287.00(Inc. VAT),,,,,,,,,,Tea Masala,Powder,Food,,No Additives,,Tea Masala may help to lower the risk of heart disease by reducing cholesterol levels in the body. This helps to keep the heart healthy and fit. Regular consumption of Masala tea can also help to reduce stress and anxiety.,1881.0,Add Tropical Heat Tea Masala to all types of teas. Tropical Heat Tea Masala will spice up your tea and add warmth and depth to your tea.,
2071,Ttropical Heat Spices Garam Masala 100G,Pack size : 100g,KES270.00(Inc. VAT),,,,,,,,,,Garam Masala,Powder,Food,,No Additives,,Garam Masala is rich in anti inflammatory and anti-oxidative properties. This helps in restoring the health of the heart and reduces cholesterol. Conditions like arthritis are controlled well when one adds garam masala to the food.,1882.0,"Tropical Heat Gram Masala can be used in meat and vegetable curries, lentils, savoury rice, and garnishing cream soup. It also makes a good flavouring for spiced bean or lentil soup.",
2072,Tropical Heat Spices Chicken Masala 100G,Pack size : 100g,KES140.00(Inc. VAT),Average Nutritional Value As Per 5g,,,1.0g,3.0g,,0.5g,,85mg,1.0g,Powder,Food,,No Additives,,,1883.0,Use Tropical Heat Chicken Masala when preparing chicken curries and stews.,
2073,Tropical Heat Spices Pilau Masala Whol100G,Pack size : 100g,KES285.00(Inc. VAT),,,,,,,,,,Food,,1g,104.6kJ,No Additives,,Pilau Masala is rich in anti oxidants and may help to regulate blood pressure and improve heart health. It may also help to reduce inflammations.,1884.0,"Use Tropical Heat Pilau Masala in preparing traditional pilau, chicken biriani, coconut rice and to flavour other rice dishes.",
2074,Tropical Heat Spices Beef Masala 100G,Pack size : 100g,KES140.00(Inc. VAT),,,,,,,,,,Beef Masala,Powder,Food,,No Additives,,"Tropical Heat Rice Cakes are gluten fre, trans fat free and cholesterol free, containing less than 50 calories per Rice Cake.",1885.0,Use Tropical Heat Beef Masala in preparing beef and other meat stews and curries.,
2075,Tropical Heat  Tea Masala 45G,Pack size : 45G,KES145.00(Inc. VAT),,,,,,,,,,Tea Masala,Powder,Food,,No Additives,,Tea Masala may help to lower the risk of heart disease by reducing cholesterol levels in the body. This helps to keep the heart healthy and fit. Regular consumption of Masala tea can also help to reduce stress and anxiety.,1886.0,Add Tropical Heat Tea Masala to all types of teas. Tropical Heat Tea Masala will spice up your tea and add warmth and depth to your tea.,
2076,Tropical Heat  Garam Masala 45G,Pack size : 45G,,,,,,,,,,,Garam Masala,Powder,Food,,No Additives,,Garam Masala is rich in anti inflammatory and anti-oxidative properties. This helps in restoring the health of the heart and reduces cholesterol. Conditions like arthritis are controlled well when one adds garam masala to the food.,1887.0,"Tropical Heat Gram Masala can be used in meat and vegetable curries, lentils, savoury rice, and garnishing cream soup. It also makes a good flavouring for spiced bean or lentil soup.",
2077,Tropical Heat Spices Mixed Spices 100G,Pack size : 100g,KES240.00(Inc. VAT),,,,,,,,,,Mixed Spices,Powder,Food,,No Additives,,,1888.0,"Use Tropical Heat Mixed Spices in seasoning curries, casseroles, garnishing pasta dishes, barbecued meat dishes, vegetables and most Indian dishes. It is also used in cakes, especially fruit cakes, buns, biscuits and cookies.",
2078,Tropical Heat  Pilau Masala Ground 45G,Pack size : 45G,KES145.00(Inc. VAT),,,,,,,,,,Pilau Masala,Powder,Food,,No Additives,,Pilau Masala is rich in anti oxidants and may help to regulate blood pressure and improve heart health. It may also help to reduce inflammations.,1889.0,"Use Tropical Heat Pilau Masala in preparing traditional pilau, chicken biriani, coconut rice and to flavour other rice dishes.",
2079,Tropical Heat Spices Mixed Herbs 20G,Pack size : 20g,KES90.00(Inc. VAT),,,,,,,,,,Mixed Herbs,Solid,Food,,No Additives,,,1890.0,"Tropical Heat Mixed Herbs can be used in pasta, pizza, Italian dishes, and as a garnish in soups, stews, and egg dishes.",
2080,Mulsons Spices Garam Masala 100g,Pack size : 100g,KES245.00(Inc. VAT),Average Nutritional Value As Per 100g,306.4kcal,1281.97kJ,11.3g,56.6g,1.3g,12.7g,24g,79.9mg,Garam Masala,Powder,Food,,,,,1891.0,,
2081,Tropical Heat Spices Githeri Masala 100G,Pack size : 100g,KES125.00(Inc. VAT),Average Nutritional Value As Per 5g,,,1.0g,3.0g,,,,120mg,1.0g,,1g,995.7kJ,No Additives,,,1892.0,Add Tropical Heat Githeri Masala to flavour the traditional Kenya Githeri.,
2082,Orley's Ground Garam Masala 50g,Pack size : 50g,KES135.00(Inc. VAT),Average Nutritional Value As Per 5g,20kcal,83.68kJ,1g,4g,,1g,,46mg,Garam Masala,Powder,Food,,,,,1893.0,,
2083,Top Food Thyme Jar 50G,Pack size : 50g,,Average Nutritional Value As Per 100g,285kcal,1192.44kJ,9g,64g,2g,7g,37g,55mg,Thyme,Solid,Food,,,,,1894.0,,
2084,Shalimar Daal Masala 32g,Pack size : 32g,KES219.00(Inc. VAT),Average Nutritional Value As Per Serving,127.7kcal,534.2968kJ,5.8g,19.2g,0.0g,3.9g,5.9g,589.3mg,Daal Masala,Powder,Food,,,,,1895.0,,
2085,Simba Mbili Spice Seasoning Chicken Masala 100g,Pack size : 100g,KES125.00(Inc. VAT),Average Nutritional Value As Per 100g,300kcal,1255.2kJ,17g,42g,4g,7g,1g,580mg,Chicken Masala,Powder,Food,Chicken,,0g,,1896.0,,
2086,Orley's Spice Ground Garam Masala 100g,Pack size : 100g,KES270.00(Inc. VAT),Average Nutritional Value As Per 1 Tablespoon,4kcal,16.73kJ,0g,1g,0g,0g,0g,1mg,Ground Garam Masala,Powder,Food,,,,,1897.0,,
2087,TOP FOODGARAM MASALA JAR 100GM,,,,,,,,,,,,,,,,,,,1898.0,,
2088,Top Food Curry Powder 100g,Pack size : 100g,,Average Nutritional Value As Per 100g,62kcal,259kJ,12.3g,45g,,13.1g,,,Curry Powder,Powder,Food,,,,,1899.0,,
2089,Orleys Pure Ground Pilau Masala 100g,Pack size : 100g,KES300.00(Inc. VAT),Average Nutritional Value As Per 100g,185kcal,774.04kJ,0g,0g,0g,0g,0g,0mg,Ground Pilau Masala,Powder,Food,,,0g,,1900.0,,
2090,Orley's Spice Ground Pilau Masala 100g,Pack size : 100g,KES305.00(Inc. VAT),Average Nutritional Value As Per 1 Cup,185kcal,774.04kJ,0g,0g,0g,0g,0g,0mg,Ground Pilau Masala,Powder,Food,,,,,1901.0,,
2091,KOL PILAU MASALA100G,Pack size : 100g,KES250.00(Inc. VAT),Average Nutritional Value As Per 100g,429.35kcal,1796.4004kJ,11.68g,70.75g,3.55g,11.7g,,,Pilau Masala,Powder,Food,,,,,1902.0,,
2092,Top Food Basil Jar 50G,Pack size : 50g,,Average Nutritional Value As Per 100g,71kcal,294kJ,3.4g,2.5g,0.4g,4.3g,4.3g,20mg,Basil Herbs,Solid,Food,,,,,1903.0,,
2093,Orley's Spice Mix Ground Tea Masala 50g,Pack size : 50g,KES150.00(Inc. VAT),Average Nutritional Value As Per 100g,7kcal,29.288kJ,0.6g,1g,,0.5g,,29mg,Tea Masala,Powder,Food,,,,,1904.0,,
2094,Orley's Spice Ground Pilau Masala 50g,Pack size : 50g,KES155.00(Inc. VAT),Average Nutritional Value As Per 1 Cup,185kcal,774.04kJ,0g,0g,0g,0g,0g,0mg,Ground Pilau Masala,Powder,Food,,,,,1905.0,,
2095,Shalimar Prawns Piri Piri Spice 30g,Pack size : 30g,KES219.00(Inc. VAT),Average Nutritional Value As Per 150g,136kcal,569.024kJ,,,,4g,,,Prawns Piri Piri Spice,Powder,Food,,,,,1906.0,,
2096,TOP FOOD C MASALA JAR 100GM,,,,,,,,,,,,,,,,,,,1907.0,,
2097,Top Food Pilau Masala Ground Jar50G,Pack size : 50g,,Average Nutritional Value As Per 100g,428kcal,1794kJ,9g,66g,8g,16g,,1060mg,Pilau Masala,Powder,Food,,,,,1908.0,,
2098,Shalimar Meat Pilau Mix 46g,Pack size : 46g,KES219.00(Inc. VAT),Average Nutritional Value As Per 429g,1007kcal,4213.288kJ,18.5g,105.2g,,55.9g,,,Meat Pilau,Powder,Food,,,,,1909.0,,
2099,Shalimar Meat Curry Masala 32g,Pack size : 32g,KES219.00(Inc. VAT),Average Nutritional Value As Per 100g,126kcal,527.18kJ,3g,5g,0.8g,2.8g,1.2g,195mg,Meat Curry Masala,Powder,Food,,,,,1910.0,,
2100,MULSONS BIRYANI MASALA 100G,,KES270.00(Inc. VAT),,,,,,,,,,,,,,,,,1911.0,,
2101,Orley's Pure Ground Mixed Spices 100g,Pack size : 100g,KES240.00(Inc. VAT),Average Nutritional Value As Per 100g,298kcal,1246.8kJ,9.97g,50.53g,5.03g,6.31g,,,Mixed Spices,Powder,Food,,,,,1912.0,,
2102,Shalimar Shish Kebab Spice 35g,Pack size : 35g,KES219.00(Inc. VAT),Average Nutritional Value As Per 100g,296kcal,1238.464kJ,12.5g,38g,19.5g,9.5g,,2955mg,Shish Kebab Spice,Powder,Food,,,,,1913.0,,
2103,Orley's Pure Ground Beef Masala 100g,Pack size : 100g,KES140.00(Inc. VAT),Average Nutritional Value As Per 100g,45kcal,188.2kJ,3g,13g,2g,0.9g,,28mg,Beef Masala,Powder,Food,,,,,1914.0,,
2104,Shalimar Pilau Rice Mix 45g,Pack size : 45g,KES219.00(Inc. VAT),Average Nutritional Value As Per 100g,171kcal,715.464kJ,3g,30g,1g,3g,2g,,Pilau Rice Mix,Powder,Food,,,,,1915.0,,
2105,Shalimar Fish Masala 32g,Pack size : 32g,KES219.00(Inc. VAT),Average Nutritional Value As Per 100g,385.7kcal,1627.1kJ,16.5g,58.1g,,9.7g,,1416.6mg,Fish Masala,Powder,Food,,,,,1916.0,,
2106,Natures Own Biryani Masala 100G,,KES263.00(Inc. VAT),,,,,,,,,,,,,,,,,1917.0,,
2107,Simba Mbili Fish Masala 50g,Pack size : 50g,KES65.00(Inc. VAT),Average Nutritional Value As Per 100g,385.7kcal,1627.1kJ,16.5g,58.1g,,9.7g,,1416.6mg,Fish Masala,Powder,Food,,,,,1918.0,,
2108,Top Food Curry Powder Jar 50G,Pack size : 50g,,Average Nutritional Value As Per 100g,62kcal,259kJ,12.3g,45g,,13.1g,,,Curry Powder,Powder,Food,,,,,1919.0,,
2109,Kol Pure Chicken Masala 100g,Pack size : 100g,KES114.00(Inc. VAT),Average Nutritional Value As Per 100g,344.14kcal,1440.007kJ,9.19g,56.94g,,8.85g,,258mg,Chicken Masala,Powder,Food,,,,,1920.0,,
2110,Kol Pure Tea Masala 100g,Pack size : 100g,KES280.00(Inc. VAT),Average Nutritional Value As Per 100g,7kcal,29.288kJ,0.6g,1g,,0.5g,,29mg,Tea Masala,Powder,Food,,,,,1921.0,,
2111,Orley's Ground Fish Masala 50g,Pack size : 50g,KES75.00(Inc. VAT),Average Nutritional Value As Per 100g,385.7kcal,1627.1kJ,16.5g,58.1g,,9.7g,,1416.6mg,Fish Masala,Powder,Food,,,,,1922.0,,
2112,Shalimar Fish Tika Masala 19g,Pack size : 19g,KES219.00(Inc. VAT),Average Nutritional Value As Per Serving,104kcal,435.136kJ,,12g,,,,,Fish Tika Masala,Powder,Food,,,,,1923.0,,
2113,Orley's Pure Ground Dhana Jeera Powder 50g,Pack size : 50g,KES110.00(Inc. VAT),Average Nutritional Value As Per 10g,8kcal,33.47kJ,1.5g,2g,,0.9g,,9.1mg,Dhana Jeera Powder,Powder,Food,,,,,1924.0,,
2114,Top Food Garlic Powder Jar 50G,,KES115.00(Inc. VAT),,,,,,,,,,,,,,,,,1925.0,,
2115,Top Food Cinnamon Powder Jar 50G,Pack size : 50g,,Average Nutritional Value As Per 2g,6kcal,25.1kJ,0.1g,1.9g,0.1g,0.3g,,,Cinnamon Powder,Powder,Food,,,,,1926.0,,
2116,Top Food Bay Leaf Jar 40G,Pack size : 40g,,Average Nutritional Value As Per 100g,314kcal,1313kJ,8g,75g,,8g,26g,23mg,Bay Leaf,Solid,Food,,,,,1927.0,,
2117,Shalimar's Chicken Tikka Mix 46g,Pack size : 46g,KES219.00(Inc. VAT),Average Nutritional Value As Per 100g,126kcal,527.18kJ,3g,5g,0.8g,2.8g,1.2g,195mg,Chicken Tikka Mix,Powder,Food,,,,,1928.0,,
2118,TOP FOOD TEA MASALA JAR 100GM,,,,,,,,,,,,,,,,,,,1929.0,,
2119,Tropical Heat  Mixed Spices 45G,Pack size : 45G,,,,,,,,,,,Mixed Spices,Powder,Food,,No Additives,,,1930.0,"Use Tropical Heat Mixed Spices in seasoning curries, casseroles, garnishing pasta dishes, barbecued meat dishes, vegetables and most Indian dishes. It is also used in cakes, especially fruit cakes, buns, biscuits and cookies.",
2120,Top Food Garam Masala Jar 50G,Pack size : 50g,,Average Nutritional Value As Per 5g,20kcal,83.68kJ,1g,4g,,1g,,46mg,Garam Masala,Powder,Food,,,,,1931.0,,
2121,Top Food Turmeric Powder Jar 50G,Pack size : 50g,,Average Nutritional Value As Per 8g,510kcal,2135kJ,10g,70g,0g,10g,25g,125mg,Turmeric Powder,Powder,Food,,,,,1932.0,,
2122,Orley's Spice Ground Tea Masala 100g,Pack size : 100g,KES300.00(Inc. VAT),Average Nutritional Value As Per 1 Cup,185kcal,774.04kJ,0g,0g,0g,0g,0g,0mg,Ground Tea Masala,Powder,Food,,,,,1933.0,,
2123,Shalimar Mince Meat Masala 27g,Pack size : 27g,KES219.00(Inc. VAT),Average Nutritional Value As Per 350g,345kcal,1443.48kJ,27g,43g,4g,6g,3g,1200mg,Mince Meat Masala,Powder,Food,,,,,1934.0,,
2124,Top Food Chicken Tikka Masala 100g,Pack size : 100g,,Average Nutritional Value As Per 100g,106kcal,443kJ,5.7g,12g,2.8g,3.9g,8.6g,330mg,Chicken Tikka Masala,Powder,Food,,,,,1935.0,,
2125,MULSONS BEEF MASALA 100G,,KES130.00(Inc. VAT),,,,,,,,,,,,,,,,,1936.0,,
2126,Simba Mbili Garam Masala 50g,Pack size : 50g,KES150.00(Inc. VAT),Average Nutritional Value As Per 5g,80kcal,334.72kJ,1g,16g,13g,1g,,190mg,Garam Masala,Powder,Food,,,,,1937.0,,
2127,NATURE'S OWN BIRYANI MASALA 50G,,KES127.00(Inc. VAT),,,,,,,,,,,,,,,,,1938.0,,
2128,Shalimar Chicken Masala 33g,Pack size : 33g,KES219.00(Inc. VAT),Average Nutritional Value As Per 100g,344.14kcal,1440.007kJ,9.19g,56.94g,,8.85g,,258mg,Chicken Masala,Powder,Food,,,,,1939.0,,
2129,Top Food Pilau Masala 100g,Pack size : 100g,,Average Nutritional Value As Per Serving,428kcal,1794kJ,9g,66g,8g,16g,7g,1060mg,Pilau Masala,Powder,Food,,,,,1940.0,,
2130,Shalimar Chicken Pilau 46g,Pack size : 46g,KES219.00(Inc. VAT),Average Nutritional Value As Per 350g,345kcal,1443.48kJ,27g,43g,4g,6g,3g,1200mg,Chicken Pilau Powder,Powder,Food,,,,,1941.0,,
2131,Shalimar Prawns Masala 22G,,KES219.00(Inc. VAT),,,,,,,,,,,,,,,,,1942.0,,
2132,Shalimar Vegetable Masala Spice 35g,Pack size : 35g,KES219.00(Inc. VAT),Average Nutritional Value As Per 1 Tablespoon,30kcal,125.52kJ,1g,5g,,1g,2g,960mg,Vegetable Masala Spice,Powder,Food,,,,,1943.0,,
2133,Nature's Own Chicken Masala 100g,Pack size : 100g,KES263.00(Inc. VAT),Average Nutritional Value As Per 100g,344.14kcal,1440.007kJ,9.19g,56.94g,,8.85g,,258mg,Chicken Masala,Powder,Food,,,,,1944.0,,
2134,Nature's Own Spice Mix Chat Masala 100g,Pack size : 100g,KES263.00(Inc. VAT),Average Nutritional Value As Per 2g,10kcal,41.84kJ,0g,1g,0g,0g,0g,150mg,Chat Masala,Powder,Food,,,,,1945.0,,
2135,Natures Own Fish Masala 100G,Pack size : 100g,KES147.00(Inc. VAT),Average Nutritional Value As Per 1.2g,0.6kcal,2.5104kJ,0g,0.1g,0g,0g,0.1g,380mg,Fish Masala,Powder,Food,,,,,1946.0,,
2136,Nature's Own Spice Mix Chicken Masala 50g,Pack size : 50g,KES127.00(Inc. VAT),Average Nutritional Value As Per 8g,30kcal,125.52kJ,1g,5g,1g,1g,2g,650mg,Chicken Masala,Powder,Food,,,,,1947.0,,
2137,Nature's Own Fish Masala 50g,Pack size : 50g,KES81.00(Inc. VAT),Average Nutritional Value As Per 100g,385.7kcal,1627.1kJ,16.5g,58.1g,,9.7g,,1416.6mg,Fish Masala,Powder,Food,,,,,1948.0,,
2138,Natures Own Garam Masala 100G,Pack size : 100g,KES283.00(Inc. VAT),Average Nutritional Value As Per 5g,20kcal,83.68kJ,1g,4g,,1g,,46mg,Garam Masala,Powder,Food,,,,,1949.0,,
2139,Nature's Own Tandoori Masala 50g,Pack size : 50g,KES127.00(Inc. VAT),Average Nutritional Value As Per 100g,238kcal,995.7kJ,1g,43g,,10g,,48mg,Tandoori Masala,Powder,Food,,,,,1950.0,,
2140,Nature's Own Mixed Spices 100g,Pack size : 100g,KES223.00(Inc. VAT),Average Nutritional Value As Per 100g,298kcal,1246.8kJ,9.97g,50.53g,5.03g,6.31g,,,Mixed Spices,Powder,Food,,,,,1951.0,,
2141,Nature's Own Garam Masala 50g,Pack size : 50g,KES142.00(Inc. VAT),Average Nutritional Value As Per 1.5g,4.6kcal,19.2464kJ,0.2g,0.8g,0g,0.2g,0.4g,1.2mg,Garam Masala,Powder,Food,,,,,1952.0,,
2142,Nature's Own Mixed Spices 50g,Pack size : 50g,KES112.00(Inc. VAT),Average Nutritional Value As Per 5.5g,15kcal,62.76kJ,0.6g,3.4g,0.2g,0.5g,2.1g,2.4mg,Mixed Spices,Powder,Food,,,,,1953.0,,
2143,Nature's Own Spice Mix Tandoori Masala 100g,Pack size : 100g,KES263.00(Inc. VAT),Average Nutritional Value As Per 100g,238kcal,995.792kJ,1g,43g,,10g,,48mg,Tandoori Masala,Powder,Food,,,,,1954.0,,
2144,Nature's Own Spice Mix Tea Masala 50g,Pack size : 50g,KES147.00(Inc. VAT),Average Nutritional Value As Per 226.7g,439kcal,1836.776kJ,20g,56g,16g,15g,,,Tea Masala,Powder,Food,,,,,1955.0,,
2145,Nature's Own Pilau Masala 50g,Pack size : 50g,KES157.00(Inc. VAT),Average Nutritional Value As Per 8g,25kcal,104.6kJ,1g,3g,,0.5g,2g,850mg,Pilau Masala,Powder,Food,,,,,1956.0,,
2146,Kensalt Premium Iodated Edible Table Salt 2kg,Pack size : 2kg,KES74.00(Inc. VAT),Average Nutritional Value As Per 100g,0kcal,0kJ,0g,0g,0g,0g,0g,38758mg,Table Salt,Solid,Food,,,,,1957.0,,
2147,Kensalt Premium Iodated Table Salt 1kg,Pack size : 1kg,KES34.00(Inc. VAT),Average Nutritional Value As Per 100g,0kcal,0kJ,0g,0g,0g,0g,0g,38758mg,Table Salt,Solid,Food,,,,,1958.0,,
2148,Naturalli Himalayan Pink Fine Salt 500Gms,Pack size : 500g,KES299.00(Inc. VAT),Average Nutritional Value As Per 100g,0kcal,0kJ,0g,0g,0g,0g,0g,38750mg,Pink Salt,Solid,Food,,,,,1959.0,,
2149,Kensalt Premium Iodated Table Salt 500g,Pack size : 500g,KES19.00(Inc. VAT),Average Nutritional Value As Per 100g,0kcal,0kJ,0g,0g,0g,0g,0g,38758mg,Table Salt,Solid,Food,,,,,1960.0,,
2150,Kamili's Top Chef Table Salt 1kg,Pack size : 1kg,KES101.00(Inc. VAT),Average Nutritional Value As Per 100g,0kcal,0kJ,0g,0g,0g,0g,0g,38758mg,Table Salt,Solid,Food,,,,,1961.0,,
2151,Naturalli Himalayan Iodized Pink Salt 1 Kg,Pack size : 1 Kg,KES599.00(Inc. VAT),Average Nutritional Value As Per 100g,0kcal,0kJ,0g,0g,0g,0g,0g,518mg,Pink Salt,Solid,Food,,,,,1962.0,,
2152,La Baleine Fine Iodized Sea Salt 600g,Pack size : 600g,KES499.00(Inc. VAT),Average Nutritional Value As Per 100g,428kcal,179kJ,15.3g,13.4g,2.7g,34.8g,5.2g,341mg,Sea Salt,Powder,Food,,,,,1963.0,,
2153,Naturalli Himalayan Pink Fine Salt 300Gms,Pack size : 300g,KES199.00(Inc. VAT),Average Nutritional Value As Per 100g,0kcal,0kJ,0g,0g,0g,0g,0g,38750mg,Pink Salt,Solid,Food,,,,,1964.0,,
2154,Kensalt Table Salt 200g,,KES9.00(Inc. VAT),Average Nutritional Value As Per 100g,0kcal,0kJ,0g,0g,0g,0g,0g,38758mg,Table Salt,Solid,Food,,,,,1965.0,,
2155,Winnie's Pure Health Iodine Sea Salt 500g,Pack size : 500g,KES180.00(Inc. VAT),Average Nutritional Value As Per 100g,46.1kcal,193kJ,5.1g,4.1g,0g,1.3g,0g,38667mg,Sea Salt,Solid,Food,,,,,1966.0,,
2156,Naturalli Himalayan Pink Fine Salt 150Gms,Pack size : 150g,KES99.00(Inc. VAT),Average Nutritional Value As Per 100g,0kcal,0kJ,0g,0g,0g,0g,0g,38750mg,Pink Salt,Solid,Food,,,,,1967.0,,
2157,Tropical Heat Premium Grinder Sea Salt 100g,Pack size : 100g,KES260.00(Inc. VAT),Average Nutritional Value As Per 100g,46.1kcal,193kJ,5.1g,4.1g,0g,1.3g,0g,38667mg,Sea Salt,Solid,Food,,No Additives,,"Sea salt is mostly composed of sodium chloride, a compound that helps to regulate fluid balance and blood pressure in the body. Since it's minimally processed, it contains minerals like potassium, iron and calcium.",1968.0,Grind the whole Sea Salt over dishes that require regular table salt. The Sea Salt Grinder can also be used as a table condiment.,
2158,Winnie's Pure Health Herbal Sea Salt With Iodine 500g.,Pack size : 500g,KES277.00(Inc. VAT),Average Nutritional Value As Per 100g,46.1kcal,193kJ,5.1g,4.1g,0g,1.3g,0g,38667mg,Salt,Powder,Food,,,,,1969.0,,
2159,Kamili's Top Chef Table Salt 500g,Pack size : 500g,KES52.00(Inc. VAT),Average Nutritional Value As Per 100g,0kcal,0kJ,0g,0g,0g,0g,0g,38758mg,Table Salt,Solid,Food,,,,,1970.0,,
2160,Lunn Himalayan Pink Rock Salt 500g,Pack size : 500g,KES250.00(Inc. VAT),Average Nutritional Value As Per 100g,0kcal,0kJ,0g,0g,0g,0g,0g,34000mg,Pink Rock Salt,Solid,Food,,,,,1971.0,,
2161,Naturersquos Own Sea Salt 120g,Pack size : 120g,KES248.00(Inc. VAT),Average Nutritional Value As Per 1.3g,0kcal,0kJ,0g,0g,0g,0g,0g,530mg,Sea Salt,Solid,Food,,,,,1972.0,,
2162,La Baleine Iodized Coarse Sea Salt 1kg,Pack size : 1kg,KES579.00(Inc. VAT),Average Nutritional Value As Per 100g,0kcal,0kJ,0g,0g,0g,0g,0g,581mg,Coarse Sea Salt,Solid,Food,,,,,1973.0,,
2163,Winnie'S Pure Health Sea Salt With Iodine 200G,Pack size : 200g,KES86.00(Inc. VAT),Average Nutritional Value As Per 100g,46.1kcal,193kJ,5.1g,4.1g,0g,1.3g,0g,38667mg,Sea Salt,Solid,Food,,,,,1974.0,,
2164,Melvins Iodized Flow Table Salt 500g,Pack size : 500g,KES165.00(Inc. VAT),Average Nutritional Value As Per 100g,0kcal,0kJ,0g,0g,0g,0g,0g,38758mg,Table Salt,Solid,Food,Salt,N-Zorbit Anti-caking agent,,,1975.0,Add to taste,
2165,Equatorial Sea Salt 500G,Pack size : 500g,KES199.00(Inc. VAT),Average Nutritional Value As Per 100g,46.1kcal,193kJ,5.1g,4.1g,0g,1.3g,,590mg,Sea Salt,Solid,Food,,,,,1976.0,,
2166,Sileo Natural Salt 1kg,Pack size : 1kg,KES471.00(Inc. VAT),Average Nutritional Value As Per 100g,46.1kcal,193kJ,5.1g,4.1g,,1.3g,,,Salt,Powder,Food,,,,,1977.0,,
2167,Winnies Pure Health Herbal Table Salt With Iodine 200G,Pack size : 200g,KES136.00(Inc. VAT),Average Nutritional Value As Per 100g,46.1kcal,193kJ,5.1g,4.1g,0g,1.3g,0g,38667mg,Sea Salt,Solid,Food,,,,,1978.0,,
2168,Melvins Iodized Flow Table Salt 200g,Pack size : 200g,KES75.00(Inc. VAT),Average Nutritional Value As Per 100g,0kcal,0kJ,0g,0g,0g,0g,0g,38758mg,Table Salt,Solid,Food,Salt,N-Zorbit Anti-caking agent,,,1979.0,Add to taste,
2169,La Baleine Coarse Iodized Sea Salt 600g,Pack size : 600g,KES499.00(Inc. VAT),Average Nutritional Value As Per 100g,428kcal,179kJ,15.3g,13.4g,2.7g,34.8g,5.2g,341mg,Sea Salt,Powder,Food,,,,,1980.0,,
2170,Melvins BBQ Seasoning Salt 120g,Pack size : 120g,KES150.00(Inc. VAT),Average Nutritional Value As Per 100g,367kcal,1535.53kJ,10g,57g,30g,8.3g,6.7g,183mg,Seasoning Salt,Powder,Food,Barbecue,,,,1981.0,,
2171,La Baleine Fine Sea Salt 125g,Pack size : 125g,KES349.00(Inc. VAT),Average Nutritional Value As Per 100g,0kcal,0kJ,,,,,,38810mg,Fine Sea Salt,Solid,Food,,,,,1982.0,,
2172,Melvins Herbal Seasoning Mix 200g,Pack size : 200g,KES130.00(Inc. VAT),Average Nutritional Value As Per 100g,44kcal,184.09kJ,2g,0g,0g,0g,0g,32mg,Seasoning Mix,Powder,Food,"Salt, Assorted Herbs",N-Zorbit Anti-caking agent,,,1983.0,Add to taste,
2173,Sue's Naturals Sea Salt 250g,Pack size : 250g,KES140.00(Inc. VAT),Average Nutritional Value As Per 100g,46.1kcal,193kJ,5.1g,4.1g,,1.3g,,,Salt,Powder,Food,,,,,1984.0,,
2174,Robertson's Salt And Vinegar 103g,Pack size : 103g,KES400.00(Inc. VAT),Average Nutritional Value As Per 100g,205kcal,857kJ,0g,30g,21g,1g,0g,1866mg,Salt And Vinegar,Powder,Food,Vinegar,,,,1985.0,,
2175,Lunn Low Sodium Desert Salt 500g,Pack size : 500g,KES595.00(Inc. VAT),Average Nutritional Value As Per 100g,0kcal,0kJ,0g,0g,0g,0g,,24580mg,Salt,Solid,Food,,,,,1986.0,,
2176,Lunn Black Salt 100g,Pack size : 100g,KES301.00(Inc. VAT),Average Nutritional Value As Per 100g,0kcal,0kJ,0g,0g,0g,0g,0g,34g,Black Salt,Solid,Food,,,,,1987.0,,
2177,Sileo Fine Grain Natural Salt 250g,Pack size : 250g,KES123.00(Inc. VAT),Average Nutritional Value As Per 100g,46.1kcal,193kJ,5.1g,4.1g,,1.3g,,,Natural Salt,Solid,Food,,,,,1988.0,,
2178,Equatorial Sea Salt 250G,,KES125.00(Inc. VAT),,,,,,,,,,,,,,,,,1989.0,,
2179,Carrefour Iodized Fine Table Salt Red 600g,Pack size : 600g,KES139.00(Inc. VAT),Average Nutritional Value As Per 100g,0kcal,0kJ,0g,0g,0g,0g,0g,38.7mg,Salt,Powder,Food,,,,,1990.0,,
2180,Lunn Grinder Black Salt 200g,Pack size : 200g,KES403.00(Inc. VAT),Average Nutritional Value As Per 100g,0kcal,0kJ,0g,0g,0g,0g,0g,34000mg,Black Salt,Solid,Food,,,,,1991.0,,
2181,Equatorial Naturals Iodine Herbal Salt 200g,Pack size : 200g,KES125.00(Inc. VAT),Average Nutritional Value As Per 100g,46.1kcal,193kJ,5.1g,4.1g,,1.3g,,,Herbal Salt,Solid,Food,,,,,1992.0,,
2182,Equatorial Seasoned Sea Salt 200G,,KES140.00(Inc. VAT),,,,,,,,,,,,,,,,,1993.0,,
2183,Kensalt Free Flow Iodized Table Salt 1kg,Pack size : 1kg,KES86.00(Inc. VAT),Average Nutritional Value As Per 100g,0kcal,0kJ,0g,0g,0g,0g,0g,38758mg,Table Salt,Solid,Food,,,,,1994.0,,
2184,Top Food Himalayan Pink Salt 250G,,,,,,,,,,,,,,,,,,,1995.0,,
2185,Melvins Lemon Chili Seasoning Salt 120g,Pack size : 120g,KES140.00(Inc. VAT),Average Nutritional Value As Per 100g,100kcal,418.4kJ,4g,26g,0g,1g,10g,21300mg,Seasoning Salt,Powder,Food,"Lemon, Chili",,,,1996.0,,
2186,Sue's Naturals Sea Salt 500g,Pack size : 500g,KES220.00(Inc. VAT),Average Nutritional Value As Per 100g,46.1kcal,193kJ,5.1g,4.1g,0g,1.3g,0g,38667mg,Sea Salt,Solid,Food,,,,,1997.0,,
2187,La Baleine Iodized Fine Sea Salt 1kg,Pack size : 1kg,KES579.00(Inc. VAT),Average Nutritional Value As Per 100g,0kcal,0kJ,0g,0g,0g,0g,0g,38810mg,Fine Sea Salt,Solid,Food,,,98g,,1998.0,,
2188,La Baleine Fine Iodized Sea Salt 250g,Pack size : 250g,KES399.00(Inc. VAT),Average Nutritional Value As Per 100g,428kcal,179kJ,15.3g,13.4g,2.7g,34.8g,5.2g,341mg,Sea Salt,Powder,Food,,,,,1999.0,,
2189,Lunn Mineral Rich Desert Salt 500g,Pack size : 500g,KES250.00(Inc. VAT),Average Nutritional Value As Per 100g,0kcal,0kJ,0g,0g,0g,0g,0g,34g,Salt,Solid,Food,,,,,2000.0,,
2190,LUNN�POUCH ROCK DESERT SALT 500G,,KES250.00(Inc. VAT),,,,,,,,,,,,,,,,,2001.0,,
2191,Sileo Natural Crystals Stone Salt 200g,Pack size : 200g,KES152.00(Inc. VAT),Average Nutritional Value As Per 100g,46.1kcal,193kJ,5.1g,4.1g,0g,1.3g,,,Crystals Stone Salt,Solid,Food,,,,,2002.0,,
2192,Sileo Natural Fine Salt 500g,Pack size : 500g,KES243.00(Inc. VAT),Average Nutritional Value As Per 1g,0kcal,0kJ,0g,0g,0g,0g,0g,400mg,Fine Salt,Solid,Food,Salted,,,,2003.0,,
2193,Lunn Dessert Fine Salt 100g,Pack size : 100g,KES95.00(Inc. VAT),Average Nutritional Value As Per 100g,0kcal,0kJ,0g,0g,0g,0g,,34mg,Fine Salt,Solid,Food,,,,,2004.0,,
2194,Sileo Natural Bath Crystal Salt 500g,Pack size : 500g,KES243.00(Inc. VAT),Average Nutritional Value As Per 1g,0kcal,0kJ,0g,0g,0g,0g,0g,400mg,Crystal Salt,Solid,Food,Salted,,,,2005.0,,
2195,Brad'S Atlantic Sea Salt Grinder 325G,Pack size : 325g,KES1399.00(Inc. VAT),,,,,,,,,,,,,,,,,2006.0,,
2196,Saxa So Low Salt 350G,,KES699.00(Inc. VAT),,,,,,,,,,,,,,,,,2007.0,,
2197,"Knorr Chilli Beef Cubes, For delicious meals full of flavour, 8g x 6",Pack size : 8g x Pack of 6,KES90.00(Inc. VAT),Average Nutritional values As Per 8g,15kcal,62kJ,1g,0g,,1g,,1060mg,,,,,,,,2008.0,,
2198,"Knorr Soft Chicken Cubes, For delicious meals full of flavour, 8g x 6",Pack size : 8g x Pack of 6,KES90.00(Inc. VAT),Average Nutritional values As Per 8g,15kcal,62kJ,1g,0g,,1g,,970mg,,,,,,,,2009.0,,
2199,Knorr Soft Beef Cubes  8g X 6pieces,Pack size : 8g x Pack of 6,KES90.00(Inc. VAT),Average Nutritional values As Per 8g,15kcal,62kJ,1g,0g,,1g,,1060mg,,,,,,,,2010.0,,
2200,"Royco Mchuzi Mix Beef Seasoning Powder, 170g For Thicker, Richer Stews.",Pack size : 170g,KES99.00(Inc. VAT),Average Nutritional Value As Per Serving,5.5kcal,23kJ,0.1g,1g,0.4g,0.1g,0.1g,239mg,Mchuzi Mix,Powder,Food,Beef,,,,2011.0,,
2201,"Royco Mchuzi Mix Beef, For Thicker, Richer Stews, Seasoning Powder, 500g",Pack size : 500g,,Average Nutritional Value As Per Serving,5.5kcal,23kJ,0.1g,1g,0.4g,0.1g,0.1g,239mg,Mchuzi Mix,Powder,Food,Beef,,,,2012.0,,
2202,"Royco Fortified Chicken Cubes, For nutritious meals full of flavour, 4g x 40",Pack size : 40 Pieces,KES124.00(Inc. VAT),Average Nutritional Value As Per 100g,116kcal,485kJ,5.0g,17.8g,18.2g,3.0g,0.8g,,Chicken Cubes,Solid,Food,Chicken,,,,2013.0,,
2203,Maggi Star Fortified Seasoning Cubes 4g x Pack of 28,Pack size : 4g x Pack of 28,KES110.00(Inc. VAT),Average Nutritional Value As Per 100g,173kcal,728kJ,5.1g,29.0g,0.4g,3.7g,,,Seasoning Cubes,Powder,Food,,,,,2014.0,,
2204,"Royco Mchuzi Mix Beef, For Thicker, Richer Stews, Seasoning Powder, 200g​",Pack size : 200g,KES154.00(Inc. VAT),Average Nutritional Value As Per Serving,5.5kcal,23kJ,0.1g,1g,0.4g,0.1g,0.1g,239mg,Mchuzi Mix,Powder,Food,Beef,,,,2015.0,,
2205,Knorr Cube Little Bull 4Gx40,Pack size : 4g x Pack of 40,KES149.00(Inc. VAT),Average Nutritional values As Per 4g,7kcal,29kJ,,,,,,,,,,,,,,2016.0,,
2206,"Royco Fortified Beef Cubes, For nutritious meals full of flavour, 4g x 28",,KES99.00(Inc. VAT),,,,,,,,,,,,,,,,,2017.0,,
2207,"Royco Mchuzi Mix Tomato, Ginger & Garlic, For Thicker, Richer Stews, Seasoning Powder, 200g​",Pack size : 200g,KES154.00(Inc. VAT),Average Nutritional Value As Per 100g,139kcal,583kJ,1.2g,19.5g,16.4g,5.5g,,,Mchuzi Mix,Powder,Food,"Tomato, Ginger, Garlic",,,,2018.0,,
2208,Suree Thai Green Curry Paste 227g,Pack size : 227g,KES595.00(Inc. VAT),Average Nutritional Value As Per 100ml,75kcal,314kJ,3g,9g,9g,1.1g,0g,0g,Curry Paste,Paste,Food,,,0g,,2019.0,,
2209,"Royco Mchuzi Mix Chicken, For Thicker, Richer Stews, Seasoning Powder, 500g",Pack size : 500g,,Average Nutritional Value As Per 100g,182kcal,768kJ,7.2g,23g,20g,3.5g,,,Mchuzi Mix,Powder,Food,Chicken,,,,2020.0,,
2210,Kent Boringer Chicken Bouillon Cubes 60g x 6 Pieces,Pack size : 60g x 6 Pieces,KES140.00(Inc. VAT),Average Nutritional values As Per Serving,7kcal,29.288kj,0g,1g,0g,0g,0g,1200mg,,,,,,,,2021.0,,
2211,"Royco Mchuzi Mix Chicken, For Thicker, Richer Stews, Seasoning Powder, 200g",Pack size : 200g,KES154.00(Inc. VAT),Average Nutritional Value As Per 100g,182kcal,768kJ,7.2g,23g,20g,3.5g,,,Mchuzi Mix,Powder,Food,Chicken,,,,2022.0,,
2212,Kent Boringer Beef Bouillon Cubes 10g x Pack of 12,Pack size : 10g x Pack of 12,KES265.00(Inc. VAT),,,,,,,,,,,,,,,,,2023.0,,
2213,Suree Thai Panang Curry Paste 400g,Pack size : 400g,KES965.00(Inc. VAT),Average Nutritional Value As Per 100g,117kcal,489kJ,6.1g,15.0g,6.4g,1.6g,,,Curry Paste,Paste,Food,,,,,2024.0,,
2214,Tropical Heat  Salad Seasoning 45G,Pack size : 45G,,,,,,,,,,,Salad Seasoning,Powder,Food,,No Additives,,,2025.0,Sprinkle Tropical Heat Salad Seasoning liberally on all types of salads for a delicious and great taste.,
2215,Kent Boringer Chicken Bouillon Cubes 120g x 12 Pieces,Pack size : 120g x 12 Pieces,KES265.00(Inc. VAT),Average Nutritional values As Per Serving,7kcal,29.288kj,0g,1g,0g,0g,0g,1200mg,,,,,,,,2026.0,,
2216,Desiam Yellow Thai Curry Paste 200g,Pack size : 200g,KES877.00(Inc. VAT),Average Nutritional Value As Per 100g,283kcal,1182kJ,5g,15g,5.3g,21g,8.7g,,Curry Paste,Paste,Food,Curry,,11.2g,,2027.0,,
2217,Suree Thai Massamum Curry Paste 400g,Pack size : 400g,KES1150.00(Inc. VAT),Average Nutritional Value As Per 100g,130kcal,543kJ,7.0g,15.0g,11.0g,2.2g,,,Curry Paste,Paste,Food,,,,,2028.0,,
2218,Melvins Herbal Salt 500G,Pack size : 500g,KES245.00(Inc. VAT),,,,,,,,,,Salt,Solid,Beverage,"Salt, Assorted Herbs",N-Zorbit Anti-caking agent,,,2029.0,Add to taste,
2219,Suree Thai Green Curry Paste 400g,Pack size : 400g,KES985.00(Inc. VAT),Average Nutritional Value As Per Serving,85kcal,355kJ,3.0g,13.0g,6.3g,1.1g,5.3g,4.4mg,Curry Paste,Paste,Food,,,11.0g,,2030.0,,
2220,"Royco Mchuzi Mix Beef, For Thicker, Richer Stews, Seasoning Powder, 70g",Pack size : 70g,KES40.00(Inc. VAT),Average Nutritional Value As Per Serving,5.5kcal,23kJ,0.1g,1g,0.4g,0.1g,0.1g,239mg,Mchuzi Mix,Powder,Food,Beef,,,,2031.0,,
2221,Royco Beef Kora Mchuzi Mix 2Kg,Pack size : 2Kg,KES1300.00(Inc. VAT),Average Nutritional Value As Per Serving,5.5kcal,23kJ,0.1g,1g,0.4g,0.1g,0.1g,239mg,Mchuzi Mix,Powder,Food,Beef,,,,2032.0,,
2222,Onga Mchuzi Chicken Jar 200G,Pack size : 200g,KES145.00(Inc. VAT),Average Nutritional Value As Per 100g,278kcal,1165kJ,,64g,0.5g,2.9g,1.5g,1190mg,Mchuzi Mix,Powder,Food,,,,,2033.0,,
2223,ONGA MCHUZI SPICY TOMATO JAR 200G,,KES145.00(Inc. VAT),,,,,,,,,,,,,,,,,2034.0,,
2224,Onga Garlic Onion And Ginger Mchuzi Mix 200g,Pack size : 200g,KES145.00(Inc. VAT),Average Nutritional Value As Per 100g,139kcal,583kJ,1.2g,19.5g,16.4g,5.5g,,,Mchuzi Mix,Powder,Food,"Garlic Onion, Ginger",,,,2035.0,,
2225,Clovers Gravy Browning 700ml,Pack size : 700ml,KES99.00(Inc. VAT),Average Nutritional Value As Per 100g,53kcal,222kJ,3.75g,4.81g,0.21g,2.36g,0.4g,,Gravy Browning,Liquid,Food,,,1.4g,,2036.0,,
2226,Onga Mchuzi Chicken Sat 50G,Pack size : 50g,KES20.00(Inc. VAT),,,,,,,,,,Mchuzi Mix,Powder,Food,,,,,2037.0,,
2227,JADE BRIDGE HOI SIN SAUCE 280G,Pack size : 280g,KES280.00(Inc. VAT),,,,,,,,,,Hoisin Sauce,Liquid,Food,,,,,2038.0,,
2228,Onga Mchuzi Mix Beef Seasoning 200g,Pack size : 200g,KES145.00(Inc. VAT),Average Nutritional Value As Per 100g,278kcal,1165kJ,,64g,0.5g,2.9g,1.5g,1190mg,Beef Seasoning,Powder,Food,,,,,2039.0,,
2229,Onga Mchuzi Spicy Tomato Satchet 50G,,KES25.00(Inc. VAT),,,,,,,,,,,,,,,,,2040.0,,
2230,SUREE TOM YUM CURRY PASTE 227G,,KES575.00(Inc. VAT),,,,,,,,,,,,,,,,,2041.0,,
2231,Melvins Herbal Salt 120G,Pack size : 120g,KES75.00(Inc. VAT),Average Nutritional Value As Per 100g,44kcal,184.09kJ,2g,0g,0g,0g,0g,32mg,Salt,Solid,Beverage,"Salt, Assorted Herbs",N-Zorbit Anti-caking agent,,,2042.0,Add to taste,
2232,Bisto Chicken Gravy Granules 190G,,KES1190.00(Inc. VAT),,,,,,,,,,,,,,,,,2043.0,,
2233,Kent Boringer Chicken Bouillon Cubes 4g x 25 Pieces,Pack size : 4g x 25 Pieces,KES165.00(Inc. VAT),Average Nutritional values As Per Serving,7kcal,29.288kj,0g,1g,0g,0g,0g,1200mg,,,,,,,,2044.0,,
2234,Suree Thai Yellow Curry Paste 220g,Pack size : 220g,KES595.00(Inc. VAT),Average Nutritional Value As Per 100ml,77kcal,319kJ,3.6g,7.5g,6.9g,1.3g,0g,0g,Curry Paste,Paste,Food,,,0g,,2045.0,,
2235,Real Thai Spring Rolls Sauce 200ml,Pack size : 200ml,KES345.00(Inc. VAT),Average Nutritional Value As Per 19ml,40kcal,167kJ,0g,10g,10g,0g,0g,135mg,Spring Rolls Sauce,Paste,Food,,,,,2046.0,,
2236,Atkins & Potts Red Onion & Jalapeno Relish 215G,Pack size : 215g,KES999.00(Inc. VAT),Typical Values per 100g,211kcal,893 kJ,1.2g,45.2g,43.1g,2.2g,1.4g,,,,,,,0.5g,,2047.0,,
2237,Suree Thai Yellow Curry Paste 400g,Pack size : 400g,KES1095.00(Inc. VAT),Average Nutritional Value As Per Serving,15kcal,62kJ,1g,3g,1g,,1g,840mg,Curry Paste,Paste,Food,,,,,2048.0,,
2238,Desiam Thai Green Curry Paste 200g,Pack size : 200g,KES877.00(Inc. VAT),Average Nutritional Value As Per 100g,131kcal,550kJ,2.8g,9.2g,5.3g,7.8g,7.0g,,Curry Paste,Paste,Food,,,11.2g,,2049.0,,
2239,Simba Mbili Oregano 20g,Pack size : 20g,KES75.00(Inc. VAT),Average Nutritional Value As Per 100g,355kcal,1485.32kJ,6.7g,77g,,2.2g,,,Oregano,Solid,Food,,,,,2050.0,,
2240,Simba Mbili Mixed Herbs 20g,Pack size : 20g,KES85.00(Inc. VAT),Average Nutritional Value As Per 100g,290kcal,1213.36kJ,11.1g,55.3g,,2.8g,,,Mixed Herbs,Solid,Food,,,,,2051.0,,
2241,Mulsons Spices Rosemary 20g,Pack size : 20g,KES85.00(Inc. VAT),Average Nutritional Value As Per 100g,131kcal,548.104kJ,3.31g,20.70g,,5.86g,14.10g,,Rosemary,Solid,Food,,,,,2052.0,,
2242,Simba Mbili Dried Rosemary Leaves 20g,Pack size : 20g,KES70.00(Inc. VAT),Average Nutritional Value As Per 100g,1kcal,4.184kJ,0g,1g,0g,0g,0g,0mg,Rosemary Leaves,Solid,Food,Rosemary,,0g,,2053.0,,
2243,Mulsons Sage 20g,Pack size : 20g,KES115.00(Inc. VAT),Average Nutritional Value As Per 1 Tablespoon,6kcal,25.104kJ,0g,1g,0g,0g,0g,0mg,Sage,Solid,Food,,,,,2054.0,,
2244,Mulsons Spices Parsley 20g,Pack size : 20g,KES115.00(Inc. VAT),Average Nutritional Value As Per 100g,276kcal,1154.78kJ,22.4g,51.7g,,4.4g,,,Parsley,Solid,Food,,,,,2055.0,,
2245,Top Food Lemon Pepper And Herb Seasoning 100g,Pack size : 100g,,Average Nutritional Value As Per 100g,229kcal,962kJ,5.4g,35g,15.4g,2.4g,11.7g,9317mg,Seasoning,Powder,Food,"Lemon, Pepper",,,,2056.0,,
2246,Mulsons Spices Oregano 20g,Pack size : 20g,KES95.00(Inc. VAT),Average Nutritional Value As Per 100g,270kcal,1129.68kJ,9g,69g,4g,4g,43g,25mg,Oregano,Solid,Food,,,,,2057.0,,
2247,Mulsons Spices Rubbed Basil 20g,Pack size : 20g,KES120.00(Inc. VAT),Average Nutritional Value As Per 100g,23kcal,96kJ,3.2g,2.6g,0g,0.6g,1.6g,4mg,Rubbed Basil,Solid,Food,,,,,2058.0,,
2248,Tropical Heat Mixed Spices Whole Grinde100Ml,Pack size : 100ml,KES260.00(Inc. VAT),,,,,,,,,,Mixed Spices,Powder,Food,,No Additives,,,2059.0,"Use Tropical Heat Mixed Spices Grinder to grind the whole mixed spices over soups, stews, salads, poultry, pancakes, cookies and fruit salads.",
2249,KOL Pure Ground White Pepper 100g,Pack size : 100g,KES445.00(Inc. VAT),Average Nutritional Value As Per 1 Tablespoon,7kcal,29.288kJ,,1g,,,,,Ground White Pepper,Powder,Food,,,,,2060.0,,
2250,Orley's Ground White Pepper 50g,Pack size : 50g,KES300.00(Inc. VAT),Average Nutritional Value As Per 100g,20kcal,83.68kJ,7g,4g,0g,1g,0g,0mg,Ground White Pepper,Powder,Food,,,,,2061.0,,
2251,Nature's Own Ground Spice Onion Powder 50g,,KES101.00(Inc. VAT),,,,,,,,,,,,,,,,,2062.0,,
2252,Natures Own Onion Powder 100G,,KES192.00(Inc. VAT),,,,,,,,,,,,,,,,,2063.0,,
2253,Top Food Black Pepper With Grind 40g,Pack size : 40g,,Average Nutritional Value As Per Serving,6kcal,25.1kJ,0.2g,1.5g,,0.1g,0.6g,0.5mg,Black Pepper With Grind,Solid,Food,,,,,2064.0,,
2254,Orley's Pure Ground White Pepper 100g,Pack size : 100g,KES600.00(Inc. VAT),Average Nutritional Value As Per 1 Tablespoon,7kcal,29.288kJ,,1g,,,,,Ground White Pepper,Powder,Food,,,,,2065.0,,
2255,Nature's Own Ground White Pepper 100g,Pack size : 100g,KES606.00(Inc. VAT),Average Nutritional Value As Per 1 Tablespoon,7kcal,29.288kJ,,1g,,,,,Ground White Pepper,Powder,Food,,,,,2066.0,,
2256,Royco Blackpepper Ground Spice 90G,Pack size : 90g,KES350.00(Inc. VAT),,,,,,,,,,,,,Black pepper,,,,2067.0,,
2257,Royco Blackpepper Ground Spice 50G,Pack size : 50g,KES175.00(Inc. VAT),,,,,,,,,,,,,Black pepper,,,,2068.0,,
2258,Mulsons Black Pepper Corn 100G,Pack size : 100g,KES260.00(Inc. VAT),,,,,,,,,,,Powder,Spices,,No additives,,,2069.0,,
2259,TOP FOOD PILAU WHOLE JAR 100GM,,,,,,,,,,,,,,,,,,,2070.0,,
2260,Orley's Ground Cayenne Pepper 50g,Pack size : 50g,KES100.00(Inc. VAT),Average Nutritional Value As Per 5.3g,6kcal,25.104kJ,,3g,,,1g,2mg,Ground Cayenne Pepper,Powder,Food,,,,,2071.0,,
2261,De Cecco Classic Creamy Tomato Passata 700G,Pack size : 700g,KES595.00(Inc. VAT),Average Nutritional Value As Per 100g,31kcal,129kJ,1.5g,5.1g,4.5g,0.1g,1.6g,,Tomato Passata,Paste,Food,,,0.5g,,2072.0,,
2262,Cirio Napoletana Pasta Sauce 420g,Pack size : 420g,KES569.00(Inc. VAT),Average Nutritional Value As Per 125g,80kcal,334.7kJ,2g,12g,7g,3g,2g,520mg,Sauce,Paste,Food,,,,,2073.0,,
2263,Kaputei Spaghetti Bolognaise Sauce 330G,Pack size : 330g,KES389.00(Inc. VAT),Average Nutritional Values As Per 100g,79kcal,330.536kJ,3.3g,10.4g,1.6g,2.5g,0g,0.6g,,,,,,,,2074.0,,
2264,Barilla Sugo Olive With Italian Tomatoes Sauce 400g,Pack size : 400g,KES844.00(Inc. VAT),Average Nutritional Value As Per 100g,77kcal,322kJ,1.9g,6.2g,4.8g,4.5g,2.1g,,Sauce,Paste,Food,,,,,2075.0,,
2265,Ragu Mama's Special Garden Chunky Sauce 680g,Pack size : 680g,KES899.00(Inc. VAT),Average Nutritional Value As Per 100g,90kcal,376.56kJ,3g,15g,11g,2.5g,2g,470mg,Chunky Sauce,Paste,Food,Vegetables,,0g,,2076.0,,
2266,Ragu Cheese Creation Six Cheese Sauce 680g,Pack size : 680g,KES899.00(Inc. VAT),Average Nutritional Value As Per 100g,90kcal,376.56kJ,3g,14g,9g,0g,2g,480mg,Six Cheese Sauce,Paste,Food,,,0g,,2077.0,,
2267,Kaputei Pasta Sauce Basil 650g,Pack size : 650g,KES600.00(Inc. VAT),Average Nutritional Value As Per 100g,50kcal,209.2kJ,1g,5g,5g,2g,1g,50mg,Sauce,Paste,Food,Basil,,,,2078.0,,
2268,Pietro Coricelli Tomato And Basil Sauce 350g,Pack size : 350g,KES690.00(Inc. VAT),Average Nutritional Value As Per 100g,60kcal,251kJ,1.6g,6.8g,6.1g,2.7g,,,Sauce,Paste,Food,,,1.4g,,2079.0,,
2269,Bertolli Rustic Cut Marinara 652G,Pack size : 652G,KES1299.00(Inc. VAT),,,,,,,,,,,,,,,,,2080.0,,
2270,Barilla Chilli Pepper Arrabbiata Sauce 400g,Pack size : 400g,KES844.00(Inc. VAT),Average Nutritional Value As Per 100g,70kcal,292.8kJ,1g,7g,,3g,,,Sauce,Paste,Food,Chilli Pepper,,,,2081.0,,
2271,Ragu Mushroom Pasta Sauce 677g,Pack size : 677g,KES899.00(Inc. VAT),Average Nutritional Value As Per 100g,70kcal,292kJ,2g,11g,7g,2g,2g,460mg,Sauce,Paste,Food,Mushroom,,,,2082.0,,
2272,Sacla Intenso Tomato And Garlic Pasta Sauce 190g,Pack size : 190g,KES595.00(Inc. VAT),,7.5g,6.0g,189kcal,Average Nutritional Value As Per 100g,3.6g,,,,Food,"Tomato, Garlic",2.2g,782kJ,Paste,,,2083.0,,
2273,Ragu Hearty Traditional Tomato Sauce 680g,Pack size : 680g,KES899.00(Inc. VAT),Average Nutritional Value As Per 100g,100kcal,418kJ,3g,16g,10g,2.5g,3g,430mg,Sauce,Paste,Food,Tomato,,0g,,2084.0,,
2274,Pietro Coricelli Arrabbiata Pasta Sauce 350g,Pack size : 350g,KES690.00(Inc. VAT),Average Nutritional Value As Per 100g,61kcal,255kJ,1.6g,7g,6.2g,2.7g,,,Sauce,Paste,Food,,,1.2g,,2085.0,,
2275,Kaputei Spaghetti Bolognese Sauce 650g,Pack size : 650g,KES610.00(Inc. VAT),Average Nutritional Value As Per 100g,79kcal,330.5kJ,3.3g,10.4g,1.6g,2.5g,,0.6mg,Sauce,Paste,Food,,,,,2086.0,,
2276,Ragu Chunky Tomato Garlic And Onion Sauce 680g,Pack size : 680g,KES899.00(Inc. VAT),Average Nutritional Value As Per 100g,80kcal,334.72kJ,2g,14g,10g,2g,2g,460mg,Sauce,Paste,Food,Tomato/Garlic And Onion,,0g,,2087.0,,
2277,American Garden Mushroom Pasta Sauce 397g,Pack size : 397g,KES749.00(Inc. VAT),Average Nutritional Value As Per 127g,60kcal,251kJ,2g,11g,7g,1g,3g,440mg,Sauce,Paste,Food,Mushroom,,,,2088.0,,
2278,Pietro Coricelli Napoletana Pasta Sauce 350g,Pack size : 350g,KES690.00(Inc. VAT),Average Nutritional Value As Per 125g,130kcal,543.92kJ,2g,10g,6g,9g,2g,370mg,Sauce,Paste,Food,,,,,2089.0,,
2279,Bertolli Rustic Cut Roasted Garlic 652G,Pack size : 652G,KES1299.00(Inc. VAT),,,,,,,,,,,,,,,,,2090.0,,
2280,Kaputei Pasta Sauce Garlic 650g,Pack size : 650g,KES600.00(Inc. VAT),Average Nutritional Value As Per 0.5 Cup,70kcal,292.8kJ,2g,10g,6g,2g,2g,510mg,Sauce,Paste,Food,Garlic,,,,2091.0,,
2281,Ragu Chunky Sauteed Onion And Garlic Sauce 680g,Pack size : 680g,KES899.00(Inc. VAT),Average Nutritional Value As Per 100g,90kcal,376.56kJ,2g,14g,9g,3.5g,2g,480mg,Onion And Garlic Sauce,Paste,Food,Sauteed Onion And Garlic,,0g,,2092.0,,
2282,Bertolli Tomato & Basil Sauce 680G,Pack size : 680g,KES1299.00(Inc. VAT),,,,,,,,,,,,,,,,,2093.0,,
2283,Festiva Pasta Sauce Italian 410G,Pack size : 410G,KES470.00(Inc. VAT),,,,,,,,,,,,,,,,,2094.0,,
2284,De Cecco Alla Siciliana Sauce 400G,Pack size : 400g,KES750.00(Inc. VAT),Average Nutritional Value As Per 100g,59kcal,245kJ,1.3g,5.2g,4.2g,3.1g,2.6g,,Siciliana Sauce,Paste,Food,,,0.96g,,2095.0,,
2285,Ragu Old World Style Meat Sauce 677g,Pack size : 677g,KES899.00(Inc. VAT),Average Nutritional Value As Per 100g,90kcal,376.56kJ,2g,12g,7g,4g,2g,480mg,Sauce,Paste,Food,,,0g,,2096.0,,
2286,Bertolli Fresh Garlic & Herbs 680G,Pack size : 680g,KES1299.00(Inc. VAT),,,,,,,,,,,,,,,,,2097.0,,
2287,Ragu Mushroom And Green Pepper Sauce 680g,Pack size : 680g,KES899.00(Inc. VAT),Average Nutritional Value As Per 100g,80kcal,334.72kJ,2g,14g,10g,2g,2g,470mg,Sauce,Paste,Food,Mushroom And Green Pepper,,0g,,2098.0,,
2288,Bertolli Olive Oil & Garlic Sauce 680G,Pack size : 680g,KES1299.00(Inc. VAT),,,,,,,,,,,,,,,,,2099.0,,
2289,Kaputei Pasta Cheese Sauce 375g,Pack size : 375g,KES389.00(Inc. VAT),Average Nutritional Value As Per 125g,60kcal,251kJ,2g,12g,6g,1g,2g,430mg,Cheese Sauce,Paste,Food,,,,,2100.0,,
2290,Kaputei Pasta Sauce Regular 650g,Pack size : 650g,KES600.00(Inc. VAT),Average Nutritional Value As Per 125g,60kcal,251kJ,2g,12g,6g,1g,2g,430mg,Sauce,Paste,Food,,,,,2101.0,,
2291,CIRIO PASTA SAUCE ARRABBIATA 420G,Pack size : 420g,KES569.00(Inc. VAT),Average Nutritional Value As Per 100g,69kcal,289kJ,1.4g,10.1g,5.4g,2.1g,0.9g,,Pasta Sauce,Paste,Food,,,0.9g,,2102.0,,
2292,Kaputei Garlic Pasta Sauce 330G,Pack size : 330g,KES389.00(Inc. VAT),Average Nutritional Value As Per 0.5 Cup,70kcal,292.8kJ,2g,10g,6g,2g,2g,510mg,Sauce,Paste,Food,Garlic,,,,2103.0,,
2293,Kaputei Pasta Sauce 330G,Pack size : 330g,KES389.00(Inc. VAT),Average Nutritional Value As Per 125g,60kcal,251kJ,2g,12g,6g,1g,2g,430mg,Sauce,Paste,Food,,,,,2104.0,,
2294,Ragu Old World Style Marinara Sauce 677g,Pack size : 677g,KES899.00(Inc. VAT),Average Nutritional Value As Per 0.5 Cup,50kcal,209.2kJ,1g,8g,,1g,2g,270mg,Sauce,Paste,Food,,,,,2105.0,,
2295,LAZIZA TOMATO PUREE SACHET 35GM,,KES20.00(Inc. VAT),,,,,,,,,,,,,,,,,2106.0,,
2296,Kaputei Mushroom Pasta Sauce 330G,Pack size : 330g,KES389.00(Inc. VAT),Average Nutritional Value As Per 125g,80kcal,334.7kJ,2g,12g,7g,2g,3g,430mg,Sauce,Paste,Food,Mushroom,,,,2107.0,,
2297,Kaputei Lasagna Sauce 330g,Pack size : 330g,KES389.00(Inc. VAT),Average Nutritional Value As Per 300g,100kcal,418.1kJ,4g,11g,8g,4g,1g,450mg,Sauce,Paste,Food,,,,,2108.0,,
2298,Kaputei Basil Pasta Sauce 330G,Pack size : 330g,KES389.00(Inc. VAT),Average Nutritional Value As Per 100g,50kcal,209.2kJ,1g,5g,5g,2g,1g,50mg,Sauce,Paste,Food,Basil,,,,2109.0,,
2299,Kaputei Spaghetti Sauce 330G,Pack size : 330g,KES389.00(Inc. VAT),Average Nutritional Value As Per 0.5 Cup,80kcal,334.7kJ,3g,12g,10g,2g,1g,670mg,Sauce,Paste,Food,,,,,2110.0,,
2300,Sacla Intenso Tomato And Chilli Sauce 190g,Pack size : 190g,KES595.00(Inc. VAT),Average Nutritional Value As Per 100g,254kcal,1047kJ,2.4g,8.1g,8g,22.7g,3.6g,,Sauce,Paste,Food,"Tomato, Chilli",,1.1g,,2111.0,,
2301,Bertolli Garlic Marinara 680G,Pack size : 680g,KES1599.00(Inc. VAT),,,,,,,,,,,,,,,,,2112.0,,
2302,Kaputei Pasta Cheese 375G,,KES389.00(Inc. VAT),,,,,,,,,,,,,,,,,2113.0,,
2303,Bertolli Five Cheese Sauce 680G,Pack size : 680g,KES1299.00(Inc. VAT),,,,,,,,,,,,,,,,,2114.0,,
2304,Kaputei Hot Pasta Sauce 330G,Pack size : 330g,KES389.00(Inc. VAT),Average Nutritional Value As Per 100g,71kcal,297.06kJ,1g,6g,5g,3g,1g,840mg,Sauce,Paste,Food,,,,,2115.0,,
2305,Bertolli Rustic Cut Sweet Pepper With Mushroom 652G,Pack size : 652g,KES1499.00(Inc. VAT),,,,,,,,,,,,,,,,,2116.0,,
2306,Bertolli Olive Oil Basil Garlic 680G,Pack size : 680g,KES1599.00(Inc. VAT),,,,,,,,,,,,,,,,,2117.0,,
2307,De Cecco Alla Arrabbiata Sauce 400G,Pack size : 400g,KES650.00(Inc. VAT),Average Nutritional Value As Per 100g,60kcal,251.04kJ,1.6g,6.4g,5.6g,2.8g,1.3g,,Arrabbiata Sauce,Paste,Food,,,0.86g,,2118.0,,
2308,Bertolli Organic Tomatobasil 680G,Pack size : 680g,KES1599.00(Inc. VAT),,,,,,,,,,,,,,,,,2119.0,,
2309,Kenylon Tomato Paste 450g,Pack size : 450g,KES235.00(Inc. VAT),Average Nutritional Value As Per 100g,106kcal,443kJ,4.2g,18.5g,10.9g,0.21g,1.18g,0.25g,Tomato Paste,Paste,Food,,,,,2120.0,,
2310,Aryuva Tomato Paste Pouch 200G,Pack size : 200g,KES155.00(Inc. VAT),,,,,,,,,,,,,,,,,2121.0,,
2311,Peptang Tomato Paste 70g,Pack size : 70g,,Average Nutritional Value As Per 100g,70kcal,296kJ,3.1g,10.4g,,0.3g,,630mg,Tomato Paste,Paste,Food,,,,,2122.0,,
2312,Kenylon Tomato Paste 900g,Pack size : 900g,KES449.00(Inc. VAT),Average Nutritional Value As Per 100g,82kcal,343.088kJ,3g,19g,,,,,,,,,,,,2123.0,,
2313,Heinz Tomato Paste 370g,Pack size : 370g,KES378.00(Inc. VAT),Average Nutritional Value As Per Serving,35kcal,146kJ,2g,6g,4g,,,25mg,Tomato Paste,Paste,Food,,,,,2124.0,,
2314,Kenylon Tomato Paste 100g,Pack size : 100g,KES65.00(Inc. VAT),Average Nutritional Value As Per 100g,82kcal,343.088kJ,3g,19g,,,,,,,,,,,,2125.0,,
2315,Santa Maria Double Concentrated Tomato Paste 70g,Pack size : 70g,KES43.00(Inc. VAT),Average Nutritional Value As Per 136g,76kcal,317.9kJ,4g,13g,8g,,2g,,Paste,Paste,Food,Tomato,,,,2126.0,,
2316,Aryuva Double Concentrated Tomato Paste 400g,Pack size : 400g,KES195.00(Inc. VAT),,18.5g,10.9g,106kcal,Average Nutritional Value As Per 100g,1.18g,0.25g,,,Food,,4.2g,443kJ,Paste,,,2127.0,,
2317,KENYLON TOMATO PASTE SACHETS 70G,,,,,,,,,,,,,,,,,,,2128.0,,
2318,Kenylon Tomato Paste 275g,Pack size : 275g,KES169.00(Inc. VAT),Average Nutritional Value As Per 100g,82kcal,343.088kJ,3g,19g,,,,,,,,,,,,2129.0,,
2319,Santa Maria Double Concentrated Tomato Paste 400g,Pack size : 400g,KES215.00(Inc. VAT),Average Nutritional Value As Per 136g,76kcal,317.9kJ,4g,13g,8g,,2g,,Paste,Paste,Food,Tomato,,,,2130.0,,
2320,Aryuva Double Concentrated Tomato Paste 70g,Pack size : 70g,KES48.00(Inc. VAT),,18.5g,10.9g,106kcal,Average Nutritional Value As Per 100g,1.18g,0.25g,,,Food,,4.2g,443kJ,Paste,,,2131.0,,
2321,KENYLON TOMATO PASTE SACHETS 30G,,,,,,,,,,,,,,,,,,,2132.0,,
2322,Supercirio Tomato Puree Can 140G,Pack size : 140g,KES209.00(Inc. VAT),Average Nutritional Value As Per 2 Table Spoon,30kcal,125.5kJ,1g,6g,4g,,2g,20mg,Paste,Paste,Food,Tomato,,,,2133.0,,
2323,Clovers Double Concentrated Tomato Paste 70G,Pack size : 70g,KES48.00(Inc. VAT),Average Nutritional Value As Per Serving,140kcal,585kJ,4g,26g,20g,3g,6g,960mg,Tomato Paste,Paste,Food,,,,,2134.0,,
2324,Santa Maria Tomato Paste 900G,,KES419.00(Inc. VAT),Average Nutritional Value As Per 100g,,,4g,19g,10.41g,0.47g,,98mg,Food,Cream,Tomato Paste,,,,"Natural,No preservatives",2135.0,,
2325,Carrefour Tomato Paste 370g,Pack size : 370g,KES389.00(Inc. VAT),Average Nutritional Value As Per 100g,92kcal,384.928kJ,4.4g,18g,13g,,3.9g,820mg,Tomato Paste,Paste,Food,,,,,2136.0,,
2326,Clovers Double Concentrated Tomato Paste 340G,Pack size : 340g,KES192.00(Inc. VAT),Average Nutritional Value As Per Serving,140kcal,585kJ,4g,26g,20g,3g,6g,960mg,Tomato Paste,Paste,Food,,,,,2137.0,,
2327,Kenylon Tomato Paste 3.3Kg,Pack size : 3.3Kg,KES1299.00(Inc. VAT),Average Nutritional Value As Per 100g,106kcal,443kJ,4.2g,18.5g,10.9g,0.21g,1.18g,0.25mg,Tomato Paste,Paste,Food,,,,,2138.0,,
2328,Aryuva Double Concentrated Tomato Paste 2.2Kg,Pack size : 2.2Kg,KES949.00(Inc. VAT),,18.5g,10.9g,106kcal,Average Nutritional Value As Per 100g,1.18g,0.25g,,,Food,,4.2g,443kJ,Paste,,,2139.0,,
2329,Miyata Bio Organic Miso Aka Paste 200g,Pack size : 200g,KES495.00(Inc. VAT),Average Nutritional Value As Per 100g,199kcal,832kJ,12.0g,26.0g,,5.0g,5.0g,3722.0mg,Miso Aka Paste,Paste,Food,,,,,2140.0,,
2330,Royale Garden Tomato Paste 400g,Pack size : 400g,KES195.00(Inc. VAT),Average Nutritional Value As Per Serving,220kcal,920.48kJ,7.8g,2.6g,0g,20g,,,Tahini Paste,Paste,Food,,,,,2141.0,,
2331,Wow Tomato Paste 500G,Pack size : 500g,KES210.00(Inc. VAT),Average Nutritional Value As Per 100g,106kcal,443kJ,4.2g,18.5g,10.9g,0.21g,1.18g,0.25g,Corn Snacks,Paste,Food,,,,,2142.0,,
2332,Kenzy Tomato Paste 70g,Pack size : 70g,KES45.00(Inc. VAT),Average Nutritional Value As Per 100g,96kcal,401.664kJ,4g,20g,,,,,,,,,,,,2143.0,,
2333,Carrefour Tomato Puree 500g,Pack size : 500g,KES399.00(Inc. VAT),Average Nutritional Value As Per 100g,34kcal,145kJ,1g,5g,5g,0g,,,Tomato Puree,Paste,Food,,,0g,,2144.0,,
2334,Sacla Intenso Tomato And Olive Pasta Sauce 190g,Pack size : 190g,KES595.00(Inc. VAT),Average Nutritional Value As Per 100g,192kcal,789kJ,1.5g,2.9g,2.7g,18.7g,,,Pasta Sauce,Paste,Food,,,0.93g,,2145.0,,
2335,Clovers Tomato Paste 2.2Kg,,KES775.00(Inc. VAT),,,,,,,,,,,,,,,,,2146.0,,
2336,KOL Tomato Sauce 450g,Pack size : 450g,KES240.00(Inc. VAT),Average Nutritional Value As Per 1 Teaspoon,13kcal,54.392kJ,1g,1g,2g,1g,,,Tomato Sauce,Paste,Food,,,,,2147.0,,
2337,Wow Tomato Paste 200G,Pack size : 200g,KES120.00(Inc. VAT),Average Nutritional Value As Per 100g,170kcal,711.28kJ,4g,54g,0g,39g,,678mg,Snacks,Solid,Food,Tomato,,,,2148.0,,
2338,Gilda Tomato Paste 400g,Pack size : 400g,KES189.00(Inc. VAT),Average Nutritional Value As Per 100g,106kcal,443kJ,4.2g,18.5g,10.9g,0.21g,1.18g,0.25mg,Tomato Paste,Paste,Food,,,,,2149.0,,
2339,Kol Tomato Paste 900G,Pack size : 900g,KES455.00(Inc. VAT),Average Nutritional Value As Per 100g,105kcal,439.32kJ,1g,22g,17g,,,547mg,Tomato Sauce,Paste,Food,,,,,2150.0,,
2340,FARAGELLO PURE SACHECT TOM. PAST50G,Pack size : 50g,KES40.00(Inc. VAT),Average Nutritional Value As Per 100g,104kcal,437kJ,4g,77g,27g,,0g,,Tomato Puree,Paste,Food,Tomato,,,,2151.0,,
2341,Wow Tomato Paste 100G,Pack size : 100g,KES69.00(Inc. VAT),Average Nutritional Value As Per 100g,106kcal,443kJ,4.2g,18.5g,10.9g,0.21g,1.18g,0.25g,Corn Snacks,Paste,Food,Tomato,,,,2152.0,,
2342,Tamtam Tomato Paste 50g,Pack size : 50g,KES25.00(Inc. VAT),Average Nutritional Value As Per 100g,81kcal,338.904kJ,3.8g,18.5g,,,3g,530mg,Tomato Paste,Paste,Food,,,,,2153.0,,
2343,Clovers Tomato Paste In Tin 400G,Pack size : 400g,KES200.00(Inc. VAT),Average Nutritional Value As Per 1 Cup,140kcal,585.76kJ,4g,26g,20g,3g,6g,960g,Tomato Sauce,Paste,Food,Tomato,,,,2154.0,,
2344,Tamtam Tomato Paste  400g,Pack size : 400g,KES160.00(Inc. VAT),Average Nutritional Value As Per 100g,81kcal,338.904kJ,3.8g,18.5g,,,3g,530mg,Tomato Paste,Paste,Food,,,,,2155.0,,
2345,Cirio Passata Rustica Crushed Tomatoes 680g,Pack size : 680g,KES645.00(Inc. VAT),Average Nutritional Value As Per 100g,32kcal,133.8kJ,1g,5g,4g,,1g,20mg,Crushed Tomatoes,Paste,Food,Tomato,,,,2156.0,,
2346,FARAGELLO TOMATO PASTE 400G,Pack size : 400g,KES220.00(Inc. VAT),Average Nutritional Value As Per 100g,104kcal,437kJ,4g,77g,27g,,0g,,Tomato Puree,Paste,Food,Tomato,,,,2157.0,,
2347,Wadi Foods Tomato Paste 400G,Pack size : 400g,KES170.00(Inc. VAT),,,,,,,,,,,,,Tomato,,,"Low Fat, Vitamin C",2158.0,,
2348,Pureto Tomato Paste 70g,Pack size : 70g,KES30.00(Inc. VAT),Average Nutritional Value As Per 100g,103kcal,430.952kJ,1g,16g,22g,,5g,,Tomato Paste,Paste,Food,,,,,2159.0,,
2349,Sacla Oven Roasted Tomato Sauce 190g,Pack size : 190g,KES595.00(Inc. VAT),Average Nutritional Value As Per 100g,188kcal,779kJ,3.2g,7.6g,4.7g,16g,0.4g,0mg,Tomato Sauce,Paste,Food,,,,,2160.0,,
2350,Kenzy Tomato Paste Cans 60g,Pack size : 60g,KES59.00(Inc. VAT),Average Nutritional Value As Per 100g,96kcal,401.664kJ,4g,20g,,,,,Tomato Paste,Paste,Food,,,,,2161.0,,
2351,Clovers Tomato Paste 3.3Kg,,KES1200.00(Inc. VAT),,,,,,,,,,,,,,,,,2162.0,,
2352,HOSEN WHOLE PEELED TOMATOES 800G,Pack size : 800g,KES565.00(Inc. VAT),Average Nutritional Value As Per 100g,27kcal,112.96kJ,1g,4g,3g,,,,Peeled Tomato,Solid,Food,,,,,2163.0,,
2353,Kol Tomato Paste 2.2Kg,,KES882.00(Inc. VAT),,,,,,,,,,,,,,,,,2164.0,,
2354,Chain Two Dark Soy Sauce 150ml,Pack size : 150ml,KES175.00(Inc. VAT),Average Nutritional Value As Per 100ml,120kcal,510kJ,1.3g,28.6g,24.8g,0.1g,,,Sauce,Paste,Food,,,,,2165.0,,
2355,Zesta Dark Soy Sauce 250G,,KES99.00(Inc. VAT),,,,,,,,,,,,,,,,,2166.0,,
2356,Chain Kwo Superior Dark Soya Sauce 592ml,Pack size : 592ml,KES390.00(Inc. VAT),Average Nutritional Value As Per 15ml,17kcal,71.1kJ,,3g,,,,909mg,Sauce,Liquid,Food,,,,,2167.0,,
2357,Aryuva Premium Light Soy Sauce 625ml,Pack size : 625ml,KES290.00(Inc. VAT),Average Nutritional Value As Per 100ml,54kcal,225.93kJ,1g,11g,9g,0g,0g,6026mg,Sauce,Paste,Food,,,,,2168.0,,
2358,Chain Kwo Superior Light Soya Sauce 1.9L,Pack size : 1.9L,KES989.00(Inc. VAT),Average Nutritional Value As Per 17ml,11kcal,46.02kJ,,1g,,,,730mg,Sauce,Liquid,Food,,,,,2169.0,,
2359,Chain Kwo Mushroom Dark Soya Sauce 623ml,Pack size : 623ml,KES390.00(Inc. VAT),Average Nutritional Value As Per 1 Table Spoon,25kcal,104.6kJ,1g,4g,,,,1280mg,Sauce,Liquid,Food,Mushroom,,,,2170.0,,
2360,Zesta Light Soy Sauce 250G,,KES99.00(Inc. VAT),,,,,,,,,,,,,,,,,2171.0,,
2361,Kikkoman Sushi & Sashimi Soy 250Ml,Pack size : 250ml,KES1349.00(Inc. VAT),Nutrion information per 100g,82 kcal,349 kJ,8.2 g,8.8 g,7.1 g,,,,,,,,,13.4 g,,2172.0,,
2362,Royale Garden Premium Light Soy Sauce 625ml,Pack size : 625ml,KES295.00(Inc. VAT),Average Nutritional Value As Per 15ml,25kcal,104.6kJ,1.2g,5g,1.2g,0g,,,Soy Sauce,Liquid,Food,,,,,2173.0,,
2363,Kikkoman Soy Sauce 500ml,Pack size : 90g,KES468.00(Inc. VAT),Average Nutritional Value As Per 15ml,15kcal,62.76kJ,1.5g,2.0g,1.9g,0g,0.1g,971mg,Soy Sauce,Paste,Food,,,,,2174.0,,
2364,Chain Kwo Mushroom Dark Soya Sauce 150ml,Pack size : 150ml,KES175.00(Inc. VAT),Average Nutritional Value As Per 1 Table Spoon,25kcal,104.6kJ,1g,4g,,,,1280mg,Sauce,Liquid,Food,Mushroom,,,,2175.0,,
2365,Kikkoman Sachet Soy Sauce 30ml,Pack size : 30ml,KES42.00(Inc. VAT),Average Nutritional Value As Per 100g,40kcal,167kJ,5g,6g,3g,,,,Soy Sauce,Solid,Food,,,6g,,2176.0,,
2366,Virginia Garden Dark Soy Sauce 500ml,Pack size : 500ml,KES290.00(Inc. VAT),Average Nutritional Value As Per 100g,36kcal,150.62kJ,7g,26g,22g,0g,0g,7800mg,Sauce,Liquid,Food,Soy,,,,2177.0,,
2367,Arpo Superior Light Soy Sauce 625Ml,Pack size : 625Ml,KES410.00(Inc. VAT),,,,,,,,,,,,,,,,,2178.0,,
2368,Santa Maria Superior Light Soya Sauce 620ml,Pack size : 620ml,KES295.00(Inc. VAT),Average Nutritional Value As Per 5ml,3kcal,12.5kJ,,,,,,,Sauce,Liquid,Food,,,,,2179.0,,
2369,Jade Bridge Superior Dark Soy Sauce 150ml,Pack size : 150ml,,Average Nutritional Value As Per 16ml,8.5kcal,35.56kJ,1.3g,0.8g,0.1g,0.1g,,879mg,Sauce,Paste,Food,Soy,,,,2180.0,,
2370,Chain Kwo Naturally Brewed Soya Sauce 150ml,Pack size : 150ml,KES250.00(Inc. VAT),Average Nutritional Value As Per 15ml,9kcal,37.6kJ,,,,,,719mg,Sauce,Liquid,Food,,,,,2181.0,,
2371,Jade Bridge Super Light Soya Sauce 625ml,Pack size : 625ml,KES325.00(Inc. VAT),Average Nutritional Value As Per 100ml,20kcal,83.6kJ,2g,2g,,,,6700mg,Sauce,Liquid,Food,,,13.6g,,2182.0,,
2372,Jade Bridge Super Light Soya Sauce 150ml,Pack size : 150ml,,Average Nutritional Value As Per 100ml,20kcal,83.6kJ,2g,2g,,,,6700mg,Sauce,Liquid,Food,,,13.6g,,2183.0,,
2373,Arpo Superiorlight Soysauce 150Ml,Pack size : 150ML,KES195.00(Inc. VAT),,,,,,,,,,,,,,,,,2184.0,,
2374,Royale Garden Superior Dark Soya Sauce 150ml,Pack size : 150ml,KES149.00(Inc. VAT),Average Nutritional Value As Per 100g,120kcal,502.08kJ,,25g,,,,,Sauce,Paste,Food,,,,,2185.0,,
2375,Chef King Superior Light Soya Sauce 150ml,Pack size : 150ml,KES150.00(Inc. VAT),Average Nutritional Value As Per 100ml,50kcal,209.2kJ,5g,6g,,,,6477mg,Sauce,Liquid,Food,,,,,2186.0,,
2376,Zesta Light Soy Sauce 700G,,KES249.00(Inc. VAT),,,,,,,,,,,,,,,,,2187.0,,
2377,Chain Kwo Superior Dark Soya Sauce 500ml,Pack size : 500ml,KES355.00(Inc. VAT),Average Nutritional Value As Per 15ml,17kcal,71.1kJ,,3g,,,,909mg,Sauce,Liquid,Food,,,,,2188.0,,
2378,ARYUVA PREMIUM DARK SOY SAUCE 150ML,Pack size : 150ml,KES150.00(Inc. VAT),Average Nutritional Value As Per 100ml,36kcal,150.62kJ,7g,26g,22g,0g,0g,7800mg,Soy Sauce,Liquid,Food,,,,,2189.0,,
2379,Santa Maria Superior Dark Soy Sauce 150ml,Pack size : 150ml,KES149.00(Inc. VAT),Average Nutritional Value As Per 100ml,43kcal,179kJ,7g,4g,3g,0g,0g,22mg,Soy Sauce,Liquid,Food,,,,,2190.0,,
2380,Kikkoman Naturally Brewed Soy Sauce 75ml,Pack size : 75ml,KES94.00(Inc. VAT),Average Nutritional Value As Per 15ml,15kcal,62.7kJ,1.5g,2g,1.9g,0g,0.1g,971mg,Soy Sauce,Liquid,,,,,,2191.0,,
2381,Kikkoman Tamari Gluten Free Soy Sauce 250Ml,Pack size : 250ml,KES1199.00(Inc. VAT),Average Nutritional Value Per 100g,57 kcal,240 kJ,10 g,2 g,0 g,0 g,,,,,,,,16.4 g,,2192.0,,
2382,Chain Kwo Superior Light Soya Sauce 150ml,Pack size : 150ml,KES165.00(Inc. VAT),Average Nutritional Value As Per 17ml,11kcal,46.02kJ,,1g,,,,730mg,Sauce,Liquid,Food,,,,,2193.0,,
2383,CHAIN KWO SWEET CHILI SAUCE 700G,Pack size : 700g,KES650.00(Inc. VAT),Average Nutritional Value As Per 100g,230kcal,962.32kJ,0g,56g,0g,0g,0g,0mg,Sauce,Paste,Food,Chili,,,,2194.0,,
2384,Aryuva Premium Light Soy Sauce 150ml,Pack size : 150ml,KES140.00(Inc. VAT),Average Nutritional Value As Per 100ml,54kcal,225.93kJ,1g,11g,9g,0g,0g,6026mg,Sauce,Paste,Food,,,,,2195.0,,
2385,Arpo Superior Dark Soysauce 150Ml,Pack size : 150Ml,KES215.00(Inc. VAT),,,,,,,,,,,,,,,,,2196.0,,
2386,Royale Garden Premium Light Soy Sauce 150ml,Pack size : 150ml,KES139.00(Inc. VAT),Average Nutritional Value As Per 15ml,25kcal,104.6kJ,1.2g,5g,1.2g,0g,,,Soy Sauce,Liquid,Food,,,,,2197.0,,
2387,Royale Whole Mushroom 625g,Pack size : 625g,KES380.00(Inc. VAT),Average Nutritional Value As Per 100g,19kcal,79kJ,2g,,,,2g,280mg,Whole Mushroom,Solid,Food,,,,,2198.0,,
2388,Royale G. Premium Dark Soya Sa625Ml,,KES340.00(Inc. VAT),,,,,,,,,,,,,,,,,2199.0,,
2389,Santa Maria S Light Soy Sauce1.9L,,KES875.00(Inc. VAT),,,,,,,,,,,,,,,,,2200.0,,
2390,CIRIO PESTO SAUCE PREMIUM 190G,Pack size : 190g,KES750.00(Inc. VAT),Average Nutritional Value As Per 100g,411kcal,1696kJ,4.1g,6.4g,1.9g,41g,,,Pasta Sauce,Paste,Food,,,1.2g,,2201.0,,
2391,Miyata Teriyaki Sauce 500ml,Pack size : 500ml,KES540.00(Inc. VAT),Average Nutritional Value As Per 100ml,128kcal,544kJ,2.5g,28g,27g,0.5g,,,Sauce,Liquid,Food,,,12.1g,,2202.0,,
2392,Chain Kwo Pure Sesame Oil 150ml,Pack size : 150ml,KES750.00(Inc. VAT),Average Nutritional Value As Per 100ml,816kcal,3414.14kJ,,0.4g,,90.5g,,,Sesame Oil,Liquid,Food,,,,,2203.0,,
2393,Chain Kwo Sweet And Sour Sauce 330g,Pack size : 330g,KES360.00(Inc. VAT),Average Nutritional Value As Per 100g,191kcal,799kJ,0.5g,45.6g,33g,0.3g,,,Sauce,Paste,Food,,,,,2204.0,,
2394,Sharwood Korma Sauce 420G,Pack size : 420g,KES829.00(Inc. VAT),Average Nutritional Value As Per 100g,96kcal,401kJ,1.1g,9.2g,6.0g,5.9g,0.9g,,Sauce,Paste,Food,,,0.67g,,2205.0,,
2395,Chain Kwo Oyster Sauce 270g,Pack size : 270g,KES255.00(Inc. VAT),Average Nutritional Value As Per 100g,150kcal,448kJ,2.5g,23.6g,19.1g,,,1800mg,Oyster Sauce,Paste,Food,,,4.3g,,2206.0,,
2396,Carrefour Tomato Olive Cooking Sauce 420g,Pack size : 420g,KES699.00(Inc. VAT),Average Nutritional Value As Per 100g,59kcal,249kJ,1.6g,7.4g,5.7g,2.1g,,,Cooking Sauce,Paste,Food,"Tomato, Olive",,1.1g,,2207.0,,
2397,Zesta Gravy Browning 700ml,Pack size : 700ml,KES98.00(Inc. VAT),Average Nutritional Value As Per 100ml,189kcal,799kJ,17.3g,30.4g,2.4g,0.4g,6.7g,0mg,Gravy Browning,Liquid,Food,,,1.4g,,2208.0,,
2398,Carrefour Mushroom Forest Tomato Cooking Sauce 420G,Pack size : 420g,KES699.00(Inc. VAT),Average Nutritional Value As Per 100g,71kcal,296kJ,2.1g,5.7g,4.5g,3.6g,3.8g,430mg,Cooking Sauce,Paste,Food,Mushroom,,1.1g,,2209.0,,
2399,Sharwood Tikka Masala Sauce 420G,Pack size : 420g,KES829.00(Inc. VAT),Average Nutritional Value As Per 100g,118kcal,492kJ,1.6g,9.1g,6g,8g,1.7g,,Sauce,Paste,Food,,,0.83g,,2210.0,,
2400,Suree Fish Sauce 690ml,Pack size : 690ml,KES750.00(Inc. VAT),Average Nutritional Value As Per 100g,41kcal,175kJ,6.6g,3.7g,,,,,Sauce,Paste,Food,,,,,2211.0,,
2401,Suree Hoisin Sauce 260g,Pack size : 260g,KES540.00(Inc. VAT),Average Nutritional Value As Per 100g,276kcal,1169kJ,3.1g,59.2g,49.7g,2.6g,1.7g,7mg,Sauce,Paste,Food,,,,,2212.0,,
2402,Suree Sweet Soy Sauce 295ml,Pack size : 295ml,KES450.00(Inc. VAT),Average Nutritional Value As Per 100ml,287kcal,1220kJ,0.5f,70g,69g,0.5g,0.5g,2.6g,Soy Sauce,Paste,Food,,,6.4g,,2213.0,,
2403,Carrefour Basil Tomato Cooking Sauce 420g,Pack size : 420g,KES699.00(Inc. VAT),Average Nutritional Value As Per 100g,54kcal,228kJ,0.9g,8.6g,5.5g,1.5g,1.4g,,Cooking Sauce,Paste,Food,"Tomato, Basil",,0.88g,,2214.0,,
2404,Carrefour Arabiata Pasta Sauce 420g,Pack size : 420g,KES699.00(Inc. VAT),Average Nutritional Value As Per 100g,46kcal,192kJ,1.2g,7g,5g,1g,1.3g,,Sauce,Paste,Food,,,0.90g,,2215.0,,
2405,Royal Umbrella Oyster Sauce 300ml,Pack size : 300ml,KES489.00(Inc. VAT),,27.2g,,122kcal,Average Nutritional Value As Per 100g,,,,,Food,,,512kJ,Paste,,,2216.0,,
2406,Le Phare Du Cap Bon Harissa Red Chilli Hot Sauce Tunisie 70g,Pack size : 70g,KES990.00(Inc. VAT),Average Nutritional Value As Per 100g,69kcal,290kJ,9g,8.3g,4.5g,2.25g,,,Hot Sauce Tunisie,Paste,Food,,,,,2217.0,,
2407,Sharwood Sweet Chilli & Red Pepper 425G,,KES829.00(Inc. VAT),,,,,,,,,,,,,,,,,2218.0,,
2408,Sharwood Jalfrezi Sauce 420G,,KES829.00(Inc. VAT),,,,,,,,,,,,,,,,,2219.0,,
2409,Sharwood Rogan Josh Jar 420G,,KES829.00(Inc. VAT),,,,,,,,,,,,,,,,,2220.0,,
2410,Kaputei Basil Pesto Pasta Sauce 180g,Pack size : 180g,KES399.00(Inc. VAT),,,,,,,,,,,,,,,,,2221.0,,
2411,Kaputei Rocket Pesto 190g,Pack size : 190g,KES399.00(Inc. VAT),,,,,,,,,,,,,,,,,2222.0,,
2412,Kaputei Coriander Pesto 190g,Pack size : 190g,KES399.00(Inc. VAT),,,,,,,,,,,,,,,,,2223.0,,
2413,PIETRO RED PESTO SAUCE 190G,,KES800.00(Inc. VAT),,,,,,,,,,,,,,,,,2224.0,,
2414,SACLA WILD ROCKET PESTO 190G,,KES595.00(Inc. VAT),,,,,,,,,,,,,,,,,2225.0,,
2415,Patak'S Bhuna Sauce 450G,Pack size : 450g,KES1059.00(Inc. VAT),,,,,,,,,,,,,,,,,2226.0,,
2416,SACLA CLASSIC BASIL PESTO 190G,,KES595.00(Inc. VAT),,,,,,,,,,,,,,,,,2227.0,,
2417,Sacla Italia Sun-Dried Tomato Pesto 190g,Pack size : 190g,KES595.00(Inc. VAT),,,,,,,,,,,,,,,,,2228.0,,
2418,Pietro Coricelli Pesto Sauce 190g,Pack size : 190g,KES800.00(Inc. VAT),,,,,,,,,,,,,,,,,2229.0,,
2419,De Cecco Alla Genovese Pesto 200g,Pack size : 200g,KES890.00(Inc. VAT),,,,,,,,,,,,,,,,,2230.0,,
2420,Patak'S Brinjal Pickle 312G,Pack size : 312g,KES1059.00(Inc. VAT),,,,,,,,,,,,,,,,,2231.0,,
2421,Kaputei Pizza Sauce 330G,Pack size : 330g,KES389.00(Inc. VAT),Average Nutritional Value As Per 0.25 Cup,35kcal,146.4kJ,1g,6g,4g,1g,1g,,Sauce,Paste,Food,,,,,2232.0,,
2422,Ntamu Traditional Pizza Sauce 380g,Pack size : 380g,KES385.00(Inc. VAT),Average Nutritional Value As Per 100g,35kcal,146.44kJ,1g,6g,4g,1g,1g,0mg,Sauce,Paste,Food,,,,,2233.0,,
2423,Kaputei Hot Pizza Sauce 330G,Pack size : 330g,KES389.00(Inc. VAT),Average Nutritional Value As Per 63g,25kcal,104.6kJ,1g,4g,2g,1g,1g,250mg,Sauce,Paste,Food,,,,,2234.0,,
2424,Ragu Homemade Style Pizza Sauce 396g,Pack size : 396g,KES599.00(Inc. VAT),Average Nutritional Value As Per 100g,30kcal,125.52kJ,1g,5g,3g,1g,1g,250mg,Pizza Sauce,Paste,Food,Tomato And Spices,,0g,,2235.0,,
2425,Cirio Pizza Sauce 400G,Pack size : 400g,KES425.00(Inc. VAT),Average Nutritional Value As Per 100g,57kcal,237kJ,1.6g,6.3g,6.3g,2.3g,2.5g,360mg,Sauce,Paste,Food,,,0.90g,,2236.0,,
2426,Safir Pizza Sauce 400G,Pack size : 400G,KES260.00(Inc. VAT),,,,,,,,,,,,,,,,,2237.0,,
2427,Stokes Real Brown Sauce 320G,Pack size : 320g,KES1229.00(Inc. VAT),Nutrition Average Values per 100g,194 Kcal,825 Kj,1.4g,46g,38g,,,,,,,,,0.8g,,2238.0,,
2428,Stokes Real Brown Sauce Squeezy 505G,Pack size : 505g,KES1299.00(Inc. VAT),Nutrition Average Values per 100g,195 Kcal,826 Kj,1.4g,46g,38g,,,,,,,,,0.8g,,2239.0,,
2429,Golden Fry Vegetable Cooking Oil 5L,Pack size : 5L,,Average Nutritional Value As Per 100ml,47kcal,196.648kj,,,,100g,,,,,,,,,,2240.0,,
2430,Rina Vegetable Cooking Oil 5L,Pack size : 5L,KES1789.00(Inc. VAT),Average Nutritional Value As Per 100ml,120kcal,502.08kJ,,,,14g,,,Cooking Oil,Liquid,Food,,,,,2241.0,,
2431,Rina Vegetable Cooking Oil 3L,Pack size : 3L,,Average Nutritional Value As Per 100ml,120kcal,502.08kJ,,,,14g,,,Cooking Oil,Liquid,Food,,,,,2242.0,,
2432,Fresh Fri Vegetable Oil 5L,Pack size : 5L,KES1536.00(Inc. VAT),,,,884kcal,Average Nutritional Value As Per 100g,,,,,Food,,,3698.66kJ,Liquid,,,2243.0,,
2433,Fresh Fri Vegetable Cooking Oil 3L,Pack size : 3L,KES1007.00(Inc. VAT),,,,884kcal,Average Nutritional Value As Per 100g,,,,,Food,,,3698.66kJ,Liquid,,,2244.0,,
2434,Rina Vegetable Cooking Oil 2L,Pack size : 2L,,Average Nutritional Value As Per 100ml,120kcal,502.08kJ,,,,14g,,,Cooking Oil,Liquid,Food,,,,,2245.0,,
2435,Avena Vegetable Oil 3L,Pack size : 3L,KES973.00(Inc. VAT),Average Nutritional Value As Per 100ml,878kcal,3673.552kJ,,1.72g,,97.54g,,,Vegetable Oil,Liquid,Food,,,,,2246.0,,
2436,Fresh Fri Vegetable Cooking Oil 2L,Pack size : 2L,KES679.00(Inc. VAT),,,,884kcal,Average Nutritional Value As Per 100g,,,,,Food,,,3698.66kJ,Liquid,,,2247.0,,
2437,Avena Vegetable Oil 5L,Pack size : 5L,KES1545.00(Inc. VAT),Average Nutritional Value As Per 100ml,878kcal,3673.552kJ,,1.72g,,97.54g,,,Vegetable Oil,Liquid,Food,,,,,2248.0,,
2438,Pika Pure Vegetable Oil 20L,Pack size : 20L,KES5339.00(Inc. VAT),Average Nutritional Value As Per 100ml,120kcal,502.08kJ,0g,0g,0g,14g,0g,0mg,Vegetable Oil,Liquid,Food,,,,,2249.0,,
2439,Fresh Fri Vegetable Cooking Oil 1L,Pack size : 1L,KES349.00(Inc. VAT),,,,884kcal,Average Nutritional Value As Per 100g,,,,,Food,,,3698.66kJ,Liquid,,,2250.0,,
2440,Golden Fry Vegetable Cooking Oil 3L,Pack size : 3L,KES997.00(Inc. VAT),Average Nutritional Value As Per 100ml,47kcal,196.648kj,,,,100g,,,,,,,,,,2251.0,,
2441,Ufuta Pure Vegetable Cooking Oil 2L,Pack size : 2L,KES660.00(Inc. VAT),Average Nutritional Value As Per 100ml,120kcal,502.08kJ,,,,14g,,,Cooking Oil,Liquid,Food,,,,,2252.0,,
2442,Rina Vegetable Oil 10L,Pack size : 10L,,Average Nutritional Value As Per 100ml,120kcal,502.08kJ,,,,14g,,,Cooking Oil,Liquid,Food,,,,,2253.0,,
2443,Golden Fry Vegetable Cooking Oil 2L,Pack size : 2L,KES689.00(Inc. VAT),Average Nutritional Value As Per 100ml,47kcal,196.648kj,,,,100g,,,,,,,,,,2254.0,,
2444,Carrefour M Vegetable Oil 3L,Pack size : 3L,KES989.00(Inc. VAT),100g,884Kcal,,0g,0g,,97g,,15.5g,,Liquid,Vegetable cooking oil,,,,,2255.0,,
2445,Golden Fry Vegetable Cooking Oil 500ml,Pack size : 500ml,KES199.00(Inc. VAT),Average Nutritional Value As Per 100ml,47kcal,196.648kj,,,,100g,,,,,,,,,,2256.0,,
2446,Pika Vegetable Oil 2L,Pack size : 2L,KES674.00(Inc. VAT),Average Nutritional Value As Per 100ml,120kcal,502.08kJ,,,,14g,,,Vegetable Oil,Liquid,Food,,,,,2257.0,,
2447,Master Chef Premium Vegetable Cooking Oil 3L,,KES1102.00(Inc. VAT),,,,,,,,,,,,,,,,,2258.0,,
2448,Goldn Pure Soya Gold Soybean Oil 3L,Pack size : 3L,KES1019.00(Inc. VAT),Average Nutritional Value As Per 100ml,900kcal,3765.6kJ,,,,100g,,,Soybean Oil,Liquid,Food,,,,,2259.0,,
2449,Bahari Fry Vegetable Oil 2L,Pack size : 2L,KES666.00(Inc. VAT),Average Nutritional Value As Per 100ml,884kcal,3569kJ,,,,100g,,,Vegetable Oil,Liquid,Food,,,,,2260.0,,
2450,Dola Vegetable Cooking Oil 1L,Pack size : 1L,KES383.00(Inc. VAT),Average Nutritional Value As Per Serving,123kcal,514kJ,,,14g,,,,Cooking Oil,Liquid,Food,,,,,2261.0,,
2451,Bahari Fry Vegetable Oil 500ml,Pack size : 500ml,KES189.00(Inc. VAT),Average Nutritional Value As Per 100ml,884kcal,3569kJ,,,,100g,,,Vegetable Oil,Liquid,Food,,,,,2262.0,,
2452,Tilly Cooking Fat 250G,Pack size : 250g,,Average Nutritional Value As Per 100g,884kcal,3698.656kJ,,,,14g,,,Cooking Fat,Paste,,,,,,2263.0,,
2453,Terra Delyssa Extra Virgin Olive Oil 1L,Pack size : 1L,KES2590.00(Inc. VAT),Average Nutritional Value As Per 100ml,821kcal,3374kJ,0g,0g,0g,91.2g,0g,,Extra Virgin Olive Oil,Liquid,Food,,,,,2264.0,,
2454,Santa Maria Extra Virgin Olive Oil 1L,Pack size : 1L,KES2788.00(Inc. VAT),Average Nutritional Value As Per 100g,900kcal,3765.6kJ,,,,100g,,,Olive Oil,Liquid,Food,,,0g,,2265.0,,
2455,ALLEGRO EXTRA VIRGIN OLIVE OIL 1L,,KES2490.00(Inc. VAT),,,,,,,,,,,,,,,,,2266.0,,
2456,Borges Extra Virgin Olive Oil 750ml,Pack size : 750ml,KES2575.00(Inc. VAT),Average Nutritional Value As Per 100g,900kcal,3765.6kJ,,,,100g,,,Olive Oil,Liquid,Food,,,,,2267.0,,
2457,Allegro Extra Virgin Olive Oil 500ml,Pack size : 500ml,KES1350.00(Inc. VAT),Average Nutritional Value As Per 100g,900kcal,3765.6kJ,,,,100g,,,Olive Oil,Liquid,Food,,,,,2268.0,,
2458,Borges Extra Virgin Olive Oil 250ml,Pack size : 250ml,KES990.00(Inc. VAT),Average Nutritional Value As Per 100g,900kcal,3765.6kJ,,,,100g,,,Olive Oil,Liquid,Food,,,,,2269.0,,
2459,Pietro Coricelli Extra Virgin Olive Oil 1L,Pack size : 1L,KES3590.00(Inc. VAT),Average Nutritional Value As Per 100g,822kcal,3378kJ,,,,91.3g,,,Olive Oil,Liquid,Food,,,,,2270.0,,
2460,Olivia Extra Virgin Olive Oil 750ml,Pack size : 750ml,,Average Nutritional Value As Per 100g,900kcal,3765.6kJ,,,,100g,,,Olive Oil,Liquid,Food,,,,,2271.0,,
2461,Terra Delyssa Organic Extra Virgin Olive Oil 500ml,Pack size : 500ml,KES1490.00(Inc. VAT),Average Nutritional Value As Per 100g,824kcal,3698.66kJ,0g,0g,0g,100g,0g,2mg,Olive oil,Liquid,Food,,,,,2272.0,,
2462,Pietro Coricelli Extra Virgin Olive Oil 750ml,Pack size : 750ml,KES2790.00(Inc. VAT),Average Nutritional Value As Per 100g,822kcal,3378kJ,,,,91.3g,,,Olive Oil,Liquid,Food,,,,,2273.0,,
2463,Nuttishland Extra Virgin Macadamia Oil 750ml,Pack size : 750ml,KES1200.00(Inc. VAT),Average Nutritional Value As Per 100g,803kcal,3360kJ,,,,91g,,,Macadamia Oil,Liquid,Food,,,,,2274.0,,
2464,Bulla Regia Extra Virgin Olive Oil 500ml,Pack size : 500ml,KES1675.00(Inc. VAT),Average Nutritional Value As Per 100g,900kcal,3700kJ,,,,100g,,,Oil,Liquid,Food,,,,,2275.0,,
2465,Nuttishland Extra Virgin Macadamia Oil 500ml,Pack size : 500ml,KES840.00(Inc. VAT),Average Nutritional Value As Per 100g,803kcal,3360kJ,,,,91g,,,Macadamia Oil,Liquid,Food,,,,,2276.0,,
2466,Elmerro Spain Extra Virgin Olive Oil 500Ml,,KES1599.00(Inc. VAT),,,,,,,,,,,,,,,,,2277.0,,
2467,Olivia Extra Virgin Olive Oil 500ml,Pack size : 500ml,,Average Nutritional Value As Per 100g,900kcal,3765.6kJ,,,,100g,,,Olive Oil,Liquid,Food,,,,,2278.0,,
2468,Al Jazira Extra Virgin Olive Oil 100ml,Pack size : 100ml,KES425.00(Inc. VAT),Average Nutritional value As Per 100g,900kcal,3700kJ,,,,100g,,,Olive Oil,Liquid,Food,Olive,,,,2279.0,,
2469,Pietro Coricelli Extra Virgin Olive Oil 250ml,Pack size : 250ml,KES1390.00(Inc. VAT),Average Nutritional Value As Per 100g,822kcal,3378kJ,,,,91.3g,,,Olive Oil,Liquid,Food,,,,,2280.0,,
2470,Nuttishland Extra Virgin Macadamia Oil 250ml,Pack size : 250ml,KES510.00(Inc. VAT),Average Nutritional Value As Per 100g,803kcal,3360kJ,,,,91g,,,Macadamia Oil,Liquid,Food,,,,,2281.0,,
2471,Elmerro Spain Virgin Olive Oil 500Ml,,KES1449.00(Inc. VAT),,,,,,,,,,,,,,,,,2282.0,,
2472,Raffel Salgado E.V Olive Oil 40Ml,Pack size : 40ml,,Average Nutritional Value As Per 100ml,900kcal,3700kJ,0g,0g,,100g,,0mg,Olive Oil,Liquid,Food,,,,,2283.0,,
2473,BULLA REGIA OLIVE OIL 1L,Pack size : 1L,KES2975.00(Inc. VAT),Average Nutritional Value As Per 15ml,120kcal,502kJ,,,,14g,,,Oil,Liquid,Food,,,,,2284.0,,
2474,ALLEGRO EXTRA VIRGIN OLIVE OIL250ML,Pack size : 250ml,KES750.00(Inc. VAT),Average Nutritional Value As Per 100ml,900kcal,3765.6KJ,,,,,,,Olive Oil,Liquid,Food,,,,,2285.0,,
2475,Rafael Salgado Extra Virgin Olive Oil 90ml,Pack size : 90ml,,Average Nutritional value As Per 100g,900kcal,3700kJ,,,,100g,,,Olive Oil,Liquid,Food,Olive,,,,2286.0,,
2476,Eva Olive Oil Pomace Spanish,,KES800.00/500g(Inc. VAT),,,,,,,,,,,,,,,,,2287.0,,
2477,Santa Maria Extra Virgin Olive Oil 250ml,Pack size : 250ml,KES925.00(Inc. VAT),Average Nutritional Value As Per 100g,900kcal,3765.6kJ,,,,100g,,,Olive Oil,Liquid,Food,,,,,2288.0,,
2478,Santa Maria Evirgin Olive Oil 100ml,Pack size : 100ml,KES440.00(Inc. VAT),Average Nutritional value As Per 100g,900kcal,3700kJ,,,,100g,,,Olive Oil,Liquid,Food,Olive,,,,2289.0,,
2479,Eva Olive Oil Virgin Turkish,,KES1150.00/500g(Inc. VAT),,,,,,,,,,,,,,,,,2290.0,,
2480,Elmerro Spain Virgin Olve Oil 750Ml,,KES1999.00(Inc. VAT),,,,,,,,,,,,,,,,,2291.0,,
2481,Rafael Salgado Extra Virgin Olive Oil 1L,Pack size : 1L,KES4390.00(Inc. VAT),Average Nutritional value As Per 100g,900kcal,3700kJ,,,,100g,,,Olive Oil,Liquid,Food,Olive,,,,2292.0,,
2482,Terra Delyssa Extra Virgin Olive Oil 500ml,Pack size : 500ml,KES1390.00(Inc. VAT),Average Nutritional Value As Per 100ml,821kcal,3435kJ,0g,0g,0g,91g,0g,,Extra Virgin Olive Oil,Liquid,Food,,,,,2293.0,,
2483,Pietro Coricelli Extra Virgin Olive Oil,,KES10500.00(Inc. VAT),Average Nutritional Value As Per 100g,822kcal,3378kJ,,,,91.3g,,,Olive Oil,Liquid,Food,,,,,2294.0,,
2484,Terra Delyssa Extra Virgin Olive Oil 750ml,Pack size : 750ml,KES1890.00(Inc. VAT),Average Nutritional Value As Per 100ml,821kcal,3449kJ,0g,0g,0g,91,0g,,Extra Virgin Olive Oil,Liquid,Food,,,,,2295.0,,
2485,Terra Delyssa Extra Virgin Olive Oil 250ml,Pack size : 250ml,KES790.00(Inc. VAT),Average Nutritional Value As Per 100ml,824kcal,3448kJ,0g,0g,0g,100g,0g,,Extra Virgin Olive Oil,Liquid,Food,,,,,2296.0,,
2486,Pietro Coricelli Extra Virgin Olive Oil 500ml,Pack size : 500ml,KES1890.00(Inc. VAT),Average Nutritional Value As Per 100g,822kcal,3378kJ,,,,91.3g,,,Olive Oil,Liquid,Food,,,,,2297.0,,
2487,Brookside Superfine Ghee 1kg,Pack size : 1Kg,KES983.00(Inc. VAT),Average Nutritional Value As Per 14g,899 kCal,543.92kJ,,,,99.8 g,,,Ghee,Puree,Food,,,,,2298.0,,
2488,Tuzo Everfresh Pure Ghee 1kg,Pack size : 1Kg,KES983.00(Inc. VAT),Average Nutritional Value As Per 100g,899kcal,3761.42kJ,0.04g,0.01g,,99.92g,,,Ghee,Puree,Food,,,,,2299.0,,
2489,Bidco Kimbo Cooking Vegetable Fat 2kg,Pack size : 2kg,KES738.00(Inc. VAT),,,,,,,,,,,,,,,,,2300.0,,
2490,Bidco Chipsy Pure Yellow Vegetable Cooking Fat 500g,Pack size : 500g,KES192.00(Inc. VAT),Average Nutritional Value As Per 100g,124kcal,518.816kJ,,,,14g,,,Cooking Fat,Liquid,Food,,,,,2301.0,,
2491,Tilly Pure White Cooking Fat 2Kg,Pack size : 2kg,,Average Nutritional Value As Per 100g,884kcal,3698.656kJ,,,,14g,,,Cooking Fat,Paste,Food,,,,,2302.0,,
2492,Bidco Chipsy Pure Yellow Vegetable Cooking Fat 4kg,Pack size : 4kg,KES1541.00(Inc. VAT),Average Nutritional Value As Per 100g,124kcal,518.816kJ,,,,14g,,,Cooking Fat,Liquid,Food,,,,,2303.0,,
2493,Tilly Cooking Fat 4Kg,Pack size : 4kg,,,,,,,,,,,Cooking Fat,Solid,Food,,,,,2304.0,,
2494,Kasuku Pure White Cooking Fat 2Kg,Pack size : 2kg,,,,,,,,,,,,,,,,,,2305.0,,
2495,Kasuku Fortified Edible Vegetable Cooking Fat 250G,Pack size : 250g,,Average Nutritional Value As Per 100g,112kcal,468.608kJ,,,,12.7g,,,Cooking Fat,Paste,Food,,,,,2306.0,,
2496,Kentaste Coconut Oil 1L,Pack size : 1L,KES1439.00(Inc. VAT),Average Nutritional values As Per Serving,120kcal,502.08kj,0g,0g,0g,14g,0g,0mg,,,,,,,,2307.0,,
2497,Kentaste Coconut Oil 700ml,Pack size : 700ml,KES1070.00(Inc. VAT),Average Nutritional values As Per Serving,120kcal,502.08kj,0g,0g,0g,14g,0g,0mg,,,,,,,,2308.0,,
2498,Nuttishland Macadamia Vegetable Oil 2L,,KES1050.00(Inc. VAT),Approximate composition per 100g,900Kcal,,0g,0g,0g,100g,0g,0mg,,,,,,,100% Cholesterol Free,2309.0,,
2499,Pure Nature Sesame Oil 1L,Pack size : 1L,KES1890.00(Inc. VAT),,,,,,,,,,Sesame Oil,Liquid,Food,,,,,2310.0,,
2500,Kentaste Coconut Oil 400ml,Pack size : 400ml,KES704.00(Inc. VAT),Average Nutritional values As Per Serving,120kcal,502.08kj,0g,0g,0g,14g,0g,0mg,,,,,,,,2311.0,,
2501,Pure Nature Dark Roasted Sesame Oil 250ml,Pack size : 250ml,KES790.00(Inc. VAT),,,,,,,,,,Sesame Oil,Liquid,Food,,,,,2312.0,,
2502,Chef King Blended Sesame Oil 150ml,Pack size : 150ml,KES495.00(Inc. VAT),Average Nutritional Value As Per 100g,810kcal,3389.04kJ,0g,0g,0g,91g,0g,0mg,Oil,Liquid,Food,,,,,2313.0,,
2503,Pure Mountain Canola Oil Chilli 1L,Pack size : 1L,KES390.00(Inc. VAT),Average Nutritional Value As Per 100ml,900kcal,3765.6kJ,0g,0g,0g,91g,0g,0mg,Canola Oil,Liquid,Food,,,,,2314.0,,
2504,Soya Gold Soybean Oil 1L,Pack size : 1L,KES347.00(Inc. VAT),Average Nutritional Values As Per 100ml,900kcal,900kcal,,,,60g,,,Soybean Oil,Liquid,Food,,,,,2315.0,,
2505,Pure Mountain Canola Oil Herb 1L,Pack size : 1L,KES390.00(Inc. VAT),Average Nutritional Value As Per 100ml,900kcal,3765.6kJ,0.1g,0.1g,,91.20g,,,Canola Oil,Liquid,Food,,,,,2316.0,,
2506,Arpo Blended Sesame Oil 150Ml,Pack size : 150Ml,KES705.00(Inc. VAT),,,,,,,,,,,,,,,,,2317.0,,
2507,Pure Nature Mild Roasted Sesame Oil 250ml,Pack size : 250ml,KES790.00(Inc. VAT),,,,,,,,,,Sesame Oil,Liquid,Food,,,,,2318.0,,
2508,Rinsun Sunflower Oil 5L,Pack size : 5L,,Average Nutritional Value As Per 100g,899kcal,3761.42kJ,,,,99.9g,,,Sunflower Oil,Liquid,Food,,,,,2319.0,,
2509,Flora Frying Solution Cooking Oil 3L,Pack size : 3L,,Average Nutritional Value As Per 15ml,123kcal,514.63kJ,,,,13g,,,,,,,,,,2320.0,,
2510,Natural Health Cold Pressed Extra Virgin Pure Sunflower Oil 1L,Pack size : 1L,KES765.00(Inc. VAT),,,,,,,,,,Sunflower Oil,Liquid,Food,,,,,2321.0,,
2511,Rinsun 100 Sunflower Oil 20L,Pack size : 20L,,Average Nutritional Value As Per 100g,899kcal,3761.42kJ,,,,99.9g,,,Sunflower Oil,Liquid,Food,,,,,2322.0,,
2512,Avena Vegetable Oil 10L,Pack size : 10L,KES2780.00(Inc. VAT),Average Nutritional Value As Per 100ml,900kcal,3765.6kJ,,,,100g,,,Vegetable Oil,Liquid,Food,,,,,2323.0,,
2513,Flora Sunflower Cooking Oil 1L,Pack size : 1l,KES385.00(Inc. VAT),,,,,,,,,,,,,,,,"Vitamin E, Omega-6, Low in saturated fats.",2324.0,,
2514,Sun Days Refined Sunflower Oil 1L,,KES609.00(Inc. VAT),Nutrition information per 100g,,3696Kj,,,,99.99g,,,Food,Liquid,Sunflower Cooking Oil,,,,Fortified With Vitamin A,2325.0,,
2515,Naturals Cold Pressed Extra Virgin Sunflower Oil 500ml,Pack size : 500ml,KES399.00(Inc. VAT),Average Nutritional Value As Per 100g,900kcal,3762kJ,,,,100g,,,Sunflower Oil,Liquid,Food,,,,,2326.0,,
2516,Captain Cook Pure Corn Oil 5L,Pack size : 5L,,Average Nutritional Value As Per 100ml,122kcal,510kJ,,13g,,13g,,,Pure Corn Oil,Liquid,Food,Corn,,,,2327.0,,
2517,Elianto Corn Oil 10L,Pack size : 10L,KES5065.00(Inc. VAT),Average Nutritional Value As Per 100ml,884kcal,3569kJ,,,,100g,,,Corn Oil,Liquid,Food,,,,,2328.0,,
2518,Kentaste Coconut Oil 200ml,Pack size : 200ml,KES419.00(Inc. VAT),Average Nutritional values As Per Serving,120kcal,502.08kj,0g,0g,0g,14g,0g,0mg,,,,,,,,2329.0,,
2519,Kentaste Virgin Coconut Oil 500ml,Pack size : 500ml,KES720.00(Inc. VAT),Average Nutritional Value As Per 15ml,80kcal,334.72kJ,1g,1g,,14g,,,Coconut Oil,Liquid,Food,Coconut,,,,2330.0,,
2520,Sues Organic Raw Virgin Coconut Oil 400g,Pack size : 400g,KES1000.00(Inc. VAT),Average Nutritional Value As Per 100ml,130kcal,543.92kJ,1g,15g,,1g,,,Coconut Oil,Liquid,Food,,,,,2331.0,,
2521,Naturalli Coconut Oil 650Ml,Pack size : 650ml,KES1999.00(Inc. VAT),Average Nutritional Value As Per 14g,120kcal,502.08kJ,0g,0g,0g,14g,0g,,Coconut Oil,Liquid,Food,,,,,2332.0,,
2522,Parachute Coconut Oil 200ml,Pack size : 200ml,KES315.00(Inc. VAT),Average Nutritional Value As Per 100ml,900kcal,3765.6kJ,,,,100g,,,Coconut Oil,Liquid,Food,,,,,2333.0,,
2523,Pure Mountain Pure Canola Oil 5L,Pack size : 5L,KES1687.00(Inc. VAT),Average Nutritional Value As Per 100g,900kcal,3765.6kJ,0g,0g,,100g,,,Canola Oil,Liquid,Food,,,,,2334.0,,
2524,PM Mega Fry Canola Oil 2L,Pack size : 2L,KES678.00(Inc. VAT),,,,,,,,,,,,,,,,,2335.0,,
2525,Tuzo Ghee 1Kg,Pack size : 1kg,KES953.00(Inc. VAT),Average Nutritional Value As Per 100g,897kcal,3753.05kJ,0g,0g,0g,0g,,,Ghee,Liquid,Food,,,,,2336.0,,
2526,K.C.C Super Fine Ghee 1kg,Pack size : 1kg,KES1080.00(Inc. VAT),Average Nutritional Value As Per 100ml,130kcal,543.92kJ,0.1g,,,15g,,,Ghee,Puree,Food,,,,,2337.0,,
2527,Pika Pure Yellow Vegetable Cooking Fat 1Kg,Pack size : 1Kg,KES370.00(Inc. VAT),Average Nutritional Value As Per 100g,120kcal,502.08kJ,,,,14g,,,Cooking Fat,Cream,Food,,,,,2338.0,,
2528,Miyata Panko Bread Crumbs 200G,Pack size : 200g,KES290.00(Inc. VAT),Average Nutritional Value As Per 100g,348.5kcal,1458.124kJ,7.8g,37.9g,7g,18.8g,0g,536.8mg,Bread Crumbs,Solid,Food,,,0.97g,,2339.0,,
2529,Miyata Sushi Expert Panko Breadcrumbs 1Kg,Pack size : 1Kg,KES1000.00(Inc. VAT),Average Nutritional Value As Per 100g,360kcal,1528kJ,13g,73g,5.6g,1.4g,2.1g,,Breadcrumbs,Powder,Food,,,0.69g,,2340.0,,
2530,Japanese Maoxin Gold Stamped White Ginger Sour Sweet Sushi 1.5kg,Pack size : 1.5kg,KES565.00(Inc. VAT),Average Nutritional Value As Per 100g,174.5kcal,730.10kJ,3.9g,19g,3.5g,9.5g,1.6g,268.5mg,Sushi,Solid,Food,,,,,2341.0,,
2531,Qia Qia Original Salted Sunflower Seeds 285g,Pack size : 285g,KES545.00(Inc. VAT),Average Nutritional Value As Per 100g,611.13kcal,2557kJ,,15.8g,,51.8,,,Sunflower Seeds,Solid,Food,,,,,2342.0,,
2532,LAOGANMA CHILI PASTE 280G,Pack size : 280g,KES425.00(Inc. VAT),Average Nutritional Value As Per 100g,544kcal,"2,276kJ",9.2g,19.9g,1.2g,45.6g,0g,0mg,Black Beans In Chilli Oil,Liquid,Food,,,2.9g,,2343.0,,
2533,GREENLIFE SANDWICH SEA SEDGE 20G,Pack size : 20g,KES247.00(Inc. VAT),Average Nutritional Value As Per Serving,70kcal,292.88kJ,4g,3g,,5g,,,Sandwich,Solid,Food,Almond Seaweed,,,,2344.0,,
2534,Haday Dark Soya Sauce 500ml,Pack size : 500ml,KES372.00(Inc. VAT),Average Nutritional Value As Per 100g,126kcal,527.18kJ,7g,21g,8g,,,1640mg,Dark Soy Sauce,Liquid,Food,,,,,2345.0,,
2535,Tan Tan Xiang Hunan Chilli Pickle 425g,Pack size : 425g,KES434.00(Inc. VAT),Average Nutritional Value As Per 100g,5.3kcal,22.1752kJ,1.3g,,0g,8g,0g,5000mg,Pickle,Solid,Food,Chilli,,7.4g,,2346.0,,
2536,Heng Shun Brown Rice Vinegar 500ml,Pack size : 500ml,KES314.00(Inc. VAT),Average Nutritional Value As Per 100ml,36kcal,150.62kJ,,9g,9g,,,24mg,Brown Rice Vinegar,Liquid,Food,,,,,2347.0,,
2537,Qia Qia Roasted Sunflower Seeds 150g,Pack size : 150g,KES312.00(Inc. VAT),Average Nutritional Value As Per 100g,622kCal,2603kJ,27.4g,15.8g,2.1g,51.8g,,,Sunflower Seeds,Solid,Food,,,0.2g,,2348.0,,
2538,Laoganma Chicken Chilli Oil With Tofu Pickle 280g,Pack size : 280g,KES532.00(Inc. VAT),Average Nutritional Value As Per 100g,552kcal,2308kJ,6.2g,44g,3.4g,59.3g,,,Pickle,Solid,Food,,,3.7g,,2349.0,,
2539,Lee Kum Kee Kum Chun Soy Sauce 500ml,Pack size : 500ml,KES278.00(Inc. VAT),Average Nutritional Value As Per Serving Size,5kcal,22kJ,1g,0g,0g,0g,0g,1210mg,,,,,,,,2350.0,,
2540,Master Kang Hot Beef Noodle 107g,Pack size : 107g,KES213.00(Inc. VAT),Average Nutritional Value As Per 1 Packet,391kcal,1635.94kJ,7g,55g,,15g,,718mg,Noodle,Solid,Food,Hot Beef,,,,2351.0,,
2541,Beauideal Shanghai White Vinegar 500ml,Pack size : 500ml,KES219.00(Inc. VAT),Average Nutritional Value As Per 100g,0kcal,0kJ,,,,,,,White Vinegar,Liquid,Food,,,0g,,2352.0,,
2542,Wang Shou Yi Thirteen Mixed Spice 45g,Pack size : 45g,KES164.00(Inc. VAT),Average Nutritional Value As Per 100g,397kcal,1661kJ,9g,70.8g,14.9g,8.4g,,,Mixed Spice,Powder,Food,,,,,2353.0,,
2543,FENG QUI MAI FISH SAUCE 340ML,Pack size : 340ml,KES210.00(Inc. VAT),,,,,,,,,,Fish Sauce,Liquid,Food,,,,,2354.0,,
2544,Wang Wang Sweet Rice Biscuit 84g,Pack size : 84g,KES259.00(Inc. VAT),Average Nutritional Value As Per 100g,36kcal,150.62kJ,,5g,,1g,,27mg,Sweet Rice Biscuit,Solid,Food,,,,,2355.0,,
2545,Qia Qia Caramel Sunflower Seeds 108g,Pack size : 108g,KES312.00(Inc. VAT),Average Nutritional Value As Per 108g,127kcal,531.368kJ,1g,20g,,4g,,,Sunflower Seeds,Solid,Food,Caramel,,,,2356.0,,
2546,Sanwu Hotpot Soup Base 150g,Pack size : 150g,KES214.00(Inc. VAT),Average Nutritional Value As Per 100g,744kcal,3113kJ,4.5g,1.5g,1g,80g,0g,0mg,Soup Base,Powder,Food,Spicy,,,,2357.0,,
2547,Ducks Fly Soaked Duck Feet 30g,Pack size : 30g,KES87.00(Inc. VAT),,,,,,,,,,Duck Feet,Solid,Food,,,,,2358.0,,
2548,Qia Qia Sunflower Seeds 260g,Pack size : 260g,KES485.00(Inc. VAT),Average Nutritional Value As Per 100g,599kcal,2505kJ,27g,16.5g,4.2g,50.2g,,,Sunflower Seeds,Solid,Food,,,2.12g,,2359.0,,
2549,CHINESE CANNED FISH 227G,Pack size : 227g,KES638.00(Inc. VAT),Average Nutritional Value As Per 100g,543.73kcal,2275kJ,25.2g,2.2g,0g,48.9g,,,Fish Canned In Black Bean Sauce,Solid,Food,,,,,2360.0,,
2550,CHEN KE MING DRIED SPAGHETTI 1000G,Pack size : 1kg,KES525.00(Inc. VAT),Average Nutritional Value As Per 180g,310kcal,1297kJ,12g,63g,0g,1g,3g,290mg,Noodles,Solid,Food,,,,,2361.0,,
2551,Silly Brother Garlic Peanuts 186g,Pack size : 186g,KES264.00(Inc. VAT),Average Nutritional Value As Per 28g,160kcal,669kJ,7g,6g,1g,13g,2g,120mg,Peanuts,Solid,Food,Garlic,,,,2362.0,,
2552,Master Kang Iced Pear Tea Drink 500ml,Pack size : 500ml,KES140.00(Inc. VAT),Average Nutritional Value As Per 100g,48kcal,204kJ,,22g,2.8g,,,,Iced Pear Tea Drink,Liquid,Beverage,,,,,2363.0,,
2553,Totole Golden Bouillon Chicken Stock Cubes Granulated 454g,Pack size : 454g,KES919.00(Inc. VAT),Average Nutritional Value As Per 100g,182kcal,761.488kJ,23g,19g,,1g,,,Chicken Stock Cubes,Solid,Food,Chicken,,,,2364.0,,
2554,Hengshun Balsamic Vinegar  500ml,Pack size : 500ml,KES314.00(Inc. VAT),Average Nutritional Value As Per 100ml,40.8kcal,170.70kJ,,9.7g,8.2g,,,215mg,Black Vinegar,Liquid,Food,,,,,2365.0,,
2555,Xu Fu Ji Strawberry Roll Cookie 105g,Pack size : 105g,KES310.00(Inc. VAT),Average Nutritional Value As Per 100g,525kcal,2197kJ,4.61g,65.3g,39.2g,27.5g,,,Roll Cookie,Solid,Food,,,0.27g,,2366.0,,
2556,Wang Wang Milk Drink 245ml,Pack size : 245ml,KES254.00(Inc. VAT),Average Nutritional Value As Per 100ml,190kcal,796kJ,6.4g,24.5g,13g,5.9g,,,Milk Drink,Liquid,Beverage,,,0.3g,,2367.0,,
2557,HADAY GARLIC PASTE 230G,Pack size : 230g,KES345.00(Inc. VAT),Average Nutritional Value As Per Serving Size,16kal,63kJ,0.5g,2.8g,,0g,,785mg,Garlic And Chilli Sauce,Paste,Food,,,,,2368.0,,
2558,Master Kang Green Tea 600Ml,Pack size : 600ml,KES140.00(Inc. VAT),Average Nutritional Value As Per 100ml,18kcal,75kJ,0g,4.5g,4.2g,0g,0g,0mg,Tea,Liquid,Food,,,0g,,2369.0,,
2559,Yeshu Coconut Milk Drink 245ml,Pack size : 245ml,KES213.00(Inc. VAT),Average Nutritional Value As Per 245ml,120kcal,502.08kJ,2g,18g,18g,5g,,33mg,Coconut Milk Drink,Liquid,Beverage,,,0.012g,,2370.0,,
2560,KUISHU RICE VERMICELLI 250G,Pack size : 250g,KES226.00(Inc. VAT),Average Nutritional Value As Per 100g,355kcal,1485.32kJ,11g,74g,3g,1g,1g,49mg,Noodle,Solid,Food,,,,,2371.0,,
2561,Qiaqia Barbecue Crunchy Potato Crisps 51g,Pack size : 51g,KES115.00(Inc. VAT),Average Nutritional Value As Per 51g,145kcal,606.68kJ,7g,59g,3g,27g,4g,307mg,Potato Crisps,Solid,Food,,,,,2372.0,,
2562,HAILONG SWEET POTATO NOODLES 248G,Pack size : 248g,KES250.00(Inc. VAT),Average Nutritional Value As Per 113g,131kcal,548.104kJ,7g,15g,,3g,,,Noodles,Solid,Food,Sweet Potato,,,,2373.0,,
2563,HADAY FISH SOY SAUCE 450ML,Pack size : 450ml,KES425.00(Inc. VAT),Average Nutritional Value As Per Serving Size,100kcal,420kJ,6.3g,16.9g,15.8g,0g,,,Soy Sauce,Paste,Food,,,,,2374.0,,
2564,JIANGMEN RICE STICKS 454G,Pack size : 454g,KES291.00(Inc. VAT),Average Nutritional Value As Per 100g,356kcal,1514kJ,7g,80.3g,0g,0.8g,0.8g,0.02g,Rice Sticks,Solid,Food,,,,,2375.0,,
2565,Xu Fu Ji Caramel Egg Sachima 160g,Pack size : 160g,KES589.00(Inc. VAT),Average Nutritional Value As Per 100g,505.02kcal,2113kJ,7.8g,53.8g,16.4g,28.8g,,280mg,Sachima,Solid,Food,"Caramel, Egg",,,,2376.0,,
2566,Sha Er Ge Hot And Spicy Black Rice Crust 100g,Pack size : 100g,KES144.00(Inc. VAT),Average Nutritional Value As Per 30g,569kcal,2380.696kJ,22g,21g,,46g,,,Rice Crust,Solid,Food,,,,,2377.0,,
2567,Quick Fried Chilli Green Peas 88g,Pack size : 88g,KES126.00(Inc. VAT),Average Nutritional Value As Per 60g,294kcal,1230.1kJ,11g,3g,3g,12g,11g,510mg,Green Peas,Solid,Food,,,,,2378.0,,
2568,Fish Well Preserved Vegetable Pickled Mustard 70g,Pack size : 70g,KES79.00(Inc. VAT),Average Nutritional Value as per 35g,20kcal,,1g,2g,1g,1g,1g,700mg,,,,,,,,2379.0,,
2569,Lay's Stax Original Potato Chips 104g,Pack size : 104g,KES324.00(Inc. VAT),Average Nutritional Value As Per 100g,150kcal,627.6kJ,2g,17g,,8g,1g,140mg,Potato Chips,Solid,Food,,,,,2380.0,,
2570,LONG KOU GREEN BEAN VERMICELLI 300G,Pack size : 300g,KES244.00(Inc. VAT),,,,,,,,,,Vermicelli,Solid,Food,,,,,2381.0,,
2571,Wu Jiang Preserved Vegetable 175g,Pack size : 175g,KES179.00(Inc. VAT),Average Nutritional Value As Per 40g,20kcal,83.68kJ,<ig,2g,0g,2g,1g,1020mg,Preserved Vegetable,Solid,Food,,,,,2382.0,,
2572,Hsufuchi Sachima Flour Cake With Egg 469g,Pack size : 469g,KES758.00(Inc. VAT),Average Nutritional Value As Per 100g,509kcal,2133kJ,7.9g,54.9gh,22.2g,28.8g,0g,,Flour Cake,Powder,Food,,,,,2383.0,,
2573,Yin Lu Purple Sweet Potato And Purple Glutinous Rice Soup Mix 280g,Pack size : 280g,KES191.00(Inc. VAT),Average Nutritional Value As Per 100g,81kcal,339kJ,1.5g,13g,6.5g,2.5g,7.8g,,Soup Mix,Solid,Food,"Purple Sweet Potato, Purple Glutinous Rice",,,,2384.0,,
2574,Yinlu Peanut Milk Protein Drink 370g,Pack size : 370g,KES191.00(Inc. VAT),Average Nutritional Value As Per 100g,81kcal,339kJ,1.5g,13g,6.5g,2.5g,7.8g,,Protein Drink,Liquid,Food,Peanut,,,,2385.0,,
2575,Chuangyi Original Dried Shredded Squid 70g,Pack size : 70g,KES486.00(Inc. VAT),Average Nutritional Value As Per 30g,90kcal,376.56kJ,10g,11g,10g,0g,0g,540mg,Shredded Squid,Solid,Food,,,,,2386.0,,
2576,SHA ER GE Hot And Spicy Rice Crust Chips 100g,Pack size : 100g,KES144.00(Inc. VAT),Average Nutritional Value As Per 25g,131kcal,548.10kJ,6g,14g,3g,8g,,145mg,Rice Crust Chips,Solid,Food,,,,,2387.0,,
2577,Liwei Cracker 160g,Pack size : 160g,KES124.00(Inc. VAT),Average Nutritional Value As Per 60g,120kcal,502.08kJ,4g,19g,,3g,3g,,Cracker,Solid,Food,,,,,2388.0,,
2578,Qia Qia Hickory Nut Flavour Sunflower Seeds Snacks 108g,Pack size : 108g,KES312.00(Inc. VAT),Average Nutritional Value As Per 100g,596kcal,"2,494kJ",26g,10g,2g,49g,0g,0mg,Snacks,Solid,Food,,,2g,,2389.0,,
2579,Totole Tiaanwang Chicken Seasoning 1kg,Pack size : 1kg,KES1432.00(Inc. VAT),Average Nutritional Value As Per Serving,8kcal,33.4kJ,0g,0g,0g,0g,0g,320mg,Chicken Seasoning,Solid,Food,,,,,2390.0,,
2580,Xinfa Sweet Potato Vermicelli Noodles 368g,Pack size : 368g,KES295.00(Inc. VAT),Average Nutritional Value As Per 100g,337.3kcal,1411kJ,0g,82.5g,0g,0g,,,Potato Vermicelli Noodles,Solid,Food,,,,,2391.0,,
2581,Wangwang Chinese Rice Cracker Cookies 52g,Pack size : 52g,KES219.00(Inc. VAT),Average Nutritional Value As Per 100g,490kcal,2050.16kJ,4g,71g,0g,21g,0g,750mg,Cracker Cookies,Solid,Food,,,,,2392.0,,
2582,GUAI XI FU Pepper Chicken Feet 238g,Pack size : 238g,KES569.00(Inc. VAT),Average Nutritional Value As Per 100g,121kcal,508kJ,12.2g,,,8.1g,,1800mg,Chicken Feet,Solid,Food,,,,,2393.0,,
2583,Tan Tan Xiang Hunan Chilli Pickle 210g,Pack size : 210g,KES279.00(Inc. VAT),Average Nutritional Value As Per 100g,5.3kcal,22.1752kJ,1.3g,,0g,8g,0g,5000mg,Pickle,Solid,Food,Chilli,,7.4g,,2394.0,,
2584,Master Kang Beef With Cabbage Pickled Instant Noodle 116g,Pack size : 116g,KES137.00(Inc. VAT),Average Nutritional Value As Per 100g,721kcal,3019kJ,47.2g,75.7g,,41.3g,,,Instant Noodle,Solid,Food,,,11.6g,,2395.0,,
2585,Wang Lao Ji Herbal Tea Drink 310ml,Pack size : 310ml,KES153.00(Inc. VAT),Average Nutritional Value As Per 100ml,38kcal,146kJ,0.9g,8.99g,5.59g,0.9g,,,Herbal Tea Drink,Liquid,Beverage,,,0.9g,,2396.0,,
2586,Wang Wang Sweet Milk Creamy Chewy Candy 318g,Pack size : 318g,KES759.00(Inc. VAT),Average Nutritional Value As Per 100g,215kcal,899.56kJ,3.3g,77.7g,0g,10.8g,,180mg,Chewy Candy,Solid,Food,,,,,2397.0,,
2587,Chuang Yi Pai Spicy Dried Cuttlefish 70g,Pack size : 70g,KES486.00(Inc. VAT),Average Nutritional Value As Per 100g,133kcal,556.47kJ,13g,19g,0g,1g,0g,455mg,Dried Cuttlefish,Solid,Frozen Food,Spicy,,,,2398.0,,
2588,Qia Qia Roasted Sunflower Seeds 150g,Pack size : 150g,KES306.00(Inc. VAT),Average Nutritional Value As Per 100g,334.6kcal,2577kJ,22.6g,17.3g,6.2g,52g,,,Sunflower Seeds,Solid,Food,,,1.55g,,2399.0,,
2589,Wang Wang Sweet Milk Creamy Chewy Candy 318g,Pack size : 318g,KES759.00(Inc. VAT),Average Nutritional Value As Per 100g,215kcal,899.56kJ,3.3g,77.7g,0g,10.8g,,180mg,Chewy Candy,Solid,Food,,,,,2400.0,,
2590,Chuang Yi Pai Spicy Dried Cuttlefish 70g,Pack size : 70g,KES486.00(Inc. VAT),Average Nutritional Value As Per 100g,133kcal,556.47kJ,13g,19g,0g,1g,0g,455mg,Dried Cuttlefish,Solid,Frozen Food,Spicy,,,,2401.0,,
2591,Qia Qia Roasted Sunflower Seeds 150g,Pack size : 150g,KES306.00(Inc. VAT),Average Nutritional Value As Per 100g,334.6kcal,2577kJ,22.6g,17.3g,6.2g,52g,,,Sunflower Seeds,Solid,Food,,,1.55g,,2402.0,,
2592,BAILI BREAD CRUMBS 1000G,Pack size : 1000g,KES806.00(Inc. VAT),Average Nutritional Value As Per 100g,385kcal,1614kJ,12g,72.9g,4.6g,4.6g,,472mg,Bread Crumbs,Solid,Food,,,,,2403.0,,
2593,Yinlu Barley And Red Bean Mixed Congee 280g,Pack size : 280g,KES191.00(Inc. VAT),Average Nutritional Value As Per 100g,78.58kcal,329kJ,2.5g,1.4g,3.2g,1.3g,,,Congee,Solid,Food,"Barley, Red Bean",,0.138g,,2404.0,,
2594,Master Kang Jasmine Tea 600ml,Pack size : 600ml,KES144.00(Inc. VAT),Average Nutritional Value As Per 100ml,18kcal,75kJ,0g,4.5g,4.2g,0g,0g,0mg,Tea,Liquid,Food,,,0g,,2405.0,,
2595,Haday Soybean Sauce 800g,Pack size : 800g,KES610.00(Inc. VAT),Average Nutritional Value As Per 100g,137kcal,575kJ,9.3g,16.6g,11.9g,,,,Soybean Sauce,Paste,Food,,,11.6g,,2406.0,,
2596,Dong Po Sesame Oil 220ml,Pack size : 220ml,KES310.00(Inc. VAT),Average Nutritional Value As Per 100g,884kcal,3698.656kJ,0g,0g,0g,100g,0g,0mg,Sesame Oil,Liquid,Food,,,,,2407.0,,
2597,Sharwood Sweet & Sour 30% Less Sug 425G,Pack size : 425g,KES829.00(Inc. VAT),,,,,,,,,,,,,Sweet & Tangy,,,"Lower sugar, vegetarian-friendly",2408.0,,
2598,Mother'S Recipe Tandoori Paste 300G,,KES445.00(Inc. VAT),,,,,,,,,,,,,,,,,2409.0,,
2599,Sharwood Tik Mas 30% Less Fat 420G,Pack size : 420g,KES829.00(Inc. VAT),,,,,,,,,,,,,Creamy & Spiced,,,"Lower fat, vegetarian-friendly",2410.0,,
2600,Amigos Suvadana Mouth Freshener 300g,Pack size : 300g,KES462.00(Inc. VAT),Average Nutritional Value As Per 100g,389kcal,1627.58kJ,2.2g,84g,62g,5g,,2mg,Mouth Freshener,Solid,Food,,,,,2411.0,,
2601,Shan White Urad Dal 500g,Pack size : 500g,KES460.00(Inc. VAT),Average Nutritional Value As Per 100g,364kcal,1522.9kJ,21.6g,62.4g,2.2g,1.4g,15.2g,170mg,Urad Dal,Solid,Food,,,,,2412.0,,
2602,Sharwood Hoisin Marinade Sauce 290G,Pack size : 290g,KES1029.00(Inc. VAT),,,,,,,,,,,,,Sweet & Savory,,,"Low in fat, vegetarian-friendly",2413.0,,
2603,Top Food Indian Chat Masala 100g,Pack size : 100g,,Average Nutritional Value As Per Serving,5kcal,20kJ,,1g,1g,,,600mg,Chat Masala,Powder,Food,,,,,2414.0,,
2604,Sharwood Hot Madras Sauce 420G,Pack size : 420g,KES829.00(Inc. VAT),,,,,,,,,,,,,Spicy Curry,,,"High in spices, gluten-free",2415.0,,
2605,Sharwood Hot Madras Sauce 420G,Pack size : 420g,KES829.00(Inc. VAT),,,,,,,,,,,,,Spicy Curry,,,"High in spices, gluten-free",2416.0,,
2606,Chandan Natkhat Imli Jar 410G,Pack size : 410g,,Nutrition Information per 100g,,,4.7g,83.9g,70.6g,6.0g,,,,,Candy,,,,,2417.0,,
2607,Shan Breakfast Nihari Mix 60g,Pack size : 60g,KES236.00(Inc. VAT),Average Nutritional Value As Per 10g,30kcal,125.52kJ,1g,4g,,1g,2g,1330mg,Nihari Mix,Powder,Food,,,,,2418.0,,
2608,Chandan Natkhat Imli Pouch 280G,,,,,,,,,,,,,,,,,,,2419.0,,
2609,Amigos Premium Suvadana Mouth Freshener 120g,Pack size : 120g,KES231.00(Inc. VAT),Average Nutritional Value As Per 100g,389kcal,1627.58kJ,2.2g,84g,62g,5g,8.06g,69.40mg,Mouth Freshener,Solid,Food,,,,,2420.0,,
2610,Shan Split White Urad Dal 1kg,Pack size : 1kg,KES885.00(Inc. VAT),Average Nutritional Value As Per 100g,364kcal,1492kJ,21.6g,62.4g,2.2g,1.4g,15.2g,170mg,White Urad Dal,Solid,Food,,,0g,,2421.0,,
2611,Top Food Fajita Seasoning 100g,Pack size : 100g,,Average Nutritional Value As Per 100g,306kcal,1280kJ,7.9g,56g,27g,3.4g,9.6g,,Fajita Seasoning,Powder,Food,,,21.5g,,2422.0,,
2612,Shan Chicken Ginger Seasoning Mix 50g,,KES236.00(Inc. VAT),Average Nutritional Value As Per 10g,30kcal,126kJ,1g,4g,,1g,1g,910mg,Seasoning Mix,Powder,Food,Ginger,,,,2423.0,,
2613,Amigos Suvadana Mouth Freshener 150g,Pack size : 150g,KES231.00(Inc. VAT),Average Nutritional Value As Per 100g,389kcal,1627.58kJ,2.2g,84g,62g,5g,8.06g,69.40mg,Mouth Freshener,Solid,Food,,,,,2424.0,,
2614,Amigos Premium Suvadana Mouth Freshener 300g,Pack size : 300g,KES501.00(Inc. VAT),Average Nutritional Value As Per 100g,389kcal,1627.58kJ,2.2g,84g,62g,5g,,2mg,Mouth Freshener,Solid,Food,,,,,2425.0,,
2615,Ma Cuisine Tomato Chutney 430g,Pack size : 430g,KES499.00(Inc. VAT),Average Nutritional Value As Per 100g,313kcal,1309.59kJ,0.1g,61g,27g,0.1g,1g,520mg,Tomato Chutney,Paste,Food,,,,,2426.0,,
2616,Ma Cuisine Mango Chutney 400g,Pack size : 400g,KES549.00(Inc. VAT),Average Nutritional Value As Per 100g,136kcal,569.024kJ,0.8g,32.8g,2.4g,1.2g,,,Mango Chutney,Paste,Food,,,,,2427.0,,
2617,Sharwood Green Label Mango Chutney 227G,Pack size : 227g,KES699.00(Inc. VAT),,,,,,,,,,,,,Sweet & Tangy Mango,,,Naturally gluten-free,2428.0,,
2618,Sharwood Green Label Spread Mango Chutney 360G,Pack size : 360g,KES1339.00(Inc. VAT),,,,,,,,,,,,,Sweet Mango,,,Gluten-free and vegetarian-friendly,2429.0,,
2619,Sharwood Mild Curry Powder 102G,Pack size : 102g,KES619.00(Inc. VAT),,,,,,,,,,,,,Mild & Aromatic,,,"Natural spices, gluten-free",2430.0,,
2620,Chandan Pan Delight Pouch 280G,,,,,,,,,,,,,,,,,,,2431.0,,
2621,Chandan Pan Delight Jar 410G,Pack size : 410g,,Nutrition Information per 100g,,,4.7g,83.9g,70.6g,6.0g,,,,,Candy,,,,,2432.0,,
2622,Haldiram's Soan Papdi 250g,Pack size : 250g,KES395.00(Inc. VAT),Average Nutritional Value As Per 21g,110kcal,460kJ,1g,14g,10g,5g,0g,2mg,Soan Papdi,Solid,Food,Cardemom,,0g,,2433.0,,
2623,Chandan 5 In 1 Mix 200G,,,,,,,,,,,,,,,,,,,2434.0,,
2624,Pataks Batli Curry Sauce 450G,Pack size : 450g,KES1059.00(Inc. VAT),Average Nutritional Value Per 100g,63kcal,265kJ,1.0g,7.4g,4.0g,3.0g,,,,,Curry Paste,,"•	Free From Artificial Colours
•	Free From Artificial Flavours
•	Free From Artificial Preservatives",,"Low in Sugar, Glaten Free,Vegeterian Friendly.",2435.0,,
2625,Chandan Fresh Mint 72G,,,,,,,,,,,,,,,,,,,2436.0,,
2626,Sharwood Medium Curry Powder 102G,Pack size : 102g,KES619.00(Inc. VAT),,,,,,,,,,,,,Medium Spice,,,"Natural spices, gluten-free",2437.0,,
2627,Chandan Peruvati 160G,,,,,,,,,,,,,,,,,,,2438.0,,
2628,Sharwood Korma 30% Less Fat 420G,Pack size : 420g,KES829.00(Inc. VAT),,,,,,,,,,,,,Mild & Creamy,,,"Lower fat, vegetarian-friendly",2439.0,,
2629,Chandan Kachi Kairi Jar 410G,Pack size : 410g,,Nutrition Information per 100g,,,4.7g,83.9g,70.6g,6.0g,,,,,Candy,,,,,2440.0,,
2630,Chandan Fresh Mint Rose 72G,,,,,,,,,,,,,,,,,,,2441.0,,
2631,Pataks Pickle Mango Mixed 283G,Pack size : 283g,KES999.00(Inc. VAT),Average Nutritional Value Per 100g,,,,,,,,,,,Curry Paste,,"•	Free From Artificial Colours
•	Free From Artificial Flavours
•	Free From Artificial Preservatives",,"Low in Sugar, Glaten Free,Vegeterian Friendly.",2442.0,,
2632,Pataks Vindaloo Curry Sauce 450G,Pack size : 450g,KES1059.00(Inc. VAT),Average Nutritional Value Per 100g,70kcal,292kJ,1.3g,7.1g,3.7g,3.4g,,282 Mg,Vindaloo Curry Sauce,Paste,Curry Paste,,"•	Free From Artificial Colours
•	Free From Artificial Flavours
•	Free From Artificial Preservatives",,"Low in Sugar, Glaten Free,Vegeterian Friendly.",2443.0,,
2633,Chandan Cocktail Thunder 160G,,,,,,,,,,,,,,,,,,,2444.0,,
2634,Haldiram's Orange Soan Papadi 250g,Pack size : 250g,KES395.00(Inc. VAT),Average Nutritional Value As Per 100g,490kcal,2050.16kJ,5.33g,65.35g,46.06g,23.06g,0.62g,8mg,Soan Papadi,Solid,Food,Orange,Solid,,,2445.0,,
2635,Chandan Jamunvati 160G,,,,,,,,,,,,,,,,,,,2446.0,,
2636,Chandan Abajpati Goli 160G,,,,,,,,,,,,,,,,,,,2447.0,,
2637,Chandan Kachi Kairi Pouch 280G,,,,,,,,,,,,,,,,,,,2448.0,,
2638,Pataks Jalfrezi Curry Sauce 450G,Pack size : 450g,KES1059.00(Inc. VAT),Average Nutritional Value Per 100g,60kcal,66kcal,1.0g,8.0g,4.9g,2.9g,1g,,Jalfrezi Sauce,Paste,Curry Paste,,"•	Free From Artificial Colours
•	Free From Artificial Flavours
•	Free From Artificial Preservatives",,"Low in Sugar, Glaten Free,Vegeterian Friendly.",2449.0,,
2639,Real Thai Red Curry Paste 227g,Pack size : 227g,KES490.00(Inc. VAT),Average Nutritional Value As Per 100g,15kcal,62.76kJ,1g,2g,1g,0.5g,1g,690mg,Red Curry Paste,Paste,Food,Red Curry,,,,2450.0,,
2640,Sandee Japanese Sushi Rice 2Kg,,KES1095.00(Inc. VAT),,,,,,,,,,,,,,,,,2451.0,,
2641,Thai Dancer Green Curry Paste 227Gm,,KES695.00(Inc. VAT),,,,,,,,,,,,,,,,,2452.0,,
2642,Desiam Chilli Pineapple Thai Dipping Sauce 250ml,Pack size : 250ml,KES334.00(Inc. VAT),Average Nutritional Value As Per 100ml,180kcal,752kJ,0.2g,43.6g,41.4g,0.4g,0.9g,,Sauce,Paste,Food,Chilli Pineapple,,3.0g,,2453.0,,
2643,Thai Dancer Rice Stick 3Mm 400G,,KES495.00(Inc. VAT),,,,,,,,,,,,,,,,,2454.0,,
2644,Miyata Wasabi Paste  43 gr,Pack size : 43 gr,KES450.00(Inc. VAT),,,,,,,,,,,,,,,,,2455.0,,
2645,Thai Dancer Tom Kha Curry Paste 50G,,KES245.00(Inc. VAT),,,,,,,,,,,,,,,,,2456.0,,
2646,Suree Spring Roll Dipping Sauce 150ml,Pack size : 150ml,KES335.00(Inc. VAT),Average Nutritional Value As Per 100ml,280kcal,1172kJ,0g,68g,65g,0.9g,0g,0mg,Dipping Sauce,Paste,Food,,,1.6g,,2457.0,,
2647,Thai Yearra Coconut Milk Powder50G,,KES135.00(Inc. VAT),,,,,,,,,,,,,,,,,2458.0,,
2648,Jims Coffee Thai Cappuccino 8Oz,Pack size : 80z,KES165.00(Inc. VAT),,,,,,,,,,,,,Smooth Cappuccino,,,"Carbohydrates, Caffeine",2459.0,,
2649,Sandee Thai Hommali Rice 1Kg,,KES595.00(Inc. VAT),,,,,,,,,,,,,,,,,2460.0,,
2650,Prung Coco N/Dairy Milk Powder 50G,,KES135.00(Inc. VAT),,,,,,,,,,,,,,,,,2461.0,,
2651,Sandee Jasmine Rice 5Kg,,KES2195.00(Inc. VAT),,,,,,,,,,,,,,,,,2462.0,,
2652,Suree Rice Stick 3mm 400g,Pack size : 400g,KES499.00(Inc. VAT),Average Nutritional Value As Per 100g,200kcal,8368kJ,4g,45g,,0.1g,0.1g,10mg,Rice,Solid,Food,,,,,2463.0,,
2653,Jims Coffee Thai Caramel 8Oz,Pack size : 80z,KES165.00(Inc. VAT),,,,,,,,,,,,,Sweet Caramel,,,"Carbohydrates, Caffeine",2464.0,,
2654,Jims Coffee Thai Mocha 8Oz,Pack size : 80z,KES165.00(Inc. VAT),,,,,,,,,,,,,Chocolate & Coffee,,,"Carbohydrates, Caffeine",2465.0,,
2655,THAI ERAWAN GLUTINUS RICE FLOUR500G,,KES414.00(Inc. VAT),,,,,,,,,,,,,,,,,2466.0,,
2656,Jims Coffee Thai Arabica 8Oz,Pack size : 80z,KES165.00(Inc. VAT),,,,,,,,,,,,,,,,"Low Fat, Antioxidants",2467.0,,
2657,Jims Coffee Thai Hazelnut 8Oz,Pack size : 80z,KES165.00(Inc. VAT),,,,,,,,,,,,,Hazelnut,,,"Carbohydrates, Caffeine",2468.0,,
2658,Sandee Pad Thai Rice Noodle 150G,,KES295.00(Inc. VAT),,,,,,,,,,,,,,,,,2469.0,,
2659,Real Thai Rice Stick Noodles 375g,Pack size : 375g,KES475.00(Inc. VAT),Average Nutritional Value As Per Serving,180kcal,753kJ,4g,41g,0g,0.5g,0g,20mg,Noodles,Solid,Food,,,,,2470.0,,
2660,Suree Vermicelli Rice 400g,Pack size : 400g,KES499.00(Inc. VAT),Average Nutritional Value As Per 100g,299kcal,1251kJ,6.8g,67g,,0.4g,,2mg,Rice,Solid,Food,,,,,2471.0,,
2661,Desiam Thai Seasoning Oyster Sauce 200ml,Pack size : 200ml,KES334.00(Inc. VAT),Average Nutritional Value As Per 100ml,152kcal,637kJ,4.4g,32.9g,28g,0.1g,,,Sauce,Paste,Food,,,15g,,2472.0,,
2662,Prung Coco N/Dairy Milk Powder 300G,,KES695.00(Inc. VAT),,,,,,,,,,,,,,,,,2473.0,,
2663,Prung Coco N/Dairy Milk Powder 150G,,KES375.00(Inc. VAT),,,,,,,,,,,,,,,,,2474.0,,
2664,Real Thai Rice Stick 375g,Pack size : 375g,KES475.00(Inc. VAT),Average Nutritional Value As Per 55g,200kcal,836kJ,4g,45g,0g,0g,0g,10mg,Rice Stick,Solid,Food,,,,,2475.0,,
2665,Suree Rice Stick 5mm 400g,Pack size : 400g,KES499.00(Inc. VAT),Average Nutritional Value As Per 100g,200kcal,8368kJ,4g,45g,,0.1g,0.1g,10mg,Rice,Solid,Food,,,,,2476.0,,
2666,Thai Dancer Tom Yum Paste 227Gm,,KES695.00(Inc. VAT),,,,,,,,,,,,,,,,,2477.0,,
2667,Suree Rice Stick 1mm 400g,Pack size : 400g,KES499.00(Inc. VAT),Average Nutritional Value As Per 100g,200kcal,8368kJ,4g,45g,,0.1g,0.1g,10mg,Rice,Solid,Food,,,,,2478.0,,
2668,Desi Treat Peri Peri Soya Tikka 800G,,KES895.00(Inc. VAT),Nutritional information as per 100g,120Kcal,,13g,11g,11g,1.5g,3g,260mg,,,,,,,,2479.0,,
2669,Suhana Turmeric Powder 100G,Pack size : 100g,KES195.00(Inc. VAT),,,,,,,,,,,,Spices,,,,,2480.0,,
2670,Suhana Ready To Cook Paneer Makhan 50G,,KES195.00(Inc. VAT),,,,,,,,,,,,,,,,,2481.0,,
2671,Suhana Paya Masala 50G,Pack size : 50G,KES225.00(Inc. VAT),,,,,,,,,,,,,,,,,2482.0,,
2672,Suhana Pav Bhaji Masala 100G,Pack size : 100g,KES395.00(Inc. VAT),,,,,,,,,,,,,,,,,2483.0,,
2673,Domee Egg Noodles Broad 400G,Pack size : 400G,KES740.00(Inc. VAT),,,,,,,,,,,,,,,,,2484.0,,
2674,Suhana Aamchur Powder 100G,Pack size : 100G,KES275.00(Inc. VAT),,,,,,,,,,,,,"The flavor of Suhana Amchur Powder is tangy and slightly sweet, with a hint of citrus. This unique taste profile makes it an excellent ingredient for adding depth to both sweet and savory dishes. Unlike fresh mangoes, amchur powder provides a concentrated flavor without additional moisture, allowing it to enhance dishes without altering their texture.",,,,2485.0,,
2675,Suhana Ready To Cook Shahi Biryani,,KES195.00(Inc. VAT),,,,,,,,,,,,Spices,,,,,2486.0,,
2676,Suhana Rtc Chicken Chilli 50G,Pack size : 50G,KES195.00(Inc. VAT),,,,,,,,,,,,,,,,,2487.0,,
2677,Suhana Rtc Saag Paneer 50G,,KES195.00(Inc. VAT),,,,,,,,,,,,,,,,,2488.0,,
2678,Suhana Ready To Cook Mutter Methi Nong 50G,,KES195.00(Inc. VAT),,,,,,,,,,,,,,,,,2489.0,,
2679,Suhana Mild Madras Curry Powder 100g,Pack size : 100G,KES225.00(Inc. VAT),,,,,,,,,,,,,,,,,2490.0,,
2680,Suhana Ready To Cook Dum Aloo 50G,Pack size : 50g,KES195.00(Inc. VAT),,,,,,,,,,,,Spices,,,,,2491.0,,
2681,Suhana Rtc Mutter Paneer Nong 50G,Pack size : 50G,KES195.00(Inc. VAT),,,,,,,,,,,,,,,,,2492.0,,
2682,Suhana Extra Hot Chili Powder 100G,Pack size : 100g,KES295.00(Inc. VAT),,,,,,,,,,,,,,,,,2493.0,,
2683,Suhana Ready To Cook Lamb Curry 50G,Pack size : 50g,KES225.00(Inc. VAT),,,,,,,,,,,,Spices,,,,,2494.0,,
2684,Suhana Paneer Butter Masala 50G,Pack size : 50G,KES225.00(Inc. VAT),,,,,,,,,,,,,,,,,2495.0,,
2685,Suhana Paneer Masala 100G,,KES325.00(Inc. VAT),,,,,,,,,,,,,,,,,2496.0,,
2686,Suhana Ready To Cook Manchurian 80G,,KES195.00(Inc. VAT),,,,,,,,,,,,,,,,,2497.0,,
2687,Suhana Hot Chili Powder 100G,,KES295.00(Inc. VAT),,,,,,,,,,,,,,,,,2498.0,,
2688,Suhana Chhole Masala 50G,Pack size : 50g,KES175.00(Inc. VAT),,,,,,,,,,,,,,,,,2499.0,,
2689,Suhana Malai Kofta 50G,,KES195.00(Inc. VAT),,,,,,,,,,,,,,,,,2500.0,,
2690,Suhana Ready To Cook Mutoon Kolhapuri 100G,Pack size : 100g,KES225.00(Inc. VAT),,,,,,,,,,,,Spices,,,,,2501.0,,
2691,Suhana Ready To Cook Fish Curry 50G,Pack size : 50g,KES195.00(Inc. VAT),,,,,,,,,,,,Spices,,,,,2502.0,,
2692,Suhana Panipuri Masala 50G,Pack size : 50g,KES145.00(Inc. VAT),,,,,,,,,,,,,,,,,2503.0,,
2693,Suhana Seekh Kebab Masala 50G,,KES195.00(Inc. VAT),,,,,,,,,,,,,,,,,2504.0,,
2694,Desi Treat Sarso Da Saag 800G,,KES895.00(Inc. VAT),,,,,,,,,,,,,,,,,2505.0,,
2695,Desi Treat Italian Soya Tikka 800G,,KES895.00(Inc. VAT),,120Kcal,,13g,11g,2g,1.5g,3g,260mg,,,,,,,,2506.0,,
2696,MARMITE ORIGINAL 125G,,KES837.00(Inc. VAT),,,,,,,,,,,,,,,,,2507.0,,
2697,Old El Paso Sqzy Chunck Salsa 238G,Pack size : 238g,KES1229.00(Inc. VAT),,,,,,,,,,,,,,,,,2508.0,,
2698,Old El Paso Fajita Seasoning Mix 35G,Pack size : 35g,KES629.00(Inc. VAT),,,,,,,,,,,,,,,,,2509.0,,
2699,Marmite Yeast Extract Jar 250G,Pack size : 250g,KES1609.00(Inc. VAT),Average Nutritional Value As Per 100g,263kcal,1100kJ,34g,30g,,0.1g,1.1g,,Yeast Extract,Paste,Food,,,10.80g,,2510.0,,
2700,Old El Paso Fajita Tomato Pep Mx 30G,Pack size : 30g,KES629.00(Inc. VAT),,,,,,,,,,,,,,,,,2511.0,,
2701,Luna Concentrated Evaporated Milk Karak 170G,Pack size : 170g,KES235.00(Inc. VAT),Average Nutritional Value As Per 100g,139kcal,581.576kJ,6.2g,10.4g,10.4g,8.1g,0.5g,0.06mg,Milk Karak,Liquid,Food,,,,,2512.0,,
2702,Old El Paso Squeeze Guacamole 240G,Pack size : 240g,KES1229.00(Inc. VAT),,,,,,,,,,,,,,,,,2513.0,,
2703,Coffee Mate Vanila Caramel Sugar Free 289.1G,Pack size : 289.1g,KES1999.00(Inc. VAT),,,,,,,,,,,,,,,,,2514.0,,
2704,Colmans Mustard Powder Dsf 57G,Pack size : 57g,KES1190.00(Inc. VAT),Average Nutritional Value As Per 100g,560kcal,2323kJ,29g,12g,6.9g,42g,,,Mustard Powder,Powder,Food,,,0.02g,,2515.0,,
2705,Roland Sundried Tomatoes And Olive Oil 180G,Pack size : 180g,KES1299.00(Inc. VAT),,,,,,,,,,,,,,,,,2516.0,,
2706,Coffee Mate Caramel Machiato 425.2G,Pack size : 425.2G,KES1999.00(Inc. VAT),,,,,,,,,,,,,,,,,2517.0,,
2707,Tropical Sun Allpurpose Seasoning 100G,Pack size : 100g,KES790.00(Inc. VAT),Nutional values as per 100g,163 kcal,,18 g,16 g,12 g,3.1 g,0.6 g,,Food,Powder,Spices,All Purpose,No Additives,63 g,,2518.0,,
2708,Roland White Crab Meat 171G,Pack size : 171g,KES1699.00(Inc. VAT),,,,,,,,,,,,,,,,,2519.0,,
2709,Coffee Mate Sugarfree Hnut 289.1 G,Pack size : 289.1g,KES1999.00(Inc. VAT),,,,,,,,,,,,,,,,,2520.0,,
2710,Coffee Mate Sugar Free Choco 289.1G,Pack size : 289.1g,KES1999.00(Inc. VAT),,,,,,,,,,,,,,,,,2521.0,,
2711,Dr.Oetker Madagascar Vaillan Bean Paste 100G,Pack size : 100g,KES1999.00(Inc. VAT),,,,,,,,,,,,,,,,,2522.0,,
2712,Tropical Sun Fish Seasoning 100Gm,Pack size : 100gm,KES790.00(Inc. VAT),Nutional values as per 100g,106 kcal,,4.3 g,13.1 g,,4.4 g,8 g,,Food,Powder,Spices,Fish Seasoning,No Additives,68.84 g,,2523.0,,
2713,Yeo'S Sambal Oeleck Sauce 250Ml,,KES1059.00(Inc. VAT),,,,,,,,,,,,,,,,,2524.0,,
2714,Dr. Oetker Chocolatey Strands 55Gm,Pack size : 55gm,KES829.00(Inc. VAT),Nutrition information per 100g,397 kcal,1685 kj,1.4 g,92 g,90 g,2.3 g,,,,,Food,Chocolate,,0g,"•	Enables vegan food preparation
•	lactose free
•	no added colours
•	vegetarian
•	vegan
•	no flavour enhancers",2525.0,,
2715,Tropical Sun S Bbq Seasoning 100Gm,,KES790.00(Inc. VAT),,,,,,,,,,,,,,,,,2526.0,,
2716,Roland Premium English Mint Jelly 213G,Pack size : 213g,KES2499.00(Inc. VAT),,,,,,,,,,,,,,,,,2527.0,,
2717,Robertsons Golden Marmalade 454G,,KES804.00(Inc. VAT),,,,,,,,,,,,,,,,,2528.0,,
2718,Cypressa In Brine Black Pitted Olives 340G,,KES657.00(Inc. VAT),,,,,,,,,,,,,,,,,2529.0,,
2719,Atkins & Potts Sea Food Sauce Lemon & Dill 180G,Pack size : 180g,KES999.00(Inc. VAT),Typical Values per 100g,650kcal,2675 kJ,2.1g,4.1g,3.6g,69g,,,,,,,,1.2g,,2530.0,,
2720,Indomie Beef Instant Noodles 70g X 5 Pieces,Pack size : 70g x 5 Pieces,KES134.00(Inc. VAT),,,,,,,,,,,,,,,,,2531.0,,
2721,Indomie Supa Mojo Instant Noodles 70g x 5 Pieces,Pack size : 70g x 5 Pieces,KES130.00(Inc. VAT),,,,,,,,,,,,,,,,,2532.0,,
2722,JIN RAMEN MILD NOODLES 120G,Pack size : 120g,KES300.00(Inc. VAT),Average Nutritional Value As Per 100g,415kcal,1740kJ,12g,65.8g,3.3g,12.5g,,1570mg,Noodles,Solid,Food,,,,,2533.0,,
2723,Chain Kwo Quick Cooking Noodles 250g,Pack size : 250g,KES290.00(Inc. VAT),Average Nutritional Value As Per 100g,359kcal,1502.056kJ,13g,77g,0g,0g,0g,0mg,Noodles,Solid,Food,,,,,2534.0,,
2724,MIYATA Udon Noodles 300g,Pack size : 300g,KES320.00(Inc. VAT),Average Nutritional Value As Per 100g,352kcal,1492kJ,12g,73g,1.7g,1.1g,,,Noodles,Solid,Food,,,1g,,2535.0,,
2725,Miyata Somen Noodles 300g,Pack size : 300g,KES320.00(Inc. VAT),Average Nutritional Value As Per 100g,345kcal,1443.48kJ,18g,65g,0g,1g,0g,0mg,Noodle,Solid,Food,,,,,2536.0,,
2726,Kelloggs Noodles Chicken 70G,Pack size : 70g,,Average Nutritional Value As Per 390g,336kcal,1405.824kJ,6g,41g,1g,13g,,1661mg,Noodles,Solid,Food,,,,,2537.0,,
2727,Indomie Beef Instant Noodles 70g,Pack size : 70g,KES25.00(Inc. VAT),,,,,,,,,,,,,,,,,2538.0,,
2728,Kelloggs Noodles Beef 70G,Pack size : 70g,,Average Nutritional Values As Per 100g,,,,,,,,,,,,,,,,2539.0,,
2729,Kelloggs Bon Appetit Korean 2X Spicy Chicken Noodles 140G,Pack size : 140g,,Average Nutritional Value As Per 100g,449.8kcal,1882kJ,10.8g,52g,2.8g,21.7g,2.2g,712mg,Noodles,Solid,Food,Durban Curry,,,,2540.0,,
2730,Indomie Supa Mojo Instant Noodles 70g,Pack size : 70g,KES25.00(Inc. VAT),,,,,,,,,,,,,,,,,2541.0,,
2731,Kelloggs Jumbo Beef Noodles 100G,Pack size : 100g,,Average Nutritional Value As Per 70g,306kcal,1280kJ,5g,37g,0g,15g,0g,1521mg,Noodles,Solid,Food,Kebab,,,,2542.0,,
2732,Kelloggs Noodles Vegetables 70G,Pack size : 70g,,Average Nutritional Value As Per 100g,1Kcal,4kJ,10g,60g,1.8g,18g,,,Noodles,Solid,Food,,,,,2543.0,,
2733,Miyata Soba Buck Wheat Noodle 300g,Pack size : 300g,KES400.00(Inc. VAT),Average Nutritional Value As Per 100g,345kcal,1443.48kJ,18g,65g,0g,1g,0g,0mg,Noodle,Solid,Food,,,,,2544.0,,
2734,Pran Beef Easy Instant Noodles 70g x Pack of 5,Pack size : 70g x Pack of 5,KES375.00(Inc. VAT),Average Nutritional Value As Per Serving,355kcal,1485kJ,5.5g,42.7g,1.1g,16.9g,5.0g,,Instant Noodles,Solid,Food,,,0.58g,,2545.0,,
2735,Kelloggs Jumbo Sausage Noodles 100G,Pack size : 100g,,Average Nutritional Value As Per 100g,1Kcal,4kJ,10g,60g,1.8g,18g,,,Noodles,Solid,Food,Chili And Tomato,,,,2546.0,,
2736,Pran Easy Chicken Instant Noodles 70g x Pack of 5,Pack size : 70g x Pack of 5,KES375.00(Inc. VAT),Average Nutritional Value As Per 100g,462kcal,1933kJ,10.3g,66.5g,2g,17.2g,7g,,Instant Noodles,Solid,Food,,,0.75g,,2547.0,,
2737,Kelloggs Noodles Oriental Sausage 70G,Pack size : 70g,,Average Nutritional Value As Per 390g,445 kcal,1862 kJ,10g,60g,2.3g,18g,,,Sausage,Solid,Food,,,1.619 g,,2548.0,,
2738,Kelloggs Jumbo Vegetable Noodles 100G,Pack size : 100g,,Average Nutritional Value As Per Serving,324kcal,1355.616kJ,7g,46g,,12g,,,Noodles,Solid,Food,,,,,2549.0,,
2739,Ayam Thai Yellow Curry Sauce 200g,Pack size : 200g,KES825.00(Inc. VAT),,,,,,,,,,,,,,,,,2550.0,,
2740,Festive Tortilla Wraps 10 Pieces,Pack size : 10 Pieces,KES360.00(Inc. VAT),Average Nutritional Value As Per 100g,308kcal,1288kJ,,47g,3.2g,6.6g,,,Tortilla Wraps,Solid,Food,,,1g,,2551.0,,
2741,"Festive Tortilla Wrap - 8""""",Pack size : 8 inch,KES275.00(Inc. VAT),Average Nutritional Value As Per 100g,308kcal,1288kJ,,47g,3.2g,6.6g,,,Tortilla Wraps,Solid,Food,,,1g,,2552.0,,
2742,Old El Paso Crunchy Taco Shells 156g,Pack size : 156g,KES1585.00(Inc. VAT),,,,,,,,,,,,,,,,,2553.0,,
2743,Gran Luchito Tomatillo Salsa 300G,Pack size : 300g,KES1199.00(Inc. VAT),,,,,,,,,,,,,,,,,2554.0,,
2744,"Brad'S Pinto Beans, No Salt 439G",Pack size : 439g,KES799.00(Inc. VAT),,,,,,,,,,,,,,,,,2555.0,,
2745,Carrefour Exotique Salsa Sauce 315G,,KES699.00(Inc. VAT),,,,,,,,,,,,,,,,,2556.0,,
2746,Gran Luchito Chipotle Salsa 300G,Pack size : 300g,KES1199.00(Inc. VAT),,,,,,,,,,,,,,,,,2557.0,,
2747,Brad'S Pinto Beans 439G,Pack size : 439g,KES799.00(Inc. VAT),,,,,,,,,,,,,,,,,2558.0,,
2748,Brad'S Cannellini Beans 439G,Pack size : 439g,KES799.00(Inc. VAT),,,,,,,,,,,,,,,,,2559.0,,
2749,Brad'S Kidney Beans 439G,Pack size : 439g,KES799.00(Inc. VAT),,,,,,,,,,,,,,,,,2560.0,,
2750,Brad'S Garbanzo Beans No Salt 439G,Pack size : 439g,KES799.00(Inc. VAT),,,,,,,,,,,,,,,,,2561.0,,
2751,Brad'S Hearts Palm Spears Jar 410G,Pack size : 410g,KES1699.00(Inc. VAT),,,,,,,,,,,,,,,,,2562.0,,
2752,Brad'S Salad Beans 439G,Pack size : 439g,KES799.00(Inc. VAT),,,,,,,,,,,,,,,,,2563.0,,
2753,Gran Luchito Mango & Habaner Salsa 300G,Pack size : 300g,KES1199.00(Inc. VAT),,,,,,,,,,,,,,,,,2564.0,,
2754,Brad'S Chili Beans 439G,Pack size : 439g,KES799.00(Inc. VAT),,,,,,,,,,,,,,,,,2565.0,,
2755,Roland Hearts Of Palm 397G,Pack size : 397g,KES1299.00(Inc. VAT),,,,,,,,,,,,,,,,,2566.0,,
2756,Brad'S Hearts Palm Slices Cans 400G,Pack size : 400g,KES1199.00(Inc. VAT),,,,,,,,,,,,,,,,,2567.0,,
2757,Brad'S Cannellini Beans No Salt 439G,Pack size : 439g,KES799.00(Inc. VAT),,,,,,,,,,,,,,,,,2568.0,,
2758,Swizzles Giant Parma Violets 40G,,KES247.00(Inc. VAT),Typical Values per 100g,415.2 kcal,1760.2 kj,,95.7 g,94.5 g,3.4 g,,,,,,,,,,,,
2759,ROSE CANDY CRUSHER 25G,,KES326.00(Inc. VAT),,,,,,,,,,,,,,,,,,,
2760,Kandy Kandy Mixed Fruit Dummy 60G,,KES382.00(Inc. VAT),,,,,,,,,,,,,,,,,,,
2761,Rose Ice Cream Twist And Dip Lollipop 27g,Pack size : 27g,KES353.00(Inc. VAT),Average Nutritional Value As Per 100g,392kcal,1666kJ,0g,98g,88g,0g,,,Lollipop,Solid,Food,,,,,,,
2762,Candy Castle Crew Rose Unicorn Twist N Dip Strawberry Lollipop 50g,,KES446.00(Inc. VAT),,,,,,,,,,,,,,,,,,,
2763,Bazooka Xtreme Juicy Drop Candy26G,Pack size : 26G,KES471.00(Inc. VAT),,,,,,,,,,,,,,,,,,,
2764,Juicy Drop Pop Raspberry Cola 50G,Pack size : 50G,KES471.00(Inc. VAT),,,,,,,,,,,,,,,,,,,
2765,Juicy Drop Pop Raspberry Cola 50G,Pack size : 50G,KES471.00(Inc. VAT),,,,,,,,,,,,,,,,,,,
2766,Rose Nutcracker Classic Candy Canes 100g,Pack size : 100g,KES496.00(Inc. VAT),Average Nutritional Value As Per 100g,395kcal,1650kJ,0g,93g,93g,0g,,,Candy Canes,Solid,Food,"Peppermint, Chocolate",,0g,,,,
2767,CRAZY C F MINI GUM BALL MACHINE 39G,,KES517.00(Inc. VAT),,,,,,,,,,,,,,,,,,,
2768,Bip 3D Dino And Friend Strawberry Lollipop 20g,Pack size : 20g,KES511.00(Inc. VAT),Average Nutritional Value As Per 100g,395kcal,1680kJ,0g,98.8g,68.5g,0g,0g,,Lollipop,Solid,Food,Strawberry,,0g,,,,
2769,Crazy Candy Factory Unicorn Light Pop Lollipop 11g,Pack size : 11g,KES517.00(Inc. VAT),Average Nutritional Value As Per 100g,392kcal,1666kJ,0g,98g,88g,0g,,,Lollipop,Solid,Food,,,0g,,,,
2770,Crazy Candy Factory Machine Mini Jelly Bean 55g,Pack size : 55g,KES525.00(Inc. VAT),Average Nutritional Value As Per 100g,384kcal,1632kJ,0g,96g,65g,0g,,,Jelly Bean,Jelly,Food,,,0g,,,,
2771,Crazy Candy Factory Submarine Dip And Lick Candy 19g,Pack size : 19g,KES531.00(Inc. VAT),Average Nutritional Value As Per 100g,370kcal,1547kJ,0g,91g,80g,0g,0g,,Candy,Solid,Food,,,,,,,
2772,NESTLE CINNAMON BREAKFAST BAR150G,,KES699.00(Inc. VAT),,,,,,,,,,,,,,,,,,,
2773,Sante Crunchy Banana And Chocolate Coating Muesli Bar 40g,Pack size : 40g,KES165.00(Inc. VAT),Average Nutritional Value As Per 100g,420kcal,1766kJ,5g,67g,28g,14g,4.4g,,Muesli Bar,Solid,Food,"Banana,  Chocolate",,0.2g,,,,
2774,Sante Crunchy Nuts And Almonds Muesli Bar 40g,Pack size : 40g,KES165.00(Inc. VAT),Average Nutritional Value As Per 100g,473kcal,1978kJ,12g,51g,18g,24g,4.6g,,Muesli Bar,Solid,Food,"Nuts,  Almonds",,0.1g,,,,
2775,Nestle Nesquick Cereal Bars 150G,Pack size : 150g,KES699.00(Inc. VAT),,,,,,,,,,,,,Chocolate,,,"Energy	428 KJ
Energy	102 kcal
Protein	1.8 g
Fats	3.2 g
of which Saturates	1.8 g
Carbohydrates	15.2 g
of which Sugars	7.4 g
Fibre	1.2 g
Salt	0.12 g",,,
2776,Carrefour Apricot Cereal Bar 125g,Pack size : 125g,KES399.00(Inc. VAT),Average Nutritional Value As Per 100g,371kcal,1566kJ,5.3g,72g,24g,5.8g,,,Cereal Bar,Solid,Food,Apricot,,,,,,
2777,Sante Crunchy Nut And Almond With Chocolate Muesli Bar 40g,Pack size : 40g,KES165.00(Inc. VAT),,49.0g,23.0g,476kcal,Average Nutritional Value As Per 100g,5.1g,,0.05g,,Food,"Nut,  Almond",10.0g,1989kJ,Solid,,,,,
2778,Sante Crunchy Cranberry And Raspberry With Vanilla Coating Muesli Bar 40g,Pack size : 40g,KES165.00(Inc. VAT),,72g,36g,422kcal,Average Nutritional Value As Per 100g,2.6g,,0.30g,,Food,"Cranberry,  Raspberry",3.7g,1775kJ,Solid,,,,,
2779,Sante Crunchy Plum And Vanilla Coating Muesli Bar 40g,Pack size : 40g,KES165.00(Inc. VAT),Average Nutritional Value As Per 100g,412kcal,1734kJ,4.1g,69g,34g,13g,2.8g,,Muesli Bar,Solid,Food,"Plum,  Vanilla",,0.4g,,,,
2780,Kellogg's Cereal & Milk Rice Krispies 20G,Pack size : 20g,KES299.00(Inc. VAT),,,,,,,,,,,,,Rice Cereal,,,,,,
2781,Jimcy Roasted Pistachios 100G,Pack size : 100g,KES400.00(Inc. VAT),Average Nutritional Value As Per 100g,557kcal,2376.51kJ,20.61g,27.97g,7.64g,44.44g,10.3g,1mg,Roasted Pistachios,Solid,Food,,,,,,,
2782,Jimcy Roasted Pistachios 200G,Pack size : 200g,KES780.00(Inc. VAT),Average Nutritional Value As Per 100g,568kcal,2376.51kJ,21.35g,26.78g,7.81g,45.97g,10.3g,405mg,Roasted Pistachios,Solid,Food,,,,,,,
2783,Naturalli Pistachios Roasted & Salted 100g,Pack size : 100g,KES599.00(Inc. VAT),Average Nutritional Value As Per 100g,568kcal,2376kJ,21g,27g,8g,46g,10g,405mg,Pistachios,Solid,Food,,,,,,,
2784,Zesta Strawberry Jam 1Kg,Pack size : 1kg,KES469.00(Inc. VAT),Average Nutritional Value As Per 100g,318.4Kcal,1332.1856kJ,1.19g,78g,,0.1g,0.8g,,Jam,Jelly,Food,Strawberry,,,,,,
2785,Carrefour Strawberry Jam Sugar Free 280G,,KES729.00(Inc. VAT),,,,,,,,,,,,,,,,,,,
2786,HELIOS SUGARED STRAWBERRY PRESE340G,Pack size : 340g,KES781.00(Inc. VAT),Average Nutritional Value As Per 100g,180.923kcal,757kJ,0.5g,44g,42.7g,0g,1.3g,,Fruit Jam,Gel,Food,Strawberry,,,,,,
2787,Natures Tastes Strawberry Jam 450g,Pack size : 450g,KES772.00(Inc. VAT),Average Nutritional Value As Per 100g,344kcal,1439.3kJ,0.67g,85.22g,72.12g,0.08g,,,Jam,Jelly,Food,,,,,,,
2788,St. Dalfour France Strawberry Jam 284g,Pack size : 284g,KES860.00(Inc. VAT),Average Nutritional Value As Per 100g,213Kcal,891.192kJ,0.5g,52g,48g,0.5g,,11mg,Jam,Jelly,Food,Strawberry,,,,,,
2789,Carrefour Strawberry Jam 700G,,KES899.00(Inc. VAT),,,,,,,,,,,,,,,,,,,
2790,Carrefour Strawberry Jam 370g,Pack size : 370g,KES899.00(Inc. VAT),,,,,,,,,,,,,,,,,,,
2791,Ma Cuisine Just Strawberry Jam 300g,Pack size : 300g,KES398.00(Inc. VAT),Average Nutritional Value As Per 100g,240kcal,1021kJ,0g,59g,59g,0g,1.1g,,Jam,Jelly,Food,Strawberry,,,,,,
2792,Zesta Strawberry Jam 500g,Pack size : 500g,,Average Nutritional Value As Per 100g,318.4Kcal,1332.1856kJ,1.19g,78g,,0.1g,0.8g,,Jam,Jelly,Food,Strawberry,,,,,,
2793,Kaputei Strawberry Jam 400g,Pack size : 400g,KES349.00(Inc. VAT),Average Nutritional Values As Per 100g,299kcal,1251.01kJ,0.19g,74.5g,62.4g,0g,,15mg,,,,,,,,,,
2794,Vitrac Strawberry Jam 850g,Pack size : 850g,KES400.00(Inc. VAT),Average Nutritional Value As Per Serving Size,40kcal,178kJ,0g,10g,9g,0g,0g,0mg,Strawberry Jam,Paste,Food,Strawberry,,0g,,,,
2795,Carrefour  Strawberry Jam 380G,,KES399.00(Inc. VAT),Average Nutritional Value As Per 100g,283Kcal,1185Kj,2.5g,68g,53g,0.1g,,,Food,Solid,Jam,Strawberry,,,,,,
2796,Zesta Strawberry Jam 400g,Pack size : 400g,KES349.00(Inc. VAT),Average Nutritional Value As Per 100g,318.4kcal,1332.18kJ,1.19g,78g,,0.1g,0.8g,,Jam,Jelly,Food,Strawberry,,,,,,
2797,Zesta Strawberry Jam 300g,Pack size : 300g,KES179.00(Inc. VAT),Average Nutritional Value As Per 100g,318.4kcal,1332.18kJ,1.19g,78.41g,,0.1g,0.8g,,Jam,Jelly,Food,Strawberry,,,,,,
2798,Kenylon Strawberry Jam 500g,Pack size : 500g,KES199.00(Inc. VAT),Average Nutritional Value As Per 100g,240Kcal,1004.16kJ,,59g,59g,,1.1g,,Jam,Jelly,Food,Strawberry,,,,,,
2799,KOL Strawberry Jam 1Kg,,KES444.00(Inc. VAT),Average Nutritional Value As Per 100g,267kcal,1117.13kJ,,65g,58g,,2g,,Strawberry Jam,Paste,Food,Strawberry,,,,,,
2800,HELIOS SUGARED STRAWBERRY PRESE340G,Pack size : 340g,KES781.00(Inc. VAT),Average Nutritional Value As Per 100g,180.923kcal,757kJ,0.5g,44g,42.7g,0g,1.3g,,Fruit Jam,Gel,Food,Strawberry,,,,,,
2801,Carrefour Sour Cherry Jam 380G,,KES399.00(Inc. VAT),Average Nutritional Value As Per 100g,283Kcal,1185Kj,0.8g,70g,50.7g,0.1g,,,Food,Solid,Jam,Cherry,,0.2g,,,,
2802,Carrefour Sour Cherry Jam 380G,,KES399.00(Inc. VAT),Average Nutritional Value As Per 100g,283Kcal,1185Kj,0.8g,70g,50.7g,0.1g,,,Food,Solid,Jam,Cherry,,0.2g,,,,
2803,Peptang Strawberry Jam 1Kg,Pack size : 1Kg,KES425.00(Inc. VAT),Average Nutritional Value As Per 100g,284Kcal,1188.256kJ,0.92g,70g,72g,,1.1g,,Jam,Jelly,Food,Strawberry,,,,,,
2804,KOL STRAWBERRY JAM PET 500G,,KES215.00(Inc. VAT),,,,,,,,,,,,,,,,,,,
2805,HERO STRAWBERRY JAM 340G,Pack size : 340g,KES390.00(Inc. VAT),Average Nutritional Value As Per 100g,251kcal,1067kj,0.4g,61g,48g,0.2g,,7mg,Strawberry Jam,Jelly,Food,Strawberry,,,,,,
2806,Carrefour Strawberry Jam Sugar Free 280G,,KES729.00(Inc. VAT),,,,,,,,,,,,,,,,,,,
2807,Natures Tastes Strawberry Jam 450g,Pack size : 450g,KES772.00(Inc. VAT),Average Nutritional Value As Per 100g,344kcal,1439.3kJ,0.67g,85.22g,72.12g,0.08g,,,Jam,Jelly,Food,,,,,,,
2808,KOL STRAWBERRY JAM 500G,Pack size : 500g,KES245.00(Inc. VAT),Average Nutritional Value As Per 100g,267kcal,1117.13kJ,,65g,58g,,2g,,Jam,Jelly,Food,Strawberry,,,,,,
2809,Pran Bisk Club Glucose Biscuit 16g,Pack size : 16g,KES17.00(Inc. VAT),Average Nutritional Value As Per 100g,453kcal,1895.35kJ,7.0g,77.3g,24.8g,12.9g,,,Biscuit,Solid,Food,,,,,,,
2810,Britannia Good Day Choco Chip Cookies 33g,Pack size : 33g,KES26.00(Inc. VAT),Average Nutritional Value As Per 100g,493kcal,2062kJ,5g,71g,30g,21g,,,Cookies,Solid,Food,,,,,,,
2811,Britannia Cashew Biscuits 33G,Pack size : 33g,KES26.00(Inc. VAT),,,,,,,,,,,,,,,,,,,
2812,NuVita Sponge Cake Chocolate 33g,Pack size : 33g,,Average Nutritional Value As Per 100g,539kcal,2255.18kJ,6.22g,60g,6.64g,30g,1.15g,,Cake,Solid,Food,Chocolate,,,,,,
2813,NuVita Chocolate Coated With Vanilla Cream Sponge Cake 33g,Pack size : 33g,,Average Nutritional Value As Per 100g,382kcal,1598.29kJ,7g,64g,29g,15g,,,Cake,Solid,Food,"Chocolate, Vanilla",,,,,,
2814,Nestle Cerevita Honey Breakfast Cereals Flakes 30g,Pack size : 30g,KES60.00(Inc. VAT),Average Nutritional Value As Per 100g,183kcal,765.672kJ,2g,28g,,7g,,98mg,Cereals Flakes,Solid,Food,Honey,,,,,,
2815,Pran Bisk Club Orange Cream Biscuits 90g,Pack size : 90g,KES95.00(Inc. VAT),Average Nutritional Value As Per 100g,464kcal,1941.38kJ,6g,68g,33g,18g,0g,0mg,Biscuits,Solid,Food,Orange,,,,,,
2816,Pran Bisk Club Strawberry Cream Biscuits 90g,Pack size : 90g,KES110.00(Inc. VAT),Average Nutritional Value As Per 100g,122kcal,510.448kJ,,17g,8g,4g,,61mg,Biscuits,Solid,Food,Strawberry,,,,,,
2817,Pran Bisk Club Coconut Biscuit 90g,Pack size : 90g,KES110.00(Inc. VAT),Average Nutritional Value As Per 100g,478kcal,1999.95kJ,6g,71g,31g,21.2g,,353mg,Biscuits,Solid,Food,Coconut,,,,,,
2818,Lu Prince Chocolate Biscuit 100g,Pack size : 100g,,Average Nutritional Value As Per 100g,525kcal,2196.6kJ,4.9g,"68,g",34.4g,25.6g,,136mg,Chocolate Biscuit,Solid,Food,Chocolate,,,,,,
2819,Biscolata Mood Chocolate Cream Filled Cookies 40g,Pack size : 40g,KES150.00(Inc. VAT),Average Nutritional Value As Per 100g,527.7kcal,2207kJ,5.7g,59.3g,36.5g,29.2g,2.5g,,Cookies,Solid,Food,Cocoa,,0.2g,,,,
2820,Britannia Bourbon Chocolate And Cream Biscuit 200g,Pack size : 200g,KES191.00(Inc. VAT),Average Nutritional Value As Per 26g,125kcal,523kJ,2g,18g,10g,5g,,40mg,Biscuit,Solid,Food,Chocolate And Cream,,,,,,
2821,Biscolata Mood Chocolate Cream Filled Cookies 115g,Pack size : 115g,KES400.00(Inc. VAT),Average Nutritional Value As Per 100g,527.7kcal,2207kJ,5.7g,59.3g,36.5g,29.2g,2.5g,,Cookies,Solid,Food,Cocoa,,0.2g,,,,
2822,Biscolata Mood Night Bitter Dark Chocolate Cookies 125g,Pack size : 125g,KES400.00(Inc. VAT),Average Nutritional Value As Per 100g,496kcal,2072kJ,25g,58.6g,32.2g,25g,5.3g,,Cookies,Solid,Food,Dark Cocoa,,0.6g,,,,
2823,Biscolata Mood Night Bitter Dark Chocolate Cookies 125g,Pack size : 125g,KES400.00(Inc. VAT),Average Nutritional Value As Per 100g,496kcal,2072kJ,25g,58.6g,32.2g,25g,5.3g,,Cookies,Solid,Food,Dark Cocoa,,0.6g,,,,
2824,Toffee Crisp Biscuit 130.9G,Pack size : 130.9g,KES599.00(Inc. VAT),,,,,,,,,,,,,"Toffee, Biscuit & Chocolate",,,,,,
2825,Jimcy Raw Almonds 100G,,KES270.00(Inc. VAT),,,,,,,,,,,,,,,,,,,
2826,Nutcracker Whole Almonds California 100G,Pack size : 100 g,KES380.00(Inc. VAT),Average Nutritional Value As Per Serving,579kcal,2422kJ,21g,22g,4.4g,50g,13g,1mg,Almonds,Solid,Food,,,,,,,
2827,Jimcy Roasted Pistachios 100G,Pack size : 100g,KES400.00(Inc. VAT),Average Nutritional Value As Per 100g,557kcal,2376.51kJ,20.61g,27.97g,7.64g,44.44g,10.3g,1mg,Roasted Pistachios,Solid,Food,,,,,,,
2828,Naturalli Whole Almonds 250g,Pack size : 250g,KES699.00(Inc. VAT),Average Nutritional Value As Per 100g,575kcal,2406kJ,21g,20g,4.9g,49g,12g,1mg,Almonds,Solid,Food,,,,,,,
2829,Cadbury Moro Nc Cholate Bar 38G,,KES89.00(Inc. VAT),,,,,,,,,,,,,,,,,,,
2830,Cadbury Dairy Milk Chocolate 35G,,,,,,,,,,,,,,,,,,,,,
2831,Cadbury Dairy Milk Hazelnut 35G,,,,,,,,,,,,,,,,,,,,,
2832,Cadbury Dairy Milk Fruit  Nut 35G,,,,,,,,,,,,,,,,,,,,,
2833,Nestle Kitkat 4 Finger Milk And Cocoa Plan Chocolate Bar 41. 5G,Pack size : 1. 5g,KES195.00(Inc. VAT),Average Nutritional Value As Per 100g,502kcal,2102kJ,6.7g,62.7g,51g,24.4g,2.1g,,,,,,,,,,,
2834,Cadbury Dairy Milk Chocolate 80G,Pack size : 80g,KES289.00(Inc. VAT),Average Nutritional Value As Per 100g,518kcal,2167.312kJ,7.7g,61g,46g,27g,0.4g,142mg,Chocolate,Solid,Food,,,,,,,
2835,Cadbury Dream White Chocolate 80G,Pack size : 80g,KES289.00(Inc. VAT),Average Nutritional Value As Per 100g,217kcal,908kJ,5.6g,59.5g,59.5g,32g,0.3g,128mg,White Chocolate,Solid,Food,,,,,,,
2836,Galaxy Smooth Milk Chocolate 42Gm,Pack size : 42gm,KES355.00(Inc. VAT),Nutrition values per 100g,544kcal,2273kJ,7.3g,55g,54g,32g,,,Food,Solid,Biscuits,Milk,,0.32g,,,,
2837,Carrefour Selection 72 Cocoa Beans Dark Chocolate Bar 100G,Pack size : 100g,KES459.00(Inc. VAT),Average Nutritional Value As Per 100g,539kcal,2241kJ,9g,41g,36g,35g,11g,,Chocolate Bar,Solid,Food,Cocoa,,<0.01g,,,,
2838,Blue Riband 108G,Pack size : 108g,KES499.00(Inc. VAT),,,,,,,,,,,,,Milk Chocolate & Wafer,,,,,,
2839,Cadbury Dairy Milk Chocolate 110G,Pack size : 110g,KES516.00(Inc. VAT),Average Nutritional Value As Per 100g,534kcal,2232kJ,,,,,,,Chocolate,Solid,Food,Chocoa,,,,,,
2840,Milka Alpine Milk Chocolate 100G,Pack size : 100g,KES569.00(Inc. VAT),,,,,,,,,,,,,Milk Chocolate,,,,,,
2841,Milka Bubbly Milk & White 95G,Pack size : 95g,KES579.00(Inc. VAT),,,,,,,,,,,,,Milk & White Chocolate,,,,,,
2842,Milka Extra Cocoa Chocolate 100G,,KES645.00(Inc. VAT),,,,,,,,,,,,,,,,,,,
2843,Milkybar Block 90G,Pack size : 90g,KES599.00(Inc. VAT),,,,,,,,,,,,,White Chocolate,,,,,,
2844,Milka Oreo Bar Chocolate 100G,Pack size : 100g,KES645.00(Inc. VAT),,,,,,,,,,,,,Creamy milk chocolate with vanilla cream and Oreo biscuit pieces.,,,Energy: 2329 kJ / 558 kcal; Fat: 35g; Saturates: 19g; Carbohydrates: 56g; Sugars: 50g; Fiber: 1.3g; Protein: 5.2g; Salt: 0.39g,,,
2845,Carrefour Bio Peru 85% 100G,Pack size : 100g,KES699.00(Inc. VAT),Nutrition information as per 100g,631 Kcal,2610 g,9.1g,20g,15g,55g,12g,,,,,,,,,,,
2846,Carrefour Bio Dark Orange 100G,Pack size : 100g,KES699.00(Inc. VAT),Nutrition information as per 100g,551 Kcal,2293 kJ,7.1g,44g,41g,36g,12g,8mg,,,,,,0.02g,,,,
2847,Carrefour Bio Organic 74 Cocoa Dark Chocolate Bar 100G,Pack size : 100g,KES699.00(Inc. VAT),Average Nutritional Value As Per 100g,567kcal,2353kJ,9.6g,32g,27g,42g,12g,,Chocolate Bar,Solid,Food,Cocoa,,0.03g,,,,
2848,Carrefour Extra Fine Tablet Tasting Milk Chocolate Bar 100g,Pack size : 100g,KES699.00(Inc. VAT),Average Nutritional Value As Per 100g,570kcal,2374kJ,9.1g,49g,48g,37g,2.1g,,Chocolate Bar,Solid,Food,,,0.23g,,,,
2849,Ritter Sport Dark Whole Almonds 100G,Pack size : 100g,,Average Nutritional Value As Per 100g,560kcal,2329kJ,9.5g,37g,15g,39g,,,Dark Chocolate,Solid,Food,Almonds,,,,,,
2850,Jacobsen Scenes Of Europe Butter Biscuit 150G,Pack size : 150g,KES709.00(Inc. VAT),Average Nutritional Value As Per 100g,360.6kcal,1508.75kJ,9.2g,78.19g,,1.0g,,0.0g,Biscuit,Solid,Food,Butter,,,,,,
2851,Cachet Caramel And Sea Salt Chocolate 100G,Pack size : 100g,KES745.00(Inc. VAT),Average Nutritional Value As Per 100g,527kcal,2205kJ,5.6g,60g,59g,29g,,,Chocolate,Solid,Food,"Caramel, Sea Salt",,0.32g,,,,
2852,Cachet Sea Salt 70 Cocoa Extra Dark Chocolate Bar 100G,Pack size : 100g,KES745.00(Inc. VAT),Average Nutritional Value As Per Serving,150kcal,627kJ,2g,11g,6g,11g,3g,40mg,Dark Chocolate Bar,Solid,Food,Dark Cocoa,,,,,,
2853,Cachet Extra Dark 85 Chocolate100G,Pack size : 100g,KES745.00(Inc. VAT),Average Nutritional Value As Per 100g,587kcal,"2,456kJ",10g,16g,11g,50g,0g,0mg,Extra Dark Chocolate Bar,Solid,Food,Cocoa,,0.02g,,,,
2854,Cachet Extra Dark Peru 64 100G,Pack size : 100g,KES775.00(Inc. VAT),Average Nutritional Value As Per 100g,553kcal,"2,315kJ",6.8g,39g,35g,39g,0g,0mg,Extra Dark Chocolate Bar,Solid,Food,"Cocoa, Peru",,0.02g,,,,
2855,Cachet Dark 57 Pearalmond Tub100G,Pack size : 100g,KES775.00(Inc. VAT),Average Nutritional Value As Per 100g,523kcal,"2,188kJ",7.3g,40g,35g,35g,0g,0mg,Dark Chocolate Bar,Solid,Food,"Cocoa, Pear And Almond",,0g,,,,
2856,Cachet Orange And Almonds 57% Cocoa Dark Chocolate 100g,Pack size : 100g,KES775.00(Inc. VAT),Average Nutritional Value As Per 100g,527kcal,2205kJ,6.8g,43g,39g,34g,,,Dark Chocolate,Solid,Food,"Orange, Almond",,,,,,
2857,Cachet Uganda 80 Extra Dark Chocolate 100G,Pack size : 100g,KES775.00(Inc. VAT),Average Nutritional Value As Per 100g,589kcal,2438kJ,8.60g,20g,19g,48g,,,Dark Chocolate,Solid,Food,,,,,,,
2858,Cachet Tanzania 72 Cocoa Extra Dark Chocolate Bar 100G,Pack size : 100g,KES775.00(Inc. VAT),Average Nutritional Value As Per 100g,580kcal,2427kJ,7.5g,29g,25g,45g,,,Dark Chocolate Bar,Solid,Food,Dark Cocoa,,0.02g,,,,
2859,Guylian 72% Cocoa Raspberry Dark Chocolate Bar 100g,,KES795.00(Inc. VAT),Average Nutritional Value As Per 100g,541kcal,2263.54kJ,9.4g,27.5g,23.1g,39.8g,,8mg,Dark Chocolate Bar,Solid,Food,"Raspberry, Cocoa",,,,,,
2860,GUYLIAN MILK CHOCO SCARAMEL BAR100G,Pack size : 100g,KES795.00(Inc. VAT),Average Nutritional Value As Per 100g,539kcal,2258kJ,8.6g,52g,51g,32g,,,Milk Chocolate,Solid,Food,Salted Caramel,,,,,,
2861,Cachet Extremely 90 Cocoa Dark Chocolate Bar 100G,Pack size : 100g,KES795.00(Inc. VAT),Average Nutritional Value As Per 100g,613kcal,2565kJ,9.7g,12g,7.9g,54g,0g,0mg,Chocolate Bar,Solid,Food,Cocoa,,0.03g,,,,
2862,Guylian Caramel Almond Milk Chocolate Bar 100g,,KES795.00(Inc. VAT),Average Nutritional Value As Per 100g,548kcal,2292.83kJ,9.3g,48.7g,47.6g,34.1g,,94mg,Chocolate Bar,Solid,Food,"Almond, Caramel",,,,,,
2863,Cachet Costa Rica 71 Extra Dark Chocolate 100G,Pack size : 100g,KES795.00(Inc. VAT),Average Nutritional Value As Per 100g,543kcal,2247kJ,7.9g,33.4g,28.2g,41g,11g,,Dark Chocolate,Solid,Food,,,,,,,
2864,Cadbury Diam Mini Egg Bar 77G,,KES852.00(Inc. VAT),,,,,,,,,,,,,,,,,,,
2865,Green & Black's Milk Chocolate Bar 90G,,KES899.00(Inc. VAT),,,,,,,,,,,,,,,,,,,
2866,Green & Black's Dark Choco 60% Ginger 90G,,KES899.00(Inc. VAT),,,,,,,,,,,,,,,,,,,
2867,Green & Black's Milk Chocolate Bar 90G,,KES899.00(Inc. VAT),,,,,,,,,,,,,,,,,,,
2868,Green & Black's 70% Dark 90G,,KES899.00(Inc. VAT),,,,,,,,,,,,,,,,,,,
2869,Green & Black's Milk Choco Butterscotch 90G,,KES899.00(Inc. VAT),,,,,,,,,,,,,,,,,,,
2870,Carrefour Bio Dark Almond 100G,Pack size : 100g,KES899.00(Inc. VAT),Nutrition information as per 100g,550 Kcal,2289 Kj,8.1g,43g,40g,36g,11g,,,,,,,,,,,
2871,Green & Black's 85% Dark 90G,,KES899.00(Inc. VAT),,,,,,,,,,,,,,,,,,,
2872,Lindt Excellence Mint Intense Dark Chocolate 100g,Pack size : 100g,KES905.00(Inc. VAT),Average Nutritional Value As Per 100g,529kcal,2202kJ,6.3g,51g,49g,32g,,,Dark Chocolate,Solid,Food,Mint,,0.03g,,,,
2873,Cadbury Dairymilk Black Forest 160G,Pack size : 160g,KES950.00(Inc. VAT),,,,,,,,,,,Solid,Chocolate,,No additives,,,,,
2874,Cadbury Dairy Milk Chocolate Bar 160G,Pack size : 160g,KES950.00(Inc. VAT),,,,,,,,,,,Solid,Chocolate,,No additives,,,,,
2875,Cadbury Dairymilk Roast Almond 160G,Pack size : 160g,KES950.00(Inc. VAT),,,,,,,,,,,Solid,Chocolate,,No additives,,,,,
2876,Guylian Sea Horse Chocolate 85G,,,,,,,,,,,,,,,,,,,,,
2877,Cadbury Dairy Milk Mini Egg 77G,Pack size : 77g,KES1290.00(Inc. VAT),,,,,,,,,,,Solid,Chocolate,,No additives,,,,,
2878,Lindt Les Grandes 32 Whole Almond White Chocolate Bar 150G,Pack size : 150g,KES1390.00(Inc. VAT),Average Nutritional Value As Per 100g,606kcal,2522kJ,11g,44g,39g,42g,,,White Chocolate Bar,Solid,Food,Almonds,,0.17g,,,,
2879,Maltesers Small Box 110G,Pack size : 110g,KES1290.00(Inc. VAT),Average Nutritional Value As Per 100g,503kcal,2105kJ,8.1g,62g,53g,25g,,,Chocolate Box,Solid,Frozen,Cocoa,,,,,,
2880,Lindt Les Grandes 34% Hazelnut Dark Chocolate Bar 150g,Pack size : 150g,KES1390.00(Inc. VAT),Average Nutritional Value As Per 100g,573kcal,2382kJ,8g,42g,39g,40g,,,Dark Chocolate Bar,Solid,Food,Hazelnut,,0.02g,,,,
2881,Tony'S Chocolonely Nougat Chocolate 180G,Pack size : 180G,KES1400.00(Inc. VAT),,,,,,,,,,,,,,,,,,,
2882,Tony'S Chocolonely Milk Chocolate 180G,,KES1400.00(Inc. VAT),,,,,,,,,,,,,,,,,,,
2883,Tony'S Chocolonely Milk Chocolate 180G,,KES1400.00(Inc. VAT),,,,,,,,,,,,,,,,,,,
2884,Dubai Kunafa & Hazelnut Chocolate100G,Pack size : 100g,KES1576.00(Inc. VAT),,,,,,,,,,,,,,,,Energy: 2160 kJ / 516 kcal; Fat: 27.9g; Saturates: 23g; Carbohydrates: 52.9g; Sugars: 48g; Protein: 10.2g; Salt: 0.25g,,,
2885,Guylian Sea Horses Caramel Chocolate 170G,,KES1595.00(Inc. VAT),,,,,,,,,,,,,,,,,,,
2886,The Belgian Raspberry Delight Chocolate 200G,Pack size : 200g,KES1899.00(Inc. VAT),Average Nutritional Value As Per 25g,140kcal,585.76kJ,1g,13g,13g,9g,1g,10mg,Chocolate,Solid,Food,Raspberry,,,,,,
2887,The Belgian Seashells Dark Chocolate 250g,,KES1899.00(Inc. VAT),Average Nutritional Value As Per 35g,190kcal,794.9kJ,2g,14g,13g,14g,3g,2mg,Dark Chocolate,Solid,Food,Cocoa,,,,,,
2888,Naturalli Sesame Seeds 100g,Pack size : 100g,KES199.00(Inc. VAT),Average Nutritional Value As Per 100g,573kcal,2397.43kJ,18g,23g,0.3g,50g,12g,11mg,Sesame Seeds,Solid,Food,,,,,,,
2889,Naturalli Sunflower Seeds 100g,Pack size : 100g,KES199.00(Inc. VAT),Average Nutritional Value As Per 100g,584kcal,2443.46kJ,21g,20g,2.6g,51g,9g,9mg,Sunflower Seeds,Solid,Food,,,,,,,
2890,TONG GARDEN WASABI GREEN PEAS 95G,,KES212.00(Inc. VAT),,,,,,,,,,,,,,,,,,,
2891,Tong Garden Sflower Seed C C 130G,,KES225.00(Inc. VAT),,,,,,,,,,,,,,,,,,,
2892,Nutcracker Sesame Seeds 100G,Pack size : 100 g,KES227.00(Inc. VAT),Average Nutritional Value As Per 100g,565kcal,2363kJ,19g,17.8g,0g,48g,,,Sesame Seeds,Solid,Food,,,,,,,
2893,Nutrameal Kalonji 150G,,KES235.00(Inc. VAT),,,,,,,,,,,,,,,,,,,
2894,Nutcracker Pumpkin Seeds 100G,Pack size : 100 g,KES313.00(Inc. VAT),Average Nutritional Value As Per 100g,446kcal,1866kJ,19g,54g,,19g,18g,18mg,Pumpkin Seeds,Solid,Food,,,,,,,
2895,Naturalli Sesame Seeds 250g,Pack size : 250g,KES429.00(Inc. VAT),Average Nutritional Value As Per 100g,573kcal,2397.43kJ,18g,23g,0.3g,50g,12g,11mg,Sesame Seeds,Solid,Food,,,,,,,
2896,Naturalli Sunflower Seeds 250g,Pack size : 250g,KES319.00(Inc. VAT),Average Nutritional Value As Per 100g,584kcal,2443.46kJ,21g,20g,2.6g,51g,9g,9mg,Sunflower Seeds,Solid,Food,,,,,,,
2897,Java House Crispy Crunchy Granola Cereal 400g,Pack size : 400g,KES698.00(Inc. VAT),Average Nutritional Value As Per 100g,565kcal,2363kJ,26g,55g,22g,26g,3g,,Cereal,Solid,Food,,,,,,,
2898,Java House Tropical Crunch Granola Cereal 400g,Pack size : 400g,KES989.00(Inc. VAT),Average Nutritional Value As Per 100g,431kcal,1808kJ,10g,64g,29g,14.7g,5g,294mg,Cereal,Solid,Food,,,,,,,
2899,Sante Fruit Granola 350g,Pack size : 350g,KES598.00(Inc. VAT),Average Nutritional Value As Per 100g,448kcal,1874kJ,9.4g,65G,19g,15g,,0mg,Granola,Solid,Food,Fruit,,,,,,
2900,Sante Fruit Granola 350g,Pack size : 350g,KES598.00(Inc. VAT),Average Nutritional Value As Per 100g,448kcal,1874kJ,9.4g,65G,19g,15g,,0mg,Granola,Solid,Food,Fruit,,,,,,
2901,Healthy Kajuju Tropical Fruit Granola 500g,Pack size : 500g,KES989.00(Inc. VAT),Average Nutritional Value As Per 50g,212kcal,887.008kJ,4g,32g,9g,6g,3g,40mg,Granola,Solid,Food,Tropical Fruit,,,,,,
2902,Jordans Super Fruity Granola 500G,,KES1619.00(Inc. VAT),,,,,,,,,,,,,,"•	Free From Artificial Colours
•	Free From Artificial Flavours
•	Free From Artificial Preservatives",,,,,
2903,Lizi Original Granola Nuts And Seed 450G,Pack size : 450g,KES1419.00(Inc. VAT),,,,,,,,,,,,,Nuts & Seeds,,,,,,
2904,Jordans Super Nutty Granola 500G,,KES1619.00(Inc. VAT),,,,,,,,,,,,,,"•	Free From Artificial Colours
•	Free From Artificial Flavours
•	Free From Artificial Preservatives",,,,,
2905,Sante Nut Cereal Flakes Granola With Nut 350g,Pack size : 350g,KES598.00(Inc. VAT),Average Nutritional Value As Per 100g,465kcal,1950kJ,12g,58g,19g,19g,7.1g,,Granola,Solid,Food,Nut,,0.65g,,,,
2906,Jordans Super Berry Granola 500G,,KES1619.00(Inc. VAT),,,,,,,,,,,,,,"•	Free From Artificial Colours
•	Free From Artificial Flavours
•	Free From Artificial Preservatives",,,,,
2907,Lizi Original Granola Nuts And Seed 450G,Pack size : 450g,KES1419.00(Inc. VAT),,,,,,,,,,,,,Nuts & Seeds,,,,,,
2908,Lizi Organic Nuts & Seeds Granola 350G,Pack size : 350g,KES1639.00(Inc. VAT),,,,,,,,,,,,,Nuts & Seeds,,,,,,
2909,BlueBand Low Fat Spread for Bread 100g,Pack size : 100g,KES45.00(Inc. VAT),,190.726577,798,-,0,0,20g,0,985mg,,Solid,Food,,,0,"Vitamin A, Vitamin D, Vitamin B6 & B12, Niacin, Folic Acid",,,
2910,Prestige Vanilla Margarine 250G,Pack size : 250g,,Average Nutritional Value As Per 250g,1315kcal,5501.96kJ,105g,,,147.92g,,1962mg,Margarine,Paste,Food,,,,,,,
2911,Prestige Vanilla Margarine 250G,Pack size : 250g,,Average Nutritional Value As Per 250g,1315kcal,5501.96kJ,105g,,,147.92g,,1962mg,Margarine,Paste,Food,,,,,,,
2912,Onja Margarine 250G,,KES150.00(Inc. VAT),,,,,,,,,,,,,,,,,,,
2913,BlueBand Original Spread 250g,Pack size : 250g,KES159.00(Inc. VAT),Per 20g serving,449.330784,1880,<0.2g,<0.5g,<0.5g,50g,<0.5g,885mg,Fat Spread,Solid,Food,,,-,"Vitamin A, Vitamin B3, Vitamin B6, Vitamin B9, Vitamin B12, Vitamin E, Omega 3 & 6",,,
2914,BlueBand Choco Spread 250g,Pack size : 250g,KES189.00(Inc. VAT),Average Nutritional Value As Per 100g,,1965,<1g,35.2g,35g,35g,<1g,200mg,Food,Solid,Food,Chocolate,,,"Vitamin A, Vitamin B3, Vitamin B6, Vitamin B9, Vitamin B12",,,
2915,BlueBand Low Fat Spread for Bread 500g,Pack size : 500g,KES200.00(Inc. VAT),Per 20g serving,190.726577,798,-,0,0,20g,0,985mg,Bread Spread,Solid,Food,,,0,"Vitamin A, Vitamin D, Vitamin B6 & B12, Niacin, Folic Acid",,,
2916,Prestige Vanilla Margarine 500G,Pack size : 500g,,Average Nutritional Value As Per 100g,735kcal,3075.24kJ,,,,18.7g,,799mg,Margarine,Paste,Food,,,,,,,
2917,Prestige Original Margarine 500G,Pack size : 500g,,Average Nutritional Value As Per 100g,532.9828kcal,2230kJ,0.2g,0.5g,0.5g,60g,0.5g,630mg,Margarine,Paste,Food,,,,,,,
2918,Nutella Ferrero & Go Hazelnut Spread And Malted Bread Sticks 52g,Pack size : 52g,KES300.00(Inc. VAT),Average Nutritional Value As Per 52g,270kcal,1129.68kJ,4g,33g,23g,13g,2g,120mg,Hazelnut Spread,Solid,Food,,,,,,,
2919,BlueBand Original Spread 500g,Pack size : 500g,,Per 20g serving,449.330784,1880,<0.2g,<0.5g,<0.5g,50g,<0.5g,885mg,Fat Spread,Solid,Food,,,-,"Vitamin A, Vitamin B3, Vitamin B6, Vitamin B9, Vitamin B12, Vitamin E, Omega 3 & 6",,,
2920,Naturalli Unsalted Almond Butter 170g,Pack size : 170g,KES699.00(Inc. VAT),Average Nutritional Value As Per 100g,190kcal,794.96kJ,6g,6g,2g,17g,3g,0mg,Almond Butter,Paste,Food,,,,,,,
2921,Naturalli Salted Almond Butter 360g,Pack size : 360g,KES1299.00(Inc. VAT),Average Nutritional Value As Per 100g,190kcal,794.96kJ,6g,6g,2g,17g,3g,0mg,Almond Butter,Paste,Food,,,,,,,
2922,LOTUS BISCOFF SPREAD CRUNCHY 380G,,KES1720.00(Inc. VAT),,,,,,,,,,,,,,,,,,,
2923,Amigos Gathia Nuts 50G,Pack size : 50G,KES37.00(Inc. VAT),Average Nutritional Value As Per 100g,519.70kcal,2174.42kJ,18.20g,47.80g,1.50g,28.50g,,,Gathia,Solid,Food,,,,,,,
2924,Nutfields Dry Roasted And Salted Mixed Nuts 20g,Pack size : 20g,KES55.00(Inc. VAT),Average Nutritional Value As Per 100g,569.8kcal,2384.04kJ,16.8g,24.5g,4.6g,49g,8.4g,331.1mg,Mixed Nuts,Solid,Food,,,,,,,
2925,Amigos Nuts Chevda 50g,Pack size : 50g,KES54.00(Inc. VAT),Average Nutritional value As Per 100g,512kcal,5142kJ,8g,55.5g,15g,28.62g,1.3g,780mg,Chevda,Solid,Food,,,,,,,
2926,Tropical Heat Chevda Original 50G,Pack size : 50g,KES62.00(Inc. VAT),Average Nutritional Value As Per 100g,528Kcal,2206Kj,10g,49.7g,6.9g,32.3g,3.5g,0.88g,Chevda,Solid,Food,Original,No Additives,,"Tropical Heat Kenyan Chevda is fried in healthy corn oil, gluten free and suitable for vegetarians.",,,
2927,Tropical Heat Chevda Chilli Lemon 50G,Pack size : 50g,KES64.00(Inc. VAT),Average Nutritional Value As Per 100g,516Kcal,2154KJ,10.1g,46.6g,7.6g,30.7g,6.4g,0.86g,Chevda,Solid,Food,Chilli Lemon,No Additives,,"Tropical Heat Kenyan Chevda is fried in healthy corn oil, gluten free and suitable for vegetarians.",,,
2928,Depy's Nuts Chevda 50g,Pack size : 50g,KES65.00(Inc. VAT),Average Nutritional value As Per 100g,512kcal,5142kJ,8g,55.5g,15g,28.62g,1.3g,780mg,Chevda,Solid,Food,,,,,,,
2929,AMIGOS GATHIA NUTS 100G,Pack size : 100g,KES71.00(Inc. VAT),,,,,,,,,,Gathia Nuts,Solid,Food,,,,,,,
2930,Tropical Heat  Exotic Snacks 50G,Pack size : 50G,KES85.00(Inc. VAT),Average Nutritional Value As Per 30g,,,6.0g,7.0g,2.0g,11.0g,4.0g,120mg,Snacks,Solid,Food,Exotic,No Additives,,Good source of protein & dietary fibre.,,,
2931,Amigos Nuts Chevda 100g,Pack size : 100g,KES105.00(Inc. VAT),Average Nutritional value As Per 100g,512kcal,5142kJ,8g,55.5g,15g,28.62g,1.3g,780mg,Chevda,Solid,Food,,,,,,,
2932,Depy's Sugar Free Nuts Chevda 100g,Pack size : 100g,KES110.00(Inc. VAT),Average Nutritional value As Per 100g,512kcal,5142kJ,8g,55.5g,,28.62g,1.3g,780mg,Chevda,Solid,Food,,,,,,,
2933,Honeycomb Fruit & Nut Chevda 75G,,KES110.00(Inc. VAT),,,,,,,,,,,,,,,,,,,
2934,Nutcraker Granola Snack Mix 75G,Pack size : 75g,KES155.00(Inc. VAT),Average Nutritional Value As Per 100g,436kcal,,5g,45g,21g,4.5g,6.9g,0g,snack,solid,snack,,No additives,95mg,,,,
2935,Out of Africa Honey Coated Mixed Nuts 50g,Pack size : 50g,KES174.00(Inc. VAT),Average Nutritional Value As Per 100g,578kcal,2418.35kJ,15g,33g,20g,47g,5.9g,388mg,Mixed Nuts,Solid,Food,Honey,,,,,,
2936,Out of Africa Mixed Nuts 50g,Pack size : 50g,KES174.00(Inc. VAT),Average Nutritional Value As Per 100g,597kcal,2497.85kJ,24g,19g,4g,52g,8g,321mg,Mixed Nuts,Solid,Food,,,,,,,
2937,Tropical Heat Chevda Original 150G,Pack size : 150g,KES180.00(Inc. VAT),Average Nutritional Value As Per 100g,528Kcal,2206Kj,10g,49.7g,6.9g,32.3g,3.5g,0.88g,Chevda,Solid,Food,Original,No Additives,,"Tropical Heat Kenyan Chevda is fried in healthy corn oil, gluten free and suitable for vegetarians.",,,
2938,Nutcracker Safari Snack Mix 90G,Pack size : 90g,KES193.00(Inc. VAT),Average Nutritional Value As Per 100g,743.4kcal,,14.37g,19.56g,13.04g,3.67g,2.78g,0g,snack,solid,snack,,No additives,0.034g,,,,
2939,Amigos Nuts Chevda 200g,Pack size : 200g,KES207.00(Inc. VAT),Average Nutritional value As Per 100g,512kcal,5142kJ,8g,55.5g,15g,28.62g,1.3g,780mg,Chevda,Solid,Food,,,,,,,
2940,Honeycomb Fruit & Nut Chevda F 150G,,KES220.00(Inc. VAT),,,,,,,,,,,,,,,,,,,
2941,Nutfields Mixed Nuts 80g,Pack size : 80g,KES220.00(Inc. VAT),Average Nutritional Value As Per 100g,597kcal,2497.85kJ,24g,19g,4g,52g,8g,321mg,Mixed Nuts,Solid,Food,,,,,,,
2942,Nutfields Mixed Nuts 80g,Pack size : 80g,KES220.00(Inc. VAT),Average Nutritional Value As Per 100g,597kcal,2497.85kJ,24g,19g,4g,52g,8g,321mg,Mixed Nuts,Solid,Food,,,,,,,
2943,Nuttishland Mixed Nuts 100G,,KES240.00(Inc. VAT),Average Nutritional Value As Per 100g,,2588Kj,16.1g,20.2g,,58.4g,,,,,nuts,,,,,,,
2944,C&R Wots Tikha Gathia 250g,Pack size : 250g,KES350.00(Inc. VAT),Average Nutritional Value As Per 30g,160kcal,669kJ,6g,14g,2g,9g,3g,360mg,Tikha Gathia,Solid,Food,,,,,,,
2945,Tropical Heat Chevda Original 340G,Pack size : 340g,KES399.00(Inc. VAT),Average Nutritional Value As Per 100g,528Kcal,2206Kj,10g,49.7g,6.9g,32.3g,3.5g,0.88g,Chevda,Solid,Food,Original,No Additives,,"Tropical Heat Kenyan Chevda is fried in healthy corn oil, gluten free and suitable for vegetarians.",,,
2946,Tropical Heat Chevda Masala 340G,Pack size : 340g,KES400.00(Inc. VAT),Average Nutritional Value As Per 100g,528Kcal,2206KJ,10g,49.7g,6.9g,32.3g,3.5g,0.88g,Chevda,Solid,Food,Masala,No Additives,,"Tropical Heat Kenyan Chevda is fried in healthy corn oil, gluten free and suitable for vegetarians.",,,
2947,Tropical Heat Chevda Chilli Lemon 340G,Pack size : 340g,KES399.00(Inc. VAT),Average Nutritional Value As Per 100g,516Kcal,2154KJ,10.1g,46.6g,7.6g,30.7g,6.4g,0.86g,Chevda,Solid,Food,Chilli Lemon,No Additives,,"Tropical Heat Kenyan Chevda is fried in healthy corn oil, gluten free and suitable for vegetarians.",,,
2948,Tropical Heat Chevda Hot 340G,Pack size : 340g,KES399.00(Inc. VAT),Average Nutritional Value As Per 100g,538Kcal,2244KJ,9.99g,44.2g,7.2g,34.4g,6.0g,0.9g,Chevda,Solid,Food,Hot,No Additives,,"Tropical Heat Kenyan Chevda is fried in healthy corn oil, gluten free and suitable for vegetarians.",,,
2949,Depy's Nuts Chevda 400g,Pack size : 400g,KES410.00(Inc. VAT),Average Nutritional value As Per 100g,512kcal,5142kJ,8g,55.5g,15g,28.62g,1.3g,780mg,Chevda,Solid,Food,,,,,,,
2950,Out of Africa Mixed Nuts 150g,Pack size : 150g,KES515.00(Inc. VAT),Average Nutritional Value As Per 100g,596kcal,2494kJ,24.2g,5g,4.4g,51.7g,8g,7.76g,Mixed Nuts,Solid,Food,,,,,,,
2951,Out of Africa Honey Coated Mixed Nuts 150g,Pack size : 150g,KES517.00(Inc. VAT),Average Nutritional Value As Per 100g,578kcal,2418.35kJ,15g,33g,20g,47g,5.9g,388mg,Mixed Nuts,Solid,Food,Honey,,,,,,
2952,Nutcracker Periperi Flavour  Mixed Nuts 150G,Pack size : 150g,KES549.00(Inc. VAT),Average Nutritional Value As Per 100g,468.85kcal,,16.10g,13.23g,6.26g,65.33g,4.70g,120.1g,snack,solid,snack,,No additives,0.52g,,,,
2953,Amigos Indian Nuts Chevda 500g,Pack size : 500g,KES525.00(Inc. VAT),Average Nutritional value As Per 100g,512kcal,5142kJ,8g,55.5g,15g,28.62g,1.3g,780mg,Chevda,Solid,Food,,,,,,,
2954,Nutcracker Salt & Black Pepper Mixed Nut 150G,Pack size : 150g,KES549.00(Inc. VAT),Average Nutritional Value As Per 100g,523.07kcal,,17.35g,21.31g,4.64g,66.57g,6.78g,44.24g,snack,solid,snack,,No additives,0.23g,,,,
2955,Nutcracker Smokey Bbq Flavour Mixed Nut 150G,Pack size : 150g,KES549.00(Inc. VAT),Average Nutritional Value As Per 100g,471.5Kcal,,15.99g,13.8g,8.22g,65.18g,5.63g,4.07g,snack,solid,snack,,No additives,0.3g,,,,
2956,Out of Africa Honey Coated Mixed Nuts 250g,Pack size : 250g,KES820.00(Inc. VAT),Average Nutritional Value As Per 100g,578kcal,2418.35kJ,15g,33g,20g,47g,5.9g,388mg,Mixed Nuts,Solid,Food,Honey,,,,,,
2957,Nutfields Mixed Nuts 250g,Pack size : 250g,KES685.00(Inc. VAT),Average Nutritional Value As Per 100g,597kcal,2497.85kJ,24g,19g,4g,52g,8g,321mg,Mixed Nuts,Solid,Food,,,,,,,
2958,Out of Africa Mixed Nuts 250g,Pack size : 250g,KES820.00(Inc. VAT),Average Nutritional Value As Per 100g,597kcal,2497.85kJ,24g,19g,4g,52g,8g,321mg,Mixed Nuts,Solid,Food,,,,,,,
2959,Naturalli Moringa Powder 400g,Pack size : 400g,KES999.00(Inc. VAT),Average Nutritional Value As Per 100g,281kcal,1179kJ,5.9g,38.2g,0g,0.2g,8.27g,0mg,Moringa Powder,Powder,Food,,,,,,,
2960,Tropical Heat Chevda Original 1Kg,Pack size : 1kg,KES1200.00(Inc. VAT),Average Nutritional Value As Per 100g,528Kcal,2206Kj,10g,49.7g,6.9g,32.3g,3.5g,0.88g,Chevda,Solid,Food,Original,No Additives,,"Tropical Heat Kenyan Chevda is fried in healthy corn oil, gluten free and suitable for vegetarians.",,,
2961,Tong Garden All Natural Cocktail Snack 140g,Pack size : 140g,KES1016.00(Inc. VAT),Average Nutritional Value As Per 30g,140kcal,585.7kJ,5g,14g,11g,8g,2g,,Cocktail Snack,Solid,Food,,,,,,,
2962,Chestnut,,KES1099.50/500g(Inc. VAT),Average Nutritional Value As Per 100g,190Kcal,794.96kJ,5g,,,,,,Chestnut,Solid,Food,,,,,,,
2963,Sweet Tamarind 500G,Pack size : 500g,KES1499.00(Inc. VAT),Average Nutritional Value As Per 100g,314kcal,1313kJ,2.9g,75g,0g,0g,4g,0mg,Tamarind,Solid,Food,Tamarind,,,,,,
2964,Jimcy Skinned Peanuts 50g,Pack size : 50g,KES28.00(Inc. VAT),,,,,,,,,,,,,,,,,,,
2965,Jimcy Roasted Peanuts 50g,Pack size : 50g,KES30.00(Inc. VAT),,,,,,,,,,,,,,,,,,,
2966,Jimcy Masala Peanuts 50g,Pack size : 50g,KES35.00(Inc. VAT),,,,,,,,,,,,,,,,,,,
2967,Kudos Fried Peanuts 50g,Pack size : 50g,KES31.00(Inc. VAT),Average Nutritional Value As Per 50g,634kcal,2652.656kJ,26g,20g,4.1g,50g,8.6g,260mg,Fried Peanuts,Solid,Food,,,,,,,
2968,Best Salted Peanuts 11G,,KES40.00(Inc. VAT),,,,,,,,,,,,,,,,,,,
2969,Amigos Fried Peanuts 50 gr,,KES43.00(Inc. VAT),,,,,,,,,,,,,,,,,,,
2970,Amigos Masala Peanuts  50 gr,Pack size : 50 gr,KES43.00(Inc. VAT),,,,,,,,,,,,,,,,,,,
2971,Amigos Roasted Peanuts 50 gr,Pack size : 50 gr,KES43.00(Inc. VAT),,,,,,,,,,,,,,,,,,,
2972,Amigos Peanut Chikki Nuts 50 gr,Pack size : 50 gr,KES49.00(Inc. VAT),,,,,,,,,,,,,,,,,,,
2973,Amigos Simsim Nuts Chikki 50g,Pack size : 50g,KES49.00(Inc. VAT),Average Nutritional Value As Per 100g,110kcal,509kcal,8g,2129.6kJ,66.23g,23.5g,,,Chikki,Solid,Food,,,,,,,
2974,Beecare Naturals Roasted and Salted Peeled Peanuts 50G,Pack size : 50g,KES50.00(Inc. VAT),,,,,,,,,,,,,,,,,,,
2975,Jimcy Fried Peanuts 100g,Pack size : 100g,KES55.00(Inc. VAT),,,,,,,,,,,,,,,,,,,
2976,Depy's Fried Peanuts 50g,Pack size : 50g,KES60.00(Inc. VAT),Average Nutritional Value As Per Serving Size,567kcal,2556kJ,26g,16g,4g,49g,9g,18mg,Roasted Peanuts,Solid,Food,,,,,,,
2977,Tropical Heat Snacks TropNuts Fried Peanuts 50g,Pack size : 50g,KES60.00(Inc. VAT),Average Nutritional Value As Per 100g,475Kcal,1995KJ,18.4g,56.4g,,19.6g,3.6g,1.7g,,Solid,,Fried,No Additives,,"Tropical Heat TropNuts Fried Peanuts are trans fat free, gluten free, contain no artificial additives and are suitable for vegetarians.",,,
2978,Tropical Heat Snacks TropNuts Masala Bhajia Peanuts 50g,,KES60.00(Inc. VAT),,,,,,,,,,,,,,,,,,,
2979,Tropical Heat Snacks TropNuts Chilli Lemon Peanuts 50g,Pack size : 50g,KES60.00(Inc. VAT),Average Nutritional Value As Per 100g,602Kcal,2495KJ,25.9g,13.6g,,49.3g,6.5g,0.9g,,Solid,,Chilli Lemon,No Additives,,"Tropical Heat TropNuts Chilli Lemon Peanuts are trans fat free, gluten free, contain no artificial additives and are suitable for vegetarians.",,,
2980,Tropical Heat Snacks TropNuts Chilli Lemon Peanuts 50g,Pack size : 50g,KES60.00(Inc. VAT),Average Nutritional Value As Per 100g,602Kcal,2495KJ,25.9g,13.6g,,49.3g,6.5g,0.9g,,Solid,,Chilli Lemon,No Additives,,"Tropical Heat TropNuts Chilli Lemon Peanuts are trans fat free, gluten free, contain no artificial additives and are suitable for vegetarians.",,,
2981,Sesia Roasted Peanuts 100g,Pack size : 100g,KES64.00(Inc. VAT),Average Nutritional Value As Per 100g,594kcal,2485.3kJ,30g,7.3g,5.1g,47g,8.6g,800mg,Roasted Peanuts,Solid,Food,,,,,,,
2982,KUDOS ROASTED PEANUTS 100G,,KES62.00(Inc. VAT),,,,,,,,,,,,,,,,,,,
2983,Sesia Fried Peanuts 100g,Pack size : 100g,KES64.00(Inc. VAT),Average Nutritional Value As Per 25g,150kcal,627.6kJ,6.8g,3.5g,0g,12.3g,0g,208mg,Fried Peanuts,Solid,Food,,,0.2g,,,,
2984,Jimcy Skinned Peanuts 100g,Pack size : 100g,KES75.00(Inc. VAT),,,,,,,,,,,,,,,,,,,
2985,Jimcy Masala Peanuts 100g,Pack size : 100g,KES65.00(Inc. VAT),,,,,,,,,,,,,,,,,,,
2986,Green Forest Roasted And Salted Peeled Peanuts 100g,Pack size : 100g,KES82.00(Inc. VAT),Average Nutritional Value As Per 100g,580kcal,2426.72kJ,30g,2g,2g,49g,,459mg,Peeled Peanuts,Solid,Food,,,,,,,
2987,Green Forest Roasted And Salted Unpeeled Peanuts 100g,Pack size : 100g,KES72.00(Inc. VAT),Average Nutritional Value As Per 30g,186kcal,778.224kJ,7g,3g,1g,15g,2g,,Unpeeled Peanuts,Solid,Food,,,,,,,
2988,Amigos Roasted Peanuts 100 gr,Pack size : 100 gr,KES83.00(Inc. VAT),,,,,,,,,,,,,,,,,,,
2989,Sesia Peeled Peanuts 100G,,KES84.00(Inc. VAT),,,,,,,,,,,,,,,,,,,
2990,Green Forest Unpeeled Peanuts 100g,Pack size : 100g,KES87.00(Inc. VAT),Average Nutritional Value As Per 28g,170kcal,711.28kJ,8g,5g,1g,14g,2g,5mg,Unpeeled Peanuts,Solid,Food,,,,,,,
2991,Green Forest Salted Peeled Peanuts 100g,Pack size : 100g,KES92.00(Inc. VAT),Average Nutritional Value As Per 100g,580kcal,2426.72kJ,30g,2g,2g,49g,,459mg,Peeled Peanuts,Solid,Food,,,,,,,
2992,Floydeez Salted Caramel Peanuts 100G,Pack size : 100g,KES100.00(Inc. VAT),,,,,,,,,,,,,,,,,,,
2993,Gonuts skinned roasted peanuts 100g.,Pack size : 100g,KES100.00(Inc. VAT),Average Nutritional Value As Per 100g,585kcal,2447.64kJ,23.68g,21.51g,,49.66g,,,Roasted Peanuts,Solid,Food,,,,,,,
2994,Floydeez Honey&Chilli Peanuts 100G,Pack size : 100g,KES100.00(Inc. VAT),,,,,,,,,,,,,,,,,,,
2995,Nuttishland Dry Rosted And Salted Peanuts 100g,Pack size : 100g,KES105.00(Inc. VAT),Average Nutritional Value As Per 100g,567kcal,2372.33kJ,26g,16g,4g,49g,,18mg,Peanuts,Solid,Food,,,,,,,
2996,Jimcy Roasted Peanuts 200g,Pack size : 200g,KES110.00(Inc. VAT),,,,,,,,,,,,,,,,,,,
2997,Jimcy fried peanuts 200g,Pack size : 200g,KES110.00(Inc. VAT),Average Nutritional Value As Per 30g,200kcal,830kJ,5g,6g,1g,17g,,190mg,Fried Peanuts,Solid,Food,,,,,,,
2998,Jimcy Masala Peanuts 200g,Pack size : 200g,KES115.00(Inc. VAT),,,,,,,,,,,,,,,,,,,
2999,Sesia Fried Peanuts 200g,Pack size : 200g,KES120.00(Inc. VAT),Average Nutritional Value As Per 25g,150kcal,627.6kJ,6.8g,3.5g,0g,12.3g,0g,208mg,Fried Peanuts,Solid,Food,,,,,,,
3000,Jimcy Skinned Peanuts 200g,Pack size : 200g,KES120.00(Inc. VAT),,,,,,,,,,,,,,,,,,,
3001,Sesia Roasted Peanuts 200g,Pack size : 200g,KES120.00(Inc. VAT),Average Nutritional Value As Per 100g,594kcal,2485.3kJ,30g,7.3g,5.1g,47g,8.6g,800mg,Roasted Peanuts,Solid,Food,,,,,,,
3002,Green Forest Unpeeled Roasted And Salted Peanuts 200g,Pack size : 200g,KES153.00(Inc. VAT),Average Nutritional Value As Per 100g,634kcal,2653KJ,26g,20g,4.1g,50g,8.6g,260mg,Peanuts,Solid,Food,Salted,,,,,,
3003,Kudos Roasted Peanuts 200g,Pack size : 200g,KES124.00(Inc. VAT),Average Nutritional Value As Per 100g,634kcal,2653KJ,26g,20g,4.1g,50g,8.6g,260mg,Roasted Peanuts,Solid,Food,,,,,,,
3004,Nutfields Dry Roasted And Salted Peanuts 80g,Pack size : 80g,KES130.00(Inc. VAT),Average Nutritional Value As Per 100g,614kcal,2541kJ,26g,9.2g,4.5g,51g,8.8g,320mg,Peanuts,Solid,Food,Salted,,,,,,
3005,Depy's Fried Peanuts 200g,Pack size : 200g,KES155.00(Inc. VAT),Average Nutritional Value As Per 25g,150kcal,627.6kJ,6g,3g,,12g,,208mg,Fried Peanuts,Solid,Food,,,,,,,
3006,Amigos Masala Peanuts 200 gr,,KES164.00(Inc. VAT),,,,,,,,,,,,,,,,,,,
3007,Green Forest Roasted And Salted Peeled Peanuts 200g,Pack size : 200g,KES162.00(Inc. VAT),Average Nutritional Value As Per 100g,580kcal,2426.72kJ,30g,2g,2g,49g,,459mg,Peeled Peanuts,Solid,Food,,,,,,,
3008,Tropical Heat Snacks TropNuts Fried Peanuts 150g,Pack size : 150g,KES170.00(Inc. VAT),Average Nutritional Value As Per 100g,475Kcal,1995KJ,18.4g,56.4g,,19.6g,3.6g,1.7g,,Solid,,Fried,No Additives,,"Tropical Heat TropNuts Fried Peanuts are trans fat free, gluten free, contain no artificial additives and are suitable for vegetarians.",,,
3009,Amigos Masala Peanuts 200 gr,,KES164.00(Inc. VAT),,,,,,,,,,,,,,,,,,,
3010,Tropical Heat Snacks TropNuts Chilli Lemon Peanuts 150g,Pack size : 150g,KES170.00(Inc. VAT),Average Nutritional Value As Per 100g,602Kcal,2495KJ,25.9g,13.6g,,49.3g,6.5g,0.9g,,Solid,,Chilli Lemon,No Additives,,"Tropical Heat TropNuts Chilli Lemon Peanuts are trans fat free, gluten free, contain no artificial additives and are suitable for vegetarians.",,,
3011,Tropical Heat Snacks TropNuts Masala Bhajia Peanuts 150g,,KES170.00(Inc. VAT),,,,,,,,,,,,,,,,,,,
3012,Tropical Heat Snacks TropNuts Roasted Salted Peanuts 150g,Pack size : 150g,KES170.00(Inc. VAT),Average Nutritional Value As Per 100g,602Kcal,2495KJ,18.4g,56.4g,,49.3g,3.6g,1.7g,,Solid,,Roasted Salted,No Additives,,"Tropical Heat TropNuts Roasted Salted Peanuts are trans fat free, gluten free, contain no artificial additives and are suitable for vegetarians.",,,
3013,Tropical Heat Snacks TropNuts Roasted Peanuts 150g,Pack size : 150g,KES170.00(Inc. VAT),Average Nutritional Value As Per 100g,584Kcal,2423KJ,24.8g,16.4g,,46.6g,8.5g,0.0g,,Solid,,Roasted,No Additives,,"Tropical Heat TropNuts Roasted Peanuts are trans fat free, gluten free, contain no artificial additives and are suitable for vegetarians.",,,
3014,Jimcy Fried Peanuts 400g,Pack size : 400g,KES200.00(Inc. VAT),,,,,,,,,,,,,,,,,,,
3015,Green Forest Unpeeled Peanuts 250g,Pack size : 250g,KES214.00(Inc. VAT),Average Nutritional Value As Per 28g,170kcal,711.28kJ,8g,5g,1g,14g,2g,5mg,Unpeeled Peanuts,Solid,Food,,,,,,,
3016,Sesia Roasted Peanuts 400g,Pack size : 400g,KES215.00(Inc. VAT),Average Nutritional Value As Per 100g,673kcal,2815.83kJ,25.8g,12.2g,,57.9g,0.67g,,Peanuts,Solid,Food,,,,,,,
3017,Sesia Fried Peanuts 400g,Pack size : 400g,KES218.00(Inc. VAT),Average Nutritional Value As Per 100g,631kcal,2610kJ,27.5g,2.5g,2.5g,53.8g,13.6g,,Peanuts,Solid,Food,,,,,,,
3018,Jimcy Skinned Peanuts 400g,Pack size : 400g,KES220.00(Inc. VAT),,,,,,,,,,,,,,,,,,,
3019,Beecare Naturals Roasted and Salted Peeled Peanuts  250G,,KES220.00(Inc. VAT),,,,,,,,,,,,,,,,,,,
3020,Beecare Naturals Roasted and Salted Peeled Peanut  Cp 250G,,KES230.00(Inc. VAT),,,,,,,,,,,,,,,,,,,
3021,Jimcy Masala Peanuts 400g,Pack size : 400,KES220.00(Inc. VAT),,,,,,,,,,,,,,,,,,,
3022,Green Forest Roasted And Salted Peeled Peanuts 250g,Pack size : 250g,KES240.00(Inc. VAT),Average Nutritional Value As Per 100g,580kcal,2426.72kJ,30g,2g,2g,49g,,459mg,Peeled Peanuts,Solid,Food,,,,,,,
3023,Out Of Africa Macadamia Roast Salt 80g,Pack size : 80g,KES290.00(Inc. VAT),Average Nutritional Value As Per 1 Cup,687.14kcal,2875kJ,6.3g,31.3g,21.9g,65.6g,6.3g,313mg,Macadamia Nuts,Solid,Food,,,,,,,
3024,Amigos Masala Peanuts 400 gr,,KES324.00(Inc. VAT),,,,,,,,,,,,,,,,,,,
3025,Happy39S Golden Masala Peanuts 400G,Pack size : 400g,KES325.00(Inc. VAT),Average Nutritional Value As Per 100g,637kcal,2665.21kJ,20.62g,21.85g,,51.91g,3.33g,425mg,Masala Peanuts,Solid,Food,Masala,,,,,,
3026,AMIGOS FRIED PEANUTS 400G,Pack size : 400g,KES324.00(Inc. VAT),,,,,,,,,,Fried Peanuts,Solid,Food,,,,,,,
3027,Amigos Roasted Peanuts  400 gr,Pack size : 400 gr,KES324.00(Inc. VAT),,,,,,,,,,,,,,,,,,,
3028,Sesia Peeled Peanuts 500G,Pack size : 500g,KES395.00(Inc. VAT),Average Nutritional Value As Per Serving,567kcal,2372.32kJ,26g,16g,,49g,,,Peeled Peanuts,Solid,Food,,,,,,,
3029,Green Forest Unpeeled Peanuts 500g,Pack size : 500g,KES392.00(Inc. VAT),Average Nutritional Value As Per 28g,170kcal,711.28kJ,8g,5g,1g,14g,2g,5mg,Unpeeled Peanuts,Solid,Food,,,,,,,
3030,Nutfields Dry Roasted And Salted Peanuts 250g,Pack size : 250g,KES395.00(Inc. VAT),Average Nutritional Value As Per 100g,614kcal,2541kJ,26g,9.2g,4.5g,51g,8.8g,320mg,Peanuts,Solid,Food,Salted,,,,,,
3031,Green Forest Roasted And Salted Peeled Peanuts 500g,Pack size : 500g,KES452.00(Inc. VAT),Average Nutritional Value As Per 100g,580kcal,2426.72kJ,30g,2g,2g,49g,,459mg,Peeled Peanuts,Solid,Food,,,,,,,
3032,Maltesers Bunny Popcorn New 29G,,KES275.00(Inc. VAT),,,,,,,,,,,,,,,,,,,
3033,M&M'S Crispy Bunny New 29G,,KES280.00(Inc. VAT),,,,,,,,,,,,,,,,,,,
3034,Cadbury Single Creme Egg 40G,Pack size : 40g,KES370.00(Inc. VAT),Per40g PortionType,744kj,177kcal,0.1g,29g,26.5g,6.1g,0.1g,,chocolate,solid,food,chocolate,,0.06g,,,,
3035,Cadbury White Crßme Egg Single 40G,,KES370.00(Inc. VAT),,,,,,,,,,,,,,,,,,,
3036,Jakemans Throat  Chest Soothing Menthol Lozenges 73G,Pack size : 73g,KES496.00(Inc. VAT),Average Nutritional Value As Per 100g,401kcal,1705kJ,,99.2g,77.1g,0.5g,,,Lozenges,Solid,Food,,,,,,,
3037,Jakemans Blueberry Soothing Menthol Lozenges 73G,Pack size : 73g,KES496.00(Inc. VAT),Average Nutritional Value As Per 100g,398kcal,1690kJ,,98.3g,73.8g,0.5g,,,Lozenges,Solid,Food,Blueberry,,,,,,
3038,Jakemans Peppermint Soothing Menthol Lozenges 73G,Pack size : 73g,KES496.00(Inc. VAT),Average Nutritional Value As Per 100g,402kcal,1708kJ,,98.7g,80.4g,0.8g,,,Lozenges,Solid,Food,Peppermint,,,,,,
3039,Jakemans Honey And Lemon Soothing Menthol Lozenges 73g,Pack size : 73g,KES496.00(Inc. VAT),Average Nutritional Value As Per 100g,401kcal,1705kJ,,99.4g,77.1g,0.4g,,,Lozenges,Solid,Food,"Honey, Lemon",,,,,,
3040,Jakemans Blackcurrant Soothing Menthol Lozenges 73G,Pack size : 73g,KES496.00(Inc. VAT),Average Nutritional Value As Per 100g,398kcal,1690kJ,,98.3g,73.8g,0.5g,,,Lozenges,Solid,Food,Blackcurrant,,,,,,
3041,Jakemans Cherry Soothing Menthol Lozenges 73G,Pack size : 73g,KES496.00(Inc. VAT),Average Nutritional Value As Per 100g,398kcal,1690kJ,,98.3g,73.8g,0.5g,,,Lozenges,Solid,Food,Cherry,,,,,,
3042,AERO ORANGE FESTIVE BLOCK 90G,,KES500.00(Inc. VAT),,,,,,,,,,,,,,,,,,,
3043,Bonds Mint Candy Canes 144G,Pack size : 144g,KES567.00(Inc. VAT),Average Nutritional Value As Per 100g,399kcal,1668kJ,0g,98g,80g,0g,,,Candy Canes,Solid,Food,Mint,,0.07g,,,,
3044,Chocodate Milk Chocolate Dates With Almonds 100g,Pack size : 100g,KES695.00(Inc. VAT),Average Nutritional Value As Per 100g,399kcal,1669.416kJ,5.7g,71g,37.3g,10.4g,3.8g,20mg,Dates With Almonds,Solid,Food,,,0.05g,,,,
3045,Jacobsens Bakery Classic Santa Cookies 150g,Pack size : 150g,KES709.00(Inc. VAT),Average Nutritional Value As Per 100g,479kcal,2004kJ,5g,62g,23g,23g,,,Cookies,Solid,Food,,,,,,,
3046,Socado Cara Salato Chocolate 150G,Pack size : 150g,KES900.00(Inc. VAT),,,,,,,,,,,,,,,,,,,
3047,Maltesers Mini Bunnies C Strip 58G,,KES925.00(Inc. VAT),,,,,,,,,,,,,,,,,,,
3048,Terry'S Mini Eggs Tablet 90G,,KES925.00(Inc. VAT),,,,,,,,,,,,,,,,,,,
3049,Galaxy Hazelnut Creamy T Mini Eggs 74G,,KES1290.00(Inc. VAT),,,,,,,,,,,,,,,,,,,
3050,Jacobsenes Original Butter And Choco Chip Cookies 340G,Pack size : 340g,KES1204.00(Inc. VAT),Average Nutritional Value As Per 100g,481kcal,2012kJ,7g,68g,29g,21.1g,2g,444mg,Cookies,Solid,Food,"Butter, Choco Chip",,,,,,
3051,Terry'S Chocolate Mint Milk 157G,,KES1385.00(Inc. VAT),,,,,,,,,,,,,,,,,,,
3052,Socado Mandorla 75 Cocoa Dark Chocolate 230G,Pack size : 230g,KES1397.00(Inc. VAT),Average Nutritional Value As Per 100g,645kcal,2699kJ,4.9g,34g,31g,53g,,,Dark Chocolate,Solid,Food,Cocoa,,,,,,
3053,After Eight Shapes Chocolate 57G,,KES1580.00(Inc. VAT),Nutrition facts as per 100g,,,,,,,,,,,,,,,,,,
3054,Bolci Christmas Selection 170G,Pack size : 170G,KES1630.00(Inc. VAT),,,,,,,,,,,,,,,,,,,
3055,Lindt Surfin Gold 300G,,KES2400.00(Inc. VAT),,,,,,,,,,,,,,,,,,,
3056,Lindt Gold Bunny White 100G,Pack size : 100g,KES1845.00(Inc. VAT),,,,,,,,,,,,,,,,Energy: 2340 kJ / 561 kcal; Fat: 35g; Saturates: 22g; Carbohydrates: 55g; Sugars: 55g; Protein: 6.5g; Salt: 0.21g,,,
3057,Lindt Block Go Milch 300G,,KES2400.00(Inc. VAT),,,,,,,,,,,,,,,,,,,
3058,Lindt Block Gold Nuss 300G,,KES2400.00(Inc. VAT),,,,,,,,,,,,,,,,,,,
3059,After Eight Mint Chocolate 199g,,KES2595.00(Inc. VAT),,,,,,,,,,,,,,,,,,,
3060,ALL TIME HONEY IN BLK SEED OIL500G,,,,,,,,,,,,,,,,,,,,,
3061,All Time Honey Black Seed Oil Squeeze 500G,Pack size : 500g,,,,,,,,,,,,,Honey,,,,,,,
3062,Tropical Gold Crown Honey 500g,Pack size : 500g,KES500.00(Inc. VAT),,17g,,64kcal,Average Nutritional Value As Per 100g,,,,,Food,,,267.7kJ,Liquid,,,,,
3063,Mr. Berry's Mambo Banana Bubble Gum 5 Pieces,Pack size : 5 Pieces,KES30.00(Inc. VAT),Average Nutritional Value As Per 100g,320kcal,1338.9kJ,,2g,2g,,,,Bubble Gum,Solid,Food,Banana,,,,,,
3064,Mr. Berry's Mambo Strawberry Bubble Gum 5 Pieces,Pack size : 5 Pieces,KES29.00(Inc. VAT),Average Nutritional Value As Per 100g,166kcal,694kJ,67.5g,67.5g,,,,,Bubble Gum,Solid,Food,Strawberry,,,,,,
3065,Jiu Jiuwang Crazy Rollz Fruit Bubble Gum 12g,Pack size : 12g,KES44.00(Inc. VAT),Average Nutritional Value As Per 100g,305kcal,1276kJ,0g,76g,,0g,,,Bubble Gum,Solid,Food,Fruit,,,,,,
3066,Jiu Jiuwang Crazy Rollz Fruit Bubble Gum 12g,Pack size : 12g,KES44.00(Inc. VAT),Average Nutritional Value As Per 100g,305kcal,1276kJ,0g,76g,,0g,,,Bubble Gum,Solid,Food,Fruit,,,,,,
3067,Casa Del Dolce Panna Fragola Bubble Gum 185g,Pack size : 185g,KES999.00(Inc. VAT),Average Nutritional Value As Per 100g,70kcal,292.88kJ,0g,17g,13g,0g,0g,123mg,Bubble Gum,Solid,Food,Panna Fragola,,,,,,
3068,Mr. Berry Xplode Strawberry Bubble Gum 5.50G,Pack size : 5.50g,KES210.00(Inc. VAT),Average Nutritional Value As Per 100g,390kcal,1631kJ,0g,78g,0g,0g,0g,,Bubble Gum,Solid,Food,Strawberry,,,,,,
3069,Clown Candy Kenya Mint Plus Candy 100g,Pack size : 100g,KES70.00(Inc. VAT),Average Nutritional Value As Per 12g,36kcal,151kJ,0g,9g,7g,1g,0g,4mg,Candy,Solid,Food,Mint,,,,,,
3070,Clown Candy Kenya Fruit Yoghurt Toffee 80 Pieces,Pack size : 80 Pieces,KES160.00(Inc. VAT),Average Nutritional Value As Per 100g,58kcal,242.672kJ,4g,9g,8g,,,180mg,Toffee,Solid,Food,"Fruit, Yogurt",,,,,,
3071,Polo Spearmint Tube 136G,Pack size : 136g,KES652.00(Inc. VAT),,,,,,,,,,,,,Spearmint,,,,,,
3072,STARBURST 3PACK ORIGINAL 135G,,KES850.00(Inc. VAT),,,,,,,,,,,,,,,,,,,
3073,Candy Kenya Africa Mint 80Pcs,Pack size : 80 Pieces,KES175.00(Inc. VAT),Average Nutritional Value As Per 100g,334kcal,1397kJ,0.20g,16g,9.70g,1.20g,1g,0mg,Candy,Solid,Food,Mint,,,,,,
3074,CKL Kenya Mint Twist Candy 80 Pieces,Pack size : 80 Pieces,KES175.00(Inc. VAT),Average Nutritional Value As Per 100g,60kcal,251kJ,0.1g,14g,12g,1.1g,0g,0mg,Candy,Solid,Food,Mint,,,,,,
3075,Candy Kenya Tropical Fruit Candy 100g,Pack size : 100g,KES70.00(Inc. VAT),Average Nutritional Value As Per 100g,196kcal,828kJ,0g,43.9g,43.5g,2.1g,,,Fruit Candy,Solid,Food,Tropical,,0.01g,,,,
3076,Haribo Roulette Candy 25g,Pack size : 25g,KES70.00(Inc. VAT),Average Nutritional Value As Per 100g,90kcal,376.56kJ,2g,20g,10g,,,,Candy,Solid,Food,Fruit Mix,,,,,,
3077,Candy Kenya Butter Candy Milk Smkt100G,Pack size : 100g,KES95.00(Inc. VAT),100g,235kcal,982Kj,,87g,3g,0.2g,,,Food,,Food,,,,,,,
3078,Mentos Grape Roll Candy 14 Pieces,Pack size : 14 Pieces,,,,,,,,,,,Candy,Solid,Food,Grape,,,,,,
3079,Skittles Coated Crazy Sours Candy 38g,Pack size : 38g,KES139.00(Inc. VAT),Average Nutritional Value As Per 100g,397kcal,1661.05kJ,,87.9g,87g,4g,,,Candy,Solid,Food,,,,,,,
3080,Confini Granny Smith Green Apple Candy 75g,,KES150.00(Inc. VAT),,,,,,,,,,,,,,,,,,,
3081,Confini Strawberry Belts Licorice Candy 75g,Pack size : 75g,KES150.00(Inc. VAT),Average Nutritional Value As Per 30g,108kcal,451.872kJ,1g,22.7g,17g,,,,Licorice Candy,Solid,Food,Strawberry,,,,,,
3082,Clown Candy Kenya Fruit Twist Candy 80 Pieces,Pack size : 80 Pieces,KES165.00(Inc. VAT),Average Nutritional Value As Per 100g,402.51kcal,1684.10kJ,0.18g,95.96g,95.96g,1.55g,0.00g,172.79mg,Candy,Solid,Food,,,,,,,
3083,Confini Old Skool Cola Fizz Candy 75g,,KES150.00(Inc. VAT),,,,,,,,,,,,,,,,,,,
3084,Haribo Happy Cola Halal Candy 80g,Pack size : 80g,,Average Nutritional Value As Per 100g,338kcal,1442kJ,6g,78g,52g,0.5g,,,Candy,Solid,Food,Cola,,,,,,
3085,Docile Canudinho Tutti Frutti Candy 70g,Pack size : 70g,KES180.00(Inc. VAT),,50g,0g,344kcal,Average Nutritional Value As Per 100g,0g,0mg,,,Food,,2g,1376kJ,Solid,,,,,
3086,HARIBO GOLDBEARS HALAL 80G,,,,,,,,,,,,,,,,,,,,,
3087,Haribo Happy Cola Halal Candy 80g,Pack size : 80g,,Average Nutritional Value As Per 100g,338kcal,1442kJ,6g,78g,52g,0.5g,,,Candy,Solid,Food,Cola,,,,,,
3088,Haribo Halal Worms Gummy Candy 80g,Pack size : 80g,,Average Nutritional Value As Per 100g,103kcal,429kJ,2.3g,22.9g,14.4g,,,6mg,Gummy Candy,Solid,Food,,,,,,,
3089,Haribo Happy Cherries Candy 80g,Pack size : 80g,,Average Nutritional Value As Per 100g,343kcal,1459kJ,6.9g,77g,46g,0.5g,,,Candy,Solid,Food,Cherries,,,,,,
3090,HARIBO PEACHES 80G,Pack size : 80g,,Average Nutritional Value As Per 100g,349kcal,1482kJ,4.5g,82g,63g,0.5g,0g,0g,Gummi Candy,Solid,Food,,,<0.03g,,,,
3091,Foxs Crystal Clear Fruits Candy 90g,Pack size : 90g,KES214.00(Inc. VAT),Average Nutritional Value As Per 45g,20kcal,836.8kJ,0g,4g,4g,0g,,0mg,Candy,Solid,Food,,,,,,,
3092,FOXS CANDY BAG BERRIES 90G,Pack size : 90g,KES214.00(Inc. VAT),Average Nutritional Value As Per 100g,388kcal,1623kJ,0g,92g,75g,0g,,100mg,Candy,Solid,Food,"Wildberry, Raspberry And Black Cherry",,,,,,
3093,Tamarin Candy Bag 135g,Pack size : 135g,KES249.00(Inc. VAT),Average Nutritional Value As Per 17g,36kcal,150kJ,0g,9g,,0g,,3mg,Tamarind Candy,Solid,Food,Tamarind,,,,,,
3094,HARIBO CHAMALLOWS 150G,Pack size : 150g,,Average Nutritional Value As Per 30g,101kcal,431kJ,1.74g,24g,21g,0g,0g,3mg,Candy,Solid,Food,Chamallows,,0.0075g,,,,
3095,Rowntrees Fruit Pastille Tb Vn 48G,Pack size : 48g,KES269.00(Inc. VAT),,,,,,,,,,,,,Mixed Fruit,,,,,,
3096,HARIBO GOLDBEAR 160G,Pack size : 160g,KES360.00(Inc. VAT),Average Nutritional Value As Per 100g,343kcal,1459kJ,6.9g,77g,46g,<0.5g,0g,0g,Jelly Candy,Solid,Food,Mix Fruit,,0.07g,,,,
3097,Vidal Mega Sweet Mix Bag 100G,,KES329.00(Inc. VAT),,,,,,,,,,,,,,,,,,,
3098,Wrigley's Skittles Squishy Cloudz Fruits Candy 94g,,KES499.00(Inc. VAT),,,,,,,,,,,,,,,,,,,
3099,Wrigley'S Skittles Fruits Chew 137G,,KES499.00(Inc. VAT),Nutrition information per 100g,407kcal,1723kJ,,87g,71g,,,,,,,,,,,,,
3100,Wrigley'S Skittles Square Clouds Sours 94G,,KES499.00(Inc. VAT),,,,,,,,,,,,,,,,,,,
3101,Rowntrees Jelly Tots Tropical Pouch 140G,,KES499.00(Inc. VAT),,,,,,,,,,,,,,,,,,,
3102,Skittles Coated Fruits Candy 160g,Pack size : 160g,KES600.00(Inc. VAT),Average Nutritional Value As Per 100g,404kcal,1690.34kJ,,90.7g,89.8g,4.2g,,,Candy,Solid,Food,Fruits,,,,,,
3103,Rowntrees Fruit Gums 150G,,KES499.00(Inc. VAT),,,,,,,,,,,,,,,,,,,
3104,Candy Ke Spop Mango Xxl 50Pc,Pack size : 50PCS,KES555.00(Inc. VAT),,,,,,,,,,,,,,,,,,,
3105,DE Bron Less Calories Bears Jelly 90g,Pack size : 90g,KES579.00(Inc. VAT),Average Nutritional Value As Per 100g,201kcal,841kJ,6.1g,73g,0g,0.2g,,,Bears Jelly,Jelly,Food,,,0.2g,,,,
3106,DEBRON CANDY FRUIT-TOFFEE S/FREE90G,Pack size : 90g,KES579.00(Inc. VAT),Average Nutritional Value As Per 100g,294kcal,1230.096kJ,0.5g,83g,0.5g,10g,,,Toffee,Solid,Food,,,,,,,
3107,DEBRON CANDY SWT LICORICE S/FRE100G,Pack size : 100g,KES579.00(Inc. VAT),Average Nutritional Value As Per 100g,239kcal,1002kJ,0.4g,85.1g,0.3g,0.2g,,,Candy,Solid,Food,,,0.1g,,,,
3108,De Bron Sugar Free Caribbean Mix Candy 90g,Pack size : 90g,KES579.00(Inc. VAT),Average Nutritional Value As Per 100g,292kcal,213kJ,0.5g,83.2g,0.2g,10g,,,Candy,Solid,Food,Caribbean,,0.22g,,,,
3109,Haribo Squidgy Strawberry Candy 160g,Pack size : 160g,KES830.00(Inc. VAT),Average Nutritional Value As Per 100g,328kcal,1394kJ,4.3g,75g,44g,0.5g,,,Candy,Solid,Food,Strawberry,,,,,,
3110,Rowntrees Fruit Pastiles Tb Vanilla Mp 164G,,KES699.00(Inc. VAT),,,,,,,,,,,,,,,,,,,
3111,Carrefour Tutti Frutti Sour Candy 250G,,KES899.00(Inc. VAT),,,,,,,,,,,,,,,,,,,
3112,Stokes Redcurrant Jelly 215G,Pack size : 215g,KES1229.00(Inc. VAT),Nutrition Average Values per 100g,246 Kcal,1041 Kj,1.2g,63g,60g,0.3g,,,,,,,,,,,,
3113,Haribo Eggs Galore 10Mini Bags,,KES1465.00(Inc. VAT),,,,,,,,,,,,,,,,,,,
3114,Kudos Numbers And Letters Cornbites Puffs 100G,Pack size : 100g,KES68.00(Inc. VAT),Average Nutritional Value As Per 100g,234kcal,1235kJ,9g,32g,12g,1.2g,,345mg,Cornbites Puffs,Solid,Food,,,,,,,
3115,Wow Vanilla Corn Puff 100G,Pack size : 100g,KES75.00(Inc. VAT),Average Nutritional Value As Per 100g,401kcal,1677kJ,6.5g,58.1g,28g,15.9g,,720mg,Corn Puff,Solid,Food,Vanilla,,,,,,
3116,Tropical Heat Snacks Safari Puffs Tomato 100G,Pack size : 100g,KES95.00(Inc. VAT),Average Nutritional Value As Per 100g,540Kcal,2255KJ,6.0g,57.4g,,31.8g,2.9g,1.7g,Puffs,Solid,Food,Tomato,No Additives,,"Baked, not Fried! Tropical Heat Chooze Puffs are gluten free, trans fat free and contain only 108 calories per 20g pack.",,,
3117,Tropical Heat Snacks Safari Puffs Cheese 100G,Pack size : 100g,KES95.00(Inc. VAT),Average Nutritional Value As Per 100g,540Kcal,2255KJ,6.0g,57.4g,,31.8g,2.9g,1.7g,Puffs,Solid,Food,Cheese,No Additives,,"Baked, not Fried! Tropical Heat Chooze Puffs are gluten free, trans fat free and contain only 108 calories per 20g pack.",,,
3118,Tropical Heat Snacks Safari Puffs Cheese 100G,Pack size : 100g,KES95.00(Inc. VAT),Average Nutritional Value As Per 100g,540Kcal,2255KJ,6.0g,57.4g,,31.8g,2.9g,1.7g,Puffs,Solid,Food,Cheese,No Additives,,"Baked, not Fried! Tropical Heat Chooze Puffs are gluten free, trans fat free and contain only 108 calories per 20g pack.",,,
3119,Nuvita Barbeque Baked Corn Puffs 100G,Pack size : 100g,KES99.00(Inc. VAT),Average Nutritional Value As Per 100g,377kcal,1577kJ,6g,86g,11g,2g,3g,891mg,Corn Puffs,Solid,Food,Barbeque,,,,,,
3120,Nuvita Cheese Corn Puffs 100G,Pack size : 100g,KES99.00(Inc. VAT),Average Nutritional Value As Per 100g,559kcal,2339kJ,5.76g,54.1g,2.76g,35.76g,2.2g,1050mg,Corn Puffs,Solid,Food,Cheese,,,,,,
3121,Nuvita Barbeque Baked Corn Puffs 100G,Pack size : 100g,KES99.00(Inc. VAT),Average Nutritional Value As Per 100g,377kcal,1577kJ,6g,86g,11g,2g,3g,891mg,Corn Puffs,Solid,Food,Barbeque,,,,,,
3122,Wow Sugared Snacks 250G,Pack size : 250g,KES120.00(Inc. VAT),Average Nutritional Value As Per 100g,470kcal,1966kJ,9g,70g,13g,17g,3g,490mg,Sugared Snacks,Solid,Food,,,,,,,
3123,Wow Salted Snacks 200G,Pack size : 200g,KES120.00(Inc. VAT),Average Nutritional Value As Per 100g,554kcal,2317kJ,7g,51.7g,2.6g,35.5g,,510mg,Rings Snacks,Solid,Food,Salted,,,,,,
3124,Kudos Numbers And Letters Cornbites 200G,Pack size : 200g,KES136.00(Inc. VAT),Average Nutritional Value As Per 100g,583kcal,2439.27kJ,38g,54g,,5g,,,Cornbites,Solid,Food,,,,,,,
3125,Wow Corn Puff Vanilla 200G,Pack size : 200g,KES140.00(Inc. VAT),Average Nutritional Value As Per 100g,401kcal,1677kJ,6.5g,58.1g,28g,15.9g,,720mg,Corn Puff,Solid,Food,Vanilla,,,,,,
3126,Krackles Tingly Cheeseonion 125G,Pack size : 125g,KES197.00(Inc. VAT),Average Nutritional Value As Per 30g,158Kcal,661072kJ,2g,15g,,10g,1g,140mg,Potato Crisps,Solid,Food,Cheese And Onion,,,,,,
3127,Krackles Zingy Saltvinegar 125G,Pack size : 125g,KES197.00(Inc. VAT),Average Nutritional Value As Per 30g,156kcal,652.704kJ,,14g,,10g,,240mg,Potato Crisps,Solid,Food,Salt And Vinegar,,,,,,
3128,Krackles Bang Bang Chilli 125G,Pack size : 125g,KES197.00(Inc. VAT),Average Nutritional Value As Per 100g,544kcal,2276.1kJ,7.1g,54.1g,2.6g,33.2g,,859mg,Potato Crisps,Solid,Food,Chilli,,,,,,
3129,Pringles Texas Bbq Sauce Potato Chips 40G,Pack size : 40g,KES200.00(Inc. VAT),Average Nutritional Value As Per 100g,516kcal,2155kJ,6g,56g,3.9g,29g,3.5g,,Potato Chips,Solid,Food,,,,,,,
3130,Pringles Hot And Spicy Potato Chips 40G,Pack size : 40g,KES200.00(Inc. VAT),Average Nutritional Value As Per 100g,503kcal,2106kJ,4.3g,51g,3g,32g,2.6g,,Potato Chips,Solid,Food,"Hot, Spicy",,,,,,
3131,Pringles Original Perfect Potato Crisp Chips 40G,Pack size : 40g,KES200.00(Inc. VAT),Average Nutritional Value As Per 100g,534kcal,2234kJ,5.9g,56g,1.2g,31g,3.5g,440mg,Potato Crisp Chips,Solid,Food,,,,,,,
3132,Pringles Sour Cream And Onion Potato Crisp Chips 40G,Pack size : 40g,KES200.00(Inc. VAT),Average Nutritional Value As Per 100g,515kcal,2146kJ,4.2g,51g,2.5g,32g,2.9g,,Potato Crisp Chips,Solid,Food,"Cream, Onion",,,,,,
3133,Wow Sugared Snacks Puffs 500G,Pack size : 500g,KES210.00(Inc. VAT),Average Nutritional Value As Per 100g,470kcal,1966kJ,9g,70g,13g,17g,3g,490mg,Puff,Solid,Food,,,,,,,
3134,Kripsii Snack Tomato Ketchup 250G,,KES280.00(Inc. VAT),,,,,,,,,,,,,,,,,,,
3135,Kripsii Snack Salted 250G,,KES280.00(Inc. VAT),,,,,,,,,,,,,,,,,,,
3136,Pringles Sour Cream And Onion Chips 165G,Pack size : 165g,KES460.00(Inc. VAT),Average Nutritional Value As Per 100g,508kcal,2111kJ,9.1g,36g,,33g,14g,,Chips,Solid,Food,"Cheese, Onion",,,,,,
3137,Pringles Ketchup Potato Chips 165G,Pack size : 165g,KES460.00(Inc. VAT),Average Nutritional Value As Per 100g,505kcal,2105kJ,4.1g,51g,3.5g,31g,2.6g,,Potato Chips,Solid,Food,Ketchup,,,,,,
3138,Pringles Hot And Spicy Potato Crisps 165G,Pack size : 165g,KES460.00(Inc. VAT),Average Nutritional Value As Per 100g,506kcal,2125kJ,5.4g,15.5g,3.9g,26.3g,,709mg,Potato Crisps,Solid,Food,"Hot, Spicy",,,,,,
3139,Pringles Sour Cream And Onion Chips 165G,Pack size : 165g,KES460.00(Inc. VAT),Average Nutritional Value As Per 100g,508kcal,2111kJ,9.1g,36g,,33g,14g,,Chips,Solid,Food,"Cheese, Onion",,,,,,
3140,Pringles Salt And Vinegar Crisps 165G,Pack size : 165g,KES460.00(Inc. VAT),Average Nutritional Value As Per 100g,509kcal,1345kJ,5g,67g,6.3g,34g,,678mg,Crisps,Solid,Food,"Salt, Vinegar",,,,,,
3141,Pringles Original Flavour Crisps 165G,Pack size : 165g,KES460.00(Inc. VAT),Average Nutritional Value As Per 100g,123kcal,3423kJ,3.4g,56g,4.5g,12g,,45mg,Crisps,Solid,Food,Original,,,,,,
3142,Kracks Cream And Onion Sour Snack 160g,Pack size : 160g,,Average Nutritional Value As Per 100g,470kcal,1966kJ,9g,70g,13g,17g,3g,490mg,Snack,Solid,Food,"Cheese, Onion",,,,,,
3143,Carrefour Potato Crisps Salted 170G,Pack size : 170g,KES499.00(Inc. VAT),,,,,,,,,,,,,Salted,,,"Carbohydrates, Healthy Fats",,,
3144,Kracks Hot And Spicy Chips 160G,Pack size : 160g,,Average Nutritional Value As Per 100g,506kcal,2125kJ,5.4g,15.5g,3.9g,26.3g,,709mg,Chips,Solid,Food,"Hot, Spicy",,,,,,
3145,Kracks BBQ Potato Chips 160g,Pack size : 160g,,Average Nutritional Value As Per 100g,543kcal,3320kJ,2.1g,56g,1g,34g,1.0g,,Potato Chips,Solid,Food,Barbeque,,,,,,
3146,Bokomo Muesli African Baked Granola 750g,Pack size : 750g,KES995.00(Inc. VAT),Average Nutritional Value as Per 100g,385kcal,1614kJ,9.8g,60g,19g,11.9g,7.7g,496mg,Granola,Solid,Food,,,,,,,
3147,Bokomo Nature's Source Muesli Crispy Crunch Crocante Baked Granola 750g,Pack size : 750g,KES995.00(Inc. VAT),Avarage Nutritional Value As Per 75g,108kcal,451.872kJ,2g,16g,7g,3g,3g,82mg,Granola,Solid,Food,,,,,,,
3148,Bokomo Nature's Source Muesli Tropical Cluster Granola 750g,Pack size : 750g,KES995.00(Inc. VAT),Avarage Nutritional Value As Per 100g,415kcal,1735kJ,7.30g,61.00g,23.80g,16g,6g,143mg,Granola,Solid,Food,Tropical,,,,,,
3149,Naturalli Cranberry Crunch Muesli Cereal 500g,Pack size : 500g,KES799.00(Inc. VAT),Avarage Nutritional Value As Per 57g,260kcal,1087.84kJ,7g,32g,9g,12g,6g,,Muesli Cereal,Solid,Food,Cranberry,,,,,,
3150,Naturalli Strawberry Muesli Cereal 500g,Pack size : 500g,KES849.00(Inc. VAT),Avarage Nutritional Value As Per 100g,397kcal,1661.05kJ,8.00g,61g,5g,15.00g,9.0g,8mg,Muesli Cereal,Solid,Food,Strawberry,,,,,,
3151,Sante Tropical Muesli 350g,Pack size : 350g,KES495.00(Inc. VAT),Average Nutritional Value As Per 100g,356Kcal,1490kJ,8.2g,71g,15g,2.7g,0g,0mg,Muesli,Solid,Food,,,,,,,
3152,Naturalli Super Swiss Muesli Cereal 500g,Pack size : 500g,KES699.00(Inc. VAT),Avarage Nutritional Value As Per 100g,377kcal,1577.37kJ,11g,66g,23g,5g,7g,110mg,Muesli Cereal,Solid,Food,,,,,,,
3153,Jordans Nutural Muesli Fruit & Nut 1Kg,,KES1659.00(Inc. VAT),,,,,,,,,,,,,,"•	Free From Artificial Colours
•	Free From Artificial Flavours
•	Free From Artificial Preservatives",,,,,
3154,Sante Fruit Muesli 350g,Pack size : 350g,KES495.00(Inc. VAT),,,,Average Nutritional Value As Per 100g,,,,,Solid,364kcal,12g,72g,9g,1523kJ,Musli,Fruit,,Food,
3155,Morning Harvest Strawberry Muesli 400g,Pack size : 400g,KES699.00(Inc. VAT),Average Nutritional Value As Per 100g,396.76kcal,1660kJ,9.48g,80.13g,14.51g,4.28g,8g,,Muesli,Solid,Food,Strawberry,,,,,,
3156,Jordans Organic Oat Porridge 750G,,KES1129.00(Inc. VAT),Nutrition information per 100g,379 kcal,1596 kJ,12.5 g,61.9 g,1.0 g,7.2 g,8.1 g,,,,,,"•	Free From Artificial Colours
•	Free From Artificial Flavours
•	Free From Artificial Preservatives",0.03 g,,,,
3157,Jordans County Crisp Superberry 500G,,KES1339.00(Inc. VAT),,,,,,,,,,,,,,"•	Free From Artificial Colours
•	Free From Artificial Flavours
•	Free From Artificial Preservatives",,,,,
3158,Jordans County Crisp Oat Raspberry 500G,,KES1359.00(Inc. VAT),,,,,,,,,,,,,,"•	Free From Artificial Colours
•	Free From Artificial Flavours
•	Free From Artificial Preservatives",,,,,
3159,Sante Traditional Muesli 350g,Pack size : 350g,KES495.00(Inc. VAT),Average Nutritional Value As Per 100g,388Kcal,1623kJ,12g,67g,12g,5.6g,11g,0mg,Muesli,Solid,Food,,,,,,,
3160,Jordans County Crisp Oats Raisin 500G,,KES1359.00(Inc. VAT),,,,,,,,,,,,,,"•	Free From Artificial Colours
•	Free From Artificial Flavours
•	Free From Artificial Preservatives",,,,,
3161,Jordans County Crisp Oat Dark Choco 500G,,KES1359.00(Inc. VAT),,,,,,,,,,,,,,"•	Free From Artificial Colours
•	Free From Artificial Flavours
•	Free From Artificial Preservatives",,,,,
3162,Rico  Mini Cheese Ring Snacks 10G,,KES41.00(Inc. VAT),,,,,,,,,,,,,,,,,,,
3163,Rico BBQ Ring Snack 10G,,KES41.00(Inc. VAT),,,,,,,,,,,,,,,,,,,
3164,Rico Cheese Ball Snacks 10G,Pack size : 10g,KES41.00(Inc. VAT),,,,,,,,,,,,,,,,,,,
3165,Happys Golden Spicy Twist Potato Chips 30G,Pack size : 30g,KES50.00(Inc. VAT),Average Nutritional Value As Per 100g,280kcal,1171.52kJ,5.5g,35.8g,,19.5g,3.8g,0.7g,Potato Chips,Solid,Food,Spicy,,,,,,
3166,Happys Golden Lemon Zing Potato Chips 30G,Pack size : 30g,KES50.00(Inc. VAT),Average Nutritional Value As Per 100g,280kcal,1171.52kJ,5.5g,35.8g,,19.5g,3.8g,0.7g,Potato Chips,Solid,Food,Lemon,,,,,,
3167,Dairyland Real Milk Chocolate 20G,Pack size : 20g,KES55.00(Inc. VAT),Average Nutritional Value As Per 100g,531kcal,2221kJ,3.1g,57.3g,56g,23g,,,Milk Chocolate,Solid,Food,,,,,,,
3168,Tropical Heat Chocolate Rice Cakes 30G,Pack size : 30g,KES60.00(Inc. VAT),Average Nutritional Value As Per 100g,486kcal,2036kj,7.1g,28.7g,33.8g,22.5g,2.4g,0.5g,7.1g,2036kj,486kcal,33.8g,No Additives,,"Tropical Heat Chocolate Rice Cakes are gluten free, trans fat free and contain less than 100 calories per Rice Cake.",,,
3169,Dairyland Berry Bliss Chocolate 37G,,KES70.00(Inc. VAT),,,,,,,,,,,,,,,,,,,
3170,Dairyland Filled Mint Chocolate 37g,,KES70.00(Inc. VAT),,,,,,,,,,,,,,,,,,,
3171,Pran Delight Pineapple Biscuits 70G,Pack size : 70g,KES85.00(Inc. VAT),Average Nutritional Value As Per 70g,1602kcal,669kJ,2g,20g,8g,8g,1g,85mg,Biscuits,Solid,Food,Pineapple,,,,,,
3172,Pran Strawberry Cream Biscuit 70G,Pack size : 70g,KES85.00(Inc. VAT),Average Nutritional Value As Per Serving,161kcal,673.62kJ,1g,24g,0g,6g,0g,109mg,Biscuit,Solid,Food,Strawberry,,,,,,
3173,Casa Del Dolce Trinkola Cola Flavour Candy Drink 70Ml,Pack size : 70ml,KES99.00(Inc. VAT),Average Nutritional Value As Per 100ml,47kcal,199kJ,0g,10g,10g,0g,,,Candy Drink,Liquid,Beverage,Cola,,0g,,,,
3174,Happys Golden Lemon Zing Potato Chips 70G,Pack size : 70g,KES110.00(Inc. VAT),Average Nutritional Value As Per 100g,280kcal,1171.52kJ,5.5g,35.8g,,19.5g,3.8g,0.7g,Potato Chips,Solid,Food,Lemon,,,,,,
3175,Happys Golden Fruit Chutney Crisps Chips 70G,Pack size : 70g,KES110.00(Inc. VAT),Average Nutritional Value As Per 20g,88kcal,368.1kJ,1g,13g,,2g,,117mg,Chips,Solid,Food,Fruit Chutney,,,,,,
3176,Happys Golden Spicy Twist Potato Chips 70G,Pack size : 70g,KES110.00(Inc. VAT),Average Nutritional Value As Per 100g,280kcal,1171.52kJ,5.5g,35.8g,,19.5g,3.8g,0.7g,Potato Chips,Solid,Food,Spicy,,,,,,
3177,Happys Golden Sour Cream And Onion Potato Chips 70G,Pack size : 70g,KES110.00(Inc. VAT),Average Nutritional Value As Per 100g,280kcal,1171.52kJ,5.5g,35.8g,,19.5g,3.8g,0.7g,Potato Chips,Solid,Food,"Sour Cream, Onion.",,,,,,
3178,Dairyland Dip A Chocolate Dip Biscuit Snack 56G,Pack size : 56g,KES140.00(Inc. VAT),Average Nutritional Value As Per 100g,912.60kcal,3817.60kJ,11.59g,111.30g,105.63g,,,59.54mg,Biscuit Snack,,Food,Chocolate,,,,,,
3179,Orion Double Chocolate-Pie 360G,Pack size : 360g,KES165.00(Inc. VAT),Nutrition information per 100g,130kcal,543.9kJ,,,11 g,6 g,,,,,,,,,,,,
3180,Rico  Reme BBQ Snack 50G,,KES170.00(Inc. VAT),,,,,,,,,,,,,,,,,,,
3181,Mars 51G Chocolate Bar,Pack size : 51g,KES179.00(Inc. VAT),100g,228kcal,953kJ,2g,35g,31.5g,8.4g,,,Chocolate Bar,Solid,Food,,,,,,,
3182,Cadbury Dream Lunch Bar Milk Peanuts Chocolate Bar 48G,Pack size : 48g,KES179.00(Inc. VAT),Average Nutritional Value As Per 100g,505kcal,2115kJ,6.7g,59.5g,46g,26.5g,1.3g,121mg,Chocolate Bar,Solid,Food,"Milk, Peanut",,,,,,
3183,Cadbury Chocolate Ps Original 48G,Pack size : 48g,KES179.00(Inc. VAT),,1040Kcal,2165KJ,5.4g,62g,52g,25g,2.7g,80mg,Chocolate,Solid,Food,Chocolate,,0g,,,Ready To eat,
3184,Snickers 50G Chocolate Bar With Peanuts  Caramel,Pack size : 50g,KES179.00(Inc. VAT),100g,250kcal,1046kJ,4g,32g,28g,12g,1g,125mg,Chocolate Bar,Solid,Food,,,,,,,
3185,Dairyland Double Chocolate 80G,,KES180.00(Inc. VAT),,,,,,,,,,,,,,,,,,,
3186,Dairyland Berry Bliss Chocolate 80G,,KES180.00(Inc. VAT),,,,,,,,,,,,,,,,,,,
3187,Dairyland F Mint Chocolate 80G,Pack size : 80g,KES180.00(Inc. VAT),,,,,,,,,,,,,Mint & Chocolate,,,"Energy, Sugar, Fats",,,
3188,Twix Chocolate Bar,Pack size : 50g,KES185.00(Inc. VAT),100g,123kcal,514kJ,2g,14g,12.2g,5.9g,,,Chocolate Bar,Solid,Food,,,,,,,
3189,Bounty Coconut Chocolate Bar,Pack size : 57g,KES211.00(Inc. VAT),100g,487kcal,953kJ,3.7g,58.9g,48.2g,25.7g,,,Chocolate Bar,Solid,Food,,,,,,,
3190,Cadbury Dairy Milk Fruit And Nut Chocolate 80G,Pack size : 80g,KES289.00(Inc. VAT),Average Nutritional Value As Per 100g,516kcal,2158kJ,7.3g,59.7g,54g,28.4g,,74mg,Fruit And Nut Chocolate,Solid,Food,"Fruit, Nut",,,,,,
3191,Cadbury Dairy Milk Top Deck With Mint Chocolate 80G,Pack size : 80g,KES289.00(Inc. VAT),Average Nutritional Value As Per 100g,501kcal,2205kJ,6.9g,59g,58g,7.3g,0.4g,25mg,Top Deck With Mint Chocolate,Solid,Food,,,,,,,
3192,Cadbury Dairy Milk Top Deck Chocolate 80G,Pack size : 80g,KES289.00(Inc. VAT),Average Nutritional Value As Per 100g,320kcal,1145kJ,6.9g,58g,58g,29g,1.7g,101mg,Top Deck Chocolate,Solid,Food,,,,,,,
3193,Cadbury Dairy Milk Cashew And Coconut Chocolate 80G,Pack size : 80g,KES289.00(Inc. VAT),Average Nutritional Value As Per 100g,487kcal,2040kJ,7g,50g,49.l5g,28.5g,3.4g,74mg,Cashew And Coconut Chocolate,Solid,Food,"Cashew, Coconut",,,,,,
3194,Cadbury Creamy White With Shortcake Dreamy Biscuit 80G,Pack size : 80g,KES289.00(Inc. VAT),Average Nutritional Value As Per 100g,586kcal,2240kJ,5.8g,60.5g,55g,30g,0.5g,163mg,Biscuit,Solid,Food,,,,,,,
3195,Cadbury Dairy Milk Rum And Raisin Chocolate 80G,Pack size : 80g,KES289.00(Inc. VAT),Average Nutritional Value As Per 100g,597kcal,2500kJ,6.7g,62g,61g,22g,2.9g,71mg,Rum And Raisin Chocolate,Solid,Food,Raisin,,,,,,
3196,Cadbury Dairy Milk Top Deck With Mint Chocolate 80G,Pack size : 80g,KES289.00(Inc. VAT),Average Nutritional Value As Per 100g,501kcal,2205kJ,6.9g,59g,58g,7.3g,0.4g,25mg,Top Deck With Mint Chocolate,Solid,Food,,,,,,,
3197,Storck Riesen Dark Chocolate 45G,,KES259.00(Inc. VAT),,,,,,,,,,,,,,,,,,,
3198,Wots Saltpepper Banana Crisps 200G,Pack size : 200g,KES286.00(Inc. VAT),Average Nutritional Value As Per 100g,165kcal,690kJ,,20g,,8g,1g,73mg,Banana Crisps,Solid,Food,Salt And Pepper,,,,,,
3199,Wots Bharti Ben Classic Salted Kenyan Banana Crisps 200G,Pack size : 200g,KES286.00(Inc. VAT),Average Nutritional Value As Per Serving,165kcal,690kJ,0.5g,20g,,8g,1g,73mg,Banana Crisps,Solid,Food,,,,,,,
3200,Cadbury Curly Wurly Chocolate Bar 21.5G,Pack size : 21.5g,KES295.00(Inc. VAT),Average Nutritional Value As Per 100g,454kcal,1905kJ,2.1g,71g,50g,18g,0.7g,,Chocolate Bar,Solid,Food,,,0.66g,,,,
3201,Rollana Chocolate 30G,Pack size : 30g,KES295.00(Inc. VAT),,,,,,,,,,,,,,,,,,,
3202,Cadbury Dairy Milk Bubbly Milk Chocolate Bar 87G,Pack size : 87g,KES310.00(Inc. VAT),Average Nutritional Value As Per 100g,524kcal,2195kJ,7.7g,58g,56g,29g,2.4g,81mg,Chocolate Bar,Solid,Food,Milk Chocolate,,,,,,
3203,Cadbury Bournville Classic Dark Chocolate 80G,Pack size : 80g,KES310.00(Inc. VAT),Average Nutritional Value As Per 100g,524kcal,2195kJ,3.6g,59g,56.5g,29g,5.2g,3mg,Dark Chocolate,Solid,Food,,,,,,,
3204,Aero Peppermint Bubbly 36G,Pack size : 36g,KES349.00(Inc. VAT),,,,,,,,,,,,,Peppermint & Chocolate,,,,,,
3205,Milkybar Buttons 30G,Pack size : 30g,KES349.00(Inc. VAT),,,,,,,,,,,,,,,,,,,
3206,Kitkat Dark 4 Fingers 41.5G,Pack size : 41.5g,KES349.00(Inc. VAT),,,,,,,,,,,,,Dark Chocolate & Wafer,,,,,,
3207,Cadbury Daim  Choco Bars 28G,Pack size : 28g,KES359.00(Inc. VAT),,,,,,,,,,,,,,,,,,,
3208,Yorkie Original 46G,Pack size : 46g,KES369.00(Inc. VAT),,,,,,,,,,,,,Milk Chocolate,,,,,,
3209,Yorkie Raisin & Biscuit 44G,Pack size : 44g,KES369.00(Inc. VAT),,,,,,,,,,,,,Raisin & Biscuit,,,,,,
3210,Cadbury Fry'S Turkish Delight 51G,,KES379.00(Inc. VAT),,,,,,,,,,,,,,,,,,,
3211,Nestle Lion Bar 50G,Pack size : 50g,KES379.00(Inc. VAT),Average Nutritional Value As Per 100g,491kcal,2057kJ,5.3g,66g,50.9g,22.6g,1.4g,,Chocolate Bar,Solid,Food,,,0.52g,,,,
3212,Nestle Rolo Chocolate Tube 52G,Pack size : 52g,KES399.00(Inc. VAT),Average Nutritional Value As Per 100g,478kcal,2004kJ,4.8g,67g,58g,20g,1.2g,,Chocolate Tube,Solid,Food,Cocoa,,,,,,
3213,Bharti Ben Kenyan Chevdo Farari 350G,Pack size : 350g,KES440.00(Inc. VAT),Average Nutritional Value As Per 100g,605.96kcal,2535.32kJ,2.285g,48.67g,5.4g,49.17g,1.058g,61.8mg,Chevdo,Solid,Food,,,,,,,
3214,Wots Bharti Ben Kenyan Indian Mix Bhusu Chevda 350G,Pack size : 350g,KES462.00(Inc. VAT),Average Nutritional Value As Per 30g,180kcal,753.12kJ,1.11g,14.52g,,12.5g,0.21g,173mg,Bhusu Chevda,Solid,Food,,,0.4g,,,,
3215,Yorkie Honeycomb Milk Chocolate 66G,Pack size : 66g,KES479.00(Inc. VAT),,,,,,,,,,,,,Honeycomb & Chocolate,,,,,,
3216,Hershleys Reeses Nutrageous 47G,,KES495.00(Inc. VAT),,,,,,,,,,,,,,,,,,,
3217,Crunch Milk Block 100G,Pack size : 100g,KES499.00(Inc. VAT),Average Nutritional Value As Per 100g,513 kcal,2146.392kJ,6.5 g,62.4 g,50.4 g,25.8 g,,,Chocolate Block,Solid,Food,Milk Chocolate,,0.35 g,,,,
3218,Milka Milk & White Chocolate 100G,Pack size : 100g,KES499.00(Inc. VAT),,,,,,,,,,,,,Milk & White Chocolate,,,,,,
3219,Kit Kat 4F Vegan Ncpcert 41.5G,Pack size : 41.5g,KES499.00(Inc. VAT),,,,,,,,,,,,,Vegan Chocolate & Wafer,,,,,,
3220,Werthers Choc. Butter Candy Box 42G,,KES517.00(Inc. VAT),,,,,,,,,,,,,,,,,,,
3221,Carrefour Selection Dark Orange Chocolate Bar 100g,Pack size : 100g,KES599.00(Inc. VAT),Average Nutritional Value As Per 100g,538kcal,2239kJ,6.5g,43g,37g,35g,8.2g,,Chocolate Bar,Solid,Food,Orange,,0.03g,,,,
3222,Fry'S Orange Cream Chocolate 147G,Pack size : 147g,KES609.00(Inc. VAT),,,,,,,,,,,,,"Dark Chocolate, Orange",,,,,,
3223,Fry'S Chocolate Cream 147G,Pack size : 147g,KES609.00(Inc. VAT),,,,,,,,,,,,,"Dark Chocolate, Vanilla Cream",,,,,,
3224,Cadbury Freddo Caramel 97.5G,Pack size : 97.5g,KES609.00(Inc. VAT),,,,,,,,,,,,,Caramel & Chocolate,,,,,,
3225,Fry'S Peppermint Cream 147G,Pack size : 147g,KES609.00(Inc. VAT),,,,,,,,,,,,,Peppermint & Chocolate,,,,,,
3226,Toblerone Swiss Fruit And Nut Milk Chocolate 100G,Pack size : 100g,KES635.00(Inc. VAT),Average Nutritional Value As Per 100g,505kcal,2112.92kJ,5.2g,61.5g,61g,26g,2.7g,,Milk Chocolate,Solid,Food,Fruit And Nut Milk Chocolate,,,,,,
3227,Ritter Sport White Chocolate Hazelnut100G,,,,,,,,,,,,,,,,,,,,,
3228,Ritter Sport Raisin & Hazelnut chocolate 100G,,,,,,,,,,,,,,,,,,,,,
3229,Ritter Sport Fine Milk chocolate 100G,Pack size : 100g,,Average Nutritional Value As Per 100g,565kcal,2363.96kJ,6.5g,52g,52g,36g,,,Milk Chocolate,Solid,Food,,,,,,,
3230,Ritter Sport Butter Biscuit Chocolate 100G,Pack size : 100g,,Average Nutritional Value As Per 100g,544kcal,2269kJ,6.2g,57g,50g,32g,,,Biscuit,Solid,Food,Butter.,,0.33g,,,,
3231,Ritter Sport Marzipan chocolate 100G,Pack size : 100g,,Average Nutritional Value As Per 38g,180kcal,753kJ,2g,20g,18g,10g,2g,0mg,Chocolate,Solid,Food,,,,,,,
3232,Ritter Sport Praline chocolate 100G,Pack size : 100g,,Average Nutritional Value As Per 100g,558kcal,2334.67kJ,7.4g,53g,51g,35g,,130mg,Chocolate,Solid,Food,,,,,,,
3233,Cadbury Boost 126G,Pack size : 126g,KES659.00(Inc. VAT),,,,,,,,,,,,,Caramel & Biscuit,,,,,,
3234,Mcvities Oat Crunch Cookies 300G,Pack size : 300g,KES665.00(Inc. VAT),Average Nutritional Value As Per 100g,472kcal,1976kJ,7.4g,61.8g,22.9g,20.2g,6.5g,327mg,Cookies,Solid,Food,,,,,,,
3235,Toblerone Honey And Almond Nougat Swiss Dark Chocolate 100G,Pack size : 100g,KES685.00(Inc. VAT),Average Nutritional Value As Per 100g,535kcal,2245kJ,6.1g,62g,62g,29.5g,0.2g,,Dark Chocolate,Solid,Food,,,,,,,
3236,Cadbury Bournville Orange 100G,,KES689.00(Inc. VAT),,,,,,,,,,,,,,,,,,,
3237,Cadbury Bournville Mint 100G,Pack size : 100g,KES699.00(Inc. VAT),,,,,,,,,,,,,"Dark Chocolate, Mint",,,Contains antioxidants from cocoa for a deep chocolate experience,,,
3238,Cadbury Twirl Chocolate Bar 107g,Pack size : 107g,KES699.00(Inc. VAT),Average Nutritional Value As Per 100g,535kcal,2237kJ,7.3g,57g,56g,30g,2.5g,,Chocolate Bar,Solid,Food,Chocoa,,0.22g,,,,
3239,Milkybar Buttons Rspb Pouch 86G,Pack size : 86g,KES699.00(Inc. VAT),,,,,,,,,,,,,White Chocolate,,,,,,
3240,Carrefour Selection Salted Caramel 100g,Pack size : 100g,KES699.00(Inc. VAT),,,,,,,,,,,,,,,,,,,
3241,Milkybar Buttons Giant 94G,Pack size : 94g,KES699.00(Inc. VAT),,,,,,,,,,,,,White Chocolate,,,,,,
3242,Carrefour Selection Mango Sichuan Pepper Dark Chocolate Bar 100G,Pack size : 100g,KES699.00(Inc. VAT),Average Nutritional Value As Per 100g,520kcal,2169kJ,6g,54g,47g,29g,7.2g,,Chocolate Bar,Solid,Food,Mango,,0.11g,,,,
3243,Lindt Lindor Swiss Classic White Chocolate With Almond Brittle 100g,Pack size : 100g,KES765.00(Inc. VAT),Average Nutritional Value As Per 100g,643kcal,2669kj,5.2g,43g,43g,50g,,84mg,White Chocolate,Solid,Food,,,,,,,
3244,LoveRaw Cre&M White Choc Wafer 45G,,KES789.00(Inc. VAT),,,,,,,,,,,,,,,,,,,
3245,LoveRaw Cre&M Salted Caramel Wafer 45G,,KES789.00(Inc. VAT),,,,,,,,,,,,,,,,,,,
3246,Cadbury Dairy Milk Whole Nut Chocolate Bar 200g,Pack size : 200g,KES791.00(Inc. VAT),Average Nutritional Value As Per 100g,536kcal,2245kJ,8.7g,52g,51g,32g,,,Chocolate Bar,Solid,Food,Whole Nut,,,,,,
3247,Guylian Premium Dark 72% Belgian Chocolate Bar 100g,Pack size : 100g,KES795.00(Inc. VAT),Average Nutritional Value As Per 100g,516kcal,2159kJ,9g,30g,24g,40g,,0.004g,Chocolate Bar,Solid,Food,Dark Chocolate,,,,,,
3248,Villars Roasted Almonds Milk Chocolate Bar 100g,Pack size : 100g,KES799.00(Inc. VAT),Average Nutritional Value As Per 100g,565kcal,2355kJ,9g,46g,46g,38g,3g,,Chocolate Bar,Solid,Food,Almond,,0.27g,,,,
3249,Villars Hazelnut Chips Milk Chocolate Bar 100g,Pack size : 100g,KES799.00(Inc. VAT),Average Nutritional Value As Per 100g,565kcal,2364kJ,8.4g,48g,46g,38g,2.6g,,Chocolate Bar,Solid,Food,Hazelnut,,0.28g,,,,
3250,Villars Orange Milk Chocolate Bar 100g,Pack size : 100g,KES799.00(Inc. VAT),Average Nutritional Value As Per 100g,525kcal,2195kJ,6.7g,55g,54g,31g,2.4g,,Chocolate Bar,Solid,Food,Orange,,0.27g,,,,
3251,Carrefour Selection Pear Dark Chocolate Bar 100G,Pack size : 100g,KES799.00(Inc. VAT),Average Nutritional Value As Per 100g,540kcal,2247kJ,6.9g,43g,40g,37g,8.3g,,Chocolate Bar,Solid,Food,Pear,,0.02g,,,,
3252,Lindt Lindor Swiss Hazelnut Milk Chocolate 100g,Pack size : 100g,KES815.00(Inc. VAT),Average Nutritional Value As Per 100g,612kcal,2561kJ,5.3g,43g,42g,46g,,,Hazelnut Milk Chocolate,Solid,Food,Hazelnut,,,,,,
3253,Lindt Lindor Milk Chocolate 100g,Pack size : 100g,KES815.00(Inc. VAT),Average Nutritional Value As Per 100g,622kcal,2582kJ,4.6g,44g,43g,47g,2g,,Milk Chocolate,Solid,Food,,,0.4g,,,,
3254,Green & Black's Organic Mint Chocolate 90G,,KES899.00(Inc. VAT),,,,,,,,,,,,,,,,,,,
3255,Green& Black's Hazelnut & Current Dark Choco 90G,,KES899.00(Inc. VAT),,,,,,,,,,,,,,,,,,,
3256,Carrefour Bio Milk Hazelnut Chocolate Bar 100G,Pack size : 100g,KES899.00(Inc. VAT),Average Nutritional Value As Per 100g,565kcal,2351kJ,8.1g,41g,39g,40g,4.5g,,Chocolate Bar,Solid,Food,Hazelnut,,0.2g,,,,
3257,Smarties Hexatube Mp 102G,Pack size : 102g,KES899.00(Inc. VAT),Average Nutritional Value As Per 100g,470kcal,1973kJ,5g,26g,9g,7g,0.3g,0mg,Chocolate,Solid,Food,Chocolate,,0.12g,,,,
3258,Lindt Excellence 85% Cocoa Dark Chocolate 100g,Pack size : 100g,KES905.00(Inc. VAT),Average Nutritional Value As Per 100g,584kcal,2413kJ,12.5g,19g,11g,46g,16.3g,10mg,Dark Chocolate,Solid,Food,,,,,,,
3259,Lindt Excellence A Touch Of Sea Salt Dark Chocolate 100g,Pack size : 100g,KES905.00(Inc. VAT),Average Nutritional Value As Per 100g,529kcal,2205kJ,6.2g,50g,48g,32g,,,Dark Chocolate,Solid,Food,,,,,,,
3260,Cadbury Nougat Hazelnut & Caramel 110G,,KES1029.00(Inc. VAT),,,,,,,,,,,,,,,,,,,
3261,Cadbury Nougat Salted Caramel 110G,,KES1029.00(Inc. VAT),,,,,,,,,,,,,,,,,,,
3262,Pran Double Twist Chocolord Toffee 232G 16 Pieces,Pack size : 232g (16 Pieces),KES1095.00(Inc. VAT),Average Nutritional Value As Per 100g,461kcal,1931kJ,4g,66g,46g,21g,,110mg,Toffee,Solid,Food,Cocoa,,0.27g,,,,
3263,Galaxy Smooth Caramel Chocolate 114G,,KES1385.00(Inc. VAT),,,,,,,,,,,,,,,,,,,
3264,Cadbury Dairy Milk Marvellous Creations Jelly Popping Candy Chocolate Bar 160G,Pack size : 160g,KES1980.00(Inc. VAT),,,,,,,,,,,Solid,Chocolate,,No additives,,,,,
3265,Heinz Farleys Original Rusks 300G,Pack size : 300G,KES1980.00(Inc. VAT),,,,,,,,,,,,,,,,,,,
3266,Cadbury Crunchie B Dairy Milk 180G,Pack size : 180G,KES1980.00(Inc. VAT),,,,,,,,,,,,,,,,,,,
3267,Lindt Lindor Cornet Milk Chocolate 200g,Pack size : 200g,KES2095.00(Inc. VAT),Average Nutritional Value As Per 100g,617kcal,2564kJ,4.6g,43g,43g,47g,2g,,Milk Chocolate,Solid,Food,,,0.4g,,,,
3268,Lindt Swiss Premium Assorted Napolitains Dark Chocolate 350g,Pack size : 350g,KES3835.00(Inc. VAT),Average Nutritional Value As Per 100g,567kcal,2362kJ,6.3g,53g,50g,36g,2.7g,64mg,Dark Chocolate,Solid,Food,,,,,,,
3269,Morning Harvest Jumbo Oats 500g,Pack size : 500g,KES249.00(Inc. VAT),Average Nutritional Value As Per 100g,376kcal,1588kJ,11.8g,62g,1g,6.5g,11.1g,,Oats,Solid,Food,,,,,,,
3270,Morning Harvest Jumbo Oats 1Kg,Pack size : 1kg,KES419.00(Inc. VAT),Average Nutritional Value As Per 100g,376kcal,1588kJ,11.8g,62g,1g,6.5g,11.1g,,Oats,Solid,Food,,,,,,,
3271,Weetabix Rolled Oats 1Kg,Pack size : 1Kg,KES520.00(Inc. VAT),Per 100g,370kcal,1558kJ,11g,59g,1.1g,8.0g,9.0g,,Oats,Solid,Food,,,,,,,
3272,Bokomo Traditional Oats 1Kg,Pack size : 1Kg,KES468.00(Inc. VAT),Average Nutritional Value As Per 100g,385kcal,1610kJ,12.4g,66g,0g,8.13g,4g,,Oats,Solid,Food,,,,,,,
3273,Morning harvest Superfast Oats Bag 1Kg,Pack size : 1Kg,,Average Nutritional Value As Per 100g,385kcal,1610kJ,12.4g,66g,0g,8.13g,4g,,Oats,Solid,Food,,,,,,,
3274,Weetabix Oatibix Jumbo Oats 1Kg,Pack size : 1Kg,KES520.00(Inc. VAT),Per 100g,376kcal,1588kJ,11.8g,62.1g,1.0g,6.5g,11.1g,,Oats,Solid,Food,,,,,,,
3275,NuVita Porridge Oats 1Kg,Pack size : 1Kg,KES450.00(Inc. VAT),Average Nutritional Value As Per 100g,386kcal,1613kJ,12g,73g,1.3g,5.5g,6.1g,,Oats,Solid,Food,,,,,,,
3276,Weetabix Rolled Oats 500G,Pack size : 500g,KES360.00(Inc. VAT),Per 100g,370kcal,1558kJ,11g,59g,1.1g,8.0g,9.0g,,Oats,Solid,Food,,,,,,,
3277,Quaker Quick Cooking White Oats 500g,Pack size : 500g,KES790.00(Inc. VAT),Average Nutritional Value As Per 100g,356kcal,1500kJ,11.0g,60.0g,1.1g,8.0g,3.0g,1.0mg,White Oats,Solid,Food,,,,,,,
3278,Bokomo Traditional Oats 500g,Pack size : 500g,KES324.00(Inc. VAT),Average Nutritional Value As Per 100g,385kcal,1610kJ,12.4g,66g,0g,8.13g,4g,,Oats,Solid,Food,,,,,,,
3279,Weetabix Oatibix Wholegrain Rolled Oats 500g,Pack size : 500g,KES399.00(Inc. VAT),Average Nutritional Value As Per 100g,370kcal,1558kJ,11g,59g,1.1g,8.0g,9.0g,,Rolled Oats,Solid,Food,,,0.01g,,,,
3280,Proctal & Allan Oat Flakes 1Kg,Pack size : 1Kg,,Average Nutritional Value As Per 100g,530kcal,2217kJ,13.5g,66g,0g,10g,9g,0mg,Oat Flakes,Solid,Food,,,,,,,
3281,Weetabix Oatibix Jumbo Oats 500g,Pack size : 500g,KES360.00(Inc. VAT),Per 100g,376kcal,1588kJ,11.8g,62.1g,1.0g,6.5g,11.1g,,Oats,Solid,Food,,,,,,,
3282,Morning Harvest Instant White Oats 500g,Pack size : 500g,KES299.00(Inc. VAT),Average Nutritional Value As Per 100g,360kcal,1506kJ,11g,60g,,8g,8.5g,,Oats,Solid,Food,,,,,,,
3283,Sante No Added Wheat Chrunchy Fruit 350g,Pack size : 350g,KES495.00(Inc. VAT),,69g,21g,435kcal,Average Nutritional Value As Per 100g,6g,0.1mg,,,Food,,7.5g,1820kJ,Solid,,,,,
3284,Morning Harvest Instant White Oats 500g,Pack size : 500g,KES399.00(Inc. VAT),Average Nutritional Value As Per 100g,385kcal,1610kJ,12.4g,66g,,8.13g,4g,,White Oats,Solid,Food,,,,,,,
3285,Morning Harvest Superfast White Oats 1Kg,Pack size : 1Kg,KES529.00(Inc. VAT),Average Nutritional Value As Per 100g,360kcal,1506kJ,11g,60g,,8g,8.5g,,Oats,Solid,Food,,,,,,,
3286,Morning Harvest Instant White Oats 1kg,Pack size : 1kg,KES679.00(Inc. VAT),Average Nutritional Value As Per 100g,385kcal,1610kJ,12.4g,66g,,8.13g,4g,,White Oats,Solid,Food,,,,,,,
3287,Morning Harvest Superfast White Oats 500g,Pack size : 500g,KES329.00(Inc. VAT),Average Nutritional Value As Per 100g,360kcal,1506kJ,11g,60g,,8g,8.5g,,Oats,Solid,Food,,,,,,,
3288,Jordans County Oat Porridge 750G,,KES1199.00(Inc. VAT),,,,,,,,,,,,,,"•	Free From Artificial Colours
•	Free From Artificial Flavours
•	Free From Artificial Preservatives",,,,,
3289,Jordans County Crisp Oat Strawbrry 500G,,KES1359.00(Inc. VAT),,,,,,,,,,,,,,"•	Free From Artificial Colours
•	Free From Artificial Flavours
•	Free From Artificial Preservatives",,,,,
3290,Sante Crunchy Natural Oat Flake 350g,Pack size : 350g,KES495.00(Inc. VAT),Average Nutritional Value As Per 100g,422kcal,1766kJ,7.9g,67g,31g,12g,6g,0mg,Oat Flake,Solid,Food,,,,,,,
3291,NuVita Cereos Oatmeal Cereal 375g,Pack size : 375g,KES270.00(Inc. VAT),Average Nutritional Value As Per 75g,277kcal,1158kJ,11g,48g,,4.58g,8.2g,214mg,Cereal,Solid,Food,,,,,,,
3292,Carrefour White Flakes Oats 500g,Pack size : 500g,KES199.00(Inc. VAT),Average Nutritional Value As Per 100g,385kcal,1610kJ,12.4g,66g,,8.13g,4g,,Oats,Solid,Food,,,,,,,
3293,Proctor And Allan Quick Porridge Oats 500g,Pack size : 500g,,Average Nutritional Value As Per 100g,374kcal,1564.82kJ,11g,60g,1g,8g,9g,0mg,Porridge Oats,Solid,Food,,,,,,,
3294,Proctor And Allan Quick Porridge Oats 1kg,Pack size : 1kg,,Average Nutritional Value As Per 100g,374kcal,1564.82kJ,11g,60g,1g,8g,9g,0mg,Porridge Oats,Solid,Food,,,,,,,
3295,Proctor And Allan White Oats 450g,Pack size : 450g,,Average Nutritional Value As Per 100g,530kcal,2217.52kJ,13g,66g,0g,10g,9g,0mg,Oats,Solid,Food,,,,,,,
3296,Proctor And Allan White Oats 500g,Pack size : 500g,KES265.00(Inc. VAT),Average Nutritional Value As Per 100g,530kcal,2217.52kJ,13g,66g,0g,10g,9g,0mg,Oats,Solid,Food,,,,,,,
3297,Weetabix Oatibix Whole Grain Oats Cereals 575g,Pack size : 575g,KES915.00(Inc. VAT),Average Nutritional Value As Per 100g,395kcal,1663kJ,13g,64g,3.2g,8g,7.3g,,Cereal,Solid,Food,,,,,,,
3298,Proctor And Allan White Oats 1kg,Pack size : 1kg,KES500.00(Inc. VAT),Average Nutritional Value As Per 100g,530kcal,2217.52kJ,13g,66g,0g,10g,9g,0mg,Oats,Solid,Food,,,,,,,
3299,Live Life Well Organic Porridge Oats 500g,Pack size : 500g,KES449.00(Inc. VAT),Average Nutritional Value As Per 100g,370kcal,1548.08kJ,11g,58g,1g,8g,10g,,Oats,Solid,Food,,,,,,,
3300,Proctor & Allan Oat Flakes 500G,Pack size : 500g,,,,,,,,,,,,,,,,,,,,
3301,Oomf Banana Pots 75G,Pack size : 75g,KES699.00(Inc. VAT),,,,,,,,,,,,,,,,,,,
3302,Oomf Apple Pots 75G,Pack size : 75g,KES699.00(Inc. VAT),,,,,,,,,,,,,,,,,,,
3303,SALAMA WHITE OATS 750G,,KES329.00(Inc. VAT),,,,,,,,,,,,,,,,,,,
3304,Carrefour 10 Min Precooked Wheat 500G,Pack size : 500g,KES599.00(Inc. VAT),,,,,,,,,,,,,,,,,,,
3305,Tropical Heat Snacks TropNuts Fried Peas 150g,Pack size : 150g,KES170.00(Inc. VAT),,,,,,,,,,,,,,,,,,,
3306,AMIGOS MATOKE CRISPS 50G,Pack size : 50g,KES63.00(Inc. VAT),,,,,,,,,,Matoke Crisps,Solid,Food,,,,,,,
3307,Cotton Candy,,KES150.00(Inc. VAT),,,,,,,,,,,,,,,,,,,
3308,Nuttishland Dry Rosted And Salted Macadamia Nut 50g,Pack size : 50g,KES157.00(Inc. VAT),Average Nutritional Value As Per 100g,718kcal,3004.11kJ,8g,14g,4.6g,76g,,5mg,Macadamia Nut,Solid,Food,,,,,,,
3309,Tropical Heat Snacks TropNuts Fried Peas 150g,Pack size : 150g,KES170.00(Inc. VAT),,,,,,,,,,,,,,,,,,,
3310,Out Of Africa Dry Roasted And Salted Macadamia Nuts 50g,Pack size : 50g,KES174.00(Inc. VAT),Average Nutritional Value As Per 100g,761kcal,3186kJ,7.2g,12.7g,4.6g,75.7g,,,Macadamia Nuts,Solid,Food,Salted,,0.6g,,,,
3311,Out Of Africa Cholesterol Free Honey Coated Macadamia Nuts 50g,Pack size : 50g,KES174.00(Inc. VAT),Average Nutritional Value As Per 100g,761kcal,3186kJ,7.2g,12.7g,4.6g,75.7g,,,Macadamia Nuts,Solid,Food,Honey,,,,,,
3312,Naturalli Brown Linseeds 100g,Pack size : 100g,KES179.00(Inc. VAT),Average Nutritional Value As Per 100g,405kcal,1694.52kJ,19g,29g,1g,34g,,,Brown Linseeds,Solid,Food,,,,,,,
3313,Naturalli Whole Almonds 100g,Pack size : 100g,KES329.00(Inc. VAT),Average Nutritional Value As Per 100g,162kcal,677.808kJ,6g,1g,1g,14g,1g,10mg,Almonds,Powder,Food,,,,,,,
3314,Nutfields Macadamia Nuts 80g,Pack size : 80g,KES257.00(Inc. VAT),Average Nutritional Value As Per 100g,761kcal,3186kJ,7.2g,12.7g,4.6g,75.7g,,,Macadamia Nuts,Solid,Food,,,,,,,
3315,Nuttishland Dry Rosted And Salted Macadamia Nut 100g,Pack size : 100g,KES313.00(Inc. VAT),Average Nutritional Value As Per 100g,718kcal,3004.11kJ,8g,14g,4.6g,76g,,5mg,Macadamia Nut,Solid,Food,,,,,,,
3316,Nutcracker Macadamia Nuts 100G,Pack size : 100 g,KES313.00(Inc. VAT),Average Nutritional Value As Per 28g,10kcal,41kJ,0g,0g,0g,1g,0g,4mg,Macadamia Nuts,Solid,Food,,,,,,,
3317,Nutrameal Whole Nutmeg 150g,Pack size : 150g,KES380.00(Inc. VAT),Average Nutritional Value As Per 100g,525kcal,2196.6kJ,5g,49g,,36g,20g,16mg,Nutmeg,Solid,Food,,,,,,,
3318,Jimcy Roasted Macadamia 200G,Pack size : 200g,KES420.00(Inc. VAT),Average Nutritional Value As Per 100g,716kcal,2995.74kJ,7.8g,13g,4.1g,76g,8g,,Macadamia,Solid,Food,,,,,,,
3319,Naturalli Desiccated Coconut 250g,Pack size : 250g,KES399.00(Inc. VAT),Average Nutritional Value As Per 100g,711kcal,2974.824kJ,7g,7g,7g,69g,16g,,Desiccated Coconut,Solid,Food,,,,,,,
3320,Naturalli Walnuts 100g,Pack size : 100g,KES499.00(Inc. VAT),Average Nutritional Value As Per 100g,185kcal,774.04kJ,4g,3g,,18g,1g,1mg,Walnuts,Solid,Food,,,,,,,
3321,Naturalli Blanched Roasted And Salted Almonds 100g,Pack size : 100g,KES499.00(Inc. VAT),Average Nutritional Value As Per 100g,600kcal,2510.4,20g,14g,,54 g,7 g,520mg,Roasted And Salted Almonds,Solid,Food,Roasted And Salted,,,,,,
3322,Out Of Africa Cholesterol Free Honey Coated Macadamia Nuts 150g,Pack size : 150g,KES505.00(Inc. VAT),Average Nutritional Value As Per 100g,761kcal,3186kJ,7.2g,12.7g,4.6g,75.7g,,,Macadamia Nuts,Solid,Food,Honey,,,,,,
3323,Out Of Africa Dry Roasted And Salted Macadamia Nuts 150g,Pack size : 150g,KES505.00(Inc. VAT),Average Nutritional Value As Per 100g,761kcal,3186kJ,7.2g,12.7g,4.6g,75.7g,,,Macadamia Nuts,Solid,Food,Salted,,0.6g,,,,
3324,Nutcracker Pecan Halves 75G,Pack size : 75 g,KES567.00(Inc. VAT),Average Nutritional Value As Per 100g,690kcal,2886kJ,9g,14g,4g,72g,10g,0mg,Pecan Nuts,Solid,Food,,,,,,,
3325,Nutfields Macadamia Nuts 250g,Pack size : 250g,KES795.00(Inc. VAT),Average Nutritional Value As Per 100g,761kcal,3186kJ,7.2g,12.7g,4.6g,75.7g,,,Macadamia Nuts,Solid,Food,,,,,,,
3326,Nuttishland Dry Rosted And Salted Macadamia Nut 250g,Pack size : 250g,KES768.00(Inc. VAT),Average Nutritional Value As Per 100g,718kcal,3004.11kJ,8g,14g,4.6g,76g,,5mg,Macadamia Nut,Solid,Food,,,,,,,
3327,Nutfields Unsalted Macadamia Nuts 250g,Pack size : 250g,KES829.00(Inc. VAT),Average Nutritional Value As Per 100g,761kcal,3184.02kJ,7g,12g,,75g,,,Macadamia Nuts,Solid,Food,Macadamia Nuts,,,,,,
3328,Out Of Africa Cholesterol Free Honey Coated Macadamia Nuts 250g,Pack size : 250g,KES820.00(Inc. VAT),Average Nutritional Value As Per 100g,761kcal,3186kJ,7.2g,12.7g,4.6g,75.7g,,,Macadamia Nuts,Solid,Food,Honey,,,,,,
3329,Nutcracker Pinenuts 75G,Pack size : 75 g,KES927.00(Inc. VAT),Average Nutritional Value As Per 100g,634kcal,2653kJ,20.0g,26.0g,0.30g,50.0g,0.0g,0mg,Pinenuts,Solid,Food,,,,,,,
3330,Reflexx Fruits Candy 13g,Pack size : 13g,KES25.00(Inc. VAT),Average Nutritional Value As Per 100g,44kcal,184.096kJ,,13g,,,,,Fruits Candy,Solid,Food,,,,,,,
3331,Reflexx Menthe Fraiche Candy 13g,Pack size : 13g,KES25.00(Inc. VAT),Average Nutritional Value As Per 100g,3kcal,12.552kJ,0.2g,0.5g,,,0.4g,2mg,Candy,Solid,Food,,,,,,,
3332,Wrigley's P.K Breath Freshener Menthol Chewing Gum 10Pieces 14g,Pack size : 14g,KES27.00(Inc. VAT),,,,,,,,,,Chewing Gum,Solid,Food,,,,,,,
3333,Wrigley's P.K Breath Freshener Pepper Mint Chewing Gum 10Pieces 14g,Pack size : 14g,KES27.00(Inc. VAT),Average Nutritional Value As Per 1.4g,4kcal,16kJ,0g,1g,1g,0g,0g,0mg,Chewing Gum,Solid,Food,,,,,,,
3334,Wrigley's Juicy Fruit Strawberry Chewing Gum 14g x 10 Pieces,Pack size : 14g,KES27.00(Inc. VAT),,,,,,,,,,,,,,,,,,,
3335,Tic Tac Strawberry Mix Drops Candies 10.2g,Pack size : 10.2g,KES50.00(Inc. VAT),Average Nutritional Value As Per 100g,152kcal,635kJ,1g,32g,,56g,,,Candies,Solid,Food,,,,,,,
3336,Tic Tac Mint Drops Candies T21 10.2g,Pack size : 10.2g,KES50.00(Inc. VAT),Average Nutritional Value As Per 100g,152kcal,635kJ,1g,32g,,56g,,,Candies,Solid,Food,Mint,,,,,,
3337,Tic Tac Spearmint Candies T21 10.2g,Pack size : 10.2g,KES50.00(Inc. VAT),Average Nutritional Value As Per 100g,152kcal,635kJ,1g,32g,,56g,,,Candies,Solid,Food,Spearmint,,,,,,
3338,Tic Tac Orange Drops Candies T21 10.2g,Pack size : 10.2g,KES50.00(Inc. VAT),Average Nutritional Value As Per 100g,152kcal,635kJ,1g,32g,,56g,,,Candies,Solid,Food,Orange,,,,,,
3339,Zed Candy Jawbreaker Strawberry Hard Candy Balls 41.3g,Pack size : 41. 3g,KES65.00(Inc. VAT),,,,,,,,,,,,,,,,,,,
3340,Zed Candy Sour Jawbreaker Hard Candy Balls 41.3g,Pack size : 41. 3g,KES65.00(Inc. VAT),Average Nutritional values As Per 41.3g,153kcal,640kj,0g,37g,0g,0g,0g,,,,,,,,,,,
3341,Jawbreaker Tropical Candy 41.3g,Pack size : 41. 3g,KES65.00(Inc. VAT),Average Nutritional Values As Per 100g,370kcal,1572kj,0g,89g,85g,1.60g,,,,,,,,,,,,
3342,Wrigley's Orbit Sugar Free Bubblemint Chewing Gum 14g (10 Pieces),Pack size : 14g (10 Pieces),KES70.00(Inc. VAT),Average Nutritional Value As Per 100g,148kcal,615kJ,,61.5g,,,,,Chewing Gum,Solid,Food,Bubblemint,,,,,,
3343,Magical Gummy Cheese Cake 28Gm,,KES75.00(Inc. VAT),,,,,,,,,,,,,,,,,,,
3344,JAWBREAKER TORNADO POP SOURBLU33.2G,Pack size : 33.2g,KES80.00(Inc. VAT),Average Nutritional Value As Per 33.25g,130kcal,544kJ,0g,29g,28g,1g,0g,0mg,Bubble Gum,Solid,Food,Sour Blue,,,,,,
3345,Jawbreaker Strawberry Tornado Pop 33.2g,Pack size : 3.2g,KES80.00(Inc. VAT),Average Nutritional Value As Per 100g,370kcal,1572kJ,,89g,85g,1.60g,,,Tornado Pop,Solid,Food,Strawberry,,,,,,
3346,Mentos Pure Fresh Strawberry Chewing Gum 14g,Pack size : 4 Pieces,KES84.00(Inc. VAT),,,,,,,,,,,Solid,,,,,,,,
3347,Mentos Strawberry Chewing Gum 37.5g (14 Pieces),Pack size : 37.5g (14 Pieces),,Average Nutritional Value As Per 100g,386kcal,1615kJ,,92.5g,70.1g,1.7g,,40mg,Chewing Gum,Solid,Food,Strawberry,,,,,,
3348,Mentos Pure Fresh Winter Green Chewing Gum 14g,Pack size : 14g,KES85.00(Inc. VAT),Average Nutritional Value As Per 100g,173kcal,724kJ,70.7g,0.1g,,0.1g,0.1g,8mg,Chewing Gum,Solid,Food,,,,,,,
3349,Mentos Pure Fresh Mint Chewing Gum 14g,Pack size : 14g,KES85.00(Inc. VAT),Average Nutritional Value As Per 100g,181kcal,757kJ,,73g,71g,,,,Chewing Gum,Solid,Food,Mint,,,,,,
3350,Florident Sugar Free Spearmint Chewing Gum 23g,Pack size : 23g,KES110.00(Inc. VAT),Average Nutritional Value As Per 2 Pieces,4kcal,16.73kJ,,2g,,,,,Chewing Gum,Solid,Food,Spearmint,,,,,,
3351,Colfresh Sugar Free Spearmint Chewing Gum 21g,Pack size : 21g,KES113.00(Inc. VAT),Average Nutritional Value As Per 2 Pieces,4kcal,16.73kJ,,2g,,,,,Chewing Gum,Solid,Food,Spearmint,,,,,,
3352,Colfresh Sugar Free Icemint Chewing Gum 21g,Pack size : 21g,KES113.00(Inc. VAT),Average Nutritional Value As Per 1g,168kcal,702.912kJ,,70g,,,,,Chewing Gum,Solid,Food,Icemint,,,,,,
3353,Colfresh Sugar Free White Mint Chewing Gum 21g,Pack size : 21g,KES113.00(Inc. VAT),Average Nutritional Value As Per 2 Pieces,4kcal,16.73kJ,,,,,,,Chewing Gum,Solid,Food,Mint,,,,,,
3354,Colfresh Gum Tropical Fruits 21G,,KES113.00(Inc. VAT),,,,,,,,,,,,,,,,,,,
3355,COLFRESH GUM STRAWBERY SUGARFREE21G,,KES113.00(Inc. VAT),,,,,,,,,,,,,,,,,,,
3356,Zed Candy Jawbreaker On A Stick Monster 5 Flavours Lollipop 60g,Pack size : 60g,KES130.00(Inc. VAT),,,,,,,,,,,,,,,,,,,
3357,JAWBREAKER JUMBO 4'S 65.8G,Pack size : 65. 8g,KES130.00(Inc. VAT),,,,,,,,,,,,,,,,,,,
3358,JAWBREAKER MAMMOUTH POP 60G,Pack size : 60g,KES130.00(Inc. VAT),,,,Average Nutritional Value As Per 100g,,,,,Solid,360kcal,79g,89g,0g,1506kJ,Candy,,,Food,
3359,Zed Candy Jumbo Jawbreaker Sour Hard Candy Balls 65.8g,Pack size : 65. 8g,KES130.00(Inc. VAT),Average Nutritional values As Per 41.3g,153kcal,640kj,0g,37g,0g,0g,0g,,,,,,,,,,,
3360,PERFETTI C-CHUPS GUM TPAINT 27.67G,,KES149.00(Inc. VAT),,,,,,,,,,,,,,,,,,,
3361,Colfresh Gum Dental Black Spearmint 21G,,KES163.00(Inc. VAT),,,,,,,,,,,,,,,,,,,
3362,Colfresh Dental Black Tuttifruti Mint 21G,Pack size : 21g,KES163.00(Inc. VAT),,,,,,,,,,,,,,,,,,,
3363,Ballon Chicle  Bubble Gum 150Gm,Pack size : 150g,KES165.00(Inc. VAT),Average Nutritional Value As Per Seving,10kcal,41kJ,0g,2g,2g,0g,0g,0mg,Bubble Gum,Solid,Food,Tutti Frutti,,,,,,
3364,Wrigley's Extra Strawberry Chewing Gum 10 Pieces,Pack size : 10 Pieces,KES175.00(Inc. VAT),Average Nutritional Value As Per 100g,168kcal,699kJ,0g,67.7g,0g,0g,0g,0mg,Chewing Gum,Solid,Food,Strawberry,,,,,,
3365,AIRWAVES BLACKCURRANT S/F 10P G14G,,KES175.00(Inc. VAT),,,,,,,,,,,,,,,,,,,
3366,AIRWAVES GUM MENTHOL&EUCALYPTUS10'S,,KES175.00(Inc. VAT),,,,,,,,,,,,,,,,,,,
3367,AIRWAVES BLACKCURRANT S/F 10P G14G,,KES175.00(Inc. VAT),,,,,,,,,,,,,,,,,,,
3368,Airheads White Mystery Candy Bar 15.6g,Pack size : 15.6g,KES180.00(Inc. VAT),Average Nutritional Value As Per 15.6g,60kcal,251kJ,0g,15g,11g,0g,,,Candy Bar,Solid,Food,,,,,,,
3369,Airheads Cherry Candy Bar 15.6g,Pack size : 15.6g,KES180.00(Inc. VAT),Average Nutritional Value As Per 15.6g,60kcal,251kJ,0g,15g,11g,0g,,,Candy Bar,Solid,Food,Cherry,,,,,,
3370,Airheads Orange Candy Bar 15.6g,Pack size : 15.6g,KES180.00(Inc. VAT),Average Nutritional Value As Per 31.2g,130kcal,543kJ,0g,30g,21g,1g,,5mg,Candy Bar,Solid,Food,Orange,,,,,,
3371,Ring Pop Sour Cherry Lollipop Candy Assorted 14g,Pack size : 14g,KES180.00(Inc. VAT),Average Nutritional Value As Per 14g,60kcal,251kJ,0g,14g,7g,0g,,35mg,Lollipop Candy,Solid,Food,Cherry,,,,,,
3372,ORBIT SPEARMINT B CHEWING GUM 20PCS,Pack size : 20 Pieces,KES220.00(Inc. VAT),Average nutrition as per 100g,,,,,,,,,,Solid,Cheewing Gum,Spearmint,,,,,,
3373,ORBIT MIX FRUIT B CHEWING GUM 20PCS,,KES220.00(Inc. VAT),,,,,,,,,,,Solid,Cheewing Gum,Mix Fruit,,,,,,
3374,Magical Gummy Cola Bottles 80Gm,Pack size : 80gm,,Nutrition information per 100g,340Kcal,,7.9g,75.7g,52.5g,0.1g,0g,28mg,Food,solid,Candy,,,,,,,
3375,Magical Gummy Turtle 80Gm,Pack size : 80gm,,Nutrition information per 100g,340Kcal,,7.9g,75.7g,52.5g,0.1g,0g,28mg,Food,solid,Candy,,,,,,,
3376,Magical Gummy Bones 80Gm,Pack size : 80gm,,Nutrition information per 100g,340Kcal,,7.9g,75.7g,52.5g,0.1g,0g,28mg,Food,solid,Candy,Bones,,,,,,
3377,Magical Gummy Bananas 80Gm,Pack size : 80gm,,Nutrition information per 100g,340Kcal,,7.9g,75.7g,52.5g,0.1g,0g,28mg,Food,solid,Candy,Banana,,,,,,
3378,Magical Gummy Fruit 80Gm,,,,,,,,,,,,,,,,,,,,,
3379,Magical Gummy Teeth 80Gm,,,,,,,,,,,,,,,,,,,,,
3380,Magical Gummy Ring 80Gm,Pack size : 80gm,,Nutrition information per 100g,340Kcal,,7.9g,75.7g,52.5g,0.1g,0g,28mg,Food,solid,Candy,,,,,,,
3381,Magical Sour Gummy Worms 80Gm,Pack size : 80gm,,Nutrition information per 100g,340Kcal,,7.9g,75.7g,52.5g,0.1g,0g,28mg,Food,solid,Candy,,,,,,,
3382,Big G Original Bubble Gum 50 Pieces,Pack size : 50 Pieces,KES250.00(Inc. VAT),Average Nutritional Value As Per Serving,15kcal,62kJ,,4g,3g,,,,Bubble Gum,Solid,Food,,,,,,,
3383,Mentos Pure Fresh Breath Sugar Free Winter Green Tea Chewing Gum 31.5g,Pack size : 31.5g,KES250.00(Inc. VAT),Average Nutritional Value As Per 1 Piece,3kcal,12.55kJ,,1g,1g,,,,Chewing Gum,Solid,Food,Winter Green Tea,,,,,,
3384,Bebeto Strawberry Metergum 40g,Pack size : 40g,KES269.00(Inc. VAT),Average Nutritional Value As Per 100g,381kcal,1594.10kJ,2g,88g,0g,2g,0g,0mg,Metergum,Solid,Food,Strawberry,,,,,,
3385,COCON GUMMY MANGO 100G,Pack size : 100g,KES283.00(Inc. VAT),Average Nutritional Value As Per 6g,21kcal,89kJ,0.06g,5g,5.2g,0g,,,Gummy Candy,Jelly,Food,Mango,,,,,,
3386,COCON GUMMY STRAWBERRY 100G,Pack size : 100g,KES283.00(Inc. VAT),Average Nutritional Value As Per 100g,355kcal,1485kJ,1.0g,87.70g,77.5g,0g,,,Gummy Candy,Solid,Food,Strawberry,,,,,,
3387,COCON GUMMY ORANGE 100G,Pack size : 100g,KES283.00(Inc. VAT),Average Nutritional Value As Per 100g,355kcal,1485kJ,1.0g,87.70g,77.5g,0g,,,Gummy Candy,Solid,Food,Orange,,,,,,
3388,Trident Original Sugar Free Sticks Chewing Gum With Xylitol 14 Sticks 35g,Pack size : 35g,KES295.00(Inc. VAT),Average Nutritional Value As Per Serving,5kcal,20.92kJ,0g,1g,0g,0g,,0mg,Chewing Gum,Solid,,,,,,,,
3389,Trident Spearmint Chewy Gum 14 Sticks,Pack size : 14 Sticks,KES295.00(Inc. VAT),Average Nutritional Value As Per 100g,5kcal,20.92kJ,0g,1g,0g,0g,0g,0mg,Chewy Gum,Solid,Food,Spearmint,,0g,,,,
3390,Mondelez Trident Bubblegum 14 Sticks,Pack size : 14 Sticks,KES295.00(Inc. VAT),Average Nutritional Value As Per 1 Stick,<5kcal,,,1g,0g,0g,,0mg,Bubblegum,Solid,Food,,,,,,,
3391,MONDELEZ TRIDENT PERFECT P/MINT14S,,KES295.00(Inc. VAT),,,,,,,,,,,,,,,,,,,
3392,Trident Tropical Twist Chewy Gum 14 Sticks,Pack size : 14 Sticks,KES295.00(Inc. VAT),,1g,0g,5kcal,Average Nutritional Value As Per 100g,0g,0mg,0g,,Food,Tropical,0g,20.92kJ,Solid,,,,,
3393,Mondelez Trident Cinnamon Bubblegum 14 Sticks,Pack size : 14 Sticks,KES295.00(Inc. VAT),Average Nutritional Value As Per 1 Stick,<5kcal,,,1g,0g,0g,,0mg,Cinnamon Bubblegum,Solid,Beverages,,,,,,,
3394,Trident Watermelon Twist Sugar Free Chewing Gum 14 Sticks 35g,Pack size : 35g,KES295.00(Inc. VAT),Average Nutritional Value As Per Serving,5kcal,20.92kJ,0g,1g,0g,0g,,0mg,Chewing Gum,Solid,Food,Watermelon,,,,,,
3395,Mentos Incredible Chew Green Apple Candy 45g,Pack size : 45g,KES300.00(Inc. VAT),Average Nutritional Value As Per 100g,414kcal,1732.18kJ,2g,81g,59g,8.8g,,10mg,Candy,Solid,Food,Green Apple,,,,,,
3396,COLFRESH GUM WHTE MNT SUGARFREE 50G,Pack size : 50g,KES326.00(Inc. VAT),Average Nutritional Value As Per 100g,177kcal,740.568kJ,,71g,,,,,Chewing Gum,Solid,Food,,,,,,,
3397,Colfresh Gum Tropical Fruits 50G,,KES326.00(Inc. VAT),,,,,,,,,,,,,,,,,,,
3398,COLFRESH GUM SPEARMNT SUGARFREE 50G,Pack size : 50g,KES326.00(Inc. VAT),Average Nutritional Value As Per 100g,168kcal,703kJ,0g,70g,,0g,,,Chewing Gum,Solid,Food,Spearmint,,,,,,
3399,Colfresh Sugar Free Icemint Chewing Gum 50g,Pack size : 50g,KES326.00(Inc. VAT),Average Nutritional Value As Per 1g,168kcal,702.912kJ,,70g,,,,,Chewing Gum,Solid,Food,Icemint,,,,,,
3400,Trident Gum Wintergreen 14 Sticks Sugar Free,,KES335.00(Inc. VAT),,,,,,,,,,,,,,,,,,,
3401,Trident Gum Sweet Mint 14 Sticks Sugar Free,,KES335.00(Inc. VAT),,,,,,,,,,,,,,,,"Suitable for vegetarians, vegans",,,
3402,Trident Gum Mint Bliss 14 Sticks Sugar Free,,KES335.00(Inc. VAT),,,,,,,,,,,,,,,,"Suitable for vegetarians, vegans",,,
3403,Wrigley's Green Arrow Green Tea Mint Chewing Gum 64g,Pack size : 64g,KES452.00(Inc. VAT),Average Nutritional Value As Per 100g,175.2kcal,743kJ,,73g,0.1g,0.1g,0.1g,9mg,Chewing Gum,Solid,Food,"Green Tea, Mint",,,,,,
3404,Wrigley's Double-mint Chewing Gum 64g,Pack size : 64g,KES452.00(Inc. VAT),Average Nutritional Value As Per 100g,8kcal,33.4kJ,,2g,2g,,,,Chewing Gum,Solid,Food,Mint,,,,,,
3405,Colfresh Gums Dental Black Spearmint 50G,Pack size : 50g,KES460.00(Inc. VAT),,,,,,,,,,,,,,,,,,,
3406,Colfresh Dental Black Tutifrutti Mint 50G,,KES460.00(Inc. VAT),,,,,,,,,,,,,,,,,,,
3407,Wrigleys Extra Mints Tropical 15.6G,Pack size : 15.6g,KES495.00(Inc. VAT),,,,,,,,,,,,,,,,,,,
3408,Nestle Polo Original Mint Candy 125g,Pack size : 125g,KES890.00(Inc. VAT),Average Nutritional Value As Per 100g,402kcal,1707kJ,,98.1g,95.6g,1g,,,Candy,Solid,Food,Mint,,0.01g,,,,
3409,Wrigley's Extra Sugar Free Tropical Chewing Gum 30 Pieces,,KES1099.00(Inc. VAT),,,,,,,,,,,,,,,,,,,
3410,FIX 8 KOMBUCHA GING.TURMERIC 250ML,,KES295.00(Inc. VAT),,,,,,,,,,,,,,,,,,,
3411,Pick N Peel Apple Juice 1L,Pack size : 1L,KES283.00(Inc. VAT),Average Nutritional Value As Per 100g,110kcal,460kJ,0g,28g,26g,0g,0g,20mg,Apple Juice,Liquid,Beverage,Apple,,,,,,
3412,Pick N Peel Orange Juice 1L,Pack size : 1L,KES359.00(Inc. VAT),Average Nutritional Value As Per 100g,304kcal,1271kJ,0g,16g,0g,0g,0g,3mg,Orange Juice,Liquid,Beverage,Orange,,,,,,
3413,Pick N Peel Tropical Mix Juice 1L,Pack size : 1L,KES283.00(Inc. VAT),Average Nutritional Value As Per 100g,54kcal,227kJ,0.3g,12.4g,,0.1g,,,Tropical Mix Juice,Liquid,Beverage,,,,,,,
3414,Pick N Peel Pineapple Juice 1L,Pack size : 1L,KES289.00(Inc. VAT),Average Nutritional Value As Per 100g,47kcal,196.648kJ,,11.9g,11.8g,0g,,,Pineapple Juice,Liquid,Beverage,Pineapple,,,,,,
3415,Minute Maid Tropical Juice 1L.,Pack size : 1L,KES144.00(Inc. VAT),Average Nutritional Value As Per 100ml,65kcal,271.96kJ,0.3g,15g,,0.1g,0.3g,,Juice,Liquid,Beverage,,,,,,,
3416,Pick N Peel Mango Juice 1L,Pack size : 1L,KES283.00(Inc. VAT),Average Nutritional Value As Per 100g,61kcal,255.224kJ,0.2g,15g,15g,0g,,4mg,Mango Juice,Liquid,Beverage,Mango,,,,,,
3417,Del Monte Juice Blend Mixed Berry1L,Pack size : 1L,KES298.00(Inc. VAT),Average Nutritional Value As Per 200ml,102kcal,426.768kJ,,24g,24g,1g,,,Juice,Liquid,Beverage,Berry,,,,,,
3418,Pick N Peel Red Grape Juice 1L,Pack size : 1L,KES283.00(Inc. VAT),Average Nutritional Value As Per 100g,135kcal,554kJ,1g,32g,29g,0g,0g,30mg,Red Grape Juice,Liquid,Beverage,Red Grape,,,,,,
3419,Fruitville Cranberry Juice 1L,Pack size : 1L,KES350.00(Inc. VAT),Average Nutritional Value As Per 100ml,47kcal,196.6kJ,0.4g,12g,12g,,,2mg,Juice,Liquid,Beverage,Cranberry,,,,,,
3420,Minute Maid Mango Juice 1L,Pack size : 6,KES144.00(Inc. VAT),Average Nutritional Value As Per 100ml,60kcal,251.04kJ,0.8g,15g,14g,0.4g,1.6g,1mg,Juice,Liquid,Beverage,Mango,,,,,,
3421,ORCHID VALLEY DELIGHT MANGO 1L,Pack size : 1L,KES225.00(Inc. VAT),Average Nutritional Value As Per 64g,140kcal,585.76kJ,,35g,35g,,,15mg,Juice,Liquid,Beverage,Mango,,,,,,
3422,Pick N Peel White Grape Juice 1L,Pack size : 1L,KES283.00(Inc. VAT),Average Nutritional Value As Per 100ml,65kcal,271.96kJ,0.3g,15.9g,15.9g,,,1.8mg,Grape Juice,Liquid,Beverage,Grape,,,,,,
3423,Del Monte Orange Juice 1L,Pack size : 1L,KES294.00(Inc. VAT),Average Nutritional Value As Per 240ml,110kcal,460.24kJ,,29g,29g,,,10mg,Juice,Liquid,Beverage,Orange,,,,,,
3424,Fanaka Fruit Drink 1L - Apple,Pack size : 1L,KES109.00(Inc. VAT),,,,,,,,,,,,,,,,,,,
3425,Fanaka Fruit Drink 1L - Tropical Fruit Mix,Pack size : 1L,KES109.00(Inc. VAT),,,,,,,,,,,,,,,,,,,
3426,Del Monte Pineapple Gold Juice 1L,Pack size : 1L,KES298.00(Inc. VAT),Average Nutritional Value As Per 100ml,51kcal,219kJ,0.3g,12.1g,12.1g,,,,Pineapple Juice,Liquid,Beverage,Pineapple,,,,,,
3427,Del Monte Juice Blend Passion 1L,Pack size : 1L,KES298.00(Inc. VAT),Average Nutritional Value As Per 200ml,124kcal,518.816kJ,,29g,29g,,,,Juice,Liquid,Beverage,Passion Fruit,,,,,,
3428,Mohawk Kombucha Berricious 500ml,Pack size : 500ml,KES230.00(Inc. VAT),,,,,,,,,,,,,Berries,,,,,,
3429,Fanaka Fruit Drink 1L - Guava,Pack size : 1L,KES109.00(Inc. VAT),,,,,,,,,,,,,,,,,,,
3430,Booch Kombucha Passion Baobab  300ml,Pack size : 300ml,,Average Nutritional Value As Per 100ml,23kcal,98kJ,1g,5.6g,5.3g,0.5g,,1mg,Soft Drink,Liquid,Beverage,,,,,,,
3431,Booch  Kombucha Elder flower 300ml,Pack size : 300ml,KES275.00(Inc. VAT),,,,,,,,,,,,,,,,,,,
3432,Gofrut Mango Juice 1L,Pack size : 1L,KES150.00(Inc. VAT),,,,,,,,,,,,,,,,,,,
3433,Mohawk Kombucha Peach 500ml,Pack size : 500ml,KES230.00(Inc. VAT),,,,,,,,,,,,,Peach,,,,,,
3434,Gofrut Apple Juice 1L,Pack size : 1L,KES150.00(Inc. VAT),Average Nutritional Value As Per 237ml,110kcal,460kj,0g,28g,26g,0g,0g,20mg,,,,,,,,,,
3435,Del Monte Tropical Blend Juice 1L,Pack size : 1L,KES298.00(Inc. VAT),Average Nutritional Value As Per 200ml,112kcal,468.608kJ,,,,,,,Juice,Liquid,Beverage,,,,,,,
3436,Del Monte Juice Blend Mango 1L,Pack size : 1L,KES298.00(Inc. VAT),Average Nutritional Value As Per 200ml,126kcal,527.184kJ,,30g,30g,,,,Juice,Liquid,Beverage,Mango,,,,,,
3437,Del Monte Pineapple Blend Juice 1L,Pack size : 1L,KES298.00(Inc. VAT),Average Nutritional Value As Per 225ml,110kcal,460.24kJ,,27g,25g,,,15mg,Juice,Liquid,Beverage,Pineapple,,,,,,
3438,Mohawk Kombucha Ginger 500ml,Pack size : 500ml,KES230.00(Inc. VAT),,,,,,,,,,,,,Ginger,,,,,,
3439,Del Monte Juice Blend Pineapple  Mango 1L,Pack size : 1L,KES298.00(Inc. VAT),Average Nutritional Value As Per 100ml,52kcal,217.568kJ,,12g,4g,,,,Juice,Liquid,Beverage,"Pineapple, Mango",,,,,,
3440,Del Monte Pineapple  Orange Juice Blend  1L,Pack size : 1L,KES298.00(Inc. VAT),Average Nutritional Value As Per 240ml,130kcal,543.92kJ,,34g,10g,,,10mg,Juice,Liquid,Beverage,"Pineapple, Orange",,,,,,
3441,Afia Apple Juice Tetra 1L,Pack size : 1L,,Average Nutritional Value As Per 100ml,285kcal,1192.44kJ,4g,71g,0g,4g,0g,0mg,Drink,Liquid,Food,Apple,,,,,,
3442,Ceres Juice Cranberry/Kiwi 100% 1L,Pack size : 1L,KES449.00(Inc. VAT),Average Nutritional Value As Per 250ml,120kcal,502kJ,,30g,16g,,,10mg,Juice,Liquid,Beverage,"Cranberry,Kiwi",,,,,,
3443,Fanaka Fruit Drink 1L - Mango,Pack size : 1L,KES109.00(Inc. VAT),,,,,,,,,,,,,,,,,,,
3444,Highlands Cordial Orange Juice 3L,Pack size : 3L,KES489.00(Inc. VAT),Average Nutritional Value As Per 100ml,48kcal,200kJ,,12g,12g,,,,Juice,Liquid,Beverage,Orange,,,,,,
3445,Ocean Spray Classic Cranberry Juice  1L,Pack size : 1L,KES675.00(Inc. VAT),Average Nutritional Value As Per 120g,20kcal,83.68kJ,,5g,2g,,,,Juice,Liquid,Beverage,Cranberry,,,,,,
3446,Freez Mojito Strawberry Mix Drink 275M,Pack size : 275M,KES325.00(Inc. VAT),,,,,,,,,,,,,,,,,,,
3447,Booch Kombucha Strawberry Soft Drink 300ml,Pack size : 300ml,,Average Nutritional Value As Per 100ml,45kcal,188.28kJ,,11g,9g,,,10mg,Soft Drink,Liquid,Beverage,Strawberry,,,,,,
3448,Orchid Valley Apple Juice 1L,Pack size : 1L,KES258.00(Inc. VAT),Average Nutritional Value As Per 100g,47kcal,197kJ,0.1g,11g,,0.1g,0.2g,4mg,Juice,Liquid,Beverage,Apple,,,,,,
3449,Fruitville Lemon Mint And Cucumber Juice 1L,Pack size : 1L,KES269.00(Inc. VAT),Average Nutritional Value As Per Serving,150kcal,627.6kj,0g,38g,,0g,0g,15mg,,,,,,,,,,
3450,Orchid Valley Delight Apple Juice 1L,Pack size : 1L,KES225.00(Inc. VAT),Average Nutritional Value As Per 100g,47kcal,197kJ,0.1g,11g,,0.1g,0.2g,4mg,Juice,Liquid,Beverage,Apple,,,,,,
3451,Martini Rose Demisec Sparkling Wine 750Ml,Pack size : 750ml,KES2433.00(Inc. VAT),,,,,,,,,,Wine,Liquid,Beverages,,,,,,,
3452,Aquamist Pineapple Frutz Drink 500Ml,Pack size : 500ml,KES75.00(Inc. VAT),Average Nutritional Value As Per 100ml,48,272kJ,<0.1g,12g,15g,<0.1g,0.5g,10.2,Mango Juice,Liquid,Beverage,Mango,,0.02,,,,
3453,Orchid Valley Delight Apple Juice 1L,Pack size : 1L,KES225.00(Inc. VAT),Average Nutritional Value As Per 100g,47kcal,197kJ,0.1g,11g,,0.1g,0.2g,4mg,Juice,Liquid,Beverage,Apple,,,,,,
3454,FIX 8 KOMBUCHA GING.TURMERIC 250ML,,KES295.00(Inc. VAT),,,,,,,,,,,,,,,,,,,
3455,Afia Multi Vitamin Fruit Drink 1.5L,Pack size : 1.5L,KES195.00(Inc. VAT),Average Nutritional Value As Per 100ml,50kcal,209kJ,,12.4g,9.7g,,,8mg,Fruit Drink,Liquid,Beverage,,,,,,,
3456,Suntop Berry Fruit Juice 250Ml,Pack size : 250ml,KES60.00(Inc. VAT),Average Nutritional Value As Per 100ml,54kcal,225.9kJ,1g,13g,13g,,,1.8mg,Fruit Juice,Liquid,Beverage,,,,,,,
3457,Mohawk Kombucha Berricious 250ml,Pack size : 250ml,KES149.00(Inc. VAT),,,,,,,,,,,,,Berries,,,,,,
3458,Fruitfull Tetra Pak 1 Litre Mango,Pack size : 1L,KES208.00(Inc. VAT),Average Nutritional Value As Per Serving,120kcal,502.08kj,0g,30g,0g,0g,0g,0mg,,,,,,,,,,
3459,Afia Apple Drink 1.5L,Pack size : 1.5L,KES195.00(Inc. VAT),Average Nutritional Value As Per 200ml,94kcal,393.296kJ,,22.9g,22g,,,18mg,Apple Drink,Liquid,Beverage,,,,,,,
3460,Freez Mojito Strawberry Mix Drink 275M,Pack size : 275M,KES325.00(Inc. VAT),,,,,,,,,,,,,,,,,,,
3461,Ceres Season'S Treasure 1L 100%,Pack size : 1L,KES450.00(Inc. VAT),Average Nutritional Value As Per 200ml,120kcal,502kJ,,15g,14g,,2g,10mg,Juice,Liquid,Beverage,,,,,,,
3462,Afia Mixedfruit Juice Pet 1L,Pack size : 1L,KES139.00(Inc. VAT),Average Nutritional Value As Per 100ml,47Kcal,180Kj,0.01g,11.7g,11.7g,,,,,,,,,,,,,
3463,Mohawk Man-Go -Wild 500ml,Pack size : 500ml,KES230.00(Inc. VAT),,,,,,,,,,,,,Mango,,,,,,
3464,Ceres Juice Orange 100% 1L,Pack size : 1L,KES449.00(Inc. VAT),Average Nutritional Value As Per 200ml,100kcal,418kJ,1g,22g,22g,,,5mg,Orange Juice,Liquid,Beverage,Orange,,,,,,
3465,Fruitdale Nectar Passion Fruit Juice 1L,Pack size : 1L,KES230.00(Inc. VAT),Average Nutritional Value As Per 200ml,124kcal,518.81kJ,,29g,29g,,,,Fruit Juice,Liquid,Beverage,Passion Fruit,,,,,,
3466,Freez Lemon & Mint Drink 275Ml,Pack size : 275Ml,KES325.00(Inc. VAT),Serving Size: 100ml,280kcal,,7g,7g,,,,,Non- Alcoholic Drink,Liquid,Carbonated Drink,,,,,,,
3467,Nawon Basil Seed Kiwi Juice 290Ml,Pack size : 280Ml,KES290.00(Inc. VAT),,,,,,,,,,Juice,Liquid,Juice,Kiwi,,,,,,
3468,Ceres Delight Apple And Blackcurrant Nector Juice 250Ml,Pack size : 250ml,KES75.00(Inc. VAT),Average Nutritional Value As Per 1cup,120kcal,502kJ,,30g,5g,,,15mg,Nector Juice,Liquid,Beverage,"Apple, Blackcurrant.",,,,,,
3469,Orchid Valley Delight Mango Juice 250Ml,Pack size : 250ml,KES60.00(Inc. VAT),Average Nutritional Value As Per 64g,140kcal,585.76kJ,,35g,35g,,,15mg,Juice,Liquid,Beverage,Mango,,,,,,
3470,Del Monte Juice Blend Orange 1L,Pack size : 1L,KES294.00(Inc. VAT),Average Nutritional Value As Per 100ml,56kcal,234.304kJ,,13g,13g,,,,Juice,Liquid,Beverage,Orange,,,,,,
3471,Fruit Dale Pineapple Fruit Juice 1L,Pack size : 1L,KES230.00(Inc. VAT),Average Nutritional Value As Per 100g,51kcal,213.38kj,0.4g,12.67g,,0.03g,,,,,,,,,,,,
3472,Freez Mango & Peach Mix Drink 275Ml,Pack size : 275Ml,KES325.00(Inc. VAT),Serving Size: 100ml,280kcal,,7g,7g,,,,,Non- Alcoholic Drink,Liquid,Carbonated Drink,,,,,,,
3473,Osterberg Aloe Vera Drink 500Ml,Pack size : 500ml,KES395.00(Inc. VAT),Average Nutritional Value As Per 100ml,54kcal,2259kJ,1.4g,18g,20g,0.1g,,56mg,Aloe Vera Drink,Liquid,Beverage,Aloe Vera,,,,,,
3474,Afia Orange Fruit Drink 250Ml,Pack size : 250ml,KES60.00(Inc. VAT),Average Nutritional Value As Per 100ml,45kcal,188.28kJ,0.7g,10g,8.4g,0.2g,,1mg,Fruit Drink,Liquid,Beverage,,,,,,,
3475,Fruitville Berry Juice 1L,Pack size : 1L,KES299.00(Inc. VAT),Average Nutritional Value As Per 100ml,48kcal,200.832kj,0g,12g,7g,0g,,,,,,,,,,,,
3476,Fruit Dale Tropical Mix Fruit Juice 1L,Pack size : 1L,KES230.00(Inc. VAT),Average Nutritional Value As Per 100ml,48kcal,201kJ,0.2g,11.5g,,0.1g,,,Mix Fruit Juice,Liquid,Beverage,,,,,,,
3477,Freez Strawberry Mix Drink 275Ml,Pack size : 275Ml,KES325.00(Inc. VAT),,,,,,,,,,,,,,,,,,,
3478,Mohawk ManGo Wild 250ml,Pack size : 250ml,KES149.00(Inc. VAT),,,,,,,,,,,,,Mango,,,,,,
3479,Mogu Mogu Blackcurrant Drink 320Ml,Pack size : 320Ml,KES250.00(Inc. VAT),,,,,,,,,,,,Juice,,,,,,,
3480,Mogu Mogu Blackcurrant Drink 320Ml,Pack size : 320Ml,KES250.00(Inc. VAT),,,,,,,,,,,,Juice,,,,,,,
3481,Freez Blue Hawai Mix Drink 275Ml,Pack size : 275Ml,KES325.00(Inc. VAT),Serving Size: 100ml,280kcal,,7g,7g,,,,,Non- Alcoholic Drink,Liquid,Carbonated Drink,,,,,,,
3482,Fruit Full Pinacolada Fruit Juice 1L,Pack size : 1L,KES208.00(Inc. VAT),Average Nutritional Value As Per 100ml,48kcal,200.83kj,0.1g,11.7g,,0.1g,0.2g,,,,,,,,,,,
3483,Fruit Dale Apple Juice 1L,Pack size : 1L,KES230.00(Inc. VAT),Average Nutritional Value As Per 100ml,47kcal,196.6kJ,0.2g,11.5g,11.5g,,,9mg,Juice,Liquid,Beverage,Apple,,,,,,
3484,Gofrut Apple  500Ml,Pack size : 500ml,KES90.00(Inc. VAT),Average Nutritional Value As Per 237ml,110kcal,460kJ,,28g,,,,20mg,Apple Fruit Drink,Liquid,Beverage,Apple,,,,,,
3485,Frosti Guava Fruit Drink Tetra Pack 1L,,KES150.00(Inc. VAT),,,,,,,,,,,,,,,,,,,
3486,Tamarind With Pure Drink 500Ml,,,,,,,,,,,,,,,,,,,,,
3487,Fruitville Guava Fruit Drink 500Ml,Pack size : 500ml,KES80.00(Inc. VAT),Average Nutritional Value As Per 100ml,48kcal,200.8kJ,,48g,13g,,,,Drink,Liquid,Beverage,Guava,,,,,,
3488,Freez Kiwi & Lime Mix Drink 275Ml,Pack size : 275Ml,KES325.00(Inc. VAT),Serving Size: 100ml,280kcal,,7g,7g,,,,,Non- Alcoholic Drink,Liquid,Carbonated Drink,,,,,,,
3489,Frosti Apple Fruit Drink Tetra Pack 1L,,KES150.00(Inc. VAT),,,,,,,,,,,,,,,,,,,
3490,Freez Lychee Mix Drink 275Ml,Pack size : 275Ml,KES325.00(Inc. VAT),Serving Size: 100ml,280kcal,,7g,7g,,,,,Non- Alcoholic Drink,Liquid,Carbonated Drink,,,,,,,
3491,Frosti Tropical Fruit Drink Tetra Pack 1L,,KES150.00(Inc. VAT),,,,,,,,,,,,,,,,,,,
3492,Fruitville Tropical Juice 500Ml,Pack size : 500ml,KES80.00(Inc. VAT),Average Nutritional Value As Per 100ml,24kcal,100.416kj,0g,5g,5g,0g,0g,0mg,,,,,,,,,,
3493,Del Monte Pineapple And Passion Blended Juice 1L,Pack size : 1L,KES298.00(Inc. VAT),Average Nutritional Value As Per 200ml,124kcal,518.816kJ,,29g,29g,,,,Juice,Liquid,Beverage,"Passion Fruit, Pineapple",,,,,,
3494,Afia Orange Fruit Drink 1.5L,Pack size : 1.5L,KES195.00(Inc. VAT),Average Nutritional Value As Per 100ml,45kcal,188.28kJ,0.7g,10g,8.4g,0.2g,,1mg,Fruit Drink,Liquid,Beverage,,,,,,,
3495,Tuna Fruit Apple Juice 300Ml,Pack size : 300ml,KES55.00(Inc. VAT),Average Nutritional Value As Per 100ml,58kcal,242.6kJ,1g,12g,0g,1g,0g,0mg,Apple Juice,Liquid,Beverage,Apple,,,,,,
3496,Juo Tamarind Juice 300Ml,Pack size : 315Ml,KES37.00(Inc. VAT),,,,,,,,,,,,,,,,"•	100% natural fruit juice
•	No added sugar or preservatives
•	Convenient 300ml bottle size
•	Perfect for a quick refreshment",,,
3497,Pep Apple Juice Ready To Drink  500Ml,Pack size : 500Ml,KES79.00(Inc. VAT),Average Nutritional Value As Per 240ml,110kcal,460.24kJ,0g,28g,25g,0g,1g,15mg,Juice,Liquid,Beverages,Apple,,,,,,
3498,Afia Pink Guava Juice Tetra 1L,Pack size : 1L,,Average Nutritional Value As Per 100ml,26kcal,107kJ,0.4g,6g,5g,0g,1.2g,0.48mg,Drink,Liquid,Food,Guava,,,,,,
3499,Hibiscus And Pineapple Fruit Drink 500Ml,Pack size : 500ml,,Average Nutritional Value As Per 100ml,90kcal,376.56kJ,0g,2g,0g,0g,,,Hibiscus And Pineapple Drink,Liquid,Beverage,,,,,,,
3500,Juo Blackcurrent Juice 300Ml,Pack size : 300Ml,KES37.00(Inc. VAT),,,,,,,,,,,Liquid,,,,,"•	100% natural fruit juice
•	No added sugar or preservatives
•	Convenient 300ml bottle size
•	Perfect for a quick refreshment",,,
3501,Core Lemon Juice 300Ml,Pack size : 300ml,KES357.00(Inc. VAT),Average Nutritional Value As Per 100ml,19.85kcal,41kJ,,4.88g,3.2g,,,,Juice,Liquid,Beverages,Lemon,,,,,,
3502,Frosti Mango Fruit Drink Tetra Pack 1L,,KES150.00(Inc. VAT),,,,,,,,,,,,,,,,,,,
3503,Fruitville Pineapple Juice 500Ml,Pack size : 500ml,KES80.00(Inc. VAT),Average Nutritional Value As Per 200ml,100kcal,418.4kj,1g,24g,22g,0g,0g,0mg,,,,,,,,,,
3504,Quencher Orange 700Ml,,KES135.00(Inc. VAT),,,,,,,,,,,,,,,,,,,
3505,Ceres Delight Orange Juice 250M,Pack size : 250ml,KES75.00(Inc. VAT),Average Nutritional Value As Per 100ml,100kcal,400kJ,1g,22g,0g,0g,0g,0mg,Juice,Liquid,Beverage,Orange,,,,,,
3506,Osterberg Tropical Aloe Vera 500Ml,Pack size : 500ml,KES395.00(Inc. VAT),Average Nutritional Value As Per 250ml,120kcal,502.08kJ,0.2g,30g,29g,0g,,10mg,Aloe Vera Drink,Liquid,Beverage,,,,,,,
3507,Fruitville Orange Juice 500Ml,Pack size : 500ml,KES80.00(Inc. VAT),Average Nutritional Value As Per 100ml,110kcal,460.24kj,2g,26g,22g,1g,0g,15mg,,,,,,,,,,
3508,Fruitville Tropical Juice 250Ml,Pack size : 250ml,KES69.00(Inc. VAT),Average Nutritional Value As Per 100ml,24kcal,100.416kj,0g,5g,5g,0g,0g,0mg,,,,,,,,,,
3509,Osterg Apple Grape And Strawberry With Aloe Vera Blend Fruit Drink 500Ml,Pack size : 500ml,KES395.00(Inc. VAT),Average Nutritional Value As Per 100ml,47kcal,199kJ,0.1g,12g,12g,0.05g,,4.1mg,Fruit Drink,Liquid,Beverage,"Apple, Grape, Strawberry",,,,,,
3510,Pep Mango Juice Rtd 500Ml,Pack size : 500ml,KES79.00(Inc. VAT),Average Nutritional Value As Per 100ml,217kcal,907.92kJ,1g,12g,,1g,,0mg,Juice,Liquid,Beverages,Mango,,,,,,
3511,Mogu Mogu Grape Drink 320Ml,Pack size : 320ml,KES250.00(Inc. VAT),Average Nutritional Value As Per 300ml,150kcal,627.6kJ,0g,38g,35g,0g,1g,100mg,Fruit Juice,Liquid,Beverage,Grape,,,,,,
3512,Osterberg Ameln Frutb.Al Vera500Ml,,KES395.00(Inc. VAT),,,,,,,,,,,,,,,,,,,
3513,Core Lemonade Fruit Juice 500Ml,Pack size : 500ml,KES240.00(Inc. VAT),Average Nutritional Value As Per 100ml,48kcal,200.832kJ,,12g,11.7g,,,,Fruit Juice,Liquid,Beverages,Lemonade,,,,,,
3514,Osterberg Pea And Melon Chia Seed Drink 500Ml,Pack size : 500ml,KES395.00(Inc. VAT),Average Nutritional Value As Per Bottle,130kcal,543.92kJ,0g,30g,29g,0.5g,1g,40mg,Chia Seed Drink,Liquid,Beverage,,,,,,,
3515,Afia Multi Vitamin Fruit Drink 500Ml,Pack size : 500ml,KES80.00(Inc. VAT),Average Nutritional Value As Per 100ml,50kcal,209kJ,,12.4g,9.7g,,,8mg,Fruit Drink,Liquid,Beverage,,,,,,,
3516,Fruit Dale Mango Juice 1L,Pack size : 1L,KES230.00(Inc. VAT),Average Nutritional Value As Per 100ml,60kcal,251.04kJ,0.8g,15g,14g,0.4g,1.6g,1mg,Juice,Liquid,Beverage,Mango,,,,,,
3517,Hibiscus With Cocktail Drink 500Ml,Pack size : 500ml,,Average Nutritional Value As Per 100ml,166kcal,6970.54kJ,0.2g,10.1g,9.7g,0.1g,0g,17mg,Hibiscus With Cocktail Drink,Liquid,Beverage,,,,,,,
3518,Pran Mango Fruit Drink 250Ml,Pack size : 250ml,KES135.00(Inc. VAT),Average Nutritional Value As Per 100g,56kcal,234kJ,0g,14g,13g,0g,0g,0mg,Drink,Liquid,Beverage,Mango,,,,,,
3519,Freez Pomegranate Mix Drink 275Ml,Pack size : 300Ml,KES325.00(Inc. VAT),Serving Size: 100ml,280kcal,,7g,7g,,,,,Non- Alcoholic Drink,Liquid,Carbonated Drink,,,,,,,
3520,Pep Guava Juice Ready To Drink  300Ml,Pack size : 300Ml,KES60.00(Inc. VAT),Average Nutritional Value As Per 100ml,65kcal,271.96kJ,0.1g,15g,12.5g,0g,,20mg,Juice,Liquid,Beverages,Guava,,,,,,
3521,Pep Tropical Juice Ready To Drink  300Ml,Pack size : 300Ml,KES60.00(Inc. VAT),Average Nutritional Value As Per 100ml,45kcal,188.28kJ,0g,11g,11g,0.1g,,4mg,Juice,Liquid,Beverages,Tropical,,,,,,
3522,Fruit Dale Mango Milk Juice 500Ml,Pack size : 500ml,KES115.00(Inc. VAT),Average Nutritional Value As Per 113g,128kcal,535.5kJ,3g,20g,16.5g,,,50mg,Juice,Liquid,Beverage,Mango,,,,,,
3523,Excel Quencher Pineapple Juice 700Ml,Pack size : 700ml,KES135.00(Inc. VAT),Average Nutritional Value As Per 100ml,55kcal,181kJ,0.4g,9.8g,13.2g,<0.1g,0.2g,0.22mg,Juice,Liquid,Beverage,Pineapple,,,,,,
3524,Azam Apple Punch Sparkling Drink 300ml,Pack size : 300ml,KES65.00(Inc. VAT),Average Nutritional Value As Per 100ml,110kcal,460.24kJ,14g,2g,,5g,,447mg,Sparkling Drink,Liquid,Beverage,Apple,,,,,,
3525,Excel Quencher Pineapple Juice 500Ml,Pack size : 500ml,KES100.00(Inc. VAT),Average Nutritional Value As Per 100ml,55kcal,181kJ,0.4g,9.8g,13.2g,<0.1g,0.2g,0.22mg,Juice,Liquid,Beverage,Pineapple,,,,,,
3526,OKF SPARKLING MELON DRINK 350ML,,KES495.00(Inc. VAT),,,,,,,,,,,,,,,,,,,
3527,Nico Passion Fruit 320Ml,,,,,,,,,,,,,,,,,,,,,
3528,Rani Juice Peach 240Ml,Pack size : 240ML,KES270.00(Inc. VAT),,,,,,,,,,,,,,,,,,,
3529,Juo Orange Juice 300Ml,Pack size : 300Ml,KES37.00(Inc. VAT),,,,,,,,,,,,,,,,"•	100% natural fruit juice
•	No added sugar or preservatives
•	Convenient 300ml bottle size
•	Perfect for a quick refreshment",,,
3530,Nico Nata Dc Strawberry Juice 320Ml,Pack size : 320ml,,Average Nutritional Value As Per Serving,160kcal,669.44kJ,0.5g,39g,35g,0g,0.5g,85mg,Juice,Liquid,Beverage,Strawberry,,,,,,
3531,Nico Nico Red Grape 320Ml,,,,,,,,,,,,,,,,,,,,,
3532,Rani Juice Strawberry 240Ml,Pack size : 240ML,KES270.00(Inc. VAT),Average Nutritional Value As Per 100ml,60kcal,251.04kJ,,15.1g,11.4g,,,,Drink,Liquid,Beverage,"Strawberry, Banana",,,,,,
3533,Afia Tropical Carrot Fruit Drink 300Ml,Pack size : 300ml,KES60.00(Inc. VAT),Average Nutritional Value As Per 100ml,69kcal,288.696kJ,0.50g,17.2g,12.5g,,,,Fruit Drink,Liquid,Beverage,,,,,,,
3534,Hibiscus And Ginger Drink 1L,Pack size : 1L,,Average Nutritional Value As Per 260ml,60kcal,251.04kJ,0g,14g,14g,0g,0g,5mg,Hibiscus And Ginger Drink,Liquid,Beverage,"Hibiscus, Ginger",,,,,,
3535,Fruit Dale Guava Juice 1L,Pack size : 1L,KES230.00(Inc. VAT),Average Nutritional Value As Per Serving,158kcal,661kJ,0.2g,41g,33g,0.1g,2.5g,15mg,Juice,Liquid,Beverage,Guava,,,,,,
3536,Del Monte Pineapple Juice 250Ml,Pack size : 250ml,KES79.00(Inc. VAT),Average Nutritional Value As Per 100ml,53kcal,242kJ,0.1g,13.6g,13.3g,0.13g,0.21g,2.09mg,Pineapple Juice,Liquid,Beverage,Pineapple,,,,,,
3537,Del Monte Pineapple Passion 250Ml,Pack size : 250ml,KES79.00(Inc. VAT),Average Nutritional Value As Per 100ml,20kcal,83.68kJ,0.1g,3g,3g,,,,Fruit Juice,Liquid,Beverage,"Pineapple, Passion Fruit",,,,,,
3538,Chamdor Sparkling Red Grape Wine 750Ml,Pack size : 750ml,KES900.00(Inc. VAT),Average Nutritional Value As Per 250ml,131kcal,548kJ,,,33g,,,35mg,Wine,Liquid,Beverage,Red Grape,,,,,,
3539,Aquamist Orange Frutz Drink 500Ml,Pack size : 500Ml,KES75.00(Inc. VAT),Average Nutritional Value As Per 250ml,48,627.6kJ,<0.1g,12g,14g,<0.1g,0.2g,10.2,Fruit Drink,Liquid,Beverage,Orange,,0.02,,,,
3540,Ktc Lime Juice250Ml,Pack size : 250ml,KES299.00(Inc. VAT),,,,,,,,,,Juice,Liquid,Food,Lime,,,,,,
3541,Minute Maid Mango Pulpy Juice 400Ml,Pack size : 400ml,KES79.00(Inc. VAT),Average Nutritional Value As Per 100ml,60kcal,251.04kJ,0.8g,15g,14g,0.4g,1.6g,1mg,Juice,Liquid,Beverage,Mango,,,,,,
3542,Del Monte Tropical Fruit 250Ml,Pack size : 250ml,KES79.00(Inc. VAT),Average Nutritional Value As Per 100ml,57kcal,240kJ,0.2g,13.4g,13.4g,,,,Tropical Juice,Liquid,Beverage,,,,,,,
3543,Tamarind And Ginger Drink 500Ml,Pack size : 500ml,,Average Nutritional Value As Per 340ml,110kcal,460.24kJ,0g,28g,23g,0g,,15mg,Tamarind And Ginger Drink,Liquid,Beverage,"Tamarind, Ginger",,,,,,
3544,Jooz Apple Juice 300Ml,,KES55.00(Inc. VAT),,,,,,,,,,,,,,,,,,,
3545,Del Monte Cranberry Apple 1L,Pack size : 1L,KES298.00(Inc. VAT),Average Nutritional Value As Per 200ml,90kcal,376.56kJ,,28g,28g,,,,Juice,Liquid,Beverage,"Cranberry, Apple",,,,,,
3546,Osterberg Blueberry Lime And Chia Seed Fruit Drink 500Ml,Pack size : 500ml,KES395.00(Inc. VAT),Average Nutritional Value As Per 100ml,90kcal,376.56kJ,1g,20g,14g,,3g,,Drink,Liquid,Beverage,"Blueberry, Lime And Chia Seed",,,,,,
3547,Fruitville Orange Juice 250Ml,Pack size : 250ml,KES69.00(Inc. VAT),Average Nutritional Value As Per 100ml,110kcal,460.24kj,2g,26g,22g,1g,0g,15mg,,,,,,,,,,
3548,Del Monte Pineapple Mango 250Ml,Pack size : 250ml,KES79.00(Inc. VAT),Average Nutritional Value As Per 100ml,58kcal,2474kJ,0.3g,14g,14g,,,,Fruit Juice,Liquid,Beverage,"Pineapple, Mango",,,,,,
3549,Fitch And Leedes Indian Tonic Lite Sugar Free Can 200Ml,Pack size : 200ml,KES150.00(Inc. VAT),Average Nutritional Values As Per 100g,37kcal,155kJ,0.5g,9g,0.1g,0.5g,,,,,,,,,,,,
3550,Fruitville Apple Fruit Drink 1L,Pack size : 1L,KES270.00(Inc. VAT),Average Nutritional Value As Per 100ml,45kcal,188.28kj,0g,11g,0g,0g,0g,11mg,,,,,,,,,,
3551,Fruitville Strawberry And Banana Juice 500Ml,Pack size : 500ml,KES80.00(Inc. VAT),Average Nutritional Value As Per 200ml,130kcal,543.92kj,0g,31g,0g,0g,0g,0mg,,,,,,,,,,
3552,Fitch And Leedes Ginger Ale Sparkling Drink 200ml,Pack size : 200ml,KES145.00(Inc. VAT),Average Nutritional Values As Per 100g,37kcal,155kJ,0.5g,9g,0.1g,0.5g,,,,,,,,,,,,
3553,Peptang Ginger Lemon Honey Tamarind Dawa Drink 300Ml,Pack size : 300ml,KES99.00(Inc. VAT),Average Nutritional Value As Per 100ml,36kcal,151kJ,0.1g,7.5g,7.4g,0g,,4mg,Dawa Drink,Liquid,Beverages,"Ginger, Lemon, Honey, Tamarind",,,,,,
3554,Pick N Peel White Grape Juice 250Ml,Pack size : 250ml,KES71.00(Inc. VAT),Average Nutritional Value As Per 100g,135kcal,554kJ,1g,32g,29g,0g,0g,30mg,Grape Juice,Liquid,Beverage,‎Grape,,,,,,
3555,Del Monte Pure Apple Juice 250Ml,Pack size : 250ml,KES79.00(Inc. VAT),Average Nutritional Value As Per 100ml,45kcal,188.28kJ,0.1g,11.4g,10.8g,,,,Apple Juice,Liquid,Beverage,Apple,,,,,,
3556,Quencher Fizto 700Ml,,KES135.00(Inc. VAT),,,,,,,,,,,,,,,,,,,
3557,Azam Ukwaju Tamarind Fruit Juice Drink 300Ml,Pack size : 300ml,KES75.00(Inc. VAT),Average Nutritional Value As Per 100ml,56kcal,234.304kJ,,14g,13g,,,20mg,Juice Drink,Liquid,Beverage,Ukwaju Tamarind,,,,,,
3558,Ceres Hanepoot 100 White Grape Juice 1L,Pack size : 1L,KES449.00(Inc. VAT),Average Nutritional Value As Per 200ml,110kcal,460kJ,,28g,,,,20mg,Juice,Liquid,Beverage,White Grape,,,,,,
3559,Del Monte Pineapple Orange 250Ml,Pack size : 250ml,KES79.00(Inc. VAT),Average Nutritional Value As Per 100ml,47kcal,196.648kJ,0.1g,11.9g,11.8g,,,,Fruit Juice,Liquid,Beverage,"Pineapple, Orange",,,,,,
3560,Core Lemon And Lime Blend Juice 300Ml,Pack size : 300ml,KES357.00(Inc. VAT),Average Nutritional Value As Per 100ml,144kcal,602kJ,2.3g,22.3g,14.8g,0.3g,0.3g,1.2mg,Juice,Liquid,Beverage,Lemon,,,,,,
3561,SPARKLING CHUPA CHUPS GRAPE 345ML,,KES495.00(Inc. VAT),,,,,,,,,,,,,,,,,,,
3562,Fruitville Mango Juice 300Ml,Pack size : 300ml,KES58.00(Inc. VAT),Average Nutritional Value As Per 100ml,61kcal,255.224kj,0.2g,15g,15g,0g,,4mg,,,,,,,,,,
3563,Pran Tamarind Fruit Drink 250Ml,Pack size : 250ml,KES135.00(Inc. VAT),Average Nutritional Value As Per 100ml,160kcal,669kJ,0g,31g,30g,0g,0g,35mg,Drink,Liquid,Food,Tamarind,,,,,,
3564,Jooz Pet Bottle Orange Juice 300Ml,Pack size : 300ml,KES55.00(Inc. VAT),Average Nutritional Values As Per 100g,50kcal,209kj,1g,13g,10g,,,10mg,,,,,,,,,,
3565,Fruit Dale Strawberry And Apple Fruity Milk Drink 500Ml,Pack size : 500ml,KES115.00(Inc. VAT),Average Nutritional Value As Per 100g,68kcal,284.512kj,1.9g,10g,,0.9g,1.8g,,,,,,,,,,,
3566,Fruit Dale Orange And Banana Fruity Milk Drink 500Ml,Pack size : 500ml,KES115.00(Inc. VAT),Average Nutritional Value As Per 100g,72kcal,301.248kj,1.6g,10.4g,,1g,1.8g,,,,,,,,,,,
3567,OKF SPARKLING ALOE LITE DRINK 350ML,,KES495.00(Inc. VAT),,,,,,,,,,,,,,,,,,,
3568,Afia Tropical Carrot Fruit Drink 500Ml,Pack size : 500ml,KES80.00(Inc. VAT),Average Nutritional Value As Per 100ml,69kcal,288.696kJ,0.50g,17.2g,12.5g,,,,Fruit Drink,Liquid,Beverage,,,,,,,
3569,Nawon Mixed Fruit Can 330Ml,,KES220.00(Inc. VAT),,,,,,,,,,,,,,,,,,,
3570,ARIZONA MUCHO MANGO F.JUIC CCT 500M,,KES499.00(Inc. VAT),,,,,,,,,,,,,,,,,,,
3571,Nawon Mango Fruit Can 330Ml,,KES220.00(Inc. VAT),,,,,,,,,,,,,,,,,,,
3572,Pran Cocktail Fruit Drink 250Ml,Pack size : 250ml,KES135.00(Inc. VAT),Average Nutritional Value As Per 100ml,56kcal,234.304kJ,0g,14g,13g,0g,0.5g,12mg,Drink,Liquid,Beverage,,,,,,,
3573,Nawon Orange Fruit Can 330Ml,,KES220.00(Inc. VAT),,,,,,,,,,,,,,,,,,,
3574,Pep Mango Juice Rtd 300Ml,Pack size : 300ml,KES60.00(Inc. VAT),Average Nutritional Value As Per 100ml,217kcal,907.92kJ,1g,12g,,1g,,0mg,Juice,Liquid,Beverages,Mango,,,,,,
3575,Weetabix Weetos Orange Chocolatey Hoops Cereal 420g,,KES695.00(Inc. VAT),,,,,,,,,,,,,,,,,,,
3576,WEETABIX OREOS CEREAL 320G,Pack size : 320g,KES1050.00(Inc. VAT),Nutrition Typical Average Values Per 100g,380kcal,1609kJ,6.8g,81g,31g,2.4g,3.4g,,,,Breakfast Cereal,,,1.2g,,,,
3577,Temmy's Choco Pillow Cocoa Cream Filled Cereal 375g,Pack size : 375g,,Average Nutritional Value As Per 100g,467kcal,1954kJ,8.7g,59.9g,26.5g,20g,1g,280mg,Cereal,Solid,Food,Cocoa,,,,,,
3578,Temmy's Choco Pops Puffed Corn With Cocoa Cereal 250g,Pack size : 250g,,Average Nutritional Value As Per 100g,384kcal,1606.65kJ,8.7g,59.9g,26.5g,20g,1g,280mg,Cereal,Solid,Food,Cocoa,,,,,,
3579,Temmy's Kids Variety Pack Cereal 180g,Pack size : 180g,KES445.00(Inc. VAT),Avarage Nutritional Value As Per 100g,150kcal,627.6kJ,3g,23g,7g,0.5g,3g,45mg,Cereal,Solid,Food,,,,,,,
3580,Temmy's Choco Scoops Cereal 250g,Pack size : 250g,KES420.00(Inc. VAT),Average Nutritional Value As Per 100g,120kcal,502.08kJ,2g,24g,10g,,1g,75mg,Cereal,Solid,Food,Cocoa,,,,,,
3581,Temmy's Honey Pops Cereal 250g,Pack size : 250g,KES425.00(Inc. VAT),Average Nutritional Value As Per 29g,120kcal,502.08kJ,2g,28g,,,,,Cereal,Solid,Food,Honey,,,,,,
3582,TEMMYS CEREAL SWEET FLAKES 250G,,,,,,,,,,,,,,,,,,,,,
3583,Temmy's Choco Pops Puffed Corn With Cocoa Cereal 500g,Pack size : 500g,,Average Nutritional Value As Per 100g,364kcal,1522kJ,6g,75g,,3g,,,Cereal,Solid,Food,Cocoa,,,,,,
3584,Elbbin Shapies Honey Hoops 350G,,KES480.00(Inc. VAT),Average Nutritional Value As Per 35g,,,,,6.6g,0.05g,,,,solid,Breakfast Cereals,Chocolatery Hoops,,0.03g,,,,
3585,Temmy's Choco Rice Cereal 250g,Pack size : 250g,KES420.00(Inc. VAT),Average Nutritional Value As Per 100g,467kcal,1954kJ,8.7g,59.9g,26.5g,20g,1g,280mg,Cereal,Solid,Food,Cocoa,,,,,,
3586,Jake Pineapple Candy 100g,Pack size : 100g,,Average Nutritional Value As Per 100g,327kcal,1389kJ,4.3g,76g,55g,0.5g,,,Candy,Solid,Food,Pineapple,,0.14g,,,,
3587,Jake Jelly Mania Sharks Gummies Candy 100g,Pack size : 100g,KES293.00(Inc. VAT),,76g,55g,327kcal,Average Nutritional Value As Per 100g,,,,,Food,,4.3g,1389kJ,Solid,,,,,
3588,Jake Pineapple Candy 100g,Pack size : 100g,,Average Nutritional Value As Per 100g,327kcal,1389kJ,4.3g,76g,55g,0.5g,,,Candy,Solid,Food,Pineapple,,0.14g,,,,
3589,Jake Teddy Bears Candy 100g,Pack size : 100g,KES293.00(Inc. VAT),Average Nutritional Value As Per 100g,313kcal,1307kJ,5g,72g,51g,,,,Candy,Solid,Food,,,,,,,
3590,Polo Sugar Free Tube 133.6G,Pack size : 133.6g,KES699.00(Inc. VAT),,,,,,,,,,,,,Mint,,,,,,
3591,Milka Oreo 300G,,KES1139.00(Inc. VAT),,,,,,,,,,,,,,,,,,,
3592,Weetabix Wholegrain Cereal 850G,Pack size : 850g,KES661.00(Inc. VAT),Per 100g,342 kcal,1436 kJ,11.5g,68.4g,4.4g,2.0g,10g,,,,,,,,"Riboflavin, Niacin, Folic Acid & Iron contribute to the reduction of tiredness and fatigue add as part of a healthy diet and lifestyle.",,,
3593,Kellogg'S Frosties 470G,Pack size : 470g,KES965.00(Inc. VAT),Average Nutritional Values As Per 100g,375kcal,1594kJ,4.5g,87g,37g,0.6g,2g,332mg,,,,,,,,,,
3594,Kellogg'S Cereal Rice Crispies 375G,Pack size : 375g,KES1030.00(Inc. VAT),Average Nutritional Value As Per 100g,116kcal,485.344kJ,2.1g,26g,2.4g,0.1g,0.6,120mg,Rice Krispies,Solid,Food,,,,,,,
3595,Fit Cereal Honey Balls 400G,Pack size : 400g,KES435.00(Inc. VAT),Average Nutritional Value As Per 100g,390Kcal,1654KJ,5.9g,85g,,2.5g,1.3g,0.224g,,Solid,,Honey,No Additives,,Honey Balls breakfast cereal is cholesterol free and a  good source of fibre and wholegrain. It is also lower in sugar than other breakfast alternatives.,,,
3596,Weetabix Vanilla Flavour Cereals Biscuits 250g,Pack size : 250g,KES275.00(Inc. VAT),Per 100g,363.5kcal,1506kJ,10.6g,71.0g,13.3g,1.9g,10.0g,0.2g,Cereals Biscuits,Solid,Food,Vanilla,,,,,,
3597,Weetabix Bran Flakes 500g,Pack size : 500g,KES750.00(Inc. VAT),Average Nutritional Value As Per 100g,360kcal,1520kJ,12g,64g,12g,2.7g,,0.14mg,Bran Flakes,Solid,Food,,,,,,,
3598,Weetabix Wholegrain Cereals 37G,Pack size : 37g,KES30.00(Inc. VAT),Per 100g,338 kcal,1432 kJ,11.5g,68.4g,4.4g,2.0g,10g,,Cereal,Solid,Food,,,,"Riboflavin, Niacin, Folic Acid & Iron contribute to the reduction of tiredness and fatigue add as part of a healthy diet and lifestyle.",,,
3599,Weetabix Banana Cereal 500g,Pack size : 250g,KES530.00(Inc. VAT),Average Nutritional Value As Per 100g,358kcal,1480kJ,11.1g,66g,2g,2.3g,,241mg,Cereal,Solid,Food,Banana,,,,,,
3600,Weetabix Wholegrain Banana Cereal 250g,Pack size : 250g,KES275.00(Inc. VAT),Average Nutritional Value As Per 100g,358kcal,1480kJ,11.1g,66g,2g,2.3g,,241mg,Cereal,Solid,Food,Banana,,,,,,
3601,Morning Harvest Rice Crispies 250g,Pack size : 250g,KES399.00(Inc. VAT),Average Nutritional Value As Per 100g,378kcal,1105kJ,7g,85g,7g,1g,1.5g,,Rice Crispies,Solid,Food,,,0.25g,,,,
3602,Weetabix Strawberry Flavour Cereals Biscuits 250g,Pack size : 250g,KES275.00(Inc. VAT),Average Nutritional Value As Per 100g,363kcal,1518kJ,10.6g,71g,13g,1.9g,10g,0.2g,Cereals Biscuits,Solid,Food,Strawberry,,,,,,
3603,Naturalli Crunchy Bran Muesli Cereal 500g,Pack size : 500g,KES799.00(Inc. VAT),Avarage Nutritional Value As Per 40g,164kcal,686.176kJ,3.2g,27.4g,7.8g,3.8g,3.6g,,Muesli Cereal,Solid,Food,Bran,,,,,,
3604,Nestle Cerevita Flakes With Milk 420g,Pack size : 420g,KES670.00(Inc. VAT),Average Nutritional Value As Per 45g,185kcal,774.04kJ,4g,29g,9g,5g,1g,119 mg,Flakes,Solid,Food,,,,,,,
3605,NuVita Cereos Choco Chip Cereal 375g,Pack size : 375g,KES324.00(Inc. VAT),Average Nutritional Value As Per 100g,467kcal,1954kJ,8.7g,59.9g,26.5g,20g,1g,280mg,Cereal Biscuits,Solid,Food,Chocolate,,,,,,
3606,Nestle Cerevita Flakes With Milk 315g,Pack size : 315g,KES490.00(Inc. VAT),Average Nutritional Value As Per 45g,185kcal,774.04kJ,4g,29g,9g,5g,1g,119 mg,Flakes,Solid,Food,,,,,,,
3607,Morning Harvest Bran Flakes 250g,Pack size : 250g,KES329.00(Inc. VAT),Average Nutritional Value As Per 100g,339kcal,1431kJ,13.5g,62.0g,13.4g,2.0g,15.6g,,Bran Flakes,Solid,Food,,,1.5g,,,,
3608,Morning Harvest Bran Flakes 500g,Pack size : 500g,KES549.00(Inc. VAT),Average Nutritional Value As Per 100g,339kcal,1431kJ,13.5g,62.0g,13.4g,2.0g,15.6g,,Bran Flakes,Solid,Food,,,1.5g,,,,
3609,Weetabix Strawberry Flavour Cereals Biscuits 500g,Pack size : 500g,KES530.00(Inc. VAT),Average Nutritional Value As Per 100g,363kcal,1506kJ,10.6g,71g,13g,1.9g,10g,0.2g,Cereals Biscuits,Solid,Food,Strawberry,,,,,,
3610,Manji Manjimix Oats With Almonds And Raisins Whole Grain Cereal Biscuits 280g,Pack size : 280g,,Average Nutritional Value As Per 13g,56kcal,234.30kJ,,9g,,1.9g,,,Cereal Biscuits,Solid,Food,"Almonds, Raisins",,,,,,
3611,Fit Cereal Choco Rice 400G,Pack size : 400g,KES435.00(Inc. VAT),Average Nutritional Value As Per 100g,391Kcal,1658KJ,7.8g,81g,,3.5g,3.0g,0.22g,,Solid,,Chocolate,No Additives,,Choco Rice breakfast cereal is cholesterol free and a  good source of fibre and wholegrain. It is also lower in sugar than other breakfast alternatives.,,,
3612,Fit Choco Rice Cereal 100g,Pack size : 100g,KES155.00(Inc. VAT),Average Nutritional Values As Per 100g,383kcal,1602.472kJ,7g,80g,0g,3g,,3mg,,,,,,,,,,
3613,Morning Harvest Bran Flakes 500g,Pack size : 500g,KES649.00(Inc. VAT),Average Nutritional Value As Per 100g,339kcal,1431kJ,13.5g,62.0g,13.4g,2.0g,15.6g,,Bran Flakes,Solid,Food,,,1.5g,,,,
3614,Morning Harvest Rice Crispies 450g,Pack size : 450g,KES749.00(Inc. VAT),Average Nutritional Value As Per 100g,378kcal,1105kJ,7g,85g,7g,1g,1.5g,,Rice Crispies,Solid,Food,,,0.25g,,,,
3615,NuVita Cereos Honey & Cinnamon Cereal 375g,Pack size : 375g,KES270.00(Inc. VAT),Average Nutritional Value As Per 100g,467kcal,1954kJ,8.7g,59.9g,26.5g,20g,1g,280mg,Cereal Biscuits,Solid,Food,"Honey, Cinnamon",,,,,,
3616,Morning Harvest Rice Crispies 250g,Pack size : 250g,KES479.00(Inc. VAT),Average Nutritional Value As Per 100g,378kcal,1105kJ,7g,85g,7g,1g,1.5g,,Rice Crispies,Solid,Food,,,0.25g,,,,
3617,Fit Cereal Honey Wheat 100G,Pack size : 100g,KES155.00(Inc. VAT),Average Nutritional Value As Per 100g,391Kcal,1655KJ,8.2g,78g,,4.1g,4.6g,0.076g,,Solid,,Honey,No Additives,,Honey Wheat breakfast cereal is cholesterol free and a  good source of fibre and wholegrain. It is also lower in sugar than other breakfast alternatives.,,,
3618,Fit Cereal Honey Wheat 400G,Pack size : 400g,KES435.00(Inc. VAT),Average Nutritional Value As Per 100g,391Kcal,1655KJ,8.2g,78g,,4.1g,4.6g,0.076g,,Solid,,Honey,No Additives,,Honey Wheat breakfast cereal is cholesterol free and a  good source of fibre and wholegrain. It is also lower in sugar than other breakfast alternatives.,,,
3619,Bob's Red Mill 7 Grain Hot Cereal 709g,Pack size : 709g,KES899.00(Inc. VAT),Average Nutritional Value As Per 100g,150kcal,627.6kJ,5g,30g,0g,1g,6g,,Cereal,Solid,Food,,,,,,,
3620,NuVita Cereos Honey & Cinnamon Cereal 75g,Pack size : 75g,KES30.00(Inc. VAT),Average Nutritional Value As Per 100g,467kcal,1954kJ,8.7g,59.9g,26.5g,20g,1g,280mg,Cereal Biscuits,Solid,Food,"Honey, Cinnamon",,,,,,
3621,Nestle Cerevita Honey Breakfast Cereal 420g,Pack size : 420g,KES610.00(Inc. VAT),Avarage Nutritional Value As Per 30g,189kcal,801kJ,15,68.1,16g,2.9g,1.8g,,Breakfast Cereal,Solid,Food,Honey,,0.17g,,,,
3622,Morning Harvest Bran Flakes 250g,Pack size : 250g,KES399.00(Inc. VAT),Average Nutritional Value As Per 100g,339kcal,1431kJ,13.5g,62.0g,13.4g,2.0g,15.6g,,Bran Flakes,Solid,Food,,,1.5g,,,,
3623,Jordans County Crisp Honey Nut 500G,,KES1359.00(Inc. VAT),,,,,,,,,,,,,,"•	Free From Artificial Colours
•	Free From Artificial Flavours
•	Free From Artificial Preservatives",,,,,
3624,CAPILANO Manuka Australian Floral Honey 340g,Pack size : 340g,KES1800.00(Inc. VAT),Average Nutritional Value As Per 100g,338.43kcal,1416kJ,0.3g,83.1g,82.5g,,,15mg,Honey,Paste,Food,,,,,,,
3625,Capilano Pure Yellow Honey Squeeze 375G,,KES1393.00(Inc. VAT),,,,,,,,,,,,,,,,,,,
3626,P&A CEREAL CORNFLAKES VALUEPACK 1KG,Pack size : 1kg,,Average Nutritional Value As Per 100g,378kcal,1604kJ,7g,84g,8g,0.9g,3g,,Corn Flakes,Solid,Food,,,,,,,
3627,Morning Harvest Corn Flakes Cereal 500g,Pack size : 500g,,Average Nutritional Value As Per 100g,390kcal,1653kJ,5g,82g,9.2g,3.1g,1.7g,1.88mg,Corn Flakes Cereal,Solid,Food,,,,,,,
3628,Kellogg'S Corn Flakes 450G,Pack size : 450g,KES854.00(Inc. VAT),Average Nutritional Values As Per 100g,378kcal,1604kJ,7g,84g,8g,0.9g,3g,,,,,,,,,,,
3629,Kellogg'S Corn Flakes 750G,Pack size : 750g,KES1344.00(Inc. VAT),Average Nutritional Values As Per 100g,378kcal,1604kJ,7g,84g,8g,0.9g,3g,,,,,,,,,,,
3630,Proctor  Allan Corn Flakes Value Pack 500G,Pack size : 500g,,Average Nutritional Value As Per 100g,378kcal,1604kJ,7g,84g,8g,0.9g,3g,,Corn Flakes,Solid,Food,,,,,,,
3631,Morning Harvest Cornflakes Bag 1Kg,Pack size : 1Kg,,,,,,,,,,,,,,,,,,,,
3632,Weetabix Cornflakes Cereals 250g,Pack size : 250g,KES420.00(Inc. VAT),Average Nutritional Value As Per 100g,358kcal,1480kJ,11.1g,66g,2.0g,2.3g,,241mg,Cereal,Solid,Food,,,,,,,
3633,Proctor & Allan Corn Flakes 500g,Pack size : 500g,KES500.00(Inc. VAT),Average Nutritional Value As Per 100g,378kcal,1604kJ,7g,84g,8g,0.9g,3g,,Corn Flakes,Solid,Food,,,,,,,
3634,Weetabix Corn Flakes Fruity Frenzy 500g,,KES975.00(Inc. VAT),,,,,,,,,,,,,,,,,,,
3635,Proctor And Allan Corn Flakes 250g,Pack size : 250g,KES300.00(Inc. VAT),Average Nutritional Value As Per 100g,378kcal,1604kJ,7g,84g,8g,0.9g,3g,0mg,Flakes,Solid,Food,,,,,,,
3636,Weetabix Chocolate 460G,,KES530.00(Inc. VAT),Average Nutritional Value As Per 100g,366kcal,1547kJ,10g,68g,17g,3.8g,10g,12mg,,,,,,0.18g,Suitable for Vegetarians,,,
3637,Weetabix Crispy Crunchy Corn Flakes 250g,Pack size : 250g,KES425.00(Inc. VAT),Average Nutritional Value As Per 100g,367kcal,1555kJ,7.5g,80.4g,5.1g,0.9g,3.4g,0mg,Cornflakes,Solid,Food,,,,,,,
3638,Temmy's Corn Flakes Cereal 250g,Pack size : 250g,,Average Nutritional Value As Per 40g,140kcal,585.76kJ,6g,30g,9g,1g,3g,140mg,Cereal,Solid,Food,Corn,,,,,,
3639,Weetabix Crunch Cornflakes 500g,Pack size : 500g,KES810.00(Inc. VAT),Average Nutritional Value As Per 100g,367kcal,1555kJ,7.5g,80.4g,5.1g,0.9g,3.4g,,Cornflakes,Solid,Food,,,1.0g,,,,
3640,WEETABIX CORNFLAKES EXT CRUNCHY750G,,KES1095.00(Inc. VAT),,,,,,,,,,,,,,,,,,,
3641,WEETABIX CHOCOLATE 230G,,KES275.00(Inc. VAT),,,,,,,,,,,,,,,,,,,
3642,Morning Harvest Corn Flakes Cereal 250g,Pack size : 250g,KES349.00(Inc. VAT),Average Nutritional Value As Per 100g,390kcal,1653kJ,5g,82g,9.2g,3.1g,1.7g,1.88mg,Corn Flakes Cereal,Solid,Food,,,,,,,
3643,Temmy's Delicious Corn Flakes Cereal 1Kg,Pack size : 1Kg,KES1190.00(Inc. VAT),Average Nutritional Value As Per 30g,369kcal,1543kJ,6g,84g,,,,508mg,Cereal,Solid,Food,Corn,,,,,,
3644,P&A CORNFLAKES 100G,,KES125.00(Inc. VAT),,,,,,,,,,,,,,,,,,,
3645,Fit Cereal Corn Flakes 100G,Pack size : 100g,KES145.00(Inc. VAT),Average Nutritional Value As Per 100g,391Kcal,1661KJ,7.1g,83g,,3.0g,1.5g,0.7g,,Solid,,Corn Flakes,No Additives,,Corn Flakes breakfast cereal is cholesterol free and a  good source of fibre and wholegrain. It is also lower in sugar than other breakfast alternatives.,,,
3646,Morning Harvest Corn Flakes 500g,,,,,,,,,,,,,,,,,,,,,
3647,Morning Harvest Corn Flakes Cereal 250g,Pack size : 250g,KES249.00(Inc. VAT),Average Nutritional Value As Per 100g,390kcal,1653kJ,5g,82g,9.2g,3.1g,1.7g,1.88mg,Corn Flakes Cereal,Solid,Food,,,,,,,
3648,Weetabix Cornflakes Cereals 500g,Pack size : 500g,KES810.00(Inc. VAT),Average Nutritional Value As Per 100g,358kcal,1480kJ,11.1g,66g,2.0g,2.3g,,241mg,Cereal,Solid,Food,,,,,,,
3649,Temmy's Delicious Corn Flakes Cereal 500g,Pack size : 500g,,Average Nutritional Value As Per 40g,140kcal,585.76kJ,6g,30g,9g,1g,3g,140mg,Cereal,Solid,Food,Corn,,,,,,
3650,Morning Harvest Frosted Corn Flakes 500g,Pack size : 500g,KES449.00(Inc. VAT),Average Nutritional Value As Per 100g,387kcal,1641kJ,7.7g,85g,6.1g,1.2g,2.5g,,Corn Flakes,Solid,Food,,,0.59g,,,,
3651,Morning Harvest Corn Flakes 250g,Pack size : 250g,KES249.00(Inc. VAT),Average Nutritional Value As Per 100g,1610kcal,6736.24kJ,7g,82g,0g,64g,1g,0mg,Corn Flakes,Solid,Food,Corn Flakes,,,,,,
3652,Fit Cereal Corn Flakes 400G,Pack size : 400g,KES360.00(Inc. VAT),Average Nutritional Value As Per 100g,391Kcal,1661KJ,7.1g,83g,,3.0g,1.5g,0.7g,,Solid,,Corn Flakes,No Additives,,Corn Flakes breakfast cereal is cholesterol free and a  good source of fibre and wholegrain. It is also lower in sugar than other breakfast alternatives.,,,
3653,Nestle Go Free Corn Flakes 375G,,KES1199.00(Inc. VAT),,,,,,,,,,,,,,,,,,,
3654,Tic Tac Citrus Mix 10.2G,Pack size : 10.2G,KES50.00(Inc. VAT),,,,,,,,,,,,,,,,,,,
3655,Skittles Coated Fruits Candy 38g,Pack size : 38g,KES138.00(Inc. VAT),Average Nutritional Value As Per 100g,404kcal,1712kJ,,90.7g,89.8g,4.2g,,0.02mg,Candy,Solid,Food,Fruits,,,,,,
3656,Vidal Strawberry  Cream Drops 100G,Pack size : 100g,KES329.00(Inc. VAT),Average Nutritional Value As Per 100g,339kcal,1442kJ,4g,79g,62g,0g,,,Gummi Candy,Solid,Food,Strawberry,,,,,,
3657,Candy Castle Crew Neon Yo Yo Spinner Fruit Star Candy 26g,Pack size : 26g,KES382.00(Inc. VAT),Average Nutritional Value As Per 12g,394kcal,1648kJ,,97g,97g,,,,Star Candy,Solid,Food,Fruit,,,,,,
3658,Bip Dino Friends Lolly Pop Up Sweet Candy 10g,Pack size : 10g,KES575.00(Inc. VAT),,83g,,343kcal,Average Nutritional Value As Per 1g,,,,,Food,,2g,1435kJ,Solid,,,,,
3659,Carrefour Sugar-Free Fruit Candy 150G,Pack size : 150g,KES899.00(Inc. VAT),,,,,,,,,,,,,,,,,,,
3660,HERSHEYS DUO SB ICE BREAKERS37GX8,,KES4920.00(Inc. VAT),,,,,,,,,,,,,,,,,,,
3661,Nom Noms Sours Cola Mini Marshmallow 15g,Pack size : 15g,KES85.00(Inc. VAT),Average Nutritional Value As Per 100g,70kcal,297kJ,0.8g,16g,15.5g,0g,0.02g,0mg,Marshmallow,Solid,Food,Sours cola,,,,,,
3662,Candyland Super Twister Marshmallow Candy Sticks 11g,Pack size : 11g,KES28.00(Inc. VAT),Average Nutritional Value As Per 100g,498kcal,2093kJ,4g,96.8g,51g,,,0.8mg,Candy Sticks,Solid,Food,,,,,,,
3663,Nom Noms Sours Apple Mini Marshmallow 15g,Pack size : 15g,KES85.00(Inc. VAT),Average Nutritional Value As Per 26g,100kcal,418.4kJ,1g,23g,20g,0g,0g,0mg,Marshmallow,Solid,Food,Sours Apple,,,,,,
3664,Nom Noms Mini Chocolate Marshmallows 15g,Pack size : 15g,KES85.00(Inc. VAT),Average Nutritional Value As Per 100g,97kcal,412.9kJ,1.1g,23.1g,21.1g,0g,0.2g,4.5mg,Marshmallows,Solid,Food,Cocoa,,,,,,
3665,Nom Noms Sours Peach Mini Marshmallow 15g,Pack size : 15g,KES85.00(Inc. VAT),Average Nutritional Value As Per 22g,71kcal,305kJ,0.7g,17.3g,15.8g,0g,0.3g,6.9mg,Marshmallow,Solid,Food,Sours Peach,,,,,,
3666,Nom Noms Sours Strawberry Mini Marshmallows 17g,Pack size : 17g,KES85.00(Inc. VAT),Average Nutritional Value As Per 100g,336kcal,1405.82kJ,2.8g,79.9g,53.6g,0.6g,0g,36mg,Marshmallows,Solid,Food,Strawberry,,,,,,
3667,Nom Noms Original Mini Marshmallows 17g,Pack size : 17g,KES85.00(Inc. VAT),Average Nutritional Value As Per 100g,96kcal,406kJ,1.0g,28.3g,21.3g,0.3g,0g,4.4mg,Marshmallows,Solid,Food,,,,,,,
3668,Nom Noms Sours Strawberry Mini Marshmallows 17g,Pack size : 17g,KES85.00(Inc. VAT),Average Nutritional Value As Per 100g,336kcal,1405.82kJ,2.8g,79.9g,53.6g,0.6g,0g,36mg,Marshmallows,Solid,Food,Strawberry,,,,,,
3669,Fini Strawberry Sour Pencils Jelly 90g x Pack of 12,Pack size : 90g x Pack of 12,KES275.00(Inc. VAT),Average Nutritional Value As Per 100g,359kcal,1502kJ,1.5g,89g,89g,10g,,,Sour Pencils,Jelly,Food,Strawberry,,0.6g,,,,
3670,Casa Del Dolce Gluten Free Molly Marshmallow 85g,Pack size : 85g,KES349.00(Inc. VAT),Average Nutritional Value As Per 100g,377kcal,1409kJ,5.8g,78g,68.9g,0.1g,0.1g,0.1mg,Marshmallow,Solid,Food,,,,,,,
3671,Fini Clouds Marshmallow 80g,Pack size : 80g,KES385.00(Inc. VAT),Average Nutritional Value As Per 100g,328kcal,1372kJ,4g,78g,69g,,,,Marshmallow,Solid,Food,,,0.1g,,,,
3672,Fini Clouds Marshmallow 80g,Pack size : 80g,KES385.00(Inc. VAT),Average Nutritional Value As Per 100g,328kcal,1372kJ,4g,78g,69g,,,,Marshmallow,Solid,Food,,,0.1g,,,,
3673,Nom Noms Original Marshmallows 150g,Pack size : 150g,,Average Nutritional Value As Per 100g,96kcal,406kJ,1.0g,28.3g,21.3g,0.3g,0g,4.4mg,Marshmallows,Solid,Food,,,,,,,
3674,Fini Clouds Marshmallow 80g,Pack size : 80g,KES385.00(Inc. VAT),Average Nutritional Value As Per 100g,328kcal,1372kJ,4g,78g,69g,0g,,,Marshmallow,Solid,Food,,,0.1g,,,,
3675,Carrefour Marshmallows 300g,Pack size : 300g,KES849.00(Inc. VAT),Average Nutritional Value As Per 100g,332kcal,1412kJ,3.6g,79g,71g,0.5g,0g,,Marshmallows,Solid,Food,,,0g,,,,
3676,Florestal Zolle Stick Green Apple Chewing Candy 20g,Pack size : 20g,KES52.00(Inc. VAT),Average Nutritional Value As Per 100g,397.3kcal,1662.3032kJ,1.4g,92.1g,58.1g,2.6g,,,Chewing Candy,Solid,,Green Apple,,,,,,
3677,Florestal Zolle Tubinhos Strawberry Chewable Candy 20g,Pack size : 20g,KES52.00(Inc. VAT),Average Nutritional Value As Per 100g,370kcal,1548.08kJ,2g,88g,52g,1g,,35mg,Chewable Candy,Solid,,Strawberry,,,,,,
3678,Zed Funny Faces Soft Chewy Candy 39g,Pack size : 39g,KES65.00(Inc. VAT),Average Nutritional Value As Per 100g,40kcal,167.36kJ,,9g,8g,0.5g,,,Chewy Candy,Solid,Food,,,,,,,
3679,Mentos Roll Rainbow Chewy 29G,,KES66.00(Inc. VAT),,,,,,,,,,,,,,,,,,,
3680,Zed Magic Eggs Soft Chewy Candy 107g,Pack size : 107g,KES195.00(Inc. VAT),Average Nutritional Value As Per 100g,40kcal,167.36kJ,,9g,8g,0.5g,,,Chewy Candy,Solid,Food,,,,,,,
3681,Zed Fruits Salad Soft Chewy Candy 106g,Pack size : 106g,KES195.00(Inc. VAT),Average Nutritional Value As Per 100g,40kcal,167.36kJ,,9g,8g,,,,Chewy Candy,Solid,Food,,,,,,,
3682,CASA DEL DOLCE PLANET GUM 75G,,KES249.00(Inc. VAT),,,,,,,,,,,,,,,,,,,
3683,Jake Mints S/M Flavored Candy 18G,Pack size : 18gm,KES299.00(Inc. VAT),,,,,,,,,,,,,,,,,,,
3684,Jake Funny Sour Pencils Strawberry Candy 100g,Pack size : 100g,KES293.00(Inc. VAT),Average Nutritional Value As Per 100g,383kcal,1602kJ,2.2g,85g,62g,2.9g,,,Candy,Solid,Food,Strawberry,,0.46g,,,,
3685,Jake Sour Wild Strawberries Candy 100g,Pack size : 100g,KES293.00(Inc. VAT),Average Nutritional Value As Per 100g,340kcal,1423kJ,4g,79g,61g,0g,,,Candy,Solid,Food,Strawberry,,1g,,,,
3686,Fini Strawberry Sugar Jelly Kisses Candy 90g,Pack size : 475ml,KES275.00(Inc. VAT),Average Nutritional Value As Per 100g,326kcal,1363.984kJ,4g,79g,58g,,,,Candy,Solid,Food,Strawberry,,,,,,
3687,Jake Sour Wild Strawberries Candy 100g,Pack size : 100g,KES293.00(Inc. VAT),Average Nutritional Value As Per 100g,340kcal,1423kJ,4g,79g,61g,0g,,,Candy,Solid,Food,Strawberry,,1g,,,,
3688,Jake Mints S/M Flavored Candy 18G,Pack size : 18gm,KES299.00(Inc. VAT),,,,,,,,,,,,,,,,,,,
3689,Jake Sour Wild Strawberries Candy 100g,Pack size : 100g,KES293.00(Inc. VAT),Average Nutritional Value As Per 100g,340kcal,1423kJ,4g,79g,61g,0g,,,Candy,Solid,Food,Strawberry,,1g,,,,
3690,Jake Mints Peppermint 18Gm,Pack size : 18gm,KES299.00(Inc. VAT),,,,,,,,,,,,,,,,,,,
3691,Jake Vitamin Candy Coconut BlckCurrant 18Gm,Pack size : 18gm,KES299.00(Inc. VAT),,,,,,,,,,,,,,,,,,,
3692,Jake Vitamin Candy Peach 18Gm,Pack size : 18gm,KES299.00(Inc. VAT),,,,,,,,,,,,,,,,,,,
3693,Jake Vitamin Candy Lime With Green Tea 18Gm,Pack size : 18gm,KES299.00(Inc. VAT),,,,,,,,,,,,,,,,,,,
3694,Jake Vitamincandy Jabuka Candy 18G,Pack size : 18gm,KES299.00(Inc. VAT),,,,,,,,,,,,,,,,,,,
3695,Chupa Chups Strawberry Love Lollipop 120g,Pack size : 120g,KES810.00(Inc. VAT),Average Nutritional Value As Per 100g,385kcal,1636kJ,0g,94g,82g,0.3g,,,Lollipop,Solid,Food,Strawberry,,0.15g,,,,
3696,Tropical Heat Pops Salted Nachos22G,Pack size : 22g,KES30.00(Inc. VAT),,380kcal,,8.7g,81.49g,,1.87g,1.0g,,,,,Salted,,1.03g,,,,
3697,Carrefour Corneez Chilli Crispy Corn Snacks 90G,Pack size : 90g,KES189.00(Inc. VAT),Average Nutritional Value As Per 100g,520kcal,2175.68kJ,3.5g,64g,4g,28g,3.6g,1029mg,Corn Snacks,Solid,Food,Chilli,,,,,,
3698,Tropical Heat Pops Chilli Lime Nachos 22G,Pack size : 22g,KES30.00(Inc. VAT),,471kcal,,6.4g,62.49g,,22.05g,0.98g,,,,,Chilli Lime,,2.7g,,,,
3699,Bake Rolz Olive Snack 40G,Pack size : 40g,,,,,,,,,,,,,Snack,Olive,,,,,,
3700,Bake Rolz Chili Lemon Snack 40G,Pack size : 40g,,,,,,,,,,,,,Snack,Lemon,,,,,,
3701,Norda Urban Stix Kuku Choma Crunchy Corn Snacks 35G,Pack size : 35G,KES35.00(Inc. VAT),Average Nutritional Value As Per 100g,504kcal,2109kJ,45.4g,64.2g,1.3g,22.7g,,,Corn Snacks,Solid,Food,Kuku Choma,,,,,,
3702,Bake Rolz Spicy Cheese Snack 40G,Pack size : 40g,KES60.00(Inc. VAT),,,,,,,,,,,,Snack,Spicy Cheese,,,,,,
3703,Carrefour Spicy Nacho Tortilla Chips 180G,Pack size : 180g,KES329.00(Inc. VAT),Average Nutritional Value As Per 100g,489kcal,2045.98kJ,5.8g,70g,28g,21g,4.5g,842mg,Tortilla Chips,Solid,Food,Nacho Cheese,,,,,,
3704,Carrefour Nacho Cheese Tortilla Chips 180G,Pack size : 180g,KES329.00(Inc. VAT),Average Nutritional Value As Per 100g,481kcal,2012.5kJ,6g,70g,48g,20g,47g,1050mg,Tortilla Chips,Solid,Food,Nacho Cheese,,,,,,
3705,Bake Rolz Salt Vinegar Snack 40G,Pack size : 40g,,,,,,,,,,,,,Snack,Salt Vinegar,,,,,,
3706,Bake Rolz Ketchup Snack 40G,Pack size : 40g,,,,,,,,,,,,,Snack,Ketchup,,,,,,
3707,Tropical Heat Pops Cheese Nachos 22G,Pack size : 22g,KES30.00(Inc. VAT),,472kcal,,6.26g,63.15g,,21.35g,0.72g,,,,,Cheese,,2.53g,,,,
3708,Bake Rolz Spicy Kebab Snack 40G,Pack size : 40g,,,,,,,,,,,,,Snack,Spicy Kebab,,,,,,
3709,Bake Rolz Pizza Snack 40G,Pack size : 40g,,,,,,,,,,,,,Snack,Pizza,,,,,,
3710,Bake Rolz Sweet Chili Snack 40G,Pack size : 40g,,,,,,,,,,,,,Snack,Sweet Chili,,,,,,
3711,Bake Rolz Mix Cheese Snack 40G,Pack size : 40g,,,,,,,,,,,,,Snack,Cheese,,,,,,
3712,Tropical Heat Pops Tomato Nachos 22G,Pack size : 22g,KES30.00(Inc. VAT),,484kcal,,6.43g,65.71g,,21.42g,0.72g,,,,,Tomato,,1.78g,,,,
3713,Nutrameal Imported Popcorn Kernels 500G,Pack size : 500g,KES190.00(Inc. VAT),Average Nutritional Value As Per 100g,382kcal,1598kJ,12g,78g,,4g,15g,4mg,Kernels,Solid,Food,,,,,,,
3714,Floydeez Caramel Popcorn 60G,Pack size : 65g,KES135.00(Inc. VAT),Average Nutritional Value As Per 100g,398kcal,1665kJ,1g,90g,,3.67g,0.92g,200mg,Popcorn,Solid,Food,Caramel,,,,,,
3715,Floydeez Popcorn Chocolate 60G,Pack size : 65g,KES135.00(Inc. VAT),Average Nutritional Value As Per 36g,172kcal,719kJ,0.9g,22g,18g,9.4g,0.9g,106mg,Popcorn,Solid,Food,Chocolate,,,,,,
3716,Floydeez Popcorn Caramel 30G,Pack size : 35g,KES70.00(Inc. VAT),Average Nutritional Value As Per 100g,273kcal,1142.23 kJ,1g,33g,27g,18g,,,Popcorn,Solid,Food,Caramel,,,,,,
3717,Floydeez Crunchy Coconut Popcorn 30G,Pack size : 35g,KES70.00(Inc. VAT),Average Nutritional Value As Per 100g,503kcal,2105kJ,2.64g,69g,34g,24g,10g,133mg,Popcorn,Solid,Food,Coconut,,,,,,
3718,Floydeez Popcorn Limited Edition 60G,Pack size : 60G,KES135.00(Inc. VAT),,,,,,,,,,,,,,,,,,,
3719,Jimcy Popcorn 100g,Pack size : 100g,KES94.00(Inc. VAT),,,,,,,,,,,,,,,,,,,
3720,Jimcy Popcorn 65G,Pack size : 65g,KES100.00(Inc. VAT),Average Nutritional Value As Per 100g,150kcal,627.6kJ,2g,17g,1g,8g,2g,240mg,Popcorn,Solid,Food,,,,,,,
3721,Milya's Caramel Popcorn 53g,Pack size : 53g,KES98.00(Inc. VAT),Average Nutritional Value As Per 100g,398kcal,1665kJ,1g,90g,,3.67g,0.92g,200mg,Popcorn,Solid,Food,Caramel,,,,,,
3722,Milya's Tutti Frutti Flavoured Popcorn 53g,Pack size : 53g,KES98.00(Inc. VAT),Average Nutritional Value As Per 100g,430kcal,1812kJ,6.7g,71g,38g,11.5g,7.5g,,Popcorn,Solid,Food,Tutti Fruity,,,,,,
3723,Carrefour Pop & Croc Pocket Chocolate 175G,Pack size : 175g,KES699.00(Inc. VAT),,,,,,,,,,,,,,,,,,,
3724,Floydeez Chocolate Popcorn 30G,Pack size : 35g,KES70.00(Inc. VAT),Average Nutritional Value As Per 100g,273kcal,1142.23 kJ,1g,33g,27g,18g,,,Popcorn,Solid,Food,,,,,,,
3725,Kudos Salted Popcorn 50G,Pack size : 50g,KES30.00(Inc. VAT),Average Nutritional Value As Per 100g,413kcal,1727kJ,11.5g,74g,,8.1g,15g,500mg,Popcorn,Solid,Food,Salted,,,,,,
3726,American Garden Popcorn Butter 273G,Pack size : 273g,KES737.00(Inc. VAT),Average Nutritional Value As Per 33g,160kcal,669kJ,,19g,,8g,,320mg,Popcorn,Solid,Food,Butter,,,,,,
3727,Jimcy Roasted Macadamia 100G,,KES210.00(Inc. VAT),,,,,,,,,,,,,,,,,,,
3728,Kudos Salted Popcorn 100G,Pack size : 100g,KES65.00(Inc. VAT),Average Nutritional Value As Per 100g,413kcal,1727kJ,11.5g,74g,,8.1g,15g,500mg,Popcorn,Solid,Food,Salted,,,,,,
3729,Milya's Tuttifrutti Flavoured Popcorn 105g,Pack size : 105g,KES141.00(Inc. VAT),Average Nutritional Value As Per 100g,430kcal,1812kJ,6.7g,71g,38g,11.5g,7.5g,,Popcorn,Solid,Food,Tutti Fruity,,,,,,
3730,NuVita Bravo G Glucose Biscuits 29g,Pack size : 38g,KES10.00(Inc. VAT),Average Nutritional Value As Per 100g,478.99kcal,1999kJ,7.1g,82.4g,,15.0g,,,Biscuits,Solid,Food,,,,,,,
3731,NuVita Vitamilk Milky Biscuits 38g,Pack size : 38g,KES10.00(Inc. VAT),Average Nutritional Value As Per Serving,232kcal,970kJ,4g,38g,9g,7.5g,,50mg,Biscuits,Solid,Food,Milk,,,,,,
3732,Manji Glucose Biscuit 50g,Pack size : 50g,KES20.00(Inc. VAT),Average Nutritional Value As Per 100g,464kcal,1941.3kJ,8g,72g,,15g,,,Biscuit,Solid,Food,,,,,,,
3733,NuVita Choco Biscuits 75g,Pack size : 75g,KES20.00(Inc. VAT),Average Nutritional Value As Per 100g,517kcal,2163kJ,7g,65g,,25g,,,Biscuits,Solid,Food,Cocoa,,,,,,
3734,Treatos Glucose Biscuits 50G,Pack size : 50g,,100g,463.22Kcal,1968.60Kj,7.08g,76.02g,18.4g,14.11g,,0.3mg,Food,Solid,Glucose Biscuits,,No Additives,0.32g,"Crunchy, Delightful. Yummy",,Ready to eat,
3735,Treatos Milk Biscuits 50G,Pack size : 50g,,100g,463.12g,1967.3Kj,7.09g,76.02g,18.4g,14.52g,0g,0.2mg,Food,Solid,Milk Biscuits,,No Additives,0.20g,"Crunchy, Delightful. Yummy",,Ready to eat,
3736,NuVita Energy glucose Biscuits 75g,Pack size : 75g,KES29.00(Inc. VAT),Average Nutritional Value As Per 100g,478.99kcal,1999kJ,7.1g,82.4g,,15.0g,,,Biscuits,Solid,Food,,,,,,,
3737,NuVita Energy Honey Biscuits 75g,Pack size : 75g,KES29.00(Inc. VAT),Average Nutritional Value As Per 100g,513kcal,2146kJ,6.2g,62.6g,25.7g,26.4g,1.6g,360mg,Biscuits,Solid,Food,Honey,,,,,,
3738,Treatos Ginger Snap Biscuits 80G,Pack size : 80g,,100g,462.43Kcal,1966Kj,7.19g,75.70g,19.92g,0.00g,14.57g,0.5mg,Food,Solid,Ginger Biscuits,,No Additives,0.24g,"Crunchy, Delightful. Yummy",,Ready to eat,
3739,Parle Nice Coconut Biscuits 72.25g,Pack size : 72.25g,KES27.00(Inc. VAT),Average Nutritional Value As Per 100g,473kcal,1979.03kJ,7.5g,72.8g,,16.9g,,,Biscuits,Solid,Food,Coconut,,,,,,
3740,Parle Milk Power Biscuits 72.25g,Pack size : 72.25g,KES27.00(Inc. VAT),Average Nutritional Value As Per 100g,456kcal,1907.90kJ,7g,77g,0g,14g,,,Biscuits,Solid,Food,,,,,,,
3741,NuVita Family Biscuits 75g,Pack size : 75g,KES27.00(Inc. VAT),Average Nutritional Value As Per 100g,473.5kcal,1979kJ,7.4g,78.3g,,15.9g,,,Biscuits,Solid,Food,,,,,,,
3742,Parle-G Original Glucose Biscuits 72.25g,Pack size : 72.25g,KES27.00(Inc. VAT),Average Nutritional Value As Per 100g,453kcal,1895.35kJ,7.0g,77.3g,,12.9g,,,Biscuits,Solid,Food,,,,,,,
3743,Sunveat Family Bite Original Biscuits 75g,Pack size : 75g,KES30.00(Inc. VAT),Average Nutritional Value As Per 100g,451kcal,1966.48kJ,7g,77g,22g,12g,0g,0mg,Biscuits,Solid,Food,,,,Solid,,,
3744,NuVita  Family Orange Biscuits 75G,Pack size : 75g,KES30.00(Inc. VAT),Average Nutritional Value As Per 100g,457kcal,1912kJ,9.4g,74g,20.9g,13.7g,,,Biscuits,Solid,Food,Orange,,,,,,
3745,Manji Marie Classic Biscuits 75g,Pack size : 75g,KES30.00(Inc. VAT),Average Nutritional Value As Per 2 Pieces,117kcal,489.5kJ,2g,17g,0g,17g,0g,0mg,Biscuit,Solid,Food,,,,,,,
3746,Sunveat Koko Coffee 75G,Pack size : 75g,KES30.00(Inc. VAT),Average Nutritional Value As Per 100g,433kcal,1811.67kJ,7g,87g,,9g,,,Biscuits,Solid,Food,Coffee,,,,,,
3747,Yego Marie Biscuits 100Gm,Pack size : 100g,KES35.00(Inc. VAT),Average Nutritional Value As Per 100g,473.5 Kcal,1979kJ,7.4g,78.3g,,15.9.42g,,,Biscuits,Solid,Breakfast & Snacks,,,,,,,
3748,Yego Marie Biscuits 100Gm,Pack size : 100g,KES35.00(Inc. VAT),Average Nutritional Value As Per 100g,473.5 Kcal,1979kJ,7.4g,78.3g,,15.9.42g,,,Biscuits,Solid,Breakfast & Snacks,,,,,,,
3749,NuVita Breaktime Biscuits 100g,Pack size : 100g,KES35.00(Inc. VAT),Average Nutritional Value As Per 100g,488kcal,2041kJ,5g,58g,0g,28g,2g,364mg,Biscuits,Solid,Food,,,,,,,
3750,Yego Shortcake Biscuits 100G,Pack size : 100g,KES35.00(Inc. VAT),Average Nutritional Value As Per 100g,468.5 Kcal,1960kJ,6.49g,77.2g,,13.42g,,,Biscuits,Solid,Breakfast & Snacks,,,,,,,
3751,Golden Marie Biscuits 100g,Pack size : 100g,KES35.00(Inc. VAT),Average Nutritional Value As Per 100g,445kcal,1861.88kJ,8.4g,78.9g,21.9g,10.7g,,,Biscuits,Solid,Food,,,,,,,
3752,NuVita Breaktime Coconut Biscuits 100g,Pack size : 100g,KES35.00(Inc. VAT),Average Nutritional Value As Per 100g,452kcal,1891kJ,7g,58g,8g,32g,6g,671mg,Biscuits,Solid,Food,Coconut,,,,,,
3753,Sunveat Lemon Delight Tea Biscuits 100g,Pack size : 100g,KES35.00(Inc. VAT),Average Nutritional Value As Per 100g,473kcal,1979.03kJ,7.5g,72.8g,,16.9g,,,Biscuits,Solid,Food,Lemon,,,,,,
3754,NuVita Crunchy ginger Biscuits 75g,Pack size : 75g,KES35.00(Inc. VAT),Average Nutritional Value As Per Serving,36kcal,147kJ,,6g,,,,,Biscuits,Solid,Food,Ginger,,,,,,
3755,NuVita Marie Biscuits 75g,Pack size : 75g,KES35.00(Inc. VAT),Average Nutritional Value As Per 100g,426kcal,1782kJ,6.5g,68.6g,19.8g,13.5g,0.6g,257mg,Biscuits,Solid,Food,,,,,,,
3756,Manji Classic Real Ginger Cookies 75g,Pack size : 75g,KES36.00(Inc. VAT),Average Nutritional Value As Per Serving,36kcal,147kJ,,6g,,,,,Cookies,Solid,Food,Ginger,,,,,,
3757,Manji High Energy Honey And Chocolate Biscuit 80g,Pack size : 80g,KES37.00(Inc. VAT),Average Nutritional Value As Per 50g,230kcal,962.3kJ,4g,36g,12g,8g,3g,170mg,Biscuit,Solid,Food,"Honey, Chocolate",,,,,,
3758,Manji High Energy Egg And Milk Biscuit 85g,Pack size : 85g,KES37.00(Inc. VAT),Average Nutritional Value As Per 100g,450kcal,1882.8kJ,8g,74g,0g,15g,0g,0mg,Biscuit,Solid,Food,Egg,,,,,,
3759,Manji Gingernut Biscuit 70g,Pack size : 70g,KES46.00(Inc. VAT),Average Nutritional Value As Per 4 Pieces,93kcal,389.1kJ,1g,21g,,2g,0g,0mg,Biscuit,Solid,Food,Gingernut,,,,,,
3760,Manji Glucose Biscuit 100g,Pack size : 100g,KES50.00(Inc. VAT),Average Nutritional Value As Per 100g,464kcal,1941.3kJ,8g,72g,,15g,,,Biscuit,Solid,Food,,,,,,,
3761,Treatos Milk Biscuits 105G,Pack size : 105g,KES50.00(Inc. VAT),100g,463.12g,1967.3Kj,7.09g,76.02g,18.4g,14.52g,0g,0.2mg,Food,Solid,Milk Biscuits,,No Additives,0.20g,"Crunchy, Delightful. Yummy",,Ready to eat,
3762,Treatos Glucose Biscuits 105G,Pack size : 105g,KES50.00(Inc. VAT),100g,463.22Kcal,1968.60Kj,7.08g,76.02g,18.4g,14.11g,,0.3mg,Food,Solid,Glucose Biscuits,,No Additives,0.32g,"Crunchy, Delightful. Yummy",,Ready to eat,
3763,Manji Nice Coconut Biscuit 100g,Pack size : 100g,KES55.00(Inc. VAT),Average Nutritional Value As Per 25g,117kcal,489.5kJ,2g,17g,0g,4g,0g,0mg,Biscuit,Solid,Food,Coconut,,,,,,
3764,NuVita Tea Biscuits 100g,Pack size : 100g,,Average Nutritional Value As Per Serving,452kcal,1891kJ,7g,58g,8g,32g,6g,671mg,Biscuits,Solid,Food,,,,,,,
3765,Manji Marie Biscuits 80g,Pack size : 80g,KES53.00(Inc. VAT),Average Nutritional Value As Per 2 Pieces,117kcal,489.5kJ,2g,17g,0g,17g,0g,0mg,Biscuit,Solid,Food,,,,,,,
3766,Manji Family Biscuits 80g,Pack size : 80g,KES53.00(Inc. VAT),Average Nutritional Value As Per 25g,117kcal,489.5kJ,2g,17g,0g,4g,0g,0mg,Biscuit,Solid,Food,,,,,,,
3767,Parle Hide & Seek Bourbon Cream Sandwich Biscuits 70g,Pack size : 70g,KES55.00(Inc. VAT),Average Nutritional Value As Per 100g,469kcal,1962.29kJ,5.2g,76.1g,41.3g,15.9g,,106mg,Biscuits,Solid,Food,Cocoa,,,,,,
3768,Parle Krackjack Biscuits 60g,Pack size : 60g,KES58.00(Inc. VAT),Average Nutritional Value As Per 100g,496kcal,2075.26kJ,6.6g,69.2g,18.5g,21.4g,,,Biscuits,Solid,Food,,,,,,,
3769,Britannia Little Heart Biscuits 50.5g,Pack size : 50.5g,KES65.00(Inc. VAT),Average Nutritional Value As Per 100g,488kcal,2041.79kJ,7g,70g,24.5g,20g,,,Biscuit,Solid,Food,,,0.262 g,,,,
3770,PARLE MONACO CLASSIC BISCUITS 63.3G,Pack size : 63.3g,KES68.00(Inc. VAT),Average Nutritional Value As Per 100g,495kcal,2071.08kJ,7.7g,68.2g,7.7g,21.0g,,,Biscuits,Solid,Food,,,,,,,
3771,Manji Shortcake Biscuit 100g,Pack size : 100g,KES68.00(Inc. VAT),Average Nutritional Value As Per 25g,104kcal,435.1kJ,2g,18g,2g,2g,2g,0mg,Biscuit,Solid,Food,,,,,,,
3772,NuVita Butter Bites Biscuits 100g,Pack size : 100g,KES72.00(Inc. VAT),Average Nutritional Value As Per 100g,500kcal,2092kJ,7g,64g,,25g,,,Biscuits,Solid,Food,Butter,,,,,,
3773,NuVita Vitamilk Milky Biscuits 38g,Pack size : 38g,KES10.00(Inc. VAT),Average Nutritional Value As Per Serving,232kcal,970kJ,4g,38g,9g,7.5g,,50mg,Biscuits,Solid,Food,Milk,,,,,,
3774,Yego Glucose 200G,Pack size : 200g,KES80.00(Inc. VAT),Average Nutritional Value As Per 100g,478.99 Kcal,2004kJ,7.1g,82.4g,,15.0g,,,Biscuits,Solid,Breakfast & Snacks,,,,,,,
3775,Manji Milkstar Milk Biscuit With Glucose 200g,Pack size : 200g,,Average Nutritional Value As Per 100g,210kcal,878.6kJ,3g,87g,0g,6g,0g,0mg,Biscuit,Solid,Food,Milk,,,,,,
3776,Britannia Good Day Pista Almond Cookies 75g,Pack size : 75g,KES85.00(Inc. VAT),Average Nutritional Value As Per 100g,500.0kcal,2092.0kJ,8.82g,64.71g,23.53g,23.53g,,0.31mg,Cookies,Solid,Food,Pista Almond,,,,,,
3777,Parle Hide & Seek Black Bourbon Vanilla Sandwich Biscuits 100g,Pack size : 100g,KES85.00(Inc. VAT),Average Nutritional Value As Per 100g,474kcal,1983.21kJ,4.6g,75.6g,45g,17g,,,Biscuits,Solid,Food,Vanilla,,,,,,
3778,Manji Glucose Biscuit 200g,Pack size : 200g,,Average Nutritional Value As Per 100g,464kcal,1941.3kJ,8g,72g,,15g,,,Biscuit,Solid,Food,,,,,,,
3779,NuVita Family Biscuits 200g,Pack size : 200g,KES90.00(Inc. VAT),Average Nutritional Value As Per 100g,473.5kcal,1979kJ,7.4g,78.3g,,15.9g,,,Biscuits,Solid,Food,,,,,,,
3780,Golden Family Tea Biscuit 200g,Pack size : 200g,KES99.00(Inc. VAT),Average Nutritional Value As Per 32g,150kcal,628kJ,3g,25g,,4g,,105mg,Biscuit,Solid,Food,,,,,,,
3781,Sunveat Real Coconut Cookies 175g,Pack size : 175g,KES99.00(Inc. VAT),Average Nutritional Value As Per 100g,473kcal,1979.03kJ,7.5g,72.8g,,16.9g,,,Cookies,Solid,Food,Coconut,,,,,,
3782,NuVita Marie Biscuits 200g,Pack size : 200g,KES99.00(Inc. VAT),Average Nutritional Value As Per 100g,426kcal,1782kJ,6.5g,68.6g,19.8g,13.5g,0.6g,257mg,Biscuits,Solid,Food,,,,,,,
3783,GOLDEN FAMILY TEA BISCUITS 200G,Pack size : 200g,KES99.00(Inc. VAT),Average Nutritional Value As Per 32g,150.096kcal,628kJ,3g,25g,,4g,,105mg,Biscuits,Solid,Food,,,,,,,
3784,Tiffany Every Day Marie Tea Biscuits 80g,Pack size : 80g,KES100.00(Inc. VAT),Average Nutritional Value As Per 100g,426kcal,1782kJ,6.5g,68.6g,19.8g,13.5g,0.6g,257mg,Tea Biscuits,Solid,Food,,,,,,,
3785,LU BAKERI CLASSIC BISCUIT 107G,,,,,,,,,,,,,,,,,,,,,
3786,NuVita Crunchy ginger Biscuits 200g,Pack size : 200g,KES117.00(Inc. VAT),Average Nutritional Value As Per Serving,36kcal,147kJ,,6g,,,,,Biscuits,Solid,Food,Ginger,,,,,,
3787,Golden Coco Nice Biscuits 200g,Pack size : 200g,KES125.00(Inc. VAT),Average Nutritional Value As Per 100g,473kcal,1979.03kJ,7.5g,72.8g,,16.9g,,,Biscuits,Solid,Food,Coconut,,,,,,
3788,Golden Ginger Snaps Biscuits 200g,Pack size : 200g,KES129.00(Inc. VAT),Average Nutritional Value As Per 100g,474kcal,1990kJ,4.2g,71.8g,34.2g,18.4g,,,Biscuits,Solid,Food,Ginger,,,,,,
3789,NuVita Sunbix Malty Shortcake 200g,Pack size : 200g,KES135.00(Inc. VAT),Average Nutritional Value As Per 100g,468.5kcal,1958kJ,6.49g,77.2g,,13.42g,,,Biscuits,Solid,Food,Milk,,,,,,
3790,Ubisco Nice Biscuits 175g,Pack size : 175g,KES147.00(Inc. VAT),Average Nutritional Value As Per 27g,135kcal,564.84kJ,2g,16g,6g,7g,0.5g,55mg,Biscuits,Solid,Food,Coconut,,,,,,
3791,Sunveat Original Family Biscuits 350g,Pack size : 350g,KES150.00(Inc. VAT),Average Nutritional Value As Per 100g,451kcal,1966.48kJ,7g,77g,22g,12g,0g,0mg,Biscuits,Solid,Food,,,,,,,
3792,Sunveat Family Chocolate Biscuits 350g,Pack size : 350g,KES150.00(Inc. VAT),Average Nutritional Value As Per 100g,451kcal,1966.48kJ,7g,77g,22g,12g,0g,0mg,Biscuits,Solid,Food,Chocolate,,,,,,
3793,Britannia Pure Magic Chocolush Biscuits 75g,Pack size : 75g,KES155.00(Inc. VAT),Average Nutritional Value As Per 100g,528kcal,2209.15kJ,5g,64g,34g,28g,,,Biscuit,Solid,Food,Chocolush,,,,,,
3794,Britannia Toastea Suji Rusk Toast 170g,Pack size : 170g,KES155.00(Inc. VAT),Average Nutritional Value As Per 100g,433kcal,1811.67kJ,9g,80g,23g,8.3g,,,Toast,Solid,Food,,,,,,,
3795,Oreo Original Biscuits 128g,Pack size : 128g,KES162.00(Inc. VAT),Average Nutritional Value As Per 100g,483kcal,2020kJ,5.3g,71.4g,37.9g,19.7g,,420mg,Biscuits,Solid,Food,,,,,,,
3796,NuVita Westbury39S Original Coconut Biscuits 200g,Pack size : 200g,KES216.00(Inc. VAT),Average Nutritional Value As Per 100g,560kcal,2343.04kJ,,64g,19g,17g,2g,0mg,Biscuits,Solid,Food,Coconut,,,,,,
3797,Britannia Good Day Chocochip Cookies 120g,Pack size : 120g,KES167.00(Inc. VAT),Average Nutritional Value As Per 100g,165kcal,690.36kJ,2g,23g,10g,7g,,131mg,Cookie,Solid,Food,,,,,,,
3798,Oreo Golden Biscuits 128G,Pack size : 128g,KES167.00(Inc. VAT),Average Nutritional Value As Per 100g,483kcal,2020kJ,5.3g,71.4g,37.9g,19.7g,,420mg,Biscuits,Solid,Food,,,,,,,
3799,Parle Sweet And Salty Krack Jack Biscuits 240g,Pack size : 240g,KES175.00(Inc. VAT),Average Nutritional Value As Per 100g,489kcal,2045kJ,6.8g,70.5g,19.6g,19.9g,,371mg,Biscuit,Solid,Food,,,,,,,
3800,Treatos Ginger Snap Biscuits 219G,Pack size : 219g,,100g,462.43Kcal,1966Kj,7.19g,75.70g,19.92g,0.00g,14.57g,0.5mg,Food,Solid,Ginger Biscuits,,No Additives,0.24g,"Crunchy, Delightful. Yummy",,Ready to eat,
3801,Manji Nice Biscuit 200g,Pack size : 200g,KES175.00(Inc. VAT),Average Nutritional Value As Per 25g,117kcal,489.5kJ,2g,17g,0g,4g,0g,0mg,Biscuit,Solid,Food,,,,,,,
3802,Britannia Toastea Milk Rusk Toast 207g,Pack size : 207g,KES194.00(Inc. VAT),Average Nutritional Value As Per 100g,473kcal,1979.03kJ,9g,73.7g,22g,15.8g,,,Toast,Solid,Food,Milk Rusk,,,,,,
3803,Britannia Toastea Wheat Rusk Toast 233g,Pack size : 233g,KES194.00(Inc. VAT),Average Nutritional Value As Per 100g,135kcal,564.84kJ,2g,25g,8.5g,,1g,65mg,Toast,Solid,Food,,,,,,,
3804,Manji Treat Cashew Cookies 240g,Pack size : 240g,KES200.00(Inc. VAT),Average Nutritional Value As Per 100g,451kcal,2263kJ,6.35g,66g,22g,18.0g,,300mg,Cookies,Solid,Food,Cashew,,,,,,
3805,Bakers Original Topper Vanilla Cream Biscuits 125g,Pack size : 125g,KES200.00(Inc. VAT),Average Nutritional Value As Per Serving,60kcal,251kJ,0.60g,8.80g,,2.60g,0.3g,32mg,Biscuits,Solid,Food,Vanilla,,,,,,
3806,Manji Treat Milk Chocolate Cookies 240g,Pack size : 240g,KES200.00(Inc. VAT),Average Nutritional Value As Per 100g,517kcal,2163kJ,7g,65g,,25g,,,Cookies,Solid,Food,Milk Chocolate,,,,,,
3807,Parle Nice Coconut Biscuits 382.5g,Pack size : 382.5g,KES201.00(Inc. VAT),Average Nutritional Value As Per 100g,473kcal,1979.03kJ,7.5g,72.8g,,16.9g,,,Biscuits,Solid,Food,Coconut,,,,,,
3808,NuVita Shortbread ginger Biscuits 200g,Pack size : 200g,,Average Nutritional Value As Per Serving,36kcal,147kJ,,6g,,,,,Biscuits,Solid,Food,Ginger,,,,,,
3809,NuVita Shortbread Regular Biscuits 200g,Pack size : 200g,,Average Nutritional Value As Per Serving,90kcal,376kJ,1g,10g,3g,5g,,50mg,Biscuits,Solid,Food,,,,,,,
3810,NuVita Shortbread Choco Chip Biscuits 200g,Pack size : 200g,,Average Nutritional Value As Per 100g,518kcal,2167kJ,5.2g,61.3g,25.7g,27.6g,2.0g,,Biscuits,Solid,Food,Cocoa,,,,,,
3811,Manji Shortbread Biscuits 200g,Pack size : 200g,KES250.00(Inc. VAT),Average Nutritional Value As Per 100g,516kcal,2158.94kJ,6.54g,61g,18g,27.5g,,,Biscuits,Solid,Food,,,,,,,
3812,Manji Biscuits Chocolate 150G,Pack size : 150 gr,KES250.00(Inc. VAT),,,,,,,,,,,,,,,,,,,
3813,Manji Shortbread Biscuits 200g,Pack size : 200g,KES250.00(Inc. VAT),Average Nutritional Value As Per 100g,516kcal,2158.94kJ,6.54g,61g,18g,27.5g,,,Biscuits,Solid,Food,,,,,,,
3814,Carrefour Galette Coconut Biscuits 125g,Pack size : 125g,KES299.00(Inc. VAT),Average Nutritional Value As Per 100g,479kcal,2011kJ,5.5g,69g,30g,20g,2.3g,,Biscuit,Solid,Food,Coconut,,,,,,
3815,Bakers Choc-o-break Biscuits 125g,,KES300.00(Inc. VAT),,,,,,,,,,,,,,,,,,,
3816,Bakers Choc-o-break Biscuits 125g,,KES300.00(Inc. VAT),,,,,,,,,,,,,,,,,,,
3817,Bakers Tennis Double Biscuits Cream 125G,,KES300.00(Inc. VAT),,,,,,,,,,,,,,,,,,,
3818,Manji Morning Breeze Biscuits 300g,Pack size : 300g,KES300.00(Inc. VAT),Average Nutritional Value As Per 1 Container,190kcal,794.9kJ,3g,46g,16g,1g,9g,35mg,Biscuit,Solid,Food,,,,,,,
3819,Honeycomb Cookies Ginger 200G,Pack size : 200G,KES325.00(Inc. VAT),Average Nutritional Value As Per 1 Biscuit,44kcal,184.09kJ,0g,7g,0g,1g,0g,0mg,Biscuit,Solid,Food,Ginger,,,,,,
3820,Bakers Blue Label Marie Biscuits 200g,Pack size : 200g,KES340.00(Inc. VAT),Average Nutritional Value As Per 100g,423kacl,1772kJ,8.3g,74g,21.7g,9.5g,1.7g,377mg,Biscuits,Solid,Food,,,,,,,
3821,Mcvitie's Marie Finger Biscuits 200g,Pack size : 200g,KES350.00(Inc. VAT),Average Nutritional Value As Per 100g,448kcal,1874kJ,7.2g,72.5g,20.7g,14.3g,3g,16mg,Biscuits,Solid,Food,,,0.4g,,,,
3822,Highland Scottish Petticoat Tails Shortbread 125g,Pack size : 125g,KES354.00(Inc. VAT),Average Nutritional Value As Per 100g,511kcal,2138kJ,5.2g,65.3g,16.4g,25.7g,,,Shortbread,Solid,Food,,,,,,,
3823,NuVita Nice 1 Kg Jars,Pack size : 1Kg,KES540.00(Inc. VAT),Average Nutritional Value As Per 100g,117kcal,489.5kJ,2g,17g,0g,4g,0g,0ng,Biscuits,Solid,Food,,,,,,,
3824,Sunveat Short Cake Biscuits 800g,Pack size : 800g,KES499.00(Inc. VAT),Average Nutritional Value As Per 100g,346kcal,1448kJ,6.1g,48.5g,48.5g,14.2g,,,Biscuits,Solid,Food,,,1.26g,,,,
3825,Sunveat Assorted Classic Biscuits 800g,Pack size : 800g,KES499.00(Inc. VAT),Average Nutritional Value As Per 100g,451kcal,1966.48kJ,7g,77g,22g,12g,0g,0mg,Biscuits,Solid,Food,,,,,,,
3826,Manji Nice Biscuits With Coconut Budget 1Kg,Pack size : 1kg,KES500.00(Inc. VAT),Average Nutritional Value As Per 25g,117kcal,489.5kJ,2g,17g,0g,4g,0g,0mg,Biscuit,Solid,Food,,,,,,,
3827,Golden Delicious Shortcake Biscuits 1Kg,Pack size : 1Kg,KES529.00(Inc. VAT),Average Nutritional Value As Per 100g,346kcal,1448kJ,6.1g,48.5g,48.5g,14.2g,,,Biscuits,Solid,Food,,,1.26g,,,,
3828,Golden Nice Coconut Biscuits 1Kg,Pack size : 1Kg,KES529.00(Inc. VAT),Average Nutritional Value As Per 100g,463kcal,1937.19kJ,6g,76g,30.5g,15g,3g,16mg,Biscuits,Solid,Food,Coconut,,,,,,
3829,Bakers Original Romany Creams Mint Chocolate Coconut Biscuits 200g,Pack size : 200g,KES650.00(Inc. VAT),Average Nutritional Value As Per 100g,499kcal,2089kJ,5.5g,,29.5g,25.6g,5.0g,479mg,Biscuits,Solid,Food,"Mint, Chocolate, Coconut",,,,,,
3830,Golden Scotch Short Cake Biscuit 1kg,Pack size : 1kg,KES529.00(Inc. VAT),Average Nutritional Value As Per 30g,100kcal,418.4kJ,3g,24g,7g,5g,,,Biscuit,Solid,Food,,,,,,,
3831,Golden Ginger Snaps Biscuits 1Kg,Pack size : 1Kg,KES529.00(Inc. VAT),Average Nutritional Value As Per 100g,474kcal,1990kJ,4.2g,71.8g,34.2g,18.4g,,,Biscuits,Solid,Food,Ginger,,,,,,
3832,Highland Speciality Shortbread Assortment 200G,,KES539.00(Inc. VAT),,,,,,,,,,,,,,,,,,,
3833,NuVita Shortcake Biscuits Jar 900g,Pack size : 900g,,Average Nutritional Value As Per 100g,468.5kcal,1958kJ,6.49g,77.2g,,13.42g,,,Biscuit,Solid,Food,,,,,,,
3834,Carrefour Russian Cigarette Biscuit 200G,Pack size : 200g,KES549.00(Inc. VAT),,,,,,,,,,,,,"Buttery, Sweet",,,"Carbohydrates, Sugar, Protein",,,
3835,Carrefour Petit Beurre Biscuit 200g,Pack size : 200g,KES599.00(Inc. VAT),,,,,,,,,,,,,,,,,,,
3836,Manji Nice Biscuit Jar 1kg,Pack size : 1kg,KES590.00(Inc. VAT),Average Nutritional Value As Per 25g,117kcal,489.5kJ,2g,17g,0g,4g,0g,0mg,Biscuit,Solid,Food,,,,,,,
3837,Manji Ginger Snaps Biscuits Jar 1kg,Pack size : 1kg,KES590.00(Inc. VAT),Average Nutritional Value As Per 3 Pieces,108kcal,451.8kJ,1g,20g,0g,2g,0g,0mg,Biscuit,Solid,Food,,,,,,,
3838,MANJI BISCUITS ASSORTED BUDGET1K,Pack size : 1 kg,KES620.00(Inc. VAT),,,,,,,,,,,,,,,,,,,
3839,Manji Shortcake Biscuit Jar 1kg,Pack size : 1kg,KES655.00(Inc. VAT),Average Nutritional Value As Per 25g,104kcal,435.1kJ,2g,18g,2g,2g,2g,0mg,Biscuit,Solid,Food,,,,,,,
3840,Bakers Classic Romany Creams Chocolate Biscuits 200g,Pack size : 200g,KES650.00(Inc. VAT),Average Nutritional Value As Per 100g,481kcal,2012kJ,7.6g,64g,33.8g,21.3g,2.2g,466 mg,Biscuits,Solid,Food,"Cream, Chocolate.",,,,,,
3841,Jacobsens Christmas Caramel Chocolate Cookies 150G,Pack size : 150G,KES709.00(Inc. VAT),,,,,,,,,,,,,,,,,,,
3842,Jacobsens M P Choc Chip Cookies150G,,KES709.00(Inc. VAT),,,,,,,,,,,,,,,,,,,
3843,Jacobsens Christmas Caramel Chocolate Cookies 150G,Pack size : 150G,KES709.00(Inc. VAT),,,,,,,,,,,,,,,,,,,
3844,Walkers Milk White And Dark Chocolate Classics 120g,Pack size : 120g,KES709.00(Inc. VAT),Average Nutritional Value As Per 100g,485.4kcal,2031kJ,3.6g,65g,58g,23.1,0g,90mg,Chocolate Classics,Solid,Food,Cocoa,,,,,,
3845,Jacobsens Christmas Tins Assorted 200G,Pack size : 200g,KES921.00(Inc. VAT),,,,,,,,,,,,,,,,,,,
3846,Cadbury Heroes Chocolate 550g,Pack size : 550g,KES3190.00(Inc. VAT),Average Nutritional Value As Per 100g,439kcal,2049kJ,4.5g,65g,57g,23g,1.5g,,Chocolate,Solid,Food,Cocoa,,0.29g,,,,
3847,Mars Celebrations Chocolate 600g,Pack size : 600g,KES3190.00(Inc. VAT),Average Nutritional Value As Per 100g,495kcal,2071kJ,5.5g,62g,55g,24g,,,Chocolate,Solid,Food,Cocoa,,0.39g,,,,
3848,Nestle Quality Street Chocolate 600g,Pack size : 600g,KES3190.00(Inc. VAT),Average Nutritional Value As Per 100g,471kcal,1976kJ,3.3g,67.3g,58g,20.7g,1.2g,,Chocolate,Solid,Food,Cocoa,,0.22g,,,,
3849,Yego Nice Biscuits 100G,Pack size : 100g,KES40.00(Inc. VAT),Average Nutritional Value As Per 100g,468.5 Kcal,489.528kJ,6.49g,77.2g,,13.42g,,,Biscuits,Solid,Breakfast & Snacks,,,,,,,
3850,NuVita Sugar Free Digestive Biscuit 45g,Pack size : 45g,KES50.00(Inc. VAT),Average Nutritional Value As Per 30g,140kcal,585.76kJ,2g,17g,,7g,,,Biscuit,Solid,Food,,,,,,,
3851,GOLDEN DIGESTIVE CLASSIC 100G,Pack size : 100g,KES65.00(Inc. VAT),Average Nutritional Value As Per 100g,493kcal,2062.71kJ,8g,68g,,21g,,,Biscuits,Solid,Food,,,,,,,
3852,Yego Digestive Biscuits 100g,Pack size : 100g,KES70.00(Inc. VAT),Average Nutritional Value As Per 100g,424.4 Kcal,489.528kJ,6.1g,68.3g,,15.2g,,,Biscuits,Solid,Breakfast & Snacks,,,,,,,
3853,Sunveat Oat And Honey Digestive Biscuit 200g,Pack size : 200g,KES99.00(Inc. VAT),Average Nutritional Value As Per 100g,470kcal,1966.48kJ,9g,68g,,17g,,,Digestive Biscuit,Solid,Food,Oat And Honey,,,,,,
3854,Sunveat Ginger Nut Biscuit 175g,Pack size : 175g,KES99.00(Inc. VAT),Average Nutritional Value As Per 100g,461kcal,1928.82kJ,5g,71g,28g,16g,,370mg,Biscuit,Solid,Food,Ginger Nut,,,,,,
3855,Sunveat Digestive Biscuit 200g,Pack size : 200g,KES99.00(Inc. VAT),Average Nutritional Value As Per 100g,470kcal,1966.48kJ,9g,65g,,19g,,,Biscuit,Solid,Food,,,,,,,
3856,Manji Good Day Digestive Biscuit 100g,Pack size : 100g,KES104.00(Inc. VAT),Average Nutritional Value As Per 100g,459kcal,1920.46kJ,5g,72g,,17g,,,Digestive Biscuit,Solid,Food,Wheat,,,,,,
3857,Nuvita Digestive Vanilla Creams 50G,Pack size : 50g,KES153.00(Inc. VAT),Average Nutritional Value As Per 28g,140kcal,585.76kJ,1g,18g,,6g,,140mg,Biscuit,Solid,Food,Vanilla,,,,,,
3858,Nuvita Digestive Chocolate Creams 50g,Pack size : 50g,KES153.00(Inc. VAT),Average Nutritional Value As Per 15g,75kcal,313.8kJ,,9g,3g,3g,,,Biscuit,Solid,Food,Cocoa,,,,,,
3859,Yego Shortcake Biscuits 48X200Gm,Pack size : 200g,KES130.00(Inc. VAT),Average Nutritional Value As Per 100g,468.5 Kcal,489.528kJ,6.49g,77.2g,,13.42g,,,Biscuits,Solid,Breakfast & Snacks,,,,,,,
3860,Treatos Ginger Cookies 100gm,Pack size : 100gms,,,477.89Kcal,,12.3gm,58.4gm,,22.75gm,2.8gm,,,,,,,2.8gm,,,,
3861,Treatos Ginger Cookies 100gm,Pack size : 100gms,,,477.89Kcal,,12.3gm,58.4gm,,22.75gm,2.8gm,,,,,,,2.8gm,,,,
3862,Treatos Digestive Biscuits 170G,Pack size : 170g,,100g,424Kcal,1780Kj,9.03g,64.12g,18.25g,20.44g,0.79g,0.19mg,Food,Solid,Digestive Biscuits,,No Additives,0.19g,"Crunchy, Delightful. Yummy",,Ready to eat,
3863,Golden Digestive High Fiber Biscuits 200g,Pack size : 200g,KES159.00(Inc. VAT),Average Nutritional Value As Per 100g,495kcal,2071kj,6g,67g,16g,12g,3g,270mg,,,,,,,,,,
3864,Ubisco Digestive Biscuits 175g,Pack size : 175g,KES147.00(Inc. VAT),Average Nutritional Value As Per 1 Biscuit,71kcal,297.064kJ,1g,9g,2g,3g,,,Biscuits,Solid,Food,,,,,,,
3865,Britannia Digestive Biscuits 200G,,KES167.00(Inc. VAT),Nutrition information as per 100g,476 Kcal,1991 Kj,7 g,58 g,15 g,24g,,550mg,,,,,No Additives,0g,"Zero % transfat ,Whole wheat flour for digestive health  No added artificial colors",,,
3866,Manji Digestive Biscuit 200g,Pack size : 200g,,Average Nutritional Value As Per 30g,459kcal,1920.46kJ,5g,72g,,17g,,,Biscuit,Solid,Food,,,,,,,
3867,Nuvita Digestive Biscuits 200G,Pack size : 200g,,Average Nutritional Value As Per 100g,560kcal,2343.04kJ,,64g,19g,17g,,,Biscuit,Solid,Food,,,,,,,
3868,NuVita Oat Digestive Biscuit 200g,Pack size : 200g,KES198.00(Inc. VAT),Average Nutritional Value As Per 100g,579kcal,2422.54kJ,8g,58g,19g,23g,,,Digestive Biscuit,Solid,Food,Oat,,,,,,
3869,Yego Digestive Biscuits 24X200G,Pack size : 200g,KES185.00(Inc. VAT),Average Nutritional Value As Per 100g,424.4 Kcal,489.528kJ,6.1g,68.3g,,15.2g,,,Biscuits,Solid,Breakfast & Snacks,,,,,,,
3870,Nuvita Sugerfree Digestive Biscuits200G,Pack size : 200G,KES225.00(Inc. VAT),Average Nutritional Value As Per 30g,140kcal,585.76kJ,2g,17g,,7g,,,Biscuit,Solid,Food,,,,,,,
3871,GOLDEN BUTTER COOKIES 200G,Pack size : 200g,KES199.00(Inc. VAT),Average Nutritional Value As Per 34g,180kcal,753.12kJ,2g,23g,,9g,,,Cookies,Solid,Food,,,,,,,
3872,Golden Cashew Cookies 200g,Pack size : 200g,KES199.00(Inc. VAT),,,,,,,,,,,,,,,,,,,
3873,Golden Peanut Cookies 200g,Pack size : 200g,KES199.00(Inc. VAT),,,,,,,,,,,,,,,,,,,
3874,Golden Choco Chips Cookies 200g,Pack size : 200g,KES199.00(Inc. VAT),,,,,,,,,,,,,,,,,,,
3875,Golden Coconut Cookies 200g,Pack size : 200g,KES199.00(Inc. VAT),,,,,,,,,,,,,,,,,,,
3876,NuVita Oats Digestive Chocolate Coated Biscuits 200G,Pack size : 200g,KES270.00(Inc. VAT),Average Nutritional Value As Per 100g,579kcal,2422.54kJ,8g,58g,19g,23g,2g,0mg,Biscuits,Solid,Food,Cocoa,,0g,,,,
3877,NuVita Digestive Chocolate Coated Biscuits 200G,Pack size : 200g,,Average Nutritional Value As Per 100g,430kcal,1799.12kJ,6g,0g,0g,24g,0g,0mg,Biscuits,Solid,Food,Cocoa,,0g,,,,
3878,Golden Digestive Classic Biscuits 400g,Pack size : 400g,KES279.00(Inc. VAT),Average Nutritional Value As Per 100g,495kcal,2071kj,6g,67g,16g,12g,3g,270mg,,,,,,,,,,
3879,McVitie's Digestive Biscuit 250g,Pack size : 250g,,Average Nutritional Value As Per 100g,481kcal,2012.5kJ,7g,62g,16g,21g,,,Biscuit,Solid,Food,,,,,,,
3880,Manji Chocolate Digestive Biscuit 150g,Pack size : 150g,KES275.00(Inc. VAT),Average Nutritional Value As Per 30g,459kcal,1920.46kJ,5g,72g,,17g,,,Digestive Biscuit,Solid,Food,Cocoa,,,,,,
3881,Treatos Ginger Cookies 200gm,Pack size : 200gm,,,477.89Kcal,,12.3gm,58.4gm,,22.75gm,2.8gm,,,,,,,2.8gm,,,,
3882,Treatos Coconut Cookies 200gm,Pack size : 200gm,,,500.4367KCal,,6.99gm,59.98gm,,26.73gm,2.16gm,,,,,,,2.16gm,,,,
3883,Nuvita Digestive Biscuits 400G,Pack size : 400g,KES324.00(Inc. VAT),Average Nutritional Value As Per 100g,560kcal,2343.04kJ,,64g,19g,17g,,,Biscuit,Solid,Food,,,,,,,
3884,Treatos Digestive Bicscuits 420G,Pack size : 420g,,100g,424Kcal,1780Kj,9.03g,64.12g,18.25g,20.44g,0.79g,0.19mg,Food,Solid,Digestive Biscuits,,No Additives,0.19g,"Crunchy, Delightful. Yummy",,Ready to eat,
3885,Tiffany Natural Wheat Digestive Biscuit 250g,Pack size : 250g,KES290.00(Inc. VAT),Average Nutritional Value As Per 100g,436kcal,1824.22kJ,72g,66g,21g,171g,,474mg,Digestive Biscuit,Solid,Food,,,,,,,
3886,McVitie's Light Digestive Biscuit 250g,Pack size : 250g,,Average Nutritional Value As Per 15g,66kcal,276.144kJ,1g,10g,3g,2g,,,Biscuit,Solid,Food,,,,,,,
3887,Sunveat Oat And Honey Digestive Biscuit 400g,Pack size : 400g,KES325.00(Inc. VAT),Average Nutritional Value As Per 100g,470kcal,1966.48kJ,9g,68g,,17g,,,Digestive Biscuit,Solid,Food,Oat And Honey,,,,,,
3888,Sunveat Ginger Nuts Biscuit 60 Pieces,Pack size : 60 Pieces,KES330.00(Inc. VAT),Average Nutritional Value As Per 100g,461kcal,1928.82kJ,5g,71g,28g,16g,,370mg,Biscuit,Solid,Food,Ginger Nut,,,,,,
3889,Manji Digestive Biscuit 450g,Pack size : 450g,KES357.00(Inc. VAT),Average Nutritional Value As Per 30g,459kcal,1920.46kJ,5g,72g,,17g,,,Biscuit,Solid,Food,,,,,,,
3890,NuVita Oat Digestive Biscuit 400g,Pack size : 400g,,Average Nutritional Value As Per 100g,579kcal,2422.54kJ,8g,58g,19g,23g,,,Digestive Biscuit,Solid,Food,Oat,,,,,,
3891,McVitie's Digestive Wheat Biscuit 400g,Pack size : 400g,,Average Nutritional Value As Per 100g,481kcal,2012.5kJ,7g,62g,16g,21g,,534mg,Biscuit,Solid,Food,,,,,,,
3892,McVitie's Digestive Dark Chocolate Biscuit 200g,Pack size : 200g,,Average Nutritional Value As Per 100g,496kcal,2075.26kJ,4g,40g,17g,16g,,198mg,Biscuit,Solid,Food,Cocoa,,,,,,
3893,Sunveat Ginger Nut Biscuit 800g,Pack size : 800g,KES499.00(Inc. VAT),Average Nutritional Value As Per 100g,461kcal,1928.82kJ,5g,71g,28g,16g,,370mg,Biscuit,Solid,Food,Ginger Nut,,,,,,
3894,Sunveat Digestive Biscuit 800g,Pack size : 800g,KES499.00(Inc. VAT),Average Nutritional Value As Per 100g,470kcal,1966.48kJ,9g,65g,,19g,,,Biscuit,Solid,Food,,,,,,,
3895,Golden High Fibre Digestive Biscuit 1kg,Pack size : 1Kg,KES489.00(Inc. VAT),Average Nutritional Value As Per 100g,495kcal,2071.08kJ,6g,67g,16g,12g,,270mg,Biscuit,Solid,Food,,,,,,,
3896,Sunveat Oat & Honey Digestive Biscuit 800g,Pack size : 800g,KES499.00(Inc. VAT),Average Nutritional Value As Per 100g,470kcal,1966.48kJ,9g,68g,,17g,,,Digestive Biscuit,Solid,Food,Oat And Honey,,,,,,
3897,NuVita Digestive Biscuits 1Kg,Pack size : 1kg,,Average Nutritional Value As Per 100g,560kcal,2343.04kJ,0g,64g,19g,17g,2g,0mg,Biscuits,Solid,Food,,,0g,,,,
3898,MANJI BISCUITS CLASSIC COMBO 1K,Pack size : 1kg,KES650.00(Inc. VAT),Average Nutritional Value As Per 25g,117kcal,489.528kJ,2g,17g,,4g,,,Biscuit,Solid,Food,,,,,,,
3899,MANJI BISCUITS DIGESTIVE JAR 1KG,Pack size : 1Kg,KES630.00(Inc. VAT),Average Nutritional Value As Per 100g,459kcal,1920.46kJ,5g,72g,,17g,,,Biscuit,Solid,Food,Wheat,,,,,,
3900,Mcvities Dark Cookie Cream Chocolate 40.4G,Pack size : 40.4g,,,,,,,,,,,,,Biscuits,Chocolate,,,,,,
3901,Mcvities Dark Cookie Cream Orange 40.4G,Pack size : 40.4g,,,,,,,,,,,,,Biscuits,Orange,,,,,,
3902,Mcvities Dark Cookie Cream Chocolate 40.4G,Pack size : 40.4g,,,,,,,,,,,,,Biscuits,Chocolate,,,,,,
3903,Nutri Delights Mini Rainbow Cookies30G,Pack size : 30g,KES45.00(Inc. VAT),,,,,,,,,,,,,,,,"Carbohydrates, Sugars",,,
3904,Nutri Delights Mini Tchip Cookie 30G,,KES45.00(Inc. VAT),,,,,,,,,,,,,,,,,,,
3905,Nutri Delights Red Velvet Chocolate Chip Cookies 100g,Pack size : 100g,KES110.00(Inc. VAT),Average Nutritional Value As Per 48g,250kcal,1046kJ,3g,35g,21g,12g,1g,125mg,Chocolate Chip Cookies,Solid,Food,Red Velvet Chocolate Chip,,,,,,
3906,Nutri Delights C.Chip Cookies 100G,Pack size : 100g,KES110.00(Inc. VAT),Average Nutritional Value As Per 100g,497kcal,2081kJ,5.5g,64g,33g,12g,3.3g,,Cookies,Solid,Food,Cocoa,,0.74g,,,,
3907,Mcvities Sandwich Biscuits Dark Chocolate 112G,Pack size : 112g,,,,,,,,,,,,,Biscuit,Chocolate,,,,,,
3908,Mcvities Sandwich Biscuits Chocolate Vanilla 112G,Pack size : 112g,,,,,,,,,,,,,Biscuit,Vanilla,,,,,,
3909,Treatos Choco- chip Cookies 100gms,Pack size : 100gms,,,510.4267Kcal,,4.77gm,64.0933gm,,26.1gm,2.08gm,,,,,,,2.08gm,,,,
3910,FAYAZ CHOC CHIP COOKIES 200G,Pack size : 200g,KES180.00(Inc. VAT),Average Nutritional Value As Per 100g,488kcal,2041kJ,5g,58g,0g,28g,2g,364mg,Chocolate Chip,Solid,,Chocolate,,,,,,
3911,Nutri Delight Gluten Free Original Chip Chip Cookies 100G,Pack size : 100g,KES180.00(Inc. VAT),Average Nutritional Value As Per 100g,,,18.62g,30.34g,11.17g,14.97g,4.2g,377mg,Food,Solid,Cookies,,No additives,,,,,
3912,Java House Chocolate Chip Cookies 90g,Pack size : 90g,KES199.00(Inc. VAT),,,,,,,,,,,,,,,,,,,
3913,Nutri Delight Gluten Free Protein Packed Chocolate Chip Cookies 100G,Pack size : 100g,KES200.00(Inc. VAT),Average Nutritional Value As Per 100g,,,18.62g,30.34g,11.17g,14.97g,4.2g,377mg,Food,,Cookies,,No additives,,,,,
3914,Oreo Dark And White Chocolate Sandwich Cookies 123.5g,Pack size : 123.5g,KES216.00(Inc. VAT),Average Nutritional Value As Per 100g,140kcal,585.76kJ,1g,21g,11g,6g,1g,150mg,Cookies,Solid,Food,"Dark, White Chocolate.",,,,,,
3915,Britannia Good Day Chocochip Cookies 120g x 24 Pieces,Pack size : 120g x 24 Pieces,KES216.00(Inc. VAT),Average Nutritional Value As Per 100g,500kcal,"2,092kJ",6.061g,69.697g,30.303g,21.212g,0g,0mg,Cookies,Solid,Food,Cocoa,,0.72g,,,,
3916,Tiffany Delights Chocolate Chips Cookies 90g,Pack size : 90g,KES280.00(Inc. VAT),Average Nutritional Value As Per Serving,169kcal,707kJ,2.0g,22.1g,10.9g,8.1g,0.5g,92mg,Cookies,Solid,Food,Cocoa,,,,,,
3917,Britannia Good Day Chocolate Chip Cookies 125g,Pack size : 125g,KES334.00(Inc. VAT),Average Nutritional Value As Per 100g,461kcal,1928.82kJ,5g,68g,32g,18g,,,Cookies,Solid,Food,,,,,,,
3918,Treatos Choco-chip Cookies 200gm,Pack size : 200gm,,,510.4267Kcal,,4.77gm,64.0933gm,,26.1gm,2.08gm,,,,,,,2.08gm,,,,
3919,Naara Chocolate Oatmeal Cookies 250g,Pack size : 250g,KES385.00(Inc. VAT),Average Nutritional Value As Per 27g,121kcal,506.264kJ,1.4g,16g,9.9g,6g,0.8g,84mg,Oatmeal Cookies,Solid,Food,Chocolate,,,,,,
3920,JAVA CINNAMON COOKIES 300GR,Pack size : 300g,KES479.00(Inc. VAT),Average Nutritional Value As Per 10g,35kcal,146kJ,1g,4g,3g,1g,0g,,Cookies,Solid,Food,,,,,,,
3921,Java House Chocolate Chip Cookies 300g,Pack size : 300g,KES599.00(Inc. VAT),Average Nutritional Value As Per 100g,214kcal,895.37kJ,2.8g,5g,4g,2.6g,,,Cookies,Solid,Food,Chocolate,,,,,,
3922,DIABLO NAS CH CHIP&CBRY COOKIE135G,,KES799.00(Inc. VAT),,,,,,,,,,,,,,,,,,,
3923,DIABLO NAS CH CHIP&CBRY COOKIE135G,,KES799.00(Inc. VAT),,,,,,,,,,,,,,,,,,,
3924,DIABLO NAS CH CHIP&CBRY COOKIE135G,,KES799.00(Inc. VAT),,,,,,,,,,,,,,,,,,,
3925,NuVita Chocolate Cookies 100g,Pack size : 100g,KES72.00(Inc. VAT),Average Nutritional Value As Per 100g,500kcal,2092kJ,8g,68g,,21g,,,Cookies,Solid,Food,Cocoa,,,,,,
3926,NuVita Apple & Cinnamon Cookies 100g,Pack size : 100g,KES72.00(Inc. VAT),Average Nutritional Value As Per 1g,490kcal,2050.16kJ,7g,70g,17g,19g,,,Cookies,Solid,Food,"Apple, Cinnamon",,,,,,
3927,NuVita Coconut Cookies 100g,Pack size : 100g,KES72.00(Inc. VAT),Average Nutritional Value As Per 1 Cookie,90kcal,376.56kJ,5g,9g,4g,1g,,,Cookies,Solid,Food,Coconut,,,,,,
3928,NuVita Butter Cookies 100g,Pack size : 100g,KES72.00(Inc. VAT),Average Nutritional Value As Per 100g,495kcal,2071.08kJ,8g,68g,,21g,,,Cookies,Solid,Food,,,,,,,
3929,NuVita Cashew Nuts Cookies 100g,Pack size : 100g,KES72.00(Inc. VAT),Average Nutritional Value As Per 1 Cookie,90kcal,376.56kJ,,10g,4g,5g,1g,30mg,Cookies,Solid,Food,Cashew,,,,,,
3930,NuVita Chocolate Chips Cookies 100g,Pack size : 100g,KES72.00(Inc. VAT),Average Nutritional Value As Per 15g,70kcal,292.88kJ,4g,9g,8g,1g,,10mg,Cookies,Solid,Food,Cocoa,,,,,,
3931,Josh Ginger Honey Cookies 65g,,KES81.00(Inc. VAT),,,,,,,,,,,,,,,,,,,
3932,Josh Coconut Cookies 65g,,KES83.00(Inc. VAT),,,,,,,,,,,,,,,,,,,
3933,Nutro Good Day Cashew Cookies 75g,Pack size : 75g,KES85.00(Inc. VAT),Average Nutritional Value As Per 1 Cookie,90kcal,376.56kJ,,10g,4g,5g,1g,30mg,Cookies,Solid,Food,Cashew,,,,,,
3934,Josh Double Chocolate Cookies 65g,,KES94.00(Inc. VAT),,,,,,,,,,,,,,,,,,,
3935,Josh Butter Cashew Cookies 65g,,KES94.00(Inc. VAT),,,,,,,,,,,,,,,,,,,
3936,Sunveat Mixed Nut Cookies 100g,Pack size : 100g,KES99.00(Inc. VAT),Average Nutritional Value As Per 100g,446kcal,1866.064kJ,4g,78g,,12g,3g,288mg,Cookies,Solid,Food,,,,,,,
3937,Sunveat Cashew Cookies 100g,Pack size : 100g,KES99.00(Inc. VAT),Average Nutritional Value As Per 1 Cookie,90kcal,376.56kJ,,10g,4g,5g,1g,30mg,Cookies,Solid,Food,Cashew,,,,,,
3938,Sunveat Butter Cookies 100g,Pack size : 100g,KES99.00(Inc. VAT),Average Nutritional Value As Per 100g,495kcal,2071.08kJ,8g,68g,,21g,,,Cookies,Solid,Food,,,,,,,
3939,Tiffany Bites Pistachio 72G,,KES100.00(Inc. VAT),,,,,,,,,,,,,,,,,,,
3940,Tiffany Bites Cashew 72G,,KES100.00(Inc. VAT),,,,,,,,,,,,,,,,,,,
3941,GOURMET SAFARI COOKIES S/PACK30G,Pack size : 30g,KES115.00(Inc. VAT),Average Nutritional Value As Per Serving,65kcal,271.96kJ,,4g,,5g,1g,59mg,Cookies,Solid,Baby Food,,,,,,,
3942,Josh Milk Cookies 85g,Pack size : 85g,KES120.00(Inc. VAT),Average Nutritional Value As Per 100g,472kcal,1975kJ,7.80g,72.00g,26.50g,17.00g,0.0g,0mg,Cookies,Solid,Food,,,,,,,
3943,Josh Orange Chocolate Cookies 85G,Pack size : 85g,KES125.00(Inc. VAT),Average Nutritional Value As Per 100g,465kcal,1945.56kJ,6.7g,71.3g,,17g,1.87g,,Cookies,Solid,Food,"Orange, Chocolate",,,,,,
3944,Josh Orange Chocolate Cookies 85G,Pack size : 85g,KES125.00(Inc. VAT),Average Nutritional Value As Per 100g,465kcal,1945.56kJ,6.7g,71.3g,,17g,1.87g,,Cookies,Solid,Food,"Orange, Chocolate",,,,,,
3945,NUVITA OAT & RAISIN COOKIES 200G,Pack size : 200g,KES297.00(Inc. VAT),Average Nutritional Value As Per 100g,419kcal,1753.1kJ,7.1g,70.5g,22g,12.1g,3.5g,,Biscuits,Solid,Food,,,,,,,
3946,Treatos Butter Cookies 100gm,Pack size : 100gms,,,507.1033KCal,,11.616gm,56.0633gm,,27.45gm,1.09gm,,,,,,,1.09gm,,,,
3947,Manji Strawberry Cream Biscuits 160g,Pack size : 160g,KES170.00(Inc. VAT),Average Nutritional Value As Per 2 Biscuit,161kcal,673.624kJ,1g,24g,,6g,,109mg,Biscuits,Solid,Food,Strawberry,,,,,,
3948,Manji Orange Cream Biscuit 160g,Pack size : 160g,KES170.00(Inc. VAT),Average Nutritional Value As Per 100g,69kcal,282kJ,0g,11g,0g,2g,0g,0mg,Biscuit,Solid,Food,Orange,,0g,,,,
3949,Manji Chocolate Cream Biscuits 160g,Pack size : 160g,KES170.00(Inc. VAT),Average Nutritional Value As Per 1 Piece,139kcal,581.576kJ,1g,22g,22g,4g,,,Biscuits,Solid,Food,Cocoa,,,,,,
3950,Manji Custard Cream Biscuits 160g,Pack size : 160g,KES170.00(Inc. VAT),Average Nutritional Value As Per 100g,588kcal,2460.192kJ,6g,68g,,19g,,,Biscuits,Solid,Food,Custard,,,,,,
3951,Manji Pineapple Cream Biscuits 160g,Pack size : 160g,KES170.00(Inc. VAT),Average Nutritional Value As Per 125g,500kcal,2092kJ,8g,64g,,23g,,,Biscuits,Solid,Food,Pineapple,,,,,,
3952,JAVA GINGER LEMON COOKIES 90G,Pack size : 90g,KES179.00(Inc. VAT),Average Nutritional Value As Per 100g,510kcal,2133kJ,7.75g,61.07g,19.07g,26.16g,0.93g,,Cookies,Solid,Food,Ginger Lemon,,,,,,
3953,FAYAZ COCONUT COOKIES 200G,Pack size : 200g,KES180.00(Inc. VAT),Average Nutritional Value As Per 100g,488kcal,2041kJ,5g,58g,,28g,2g,361mg,Coconut Cookies,Solid,,Coconut,,,,,,
3954,FAYAZ BUTTER CHOC COOKIES 200G,Pack size : 200g,KES180.00(Inc. VAT),Average Nutritional Value As Per 100g,414kcal,1732.18kJ,3g,69g,48g,17g,0g,155mg,Cookies,Solid,Food,Chocolate,,,,,,
3955,NUVITA GRANDMA'S HOMEMADE COOKI200G,Pack size : 200g,KES243.00(Inc. VAT),Average Nutritional Value As Per 100g,458kcal,1916kJ,8g,21g,,17g,,,Cookies,Solid,Food,,,,,,,
3956,Manji Assorted Cream Biscuits 160g,Pack size : 160g,KES190.00(Inc. VAT),Average Nutritional Value As Per 125g,500kcal,2092kJ,8g,64g,,23g,,,Biscuits,Solid,Food,,,,,,,
3957,Java House Pinacolada Eggless Cookies 90g,Pack size : 90g,KES199.00(Inc. VAT),Average Nutritional Value As Per Serving,113kcal,472.792kJ,1.1g,13.4g,,6.2g,0.6g,53.2mg,Cookies,Solid,Food,,,,,,,
3958,Nuttishland Macadamia Cookies 65G,Pack size : 65g,KES210.00(Inc. VAT),Average Nutritional Value As Per 100g,480.59Kcal,,26.31g,53.63g,20.36g,26.31g,2.15g,,,,,,,,,,,
3959,Britannia Good Day Cashew Cookies 231g x 24 Pieces,Pack size : 231g x 24 Pieces,KES216.00(Inc. VAT),Average Nutritional Value As Per 100g,514kcal,"2,154kJ",5.882g,67.647g,22.059g,23.529g,0g,0mg,Cookies,Solid,Food,Cashew,,0.588g,,,,
3960,Bakers Eet Sum Mor Shortbread Biscuits 80g,Pack size : 80g,KES225.00(Inc. VAT),Average Nutritional Value As Per 27g,142kcal,594.128kJ,1g,15g,3g,8g,,138mg,Biscuits,Solid,Food,,,,,,,
3961,Java House Oats and Raisins Cookies 90g,Pack size : 90g,KES229.00(Inc. VAT),Average Nutritional Value As Per 90g,445kcal,1861kJ,6g,52g,15g,23g,0g,,Cookies,Solid,Food,Oats and Raisins,,,,,,
3962,JAVA MACADAMIA NUT COOKIE 90G,Pack size : 90g,KES229.00(Inc. VAT),Average Nutritional Value As Per 300g,480kcal,2008kJ,26g,53g,,26g,,,Cookies,Solid,Food,Macadamia,,,,,,
3963,Manji Cookies Fairyland Chips 200G,Pack size : 200g,KES265.00(Inc. VAT),Average Nutritional Value As Per 100g,459kcal,1920.456kJ,5g,64g,,27g,,,Cookies,Solid,Food,Cocoa,,,,,,
3964,Manji Pure Butter Almond Cookies 150g,Pack size : 150g,KES240.00(Inc. VAT),Average Nutritional Value As Per 150g,430kcal,1799.12kJ,,77g,,16g,6g,,Cookies,Solid,Food,Almond,,,,,,
3965,Wots Home Made Oats Cookies 200g,Pack size : 200g,KES278.00(Inc. VAT),Average Nutritional Value As Per 1 Cookie,60kcal,251.04kJ,3g,20g,2g,2g,1g,38mg,Cookies,Solid,Food,,,,,,,
3966,NuVita Flap Jacks Original Oat Bakes Cookies 200g,,,,,,,,,,,,,,,,,,,,,
3967,Josh Ginger Honey Cookies 300G,,,,,,,,,,,,,,,,,,,,,
3968,BERGEN CHOCO CHIP HAZELNUT COOK135G,Pack size : 135g,KES315.00(Inc. VAT),Average Nutritional Value As Per 100g,504kcal,2109kJ,6.0g,60g,28g,26.5g,0g,0mg,Cookies,Solid,Food,Hazelnuts,,,,,,
3969,Bergen Oat With Sesame Cookies 135g,Pack size : 135g,KES315.00(Inc. VAT),Average Nutritional Value As Per 100g,512kcal,2142.208kJ,5g,62g,37g,26g,3g,240mg,Cookies,Solid,Food,"Oat, Sesame",,,,,,
3970,Bergen White Chocolate & Cranberry Cookies 135g,Pack size : 135g,KES315.00(Inc. VAT),Average Nutritional Value As Per 100g,480kcal,2008.32kJ,4g,64g,44g,24g,2g,240mg,Cookies,Solid,Food,"Cocoa, Cranberry",,,,,,
3971,BERGEN OBS.CARAMEL&COCONUT COOK140G,Pack size : 140g,KES315.00(Inc. VAT),Average Nutritional Value As Per 100g,469kcal,1962kJ,6g,66g,42g,20g,0g,180mg,Biscuit,Solid,Food,Coconut,,,,,,
3972,Bergen Brownie Chocolate Fudge Cookies 126g,Pack size : 126g,KES315.00(Inc. VAT),Average Nutritional Value As Per 22g,99kcal,414.216kJ,1g,14g,8g,4g,,,Cookies,Solid,Food,"Cocoa, Fudge",,,,,,
3973,BERGEN 3 X CHOCO COOKIES 135G,Pack size : 135g,KES315.00(Inc. VAT),Average Nutritional Value As Per 18g,94kcal,393kJ,1g,10g,6g,5g,0g,90mg,Cookies,Solid,Food,Choco,,,,,,
3974,Bergen Oat With Sesame Cookies 135g,Pack size : 135g,KES315.00(Inc. VAT),Average Nutritional Value As Per 100g,512kcal,2142.208kJ,5g,62g,37g,26g,3g,240mg,Cookies,Solid,Food,"Oat, Sesame",,,,,,
3975,Bergen White Chocolate & Cranberry Cookies 135g,Pack size : 135g,KES315.00(Inc. VAT),Average Nutritional Value As Per 100g,480kcal,2008.32kJ,4g,64g,44g,24g,2g,240mg,Cookies,Solid,Food,"Cocoa, Cranberry",,,,,,
3976,Wots Coconut Cookies 175g,Pack size : 175g,KES317.00(Inc. VAT),Average Nutritional Value As Per 100g,100kcal,418.4kJ,1g,10g,3g,7g,1g,5mg,Cookies,Solid,Food,Coconut,,,,,,
3977,Wots Custard Cookies 200g,Pack size : 200g,KES317.00(Inc. VAT),Average Nutritional Value As Per 100g,170kcal,711.28kJ,1g,27g,10g,7g,1g,40mg,Cookies,Solid,Food,Custard,,,,,,
3978,Wots Home Made Cashewnut Cookies 200g,Pack size : 200g,KES317.00(Inc. VAT),Average Nutritional Value As Per 100g,370kcal,1548.08kJ,5g,36g,0g,23g,1g,80mg,Cookies,Solid,Food,Cashewnut,,,,,,
3979,Nuvita Flap Jacks Oat Bakes Sugar Free200G,Pack size : 200G,,,58g,19g,579kcal,Average Nutritional Value As Per 100g,2g,0mg,,,Food,,8g,2422.54kJ,Solid,,,,,
3980,Treatos Butter Cookies 200gm,Pack size : 200gm,,,507.1033KCal,,11.616gm,56.0633gm,,27.45gm,1.09gm,,,,,,,1.09gm,,,,
3981,NuVita Flap Jacks Oat Bakes Chocolate Coated 200 gr,Pack size : 200 gr,,,,,,,,,,,,,,,,,,,,
3982,Josh Coconut Cookies 300G,,,,,,,,,,,,,,,,,,,,,
3983,Josh Butter Cashew Cookies 300G,,,,,,,,,,,,,,,,,,,,,
3984,Josh Double Chocolate Cookies 300G,Pack size : 300g,,Average Nutritional Value As Per 100g,482kcal,2016.69kJ,6g,65g,38g,22g,2g,268mg,Cookies,Solid,Food,Cocoa,,,,,,
3985,Java House Love Cookies 300g,Pack size : 300g,,Average Nutritional Value As Per 90g,445kcal,1861.88kJ,,52g,15g,23g,6g,,Cookies,Solid,Food,,,,,,,
3986,Manji Ginger Cookies 500g,Pack size : 500g,KES400.00(Inc. VAT),Average Nutritional Value As Per Piece,36kcal,147kJ,0g,6g,0g,0g,0g,0mg,Cookies,Solid,Food,Ginger,,0g,,,,
3987,Manji Coconut Cookies 500g,Pack size : 500g,KES400.00(Inc. VAT),Average Nutritional Value As Per 1 Cookie,90kcal,376.56kJ,,9g,4g,1g,5g,,Cookies,Solid,Food,Coconut,,,,,,
3988,C&R Home Made Jam Coconut Cookies 350g,Pack size : 350g,KES433.00(Inc. VAT),Average Nutritional Value As Per Serving,41kcal,171.544kJ,,8g,,,,13mg,Cookies,Solid,Food,Coconut,,,,,,
3989,C&R Home Made Oats Cookies 350g,Pack size : 350g,KES433.00(Inc. VAT),Average Nutritional Value As Per Serving,41kcal,171.544kJ,,8g,,,,13mg,Cookies,Solid,Food,Oats,,,,,,
3990,Mac Andrews Chocolate Chip And Hazelnut Cookies 150g,Pack size : 150g,KES435.00(Inc. VAT),Average Nutritional Value As Per 100g,457kcal,1912.09kJ,5g,60g,38g,23g,4g,27mg,Cookies,Solid,Food,Chocolate Chip And Hazelnut,,,,,,
3991,BERGEN S/FREE HAZELNUT COOKIES 150G,Pack size : 150g,KES435.00(Inc. VAT),Average Nutritional Value As Per 100g,498kcal,2084kJ,8.2g,62.2g,3g,23.5g,0g,0mg,Cookies,Solid,Food,Hazelnuts,,,,,,
3992,Honeycomb Cardamom Cookies 400G,Pack size : 400g,KES440.00(Inc. VAT),Average Nutritional Value As Per 100g,400Kcal,1673kJ,10g,90g,25g,22.5g,10g,50mg,Cookies,Solid,Food,Cardamom,,,,,,
3993,Manji Butter Cashew Cookies 450g,Pack size : 450g,KES470.00(Inc. VAT),Average Nutritional Value As Per 1 Cookie,90kcal,376.56kJ,1g,10g,4g,5g,,30mg,Cookies,Solid,Food,Cashew,,,,,,
3994,Ubisco Butter Biscuits 1Kg,Pack size : 1Kg,KES562.00(Inc. VAT),Average Nutritional Value As Per 1 Biscuit,26kcal,108.784kJ,,4g,,,,,Biscuits,Solid,Food,,,,,,,
3995,Java House Ginger Lemon Cookies 300g,Pack size : 300g,KES479.00(Inc. VAT),Average Nutritional Values As Per 100g,510kcal,2136kj,7.75g,61.07g,19.07g,26.16g,0.93g,,,,,,,,,,,
3996,C&R Home Made Cashew-nut Cookies 350g,Pack size : 350g,KES495.00(Inc. VAT),Average Nutritional Value As Per Serving,41kcal,171.544kJ,,8g,,,,13mg,Cookies,Solid,Food,Cashewnut,,,,,,
3997,C&R Home Made Cashew-nut Cookies 350g,Pack size : 350g,KES495.00(Inc. VAT),Average Nutritional Value As Per Serving,41kcal,171.544kJ,,8g,,,,13mg,Cookies,Solid,Food,Cashewnut,,,,,,
3998,Manji Chocolate Chips Cookies 500g,Pack size : 500g,KES500.00(Inc. VAT),Average Nutritional Value As Per 15g,70kcal,292.88kJ,,9g,8g,1g,4g,10mg,Cookies,Solid,Food,Cocoa,,,,,,
3999,Nuttish Land Macadamia Cookies 300G,Pack size : 300g,KES549.00(Inc. VAT),Average quantity per 100g,480.59Kcal,669.4kJ,26.31g,53.63g,20.36g,12.36g,2.15g,,Cookies,Solid,Food,,,,,,,
4000,Java House Oats And Raisins Cookies 300g,Pack size : 300g,KES549.00(Inc. VAT),Average Nutritional Value As Per 100g,470kcal,1966.48kJ,7.4g,64.6g,25.8g,20.2g,3.3g,143.7mg,Cookies,Solid,Food,"Oats, Raisins",,,,,,
4001,Java House Pinacolada Eggless Cookies 300g,Pack size : 300g,KES598.00(Inc. VAT),Average Nutritional Value As Per Serving,113kcal,472.792kJ,1.1g,13.4g,,6.2g,0.6g,53.2mg,Cookies,Solid,Food,,,,,,,
4002,Gourmet Safari Cookies Pack30g,Pack size : 30g,KES565.00(Inc. VAT),Average Nutritional Value As Per Serving,65kcal,271.96kJ,,4g,,5g,1g,59mg,Cookies,Solid,Food,,,,,,,
4003,Java House Pinacolada Eggless Cookies 300g,Pack size : 300g,KES598.00(Inc. VAT),Average Nutritional Value As Per Serving,113kcal,472.792kJ,1.1g,13.4g,,6.2g,0.6g,53.2mg,Cookies,Solid,Food,,,,,,,
4004,Nairn's Gluten Free Oats & Chocolate Chip Cookies 160g,Pack size : 160g,KES599.00(Inc. VAT),Average Nutritional Value As Per 100g,470kcal,1966.48kJ,7.6g,61.8g,22.7g,20.1g,5.5g,,Cookies,Solid,Food,"Cocoa, Oats",,,,,,
4005,Nairn's Gluten Free Oats & Chocolate Chip Cookies 160g,Pack size : 160g,KES599.00(Inc. VAT),Average Nutritional Value As Per 100g,470kcal,1966.48kJ,7.6g,61.8g,22.7g,20.1g,5.5g,,Cookies,Solid,Food,"Cocoa, Oats",,,,,,
4006,Java House Macadamia Nut Cookies 300g,Pack size : 300g,KES599.00(Inc. VAT),Average Nutritional values As Per 300g,480kcal,2008kj,26g,53g,,26g,,,,,,,,,,,,
4007,Tiffany Delight Butter Cookies 405g,Pack size : 405g,KES1450.00(Inc. VAT),Average Nutritional Value As Per 1 Pack,220kcal,920kJ,3g,25g,10g,12g,,,Cookies,Solid,Food,Butter,,,,,,
4008,Nutella Ferrero Cocoa And Hazelnut Spread 350g,Pack size : 350g,KES999.00(Inc. VAT),Average Nutritional Value As Per 100g,539kcal,2253.02kJ,6.3g,57.5g,56.3g,30.9g,,43mg,Spread,Paste,Frozen,"Cocoa, Hazelnut",,,,,,
4009,Nutella Ferrero Cocoa And Hazelnut Spread 750g,Pack size : 750g,KES1996.00(Inc. VAT),Average Nutritional Value As Per 100g,539kcal,2253.02kJ,6.3g,57.5g,56.3g,30.9g,,43mg,Spread,Paste,Frozen,"Cocoa, Hazelnut",,,,,,
4010,Nutella Ferrero Cocoa And Hazelnut Spread 180g,Pack size : 180g,KES615.00(Inc. VAT),Average Nutritional Value As Per 100g,539kcal,2253.02kJ,6.3g,57.5g,56.3g,30.9g,,43mg,Spread,Paste,Frozen,"Cocoa, Hazelnut",,,,,,
4011,Lyons Maid Chocotella Tub 500Gm,Pack size : 500g,KES750.00(Inc. VAT),Average Nutritional Value As Per 100g,77kcal,322.168kJ,2g,12g,,4g,,,Ice Cream,Cream,Food,Chocolate,,,,,,
4012,Dairyland Chocolate Spread 250g,Pack size : 250g,,Average Nutritional Value As Per 100g,549kcal,2294.82kJ,6.4g,52.6g,51.6g,34.2g,2.9g,50mg,Spread,Paste,Frozen,Chocolate,,,,,,
4013,Dairyland Chocolate Spread 650g,Pack size : 650g,KES850.00(Inc. VAT),Average Nutritional Value As Per 100g,539kcal,2255.18kJ,5g,58g,54g,33g,0g,46mg,Spread,Cream,Frozen,Chocolate,,,,,,
4014,Lyons Maid Chocomania Chocolate Spread 250g,Pack size : 250g,KES360.00(Inc. VAT),Average Nutritional Value As Per 100g,537kcal,2247kJ,5g,55.8g,54.9g,32.6g,,,Chocolate Spread,Paste,Food,Chocolate,,,,,,
4015,Lyons Maid Chocomania Chocolate Spread 500g,Pack size : 500g,KES595.00(Inc. VAT),Average Nutritional Value As Per 100g,537kcal,2247kJ,5g,55.8g,54.9g,32.6g,,,Chocolate Spread,Paste,Food,Chocolate,,,,,,
4016,Maltesers Spread 200G,Pack size : 200g,KES1269.00(Inc. VAT),,,,,,,,,,,,,,,,,,,
4017,Mars Galaxy Smooth Spread 200G,,KES1269.00(Inc. VAT),,,,,,,,,,,,,,,,,,,
4018,Lyons Maid Chocotella Tub 250Gm,Pack size : 250g,KES410.00(Inc. VAT),Average Nutritional Value As Per 100g,77kcal,322.168kJ,2g,12g,,4g,,,Ice Cream,Cream,Fresh & Frozen,Chocolate,,,,,,
4019,Mr Organic Dark Chocolate Spread 200G,Pack size : 200g,KES1499.00(Inc. VAT),,,,,,,,,,,,,,,,,,,
4020,Mars Twix Spread 200G,,KES1269.00(Inc. VAT),,,,,,,,,,,,,,,,,,,
4021,Jelly Pop Ready To Eat Blackcurrant Jelly 30g,Pack size : 30g,KES10.00(Inc. VAT),Average Nutritional Value As Per 100g,9kcal,37.656kJ,0g,1g,1g,0g,0g,350mg,Blackcurrant Jelly,Jelly,Food,Blackcurrant,,,,,,
4022,Candyland G.Jellies Sour Cola 26G,,KES35.00(Inc. VAT),,,,,,,,,,,,,,,,,,,
4023,Jelly Pop Ready To Eat Strawberry Jelly 30g,Pack size : 30g,KES10.00(Inc. VAT),Average Nutritional Value As Per 100g,9kcal,37.656kJ,0g,1g,1g,0g,0g,350mg,Strawberry Jelly,Jelly,Food,Strawberry,,,,,,
4024,JELIDO SOUR COLA JELLY 30G,,KES73.00(Inc. VAT),,,,,,,,,,,,,,,,,,,
4025,Festival Tropical Crystal Jelly 80G,,KES140.00(Inc. VAT),Average Nutritional Value As Per 100g,330.45Kcal,,0.09g,98.40g,91.0g,,,0.00008g,,Solid,Food,Tropical,,1.9g,Suitable for vegetarian,,,
4026,Festival Strawberry Crystal Jelly 80G,,KES140.00(Inc. VAT),Average Nutritional Value As Per 100g,330.45Kcal,,0.09g,98.40g,91.0g,,,0.00008g,,Solid,Food,Strawberry,,1.9g,Suitable for vegetarian,,,
4027,Papillion Jellino 150Gm,Pack size : 150g,KES280.00(Inc. VAT),Average Nutritional Value As Per 100g,341kcal,1428kJ,6.3g,78.35g,78g,0.3g,0g,,Candy,Solid,Food,Fruit,,0.021g,,,,
4028,JELLY TOTS ORIGINAL 41G,Pack size : 41g,KES150.00(Inc. VAT),Average Nutritional Value As Per 100g,273kcal,1142kJ,0.1g,68g,49.7g,0g,0g,45mg,Jelly,Solid,Food,,,,,,,
4029,Jelly Pop Ready To Eat Pineapple Jelly 65g,Pack size : 65g,KES195.00(Inc. VAT),Average Nutritional Value As Per 100g,9kcal,37.656kJ,0g,1g,1g,0g,0g,350mg,Pineapple Jelly,Jelly,Food,Pineapple,,,,,,
4030,Beacon Maynards Fruity Mini Enerjelly Teddies 75g,Pack size : 75g,KES240.00(Inc. VAT),,,,,,,,,,Enerjelly Teddies,Solid,Food,Fruity,,,,,,
4031,Zed Giant Fruit Jelly Beans 140g,Pack size : 140g,KES270.00(Inc. VAT),Average Nutritional Value As Per 100g,380kcal,1606g,0g,97g,74g,0g,,,Jelly Beans,Solid,Food,,,,,,,
4032,Fini Magic Carpet Jelly Candy 90g,Pack size : 90g,KES275.00(Inc. VAT),Average Nutritional Value As Per 100g,340kcal,1423kJ,1.8g,81g,54g,1g,,,Jelly Candy,Solid,Food,,,0.5g,,,,
4033,Fini Sour Laces Colour Shock Candy 90g,Pack size : 90g,KES275.00(Inc. VAT),Average Nutritional Value As Per 100g,338kcal,1437kJ,1.8g,81g,56g,0.8g,,,Fruit Candy,Solid,Food,,,0.5g,,,,
4034,Fini Jelly Sharks Candy 100g,Pack size : 100g,KES275.00(Inc. VAT),Average Nutritional Value As Per 100g,323kcal,1373kJ,6g,76g,52g,,,,Sharks Candy,Solid,Food,,,0.10g,,,,
4035,Fini Sour Worms Gummy Candy 90g,Pack size : 90g,KES275.00(Inc. VAT),Average Nutritional Value As Per 100g,323kcal,1351kJ,6g,76g,52g,0g,,,Gummy Candy,Solid,Food,,,0.1g,,,,
4036,Jake Jelly Mania Classic Mix Gummy Candy 100g,Pack size : 100g,,Average Nutritional Value As Per 100g,336kcal,1406kJ,4.1g,80g,62g,0g,,,Candy,Solid,Food,,,0.13g,,,,
4037,Cocon Lychee Jelly 300g,Pack size : 300g,KES307.00(Inc. VAT),Average Nutritional Value As Per 100g,15kcal,62.76kJ,0g,3g,3g,0g,0g,0mg,Jelly,Solid,Food,Lychee,,,,,,
4038,Chupa Chups Sour Mini Tubes Gummies 85.5g,Pack size : 85.5g,,Average Nutritional Value As Per 100g,362kcal,1514.61kJ,1.5g,84.1g,40g,1.85g,0.5g,40mg,Gummies,Solid,Food,,,,,,,
4039,Vidal Relle Nolas Strawberries 90G,,KES329.00(Inc. VAT),,,,,,,,,,,,,,,,,,,
4040,VIDAL JELLY MIX 100G,,KES329.00(Inc. VAT),,,,,,,,,,,,,,,,,,,
4041,Vidal Mega Jelly Mix Halal 100G,Pack size : 100g,KES329.00(Inc. VAT),Average Nutritional Value As Per 100g,341kcal,1427kJ,4.5g,79g,55g,0.2g,0g,,Gummi Candy,Solid,Food,,,0.13g,,,,
4042,Vidal Jelly Filled Strawberries100G,,KES329.00(Inc. VAT),,,,,,,,,,,,,,,,,,,
4043,Vidal Jelly Filled Pizzas Halal 100,,KES329.00(Inc. VAT),,,,,,,,,,,,,,,,,,,
4044,JELLY TOTS CRAZI BERRIES 100G,Pack size : 100g,KES330.00(Inc. VAT),Average Nutritional Value As Per 100g,351kcal,1470kJ,0g,87.90g,77.90g,0g,,73mg,Jelly,Solid,Food,Berrie,,,,,,
4045,Fini Mellows Taco Diana 80G,,KES385.00(Inc. VAT),,,,,,,,,,,,,,,,,,,
4046,Fini Black And Rberries Doypack 165G,,KES650.00(Inc. VAT),,,,,,,,,,,,,,,,,,,
4047,Fini Roller Crazy Fizz 80G,Pack size : 80g,KES495.00(Inc. VAT),,,,,,,,,,,,,,,,,,,
4048,Cocon Lychee Jelly 118g,Pack size : 118g,KES662.00(Inc. VAT),Average Nutritional Value As Per Portion,90kcal,376.56kJ,,22.0g,10.0g,0g,0g,25mg,Jelly,Jelly,Food,Lychee,,,,,,
4049,Papillion Jellino 750Gm,Pack size : 750g,KES1350.00(Inc. VAT),Average Nutritional Value As Per 100g,341kcal,1428kJ,6.3g,78.35g,78g,0.3g,0g,,Candy,Solid,Food,Fruit,,0.021g,,,,
4050,Carrefour Peach Acid Sweets Jelly 250g,Pack size : 250g,KES699.00(Inc. VAT),Average Nutritional Value As Per 100g,53.2kcal,222.5kJ,5.4g,14g,0.1g,0g,0.2g,6mg,Jelly,Jelly,Food,Peach,,,,,,
4051,Dr.Oetker Vege-Gel Sachet 3Pack 19.5G,Pack size : 19.5g,KES749.00(Inc. VAT),,,,,,,,,,,,,,,,,,,
4052,Nuvita Corn Puffs Cheese 20G,Pack size : 20g,KES27.00(Inc. VAT),,,,,,,,,,,,,,,,,,,
4053,Nuvita Corn Puffs Tomato Flavour 20G,Pack size : 20g,KES27.00(Inc. VAT),,,,,,,,,,,solid,,Tomato,,,,,,
4054,Norda Tamu Tamu Tomato Ketchup Corn Curls 30G,Pack size : 25G,KES29.00(Inc. VAT),Average Nutritional Value As Per 100g,445kcal,1861kJ,7g,69g,5g,15g,,627mg,Corn Curls,Solid,Food,Tomato Ketchup,,,,,,
4055,Norda Tamu Tamu Tutti Fruity Corn Curls 30G,Pack size : 25G,KES29.00(Inc. VAT),Average Nutritional Value As Per 100g,445kcal,1861kJ,6,67g,5g,15g,,625mg,Corn Curls,Solid,Food,Tutti Fruity,,,,,,
4056,Tropical Heat Potato Cirsps Chill Lemon 20G,Pack size : 20g,KES30.00(Inc. VAT),Average Nutritional Value As Per 100g,543Kcal,,5.2g,51.7g,,35.0g,3.5g,1.5g,,,,Chilli & Lemon,,,"Carbohydrates, Fats",,,
4057,Tropical Heat P.Crsp Salt/Vingr 20G,Pack size : 20g,KES30.00(Inc. VAT),Average Nutritional Value As Per 100g,546 Kcal,,5.3g,48.5g,,36.8g,3.9g,1.37g,,,,Salt & Vinegar,,,"Carbohydrates, Fats",,,
4058,Tropical Heat Potato Cirsps Chill Lemon 20G,Pack size : 20g,KES30.00(Inc. VAT),Average Nutritional Value As Per 100g,543Kcal,,5.2g,51.7g,,35.0g,3.5g,1.5g,,,,Chilli & Lemon,,,"Carbohydrates, Fats",,,
4059,Depys Cheese And Onion Potato Crisps 30G,Pack size : 30g,KES35.00(Inc. VAT),Average Nutritional Value As Per 100g,584kcal,2292.83kJ,4g,44g,,42g,4g,,Potato Crisps,Solid,Food,"Cheese, Onion",,,,,,
4060,Depys Salted Potato Crisps 30G,Pack size : 30g,KES35.00(Inc. VAT),Average Nutritional Value As Per 100g,470kcal,1966.48kJ,6g,63g,,20g,,1mg,Potato Crisps,Solid,Food,Salted,,8g,,,,
4061,Amigos Chilli Twists Pellets Potato 30g,Pack size : 30g,KES39.00(Inc. VAT),Average Nutritional Value As Per 100g,149kcal,623.416kJ,2.3g,18g,1.3g,7.7g,1g,184mg,Pellets Potato,Solid,Food,,,,,,,
4062,Amigos Design Chilli Pellets Chips 30G,Pack size : 30g,KES39.00(Inc. VAT),Average Nutritional Value As Per 100g,342kcal,1430kJ,10g,75g,,0.2g,,,Chips,Solid,Food,Chilli,,,,,,
4063,Amigos Design Salted Pellets Chips 30g,Pack size : 30g,KES39.00(Inc. VAT),Average Nutritional Value As Per 100g,554kcal,2317kJ,7g,51.7g,2.6g,35.5g,,510mg,Chips,Solid,Food,Potato,,,,,,
4064,Wots Fryums Cheese And Onion Spirals 25G,Pack size : 25g,KES40.00(Inc. VAT),Average Nutritional Value As Per 100g,537kcal,2146kJ,8g,55g,2.8g,28g,,510mg,Cheese And Onion Spirals,Solid,Food,"Cheese, Onion",,,,,,
4065,Wots Fryums Yummy Spiral Tomato 25G,Pack size : 25g,KES40.00(Inc. VAT),Average Nutritional Value As Per 100g,445kcal,1861kJ,7g,69g,5g,15g,,627mg,Spiral Tomato,Solid,Food,Tomato,,,,,,
4066,Tropical Heat Snacks Waves Potato Crisps Chilli Lemon 30G,Pack size : 30g,KES45.00(Inc. VAT),Average Nutritional Value As Per 100g,543Kcal,2262KJ,5.2g,51.7g,,35.0g,3.5g,1.5g,Potato Chips,Chilli Lemon,5.2g,2262KJ,No Additives,,"Waves Potato Crisps are fried in healthy vegetable oil, gluten free and suitable for vegetarians.",,,
4067,Tropical Heat Snacks Waves Salt & Vinegar Potato Crisps 30G,Pack size : 30g,KES45.00(Inc. VAT),Average Nutritional Value As Per 100g,546Kcal,2277KJ,5.3g,48.5g,,36.8g,3.9g,1.37g,,Salt and Vinegar,5.3g,2277KJ,No Additives,,"Waves Potato Crisps are fried in healthy vegetable oil, gluten free and suitable for vegetarians.",,,
4068,Tropical Heat Waves Crisps Fruit Chutney 30G,,KES45.00(Inc. VAT),,,,,,,,,,,,,,,,,,,
4069,Tropical Heat Snacks Waves Potato Crisps Chilli Lemon 30G,Pack size : 30g,KES45.00(Inc. VAT),Average Nutritional Value As Per 100g,543Kcal,2262KJ,5.2g,51.7g,,35.0g,3.5g,1.5g,Potato Chips,Chilli Lemon,5.2g,2262KJ,No Additives,,"Waves Potato Crisps are fried in healthy vegetable oil, gluten free and suitable for vegetarians.",,,
4070,Happys Chilli Boom Boom 30G Foil,Pack size : 30G,KES50.00(Inc. VAT),,,,,,,,,,,,,,,,,,,
4071,Tropical Heat Snacks Waves Potato Salted Crisps  30G,Pack size : 30g,KES45.00(Inc. VAT),Average Nutritional Value As Per 100g,530Kcal,2213KJ,6.7g,52.8g,,32.5g,3.5g,1.16g,Potato Chips,Salted,6.7g,2213KJ,No Additives,,"Waves Potato Crisps are fried in healthy vegetable oil, gluten free and suitable for vegetarians.",,,
4072,Elbbin  Nibble Snacks Chocolate 30G,Pack size : 30g,KES50.00(Inc. VAT),Average Nutritional Value As Per 30g,132kcal,552kJ,2g,22g,11g,3g,,,Chocolate,Solid,Food,,,,,,,
4073,Happys Golden Fruit Chutney Crisps Chips 30G,Pack size : 30g,KES50.00(Inc. VAT),Average Nutritional Value As Per 20g,88kcal,368.1kJ,1g,13g,0g,2g,0g,117mg,Chutney Crisps Chips,Solid,Food,,,,,,,
4074,NUVITA BARBEQUE THINS 50G,Pack size : 50g,KES50.00(Inc. VAT),Average Nutritional Value As Per 28g,120kcal,502.08kJ,2g,21g,3g,3.5g,1g,170mg,Potato Snack,Solid,Food,Barbeque,,,,,,
4075,NUVITA TOMATO THINS 50G,Pack size : 50g,KES50.00(Inc. VAT),Average Nutritional Value As Per Serving,161kcal,673.624kJ,4.3g,37g,,0.2g,3.8g,,Potato Snack,Solid,Food,,,,,,,
4076,NUVITA SOUR CREAM&HERB THINS 50G,Pack size : 50g,KES50.00(Inc. VAT),Average Nutritional Value As Per 23g,96kcal,401.664kJ,1.4g,17g,0.4g,2.8g,1g,0mg,Potato Snack,Solid,Food,"Sour Cream, Herb",,,,,,
4077,Cribaz Tomato Potato Chips 45G,Pack size : 45G,KES50.00(Inc. VAT),Average Nutritional Value As Per 30g,180kcal,753.12kJ,2g,14g,1g,13g,,210mg,Potato Chips,Solid,Food,Tomato,,,,,,
4078,Cribaz Salted Potato Chips 45G,Pack size : 45G,KES50.00(Inc. VAT),Average Nutritional Value As Per 200g,154kcal,644.336kJ,4g,36g,2g,,,5825mg,Potato Chips,Solid,Food,Salted,,,,,,
4079,NUVITA FRUIT CHUTNEY THINS 50G,Pack size : 50g,KES50.00(Inc. VAT),Average Nutritional Value As Per 100g,549kcal,2297.01kJ,8g,47g,3g,36.7g,7g,797mg,Potato Snack,Solid,Food,Fruit Chutney,,,,,,
4080,NUVITA SALT THINS 50G,Pack size : 50g,KES50.00(Inc. VAT),Average Nutritional Value As Per 28g,110kcal,460.24kJ,2g,23g,2g,1.5g,2g,160mg,Potato Snack,Solid,Food,,,,,,,
4081,Happys Golden Spring Onion Potato Crisps 30G,Pack size : 30g,KES50.00(Inc. VAT),Average Nutritional Value As Per 100g,570kcal,2384.88kJ,5g,48g,,35g,,,Potato Crisps,Solid,Food,Onion,,,,,,
4082,Happys Golden Salted Potato Crisps 30G,Pack size : 30g,KES50.00(Inc. VAT),Average Nutritional Value As Per 100g,470kcal,1966.48kJ,6g,63g,,20g,,1mg,Potato Crisps,Solid,Food,,,8g,,,,
4083,Kudos Cassava Salted Potato Chips 50g,Pack size : 50g,KES52.00(Inc. VAT),Average Nutritional Value As Per 180g,878kcal,3673.55kJ,2g,129g,,39g,,,Potato Chips,Solid,Food,Cassava,,,,,,
4084,Kudos Cassava And Chilli Chips 50g,Pack size : 50g,KES52.00(Inc. VAT),Average Nutritional Value As Per 100g,483kcal,2020.87kJ,1g,71g,,21g,,,Chips,Solid,Food,"Cassava, Chilli",,,,,,
4085,Amigos Salt And Vinegar Potato Chips 50G,Pack size : 50g,KES53.00(Inc. VAT),Average Nutritional Value As Per 30g,147kcal,615.048kJ,1g,17g,,7g,,,Potato Chips,Solid,Food,"Salt, Vinegar",,,,,,
4086,Amigos Ready Salted Potato Chips 50G,Pack size : 50g,KES52.00(Inc. VAT),Average Nutritional Value As Per 36g,193kcal,807.512kJ,2g,17g,,13g,,275mg,Potato Chips,Solid,Food,,,,,,,
4087,Amigos Cheeseonion Crisps 50G,Pack size : 50g,KES53.00(Inc. VAT),Average Nutritional Value As Per Serving,760kcal,3179.84kJ,24g,,,46g,3g,,Corn Chips,Solid,Food,Cheese And Onion,,,,,,
4088,Chigs Yummy Salt And Vinegar Potato Crisps 50G,Pack size : 50g,KES55.00(Inc. VAT),Average Nutritional Value As Per 45g,239kcal,999.97kJ,2g,22g,1g,14g,2g,358mg,Potato Crisps,Solid,Food,"Salt, Vinegar",,10g,,,,
4089,Depys Foil Tomato Potato Crisps 35G,Pack size : 35g,KES55.00(Inc. VAT),Average Nutritional Value As Per 20g,60kcal,251.04kJ,2g,6g,2g,3g,1g,280mg,Potato Crisps,Solid,Food,Tomato,,,,,,
4090,Chigs Lemon Chilli Crisps 50G,,KES55.00(Inc. VAT),,,,,,,,,,,,,,,,,,,
4091,Wots Chilli Lemon Potato Crisps 30G,Pack size : 30g,KES55.00(Inc. VAT),Average Nutritional Value As Per 100g,160kcal,669kJ,9g,44g,7g,34g,,,Potato Crisp,Solid,Food,Chilli And Lemon,,,,,,
4092,Wots Zingy Tomato Potato Crisps 30G,Pack size : 30g,KES55.00(Inc. VAT),Average Nutritional Value As Per 100g,542kcal,2242kJ,5g,59g,2g,31g,,434mg,Potato Crisp,Solid,Food,Tomato,,,,,,
4093,Wots Classic Salted Potato Crisps 30G,Pack size : 30g,KES55.00(Inc. VAT),Average Nutritional Value As Per 100g,536kcal,2242kJ,7g,53g,,35g,4g,8mg,Potato Crisp,Solid,Food,,,,,,,
4094,Chigs Tomato Ketchup Crisps 50G,Pack size : 50g,KES55.00(Inc. VAT),Average Nutritional Value As Per 30g,154kcal,644.336kJ,1g,13g,,9g,2g,300mg,Wafer,Solid,Food,Tomato,,,,,,
4095,Happys Golden Tomato Potato Crisps 50g,Pack size : 50g,KES55.00(Inc. VAT),Average Nutritional Value As Per 20g,60kcal,251.04kJ,2g,6g,2g,3g,1g,280mg,Potato Crisps,Solid,Food,Tomato,,,,,,
4096,Happys Golden Cheese And Onion Potato Crisps 50G,Pack size : 50g,KES55.00(Inc. VAT),Average Nutritional Value As Per 100g,506kcal,2113kJ,5.6g,62g,54g,3.3g,28.2g,4.8g,Potato Crisps,Solid,Food,"Cheese, Onion",,,,,,
4097,Chigs Plain Salted Crisps 50G,Pack size : 50g,KES55.00(Inc. VAT),Average Nutritional Value As Per 50g,261kcal,1092.02kJ,2g,24g,,16g,2g,,Wafer,Solid,Food,,,,,,,
4098,Happys Golden Chilli Potato Crisps 50G,Pack size : 50g,KES55.00(Inc. VAT),Average Nutritional Value As Per 100g,544kcal,2276kJ,7.1g,54.2g,2.6g,33.2g,,859mg,Potato Crisps,Solid,Food,,,,,,,
4099,Happys Golden Tomato Potato Crisps 50g,Pack size : 50g,KES55.00(Inc. VAT),Average Nutritional Value As Per 20g,60kcal,251.04kJ,2g,6g,2g,3g,1g,280mg,Potato Crisps,Solid,Food,Tomato,,,,,,
4100,Depys Salted Potato Crisps 35G,Pack size : 35g,KES55.00(Inc. VAT),Average Nutritional Value As Per 100g,470kcal,1966.48kJ,6g,63g,,20g,,1mg,Potato Crisps,Solid,Food,Salted,,8g,,,,
4101,Chigs Hot Chilli Crisps 50G,Pack size : 50g,KES55.00(Inc. VAT),Average Nutritional Value As Per 30g,270kcal,1129.68kJ,2g,16g,,11g,,280mg,Wafer,Solid,Food,,,,,,,
4102,Chigs Cheese  Onion Crisps 50G,Pack size : 50g,KES55.00(Inc. VAT),Average Nutritional Value As Per 37g,198kcal,828.432kJ,2g,18g,,12g,1g,500mg,Wafer,Solid,Food,Cheese And Onion,,,,,,
4103,Depys Cheese And Onion Potato Crisps 35G,Pack size : 35g,KES55.00(Inc. VAT),Average Nutritional Value As Per 100g,584kcal,2292.83kJ,4g,44g,,42g,4g,,Potato Crisps,Solid,Food,"Cheese, Onion",,,,,,
4104,Krackles Toons Caramel Potato Crisps 30G,Pack size : 30g,KES56.00(Inc. VAT),Average Nutritional Value As Per 100g,77kcal,322.168kJ,2g,17g,,,2g,65mg,Potato Crisp,Solid,Food,Caramel,,,,,,
4105,Krackles Toons Tutti Frutti Potato Crisps 30G,Pack size : 30g,KES56.00(Inc. VAT),Average Nutritional Value As Per 100g,400kcal,1673.6kJ,8g,40g,5g,18g,,,Potato Crisp,Solid,Food,Tutti Frutti,,,,,,
4106,Krackles Toons Barbecue Potato Chips 30G,Pack size : 30g,KES56.00(Inc. VAT),Average Nutritional Value As Per 23g,96kcal,401.664kJ,1g,14g,2g,3g,,,Potato Chips,Solid,Food,Barbecue,,,,,,
4107,Krackles Toons Hot And Sweet Potato Crisps 30G,Pack size : 30g,KES56.00(Inc. VAT),Average Nutritional Value As Per Bag,86kcal,359.824kJ,1g,20g,4g,,3g,55mg,Potato Crisp,Solid,Food,"Hot, Sweet",,,,,,
4108,Krackles Zingy Salt And Vinegar Potato Chips 30G,Pack size : 30g,KES56.00(Inc. VAT),Average Nutritional Value As Per 30g,156kcal,652.704kJ,,14g,,10g,,240mg,Potato Chips,Solid,Food,"Salt, Vinegar",,,,,,
4109,Krackles Perfectly Salted Potato Chips 30G,Pack size : 30g,KES56.00(Inc. VAT),Average Nutritional Value As Per 100g,505kcal,2112.92kJ,5g,52g,,28g,,,Potato Chips,Solid,Food,,,,,,,
4110,Krackles Barbeque Potato Chips 30G,Pack size : 30g,KES56.00(Inc. VAT),Average Nutritional Value As Per 30g,158kcal,661.072kJ,2g,15g,,10g,,360mg,Potato Chips,Solid,Food,Barbecue,,,,,,
4111,Krackles Bang Bang Chilli Potato Chips 30G,Pack size : 30g,KES56.00(Inc. VAT),Average Nutritional Value As Per 100g,103kcal,430.952kJ,,22g,16g,,,4mg,Potato Chips,Solid,Food,Chilli,,,,,,
4112,Krackles Tangy Tomato Potato Chips 30G,Pack size : 30g,KES56.00(Inc. VAT),Average Nutritional Value As Per 100g,544kcal,2276.1kJ,7g,54g,,33g,,,Potato Chips,Solid,Food,Tomato,,,,,,
4113,Krackles Perfectly Salted Potato Chips 30G,Pack size : 30g,KES56.00(Inc. VAT),Average Nutritional Value As Per 100g,505kcal,2112.92kJ,5g,52g,,28g,,,Potato Chips,Solid,Food,,,,,,,
4114,Hoops Salted Crisps Potato Chips 50G,Pack size : 50g,KES58.00(Inc. VAT),,25g,,220kcal,Average Nutritional Value As Per Bag,1g,130mg,,,Food,,3g,920.48kJ,Solid,,,,,
4115,Norda Urban Bites Summer Salt Potato Crisps 30G,Pack size : 30G,KES58.00(Inc. VAT),Average Nutritional Value As Per 100g,470kcal,1966.48kJ,6g,63g,,20g,,1mg,Potato Crisps,Solid,Food,Salt,,8g,,,,
4116,Norda Urban Bites Nyama Choma Potato Crisps 30G,Pack size : 30G,KES58.00(Inc. VAT),Average Nutritional Value As Per 120g,676kcal,2828.38kJ,6.8g,61.6g,,46g,5.6g,0.49mg,Potato Crisps,Solid,Food,Nyam Chom,,,,,,
4117,Norda Urban Bites Trendy Tomato Potato Crisps 30G,Pack size : 30G,KES58.00(Inc. VAT),Average Nutritional Value As Per 20g,60kcal,251.04kJ,2g,6g,2g,3g,1g,280mg,Potato Crisps,Solid,Food,Tomato,,,,,,
4118,Norda Urban Bites Samba Salt And Vinegar Potato Crisps 30G,Pack size : 30G,KES58.00(Inc. VAT),Average Nutritional Value As Per 45g,239kcal,999.97kJ,2g,22g,1g,14g,2g,358mg,Potato Crisps,Solid,Food,Salt&Vinegar,,10g,,,,
4119,Norda Urban Bites Funky Fruity Chutney Potato Crisps 30G,Pack size : 30G,KES58.00(Inc. VAT),Average Nutritional Value As Per 120g,668kcal,2794.91kJ,6.8g,63.2g,,44.4g,5.2g,0.75mg,Potato Crisps,Solid,Food,Fruit Chutney,,,,,,
4120,Norda Urban Bites Party Paprika Potato Crisps 30G,Pack size : 30G,KES58.00(Inc. VAT),Average Nutritional Value As Per 120g,668kcal,2794.91kJ,7.2g,61.6g,,45.2g,6g,0.65g,Potato Crisps,Solid,Food,Party Paprika,,,,,,
4121,Depys Salt And Vinegar Potato Crisps 50G,Pack size : 50g,KES60.00(Inc. VAT),Average Nutritional Value As Per 45g,239kcal,999.97kJ,2g,22g,1g,14g,2g,358mg,Potato Crisps,Solid,Food,"Salt, Vinegar",,10g,,,,
4122,Depys Tomato Potato Crisps 50G,Pack size : 50g,KES60.00(Inc. VAT),Average Nutritional Value As Per 20g,60kcal,251.04kJ,2g,6g,2g,3g,1g,280mg,Potato Crisps,Solid,Food,Tomato,,,,,,
4123,Hoops Peanut Bar 50G,Pack size : 50g,KES60.00(Inc. VAT),,56g,34g,497kcal,Average Nutritional Value As Per 100g,5g,,,,Food,Peanuts,13.9g,2079kJ,Solid,,,,,
4124,Depys Salted Potato Crisps 50G,Pack size : 50g,KES60.00(Inc. VAT),Average Nutritional Value As Per 100g,470kcal,1966.48kJ,6g,63g,,20g,,1mg,Potato Crisps,Solid,Food,Salted,,8g,,,,
4125,Elbbin  Nibble BBQ Wavy Chips 35G,Pack size : 35g,KES60.00(Inc. VAT),Average Nutritional Value As Per 100g,160kcal,669.44kJ,1g,15g,2g,10g,1g,130mg,Wavy Chips,Solid,Food,,,,,,,
4126,Tropical Heat Snacks Heroes Potato Chips Chilli Cheese 40G,,KES60.00(Inc. VAT),,,,,,,,,,,,,,,,,,,
4127,Tropical Heat Snacks Heroes Potato Chips Sweet Chilli 40G,Pack size : 40g,KES60.00(Inc. VAT),Average Nutritional Value As Per 100g,521.7Kcal,2179KJ,6.4G,55.4G,,30.2G,1.3G,1.03G,Sweet Chilli Crispy,Solid,Food,Sweet Chilli,No Additives,,"Heroes Potato Crisps are fried in healthy vegetable oil, gluten free and are suitable for vegetarians.",,,
4128,Tropical Heat Snacks Salted Potato Crisps  50G,Pack size : 50g,KES60.00(Inc. VAT),Average Nutritional Value As Per 100g,530Kcal,2213KJ,6.7g,52.8g,,32.5g,3.5g,1.16g,Potato Chips,Salted,6.7g,2213KJ,No Additives,,"Tropical Heat Potato Crisps are fried in healthy vegetable oil, gluten free and suitable for vegetarians.",,,
4129,Tropical Heat Snacks Tomato Potato Crisps  50G,Pack size : 50g,KES60.00(Inc. VAT),Average Nutritional Value As Per 100g,532Kcal,2221KJ,5.8g,53.6g,,32.7g,2.9g,0.58g,Potato Chips,Tomato,5.8g,2221KJ,No Additives,,"Tropical Heat Potato Crisps are fried in healthy vegetable oil, gluten free and suitable for vegetarians.",,,
4130,Tropical Heat Snacks Salt&Vinegar Potato Crisps 50G,Pack size : 50g,KES60.00(Inc. VAT),Average Nutritional Value As Per 100g,546Kcal,2277KJ,5.3g,48.5g,,36.8g,3.9g,1.37g,Potato Chips,Salt and Vinegar,5.3g,2277KJ,No Additives,,"Tropical Heat Potato Crisps are fried in healthy vegetable oil, gluten free and suitable for vegetarians.",,,
4131,Hoops Sesame Bar 50G,Pack size : 50g,KES60.00(Inc. VAT),,50g,31g,516kcal,Average Nutritional Value As Per 100g,8g,167mg,,,Food,Sesame,12g,2158kJ,Solid,,,,,
4132,Tropical Heat Snacks Heroes Potato Chips Fruit Chutney 40G,Pack size : 40g,KES60.00(Inc. VAT),Average Nutritional Value As Per 100g,511Kcal,2131KJ,6.1g,52.74G,,29.61g,4.4g,1.85g,Fruit Chutney,Solid,Food,Fruit Chutney,No Additives,,"Heroes Potato Crisps are fried in healthy vegetable oil, gluten free and are suitable for vegetarians.",,,
4133,Tropical Heat Snacks Heroes Potato Chips Cheese & Onion 40G,Pack size : 40g,KES60.00(Inc. VAT),Average Nutritional Value As Per 100g,525Kcal,2190KJ,6.0g,53.38g,,31.12G,3.6g,1.75g,Cheese & Onion Crispy,Solid,Food,Cheese And Onion,No Additives,,"Heroes Potato Crisps are fried in healthy vegetable oil, gluten free and are suitable for vegetarians.",,,
4134,Tropical Heat Snacks Heroes Potato Chips Tomato Ketchup 40G,Pack size : 40g,KES60.00(Inc. VAT),Average Nutritional Value As Per 100g,513Kcal,2141Kj,6.1g,54.12g,,29.3g,4.1g,0.5g,Potato Crisps,Solid,Food,Tomato,No Additives,,"Heroes Potato Crisps are fried in healthy vegetable oil, gluten free and are suitable for vegetarians.",,,
4135,Tropical Heat Snacks Heroes Potato Chips Sweet Chilli 40G,Pack size : 40g,KES60.00(Inc. VAT),Average Nutritional Value As Per 100g,521.7Kcal,2179KJ,6.4G,55.4G,,30.2G,1.3G,1.03G,Sweet Chilli Crispy,Solid,Food,Sweet Chilli,No Additives,,"Heroes Potato Crisps are fried in healthy vegetable oil, gluten free and are suitable for vegetarians.",,,
4136,Tropical Heat Snacks Heroes Potato Chips Fruit Chutney 40G,Pack size : 40g,KES60.00(Inc. VAT),Average Nutritional Value As Per 100g,511Kcal,2131KJ,6.1g,52.74G,,29.61g,4.4g,1.85g,Fruit Chutney,Solid,Food,Fruit Chutney,No Additives,,"Heroes Potato Crisps are fried in healthy vegetable oil, gluten free and are suitable for vegetarians.",,,
4137,Depys Cheese And Onion Potato Crisps 50G,Pack size : 50g,KES60.00(Inc. VAT),Average Nutritional Value As Per 100g,584kcal,2292.83kJ,4g,44g,,42g,4g,,Potato Crisps,Solid,Food,"Cheese, Onion",,,,,,
4138,Tropical Heat Snacks Heroes Potato Chips Tomato Ketchup 40G,Pack size : 40g,KES60.00(Inc. VAT),Average Nutritional Value As Per 100g,513Kcal,2141Kj,6.1g,54.12g,,29.3g,4.1g,0.5g,Potato Crisps,Solid,Food,Tomato,No Additives,,"Heroes Potato Crisps are fried in healthy vegetable oil, gluten free and are suitable for vegetarians.",,,
4139,Hoops Cheese And Onion Crisps Potato Chips 50G,Pack size : 50g,KES60.00(Inc. VAT),,53g,2g,533kcal,Average Nutritional Value As Per 100g,4g,1200mg,,,Food,"Cheese, Onion",6g,2230.072kJ,Solid,,,,,
4140,Tropical Heat Snacks Cheese&Onion Potato Crisps  50G,Pack size : 50g,KES60.00(Inc. VAT),Average Nutritional Value As Per 100g,529Kcal,2209KJ,5.6g,53.8g,,32.4g,3.5g,1.35g,Potato Chips,Cheese and Onion,5.6g,2209KJ,No Additives,,"Tropical Heat Potato Crisps are fried in healthy vegetable oil, gluten free and suitable for vegetarians.",,,
4141,Hoops Masala Crisps Potato Chips 50G,Pack size : 50g,KES60.00(Inc. VAT),,14g,,160kcal,Average Nutritional Value As Per Bag,,,,,Food,,1g,669.44kJ,Solid,,,,,
4142,Tropical Heat Snacks Chilli Lemon Potato Crisps 50G,Pack size : 50g,KES60.00(Inc. VAT),Average Nutritional Value As Per 100g,543Kcal,2262KJ,5.2g,51.7g,,35.0g,3.5g,1.5g,Chips,Chilli Lemon,5.2g,2262KJ,No Additives,,"Tropical Heat Potato Crisps are fried in healthy vegetable oil, gluten free and suitable for vegetarians.",,,
4143,Tropical Heat Snacks Nyama Choma Potato Crisps 50G,Pack size : 50g,KES60.00(Inc. VAT),Average Nutritional Value As Per 100g,516Kcal,2154Kj,8.4g,48.9g,,30.8g,4.7g,1.95g,Potato Chips,Nyama Choma,8.4g,2154Kj,No Additives,,"Tropical Heat Potato Crisps are fried in healthy vegetable oil, gluten free and suitable for vegetarians.",,,
4144,Pretzo Original Sweet Chilli Pretzel 25g,Pack size : 25g,KES60.00(Inc. VAT),Average Nutritional Value As Per 100g,100kcal,418kJ,12g,80g,,4g,3.82g,917mg,Pretzel,Solid,Food,Sweet Chilli,,,,,,
4145,Depys Tomato Potato Crisps 50G,Pack size : 50g,KES60.00(Inc. VAT),Average Nutritional Value As Per 20g,60kcal,251.04kJ,2g,6g,2g,3g,1g,280mg,Potato Crisps,Solid,Food,Tomato,,,,,,
4146,Kettle Fruit Chutney Chips 40G,Pack size : 40g,KES65.00(Inc. VAT),Average Nutritional Value As Per 100g,507kcal,2121kJ,5g,51g,2g,27g,0g,0mg,Fruit Chutney Chips,Solid,Food,Fruit Chutney,,,,,,
4147,Tropical Heat Kenyan Chevda Sweet Tamu 50G,,KES65.00(Inc. VAT),,,,,,,,,,,,,,,,,,,
4148,Tropical Heat Mild Kenyan Chevda 50G,Pack size : 50g,KES65.00(Inc. VAT),Average Nutritional Value As Per 100g,537kcal,2237kJ,11.8g,50.5g,6.3g,33.2g,,,Chevda,Solid,Food,Mild,,,,,,
4149,Kettle Chips Sour Cream  Chives 40,Pack size : 40g,KES65.00(Inc. VAT),Average Nutritional Value As Per 100g,508kcal,2125kJ,5.8g,52g,1.17g,8.26g,4g,,Potato Chips,Solid,Food,Sour Cream And Chives,,,,,,
4150,Kettle Salsa Verde Chips 40G,Pack size : 40g,KES65.00(Inc. VAT),Average Nutritional Value As Per 100g,145kcal,6066kJ,2g,18g,1g,7g,2g,125mg,Chips,Solid,Food,,,,,,,
4151,Hoops Salted Crisps Potato Chips 100G,Pack size : 100g,KES100.00(Inc. VAT),,25g,,220kcal,Average Nutritional Value As Per Bag,1g,130mg,,,Food,,3g,920.48kJ,Solid,,,,,
4152,Amigos Resdy Salted Potato Chips 100G,Pack size : 100g,KES100.00(Inc. VAT),Average Nutritional Value As Per 36g,193kcal,807.512kJ,2g,17g,,13g,,275mg,Potato Chips,Solid,Food,,,,,,,
4153,Norda Cribaz Barbeque Potato Crisps 95G,Pack size : 95G,KES100.00(Inc. VAT),Average Nutritional Value As Per 100g,533kcal,2230.07kJ,5g,54g,,33g,4g,,Potato Crisps,Solid,Food,Barbeque,,,,,,
4154,Cribaz Salted Potato Chips 95G,Pack size : 95G,KES100.00(Inc. VAT),Average Nutritional Value As Per 200g,154kcal,644.336kJ,4g,36g,2g,,,5825mg,Potato Chips,Solid,Food,Salted,,,,,,
4155,Amigos Cheese And Onion Potato Chips 100G,Pack size : 100g,KES103.00(Inc. VAT),Average Nutritional Value As Per 100g,533kcal,2230.07kJ,6g,53g,2g,32g,,1200g,Potato Chips,Solid,Food,"Cheese, Onion",,,,,,
4156,Amigos Salt And Vinegar Potato Chips 100G,Pack size : 100g,KES103.00(Inc. VAT),Average Nutritional Value As Per 30g,147kcal,615.048kJ,1g,17g,,7g,,,Potato Chips,Solid,Food,"Salt, Vinegar",,,,,,
4157,Pretzo Salted Pretzel Sticks 250g,Pack size : 50g,KES105.00(Inc. VAT),Average Nutritional Value As Per 25g,100kcal,418kJ,12g,80g,,4g,3.82g,917mg,Pretzel Sticks,Solid,Food,Salted,,,,,,
4158,Kudos Cassava And Chilli Chips 100G,Pack size : 100g,KES105.00(Inc. VAT),Average Nutritional Value As Per 100g,483kcal,2020.87kJ,1g,71g,,21g,,,Chips,Solid,Food,"Cassava, Chilli",,,,,,
4159,Chigs Tomato Ketchup Potato Crisps 100G,Pack size : 100g,KES110.00(Inc. VAT),Average Nutritional Value As Per 27g,144kcal,602.49kJ,1g,13g,1g,8g,,176mg,Potato Crisps,Solid,Food,Tomato Ketchup,,,,,,
4160,Chigs Yummy Salt And Vinegar Potato Crisps 100G,Pack size : 100g,KES110.00(Inc. VAT),Average Nutritional Value As Per 45g,239kcal,999.97kJ,2g,22g,1g,14g,2g,358mg,Potato Crisps,Solid,Food,"Salt, Vinegar",,10g,,,,
4161,Happys Golden Tomato Potato Crisps 100G,Pack size : 100g,KES110.00(Inc. VAT),Average Nutritional Value As Per 20g,60kcal,251.04kJ,2g,6g,2g,3g,1g,280mg,Potato Crisps,Solid,Food,Tomato,,,,,,
4162,Chigs Cheese  Onion Crisps 100G,Pack size : 100g,KES110.00(Inc. VAT),Average Nutritional Value As Per 37g,198kcal,828.432kJ,2g,18g,,12g,1g,500mg,Wafer,Solid,Food,Cheese And Onion,,,,,,
4163,Chigs Hot Chilli Crisps 100G,Pack size : 100g,KES110.00(Inc. VAT),Average Nutritional Value As Per 30g,270kcal,1129.68kJ,2g,16g,,11g,,280mg,Wafer,Solid,Food,,,,,,,
4164,Chigs Plain Salted Crisps 100G,Pack size : 100g,KES110.00(Inc. VAT),Average Nutritional Value As Per 50g,261kcal,1092.02kJ,2g,24g,,16g,2g,,Wafer,Solid,Food,,,,,,,
4165,Happys Golden Salt And Vinegar Potato Crisps 100G,Pack size : 100g,KES110.00(Inc. VAT),Average Nutritional Value As Per 100g,516kcal,2160kJ,9.5g,53.1g,1g,30.2g,4.2g,778mg,Potato Crisps,Solid,Food,,,,,,,
4166,Happy Golden Salted Chips 100G,Pack size : 100g,KES110.00(Inc. VAT),Average Nutritional Value As Per 100g,470kcal,1966.4kJ,6g,63g,0g,20g,0g,1mg,Salted Chips,Solid,Food,,,,,,,
4167,Chigs Funky Chilli Lemon Potato Crisps 100G,Pack size : 100g,KES110.00(Inc. VAT),Average Nutritional Value As Per 100g,496kcal,2075.264kJ,8.5g,57.7g,,27.2g,5.2g,793mg,Potato Crisps,Solid,Food,"Chilli, Lemon",,,,,,
4168,Chigs Cheese Lip Licking Potato Crisps 100G,Pack size : 100g,KES110.00(Inc. VAT),Average Nutritional Value As Per 100g,530kcal,2217.5kJ,7g,55g,,15g,3.8g,1.8mg,Potato Crisps,Solid,Food,Cheese,,,,,,
4169,Depys Cheese And Onion Potato Crisps Chips 100G,Pack size : 100g,KES115.00(Inc. VAT),Average Nutritional Value As Per Serving Size,525kcal,2410kJ,6g,50g,0g,35g,4g,1mg,Potato Crisps Chips,Solid,Food,Cheese And Onion,,,,,,
4170,Happys Golden Chilli Potato Crisps 100G,Pack size : 100g,KES110.00(Inc. VAT),Average Nutritional Value As Per 100g,544kcal,2276.1kJ,7.1g,54.1g,2.6g,33.2g,,859mg,Crisps,Solid,Food,Chilli,,,,,,
4171,Depys Salted Potato Crisps 100G,Pack size : 100g,KES115.00(Inc. VAT),Average Nutritional Value As Per 100g,470kcal,1966.48kJ,6g,63g,,20g,,1mg,Potato Crisps,Solid,Food,Salted,,8g,,,,
4172,Hoops Cheese And Onion Crisps Potato Chips 100G,Pack size : 100g,KES115.00(Inc. VAT),,53g,2g,533kcal,Average Nutritional Value As Per 100g,4g,1200mg,,,Food,"Cheese, Onion",6g,2230.072kJ,Solid,,,,,
4173,Hoops Salt And Vinegar Crisps Potato Chips 100G,Pack size : 100g,KES115.00(Inc. VAT),,12g,,135kcal,Average Nutritional Value As Per Bag,1g,,,,Food,"Salt, Vinegar",1g,564.84kJ,Solid,,,,,
4174,Hoops Masala Crisps Potato Chips 100G,Pack size : 100g,KES115.00(Inc. VAT),,14g,,160kcal,Average Nutritional Value As Per Bag,,,,,Food,,1g,669.44kJ,Solid,,,,,
4175,Tropical Heat Snacks Salt & Vinegar Potato Crisps 100G,Pack size : 100g,KES115.00(Inc. VAT),Average Nutritional Value As Per 100g,546Kcal,2277KJ,5.3g,48.5g,,36.8g,3.9g,1.37g,Potato Chips,Salt and Vinegar,5.3g,2277KJ,No Additives,,"Tropical Heat Potato Crisps are fried in healthy vegetable oil, gluten free and suitable for vegetarians.",,,
4176,Tropical Heat Snacks Tomato Potato Crisps 100G,Pack size : 100g,KES115.00(Inc. VAT),Average Nutritional Value As Per 100g,532Kcal,2221KJ,5.8g,53.6g,,32.7g,2.9g,0.58g,Potato Chips,Tomato,5.8g,2221KJ,No Additives,,"Tropical Heat Potato Crisps are fried in healthy vegetable oil, gluten free and suitable for vegetarians.",,,
4177,Tropical Heat Snacks Cheese&Onion Potato Crisps 100G,Pack size : 100g,KES115.00(Inc. VAT),Average Nutritional Value As Per 100g,529Kcal,2209KJ,5.6g,53.8g,,32.4g,3.5g,1.35g,Potato Chips,Cheese and Onion,5.6g,2209KJ,No Additives,,"Tropical Heat Potato Crisps are fried in healthy vegetable oil, gluten free and suitable for vegetarians.",,,
4178,Tropical Heat Snacks Salt & Vinegar Potato Crisps 100G,Pack size : 100g,KES115.00(Inc. VAT),Average Nutritional Value As Per 100g,546Kcal,2277KJ,5.3g,48.5g,,36.8g,3.9g,1.37g,Potato Chips,Salt and Vinegar,5.3g,2277KJ,No Additives,,"Tropical Heat Potato Crisps are fried in healthy vegetable oil, gluten free and suitable for vegetarians.",,,
4179,Tropical Heat Snacks Salted Potato Crisps 100G,Pack size : 100g,KES115.00(Inc. VAT),Average Nutritional Value As Per 100g,530Kcal,2213KJ,6.7g,52.8g,,32.5g,3.5g,1.16g,Potato Chips,Salted,6.7g,2213KJ,No Additives,,"Tropical Heat Potato Crisps are fried in healthy vegetable oil, gluten free and suitable for vegetarians.",,,
4180,Jimcy Banana Crisps 100G,Pack size : 100g,KES120.00(Inc. VAT),Average Nutritional Value As Per 100g,519kcal,2171.496kJ,2.3g,58g,35g,34g,,,Banana Crisps,Solid,Food,,,,,,,
4181,Amigos Design Salted Pellets 100G,Pack size : 100g,KES123.00(Inc. VAT),Average Nutritional Value As Per 15g,200kcal,836.8kJ,0g,40g,0g,0g,0g,25mg,Potato Pellets,Solid,Food,,,,,,,
4182,Amigos Salted Matoke Chips 100G,Pack size : 100g,KES123.00(Inc. VAT),Average Nutritional Value As Per 100g,519kcal,2171.5kJ,2g,58g,35g,32g,,6mg,Chips,Solid,Food,Matoke,,,,,,
4183,Hoops Sesame Bar 100G,Pack size : 100g,KES125.00(Inc. VAT),Average Nutritional Value As Per 100g,573kcal,2397.43kJ,18g,23g,,52g,8g,,Sesame Bar,Solid,Food,Sesame,,,,,,
4184,Depys Matoke Crisps 100g,Pack size : 100g,KES125.00(Inc. VAT),Average Nutritional Value As Per 450g,468kcal,1958.11kJ,5g,121g,57g,1g,9g,19mg,Crisps,Solid,Food,,,,,,,
4185,Tropical Heat Sweet Tamu Chevda 150G,Pack size : 150g,,Average Nutritional Value As Per 100g,515kcal,2148kJ,10.9g,56.9g,8.5g,39.9,9.4g,,Sweet Tamu Chevda,Solid,Food,,,0.8g,,,,
4186,Theat Kenyan Chevda Mild 150G,,,,,,,,,,,,,,,,,,,,,
4187,Kentaste Salted Caramel Coconut Chips 40G,Pack size : 40g,KES149.00(Inc. VAT),Average Nutritional Value As Per 40g,170kcal,711.28kJ,2g,14g,9g,12g,4g,25mg,Coconut Chips,Solid,Food,Salted Caramel,,,,,,
4188,Kentaste Chocolate Coconut Chips 40G,Pack size : 40g,KES149.00(Inc. VAT),Average Nutritional Value As Per 40g,170kcal,711.28kJ,2g,14g,9g,12g,4g,25mg,Coconut Chips,Solid,,Chocolate,,,,,,
4189,Kentaste Original Coconut Chips 40G,Pack size : 40g,KES149.00(Inc. VAT),Average Nutritional Value As Per 40g,250kcal,1046kJ,2g,19g,12g,18g,5g,110mg,Coconut Chips,Solid,,,,,,,,
4190,Tropical Heat Chips Masala Seasoning 100G,,KES165.00(Inc. VAT),,,,,,,,,,,,,,,,,,,
4191,Carrefour Handcooked Sea Salt And Cider Vinegar Potato Chips 40G,Pack size : 40g,KES169.00(Inc. VAT),Average Nutritional Value As Per 100g,208kcal,870.272kJ,3.8g,21g,1.7g,12g,1.7g,228mg,Potato Chips,Solid,Food,"Sea Salt, Cider Vinegar",,,,,,
4192,Carrefour Handcooked Chili Potato Chips 40G,Pack size : 40g,KES169.00(Inc. VAT),Average Nutritional Value As Per 100g,214kcal,895.376kJ,3.7g,21g,1.9g,13g,1.7g,234mg,Potato Chips,Solid,Food,Chili,,,,,,
4193,Carrefour Handcooked Cheese Potato Chips 40G,Pack size : 40g,KES169.00(Inc. VAT),Average Nutritional Value As Per 100g,213kcal,891.192kJ,3.5g,21g,1.2g,13g,1.9g,100mg,Potato Chips,Solid,Food,Cheese,,,,,,
4194,Carrefour Potato Chips Hand Cooked Onion 40G,Pack size : 40G,KES169.00(Inc. VAT),Nutrition Facts,211kcal,2207kJ,9.5g,21g,0.9g,10g,1.7g,267.2mg,,,,,,,,,,
4195,Tropical Heat Snacks Waves Salt & Vinegar Potato Crisps  125G,Pack size : 125g,KES180.00(Inc. VAT),Average Nutritional Value As Per 100g,546Kcal,2277KJ,5.3g,48.5g,,36.8g,3.9g,1.37g,Potato Chips,Salt and Vinegar,5.3g,2277KJ,No Additives,,"Waves Potato Crisps are fried in healthy vegetable oil, gluten free and are suitable for vegetarians.",,,
4196,Tropical Heat Snacks Waves Salted Potato Crisps 125G,Pack size : 125g,KES180.00(Inc. VAT),Average Nutritional Value As Per 100g,530Kcal,2213KJ,6.7g,52.8g,,32.5g,3.5g,1.16g,Potato Chips,Salted,6.7g,2213KJ,No Additives,,"Waves Potato Crisps are fried in healthy vegetable oil, gluten free and are suitable for vegetarians.",,,
4197,Tropical Heat Snacks Waves Salt & Vinegar Potato Crisps  125G,Pack size : 125g,KES180.00(Inc. VAT),Average Nutritional Value As Per 100g,546Kcal,2277KJ,5.3g,48.5g,,36.8g,3.9g,1.37g,Potato Chips,Salt and Vinegar,5.3g,2277KJ,No Additives,,"Waves Potato Crisps are fried in healthy vegetable oil, gluten free and are suitable for vegetarians.",,,
4198,Tropical Heat Snacks Waves Tomato Potato Crisps  125G,Pack size : 125g,KES180.00(Inc. VAT),Average Nutritional Value As Per 100g,532Kcal,2221KJ,5.8g,53.6g,,32.7g,2.9g,0.58g,Potato Chips,Tomato,5.8g,2221KJ,No Additives,,"Waves Potato Crisps are fried in healthy vegetable oil, gluten free and are suitable for vegetarians.",,,
4199,Happys Golden Fruit Chutney Potato Crisps 125G,Pack size : 125g,KES180.00(Inc. VAT),Average Nutritional Value As Per 100g,280kcal,1171kJ,5.5g,35.8g,,19.5g,3.8g,0.7mg,Potato Crisps,Solid,Food,Fruit Chutney,,,,,,
4200,Happys Chilli Boom Boom F 125G,,KES180.00(Inc. VAT),,,,,,,,,,,,,,,,,,,
4201,Azaavi Matoke Chili Crisps 100G,,KES186.00(Inc. VAT),,,,,,,,,,,,,,,,,,,
4202,Sweetunda Fruit Chutney 120G,Pack size : 120g,KES186.00(Inc. VAT),Average Nutritional Value As Per 100g,373kcal,1560.6kJ,2g,60g,6g,13g,5g,,Crackies,Solid,Food,Fruits,,,,,,
4203,Sweetunda Chilli Salt Crackies 120G,Pack size : 120g,KES186.00(Inc. VAT),Average Nutritional Value As Per 50g,93kcal,389.1kJ,3g,31g,1g,1g,,,Crackies,Solid,Food,,,,,,,
4204,Sweetunda Fruit Chutney 120G,Pack size : 120g,KES186.00(Inc. VAT),Average Nutritional Value As Per 100g,373kcal,1560.6kJ,2g,60g,6g,13g,5g,,Crackies,Solid,Food,Fruits,,,,,,
4205,Sweetunda Tomato Ketchup Crackies 120G,Pack size : 120g,KES186.00(Inc. VAT),,,,,,,,,,,,,,,,,,,
4206,Happy's Golden Cheese And Onion Potato Crisps 200g,Pack size : 200g,KES210.00(Inc. VAT),Average Nutritional Value As Per 100g,506kcal,2113kJ,5.6g,62g,54g,3.3g,28.2g,4.8g,Potato Crisps,Solid,Food,"Cheese, Onion",,,,,,
4207,Kudos Chilli Cassava Chips 200g,Pack size : 200g,KES210.00(Inc. VAT),Average Nutritional Value As Per 100g,483kcal,2020.87kJ,1g,71g,,21g,,,Cassava Chips,Solid,Food,Chilli,,,,,,
4208,Kudos Salted Cassava Chips 200g,Pack size : 200g,KES210.00(Inc. VAT),Average Nutritional Value As Per 180g,878kcal,3673.55kJ,2g,129g,,39g,,,Cassava Chips,Solid,Food,,,,,,,
4209,Happys Golden Tomato Potato Crisps 200G,Pack size : 200g,KES210.00(Inc. VAT),Average Nutritional Value As Per 20g,60kcal,251.04kJ,2g,6g,2g,3g,1g,280mg,Potato Crisps,Solid,Food,Tomato,,,,,,
4210,Happy's Golden Chilli Potato Crisps 200g,Pack size : 200g,KES210.00(Inc. VAT),Average Nutritional Value As Per 100g,544kcal,2276.1kJ,7.1g,54.1g,2.6g,33.2g,,859mg,Crisps,Solid,Food,Chilli,,,,,,
4211,Chigs Tomato Potato Crisps 200G,Pack size : 200g,KES210.00(Inc. VAT),Average Nutritional Value As Per 30g,154kcal,644.336kJ,1g,13g,,9g,2g,300mg,Wafer,Solid,Food,Tomato,,,,,,
4212,Wots Plain Sev 130G,Pack size : 130g,KES212.00(Inc. VAT),Average Nutritional Value As Per 100g,545kcal,2280.28kJ,11.8g,44.8g,0g,35.4g,6.2g,960mg,Sev,Solid,Food,,,,,,,
4213,Tropical Heat Snacks Cheese&Onion Potato Crisps 200G,Pack size : 200g,KES225.00(Inc. VAT),Average Nutritional Value As Per 100g,529Kcal,2209KJ,5.6g,53.8g,,32.4g,3.5g,1.35g,Potato Chips,Cheese and Onion,5.6g,2209KJ,No Additives,,"Tropical Heat Potato Crisps are fried in healthy vegetable oil, gluten free and suitable for vegetarians.",,,
4214,Tropical Heat Snacks Salt&Vinegar Potato Crisps 200G,Pack size : 200g,KES225.00(Inc. VAT),Average Nutritional Value As Per 100g,546Kcal,2277KJ,5.3g,48.5g,,36.8g,3.9g,1.37g,Potato Chips,Salt and Vinegar,5.3g,2277KJ,No Additives,,"Tropical Heat Potato Crisps are fried in healthy vegetable oil, gluten free and suitable for vegetarians.",,,
4215,Tropical Heat Snacks Chilli Lemon Potato Crisps 200G,Pack size : 200g,KES225.00(Inc. VAT),Average Nutritional Value As Per 100g,543Kcal,2262KJ,5.2g,51.7g,,35.0g,3.5g,1.5g,Chips,Chilli Lemon,5.2g,2262KJ,No Additives,,"Tropical Heat Potato Crisps are fried in healthy vegetable oil, gluten free and suitable for vegetarians.",,,
4216,Tropical Heat Snacks Tomato Potato Crisps 200G,Pack size : 200g,KES225.00(Inc. VAT),Average Nutritional Value As Per 100g,532Kcal,2221KJ,5.8g,53.6g,,32.7g,2.9g,0.58g,Potato Chips,Tomato,5.8g,2221KJ,No Additives,,"Tropical Heat Potato Crisps are fried in healthy vegetable oil, gluten free and suitable for vegetarians.",,,
4217,Tropical Heat  Snacks Salted Potato Crisps  200G,Pack size : 200g,KES225.00(Inc. VAT),Average Nutritional Value As Per 100g,530Kcal,2213KJ,6.7g,52.8g,,32.5g,3.5g,1.16g,Potato Chips,Salted,6.7g,2213KJ,No Additives,,"Tropical Heat Potato Crisps are fried in healthy vegetable oil, gluten free and suitable for vegetarians.",,,
4218,Amigos Nduma Chips 200G,Pack size : 200g,KES244.00(Inc. VAT),Average Nutritional Value As Per 100g,470kcal,1966.48kJ,7g,60g,4g,20g,,1mg,Chips,Solid,Food,Nduma,,,,,,
4219,C R Food Crunch Mix Chikki 200G,Pack size : 200g,KES245.00(Inc. VAT),Average Nutritional Value As Per 100g,532 kcal,2226 kj,16.83g,46.81g,36.13g,30.81g,5.9g,33mg,Chikki,Solid,Food,,,,,,,
4220,Amigos Resdy Salted Potato Chips 400G,Pack size : 400g,KES386.00(Inc. VAT),Average Nutritional Value As Per 36g,193kcal,807.512kJ,2g,17g,,13g,,275mg,Potato Chips,Solid,Food,,,,,,,
4221,Pringles Texas Bbq Sauce Crisps 165G,Pack size : 165g,KES460.00(Inc. VAT),Average Nutritional Value As Per 100g,520kcal,2176kJ,6.1g,57g,4.5g,29g,3.5g,0mg,Crisps,Solid,Food,,,,,,,
4222,Wots Kenyan Chilli Lemon Chevdo 350G,Pack size : 350g,KES403.00(Inc. VAT),Average Nutritional Value As Per 100g,90kcal,376kJ,3g,15g,,10g,1g,110mg,Chevdo,Solid,Food,Chilli And Lemon,,,,,,
4223,Wots Kenyan Hot And Spicy Chevdo 350G,Pack size : 350g,KES403.00(Inc. VAT),Average Nutritional Value As Per 100g,160kcal,669kJ,3g,15g,2g,10g,1g,110mg,Chevdo,Solid,Food,,,,,,,
4224,Wots Kenyan Original Chevdo 350G,Pack size : 350g,KES403.00(Inc. VAT),Average Nutritional Value As Per 100g,160kcal,669kJ,3g,15g,2g,10g,1g,110mg,Chevdo,Solid,Food,,,,,,,
4225,Wots Kenyan Sugar Free Chevdo 350G,Pack size : 350g,KES403.00(Inc. VAT),Average Nutritional Value As Per 100g,160kcal,669kJ,3g,15g,2g,10g,1g,110mg,Chevdo,Solid,Food,,,,,,,
4226,Tropical Heat Premium Kenyan Bhusu 340G,Pack size : 340g,KES440.00(Inc. VAT),Average Nutritional Value As Per 30g,180kcal,753.12kJ,,14g,,12g,1g,173mg,Kenyan Bhusu,Solid,Food,,,0.4g,,,,
4227,Kudos Salted Cassava Crisps 400g,Pack size : 400g,KES420.00(Inc. VAT),Average Nutritional Value As Per Serving,150kcal,627kJ,1g,16g,2g,9g,2g,110mg,Cassava Crisps,Solid,Food,,,,,,,
4228,Carrefour Cheese Potato Chips 170G,Pack size : 170g,KES459.00(Inc. VAT),Average Nutritional Value As Per 100g,525kcal,2196.6kJ,9.1g,56g,2.9g,30g,4.4g,287mg,Potato Chips,Solid,Food,Cheese,,,,,,
4229,Carrefour Salt And Vinegar Potato Chips 170G,Pack size : 170g,KES459.00(Inc. VAT),Average Nutritional Value As Per 100g,532kcal,2225.89kJ,9.1g,53g,<0.5g,32g,4.2g,351mg,Potato Chips,Solid,Food,"Salt, Vinegar",,,,,,
4230,Carrefour Tomato Ketchup Potato Chips 170G,Pack size : 170g,KES459.00(Inc. VAT),Average Nutritional Value As Per 100g,545kcal,2280.28kJ,8.7g,51g,2.7g,34g,3.9g,396mg,Potato Chips,Solid,Food,Tomato Ketchup,,,,,,
4231,Carrefour Salted Potato Chips 170G,Pack size : 170g,KES459.00(Inc. VAT),Average Nutritional Value As Per 100g,536kcal,2242.62kJ,8.4g,55g,<0.5g,32g,4.7g,394mg,Potato Chips,Solid,Food,,,,,,,
4232,Pringles Hot Mexican Chilli & Lime 160G,Pack size : 160G,KES460.00(Inc. VAT),Nutrion information per 100g,523 kcal,2182 kJ,6.2 g,55 g,3 g,30 g,3.9 g,,,,,,,0.6 g,Suitable for Vegetarians,,,
4233,Pringles Hot Kicking Sour Cream 160G,,KES460.00(Inc. VAT),,,,,,,,,,,,,,,,,,,
4234,Pringles Hot spicy BBQ 160G,,KES460.00(Inc. VAT),,,,,,,,,,,,,,,,,,,
4235,Pringles Hot Cheese & Chilli 160G,,KES460.00(Inc. VAT),,,,,,,,,,,,,,,,,,,
4236,Carrefour  Bio Coconut Crisps 30G,,KES499.00(Inc. VAT),,,,,,,,,,,,,,,,,,,
4237,Pringles Hot Sweet Chilli 160G,Pack size : 160G,KES460.00(Inc. VAT),Nutrion information per 100g,523kcal,2183kJ,6.3g,55g,4.4g,30g,3.8g,,,,,,,1.2g,Suitable for Vegetarians,,,
4238,The Cracker Shack Cheddar Crackers 30G X 6 Pieces,Pack size : 30g x 6 Pieces,KES565.00(Inc. VAT),Average Nutritional Value As Per 160g,190kcal,794.9kJ,6g,30g,12g,6g,3g,340mg,Cheddar Cracker,Solid,Food,,,,,,,
4239,El Sabor Hot Salsa Dip 300G,Pack size : 300g,KES695.00(Inc. VAT),Average Nutritional Value As Per 100g,40kcal,167.36kJ,1.2g,7.5g,5.0g,0.2g,1.5g,,Salsa Dip,Paste,Food,,,,,,,
4240,MaCuisine Good Bee Honey 500g,Pack size : 500g,KES579.00(Inc. VAT),Average Nutritional Value As Per 100g,272.51kcal,1140.18kJ,0.3g,66.79g,,0.11g,,,Honey,Paste,Food,,,,,,,
4241,Kaputei Naturals Honey 1Kg,Pack size : 1kg,KES829.00(Inc. VAT),,,,,,,,,,,,,,,,,,,
4242,Kaputei Premium Squeeze Honey 500g,Pack size : 500g,KES454.00(Inc. VAT),,,,,,,,,,,,,,,,,,,
4243,SESIA Pure Honey Squeeze 500g,Pack size : 500g,KES430.00(Inc. VAT),Average Nutritional Value As Per 100g,322kcal,1347.24kJ,,82g,82g,,,10mg,Honey,Paste,Food,,,,,,,
4244,Eva Peanut Butter,,KES480.00/400g(Inc. VAT),,,,,,,,,,,,,,No Additives,,,,,
4245,Kaputei Natural Honey 2kg,Pack size : 2kg,KES1549.00(Inc. VAT),Average Nutritional Value As Per 21g,69.5kcal,290kJ,,17.3g,16.8g,,,5.2mg,Honey,Liquid,Food,,,,,,,
4246,SESIA Pure Honey Squeeze 375g,Pack size : 375g,KES280.00(Inc. VAT),Average Nutritional Value As Per 100g,322kcal,1347.24kJ,,82g,82g,,,10mg,Honey,Paste,Food,,,,,,,
4247,Hosen Pure Honey 1Kg,Pack size : 1Kg,KES1140.00(Inc. VAT),Average Nutritional Value As Per 50g,70kcal,293.8kJ,,16g,,,,4mg,Honey,Solid,Food,,,,,,,
4248,Kaputei Premium Honey 300g,Pack size : 300g,KES295.00(Inc. VAT),,,,,,,,,,,,,,,,,,,
4249,Woodlands Kitui Pure Honey 1Kg,Pack size : 1Kg,KES828.00(Inc. VAT),Average Nutritional Value As Per 1 Tablespoon,60kcal,251.04kJ,,17g,16g,,,,Honey,Paste,Food,,,,,,,
4250,Tropical Gold Honey 500g,Pack size : 500g,KES384.00(Inc. VAT),Average Nutritional Value As Per 100g,304kcal,1271.93kJ,,82g,,,,,Honey,Paste,Food,,,,,,,
4251,Tropical Gold Honey 1Kg,Pack size : 1Kg,KES765.00(Inc. VAT),Average Nutritional Value As Per 100g,304kcal,1271.93kJ,,82g,,,,,Honey,Paste,Food,,,,,,,
4252,Kaputei Natural Honey 300g,Pack size : 300g,KES291.00(Inc. VAT),Average Nutritional Value As Per 21g,69.5kcal,290kJ,,17.3g,16.8g,,,5.2mg,Honey,Liquid,Food,,,,,,,
4253,ALL TIME HONEY HEXA SQUEEZE 1KG,,,,,,,,,,,,,,,,,,,,,
4254,SESIA Pure Honey 500g,Pack size : 500g,KES425.00(Inc. VAT),Average Nutritional Value As Per 100g,322kcal,1347.24kJ,,82g,82g,,,10mg,Honey,Paste,Food,,,,,,,
4255,Tropical Gold Honey Squeeze 500g,Pack size : 500g,KES400.00(Inc. VAT),Average Nutritional Value As Per 100g,304kcal,1271.93kJ,,82g,,,,,Honey,Paste,Food,,,,,,,
4256,ALL TIME HONEY HEXA SQUEEZE 500G,,,,,,,,,,,,,,,,,,,,,
4257,Capilano Pure Honey 220g,Pack size : 220g,KES955.00(Inc. VAT),Average Nutritional Value As Per 100g,338kcal,1416kJ,0.3g,83.1g,82.5g,0g,,15mg,Honey,Paste,Food,,,,,,,
4258,Eva Acacia Honey,,KES390.00/300g(Inc. VAT),,,,,,,,,,,,,,No Additives,,,,,
4259,Woodlands Kitui Pure Honey 500g,Pack size : 500g,KES426.00(Inc. VAT),Average Nutritional Value As Per 1 Tablespoon,60kcal,251.04kJ,,17g,16g,,,,Honey,Paste,Food,,,,,,,
4260,SESIA Pure Honey 300g,Pack size : 300g,KES270.00(Inc. VAT),Average Nutritional Value As Per 100g,322kcal,1347.24kJ,,82g,82g,,,10mg,Honey,Paste,Food,,,,,,,
4261,Eva Organic Unifloral Honey,,KES750.00/300g(Inc. VAT),,,,,,,,,,,,,,No Additives,,,,,
4262,ALL TIME HONEY JAR 350G,,,,,,,,,,,,,,,,,,,,,
4263,Woodlands Kitui Pure Honey Squeeze 375g,Pack size : 375g,KES300.00(Inc. VAT),Average Nutritional Value As Per 1 Tablespoon,60kcal,251.04kJ,,17g,16g,,,,Honey,Paste,Food,,,,,,,
4264,Nutri Choice Pure Natural And Organic Real Honey 500g,Pack size : 500g,KES440.00(Inc. VAT),Average Nutritional Value As Per 1 Tablespoon,60kcal,251.04kJ,,17g,16g,,,,Honey,Paste,Food,,,,,,,
4265,Eva Zaffron Honey,,KES570.00/300g(Inc. VAT),,,,,,,,,,,,,,No Additives,,,,,
4266,Eva Organic Polyfloral Honey,,KES810.00/300g(Inc. VAT),,,,,,,,,,,,,,No Additives,,,,,
4267,Woodlands Kitui Honey Jar 300g,Pack size : 300g,KES282.00(Inc. VAT),Average Nutritional Value As Per Tablespoon,60kcal,251.04kJ,,17g,16g,,,,Honey,Liquid,Food,,,,,,,
4268,Peptang Squeezy Pure African Honey 500g,Pack size : 500g,KES450.00(Inc. VAT),Average Nutritional Value As Per 100g,304kcal,1216kJ,0.3g,80.9g,0g,0g,0g,0g,Honey,Liquid,Food,,,0g,,,,
4269,Eva Cardamon Honey,,KES570.00/300g(Inc. VAT),,,,,,,,,,,,,,No Additives,,,,,
4270,Real Honey Squeez 300G,,KES299.00(Inc. VAT),,,,,,,,,,,,,,,,,,,
4271,Lotte Eclair Honey 500G,,KES899.00(Inc. VAT),,,,,,,,,,,,,,,,,,,
4272,HERO NATURAL HONEY 365G,,KES835.00(Inc. VAT),,,,,,,,,,,,,,,,,,,
4273,Eva Premium Honey Comb,,KES1000.00(Inc. VAT),,,,,,,,,,,,,,No Additives,,,,,
4274,Nutri Choice Pure Natural And Organic Real Honey 500g,Pack size : 500g,KES430.00(Inc. VAT),Average Nutritional Value As Per 1 Tablespoon,60kcal,251.04kJ,,17g,16g,,,,Honey,Paste,Food,,,,,,,
4275,Eva Honey With Ginger,,KES570.00/300g(Inc. VAT),,,,,,,,,,,,,,No Additives,,,,,
4276,Zesta Pure Natural Honey Squeeze 400g,Pack size : 400g,KES449.00(Inc. VAT),Average Nutritional Value As Per 15g,50kcal,209.2kJ,,12g,12g,,,2mg,Honey,Paste,Food,,,,,,,
4277,ALL TIME HONEY SQUEEZE 227G,,,,,,,,,,,,,,,,,,,,,
4278,Tropical Gold Honey 300g,Pack size : 300g,KES255.00(Inc. VAT),Average Nutritional Value As Per 100g,304kcal,1271.93kJ,,82g,,,,,Honey,Paste,Food,,,,,,,
4279,Eva Cinammon Honey,,KES570.00/300g(Inc. VAT),,,,,,,,,,,,,,No Additives,,,,,
4280,ALL TIME HONEY JERRYCAN 3KG,,,,,,,,,,,,,,,,,,,,,
4281,CAPILANO Pure Australian Honey 500g,Pack size : 500g,KES1848.00(Inc. VAT),Average Nutritional Value As Per 100g,338.43kcal,1416kJ,0.3g,83.1g,82.5g,,,15mg,Honey,Paste,Food,,,,,,,
4282,Dairyland Real White Chocolate 20G,Pack size : 20g,KES55.00(Inc. VAT),Average Nutritional Value As Per 50g,280kcal,1171.52kJ,5g,26g,25g,16g,0g,52mg,Chocolate,Solid,Food,,,,,,,
4283,Java Crispy Chocolate Granola Bar 70gr,Pack size : 70g,KES159.00(Inc. VAT),Average Nutritional Value As Per 100g,565kcal,2363kJ,26g,55g,22g,26g,3g,,Granola Bar,Solid,Food,Cocoa,,,,,,
4284,PhD Smart Bar High Protein Dark Choc Raspberry 64G,Pack size : 64g,KES645.00(Inc. VAT),Nutrition information per 100g,382kcal,1536kJ,32g,38g,3.1g,14g,,,,,,,,0.40g,,,,
4285,PhD Smart Bar Hfss Choc Brownie 64G,Pack size : 64g,KES645.00(Inc. VAT),,,,,,,,,,,,,,,,,,,
4286,PhD Smart Bar Hfss White Choc Blondie 64G,Pack size : 64g,KES645.00(Inc. VAT),,,,,,,,,,,,,,,,,,,
4287,Stimorol Sugar Free Wild Cherry Chewing Gum 14g,Pack size : 14g,KES65.00(Inc. VAT),Average Nutritional Value As Per 100g,179kcal,748kJ,0.4g,71g,0.1g,0.4g,0g,0mg,Chewing Gum,Solid,Food,Wild Cherry,,,,,,
4288,Florident Sugar Free Extra White Chewing Gum 23g,Pack size : 23g,KES110.00(Inc. VAT),Average Nutritional Value As Per 2 Pieces,4kcal,16.73kJ,,2g,1g,,,4mg,Chewing Gum,Solid,Food,,,,,,,
4289,Stimorol Sugar Free Infinity Tropical Chewing Gum 27g,Pack size : 27g,KES169.00(Inc. VAT),Average Nutritional Value As Per 100g,155kcal,648.5kJ,0g,0g,0g,0g,0g,0mg,Chewing Gum,Solid,Food,Tropical,,,,,,
4290,Diablo Sugar Free Strawberry And Cream Sweets Candy 75g,Pack size : 75g,,Average Nutritional Value As Per 100g,292kcal,1222kJ,0.1g,86.9g,0.5g,9.1g,,,Candy,Solid,Food,Strawberry,,0.56g,,,,
4291,Weetabix Fruit And Fiber Cereals Wheat Flakes 500g,Pack size : 500g,KES850.00(Inc. VAT),Average Nutritional Value As Per 100g,387kcal,1634kJ,8.8g,69g,21g,6.5g,,0.11mg,Wheat Flakes,Solid,Food,Fruit,,,,,,
4292,Naturalli Barley Flakes Pot 250g,Pack size : 250g,KES279.00(Inc. VAT),Average Nutritional Value As Per Serving,334kcal,1397kJ,11g,58g,1g,2g,17g,,Barley Flakes,Solid,Food,,,,,,,
4293,Kaya Cashew Bars Plain 45G,,KES310.00(Inc. VAT),,,,,,,,,,,,,,,,,,,
4294,Force Protein Birthday Cake Bar65G,Pack size : 65g,KES499.00(Inc. VAT),,,,,,,,,,,,,,,,,,,
4295,Jordans Frusli Raisin Hazelnut Cereal 180G,,KES699.00(Inc. VAT),,,,,,,,,,,,,,,,,,,
4296,Jordans Frusli Cranberry Apple Cereal 180G,,KES699.00(Inc. VAT),,,,,,,,,,,,,,,,,,,
4297,Bakalland BA Cocoa And Milk Kid Cereal Bar 25g,Pack size : 25g,KES120.00(Inc. VAT),Avarage Nutritional Value As Per 37g,407kcal,1704.3kJ,4.9g,73.0g,6.2g,8.0g,5.1g,,Cereal Bar,Solid,Food,"Cocoa, Milk",,,,,,
4298,Zesta Apricot Jam 1Kg,Pack size : 1kg,KES459.00(Inc. VAT),Average Nutritional Value As Per 100g,48kcal,200.832kJ,1.4g,11g,9g,0.4g,2g,1mg,Jam,Jelly,Food,Apricot,,,,,,
4299,Helios Apricot Fruit Jam 340g,Pack size : 340g,KES804.00(Inc. VAT),Average Nutritional Value As Per 100g,48kcal,200.832kJ,1.4g,11g,9g,0.4g,2g,1mg,Jam,Jelly,Food,Apricot,,,,,,
4300,Carrefour Apricot Fruit Jam 370g,Pack size : 370g,KES899.00(Inc. VAT),Average Nutritional Value As Per 100g,48kcal,200.832kJ,1.4g,11g,9g,0.4g,2g,1mg,Jam,Jelly,Food,Apricot,,,,,,
4301,Carrefour Bio Apricot Fruit Jam 360g,Pack size : 360g,KES1199.00(Inc. VAT),Average Nutritional Value As Per 100g,246kcal,1048kJ,0.6g,58g,58g,0.2g,1.1g,1.04mg,Jam,Jelly,Food,Apricot,,,,,,
4302,HERO APRICOT JAM 350G,Pack size : 350g,KES390.00(Inc. VAT),Average Nutritional Value As Per Serving,55.2kcal,230.9568kJ,,13.8g,11.8g,,,0.02mg,Apricot Jam,Gel,Food,Apricot,,,,,,
4303,Vitrac Apricot Jam 850g,Pack size : 850g,KES400.00(Inc. VAT),Average Nutritional Value As Per 100g,260kcal,1047kJ,0g,65g,64g,0g,1g,0g,Apricot Jam,Paste,Food,Apricot,,0g,,,,
4304,Carrefour Apricot Fruit Jam 370g,Pack size : 370g,KES899.00(Inc. VAT),Average Nutritional Value As Per 100g,48kcal,200.832kJ,1.4g,11g,9g,0.4g,2g,1mg,Jam,Jelly,Food,Apricot,,,,,,
4305,Helios Apricot Fruit Jam 340g,Pack size : 340g,KES804.00(Inc. VAT),Average Nutritional Value As Per 100g,48kcal,200.832kJ,1.4g,11g,9g,0.4g,2g,1mg,Jam,Jelly,Food,Apricot,,,,,,
4306,Zesta Apricot Jam 1Kg,Pack size : 1kg,KES459.00(Inc. VAT),Average Nutritional Value As Per 100g,48kcal,200.832kJ,1.4g,11g,9g,0.4g,2g,1mg,Jam,Jelly,Food,Apricot,,,,,,
4307,Twinkies Original Cake 24G,Pack size : 24G,,,,,,,,,,,,,,,,,,,,
4308,Tiger Tail Cake 24G,Pack size : 24g,,,,,,,,,,,,,,Raspberry & Coconut,,,"Carbohydrates, Sugars",,,
4309,NuVita Strawberry & Vanilla Sponge Cake 33g,Pack size : 33g,,Average Nutritional Value As Per 100g,250kcal,1046kJ,1g,35g,27g,11g,0g,220mg,Sponge Cake,Solid,Food,"Strawberry, Vanilla",,,,,,
4310,NuVita Strawberry & Vanilla Sponge Cake 33g,Pack size : 33g,,Average Nutritional Value As Per 100g,250kcal,1046kJ,1g,35g,27g,11g,0g,220mg,Sponge Cake,Solid,Food,"Strawberry, Vanilla",,,,,,
4311,NuVita Vanilla Chocolate Coated Sponge Cake 33g,Pack size : 33g,,Average Nutritional Value As Per 100g,402kcal,1681.968kJ,3g,78g,49g,8.3g,1g,611mg,Cake,Solid,Food,"Vanilla, Cocoa",,,,,,
4312,NuVita Strawberry & Vanilla Sponge Cake 33g,Pack size : 33g,,Average Nutritional Value As Per 100g,250kcal,1046kJ,1g,35g,27g,11g,0g,220mg,Sponge Cake,Solid,Food,"Strawberry, Vanilla",,,,,,
4313,Betty Crocker Whipping Cream Mix 70g,Pack size : 70g,KES275.00(Inc. VAT),Average Nutritional Value As Per 35g,177kcal,740.568kJ,1.7g,25g,24g,7.9g,0.5g,26mg,Whipping Cream Mix,Cream,Food,,,,,,,
4314,PRAN SPECIAL DRYCAKE  PAPER PCK150G,,KES325.00(Inc. VAT),,,,,,,,,,,,,,,,,,,
4315,Betty Crocker Super Moist White Cake Mix 510g,Pack size : 510g,KES640.00(Inc. VAT),Average Nutritional Value As Per 100g,398kcal,1665.232kJ,3.3g,77g,47g,8.1g,1.2g,647mg,Cake Mix,Powder,Food,,,,,,,
4316,Betty Crocker Chocolate Fudge Brownie Mix 500g,Pack size : 500g,KES640.00(Inc. VAT),Average Nutritional Value As Per 100g,409kcal,1711.256kJ,4.4g,83.30g,,5.7g,3.4g,,Fudge Brownie Mix,Powder,Food,,,,,,,
4317,Betty Crocker Super Moist Supreme Vanilla Cake 510g,Pack size : 510g,KES640.00(Inc. VAT),Average Nutritional Value As Per 100g,396kcal,1656.864kJ,4.1g,79g,52g,6.6g,2.5g,772mg,Cake,Solid,Food,Vanilla,,,,,,
4318,Betty Crocker Super Moist Milk Chocolate Cake 510g,Pack size : 510g,KES640.00(Inc. VAT),,,,,,,,,,,,,,,,,,,
4319,Betty Crocker Super Moist Dark Chocolate Cake 510g,Pack size : 510g,KES640.00(Inc. VAT),Average Nutritional Value As Per 100g,396kcal,1656.864kJ,4.1g,79g,52g,6.6g,2.5g,772mg,Cake,Solid,Food,,,,,,,
4320,Betty Crocker Butter Milk Pancake Mix 907g,Pack size : 907g,KES910.00(Inc. VAT),Average Nutritional Value As Per 100g,396kcal,1656.864kJ,4.1g,79g,52g,6.6g,2.5g,772mg,Pancake Mix,Powder,Food,Butter,,,,,,
4321,Tropical Heat  Safari Puffs Cheese 18G,Pack size : 18G,KES20.00(Inc. VAT),Average Nutritional Value As Per 100g,540Kcal,2255KJ,6.0g,57.4g,,31.8g,2.9g,1.7g,Safari Puffs,Solid,Food,Cheese,No Additives,,"Baked, not Fried! Tropical Heat Safari Puffs are gluten free, trans fat free and contain only 108 calories per 20g pack.",,,
4322,Tropical Heat  Safari Puffs Tomato 18G,Pack size : 18G,KES20.00(Inc. VAT),Average Nutritional Value As Per 100g,540Kcal,2255KJ,6.0g,57.4g,,31.8g,2.9g,1.7g,Safari Puffs,Solid,Food,Tomato,No Additives,,"Baked, not Fried! Tropical Heat Safari Puffs are gluten free, trans fat free and contain only 108 calories per 20g pack.",,,
4323,Tropical Heat  Safari Puffs Tomato 18G,Pack size : 18G,KES20.00(Inc. VAT),Average Nutritional Value As Per 100g,540Kcal,2255KJ,6.0g,57.4g,,31.8g,2.9g,1.7g,Safari Puffs,Solid,Food,Tomato,No Additives,,"Baked, not Fried! Tropical Heat Safari Puffs are gluten free, trans fat free and contain only 108 calories per 20g pack.",,,
4324,Dr.Oetker Regal-Ice Icing White 454G,Pack size : 454g,KES1099.00(Inc. VAT),,,,,,,,,,,,,,,,,,,
4325,Rakusen'S Vegan Water Biscuit 150G,Pack size : 150g,KES999.00(Inc. VAT),,,,,,,,,,,,,,,,,,,
4326,Out Of Africa Honey Coated Cashew Nuts 50g,Pack size : 50g,KES174.00(Inc. VAT),Average Nutritional Value As Per 100g,621kcal,2566kJ,17g,30g,4.9g,48g,3.2g,260mg,Cashew Nuts,Solid,Food,Honey,,,,,,
4327,Nuttishland Dry Rosted And Salted Cashew Nuts 50g,Pack size : 50g,KES167.00(Inc. VAT),Average Nutritional Value As Per 100g,553kcal,2313.75kJ,18g,30g,6g,44g,,12mg,Cashew Nuts,Solid,Food,,,,,,,
4328,Out Of Africa Honey Coated Cashew Nuts 50g,Pack size : 50g,KES174.00(Inc. VAT),Average Nutritional Value As Per 100g,621kcal,2566kJ,17g,30g,4.9g,48g,3.2g,260mg,Cashew Nuts,Solid,Food,Honey,,,,,,
4329,Jimcy Cashewnuts 100g,,KES215.00(Inc. VAT),,,,,,,,,,,,,,,,,,,
4330,Amigos Fried Cashew Nuts 100g,Pack size : 100g,KES218.00(Inc. VAT),Average Nutritional Value As Per 100g,621kcal,2566kJ,17g,30g,4.9g,48g,3.2g,260mg,Fried Cashew Nuts,Solid,Food,,,,,,,
4331,Beecare Naturals Cashew Nuts Roasted And Salted 100G,,KES250.00(Inc. VAT),,,,,,,,,,,,,,,,,,,
4332,Krunchy Nutz Salted Flavour Roasted Cashews 100g,Pack size : 100g,KES260.00(Inc. VAT),Average Nutritional Value As Per 50g,318kcal,1330.512kJ,8.2g,13.2g,3.1g,25.8g,,250mg,Cashews,Solid,Food,,,,,,,
4333,Nutfields Cashew Nuts 80g,Pack size : 80g,KES282.00(Inc. VAT),Average Nutritional Value As Per 100g,581kcal,2430.9kJ,16.8g,30.2g,,47.8g,3.3g,308mg,Cashew Nuts,Solid,Food,,,,,,,
4334,Green Forest Dry Salted And Roasted Cashew Nuts 100g,Pack size : 100g,KES330.00(Inc. VAT),Average Nutritional Value As Per 100g,621kcal,2566kJ,17g,30g,4.9g,48g,3.2g,260mg,Cashew Nuts,Solid,Food,Salted,,,,,,
4335,Nutcracker Whole Cashew Nuts 100G,Pack size : 100 g,KES309.00(Inc. VAT),Average Nutritional Value As Per 100g,553kcal,2313.75kJ,18.22g,30.19g,5.91g,43.85g,3.3g,12mg,Cashew Nuts,Solid,Food,,,,,,,
4336,Green Forest Roasted And Salted Cashew Nuts 100g,Pack size : 100g,KES316.00(Inc. VAT),Average Nutritional Value As Per 100g,621kcal,2566kJ,17g,30g,4.9g,48g,3.2g,260mg,Cashew Nuts,Solid,Food,Salted,,,,,,
4337,Nuttishland Dry Rosted And Salted Cashew Nuts 100g,Pack size : 100g,KES331.00(Inc. VAT),Average Nutritional Value As Per 100g,553kcal,2313.75kJ,18g,30g,6g,44g,,12mg,Cashew Nuts,Solid,Food,,,,,,,
4338,Kaya Coconut Caramel Cashews 100G,,KES391.00(Inc. VAT),,,,,,,,,,,,,,,,,,,
4339,Kaya Mint Spiced Cashews 100G,,KES377.00(Inc. VAT),,,,,,,,,,,,,,,,,,,
4340,Naturalli W-240 Cashewnuts 100g,Pack size : 100g,KES379.00(Inc. VAT),Average Nutritional Value As Per 100g,625kcal,2615kJ,18g,25,8g,49 g,,,Cashewnuts,Solid,Food,Cashewnuts,,,,,,
4341,JIMCY CASHEWNUTS 200G,Pack size : 200g,KES430.00(Inc. VAT),Average Nutritional Value As Per 100g,581kcal,2430.9kJ,16.8g,30.2g,,47.8g,3.3g,308mg,Cashew Nuts,Solid,Food,,,,,,,
4342,Amigos Roasted Cashewnuts 200g,Pack size : 200g,KES446.00(Inc. VAT),Average Nutritional Value As Per 100g,157kcal,657kJ,5.2g,8.6g,,12g,0.9g,3.4mg,Cashewnuts,Solid,Food,,,,,,,
4343,Beecare Naturals Cashew Nuts Roasted and Salted Cp 250G,,KES500.00(Inc. VAT),,,,,,,,,,,,,,,,,,,
4344,Out Of Africa Cholesterol Free Honey Coated Cashew Nuts 150g,Pack size : 150g,KES558.00(Inc. VAT),Average Nutritional Value As Per 100g,621kcal,2566kJ,17g,30g,4.9g,48g,3.2g,260mg,Cashew Nuts,Solid,Food,Honey,,,,,,
4345,Nuttishland Dry Roasted And Salted Cashew Nuts 125g,Pack size : 125g,KES501.00(Inc. VAT),Average Nutritional Value As Per 100g,553kcal,2313.75kJ,18g,30g,6g,44g,,,Cashew Nuts,Solid,Food,Salted,,,,,,
4346,Krunchy Nutz Salted Flavour Roasted Cashews 200g,Pack size : 200g,KES510.00(Inc. VAT),Average Nutritional Value As Per 50g,318kcal,1330.512kJ,8.2g,13.2g,3.1g,25.8g,,250mg,Cashews,Solid,Food,,,,,,,
4347,Out Of Africa Cholesterol Free Dry Roasted And Salted Cashew Nuts 150g,Pack size : 150g,KES558.00(Inc. VAT),Average Nutritional Value As Per 100g,621kcal,2566kJ,17g,30g,4.9g,48g,3.2g,260mg,Salted Cashew Nuts,Solid,Food,Salted,,,,,,
4348,Nutfields Unsalted Cashew Nuts 250g,Pack size : 250g,KES829.00(Inc. VAT),Average Nutritional Value As Per 100g,582kcal,2435.09kJ,18g,26g,5g,43g,3g,,Cashew Nuts,Solid,Food,Cashew Nuts,,,,,,
4349,Nuttishland Dry Rosted And Salted Cashew Nuts 250g,Pack size : 250g,KES693.00(Inc. VAT),Average Nutritional Value As Per 100g,553kcal,2313.75kJ,18g,30g,6g,44g,,12mg,Cashew Nuts,Solid,Food,,,,,,,
4350,Green Forest Raw Cashew Nuts 250g,Pack size : 250g,KES763.00(Inc. VAT),Average Nutritional Value As Per 100g,581kcal,2430.9kJ,16.8g,30.2g,,47.8g,3.3g,308mg,Cashew Nuts,Solid,Food,,,,,,,
4351,Beecare Naturals Cashew Nut Butter Roasted Salted 250G,,KES850.00(Inc. VAT),,,,,,,,,,,,,,,,,,,
4352,Out Of Africa Cholesterol Free Honey Coated Cashew Nuts 250g,Pack size : 250g,KES934.00(Inc. VAT),Average Nutritional Value As Per 100g,621kcal,2566kJ,17g,30g,4.9g,48g,3.2g,260mg,Cashew Nuts,Solid,Food,Honey,,,,,,
4353,JIMCY CASHEWNUTS 400G,Pack size : 400g,KES850.00(Inc. VAT),Average Nutritional Value As Per 100g,553kcal,2313kJ,18g,30g,6g,44g,3.3g,12mg,Cashewnuts,Solid,Food,,,,,,,
4354,Nutfields Cashew Nuts 250g,Pack size : 250g,KES875.00(Inc. VAT),Average Nutritional Value As Per 100g,581kcal,2430.9kJ,16.8g,30.2g,,47.8g,3.3g,308mg,Cashew Nuts,Solid,Food,,,,,,,
4355,Out Of Africa Cholesterol Free Dry Roasted And Salted Cashew Nuts 250g,Pack size : 250g,KES942.00(Inc. VAT),Average Nutritional Value As Per 100g,621kcal,2566kJ,17g,30g,4.9g,48g,3.2g,260mg,Salted Cashew Nuts,Solid,Food,Salted,,,,,,
4356,Green Forest Cashew Nuts 500g,Pack size : 500g,KES1502.00(Inc. VAT),Average Nutritional Value As Per 100g,581kcal,2430.9kJ,16.8g,30.2g,,47.8g,3.3g,308mg,Cashew Nuts,Solid,Food,,,,,,,
4357,Mr Berry Too Goody Toffee Bars 1 Pieces,Pack size : 1 Pieces,KES9.00(Inc. VAT),Average Nutritional Value As Per 27g,112kcal,468.608kJ,1g,16g,0g,4g,0g,0mg,Toffee Bar,Solid,Food,,,,,,,
4358,Mr Berry Co.Assorted Toffee 180g,Pack size : 180g,KES99.00(Inc. VAT),Average Nutritional Value As Per 100g,190kcal,794.96kJ,1g,31g,19g,7g,0g,95mg,Toffee,Solid,Food,,,,,,,
4359,CKL Candy Kenya Old English Toffee 80 Pieces,Pack size : 80 Pieces,KES160.00(Inc. VAT),Average Nutritional Value As Per 36g,190kcal,794.96kJ,3g,22g,21g,11g,0.5g,55mg,Old English Toffee,Solid,Food,,,,,,,
4360,Clown Candy Kenya C.K.L Toffee 80 Pieces,Pack size : 80 Pieces,KES160.00(Inc. VAT),Average Nutritional Value As Per 100g,560kcal,2343.04kJ,,65 g,63 g,33 g,0 g,135mg,Toffee,Solid,Food,,,,,,,
4361,Colfresh Dental Black Spearmint Gum 21g,Pack size : 21g,KES163.00(Inc. VAT),Average Nutritional Value As Per 1piece,1kcal,4.184kJ,,,,,,,Gum,Solid,Food,Spearmint,,,,,,
4362,Colfresh Dental Black Peppermint Chewing Gum 21g,Pack size : 21g,KES163.00(Inc. VAT),Average Nutritional Value As Per 100g,170kcal,711.28kJ,,68g,,,,,Chewing Gum,Solid,Food,Peppermint,,,,,,
4363,Alpenliebe Gold Cream Strawberry Candy 144g,Pack size : 144g,KES240.00(Inc. VAT),Average Nutritional Value As Per 100g,417kcal,1744kJ,0.2g,88g,71g,6.8g,,220mg,Candy,Solid,Food,Strawberry,,,,,,
4364,ALPENLIEBE CARAMEL CANDY 144G,,KES240.00(Inc. VAT),,,,,,,,,,,,,,,,,,,
4365,Werther's Original Traditional Butter Candies 50g,Pack size : 50g,KES262.00(Inc. VAT),Average Nutritional Value As Per 100g,424kcal,1793kJ,0.3g,86.9g,71.6g,8.4g,,,Candies,Solid,Food,,,,,,,
4366,CKL Candy Kenya London Premium Toffee 50 Pieces,Pack size : 50 Pieces,KES315.00(Inc. VAT),,,,,,,,,,Toffee,Solid,Food,,,,,,,
4367,Candy Ke Butter Prem Toffee 50Pcs,Pack size : 50PCS,KES375.00(Inc. VAT),,,,,,,,,,,,,,,,,,,
4368,Liking Red Fruit&Yoghurt Toffes 150G,,KES399.00(Inc. VAT),,,,,,,,,,Food,,Candy,,,,Gluten Free,,,
4369,Liking Fruit Assorted Toffees150G,,KES399.00(Inc. VAT),,,,,,,,,,Food,,Candy,,,,Gluten Free,,,
4370,Alpenliebe Chocolate Caramel Eclairs Candy 144g,,KES376.00(Inc. VAT),,Average Nutritional Value As Per 3.9g,407.7kcal,0.05g,1705.8168kJ,84.4g,66.5g,,,,,Caramel,Eclairs Candy,,2.1g,415mg,,,
4371,Liking Creamy Liqorice Toffees150G,,KES399.00(Inc. VAT),,,,,,,,,,Food,,Candy,,,,Gluten Free,,,
4372,Colfresh Strawberry Gum 50g,Pack size : 50g,KES460.00(Inc. VAT),Average Nutritional Value As Per 1piece,5kcal,20.92kJ,,2g,,,,,Gum,Solid,Food,Strawberry,,,,,,
4373,Candy Kenya Eclairs Premium Toffee 50Pc,Pack size : 50pieces,KES405.00(Inc. VAT),100g,235kcal,982Kj,,87g,3g,0.2g,,,Food,,Food,,,,,,,
4374,Colfresh Dental Black Peppermint Gum 50g,Pack size : 50g,KES460.00(Inc. VAT),Average Nutritional Value As Per 1piece,3kcal,12.552kJ,,,,,,,Gum,Solid,Food,Peppermint,,,,,,
4375,Walkers Eclairs Milk Chocolate 150g,Pack size : 150g,KES567.00(Inc. VAT),Average Nutritional Value As Per 100g,513kcal,2146kJ,2g,70g,52g,24g,0g,0mg,Milk Chocolate,Solid,Food,Chocolate,,,,,,
4376,Walkers Nonsuch Treacle Toffee 150g,Pack size : 150g,KES567.00(Inc. VAT),Average Nutritional Value As Per 100g,740kcal,1944kJ,1.9g,72.1g,48.7g,19.2g,0g,,Toffee,Solid,Food,,,0.5g,,,,
4377,Walkers Nonsuch Mint Toffees 150g,Pack size : 150g,KES567.00(Inc. VAT),Average Nutritional Value As Per 100g,180kcal,768kJ,0.8g,30.0g,20.0g,6.9g,0g,,Toffee,Solid,Food,Mint,,0.2g,,,,
4378,Walkers Nonsuch Assorted And Chocolate Eclairs Toffee 150g,Pack size : 150g,KES567.00(Inc. VAT),Average Nutritional Value As Per 100g,496kcal,2078kcal,2.6g,71.6g,71.4g,22.1g,0g,,Toffee,Solid,Food,,,0.5g,,,,
4379,Walkers Nonsuch English Creamy Toffee 150g,Pack size : 150g,KES567.00(Inc. VAT),Average Nutritional Value As Per 100g,480kcal,2013kJ,2.0g,72.1g,72.1g,20.4g,0g,,Toffee,Solid,Food,,,0.6g,,,,
4380,Candy Land Eclairs Toffee 100g,Pack size : 100g,KES645.00(Inc. VAT),Average Nutritional Value As Per 100g,458kcal,1921kJ,3.6g,68.5g,43.3g,19.4g,,,Eclairs Toffee,Solid,Food,,,0.51g,,,,
4381,Cadbury Curly Wurly Squirlie 107.5G,Pack size : 107.5g,KES609.00(Inc. VAT),,,,,,,,,,,,,Caramel & Chocolate,,,,,,
4382,Candy Kenya Butter Prm Toffee 500G,,KES705.00(Inc. VAT),,,,,,,,,,,,,,,,,,,
4383,Carrefour Hard Toffee Candy 200G,Pack size : 200g,KES899.00(Inc. VAT),,,,,,,,,,,,,,,,,,,
4384,Carrefour Chocotiz Lent Choco 250G,Pack size : 250g,KES899.00(Inc. VAT),,,,,,,,,,,,,,,,,,,
4385,Storck Toffifee 400G,Pack size : 400g,KES1999.00(Inc. VAT),,,,,,,,,,,,,"Caramel, Hazelnut, Chocolate",,,"Contains nuts and dairy for a rich, energy-packed treat",,,
4386,Peptang Pure Africa Honey 300g,Pack size : 300g,KES280.00(Inc. VAT),Average Nutritional Value As Per 100g,304kcal,1216kJ,0.3g,80.9g,0g,0g,0g,0g,Honey,Liquid,Food,,,0g,,,,
4387,Tropical Gold Unprocessed Honey 500g,Pack size : 500g,KES385.00(Inc. VAT),,17g,,64kcal,Average Nutritional Value As Per 100g,,,,,Food,,,267.7kJ,Liquid,,,,,
4388,Peptang Pure African Honey 500g,Pack size : 500g,KES450.00(Inc. VAT),Average Nutritional Value As Per 100g,304kcal,1216kJ,0.3g,80.9g,0g,0g,0g,0g,Honey,Liquid,Food,,,0g,,,,
4389,Winnies Pure Health Honey 500g,Pack size : 500g,KES472.00(Inc. VAT),Average Nutritional Value As Per 50g,70kcal,293.8kJ,,16g,,,,4mg,Honey,Solid,Food,,,,,,,
4390,Ma Cuisine Wild Bush Honey 330g,Pack size : 330g,KES479.00(Inc. VAT),Average Nutritional Value As Per 20g,68kcal,284.5kJ,,17g,,,,,Honey,Liquid,Food,,,,,,,
4391,Hosen Pure Honey 400Ml,Pack size : 400ml,KES546.00(Inc. VAT),Average Nutritional Value As Per 100ml,325kcal,1359.8kJ,,80g,1g,,,,Honey,Liquid,Food,,,,,,,
4392,Cadbury Freddo 90G,Pack size : 90g,KES609.00(Inc. VAT),,,,,,,,,,,,,Milk Chocolate,,,,,,
4393,Vitrac Clover Honey 340g,Pack size : 340g,KES650.00(Inc. VAT),Average Nutritional Value As Per 100g,64kcal,267.7kJ,,17g,,,,,Honey,Liquid,Food,,,,,,,
4394,LoveRaw Milk Chocolate Pnb 34G,,KES789.00(Inc. VAT),,,,,,,,,,,,,,,,,,,
4395,Real Honey 1kg,Pack size : 1kg,KES815.00(Inc. VAT),Average Nutritional Value As Per 100g,309kcal,1292.856KJ,1.49g,75g,,,0.13g,74mg,Honey,Liquid,Food,,,,,,,
4396,Hamlets Chocolas Hazelnut 125G,Pack size : 125g,KES895.00(Inc. VAT),Average Nutritional Value As Per 100g,536Kcal,2243kJ,7g,54g,46g,32g,,,Crispy Hazelnut Chips,Solid,Food,Cocoa Hazelnut,,0.26g,,,,
4397,Cupido Mint Chocolate Sticks 125G,Pack size : 125g,KES895.00(Inc. VAT),Average Nutritional Value As Per 100g,519kcal,2171kJ,2.7g,62g,60g,20g,,,Chocolate Sticks,Solid,Food,Mint,,,,,,
4398,Hamlets Chocolas Orange 125G,Pack size : 125g,KES895.00(Inc. VAT),Average Nutritional Value As Per 100g,533Kcal,2230kJ,6.9g,55g,45g,31g,,,Crispy Orange Chips,Solid,Food,"Orange, Cocoa",,0.3g,,,,
4399,Hamlets Chocolas Milk 125G,Pack size : 125g,KES895.00(Inc. VAT),Average Nutritional Value As Per 100g,533Kcal,2230kJ,6.9g,55g,45g,31g,,,Milk Chocolate Chips,Solid,Food,Cocoa,,0.3g,,,,
4400,GUYLIAN MILK BAR SUGAR FREE 100G,Pack size : 100g,KES895.00(Inc. VAT),Average Nutritional Value As Per 100g,486kcal,2040kJ,8.4g,27.8g,10.5g,40.3g,,90mg,Milk Chocolate,Solid,Food,Milk,,,,,,
4401,Hamlet Sea Shell Hazelnut Fill.125G,Pack size : 125g,KES945.00(Inc. VAT),Average Nutritional Value As Per 100g,553Kcal,2314kJ,3.9g,50g,49g,37g,,,Hazelnut Fill Belgian Chocolate,Solid,Food,Cocoa,,0.08g,,,,
4402,Hamlet Excelcium Assortment Red Pralines Chocolate 180G,Pack size : 180g,KES995.00(Inc. VAT),Average Nutritional Value As Per 100g,472kcal,1975kJ,6.2g,63g,47g,21g,0g,,Chocolate,Solid,Food,Cocoa,,,,,,
4403,Nappi Monorpaglia Colored Balls 1Kg,,KES1475.00(Inc. VAT),,,,,,,,,,,,,,,,,,,
4404,Nappi Cocoa Decorative Sugar Vermicelli,Pack size : 1Kg,KES1475.00(Inc. VAT),Average Nutritional Value As Per Serving,248kcal,1037kJ,6g,70g,,2g,2g,16mg,Vermicelli,Solid,Food,Cocoa,,,,,,
4405,Nappi Mix Colored Decorative Sugar Vermicelli,Pack size : 1Kg,KES1556.00(Inc. VAT),Average Nutritional Value As Per Serving,248kcal,1037kJ,6g,70g,,2g,2g,16mg,Vermicelli,Solid,Food,,,,,,,
4406,Carrefour Rocher Noir 7X35G,,KES1299.00(Inc. VAT),Nutritional Information Per 100g,557 kcal,2321 kJ,,,,36 g,,,,,,,,,,,,
4407,Carrefour Milk Choco Rocher 7X35G,,KES1299.00(Inc. VAT),Nutritional Information Per 100g,592kcal,,8.2g,43.8g,,42.7g,2.63g,,,,,,,0.164g,,,,
4408,Terryrsquos Chocolate Orange Milk Ball 157G,Pack size : 157g,KES1384.00(Inc. VAT),Average Nutritional Value As Per 100g,524kcal,2188kJ,5.9g,59g,59g,29g,2.4g,,Chocolate Orange,Solid,Food,Chocolate Orange,,,,,,
4409,Vitrac Clover Honey 880g,Pack size : 880g,KES1490.00(Inc. VAT),Average Nutritional Value As Per 100g,64kcal,267.7kJ,,17g,,,,,Honey,Liquid,Food,,,,,,,
4410,Hamlet Belgian Chocolat Cupido 250G,Pack size : 250g,KES1695.00(Inc. VAT),Average Nutritional Value As Per 100g,523Kcal,2188kJ,6.2g,56g,53g,30g,,,Cupido Chocolate,Solid,Food,Cocoa,,0.2g,,,,
4411,The Belgian Creamy Vanilla Seashells Chocolates 195G,,KES1899.00(Inc. VAT),Average Nutritional Value As Per Serving,160kcal,669kJ,2g,16g,15g,11g,,30mg,Chocolates,Solid,Food,Vanilla,,,,,,
4412,The Belgian Hearts Chocolate 200g,Pack size : 200g,KES1899.00(Inc. VAT),Average Nutritional Value As Per 1g,5kcal,20kJ,,,,,,,Chocolate,Solid,Food,Chocolate,,,,,,
4413,The Belgian Creamy Vanilla Seashells Chocolates 195G,,KES1899.00(Inc. VAT),Average Nutritional Value As Per Serving,160kcal,669kJ,2g,16g,15g,11g,,30mg,Chocolates,Solid,Food,Vanilla,,,,,,
4414,Lindt Lindor Milk Cornet Chocolate 337g,Pack size : 337g,KES3210.00(Inc. VAT),Average Nutritional Value As Per 100g,623kcal,2606.632kJ,5g,44g,42g,47g,,,Milk Cornet Chocolate,Solid,Food,,,0.17g,,,,
4415,The Belgian Pralines Assorted Chocolate 200G,Pack size : 200g,KES1899.00(Inc. VAT),Average Nutritional Value As Per 34g,185kcal,774.04kJ,2.4g,15.7g,,11.9g,1g,,Chocolate,Solid,Food,Cocoa,,,,,,
4416,Ferrero Rocher Rocher T30 Chocolate 375G,Pack size : 375g,KES3870.00(Inc. VAT),Average Nutritional Value As Per 100g,595kcal,2489.4kJ,8.2g,44g,39.9g,,,,Chocolate,Solid,Food,,,,,,,
4417,CandyLand Chilli Milli Candy 26g,Pack size : 26g,KES33.00(Inc. VAT),Average Nutritional Value As Per Serving Size,97kcal,400.41kJ,3g,21g,9g,0g,0g,26mg,Candy,Solid,Food,,,,,,,
4418,Candy Kenya Butter Scotch Candy 100g,Pack size : 100g,KES70.00(Inc. VAT),Average Nutritional Value As Per 16g,63kcal,263.592kJ,0g,14g,13g,0.5g,0g,63mg,Candy,Solid,Food,Butter Scotch,,,,,,
4419,Candy Kenya Milks Candy 100g,Pack size : 100g,KES70.00(Inc. VAT),Average Nutritional Value As Per 100g,535kcal,2238.44kJ,7.65g,59.4g,51.5g,29.66g,3.4g,79mg,Candy,Solid,Food,Milk,,,,,,
4420,JAWBREAKER 4 BALLS FRENZY SWEE65.8G,Pack size : 65. 8g,KES95.00(Inc. VAT),Average Nutritional Values As Per 100g,380kcal,1588kj,0g,79.1g,72.2g,5.7g,4g,0g,,,,,,,,,,
4421,Confini Classic Black Licorice Plain Belts Candy 75g,Pack size : 75g,KES150.00(Inc. VAT),Average Nutritional Value As Per 100g,339kcal,1418.38kJ,4.4g,55g,62.2g,0g,0g,0mg,Belts Candy,Solid,Food,,,,,,,
4422,Confini Cherry Berry Delight Sour Belts Candy 75g,Pack size : 75g,KES150.00(Inc. VAT),Average Nutritional Value As Per 100g,330kcal,1380.72kJ,5g,76g,63g,0g,0g,0mg,Belts Candy,Solid,Food,Sour Cherry,,,,,,
4423,Jawbreaker Emoti Ball Stick Sweet Lollipop 60g,Pack size : 60g,KES150.00(Inc. VAT),Average Nutritional Value As Per 100g,394kcal,1648.5kJ,0g,98g,62.6g,0.2g,0g,38mg,Lollipop,Solid,Food,,,,,,,
4424,Confini Sweet Orange Belts 75g,Pack size : 75g,KES150.00(Inc. VAT),,,,,,,,,,Orange Belts,Solid,Food,Orange,,,,,,
4425,Confini Licorice Blueberry Belts 75g,Pack size : 75g,KES150.00(Inc. VAT),,,,,,,,,,Blueberry Belts,Solid,Food,Blueberry,,,,,,
4426,CANDY KENYA MILKEES 80PCS,Pack size : 80 Pieces,KES160.00(Inc. VAT),,,,,,,,,,Candy,Solid,Food,,,,,,,
4427,Clown Kenya Pipi Miziwa Candy 80 Pieces,Pack size : 80 Pieces,KES160.00(Inc. VAT),Average Nutritional Value As Per 100g,384kcal,1606.66kJ,0g,95.71g,75.9g,0.01g,0g,27mg,Candy,Solid,Food,,,,,,,
4428,Candy Kenya Milk Toffee 80 Pieces,Pack size : 80 Pieces,KES160.00(Inc. VAT),Average Nutritional Value As Per 100g,360kcal,1506.24kJ,2.0g,79.0g,49.0g,4.0g,3.4g,220mg,Toffee,Solid,Food,Milk,,,,,,
4429,Clown Candy Kenya Chocobar Toffee 80 Pieces,Pack size : 80 Pieces,KES160.00(Inc. VAT),Average Nutritional Value As Per 1 Piece,38kcal,158.99kJ,,4g,4g,2g,,7mg,Toffee,Solid,Food,Chocolate,,,,,,
4430,Candy Kenya Milkyogurt Toffee 80 Pieces,Pack size : 80 Pieces,KES160.00(Inc. VAT),Average Nutritional Value As Per 100g,105kcal,440kJ,5.7g,11.6g,10.7g,4.3g,,,Toffee,Solid,Food,,,,,,,
4431,Clown Candy Kenya Chocobar Toffee 80 Pieces,Pack size : 80 Pieces,KES160.00(Inc. VAT),Average Nutritional Value As Per 1 Piece,38kcal,158.99kJ,,4g,4g,2g,,7mg,Toffee,Solid,Food,Chocolate,,,,,,
4432,CANDY KENYA ORANGE PLUS 80PCS,Pack size : 80 Pieces,KES160.00(Inc. VAT),,,,,,,,,,Candy,Solid,Food,Orange,,,,,,
4433,CANDY KENYA BUTTER SCOTCH 80PCS,Pack size : 80 Pieces,KES160.00(Inc. VAT),Average Nutritional Value As Per 1 Piece,23kcal,96.23kJ,0g,6g,5g,0g,0g,23mg,Candy,Solid,Food,Butterscotch,,,,,,
4434,CKL Candy Kenya Orange Twist Candy 80 Pieces,Pack size : 80 Pieces,KES165.00(Inc. VAT),Average Nutritional Value As Per 100g,385kcal,1610.84kJ,0.75g,95g,,0.15g,5.1g,1mg,Orange Twist Candy,Solid,Food,,,,,,,
4435,CKL Kenya Pan Masala Candy 80 Pieces,Pack size : 80 Pieces,KES175.00(Inc. VAT),Average Nutritional Value As Per 100g,402kcal,1681.96kJ,1.18g,95g,95g,1.55g,0g,172mg,Candy,Solid,Food,Pan Masala,,,,,,
4436,Sweetzone Candy Floss Pot 20G,,KES229.00(Inc. VAT),,,,,,,,,,,,,,,,,,,
4437,CKL Pipi Butter Candy 350g,Pack size : 350g,KES190.00(Inc. VAT),Average Nutritional Value As Per 100g,535kcal,2238.44kJ,8g,59g,52g,30g,3.4g,79mg,Candy,Solid,Food,Butter,,,,,,
4438,Bazooka Push Pop Blackcurrant 15G,Pack size : 15G,KES268.00(Inc. VAT),Average Nutritional Value As Per 45g,160kcal,669.44kJ,2.5g,35g,25g,0.8g,,,Candy,Solid,Food,Black Currant,,,,,,
4439,Bazooka Push Pop Blue Raspberry And Cola Candy 15g,Pack size : 15g,KES268.00(Inc. VAT),Average Nutritional Value As Per 15g,183kcal,765.7kJ,0g,15g,9.7g,0g,0g,17mg,Candy,Solid,Food,"Raspberry, Cola",,,,,,
4440,Bebeto Spaghetti Sour  Apple 70G,,KES280.00(Inc. VAT),,,,,,,,,,,,,,,,,,,
4441,KOPIKO COFFEE CANDY BAG 150G,Pack size : 150g,KES278.00(Inc. VAT),Average Nutritional Value As Per 100g,434.99kcal,1820kJ,0.6g,86g,67g,9.9g,,112mg,Candy,Solid,Food,Coffee,,,,,,
4442,VIMTO CANDY FLOSS 20G,,KES299.00(Inc. VAT),,,,,,,,,,,,,,,,,,,
4443,Rose Sweet And Sour Double Spray Fruit Candy Spray 12ml,Pack size : 12ml,KES319.00(Inc. VAT),Average Nutritional Value As Per 100ml,131kcal,564kJ,0g,31g,31g,0g,,,Candy Spray,Liquid,Food,Fruit,,0.3g,,,,
4444,Liking Wildberry Fruit Candies 150G,,KES349.00(Inc. VAT),,,,,,,,,,Food,,Candy,,,,Gluten Free,,,
4445,Liking Frizy Sparkling Candies 150G,,KES349.00(Inc. VAT),,,,,,,,,,Food,,Candy,,,,Gluten Free,,,
4446,Liking Mix Assorted Candies 150G,,KES349.00(Inc. VAT),,,,,,,,,,Food,,Candy,,,,Gluten Free,,,
4447,Liking Hard Mint Candies 150G,,KES349.00(Inc. VAT),,,,,,,,,,Food,,Candy,,,,Gluten Free,,,
4448,Trolli Gummies Candy Pizza 100G,Pack size : 100g,KES349.00(Inc. VAT),Average Nutritional Value As Per 100g,334kcal,1397kJ,4.5g,78g,58g,0.2g,,,Pizza Candy,Solid,Food,,,,,,,
4449,Liking Wildberry Fruit Candies 150G,,KES349.00(Inc. VAT),,,,,,,,,,Food,,Candy,,,,Gluten Free,,,
4450,Liking Mix Assorted Candies 150G,,KES349.00(Inc. VAT),,,,,,,,,,Food,,Candy,,,,Gluten Free,,,
4451,Liking Filled Fruits Flvcandies 150G,,KES349.00(Inc. VAT),,,,,,,,,,Food,,Candy,,,,Gluten Free,,,
4452,Liking Hard Mint Candies 150G,,KES349.00(Inc. VAT),,,,,,,,,,Food,,Candy,,,,Gluten Free,,,
4453,Liking Citrus Mix Candies 150G,,KES349.00(Inc. VAT),,,,,,,,,,Food,,Candy,,,,Gluten Free,,,
4454,Liking F.C Sparkling Candies 150G,,KES349.00(Inc. VAT),,,,,,,,,,Food,,Candy,,,,Gluten Free,,,
4455,Mr Berry Ice Cool Arctic Mint Candy 500g,Pack size : 500g,KES360.00(Inc. VAT),Average Nutritional Value Amount Per Serving,5kcal,20.92kJ,0g,2g,0g,0g,,0mg,Candy,Solid,Food,Mint,,,,,,
4456,Trolli Blob Mixed Fruit Gummies 100g,Pack size : 100g,KES349.00(Inc. VAT),Average Nutritional Value As Per 100g,339kcal,1418kJ,4.4g,77g,58g,0.2g,,,Gummies,Solid,Food,,,,,,,
4457,Liking Honey Filled Candies 150G,,KES399.00(Inc. VAT),Nutrition facts per 100g,385kcal,1637kJ,0g,96g,74g,0g,,,Food,,Candy,Honey,,,Gluten Free,,,
4458,Trolli Mix Sour Strips Gummies 85g,Pack size : 85g,KES399.00(Inc. VAT),Average Nutritional Value As Per 100g,340kcal,1.423kJ,1.8g,81g,54g,1g,,,Gummies,Solid,Food,Mix Fruit,,0.5g,,,,
4459,Liking Coffee Filled Candies 150G,,KES399.00(Inc. VAT),,,,,,,,,,Food,,Candy,,,,Gluten Free,,,
4460,Sweetzone Candy Floss Pails 50G,Pack size : 50g,KES399.00(Inc. VAT),,,,,,,,,,,,,Candy Floss,,,,,,
4461,Trolli Gummies Sberry Sour Strip85G,Pack size : 85g,KES399.00(Inc. VAT),Average Nutritional Value As Per 100g,340kcal,1423kJ,1.8g,81g,54g,1g,,,Sour Strips,Solid,Food,Strawberry,,,,,,
4462,Rose Bonkers Banana Spray Candy 50ml,Pack size : 50ml,KES404.00(Inc. VAT),Average Nutritional Value As Per 10ml,80kcal,334.72kJ,0g,16g,16g,0g,0g,0mg,Spray Candy,Liquid,Food,Banana,,,,,,
4463,Bazooka Big Baby Pop Cola And Raspberry Candy 32g,Pack size : 32g,KES446.00(Inc. VAT),Average Nutritional Value As Per 100g,121kcal,506kJ,0g,30g,29g,0g,0g,,Candy,Solid,Food,"Cola, Raspberry",,0g,,,,
4464,Bazooka Big Pop Blackcurrant 32G,Pack size : 32G,KES446.00(Inc. VAT),Average Nutritional Value As Per Serving,383kcal,1602.5kJ,0.2g,95.3g,87g,0.1g,,,Candy,Solid,Food,Black Currant,,,,,,
4465,Rowntrees Fruit Pastile 143G,Pack size : 143g,KES499.00(Inc. VAT),Average Nutritional Value As Per 100g,355kcal,1508kJ,0.1g,88.6g,61.4g,0.1g,0.0g,,Fruit Pastilles,Solid,Food,,,0.23g,,,,
4466,Toxic Waste Green Sour Candy 42g,Pack size : 42g,KES496.00(Inc. VAT),Average Nutritional Value As Per 100g,333kcal,1393kJ,,87g,73g,,,,Candy,Solid,Food,,,,,,,
4467,Bazooka Big Baby Pop Sour Strawberry Candy 32g,Pack size : 32g,KES446.00(Inc. VAT),Average Nutritional Value As Per 100g,383kcal,1627kJ,0.2g,95.3g,87g,0.02g,0.02g,0.02mg,Candy,Solid,Food,Strawberry,,,,,,
4468,Paw Patrol Twist Pop Candy 15g,Pack size : 15g,KES446.00(Inc. VAT),Average Nutritional Value As Per 100g,375kcal,1569kJ,0g,92g,75g,0g,0g,83mg,Candy,Solid,Food,,,,,,,
4469,Vimto Candy Floss 30Gm,,KES595.00(Inc. VAT),,,,,,,,,,,,,,,,,,,
4470,Papillon Almonds Halva 350G,,KES725.00(Inc. VAT),,,,,,,,,,,,,,,,,,,
4471,Paint Splash Orange And Strawberry Lollipop With Sherbet Dip 39g,Pack size : 39g,KES517.00(Inc. VAT),,,,,,,,,,,,,,,,,,,
4472,Rowntrees Fruit Pastile Strawbery + Blackcurrent 143G,,KES499.00(Inc. VAT),,,,,,,,,,,,,,,,,,,
4473,Sweet Lounge Vegan Blue Raspberry 65G,Pack size : 65g,KES669.00(Inc. VAT),,,,,,,,,,,,,Blue Raspberry,,,"Energy 1383 kJ / 331 Kcal
Fat 0g
Of which saturates 0g
Carbohydrate 82.4g
of which sugars 52.2g
Protein 0.2g
Salt 0.7g",,,
4474,Sweet Lounge Vegan Fizzy Cola 65G,Pack size : 65g,KES669.00(Inc. VAT),,,,,,,,,,,,,Fizzy Cola,,,"Energy 1383 kJ / 331 Kcal
Fat 0g
Of which saturates 0g
Carbohydrate 82.4g
of which sugars 52.2g
Protein 0.2g
Salt 0.7g",,,
4475,Fini Strawberry Filled Candy 150g,Pack size : 150g,KES750.00(Inc. VAT),Average Nutritional Value As Per 100g,337kcal,1410kJ,1.6g,81g,51g,0.8g,,,Candy,Solid,Food,Strawberry,,0.3g,,,,
4476,Bebeto Strawberry Laces 160G,Pack size : 160g,KES695.00(Inc. VAT),Average Nutritional Value As Per 100g,380kcal,1610kJ,2.7g,86g,57g,2.9g,,,Laces,Solid,Food,Strawberry,,0g,,,,
4477,Sweet L Vegan Blue Raspberry 130G,Pack size : 130g,KES929.00(Inc. VAT),,,,,,,,,,,,,Blue Raspberry,,,"Vegan-friendly, free from artificial additives",,,
4478,Papillon Mixed Nuts Halva 350g,Pack size : 350g,KES990.00(Inc. VAT),Average Nutritional Value As Per 100g,529kcal,2216kJ,10.53g,50.3g,46.86g,30.66g,,,Halva,Solid,Food,Mixed Nuts,,,,,,
4479,Papillon Pistachio Halva 350G,,KES990.00(Inc. VAT),,,,,,,,,,,,,,,,,,,
4480,Sweet L Vegan Strawberry Heart 130G,Pack size : 130g,KES929.00(Inc. VAT),,,,,,,,,,,,,Strawberry,,,,,,
4481,Sweet L Vegan Watermelon Slice 130G,Pack size : 130g,KES929.00(Inc. VAT),,,,,,,,,,,,,Watermelon,,,"No artificial colors, made with natural fruit extracts",,,
4482,Lakanto Sugar Free 54 Cocoa Dark Chocolate Bar 80G,Pack size : 80g,KES965.00(Inc. VAT),Average Nutritional Value As Per 30g,160kcal,669kJ,3g,11g,1g,15g,4g,50mg,Dark Chocolate Bar,Solid,Food,,,,,,,
4483,Lakanto Sf Almnd Dark Choco Bar80G,,KES965.00(Inc. VAT),,,,,,,,,,,,,,,,,,,
4484,Chocodate Exclusive Real Caramel Chocolate 100G,Pack size : 100g,KES695.00(Inc. VAT),Average Nutritional Value As Per 13.5g,58kcal,242kJ,0.6g,9.1g,,2.1g,,22mg,Chocolate,Solid,Food,Caramel,,,,,,
4485,Manji Swiss Banana Wafer 15g,Pack size : 15g,KES12.00(Inc. VAT),Average Nutritional Value As Per 24g,130kcal,543.92kJ,0g,15g,8g,8g,0g,40mg,Wafer,Solid,Food,Banana,,,,,,
4486,Manji Swiss Strawberry Wafer 15g,Pack size : 15g,KES12.00(Inc. VAT),Average Nutritional Value As Per 100g,500kcal,2092kJ,5g,71g,20g,22g,,,Wafer,Solid,Food,Strawberry,,,,,,
4487,Manji Swiss Chocolate Wafer 15g,Pack size : 15g,KES12.00(Inc. VAT),Average Nutritional Value As Per 4 Wafer,140kcal,585.76kJ,2g,14g,10g,9g,1g,25mg,Wafer,Solid,Food,Cocoa,,,,,,
4488,Manji Swiss Chocolate Wafer 15g,Pack size : 15g,KES12.00(Inc. VAT),Average Nutritional Value As Per 4 Wafer,140kcal,585.76kJ,2g,14g,10g,9g,1g,25mg,Wafer,Solid,Food,Cocoa,,,,,,
4489,Mr Berry King Cake Tri D Vanila30G,Pack size : 30g,KES30.00(Inc. VAT),,,,,,,,,,,,,Vanilla,,,"Carbohydrates, Sugar, Fats",,,
4490,Solen Criss Cross Hazelnut Wafer 15g,,KES50.00(Inc. VAT),Average Nutritional Value As Per Serving Size,89kcal,372kJ,1g,12g,9g,4g,0g,30mg,Wafer,Solid,Food,Hazelnut,,,,,,
4491,Wafer Master Crepe Gofrette Fp 24G,Pack size : 24g,KES56.00(Inc. VAT),,,,,,,,,,,,,,,,,,,
4492,Freska Wafer Bar Chocolate 17G,Pack size : 17g,KES35.00(Inc. VAT),,,,,,,,,,,,,Chocolate,,,"Energy, Sugar, Fats",,,
4493,Wafer Master Superroll Huzelnut Fpk 22G,Pack size : 22g,KES56.00(Inc. VAT),,,,,,,,,,,,,,,,,,,
4494,Manji Swiss Chocolate Wafer 30g,Pack size : 30g,KES60.00(Inc. VAT),Average Nutritional Value As Per 2 Wafer,180kcal,753.12kJ,2g,18g,11g,11g,1g,31mg,Wafer,Solid,Food,Cocoa,,,,,,
4495,Solen Ozmo Popsy Colored Chocolate Candy 24g,,KES100.00(Inc. VAT),Average Nutritional Value As Per 100g,479kcal,2004.136kJ,3.8g,75.4g,70.1g,17.6g,1.8g,,Candy,Solid,Food,,,0.2g,,,,
4496,Sunveat Vanilla Wafers 80g,Pack size : 80g,KES69.00(Inc. VAT),Average Nutritional Value As Per 1 Pieces,106kcal,443kJ,1g,13g,,5g,,,Wafers,Solid,Food,Vanilla,,,,,,
4497,Sunveat Chocolate Wafers 80g,Pack size : 80g,KES69.00(Inc. VAT),Average Nutritional Value As Per 1 Pieces,106kcal,443kJ,1g,13g,,5g,,,Wafers,Solid,Food,Chocolate,,,,,,
4498,Sunveat Orange Wafers 80g,Pack size : 80g,KES69.00(Inc. VAT),Average Nutritional Value As Per 100g,506kcal,2117kJ,7g,64g,,24g,,,Wafers,Solid,Food,Orange,,,,,,
4499,Sunveat Strawberry Wafers 80g,Pack size : 80g,KES69.00(Inc. VAT),Average Nutritional Value As Per 1 Pieces,106kcal,443kJ,1g,13g,,5g,,,Wafers,Solid,Food,Strawberry,,,,,,
4500,Wafer Master Huzelnut Cream Roll Fp 27G,Pack size : 27g,KES85.00(Inc. VAT),,,,,,,,,,,,,,,,,,,
4501,BOOMBASTIC HAZELNUT WAFER 32G,,KES120.00(Inc. VAT),,,,,,,,,,,,,,,,,,,
4502,NuVita Wafer Strawberry 100g,Pack size : 100g,KES99.00(Inc. VAT),Average Nutritional Value As Per 1 Wafer,201kcal,840.98kJ,4g,25g,0g,9g,0g,170mg,Wafer,Solid,Food,Strawberry,,,,,,
4503,NuVita Wafer Lemon 100g,Pack size : 100g,KES99.00(Inc. VAT),Average Nutritional Value As Per 100g,468kcal,1958.11kJ,8g,71g,0g,17g,0g,0mg,Wafer,Solid,Food,Lemon,,,,,,
4504,NuVita Wafer Lemon 100g,Pack size : 100g,KES99.00(Inc. VAT),Average Nutritional Value As Per 100g,468kcal,1958.11kJ,8g,71g,0g,17g,0g,0mg,Wafer,Solid,Food,Lemon,,,,,,
4505,Sunveat Vanilla Wafers 125g,Pack size : 160g,KES99.00(Inc. VAT),Average Nutritional Value As Per 100g,106kcal,443kJ,1g,13g,,5g,,,Wafers,Solid,Food,Vanilla,,,,,,
4506,Sunveat Chocolate Wafers 125g,Pack size : 160g,KES99.00(Inc. VAT),Average Nutritional Value As Per 1 Pieces,106kcal,443kJ,1g,13g,,5g,,,Wafers,Solid,Food,Chocolate,,,,,,
4507,NuVita Wafer Choco Delight 100g,Pack size : 100g,KES117.00(Inc. VAT),Average Nutritional Value As Per 28g,123kcal,514.63kJ,1.9g,21g,11g,4g,1g,164mg,Wafer,Solid,Food,Cocoa,,,,,,
4508,NuVita Wafer Chocolate 100g,Pack size : 100g,KES99.00(Inc. VAT),Average Nutritional Value As Per 100g,382kcal,1598.29kJ,7g,64g,29g,15g,,0mg,Wafer,Solid,Food,Cocoa,,,,,,
4509,Tiffany Crunch N Cream Hazelnut Wafers 76g,Pack size : 76g,KES125.00(Inc. VAT),Average Nutritional Value As Per 19g,506kcal,2119kJ,8.6g,53.9g,32.4g,28.4g,3.5g,105mg,Wafer,Solid,Food,Hazelnut,,,,,,
4510,Tiffany Crunch N Cream Vanilla Wafers 76g,Pack size : 76g,KES125.00(Inc. VAT),Average Nutritional Value As Per 100g,535.85kcal,2242kJ,6.9g,54.3g,30.4g,32.1g,1.6g,119mg,Wafer,Solid,Food,Vanilla,,,,,,
4511,Biscolata Amada Milk Chocolate Biscuit Stix 40g,,KES200.00(Inc. VAT),Average Nutritional Value As Per 100g,483.1kcal,1999.9kJ,7.5g,62.1g,,22.2g,2.1g,,Stix,Solid,Food,,,0.5g,,,,
4512,Biscolata Duomax Milky Chocolate Coated Wafer 44g,Pack size : 44g,KES180.00(Inc. VAT),Average Nutritional Value As Per 100g,557kcal,2330kJ,7.6g,54.2g,42.2g,34.1g,1.5g,40mg,Wafer,Solid,Food,Cocoa,,0.5g,,,,
4513,Biscolata Coconut Stix Biscuits 32g,Pack size : 32g,KES200.00(Inc. VAT),Average Nutritional Value As Per 36g,190kcal,794.96kJ,3g,20g,11g,11g,2g,80mg,Biscuits,Solid,Food,"Chocolate, Coconut",,,,,,
4514,BISCOLATA STIX CRISPY RICE 34G,,KES200.00(Inc. VAT),,,,,,,,,,,,,,,,,,,
4515,Biscolata Amada Stix Hazelnut Biscuit Sticks 32g,Pack size : 32g,KES200.00(Inc. VAT),Average Nutritional Value As Per 100g,538.2kcal,2228.4kJ,8.6g,52.5g,30.6g,32.0g,2.5g,,Biscuit Sticks,Solid,Food,Hazelnut,,0.3g,,,,
4516,Wafer Master Vanilla Cream Rolls 65G,Pack size : 65g,KES199.00(Inc. VAT),,,,,,,,,,,,,,,,,,,
4517,Wafer Master Peanut Butter Cream Roll 65G,Pack size : 65g,KES199.00(Inc. VAT),,,,,,,,,,,,,,,,,,,
4518,Wafer Masterhazelnut Cream Rolls 65G,Pack size : 65g,KES199.00(Inc. VAT),,,,,,,,,,,,,,,,,,,
4519,Wafer Mastercapucino Cream Rolls 65G,Pack size : 65g,KES199.00(Inc. VAT),,,,,,,,,,,,,,,,,,,
4520,Wafer Master Findik Krimali Crepe Huzelnut 65G,Pack size : 65g,KES199.00(Inc. VAT),,,,,,,,,,,,,,,,,,,
4521,Wafer Master Strawberry Flavour Rolls 65G,Pack size : 65g,KES199.00(Inc. VAT),,,,,,,,,,,,,,,,,,,
4522,Wafer Master Choco Cream Rolls 65G,Pack size : 65g,KES199.00(Inc. VAT),,,,,,,,,,,,,,,,,,,
4523,Tiffany Crunch N Cream Crunchiest Chocolate Flavoured Cream Wafer 76g,Pack size : 76g,KES240.00(Inc. VAT),Average Nutritional Value As Per 19g,484kcal,2023kJ,6.2g,61.3g,38.7g,23.7g,1.8g,300mg,Wafer,Solid,Food,,,,,,,
4524,Tiffany Crunch N Cream Vanilla Wafers 153g,Pack size : 153g,KES240.00(Inc. VAT),Average Nutritional Value As Per 100g,535.85kcal,2242kJ,6.9g,54.3g,30.4g,32.1g,1.6g,119mg,Wafer,Solid,Food,Vanilla,,,,,,
4525,Tiffany Crunch N Cream Hazelnut Wafers 153g,Pack size : 153g,KES240.00(Inc. VAT),Average Nutritional Value As Per 19g,506kcal,2119kJ,8.6g,53.9g,32.4g,28.4g,3.5g,105mg,Wafer,Solid,Food,Hazelnut,,,,,,
4526,Milango Diamond Hazelnut Milk Choco Wafer 38g,Pack size : 38g,KES350.00(Inc. VAT),Average Nutritional Value As Per 38g,202kcal,845.168kJ,4g,16g,16g,14g,4g,34mg,Wafer,Solid,Food,Hazelnut Milk Choco,,,,,,
4527,Biscolata Nirvana Minis Hazelnut Cream Milky Wafer 117g,Pack size : 117g,KES440.00(Inc. VAT),Average Nutritional Value As Per 100g,493kcal,2062kJ,7.4g,60.5g,30.4g,23.5g,3.3g,,Milky Wafer,Solid,Food,Hazelnut,,0.4g,,,,
4528,Biscolata Minis Dark Chocolate Covered Wafers 117g,Pack size : 117g,KES440.00(Inc. VAT),Average Nutritional Value As Per Serving,180kcal,753kJ,2g,20g,10g,10g,2g,40mg,Wafer,Solid,Food,Dark Cocoa,,,,,,
4529,Loacker Chocolate Sandwich Wafer 75g,Pack size : 75g,KES349.00(Inc. VAT),Average Nutritional Value As Per 4 Pieces,170kcal,711kJ,2g,20g,8g,8g,1g,25mg,Wafer,Solid,Food,Cocoa,,,,,,
4530,Wafer Masterchoco Cream Rolls Tin 120G,Pack size : 120g,KES440.00(Inc. VAT),,,,,,,,,,,,,,,,,,,
4531,Wafer Master Findik Huzelnut Rolls Tin 120G,Pack size : 120g,KES440.00(Inc. VAT),,,,,,,,,,,,,,,,,,,
4532,Gastone Lago Mini Roll Cocoa Wafers 125g,Pack size : 125g,KES480.00(Inc. VAT),Average Nutritional Value As Per 100g,507kcal,2121kJ,4.1g,67.3g,48.3g,23.9g,,,Wafers,Solid,Food,Cocoa,,0.3g,,,,
4533,Wafer Masterminis Huzelnut Cream Tin 120G,Pack size : 120g,KES567.00(Inc. VAT),,,,,,,,,,,,,,,,,,,
4534,Wafer Masterminis Choco Cream Tin 120G,Pack size : 120g,KES567.00(Inc. VAT),,,,,,,,,,,,,,,,,,,
4535,Blue Riband Milk Chocolate Hazelnut Wafer 108G,Pack size : 108g,KES599.00(Inc. VAT),,,,,,,,,,,,,Milk Chocolate & Hazelnut,,,,,,
4536,Carrefour Biscuits Duo Glacier 100G,,KES599.00(Inc. VAT),,,,,,,,,,,,,,,,,,,
4537,Loacker Classic Vanilla Wafer 175g,,KES649.00(Inc. VAT),,,,,,,,,,,,,,,,,,,
4538,Loacker Crispy Double Chocolate Cream Wafers 175g,Pack size : 175g,KES649.00(Inc. VAT),Average Nutritional Value As Per 23g,120kcal,502kJ,2g,14g,7g,6g,,30mg,Wafers,Solid,Food,Cocoa,,,,,,
4539,Reese'S 5 Peanut Butter C Wafer 77G,,KES790.00(Inc. VAT),,,,,,,,,,,,,,,,,,,
4540,Dr.Oetker Wafer Daisies 12S,Pack size : 12S,KES999.00(Inc. VAT),,,,,,,,,,,,,,,,,,,
4541,Loacker Quadratini Bite Size Vanilla Wafer Cookies 250g,Pack size : 250g,KES999.00(Inc. VAT),Average Nutritional Value As Per 100g,517kcal,2163kJ,7g,61g,30g,26g,,162mg,Wafer Cookies,Solid,Food,Vanilla,,,,,,
4542,Teeka Fun Delicious Chocolate For Girls 15G,Pack size : 15g,,Average Nutritional Value As Per 20g,109kcal,456.05kJ,1.6g,11.3g,10.2g,6.4g,0g,0mg,Chocolate,Solid,Food,Cocoa,,,,,,
4543,Teeka Fun Delicious Chocolate For Boys 15G,Pack size : 15g,,Average Nutritional Value As Per 20g,109kcal,456.05kJ,1.6g,11.3g,10.2g,6.4g,0g,0mg,Chocolate,Solid,Food,Cocoa,,,,,,
4544,Ferrero Kinder Joy Girl Chocolate 20G,Pack size : 20g,KES149.00(Inc. VAT),Average Nutritional Value As Per 20g,109kcal,456kJ,1.6g,11.3g,,6.4g,,,Chocolate,Solid,Food,,,,,,,
4545,Ferrero Kinder Joy Boys Chocolate 20G,Pack size : 20g,KES149.00(Inc. VAT),Average Nutritional Value As Per 20g,109kcal,456kJ,1.6g,11.3g,,6.4g,,,Chocolate,Solid,Food,,,,,,,
4546,M&Ms Chocolate 45G,Pack size : 45g,KES225.00(Inc. VAT),100g,480kcal,2015kJ,5.1g,71g,66g,,,,Chocolate Bar,Solid,Food,,,,,,,
4547,M&Ms Chocolate 45G,Pack size : 45g,KES225.00(Inc. VAT),100g,516kcal,2157kJ,10g,58g,53g,26g,,,Chocolate Bar,Solid,Food,Peanut,,,,,,
4548,Maltersers Chocolate Ball 37G,Pack size : 37g,KES225.00(Inc. VAT),100g,505kcal,2115kJ,8.2g,62g,52g,25g,0g,170mg,Chocolate,Solid,Food,Chocolate,,0.4g,,,,
4549,Kinder Chocolate 50G 4 Pieces,Pack size : 50g (4 Pieces),KES235.00(Inc. VAT),Average Nutritional Value As Per 100g,566kcal,360kJ,8.7g,53.5g,,,,,Chocolate,Solid,Food,,,,,,,
4550,Ferrero Kinder Bueno Hazelnut Chocolate 43G,Pack size : 43g,KES240.00(Inc. VAT),Average Nutritional Value As Per 100g,572kcal,2384kJ,8.6g,49.5g,41.2g,37.3g,2g,,Chocolate,Solid,Food,Hazelnut,,,,,,
4551,Ferrero Kinder Bueno White Chocolate 43G,Pack size : 43g,KES240.00(Inc. VAT),,49.5g,41.2g,572kcal,Average Nutritional Value As Per 100g,,,,,Food,,8.6g,2384kJ,Solid,,,,,
4552,Ferrero Raffalleo Chocolate 30G,Pack size : 30g,KES350.00(Inc. VAT),Average Nutritional Value As Per 100g,627kcl,2623kJ,7.4g,38.6g,33.6g,48.3g,,,Chocolate,Solid,Food,Coconut,,,,,,
4553,Ferrero Rocher T3 Imported Chocolates 37.5G,Pack size : 37.5g,KES455.00(Inc. VAT),Average Nutritional Value As Per 100g,595kcal,2489.4kJ,8.2g,44g,39.9g,,,,Chocolate,Solid,Food,,,,,,,
4554,Ferrero Rocher White Hazelnut Chocolate Bar 90G,Pack size : 90g,KES1980.00(Inc. VAT),Average Nutritional Value As Per 100g,610kcal,2538kJ,9.2g,44.9g,44.7g,43.4g,,,Chocolate Bar,Solid,Food,Hazelnut,,0.346g,,,,
4555,Ferrero Rocher Original Milk Chocolate 90G,Pack size : 90g,KES1980.00(Inc. VAT),Average Nutritional Value As Per 100g,614kcal,2554kJ,6.2g,46.2g,45.4g,44.4g,,,Milk Chocolate,Solid,Food,Hazelnuts,,0.163g,,,,
4556,Zesta Red Plum Jam 100g,Pack size : 100g,KES45.00(Inc. VAT),Average Nutritional Value As Per 100g,278kcal,1163kJ,0.35g,69g,0.6g,0.15g,1.2g,21.4mg,Jam,Jelly,Food,Red Plum,,,,,,
4557,Zesta Mixed Fruit Jam 200G,Pack size : 200g,KES79.00(Inc. VAT),Average Nutritional Value As Per 100g,320kcal,1338.88kJ,1g,77g,0g,0g,1g,0mg,Jam,Paste,Food,,,,,,,
4558,KOL RED PLUM JAM 250G,,KES110.00(Inc. VAT),,,,,,,,,,,,,,,,,,,
4559,Peptang Red Plum Jam 250g,Pack size : 250g,KES145.00(Inc. VAT),Average Nutritional Value As Per 100g,278kcal,1240kJ,0.3g,69g,10.6g,0.1g,1.2g,21.4g,Plum Jam,Jelly,Food,Red Plum,,0g,,,,
4560,Zesta Orange Marmalade Jam 300g,Pack size : 300g,KES169.00(Inc. VAT),Average Nutritional Value As Per 100g,312kcal,1305.41kJ,0g,76g,,1g,,,Jam,Jelly,Food,Orange,,,,,,
4561,Zesta Red Plum Jam 300g,Pack size : 300g,KES169.00(Inc. VAT),Average Nutritional Value As Per Serving Size,56kcal,234.30kJ,0.1g,14g,9.7g,0g,0.2g,6.4mg,Jam,Jelly,Food,,,,,,,
4562,Zesta Mixed Fruit Jam 300g,Pack size : 300g,KES169.00(Inc. VAT),Average Nutritional Value As Per 100g,320kcal,1338.88kJ,1g,77g,0g,0g,1g,0mg,Jam,Jelly,Food,Mixed Fruit,,,,,,
4563,Peptang Pet Pineapple Jam 500g,Pack size : 500g,KES239.00(Inc. VAT),Average Nutritional Value As Per 100g,270kcal,1129.68kJ,70g,65g,,10g,,610mg,Jam,Jelly,Food,Pineapple,,,,,,
4564,Peptang Pet Red Plum Jam 500g,Pack size : 500g,,Average Nutritional Value As Per 100g,280kcal,1171.52kJ,0.4g,70g,48.5g,0.1g,1.1g,32mg,Jam,Jelly,Food,Plum,,,,,,
4565,Peptang Pet Orange Marmalade Fruit Jam 500g,Pack size : 500g,KES235.00(Inc. VAT),Average Nutritional Value As Per 100g,245kcal,1025.08kJ,0.3g,65g,60g,0.3g,0.7g,37mg,Jam,Jelly,Food,Orange,,,,,,
4566,Zesta Mixed Fruit Jam Pet 450g,Pack size : 450g,KES199.00(Inc. VAT),Average Nutritional Value As Per 100g,285kcal,1192.44kJ,0.5g,70g,70g,0g,0.5g,120g,Jam,Jelly,Food,Mixed Fruit,,,,,,
4567,Zesta Pet Orange Marmalade Fruit Jam 450g,Pack size : 450g,KES199.00(Inc. VAT),Average Nutritional Value As Per 100g,245kcal,1025.08kJ,0.3g,65g,60g,0.3g,0.7g,37mg,Jam,Jelly,Food,Orange,,,,,,
4568,KOL MIXED FRUIT JAM PET 500G,,KES215.00(Inc. VAT),,,,,,,,,,,,,,,,,,,
4569,Kenylon Red Plum Jam 500g,Pack size : 500g,KES199.00(Inc. VAT),Average Nutritional Value As Per 100g,50kcal,209.2kJ,0g,13g,,,,,,,,,,,,,,
4570,Kenylon Orange Marmalade 500g,Pack size : 500g,KES199.00(Inc. VAT),Average Nutritional Value As Per 100g,246kcal,1029.264kJ,0g,66g,,,,,,,,,,,,,,
4571,Zesta Orange Marmalade Jam 500g,Pack size : 500g,KES249.00(Inc. VAT),Average Nutritional Value As Per 100g,317.2kcal,1327.1648kJ,1g,77.76g,0g,0.1g,1.6g,0mg,Jam,Paste,Food,Orange,,,,,,
4572,Zesta Pineapple Jam 500g,Pack size : 500g,KES299.00(Inc. VAT),Average Nutritional Value As Per 100g,270kcal,1129.68kJ,70g,65g,,10g,,610mg,Jam,Jelly,Food,Pineapple,,,,,,
4573,Vitrac Orange Jam 430g,Pack size : 430g,KES279.00(Inc. VAT),Average Nutritional Value As Per 100g,32kcal,133.888kJ,0g,8g,0g,0g,0g,0mg,Orange Jam,Jelly,Food,Orange,,,,,,
4574,Vitrac Mixed Fruits Jam 430g,Pack size : 430g,KES279.00(Inc. VAT),Average Nutritional Value As Per Serving Size,40kcal,178kJ,0g,10g,9g,0g,0g,0mg,Mixed Fruits Jam,Paste,Food,Mixed Fruit,,0g,,,,
4575,Zesta Verry Berry Jam 300g,Pack size : 300g,KES329.00(Inc. VAT),Average Nutritional Value As Per 100g,200kcal,836.8kJ,0g,53.3g,46.7g,0g,0g,0mg,Jam,Jelly,Food,,,,,,,
4576,Zesta Raspberry Jam 330g,Pack size : 330g,KES329.00(Inc. VAT),Average Nutritional Value As Per 100g,232kcal,970.68kJ,0.5g,56g,0.3g,0.5g,3.9g,7mg,Raspberry Jam,Jelly,Food,Raspberry,,,,,,
4577,Zesta Mixed Fruit Jam 400g,Pack size : 400g,KES329.00(Inc. VAT),Average Nutritional Value As Per 100g,285kcal,1192.44kJ,0.5g,70g,70g,,,120mg,Jam,Jelly,Food,Mixed Fruit,,,,,,
4578,Zesta Orange Marmalade Jam 400g,Pack size : 400g,KES329.00(Inc. VAT),Average Nutritional Value As Per 100g,245kcal,1025.08kJ,0.3g,65g,60g,0.3g,,37mg,Jam,Jelly,Food,Orange,,,,,,
4579,Zesta Mixed Fruit Jam 400g,Pack size : 400g,KES329.00(Inc. VAT),Average Nutritional Value As Per 100g,285kcal,1192.44kJ,0.5g,70g,70g,,,120mg,Jam,Jelly,Food,Mixed Fruit,,,,,,
4580,Zesta Red Plum Fruit Jam 900g,Pack size : 900g,KES349.00(Inc. VAT),Average Nutritional Value As Per 100g,280kcal,1171.52kJ,0.4g,70g,48.5g,0.1g,1.1g,32mg,Jam,Jelly,Food,Plum,,,,,,
4581,Zesta Gooseberry Jam 330g,Pack size : 330g,KES329.00(Inc. VAT),Average Nutritional Value As Per 100g,318.4kcal,1332.18kJ,1.2g,78.41g,,0.1g,0.8g,,Gooseberry Jam,Jelly,Food,Gooseberry,,,,,,
4582,Kaputei Passion Fruit Jam 400g,Pack size : 400g,KES349.00(Inc. VAT),Average Nutritional Values As Per 100g,50kcal,209.2kJ,,13g,,,1g,,,,,,,,,,,
4583,Zesta Orange Marmalade Jam 900g,Pack size : 1kg,KES349.00(Inc. VAT),Average Nutritional Value As Per 100g,312kcal,,0g,76g,,1g,,,Orange Marmalade Jam,Solid,Food,,,,,,,
4584,Zesta Mixed Fruit Jam Pet 900g,Pack size : 900g,KES349.00(Inc. VAT),Average Nutritional Value As Per 100g,320kcal,1338.88kJ,1g,77g,0g,0g,1g,0mg,Jam,Paste,Food,,,,,,,
4585,Kaputei Orange Marmalade 360g,Pack size : 360g,KES349.00(Inc. VAT),Average Nutritional Value As Per 1 Package,180kcal,753kJ,2g,21g,1g,10g,2g,410mg,Marmalade,Paste,Food,Orange,,,,,,
4586,Vitrac Blueberry Jam 430g,Pack size : 430g,KES350.00(Inc. VAT),Average Nutritional Value As Per 20g,52kcal,217.5kJ,0g,13g,12g,0g,0g,0mg,Blueberry Jam,Jelly,Food,Blueberry,,0g,,,,
4587,Ma Cuisine Just Mixed Fruit Jam 300g,Pack size : 300g,KES398.00(Inc. VAT),Average Nutritional Value As Per 100g,285kcal,1192.44kJ,0.5g,70g,70g,0g,0.5g,120mg,Jam,Jelly,Food,Mixed Fruit,,,,,,
4588,Ma Cuisine Just Raspberry Jam 300g,Pack size : 300g,KES398.00(Inc. VAT),Average Nutritional Value As Per 100g,232Kcal,970.688kJ,0.5g,56g,0.3g,0.5g,3.9g,7mg,Jam,Jelly,Food,Raspberry,,,,,,
4589,Ma Cuisine Seville Orange Marmalade Fruit Jam 450g,Pack size : 450g,KES398.00(Inc. VAT),Average Nutritional Value As Per 100g,245kcal,1025.08kJ,0.3g,65g,60g,0.3g,0.7g,37mg,Jam,Jelly,Food,Orange,,,,,,
4590,Peptang Pet Orange Marmalade Fruit Jam 1Kg,Pack size : 1Kg,KES399.00(Inc. VAT),Average Nutritional Value As Per 100g,245kcal,1025.08kJ,0.3g,65g,60g,0.3g,0.7g,37mg,Jam,Jelly,Food,Orange,,,,,,
4591,Peptang Pet Red Plum Jam 1Kg,Pack size : 1Kg,KES425.00(Inc. VAT),Average Nutritional Value As Per 100g,280kcal,1171.52kJ,0.4g,70g,48.5g,0.1g,1.1g,32mg,Jam,Jelly,Food,Plum,,,,,,
4592,KOL RED PLUM JAM 1KG,Pack size : 1kg,KES435.00(Inc. VAT),Average Nutritional Value As Per 100g,292.18kcal,1222.48kJ,0.42g,72g,53g,0.2g,1.2g,21.4g,Jam,Jelly,Food,Red Plum,,,,,,
4593,Peptang Mixed Pet Fruit Jam 1Kg,Pack size : 1kg,KES425.00(Inc. VAT),Average Nutritional Value As Per 100g,285kcal,1192.44kJ,0.5g,70g,70g,,0.5g,120g,Jam,Jelly,Food,Mixed Fruit,,,,,,
4594,Zesta Orange Marmalade Fruit Jam 1Kg,Pack size : 1Kg,KES449.00(Inc. VAT),Average Nutritional Value As Per 100g,245kcal,1025.08kJ,0.3g,65g,60g,0.3g,0.7g,37mg,Jam,Jelly,Food,Orange,,,,,,
4595,Zesta Red Plum Fruit Jam 1Kg,Pack size : 1Kg,KES449.00(Inc. VAT),Average Nutritional Value As Per 100g,280kcal,1171.52kJ,0.4g,70g,48.5g,0.1g,1.1g,32mg,Jam,Jelly,Food,Plum,,,,,,
4596,Browns Onion Jam 220G,Pack size : 220g,KES495.00(Inc. VAT),,,,,,,,,,,,,,,,,,,
4597,FRAGATA BLACKBERRY MARMALADE 350G,Pack size : 350g,KES577.00(Inc. VAT),Average Nutritional Value As Per 100g,215kcal,914kJ,0.5g,52g,52g,0g,,,Spread,Paste,Food,Blackberry,,,,,,
4598,Fragata La Vieja Fabrica Peach Marmalde 350g,Pack size : 350g,KES525.00(Inc. VAT),Average Nutritional Values As Per 100g,224kcal,952kJ,0.5g,55g,55g,,,,,,,,,,,,,
4599,HERO BLACK CHERRY JAM 350G,Pack size : 350g,KES590.00(Inc. VAT),Average Nutritional Value As Per 1 Table Spoon,50kcal,209.2kJ,,12g,,,,,Black Cherry Jam,Jelly,Food,Black Cherry,,,,,,
4600,HERO RASPBERRY JAM 350G,Pack size : 350g,KES590.00(Inc. VAT),Average Nutritional Value As Per 100g,255kcal,1080kj,0.7g,61g,49g,0.2g,,4mg,Raspberry Jam,Jelly,Food,Raspberry,,,,,,
4601,Nature's Tastes Lemon Marmalade 450G,Pack size : 450g,KES612.00(Inc. VAT),Average Nutritional Value As Per 100g,30kcal,125.52kJ,0g,8g,7g,0g,0g,0mg,Marmalade,Paste,Food,Lemon,,,,,,
4602,Carrefour Orange Marmalade Jam 370g,Pack size : 370g,KES699.00(Inc. VAT),Average Nutritional Value As Per 100g,245kcal,1025.08kJ,0.3g,65g,60g,0.3g,0.7g,37mg,Jam,Jelly,Food,Orange,,,,,,
4603,Carrefour Redcurrant Jelly 370g,Pack size : 370g,KES699.00(Inc. VAT),,,,,,,,,,,,,,,,,,,
4604,Nature's Tastes Mango Jam 450g,Pack size : 450g,KES717.00(Inc. VAT),Average Nutritional Value As Per 100g,60kcal,251.04kJ,0g,14g,13g,0g,0g,5mg,Mango Jam,Jelly,Food,Mango,,,,,,
4605,Nature's Tastes Mixed Fruit Jam 400g,Pack size : 400g,KES717.00(Inc. VAT),Average Nutritional Value As Per Per Kg,37kcal,155kJ,0.03g,9.0g,8.6g,0.03g,,,Fruit Jam,Jelly,Food,Mixed Fruit,,,,,,
4606,Carrefour Sourcherry Jam Sugar Free 280G,,KES729.00(Inc. VAT),,,,,,,,,,,,,,,,,,,
4607,HELIOS FRUITS OF THE FOREST E/P340G,Pack size : 340g,KES843.00(Inc. VAT),Average Nutritional Value As Per 100g,181kcal,757kJ,0.5g,44g,42.7g,0g,,,Jam,Jelly,Food,,,,,,,
4608,Nature's Tastes Raspberry Jam 450g,Pack size : 450g,KES899.00(Inc. VAT),Average Nutritional Value As Per 100g,241.3kcal,1024kJ,0.6g,56.9g,56.9g,0.2g,3.1g,0.56mg,Jam,Jelly,Food,Raspberry,,,,,,
4609,St Dalfour Raspberry Nas Fruit Jam 284g,Pack size : 284g,KES860.00(Inc. VAT),Average Nutritional Value As Per 100g,232kcal,986kJ,0.5g,56g,10g,0.5g,3.2g,7mg,Jam,Jelly,Food,Raspberry,,0.7g,,,,
4610,Carrefour Yellow Plum Jam 370g,Pack size : 370g,KES899.00(Inc. VAT),Average Nutritional Value As Per 100g,72kcal,2408kJ,1.4g,59g,59g,,1.1g,,Jam,Jelly,Food,Plum,,,,,,
4611,Carrefour Raspberry Jam 370G,Pack size : 370g,KES899.00(Inc. VAT),,,,,,,,,,,,,Raspberry,,,"Carbohydrates, Antioxidants",,,
4612,Carrefour Jam Peach 370G,Pack size : 370g,KES899.00(Inc. VAT),,,,,,,,,,,,,Peach,,,"Carbohydrates, Vitamin C",,,
4613,Carrefour Jam Rhubarb 370G,Pack size : 370g,KES899.00(Inc. VAT),Average Nutritional Value As Per 100g,238kcal,995.792kJ,0.3g,59g,59g,,1.4g,,Rhubarb Jam,Paste,Food,,,,,,,
4614,Carrefour Raspberry Jam 370G,Pack size : 370g,KES899.00(Inc. VAT),,,,,,,,,,,,,Raspberry,,,"Carbohydrates, Antioxidants",,,
4615,Carrefour Sour Cherry Jam 700G,,KES899.00(Inc. VAT),,,,,,,,,,,,,,,,,,,
4616,HELIOS RASPBERRY E/FRUIT PRESER340G,Pack size : 340g,KES967.00(Inc. VAT),Average Nutritional Value As Per 100g,178kcal,757kj,0.9g,42g,40.5g,0.6g,0.8g,,Jam,Jelly,Food,Raspberry,,,,,,
4617,ROSES MARMALADE LIME FINE CUT 454G,,KES1099.00(Inc. VAT),,,,,,,,,,,,,,,,,,,
4618,Roses Lemon And Lime Fine Cut Marmalade Jam 454g,Pack size : 454g,KES1099.00(Inc. VAT),Average Nutritional Value As Per 100g,265kcal,1124kJ,0.1g,1,53.8g,0.0g,,,Jam,Paste,Food,"Lemon, Lime",,0.31g,,,,
4619,ROSES MARMALADE ORANGE FINE CUT454G,,KES1099.00(Inc. VAT),,,,,,,,,,,,,,,,,,,
4620,Stokes Seville Orange Marmalade 340G,Pack size : 340g,KES1199.00(Inc. VAT),Nutrition Average Values per 100g,278 Kcal,1181 KJ,,69g,68g,,,,,,,,,,,,,
4621,Orange Juice Local 1L,Pack size : 1liter,KES429.00(Inc. VAT),Average Nutritional Value As Per 100ml,45kcal,188kJ,0.7g,10.4g,8.4g,0.2g,0.2g,1mg,Orange Juice,Liquid,Beverage,Orange,,,,,,
4622,Lime & Ginger Fresh Juice 1L,Pack size : 1liter,KES429.00(Inc. VAT),Average Nutritional Value As Per Serving,62kcal,259kJ,1g,16g,14g,1g,1g,2mg,Juice,Liquid,Beverage,Lime & Ginger,,0g,0mg,,,
4623,Orange Fresh Juice 500Ml,Pack size : 500ml,KES429.00(Inc. VAT),Average Nutritional Value As Per Serving,50kcal,209kJ,1g,12g,9g,0g,0g,1mg,Juice,Liquid,Beverage,Orange,,0.7g,1mg,,,
4624,Passion Fresh Juice 1L,Pack size : 1liter,KES429.00(Inc. VAT),Average Nutritional Value As Per Serving,83kcal,347kJ,1g,21g,18g,0.4g,2g,10mg,Juice,Liquid,Beverage,Passion,,0.6g,,,,
4625,Tropical Mix Fresh Juice 1L,Pack size : 1liter,KES429.00(Inc. VAT),Average Nutritional Value As Per 100ml,58kcal,247kJ,0.58g,12.6g,9.4g,0.24g,,,Fruit Juice,Liquid,Beverage,"Mango, passion, Orange juice & beetroot",,,,,,
4626,Tree Tomato Fresh Juice 1L,Pack size : 1liter,KES429.00(Inc. VAT),Average Nutritional Value As Per Serving,23kcal,96kJ,1g,5g,2.7g,1g,0.3g,6mg,Juice,Liquid,Beverage,Tree Tomato,,0.9g,120mg,,,
4627,Lime&Ginger Fresh Juice 500Ml,Pack size : 500ml,KES225.00(Inc. VAT),Average Nutritional Value As Per Serving,62kcal,259kJ,1g,16g,14g,1g,1g,2mg,Juice,Liquid,Beverage,Lime & Ginger,,0g,0mg,,,
4628,Mango Fresh Juice 1L,Pack size : 1liter,KES429.00(Inc. VAT),Average Nutritional Value As Per Serving,128kcal,535kJ,0.3g,33g,31g,0.2g,0.8g,13mg,Juice,Liquid,Beverage,Mango,,0.1g,,,,
4629,Pinepple Mint Fresh Juice 500Ml,Pack size : 500ml,KES225.00(Inc. VAT),Average Nutritional Value As Per Serving,110kcal,460kJ,2g,20g,21g,0g,0g,20mg,Juice,Liquid,Beverage,Pinepple and Mint,,0.39g,,,,
4630,Sugarcane Fresh Juice 500Ml,Pack size : 500ml,KES225.00(Inc. VAT),Average Nutritional Value As Per 100ml,269kcal,1125kJ,0g,73g,73g,0g,0g,58mg,Juice,Liquid,Beverage,Sugarcane,,0g,58mg,,,
4631,Watermelon Fresh Juice 500Ml,Pack size : 500ml,KES225.00(Inc. VAT),Average Nutritional Value As Per 100ml,53.87kcal,225.3kJ,0.41g,12.81g,0g,0.11g,0.61g,0.01mg,Watermelon Juice,Liquid,Beverage,Watermelon,,0.61g,,,,
4632,Pinepple Mint Fresh Juice 1L,Pack size : 1liter,KES429.00(Inc. VAT),Average Nutritional Value As Per Serving,110kcal,460kJ,2g,20g,21g,0g,0g,20mg,Juice,Liquid,Beverage,Pinepple and Mint,,0.39g,,,,
4633,Suntop Blackcurrant Fruit Juice 125Ml,Pack size : 125ml,KES35.00(Inc. VAT),Average Nutritional Value As Per 100ml,51kcal,214KJ,0.0g,12.0g,12.0g,0.0g,0.0g,,Fruit Juice,Liquid,Beverage,Blackcurrant,,,,,,
4634,Acacia Kids Bluerasberry Pouch200Ml,,,Nutrition information for 100ml of drink,53.5 Kcal,227 Kj,0.04g,13.1g,12.9g,0.01g,0.07g,,,,,,,0.027g,,,,
4635,Acacia Kids Mango Pouch 200Ml,,,Nutrition information for 100ml of drink,42.1 Kcal,179.12 Kj,0.168g,12.5g,12.5g,0.01g,0.54g,,,,,,,0.019g,,,,
4636,Suntop Berry Fruit Juice 125Ml,Pack size : 125ml,KES35.00(Inc. VAT),Average Nutritional Value As Per 100ml,54kcal,225.9kJ,1g,13g,13g,,,1.8mg,Fruit Juice,Liquid,Beverage,,,,,,,
4637,Fruit Full Tembo Blackberry And Grape Juice 100Ml,Pack size : 100ml,KES25.00(Inc. VAT),Average Nutritional Value As Per 100ml,62kcal,259.408kj,2g,13.8g,7g,0.7g,7.6g,1mg,,,,,,,,,,
4638,Paldo Pororo Blueberry Drink 235Ml,Pack size : 235ml,KES236.00(Inc. VAT),Average Nutritional Value As Per 100g,60kcal,251.04kJ,0g,15g,14g,0g,0g,0mg,Drink,Liquid,Beverage,Blueberry,,,,,,
4639,Acacia Kids Apple Pouch 200Ml,,,,,,,,,,,,,,,,,,,,,
4640,Quencher T Black Currant Juice250Ml,,KES50.00(Inc. VAT),,,,,,,,,,,,,,,,,,,
4641,Paldo Pororo Apple Drink 235Ml,Pack size : 235ml,KES236.00(Inc. VAT),Average Nutritional Value As Per 235ml,46kcal,192.464kJ,,31g,29g,,,35mg,Apple Drink,Liquid,Beverage,Apple,,,,,,
4642,Paldo Pororo Tropica Drink 235Ml,Pack size : 235ml,KES236.00(Inc. VAT),Average Nutritional Value As Per 235ml,81kcal,338.904kJ,0.8g,17g,17g,0.3g,0.6g,40mg,Tropical Drink,Liquid,Beverage,,,,,,,
4643,Paldo Pororo Strawberry Drink 235Ml,Pack size : 235ml,KES236.00(Inc. VAT),Average Nutritional Value As Per 100ml,100kcal,418.4kJ,1g,22g,19g,0.5g,,140mg,Strawberry Drink,Liquid,Beverage,Strawberry,,,,,,
4644,Paldo Pororo Milk Fruit Juice Drink 235Ml,Pack size : 235ml,KES236.00(Inc. VAT),Average Nutritional Value As Per 100g,21kcal,86kJ,0.7g,4.5g,3.6g,0.04g,0.4g,,Juice Drink,Liquid,Beverage,Milk,,,,,,
4645,Orchid Valley Tropical Juice 1L,Pack size : 1L,KES258.00(Inc. VAT),Average Nutritional Value As Per 64g,190kcal,794.96kJ,,,,,,,Juice,Liquid,Beverage,Tropical,,,,,,
4646,Quencher Fantasy Flavoured Drink 250Ml,Pack size : 250ml,KES50.00(Inc. VAT),Average Nutritional Value As Per 750ml,43kcal,179.91kJ,0g,10.7g,0g,0g,0g,0mg,Flavoured Drink,Liquid,Beverage,,,,,,,
4647,Acacia Kids Blackcurrant Pouch 200Ml,,,Nutrition information for 100ml of drink,53.1 Kcal,225 Kj,0.02g,12.9g,12.8g,0.01g,0.08g,,,,,,,0.025g,,,,
4648,Afia Apple Pet 200Ml,Pack size : 200ml,KES40.00(Inc. VAT),Average Nutritional Value As Per 100ml,285kcal,1192.44kJ,4g,71g,0g,4g,0g,0mg,Drink,Liquid,Food,Apple,,,,,,
4649,Choco Primo Drinking Chocolate Powder 20g,Pack size : 20g,KES10.00(Inc. VAT),Average Nutritional Value As Per 100g,390kcal,1631.76kJ,7.3g,82g,72g,3.57g,1.8g,,Chocolate Powder,Powder,Food,,,,,,,
4650,Twisco Drinking Choco Sachet 2In1 20G,Pack size : 20g,KES13.00(Inc. VAT),Average Nutritional Value As Per 100g,359kcal,1502.06kJ,4.6g,78g,74g,1.5g,6.5g,2mg,Drink Powder,Powder,Food,chocolate,,,,,,
4651,Clovers Pure Glucose 45g,Pack size : 45g,KES16.00(Inc. VAT),Average Nutritional Value As Per 100g,360kcal,1506.24kJ,0g,90g,0g,0g,,,Glucose,Powder,Food,,,,,,,
4652,Nestle Milo Active-Go Chocolate Milk Powder 10g,Pack size : 10g,KES20.00(Inc. VAT),Average Nutritional Value As Per 100g,416kcal,1740.5kJ,10.4g,67.1g,44g,10.9g,4g,150mg,Milk Powder,Powder,Food,Chocolate,,,,,,
4653,Miksi Chocolate Milk Drink Powder 20g,Pack size : 30g,KES28.00(Inc. VAT),Average Nutritional Value As Per 100g,457kcal,1912.09kJ,12g,61g,,18g,,,Milk Drink Powder,Powder,Food,,,,,,,
4654,Cadbury Drinking Chocolate Powder 20g,Pack size : 20g,KES29.00(Inc. VAT),Average Nutritional Value As Per 100g,402kcal,1697kJ,6.3g,76g,73g,5.6g,9.3g,0.6g,Chocolate Powder,Powder,Food,,,,,,,
4655,Twisco Drinking Choco Sachet 2In1 50G,Pack size : 50g,KES35.00(Inc. VAT),Average Nutritional Value As Per 100g,359kcal,1502.06kJ,4.6g,78g,74g,1.5g,6.5g,2mg,Drink Powder,Powder,Food,chocolate,,,,,,
4656,Cocoa Primo Rich Cocoa Powder 20G,Pack size : 20g,KES30.00(Inc. VAT),Average Nutritional Value As Per 100g,333kcal,1393kJ,6.89g,50.90g,,11.45g,,,Cocoa Powder,Powder,Food,Cocoa,,,,,,
4657,Choco Primo Rich Drinking Chocolate Powder 100g,Pack size : 100g,KES75.00(Inc. VAT),,12g,12g,57kcal,Average Nutritional Value As Per 100g,,,,,Food,,1g,238.488kJ,Powder,,,,,
4658,Clovers Drinking Chocolate Powder 50G,Pack size : 50g,,Average Nutritional Value As Per 100g,362kcal,1514KJ,6.95g,82.22g,,3.67g,,,Chocolate Powder,Powder,Food,,,,,,,
4659,Dairyland Drinking Chocolate 50G,Pack size : 50g,KES40.00(Inc. VAT),,,,,,,,,,,,,,,,,,,
4660,Raha Drinking Chocolate Powder 50g,Pack size : 50g,KES39.00(Inc. VAT),Average Nutritional Value As Per 100g,72kcal,301.248kJ,1g,16g,,,,,Chocolate Powder,Powder,Food,,,,,,,
4661,Clovers Chocolate Drinking Powder 100G,Pack size : 100g,,Average Nutritional Value As Per 100g,362kcal,1514.61kJ,6.95g,82.22g,,3.67g,,,Drinking Powder,Powder,Food,Chocolate,,,,,,
4662,Dairyland Drinking Chocolate 100G,Pack size : 100g,KES80.00(Inc. VAT),,,,,,,,,,,,,,,,,,,
4663,Clovers Cocoa Powder Sachets 50G,Pack size : 50g,,Average Nutritional Value As Per 100g,228kcal,953.952kJ,20g,58g,1.8g,14g,33g,21mg,Powder,Powder,Food,,,,,,,
4664,Raha Cocoa Powder 40G,Pack size : 50g,KES88.00(Inc. VAT),Average Nutritional Value As Per Serving,29kcal,121.336kJ,15g,9g,,3g,2g,140mg,Drink Powder,Powder,Food,Cocoa,,,,,,
4665,Cadbury Drinking Chocolate Powder 9 Sachet,Pack size : 9 Sachet,KES97.00(Inc. VAT),Average Nutritional Value As Per 100g,402kcal,1697kJ,6.3g,76g,73g,5.6g,9.3g,0.6g,Chocolate Powder,Powder,Food,,,,,,,
4666,Rapra's Chocolate Drinking Powder 100g,Pack size : 100g,KES110.00(Inc. VAT),Average Nutritional Value As Per 100g,373kcal,1560.63kJ,9g,51g,,10g,,,Drinking Powder,Powder,Food,Chocolate,,,,,,
4667,Raha Drinking Chocolate Powder 100g,Pack size : 100g,KES119.00(Inc. VAT),Average Nutritional Value As Per 100g,72kcal,301.248kJ,1g,16g,,,,,Chocolate Powder,Powder,Food,,,,,,,
4668,Choco Primo Rich Drinking Chocolate Powder 100g,Pack size : 100g,KES109.00(Inc. VAT),,82g,,390kcal,Average Nutritional Value As Per 100g,,,,,Food,,7g,1631.76kJ,Powder,,,,,
4669,Top Food Soya Ginger Drink Mix 200g,Pack size : 200g,,Average Nutritional Value As Per 100g,36kcal,150.624kJ,3.6g,0.7g,0.5g,2.1g,,0mg,Drink Mix,Powder,Food,,,,,,,
4670,Twisco Drinking Choco Jar 2In1 125G,Pack size : 125g,KES125.00(Inc. VAT),Average Nutritional Value As Per 100g,354kcal,1485kJ,4.7g,79.3g,,2.1g,6.2g,,Chocolate Drink Powder,Powder,Food,chocolate,,0.5g,,,,
4671,Clovers Chocolate Drinking Powder 100G,Pack size : 100g,,Average Nutritional Value As Per 100g,362kcal,1514.61kJ,6.95g,82.22g,,3.67g,,,Drinking Powder,Powder,Food,Chocolate,,,,,,
4672,Dairyland Drinking Chocolate Jars 125G,Pack size : 125g,KES150.00(Inc. VAT),,,,,,,,,,,,,,,,,,,
4673,Rapra's Drinking Chocolate 100g,Pack size : 100g,KES165.00(Inc. VAT),Average Nutritional Value As Per 100g,373kcal,1560.63kJ,9g,51g,0g,10g,,,Drinking,Powder,Food,Chocolate,,,,,,
4674,Rapra's Chocolate Drinking Powder 200g,Pack size : 200g,KES170.00(Inc. VAT),Average Nutritional Value As Per 100g,373kcal,1560.63kJ,9g,51g,,10g,,,Drinking Powder,Powder,Food,Chocolate,,,,,,
4675,Choco Primo Chocolate Burst 125g,,KES159.00(Inc. VAT),,,,,,,,,,,,,,,,,,,
4676,Clovers Cocoa Powder Sachets 100G,Pack size : 100g,,Average Nutritional Value As Per 100g,228kcal,953.952kJ,20g,58g,1.8g,14g,33g,21mg,Powder,Powder,Food,,,,,,,
4677,Top Food Moringa Ground Herb 100g,Pack size : 100g,,Average Nutritional Value As Per 10g,3kcal,12kJ,1g,1.5g,0g,0g,,,Ground Herb,Solid,Food,,,,,,,
4678,Clovers Cocoa Powder Sachets 100G,Pack size : 100g,,Average Nutritional Value As Per 100g,228kcal,953.952kJ,20g,58g,1.8g,14g,33g,21mg,Powder,Powder,Food,,,,,,,
4679,NESTLE MILO ACTIV-GO SACHET 90G,,KES200.00(Inc. VAT),,,,,,,,,,,,,,,,,,,
4680,Clovers Chocolate Drinking Powder 200G,Pack size : 200g,,Average Nutritional Value As Per 100g,362kcal,1514.61kJ,6.95g,82.22g,,3.67g,,,Drinking Powder,Powder,Food,Chocolate,,,,,,
4681,Dairyland Drinking Chocolate Jars 225G,Pack size : 225g,,,,,,,,,,,,,,,,,,,,
4682,Clovers Cocoa Powder Jar 100G,Pack size : 100g,,Average Nutritional Value As Per 100g,228kcal,953.952kJ,20g,58g,1.8g,14g,33g,21mg,Powder,Powder,Food,,,,,,,
4683,Raha Cocoa Powder 80G,Pack size : 80g,KES234.00(Inc. VAT),Average Nutritional Value As Per Serving,29kcal,121.336kJ,15g,9g,,3g,2g,140mg,Drink Powder,Powder,Food,Cocoa,,,,,,
4684,Twisco Drinking Choco Jar 2In1 225G,Pack size : 225g,KES225.00(Inc. VAT),,,,,,,,,,,,,chocolate,,,,,,
4685,Coffeemate Creamy Chocolate 425G,Pack size : 425g,KES1999.00(Inc. VAT),,,,,,,,,,,,,,,,,,,
4686,Toll House Cocoa 226G,Pack size : 226g,KES1599.00(Inc. VAT),,,,,,,,,,,,,,,,,,,
4687,Rapra's Chocolate Drinking Powder 200g,Pack size : 200g,KES170.00(Inc. VAT),Average Nutritional Value As Per 100g,373kcal,1560.63kJ,9g,51g,,10g,,,Drinking Powder,Powder,Food,Chocolate,,,,,,
4688,Miksi Chocolate Milk Drink Powder 20g,Pack size : 30g,KES28.00(Inc. VAT),Average Nutritional Value As Per 100g,457kcal,1912.09kJ,12g,61g,,18g,,,Milk Drink Powder,Powder,Food,,,,,,,
4689,Sues Naturals Organic Moringa Powder 150g,Pack size : 150g,KES1400.00(Inc. VAT),Average Nutritional Value As Per 100g,281kcal,1179kJ,5.9g,38.2g,,0.2g,8.27g,,Moringa Powder,Powder,Food,,,,,,,
4690,Rapra's Drinking Chocolate 100g,Pack size : 100g,KES165.00(Inc. VAT),Average Nutritional Value As Per 100g,373kcal,1560.63kJ,9g,51g,0g,10g,,,Drinking,Powder,Food,Chocolate,,,,,,
4691,Bolci Freeze Dried Strawberry 80G,Pack size : 80G,KES637.00(Inc. VAT),,,,,,,,,,,,,,,,,,,
4692,Bolci Roche Milk Chocolate Raisin & Hazelnut 80G,,KES637.00(Inc. VAT),,,,,,,,,,,,,,,,,,,
4693,Hamlet Gold Euro Coins Chocolate 100G,Pack size : 100g,KES645.00(Inc. VAT),Average Nutritional Value As Per 100g,524kcal,2194kJ,6g,62g,53g,28g,,,Chocolate,Solid,Food,,,,,,,
4694,GUYLIAN SEA SHELL CON STORE TRAY65G,Pack size : 65g,,Average Nutritional Value As Per 100g,552kcal,2312kJ,7.8g,50g,49g,35g,,,Belgian Chocolates,Solid,Food,,,0.7g,,,,
4695,Guylian Praline Hearts 42G,,,,,,,,,,,,,,,,,,,,,
4696,Vobro Chocolate Best Wishes 75G,,KES745.00(Inc. VAT),,,,,,,,,,,,,,,,,,,
4697,Vobro Frutti Di Mare Chocolate 90G,,KES840.00(Inc. VAT),,,,,,,,,,,,,,,,,,,
4698,HAMLET MILK CHOCO FLAKE TRUFFLE125G,Pack size : 125g,KES895.00(Inc. VAT),Average Nutritional Value As Per 100g,601Kcal,2515kJ,4.1g,50g,49g,43g,,,Truffle Chocolate,Solid,Food,Cocoa,,0.12g,,,,
4699,Hamlet Chocolate Sticks Orange125G,Pack size : 125g,KES895.00(Inc. VAT),Average Nutritional Value As Per 100g,511Kcal,2130kJ,7g,61g,59g,26g,,,Orange Chocolate Sticks,Solid,Food,"Orange, Cocoa",,0.17g,,,,
4700,Vobro Fruti Di Mare Chrry&Cocoa 97G,,KES899.00(Inc. VAT),,,,,,,,,,,,,,,,,,,
4701,Witor'S Cuore Milk Chocolate Truffle 145G,Pack size : 145g,KES921.00(Inc. VAT),,,,,,,,,,,,,,,,,,,
4702,Witor'S Cuore Milk Chocolate Truffle 145G,Pack size : 145g,KES921.00(Inc. VAT),,,,,,,,,,,,,,,,,,,
4703,Vobro Chocolate Cherry Passion 98G,,KES970.00(Inc. VAT),,,,,,,,,,,,,,,,,,,
4704,Hamlet Belgian Chocolate 100G,Pack size : 100g,KES975.00(Inc. VAT),Average Nutritional Value As Per 100g,526Kcal,2201kJ,5.5g,45g,44g,36g,,,Pralines Chocolate,Solid,Food,Cocoa,,0.12g,,,,
4705,Hamlet Royal Orange Mints 200 G,Pack size : 200g,KES985.00(Inc. VAT),Average Nutritional Value As Per 100g,457Kcal,1910kJ,3.5g,70g,61g,17g,,,Orange Mint Chocolate,Solid,Food,"Orange, Cocoa",,0.08g,,,,
4706,HAMLET ROYAL MINTS 200 G,Pack size : 200g,KES985.00(Inc. VAT),Average Nutritional Value As Per 100g,457Kcal,1910kJ,3.5g,70g,68g,17g,,,Mint Chocolate,Solid,Food,Cocoa,,0.08g,,,,
4707,Hamlet Cupido Irish Whiskey And Cream Chocolate 150G,Pack size : 150g,KES985.00(Inc. VAT),Average Nutritional Value As Per 100g,469kcal,1920kJ,2.8g,57g,51g,21g,,,Chocolate,Solid,Food,"Whiskey, Cream",,,,,,
4708,Witor's Boero Limoncello Dark Chocolate with Liqueur 145g,Pack size : 145g,KES993.00(Inc. VAT),,,,,,,,,,,,,,,,,,,
4709,Hamlet Selection Chocolate 125G,Pack size : 125g,KES1045.00(Inc. VAT),Average Nutritional Value As Per 100g,512kcal,2140kJ,6.2g,58g,,28g,,,Chocolate,Solid,Food,,,,,,,
4710,Vobro Hazelnut Passion Choco 126G,,KES1200.00(Inc. VAT),,,,,,,,,,,,,,,,,,,
4711,Vobro Chocolate Panna Cotta1 Pralines 29G,,KES1200.00(Inc. VAT),,,,,,,,,,,,,,,,,,,
4712,Bolci Strawberry In Milk Choc olate120G,,KES1276.00(Inc. VAT),,,,,,,,,,,,,,,,,,,
4713,Witor's Golden Milk Chocolate with Hazelnuts 250g,Pack size : 250g,KES1276.00(Inc. VAT),,,,,,,,,,,,,,,,,,,
4714,Bolci Strawberry In Milk Choc olate120G,,KES1276.00(Inc. VAT),,,,,,,,,,,,,,,,,,,
4715,Guylian Sea Shells Artisanal Belgian Chocolates 125g,Pack size : 125g,KES1295.00(Inc. VAT),Average Nutritional Value As Per 100g,555kcal,2319kJ,7.7g,50g,48g,36g,,,Chocolates,Solid,Food,Cocoa,,,,,,
4716,Witor's Noir Dark Chocolate with Hazelnuts 200g,Pack size : 200g,KES1347.00(Inc. VAT),,,,,,,,,,,,,,,,,,,
4717,Hamlet Assortment White Belgian Chocolate 125G,Pack size : 125g,KES1375.00(Inc. VAT),Average Nutritional Value As Per 180ml,610kcal,2550kJ,4.9g,40g,34g,47g,0g,0mg,Chocolate,Solid,Food,Cocoa,,,,,,
4718,Hamlet Excellent Chocolate Box 125G,Pack size : 125g,KES1375.00(Inc. VAT),Average Nutritional Value As Per 100g,526kcal,2200kJ,6.2g,55.5g,53.5g,,30.4g,,Chocolate Box,Solid,Food,,,,,,,
4719,Hamlet Excellent Line Gold Box 125G,Pack size : 125g,KES1375.00(Inc. VAT),Average Nutritional Value As Per 100g,526kcal,2201kJ,6.2g,56g,54g,30g,,,Belgian Chocolate,Solid,Food,Cocoa,,0.15g,,,,
4720,Hamlet Chesterfield Line Black Chocolate 125G,Pack size : 125g,KES1375.00(Inc. VAT),Average Nutritional Value As Per 100g,526kcal,2201kJ,6.2g,56g,54g,30g,,,Black Chocolate,Solid,Food,,,,,,,
4721,Hamlet Love Chocolate Box 125G,Pack size : 125g,KES1375.00(Inc. VAT),Average Nutritional Value As Per 100g,526kcal,2201kJ,6.2g,56g,54g,30g,,,Love Line Chocolate,Solid,Food,Cocoa,,,,,,
4722,Guylian Temptations Mix Impulse Pack 124G,,KES1495.00(Inc. VAT),,,,,,,,,,,,,,,,,,,
4723,Hamlet Sea Shell Chocolate Box250G,Pack size : 250g,KES1495.00(Inc. VAT),Average Nutritional Value As Per 100g,560Kcal,2343kJ,4g,58g,57g,35g,,,Sea Shells Chocolate,Solid,Food,Cocoa,,0.01g,,,,
4724,Guylian Temptations Original Chocolate Hazelnut Praline Filling 115G,,KES1495.00(Inc. VAT),,,,,,,,,,,,,,,,,,,
4725,Hamlet Seashell Hazelnut Filling Chocolate 250G,Pack size : 250g,KES1595.00(Inc. VAT),Average Nutritional Value As Per 100g,553kcal,2314kJ,3.9g,50g,49g,37g,,,Chocolate,Solid,Food,Hazelnut,,,,,,
4726,Guylian Sea Horse Pralines Belgian Chocolates 168g,Pack size : 168g,,Average Nutritional Value As Per 100g,552kcal,2310kJ,7.5g,52g,51g,34g,,,Chocolate,Solid,Food,,,,,,,
4727,Vobro Marzipan Passion Chocolate 180G,,KES1740.00(Inc. VAT),,,,,,,,,,,,,,,,,,,
4728,Hamlet Excelcium Choco As. Blac400G,Pack size : 200g,KES1895.00(Inc. VAT),,,0.08g,Average Nutritional Value As Per 100g,,,,,Solid,463Kcal,50g,67g,,1937kJ,Excelsium Pralines Chocolate,Cocoa,,Food,
4729,Vobro Delissimo Honey & Almond Chocolate 182G,,KES1910.00(Inc. VAT),,,,,,,,,,,,,,,,,,,
4730,VOBRO FRUTTI DI MARE CHOCO225G,,KES1950.00(Inc. VAT),,,,,,,,,,,,,,,,,,,
4731,GUYLIAN TEMPTATIONS MIX PACK 200G,,KES1975.00(Inc. VAT),,,,,,,,,,,,,,,,,,,
4732,Vobro Delissimo Honey & Almond Chocolate 182G,,KES1910.00(Inc. VAT),,,,,,,,,,,,,,,,,,,
4733,Guylian Opus Luxury Assortment Belgian Chocolates Gift Box 180G,Pack size : 180g,,Average Nutritional Value As Per 100g,555kcal,2319kJ,7.7g,50g,48g,36g,,,Chocolates Gift Box,Solid,Food,,,,,,,
4734,Guylian Sea Shells Belgian Chocolates Gift Ballotin 250g,Pack size : 250g,,Average Nutritional Value As Per 100g,587kcal,2440kJ,7g,45g,44g,28g,,,Chocolates Gift Ballotin,Solid,Food,Cocoa,,,,,,
4735,Toblerone Truffles Chocolate 180G,Pack size : 180g,KES2965.00(Inc. VAT),Nutrition information per 100g,‎563.80 kcal,‎2359.00 kJ,‎5.2000 g,‎55.0000 g,,‎36.0000 g,‎2.1000 g,,,,,,,‎0.1200 g,,,,
4736,Lindt Lindor Cornet Salted Caramel 200G,Pack size : 200g,KES3180.00(Inc. VAT),Nutrition Information per 100g:,,,,,,,,,Food,Solid,,,,,,,,
4737,Ferrero Chocolate T24 269G,Pack size : 269G,KES3995.00(Inc. VAT),,,,,,,,,,,,,,,,,,,
