Food name,Energy(kJ),Energy(kcal) ,Water(g),Protein(g),Fat(g),Carbohydrate available(g) ,Fibre(g),Ash(g),Ca(mg),Fe(mg),Mg(mg),P(mg),K(mg),Na(mg),Zn(mg),Se(mcg),Vit A-RAE(mcg),Vit A-RE(mcg),Retinol (mcg),b-carotene equivalent (mcg),Thiamin(mg) ,Riboflavin(mg) ,Niacin(mg),Dietary Folate Eq.(mcg),Food folate (mcg),Vit B12(mcg) ,Vit C(mg),Cholesterol (mg),Oxalic acid OXALAC(mg),Phytate(mg) ,IP3 (mg),IP4 (mg),IP5 (mg),IP6 (mg),Isoleucin(mg),Leucine(mg),Lysine(mg),Methionine(mg),Cystine(mg),Phenylalanine(mg),Tyrosine(mg),Threonine(mg),Tryptophan(mg),Valine(mg),Arginine(mg),Histidine(mg),Alanine(mg),Aspartic acid(mg),Glutamic acid(mg),Glycine(mg),Proline(mg),Serine(mg),"Fatty acids, total (standardized)","Fatty acids, total, own calculation (g)_own","Fatty acids, total (from source)(g)_from source",Sum of individual FA(g)(standardized),"fatty acids, total saturated (standardized)","fatty acids, total monounsaturated (standardized)(g)","fatty acids, total polyunsaturated (standardized)(g)","fatty acids, total trans (standardized)(g)","other fatty acids, not specifiied (standardized)","fatty acids, total saturated (own calculation)","fatty acids, total monounsaturated (own calculation)","fatty acids, total polyunsaturated (own calculation)","fatty acids, total trans (own calculation)","other fatty acids, not specifiied (own calculation)","fatty acids, total saturated","fatty acids, total monounsaturated","fatty acids, total polyunsaturated","fatty acids, total trans (from source)","other fatty acids, not specifiied (from source)","Sum of polyunsaturated FA, n-3 (standardized)","Sum of polyunsaturated FA, n-6 (standardized)"
"Amaranth, whole grain, dry, raw",1520,360,10,14.7,5.6,59.2,7.5,3.1,162,9.5,270,397,413,3,2.5,21,0,0,0,0,0.07,0.21,0.5,82,82,0,1,0,0,0,0,0,0,0,0,0,0,0,0,0,0,0,0,0,0,0,0,0,0,0,0,0,0,0,0,0,0,0,0,0,0,0,0,0,0,0,0,0,0,0,0,0,0
"Amaranth, whole grain, dry, stewed (without salt)",510,121,69.8,4.9,1.9,19.9,2.5,1.1,56,3.2,91,133,139,3,0.85,7,0,0,0,0,0.02,0.07,0.2,22,22,0,0,0,0,0,0,0,0,0,0,0,0,0,0,0,0,0,0,0,0,0,0,0,0,0,0,0,0,0,0,0,0,0,0,0,0,0,0,0,0,0,0,0,0,0,0,0,0
"Amaranth, whole grain, flour",1540,365,10.2,13.8,6.3,59.6,7.1,3,161,8.9,259,405,461,3,2.7,20,0,0,0,1,0.08,0.15,0.7,0,0,0,1,0,0,0,0,0,0,0,0,0,0,0,0,0,0,0,0,0,0,0,0,0,0,0,0,0,0,0,0,0,0,0,0,0,0,0,0,0,0,0,0,0,0,0,0,0,0
"Biscuit, Savoury",2060,492,4.5,6.6,24.9,58.9,3.3,1.9,38,1.4,27,177,161,637,0.83,15,8,10,7,15,0.16,0.06,1.3,21,21,0,3,0,0,0,0,0,0,0,0,0,0,0,0,0,0,0,0,0,0,0,0,0,0,0,0,0,0,0,0,0,0,0,0,0,0,0,0,0,0,0,0,0,0,0,0,0,0
"Biscuit, Sweet",1930,460,4.3,6.1,17.2,69.3,2.1,1.1,45,1.4,19,98,158,298,0.6,10,40,42,38.5,20,0.09,0.03,0.7,23,23,0.1,7,12,0,0,0,0,0,0,0,0,0,0,0,0,0,0,0,0,0,0,0,0,0,0,0,0,0,0,0,0,0,0,0,0,0,0,0,0,0,0,0,0,0,0,0,0,0
"Bread, Brown",1040,245,36,8,1.5,46.9,5.9,1.7,56,2.6,58,134,191,446,1.3,13,0,0,0,0,0.22,0.01,3.4,37,37,0.05,0,0,0,0,0,0,0,0,0,0,0,0,0,0,0,0,0,0,0,0,0,0,0,0,0,0,0,0,0,0,0,0,0,0,0,0,0,0,0,0,0,0,0,0,0,0,0
"Bread, Sweet",1540,368,23.5,8.3,14.4,50.6,1.5,1.8,80,1.9,18,147,227,369,0.8,20,74,77,70,43,0.2,0.16,2.3,33,33,0.23,0.6,0,0,0,0,0,0,0,0,0,0,0,0,0,0,0,0,0,0,0,0,0,0,0,0,0,0,0,0,0,0,0,0,0,0,0,0,0,0,0,0,0,0,0,0,0,0
"Bread, White",1050,249,36.9,7.7,1.9,48.8,3.1,1.7,37,1.7,27,95,120,466,0.8,10,0,0,0,0,0.16,0.06,3.8,28,28,0.07,0,0,0,0,0,0,0,0,0,0,0,0,0,0,0,0,0,0,0,0,0,0,0,0,0,0,0,0,0,0,0,0,0,0,0,0,0,0,0,0,0,0,0,0,0,0,0
"Breakfast cereal, flakes of corn, fortified (iron, thiamine, riboflavin, niacin and folate)",1580,372,3.5,7.5,0.7,82.6,2.95,2.8,3.2,10.2,13,45,110,1090,0.2,5.5,11,21,0,128,1,1.5,17.7,422,4,0,0,0,0,0,0,0,0,0,0,0,0,0,0,0,0,0,0,0,0,0,0,0,0,0,0,0,0,0,0,0,0,0,0,0,0,0,0,0,0,0,0,0,0,0,0,0,0
"Breakfast cereal, flakes of corn",1580,373,3.5,7.5,0.7,83,2.6,2.8,3,0.4,13,45,110,1090,0.2,9,10,21,0,125,0,0.08,0.8,4,4,0,0,0,0,0,0,0,0,0,0,0,0,0,0,0,0,0,0,0,0,0,0,0,0,0,0,0,0,0,0,0,0,0,0,0,0,0,0,0,0,0,0,0,0,0,0,0,0
"Breakfast cereal, wheat biscuits, Weetabix type",1550,366,3.8,11.5,1.9,70.7,9.9,2.1,30,7.6,125,308,392,360,2,5.1,0,0,0,0,1,1.24,11,53,53,0,0,0,0,0,0,0,0,0,0,0,0,0,0,0,0,0,0,0,0,0,0,0,0,0,0,0,0,0,0,0,0,0,0,0,0,0,0,0,0,0,0,0,0,0,0,0,0
"Buns, Currant",1290,306,29,7,6.8,52.8,2.9,1.5,90,2.5,27,100,210,100,0.6,9,0,0,0,1,0.2,0.03,2.1,12,12,0,0,1.5,0,0,0,0,0,0,0,0,0,0,0,0,0,0,0,0,0,0,0,0,0,0,0,0,0,0,0,0,0,0,0,0,0,0,0,0,0,0,0,0,0,0,0,0,0
"Cake or cupcake, plain butter cake, commercial",1530,363,25.9,7.1,15.3,48.8,1.1,1.9,63,1,14,310,110,480,0.5,7,50,53,46,42.5,0.06,0.14,0.7,9,8.5,0.15,0,82.5,0,0,0,0,0,0,0,0,0,0,0,0,0,0,0,0,0,0,0,0,0,0,0,0,0,0,0,0,0,0,0,0,0,0,0,0,0,0,0,0,0,0,0,0,0
"Cake, Fruit",1550,368,20,4,12.3,58.8,3.1,1.8,75,2,23,106,347,170,0.5,4,8,12,5,41,0.1,0.1,0.2,0,0,0.2,0,38,0,0,0,0,0,0,0,0,0,0,0,0,0,0,0,0,0,0,0,0,0,0,0,0,0,0,0,0,0,0,0,0,0,0,0,0,0,0,0,0,0,0,0,0,0
"Cake, Sponge, homemade",1940,465,15,6.5,26.7,49.1,1.1,1.6,140,1.4,12,246,105,350,0.6,7,323,338,309,173,0.04,0.13,0.5,9,9,0.9,0,161,0,0,0,0,0,0,0,0,0,0,0,0,0,0,0,0,0,0,0,0,0,0,0,0,0,0,0,0,0,0,0,0,0,0,0,0,0,0,0,0,0,0,0,0,0
"Cake, Sponge, without fat",1280,304,30,10,6.3,51.2,1.2,1.3,70,2,15,137,136,80,0.9,14,73,73,73,0,0.1,0.25,0.5,16,16,1.6,0,203,0,0,0,0,0,0,0,0,0,0,0,0,0,0,0,0,0,0,0,0,0,0,0,0,0,0,0,0,0,0,0,0,0,0,0,0,0,0,0,0,0,0,0,0,0
Cakes (Various Fancy Iced),1730,412,15.7,13,16.8,51.5,1.1,1.9,45,1.5,10,148,147,250,0.3,3,0,0,0,0,0.03,0.5,0.5,7,7,0.2,0,31.1,0,0,0,0,0,0,0,0,0,0,0,0,0,0,0,0,0,0,0,0,0,0,0,0,0,0,0,0,0,0,0,0,0,0,0,0,0,0,0,0,0,0,0,0,0
"Cornflour, from maize starch",1510,355,10.6,0.5,0.4,87.1,0.6,0.8,12,0.7,3,24,7,10,0.2,2,0,0,0,0,0.02,0,0.2,1,1,0,0,0,0,0,0,0,0,0,0,0,0,0,0,0,0,0,0,0,0,0,0,0,0,0,0,0,0,0,0,0,0,0,0,0,0,0,0,0,0,0,0,0,0,0,0,0,0
"Maize, grain, white variety, whole, dry, raw",1450,345,13.6,7.94,4.5,63.4,9.4,1.2,24,2.6,75,367,226,12,1.88,8,0,0,0,0,0.25,0.1,2,71,71,0,0,0,0,0,615,0,0,0,320,1130,330,0,0,410,385,405,0,435,530,214,705,380,1680,325,890,540,3.58,0,0,3.58,0.61,1.32,1.57,0,0.07,0,0,0,0,0,0,0,0,0,0,0.04,1.54
"Maize, grain, white variety, whole, dry, boiled, drained (without salt)",469,111,72.1,2.6,1.5,20.5,3,0.4,9,0.8,25,112,59,5,0.58,3,0,0,0,0,0.04,0.02,0.5,16,16,0,0,0,0,0,0,0,0,0,0,0,0,0,0,0,0,0,0,0,0,0,0,0,0,0,0,0,0,0,0,0,0,0,0,0,0,0,0,0,0,0,0,0,0,0,0,0,0
"Maize, grain, white variety, whole, dry, stewed (without salt)",469,111,72.1,2.6,1.5,20.5,3,0.4,9,0.8,25,118,73,6,0.61,3,0,0,0,0,0.06,0.03,0.6,18,18,0,0,0,0,0,0,0,0,0,0,0,0,0,0,0,0,0,0,0,0,0,0,0,0,0,0,0,0,0,0,0,0,0,0,0,0,0,0,0,0,0,0,0,0,0,0,0,0
"Maize, grain, yellow variety, whole, dry, raw",1430,340,12.7,8.3,3.7,62.5,11.9,1,7,3.9,104,216,346,7,2.3,8.5,20,40,0,241,0.5,0.12,2.2,33,33,0,0,0,0,0,0,0,0,0,0,0,0,0,0,0,0,0,0,0,0,0,0,0,0,0,0,0,0,0,0,0,0,0,0,0,0,0,0,0,0,0,0,0,0,0,0,0,0
"Maize, grain, yellow variety, whole, dry, boiled, drained (without salt)",463,110,71.8,2.7,1.2,20.2,3.8,0.4,4,1.3,34,66,90,4,0.7,3,6,12,0,70,0.08,0.03,0.5,7,7,0,0,0,0,0,0,0,0,0,0,0,0,0,0,0,0,0,0,0,0,0,0,0,0,0,0,0,0,0,0,0,0,0,0,0,0,0,0,0,0,0,0,0,0,0,0,0,0
"Maize, grain, yellow variety, whole, dry, stewed, drained (without salt)",334,79,79.6,1.9,0.9,14.5,2.8,0.3,3,0.9,25,50,81,4,0.53,2,4,9,0,53,0.09,0.03,0.5,6,6,0,0,0,0,0,0,0,0,0,0,0,0,0,0,0,0,0,0,0,0,0,0,0,0,0,0,0,0,0,0,0,0,0,0,0,0,0,0,0,0,0,0,0,0,0,0,0,0
"Maize meal, sifted, fortified, packaged, raw",1490,352,12.7,6.8,3,72.3,4.5,0.7,20,3.6,50,229,150,12,4.36,0,71,71,71.4,0,0.5,0.31,3.69,523,18,0,0,0,0,0,622,0,0,0,270,1020,275,0,0,400,390,335,0,370,420,310,600,230,1480,195,835,310,2.39,0,0,2.39,0.44,0.95,0.99,0,0,0,0,0,0,0,0,0,0,0,0,0.03,0.96
"Maize, White, Degermed (Muthokoi)",1430,338,13.5,7.3,1.7,71.4,3.9,2.2,3,0.5,19,50,90,7,0.5,0,0,0,0,1.5,0.12,0.01,0.5,10,10,0,0,0,0,0,0,0,0,0,0,0,0,0,0,0,0,0,0,0,0,0,0,0,0,0,0,0,0,0,0,0,0,0,0,0,0,0,0,0,0,0,0,0,0,0,0,0,0
"Maize, whole, flour, raw",1450,345,13.6,7.9,4.5,63.4,9.4,1.2,9,2.6,110,323,258,12,1.88,9,0,0,0,0,0.25,0.1,2,71,71,0,0,0,0,0,615,0,0,0,0,0,0,0,0,0,0,0,0,0,0,0,0,0,0,0,0,0,0,0,0,0,0,0,0,0,0,0,0,0,0,0,0,0,0,0,0,0,0
"Green Maize, white, whole, grain, fresh, raw",655,157,55.1,4.1,2.5,21.4,16.1,0.8,18,1.2,39,188,188,8,1.95,5,8,16,0,98,0.18,0.1,1.55,78,78,0,0.9,0,12,0,210,0,0,0,160,410,200,68,48,240,245,185,24,160,220,87,350,375,814,183,365,247,2.3,0,0,2.3,0.45,0.86,0.99,0,0,0,0,0,0,0,0,0,0,0,0,0.02,0.96
"Green maize, white, whole, grain, fresh, boiled, drained (without salt)",612,146,58,3.8,2.3,20,15,0.8,17,1.1,36,167,141,6,1.73,5,7,14,0,82,0.08,0.07,1.1,51,51,0,1,0,0,0,0,0,0,0,0,0,0,0,0,0,0,0,0,0,0,0,0,0,0,0,0,0,0,0,0,0,0,0,0,0,0,0,0,0,0,0,0,0,0,0,0,0,0
"Green Maize, white, whole, grain, fresh, stewed (without salt)",850,203,41.7,5.3,3.2,27.8,20.9,1.1,23,1.6,50,245,244,10,2.53,7,10,20,0,121,0.17,0.13,1.9,81,81,0,1,0,0,0,0,0,0,0,0,0,0,0,0,0,0,0,0,0,0,0,0,0,0,0,0,0,0,0,0,0,0,0,0,0,0,0,0,0,0,0,0,0,0,0,0,0,0
"Millet, bulrush, flour",1490,354,11,10.5,5.3,61.8,8.8,2.7,32,32.4,84,263,291,4,4.14,34,0,0,0,0,0.27,0.17,1.5,162,162,0,3,0,0,0,0,0,0,0,440,1010,480,240,100,600,350,370,140,610,340,210,800,850,2070,300,660,330,4.56,0,0,4.56,1.08,1.34,2.13,0.01,0,0,0,0,0,0,0,0,0,0,0,0.13,2
"Millet, bulrush, grain, dry, raw",1490,354,11,9.8,5.3,62.5,8.8,2.7,32,6.3,84,427,291,4,4.14,25,2,5,0,28,0.27,0.17,1.5,162,162,0,3,0,18,0,474,0,0,0,0,0,0,0,0,0,0,0,0,0,0,0,0,0,0,0,0,0,0,0,0,0,0,0,0,0,0,0,0,0,0,0,0,0,0,0,0,0,0
"Millet, bulrush, whole, grain, dry, boiled, drained (without salt)",623,148,62.9,4.1,2.2,26,3.6,1.1,15,2.6,36,169,97,3,1.64,11,1,2,0,11,0.06,0.05,0.5,47,47,0,1,0,0,0,0,0,0,0,0,0,0,0,0,0,0,0,0,0,0,0,0,0,0,0,0,0,0,0,0,0,0,0,0,0,0,0,0,0,0,0,0,0,0,0,0,0,0
"Millet, bulrush, whole, grain, dry, stewed, drained (without salt)",623,148,62.9,4.1,2.2,26,3.6,1.1,15,2.6,36,178,122,3,1.73,11,1,2,0,11,0.08,0.07,0.6,54,54,0,1,0,0,0,0,0,0,0,0,0,0,0,0,0,0,0,0,0,0,0,0,0,0,0,0,0,0,0,0,0,0,0,0,0,0,0,0,0,0,0,0,0,0,0,0,0,0
"Millet, finger, flour",1290,306,11.3,7.4,2,53.3,22.6,3.5,344,18.5,154,183,538,2,1.7,2.7,0,0,0,2,0.19,0.04,4.6,93,93,0,0,0,0,0,0,0,0,0,0,0,0,0,0,0,0,0,0,0,0,0,0,0,0,0,0,0,0,0,0,0,0,0,0,0,0,0,0,0,0,0,0,0,0,0,0,0,0
"Millet, Finger, grain, dried, raw    ",1280,305,11.3,7.38,1.9,53.5,22.6,3.5,344,11.3,154,183,538,2,1.7,15.3,0,0,0,2,0.19,0.04,4.6,93,93,0,0,0,0,0,0,0,0,0,0,0,0,0,0,0,0,0,0,0,0,0,0,0,0,0,0,0,0,0,0,0,0,0,0,0,0,0,0,0,0,0,0,0,0,0,0,0,0
Millet Yeast (germinated millet seeds),1270,302,12.7,7.4,1.9,52.7,22.6,2.9,859,27.6,180,245,81,6,1.64,[15],0,0,0,0,0.16,0.04,4.5,93,90,0,0,0,0,0,0,0,0,0,0,0,0,0,0,0,0,0,0,0,0,0,0,0,0,0,0,0,0,0,0,0,0,0,0,0,0,0,0,0,0,0,0,0,0,0,0,0,0
"Oat bran, unprocessed, uncooked",1570,373,5.6,10.7,7.5,57.8,15.5,2.9,54,4.4,153,491,362,12,3.2,45,0,0,0,0,0.76,0.14,0.8,33,33,0,0,0,0,0,0,0,0,0,0,0,0,0,0,0,0,0,0,0,0,0,0,0,0,0,0,0,0,0,0,0,0,0,0,0,0,0,0,0,0,0,0,0,0,0,0,0,0
"Pasta, macaroni, plain, dry, raw-imported",1570,370,7.1,13.7,1.5,73.8,3.3,0.7,21,1.9,44,148,147.6,5.2,0.6,13,0,0,0,0,0.07,0.03,1.1,17,17,0,0,0,0,0,0,0,0,0,0,0,0,0,0,0,0,0,0,0,0,0,0,0,0,0,0,0,0,0,0,0,0,0,0,0,0,0,0,0,0,0,0,0,0,0,0,0,0
"Pasta, macaroni, plain, dry, imported, boiled, drained (without salt)",637,150,62.2,5.6,0.6,30,1.4,0.3,10,0.6,16,57,36,3,0.25,5,0,0,0,0,0.03,0.01,0.4,5,5,0,0,0,0,0,0,0,0,0,0,0,0,0,0,0,0,0,0,0,0,0,0,0,0,0,0,0,0,0,0,0,0,0,0,0,0,0,0,0,0,0,0,0,0,0,0,0,0
"Pasta, macaroni, plain, dry, imported boiled in recipe (without salt)",637,150,62.2,5.6,0.6,30,1.4,0.3,10,0.8,18,60,60,4,0.25,5,0,0,0,0,0.02,0.01,0.4,5,5,0,0,0,0,0,0,0,0,0,0,0,0,0,0,0,0,0,0,0,0,0,0,0,0,0,0,0,0,0,0,0,0,0,0,0,0,0,0,0,0,0,0,0,0,0,0,0,0
"Pasta, spaghetti, dry, raw-imported",1500,354,10.6,12.7,1.4,71,3.2,1.1,18,1,30,172,142,5,0.6,12,0,0,0,0,0.07,0.06,1.1,16,16,0,0,0,0,0,0,0,0,0,0,0,0,0,0,0,0,0,0,0,0,0,0,0,0,0,0,0,0,0,0,0,0,0,0,0,0,0,0,0,0,0,0,0,0,0,0,0,0
"Pasta, spaghetti, dry, imported, boiled, drained (without salt)",517,122,69.1,4.4,0.5,24.5,1.1,0.4,8,0.3,9,56,30,3,0.21,4,0,0,0,0,0.02,0.02,0.3,4,4,0,0,0,0,0,0,0,0,0,0,0,0,0,0,0,0,0,0,0,0,0,0,0,0,0,0,0,0,0,0,0,0,0,0,0,0,0,0,0,0,0,0,0,0,0,0,0,0
"Pasta, spaghetti, dry, imported, boiled in recipe (without salt)",517,122,69.1,4.4,0.5,24.5,1.1,0.4,8,0.3,11,59,49,4,0.21,4,0,0,0,0,0.02,0.02,0.3,4,4,0,0,0,0,0,0,0,0,0,0,0,0,0,0,0,0,0,0,0,0,0,0,0,0,0,0,0,0,0,0,0,0,0,0,0,0,0,0,0,0,0,0,0,0,0,0,0,0
"Rice, Flour",1490,352,11.9,6,1.1,78.4,2.1,0.5,14,0.8,37,146,155,2,0.95,12,0,0,0,0,0.12,0.03,2.9,7,7,0,0,0,0,0,0,0,0,0,0,0,0,0,0,0,0,0,0,0,0,0,0,0,0,0,0,0,0,0,0,0,0,0,0,0,0,0,0,0,0,0,0,0,0,0,0,0,0
"Rice, parboiled, raw ",1460,345,12,7,0.5,76.2,3.7,0.6,9,1.7,26,125,100,6,1.06,1,0,0,0,0,0.25,0.02,2.5,10,10,0,0,0,0,0,268,0,0,0,0,0,0,0,0,0,0,0,0,0,0,0,0,0,0,0,0,0,0,0,0,0,0,0,0,0,0,0,0,0,0,0,0,0,0,0,0,0,0
"Rice, parboiled, boiled (without salt)",505,119,69.6,2.4,0.2,26.3,1.3,0.2,5,0.6,10,43,35,4,0.36,0,0,0,0,0,0.06,0.01,0.8,3,3,0,0,0,0,0,0,0,0,0,0,0,0,0,0,0,0,0,0,0,0,0,0,0,0,0,0,0,0,0,0,0,0,0,0,0,0,0,0,0,0,0,0,0,0,0,0,0,0
"Rice, white, milled, polished grain, dry, raw ",1500,353,12.2,7.6,1,78.1,0.7,0.4,21,0.9,23,144,59,17,1.32,1,0,0,0,0,0.07,0.11,1.1,9,9,0,0,0,0,0,295,0,0,0,350,720,365,192,115,440,440,294,80,555,700,166,485,585,1500,365,455,565,0.85,0,0,0.85,0.29,0.31,0.24,0,0,0,0,0,0,0,0,0,0,0,0,0.01,0.23
"Rice, white, milled, polished grain, dry, boiled (without salt)",503,119,70.5,2.6,0.3,26.2,0.2,0.2,9,0.3,8,48,20,8,0.44,0,0,0,0,0,0.02,0.04,0.4,2,2,0,0,0,0,0,0,0,0,0,0,0,0,0,0,0,0,0,0,0,0,0,0,0,0,0,0,0,0,0,0,0,0,0,0,0,0,0,0,0,0,0,0,0,0,0,0,0,0
Semolina,1460,345,11.8,10.9,1.1,70.5,4.9,0.8,16,1.6,35,102,196,2,1.17,9,0,0,0,2,0.12,0.05,1.9,57,57,0,0,0,0,0,540,0,0,0,0,0,0,0,0,0,0,0,0,0,0,0,0,0,0,0,0,0,0,0,0,0,0,0,0,0,0,0,0,0,0,0,0,0,0,0,0,0,0
"Scone, plain, commercial",1570,375,21,7.5,15,51.4,2.1,3,56,1.5,15,107,128,800,0.7,2,95,102,87,90,0.09,0.1,0.5,19,19,0.4,0,11,0,0,0,0,0,0,0,0,0,0,0,0,0,0,0,0,0,0,0,0,0,0,0,0,0,0,0,0,0,0,0,0,0,0,0,0,0,0,0,0,0,0,0,0,0
"Sorghum, Grain, Red, Dried, Raw",1420,336,11.6,9.3,3.5,59.9,14,1.8,10,3,150,296,387,6,1.97,21,0,1,0,4,0.24,0.11,3.3,64,64,0,0,0,0,0,534,0,0,0,0,0,0,0,0,0,0,0,0,0,0,0,0,0,0,0,0,0,0,0,0,0,0,0,0,0,0,0,0,0,0,0,0,0,0,0,0,0,0
"Sorghum, whole, grain, red, dried, boiled, drained (without salt)",590,140,63.1,3.9,1.5,24.9,5.8,0.8,6,1.4,63,117,129,4,0.78,9,0,0,0,2,0.05,0.04,1,19,19,0,0,0,0,0,0,0,0,0,0,0,0,0,0,0,0,0,0,0,0,0,0,0,0,0,0,0,0,0,0,0,0,0,0,0,0,0,0,0,0,0,0,0,0,0,0,0,0
"Sorghum, whole, grain, red, dried, stewed, drained (without salt)",590,140,63.1,3.9,1.5,24.9,5.8,0.8,6,1.4,63,123,162,4,0.82,9,0,0,0,2,0.08,0.05,1.3,21,21,0,0,0,0,0,0,0,0,0,0,0,0,0,0,0,0,0,0,0,0,0,0,0,0,0,0,0,0,0,0,0,0,0,0,0,0,0,0,0,0,0,0,0,0,0,0,0,0
"Sorghum, Grain, Red, Flour",1420,336,11.6,9.3,3.5,59.9,14,1.8,10,3,150,296,387,6,1.97,12,0,0,0,0,0.24,0.11,3.3,0,0,0,0,0,0,0,534,0,0,0,0,0,0,0,0,0,0,0,0,0,0,0,0,0,0,0,0,0,0,0,0,0,0,0,0,0,0,0,0,0,0,0,0,0,0,0,0,0,0
"Sorghum, grain, white, dry, raw",1440,341,11.8,10.8,3.5,60.5,11.9,1.5,18,6.4,101,356,233,6,1.69,21,1,3,0,17,0.24,0.11,3.3,64,64,0,0,0,0,0,532,0,0,0,555,1520,375,173,156,575,311,450,80,670,495,330,1200,590,2530,235,1060,455,3.01,0,0,3.01,0.59,1.2,1.29,0.01,0,0,0,0,0,0,0,0,0,0,0,0.03,1.26
"Sorghum, whole, grain white, dry, boiled, drained (without salt)",599,142,63.2,4.5,1.5,25.2,4.9,0.6,9,2.7,43,141,78,4,0.67,9,1,1,0,6,0.05,0.04,1,19,19,0,0,0,0,0,0,0,0,0,0,0,0,0,0,0,0,0,0,0,0,0,0,0,0,0,0,0,0,0,0,0,0,0,0,0,0,0,0,0,0,0,0,0,0,0,0,0,0
"Sorghum, whole, grain white, dry, stewed, drained (without salt)",599,142,63.2,4.5,1.5,25.2,4.9,0.6,9,2.7,43,148,97,4,0.7,9,1,1,0,7,0.08,0.05,1.3,21,21,0,0,0,0,0,0,0,0,0,0,0,0,0,0,0,0,0,0,0,0,0,0,0,0,0,0,0,0,0,0,0,0,0,0,0,0,0,0,0,0,0,0,0,0,0,0,0,0
"Sorghum, grain, white, flour",1440,341,11.8,10.8,3.5,60.5,11.9,1.5,18,6.4,101,356,280,4,1.69,26,1,1,0,8.29,0.24,0.11,3.3,0,0,0,0,0,0,0,0,0,0,0,0,0,0,0,0,0,0,0,0,0,0,0,0,0,0,0,0,0,0,0,0,0,0,0,0,0,0,0,0,0,0,0,0,0,0,0,0,0,0
"Teff, raw",1490,351,8.8,13.3,2.4,65.1,8,2.4,180,7.6,184,429,427,12,3.63,4,0,1,0,5,0.39,0.27,3.4,166,166,0,3,0,0,0,0,0,0,0,0,0,0,0,0,0,0,0,0,0,0,0,0,0,0,0,0,0,0,0,0,0,0,0,0,0,0,0,0,0,0,0,0,0,0,0,0,0,0
Wheat Flour-Atta,1410,334,11.7,11.4,1.8,62.4,11.3,1.4,34,3.8,117,283,331,2,2.33,39,0,0,0,2,0.5,0.14,3.5,80,0,0,0,0,0,0,635,0,0,0,0,0,0,0,0,0,0,0,0,0,0,0,0,0,0,0,0,0,0,0,0,0,0,0,0,0,0,0,0,0,0,0,0,0,0,0,0,0,0
"Wheat Flour (refined/fortified/sifted packaged), raw",1480,349,12.2,11.2,1.6,70.7,3.6,0.7,35,5.6,31,183,129,2,0.87,0,93,93,93,2,0.91,0.57,5.9,577,42,0.7,0,0,0,0,123,0,0,0,370,710,390,110,150,610,330,270,100,460,350,220,310,470,3650,300,1220,350,1.07,0,0,1.07,0.22,0.19,0.66,0,0,0,0,0,0,0,0,0,0,0,0,0.04,0.62
"Wheat, whole, flour, raw ",1380,328,12.5,11.3,2.5,58,14,1.7,39,4,125,315,366,3,3,48,0,1,0,3,0.43,0.14,2.7,0,0,0,0,0,0,0,624,0,0,0,0,0,0,0,0,0,0,0,0,0,0,0,0,0,0,0,0,0,0,0,0,0,0,0,0,0,0,0,0,0,0,0,0,0,0,0,0,0,0
"Wheat, whole, grain, dry, raw ",1380,328,12.5,11.6,2.5,57.8,14,1.7,39,4.9,122,205,358,2,3,47,0,1,0,5,0.39,0.13,2.7,57,57,0,0,0,0,0,624,0,0,0,530,985,455,203,0,590,410,420,115,585,660,345,475,480,3900,500,1400,540,1.8,0,0,1.8,0.36,0.37,1.07,0,0,0,0,0,0,0,0,0,0,0,0,0.08,0.99
"Wheat, whole, grain, dry, boiled (without salt)",777,184,50.8,6.5,1.4,32.5,7.9,1,23,2.8,69,109,161,2,1.43,26,0,0,0,3,0.11,0.05,1.1,22,22,0,0,0,0,0,0,0,0,0,0,0,0,0,0,0,0,0,0,0,0,0,0,0,0,0,0,0,0,0,0,0,0,0,0,0,0,0,0,0,0,0,0,0,0,0,0,0,0
"Wheat, whole, grain, dry, stewed (without salt)",777,184,50.8,6.5,1.4,32.5,7.9,1,23,2.8,69,115,201,3,1.51,26,0,0,0,3,0.16,0.07,1.4,26,26,0,0,0,0,0,0,0,0,0,0,0,0,0,0,0,0,0,0,0,0,0,0,0,0,0,0,0,0,0,0,0,0,0,0,0,0,0,0,0,0,0,0,0,0,0,0,0,0
"Arrowroot, flour",1410,331,16.5,0.2,0.2,81.8,0.9,0.5,33,1,4,7,11,2,0.57,0,0,0,0,0,0.1,0.02,0.48,0,0,0,0,0,0,0,0,0,0,0,0,0,0,0,0,0,0,0,0,0,0,0,0,0,0,0,0,0,0,0,0,0,0,0,0,0,0,0,0,0,0,0,0,0,0,0,0,0,0
"Arrowroot, peeled, raw",461,109,70.9,3.2,0.3,22.3,0,1.3,6,1.1,25,43,685,36,1,1,1,3,0,17,0.22,0.09,2.56,0,0,0,2,0,0,0,0,0,0,0,0,0,0,0,0,0,0,0,0,0,0,0,0,0,0,0,0,0,0,0,0,0,0,0,0,0,0,0,0,0,0,0,0,0,0,0,0,0,0
"Arrowroot, peeled, boiled, drained (without salt)",461,109,70.9,3.2,0.3,22.3,2,1.3,6,1,23,40,548,28,0.86,1,1,3,0,16,0.17,0.08,1.9,0,0,0,1,0,0,0,0,0,0,0,0,0,0,0,0,0,0,0,0,0,0,0,0,0,0,0,0,0,0,0,0,0,0,0,0,0,0,0,0,0,0,0,0,0,0,0,0,0,0
"Banana, BITA 3, dried, flour",1550,366,2.3,3.9,1.8,78.5,9.9,3.6,30,1.2,60,100,1030,4,0.62,4,13,25,0,151,0.18,0.24,2.8,14,14,0,7.1,0,0,0,0,0,0,0,0,0,0,0,0,0,0,0,0,0,0,0,0,0,0,0,0,0,0,0,0,0,0,0,0,0,0,0,0,0,0,0,0,0,0,0,0,0,0
"Banana, plantain, green, raw",410,97,73.6,1.4,0.4,20.1,3.6,0.9,7,0.8,23,29,322,10,0.23,1,0,1,0,3,0.06,0.04,0.33,19,19,0,23.3,0,0,0,0,0,0,0,0,0,0,0,0,0,0,0,0,0,0,0,0,0,0,0,0,0,0,0,0,0,0,0,0,0,0,0,0,0,0,0,0,0,0,0,0,0,0
"Beet root, peeled, raw",184,44,86.1,2.17,0.1,6.9,3.31,1.4,13,0.8,11,36,298,60,0.55,0,1,2,0,10,0.01,0.02,0.3,110,110,0,5.3,0,0,0,0,0,0,0,0,0,0,0,0,0,0,0,0,0,0,0,0,0,0,0,0,0,0,0,0,0,0,0,0,0,0,0,0,0,0,0,0,0,0,0,0,0,0
"Beet root, peeled, boiled, drained (without salt)",186,44,86,2.2,0.1,7,3.3,1.4,12,62.9,7,32,135,33,0.42,0,1,1,0,7,0.01,0.01,0.2,56,56,0,2,0,0,0,0,0,0,0,0,0,0,0,0,0,0,0,0,0,0,0,0,0,0,0,0,0,0,0,0,0,0,0,0,0,0,0,0,0,0,0,0,0,0,0,0,0,0
"Beet root, peeled, stewed (without salt)",174,41,86.9,2,0.1,6.5,3.1,1.3,12,0.8,11,34,281,56,0.52,0,1,1,0,6,0.01,0.01,0.3,73,73,0,4,0,0,0,0,0,0,0,0,0,0,0,0,0,0,0,0,0,0,0,0,0,0,0,0,0,0,0,0,0,0,0,0,0,0,0,0,0,0,0,0,0,0,0,0,0,0
"Cassava, root, white, peeled, raw",733,173,53.8,1.3,0.3,39.1,4.6,1,33,0.9,13,21,250,2,0.34,1,1,1,0,8,0.23,0.01,0.4,27,27,0,38,0,0,0,0,0,0,0,0,0,0,0,0,0,0,0,0,0,0,0,0,0,0,0,0,0,0,0,0,0,0,0,0,0,0,0,0,0,0,0,0,0,0,0,0,0,0
"Cassava, root, white, peeled, boiled, drained (without salt)",627,148,60.5,1.1,0.2,33.4,3.9,0.8,27,0.7,10,17,171,1,0.26,1,1,1,0,6,0.15,0.01,0.3,15,15,0,23,0,0,0,0,0,0,0,0,0,0,0,0,0,0,0,0,0,0,0,0,0,0,0,0,0,0,0,0,0,0,0,0,0,0,0,0,0,0,0,0,0,0,0,0,0,0
"Cassava, root, yellow, peeled, raw",531,126,65.7,1.6,0.2,27,4.7,0.8,18,0.6,9,27,290,2,0.34,1,61,122,0,730,0.09,0.03,0.8,27,27,0,41,0,0,0,0,0,0,0,0,0,0,0,0,0,0,0,0,0,0,0,0,0,0,0,0,0,0,0,0,0,0,0,0,0,0,0,0,0,0,0,0,0,0,0,0,0,0
"Cassava, root, yellow, peeled, boiled, drained (without salt)",454,107,70.7,1.4,0.2,23.1,4,0.7,15,0.5,7,21,198,1,0.26,1,49,99,0,593,0.06,0.02,0.5,15,15,0,25,0,0,0,0,0,0,0,0,0,0,0,0,0,0,0,0,0,0,0,0,0,0,0,0,0,0,0,0,0,0,0,0,0,0,0,0,0,0,0,0,0,0,0,0,0,0
"Potato, Irish (English), white variety, peeled, raw",447,105,72.1,2.4,0.1,22.7,1.68,1,9,1.4,19,81,645,6.46,0.32,1,0,0,0,0,0.07,0.04,1.2,53,53,0,6.6,0,14,0,81,0,0,0,98,200,190,39,30,107,125,87,38,136,160,53,74,589,404,72,115,106,0,0,0,0,0,0,0,0,0,0,0,0,0,0,0,0,0,0,0,0,0
"Potato, Irish (English), white variety, peeled, boiled, drained (without salt)",447,105,72.1,2.4,0.1,22.7,1.7,1,8,1.3,17,76,516,5,0.29,0,0,0,0,0,0.05,0.03,0.9,34,34,0,5,0,0,0,0,0,0,0,0,0,0,0,0,0,0,0,0,0,0,0,0,0,0,0,0,0,0,0,0,0,0,0,0,0,0,0,0,0,0,0,0,0,0,0,0,0,0
"Potato, Irish (English), white variety, peeled, steamed (without salt)",456,107,71.5,2.5,0.2,23.2,1.7,1,8,1.3,18,79,559,6,0.31,0,0,0,0,0,0.06,0.04,1.1,33,33,0,5,0,0,0,0,0,0,0,0,0,0,0,0,0,0,0,0,0,0,0,0,0,0,0,0,0,0,0,0,0,0,0,0,0,0,0,0,0,0,0,0,0,0,0,0,0,0
"Radish, round, red skin, raw",64,15,94.5,0.8,0.16,1.6,2.3,0.7,36,0.4,22,22,103,32.27,0.18,0,0,0,0,1,0.02,0.03,0.3,25,25,0,21,0,0,0,0,0,0,0,0,0,0,0,0,0,0,0,0,0,0,0,0,0,0,0,0,0,0,0,0,0,0,0,0,0,0,0,0,0,0,0,0,0,0,0,0,0,0
"Radish, long, red skin, raw",57,14,94.7,0.6,0.1,1.3,2.5,0.8,28,0.37,13,27,193,25,0.16,0,0,0,0,2,0.06,0.02,0.3,26,26,0,17,0,0,0,0,0,0,0,0,0,0,0,0,0,0,0,0,0,0,0,0,0,0,0,0,0,0,0,0,0,0,0,0,0,0,0,0,0,0,0,0,0,0,0,0,0,0
"Radish, white skin, raw",93,22,93,1.1,0.3,2.7,2.1,0.7,40,0.4,14,20,249,26,0.34,0,1.25,3,0,15,0.03,0.02,0.5,28,28,0,15,0,0,0,0,0,0,0,0,0,0,0,0,0,0,0,0,0,0,0,0,0,0,0,0,0,0,0,0,0,0,0,0,0,0,0,0,0,0,0,0,0,0,0,0,0,0
"Sweet potato, brown skin, peeled, raw",428,101,72,1.7,0.4,20.8,4,1.2,22,0.4,12,25,389,20,0.28,0,8,17,0,100,0.07,0.03,0.8,16,16,0,18,0,0,0,0,0,0,0,0,0,0,0,0,0,0,0,0,0,0,0,0,0,0,0,0,0,0,0,0,0,0,0,0,0,0,0,0,0,0,0,0,0,0,0,0,0,0
"Sweet potato, brown skin, peeled, boiled, drained (without salt)",428,101,72,1.7,0.4,20.8,4,1.2,21,0.4,10,23,311,16,0.25,0,8,16,0,95,0.05,0.03,0.6,10,10,0,13,0,0,0,0,0,0,0,0,0,0,0,0,0,0,0,0,0,0,0,0,0,0,0,0,0,0,0,0,0,0,0,0,0,0,0,0,0,0,0,0,0,0,0,0,0,0
"Sweetpotato, orange, biofortified, raw",325,76.9,78.7,1.9,0.1,15.6,3,0.7,27,0.5,14,33,250,10,0.5,1,517,1030,0,6200,0.03,0.05,1,11,11,0,31,0,0,0,0,0,0,0,0,0,0,0,0,0,0,0,0,0,0,0,0,0,0,0,0,0,0,0,0,0,0,0,0,0,0,0,0,0,0,0,0,0,0,0,0,0,0
"Sweetpotato, orange, biofortified, boiled, drained (without salt)",325,77,78.7,1.9,0.1,15.6,3,0.7,26,0.5,13,31,200,8,0.45,0,491,981,0,5890,0.02,0.04,0.8,7,7,0,22,0,0,0,0,0,0,0,0,0,0,0,0,0,0,0,0,0,0,0,0,0,0,0,0,0,0,0,0,0,0,0,0,0,0,0,0,0,0,0,0,0,0,0,0,0,0
"Sweet potato, pink skin",349,83,76.8,1.8,0.6,15.6,3.9,1.3,14,1,19,61,247,11,0.14,0,1,2,0,11,0.07,0.03,0.7,14,14,0,22,0,0,0,0,0,0,0,0,0,0,0,0,0,0,0,0,0,0,0,0,0,0,0,0,0,0,0,0,0,0,0,0,0,0,0,0,0,0,0,0,0,0,0,0,0,0
"Sweet potato, pink skin, boiled, drained (without salt)",349,83,76.8,1.8,0.6,15.6,3.9,1.3,13,0.9,17,57,198,9,0.13,0,1,2,0,11,0.05,0.03,0.5,9,9,0,16,0,0,0,0,0,0,0,0,0,0,0,0,0,0,0,0,0,0,0,0,0,0,0,0,0,0,0,0,0,0,0,0,0,0,0,0,0,0,0,0,0,0,0,0,0,0
"Taro, peeled, raw",411,97,73,1.8,0.2,20.3,3.5,1.2,51,0.7,20,88,300,10,0.6,1,3,5,0,30,0.1,0.03,0.7,22,22,0,12,0,0,0,0,0,0,0,0,0,0,0,0,0,0,0,0,0,0,0,0,0,0,0,0,0,0,0,0,0,0,0,0,0,0,0,0,0,0,0,0,0,0,0,0,0,0
"Turnip, root, raw",94,22,93.1,0.7,0.2,3.6,1.7,0.8,34,0.5,11,39,320,29,0.2,1,0,0,0,0,0.04,0.04,0.7,15,15,0,23,0,0,0,0,0,0,0,0,0,0,0,0,0,0,0,0,0,0,0,0,0,0,0,0,0,0,0,0,0,0,0,0,0,0,0,0,0,0,0,0,0,0,0,0,0,0
"Yam, flour",1320,312,14,3.4,0.4,67.4,12.8,2,20,1.1,50,110,818,28,1,2,0,0,0,0,0,0,1,43,43,0,0,0,0,0,0,0,0,0,0,0,0,0,0,0,0,0,0,0,0,0,0,0,0,0,0,0,0,0,0,0,0,0,0,0,0,0,0,0,0,0,0,0,0,0,0,0,0
"Yam, white, raw",475,112,69,1.9,0.2,23.7,4.1,1.1,16,0.8,18,61,295,10,0.27,1,0,0,0,0,0.11,0.02,0.4,16,16,0,6,0,0,0,0,0,0,0,0,0,0,0,0,0,0,0,0,0,0,0,0,0,0,0,0,0,0,0,0,0,0,0,0,0,0,0,0,0,0,0,0,0,0,0,0,0,0
"Yam, white, boiled, drained (without salt)",500,118,67.4,2,0.2,24.9,4.3,1.2,16,0.8,17,60,248,8,0.26,1,0,0,0,0,0.09,0.02,0.3,10,10,0,4,0,0,0,0,0,0,0,0,0,0,0,0,0,0,0,0,0,0,0,0,0,0,0,0,0,0,0,0,0,0,0,0,0,0,0,0,0,0,0,0,0,0,0,0,0,0
"Beans, broad, dry, raw",1280,305,10.9,25.7,1.53,35.6,22.9,3.29,96,5.19,135,431,1190,25,3.55,8,2,5,0,29,0.56,0.33,2.41,250,250,0,1.4,0,0,0,0,0,0,0,0,0,0,0,0,0,0,0,0,0,0,0,0,0,0,0,0,0,0,0,0,0,0,0,0,0,0,0,0,0,0,0,0,0,0,0,0,0,0
"Beans, broad, dry, unsoaked, boiled, drained (without salt)",458,109,68.2,9.2,0.5,12.7,8.2,1.2,31,1.6,42,138,319,9,1.14,3,1,2,0,10,0.13,0.09,0.6,45,45,0,0,0,0,0,0,0,0,0,0,0,0,0,0,0,0,0,0,0,0,0,0,0,0,0,0,0,0,0,0,0,0,0,0,0,0,0,0,0,0,0,0,0,0,0,0,0,0
"Beans, broad, dry, unsoaked, boiled (without salt, water not discarded)",279,66,80.6,5.6,0.3,7.7,5,0.8,23,1.1,30,94,259,8,0.77,2,1,1,0,6,0.1,0.07,0.4,33,33,0,0,0,0,0,0,0,0,0,0,0,0,0,0,0,0,0,0,0,0,0,0,0,0,0,0,0,0,0,0,0,0,0,0,0,0,0,0,0,0,0,0,0,0,0,0,0,0
"Beans, broad, dry, water-soaked, boiled in different water, drained (without salt)",458,109,68.2,9.2,0.5,12.7,8.2,1.2,31,1.6,42,138,319,9,1.14,3,1,2,0,10,0.13,0.09,0.6,45,45,0,0,0,0,0,0,0,0,0,0,0,0,0,0,0,0,0,0,0,0,0,0,0,0,0,0,0,0,0,0,0,0,0,0,0,0,0,0,0,0,0,0,0,0,0,0,0,0
"Beans, broad, dry, water-soaked, boiled in different water (without salt, water not discarded)",279,66,80.6,5.6,0.3,7.7,5,0.8,23,1.1,30,94,259,8,0.77,2,1,1,0,6,0.1,0.07,0.4,33,33,0,0,0,0,0,0,0,0,0,0,0,0,0,0,0,0,0,0,0,0,0,0,0,0,0,0,0,0,0,0,0,0,0,0,0,0,0,0,0,0,0,0,0,0,0,0,0,0
"Beans, broad, fresh, raw",345,82,75,7.2,0.5,8.7,7.1,1.3,26,1.6,29,427,275,2,1.1,8,16,32,0,195,0.12,0.14,2,284,284,0,41,0,0,0,0,0,0,0,0,0,0,0,0,0,0,0,0,0,0,0,0,0,0,0,0,0,0,0,0,0,0,0,0,0,0,0,0,0,0,0,0,0,0,0,0,0,0
"Beans, broad, fresh, boiled, drained (without salt)",363,87,73.9,7.5,0.5,9.2,7.5,1.3,26,1.3,18,405,145,2,0.83,8,15,31,0,184,0.08,0.09,1.4,149,149,0,28,0,0,0,0,0,0,0,0,0,0,0,0,0,0,0,0,0,0,0,0,0,0,0,0,0,0,0,0,0,0,0,0,0,0,0,0,0,0,0,0,0,0,0,0,0,0
"Beans, cluster, fresh, raw",232,55,82.9,6.19,0.4,4.4,4.8,1.4,121,5.6,73,50,301,4,0.61,2,20,40,0,241,0.09,0.03,0.7,41,41,0,49,0,0,0,0,0,0,0,0,0,0,0,0,0,0,0,0,0,0,0,0,0,0,0,0,0,0,0,0,0,0,0,0,0,0,0,0,0,0,0,0,0,0,0,0,0,0
"Beans, cluster, fresh, boiled, drained (without salt)",244,58,82,6.5,0.4,4.6,5.1,1.4,121,4.4,46,47,158,3,0.48,2,19,38,0,228,0.06,0.02,0.5,22,22,0,34,0,0,0,0,0,0,0,0,0,0,0,0,0,0,0,0,0,0,0,0,0,0,0,0,0,0,0,0,0,0,0,0,0,0,0,0,0,0,0,0,0,0,0,0,0,0
"Beans, kidney, dry, raw",1280,305,12.1,20.5,2,40.6,21.2,3.6,106,6.4,103,600,872,22,2.78,4,1,1,0,6,0.35,0.18,2.4,272,272,0,0.3,0,tr,0,623,0,0,0,1250,2020,1430,271,98,1220,640,950,190,1490,1260,525,960,2940,3560,880,900,1180,1.6,0,0,1.6,0.26,0.18,1.16,0.01,0,0,0,0,0,0,0,0,0,0,0,0.78,0.37
"Beans, kidney, dry, unsoaked, boiled, drained (without salt)",491,117,66.3,7.9,0.8,15.5,8.1,1.4,36,2.1,34,207,251,8,0.96,2,0,0,0,2,0.09,0.05,0.6,52,52,0,0,0,0,0,0,0,0,0,0,0,0,0,0,0,0,0,0,0,0,0,0,0,0,0,0,0,0,0,0,0,0,0,0,0,0,0,0,0,0,0,0,0,0,0,0,0,0
"Beans, kidney, dry, unsoaked, boiled (without salt, water not discarded)",296,70,79.7,4.7,0.5,9.4,4.9,0.9,27,1.5,25,139,202,7,0.64,1,0,0,0,1,0.06,0.04,0.4,38,38,0,0,0,0,0,0,0,0,0,0,0,0,0,0,0,0,0,0,0,0,0,0,0,0,0,0,0,0,0,0,0,0,0,0,0,0,0,0,0,0,0,0,0,0,0,0,0,0
"Beans, kidney, dry, water-soaked, boiled in different water, drained (without salt)",491,117,66.3,7.9,0.8,15.5,8.1,1.4,36,2.1,34,207,251,8,0.96,2,0,0,0,2,0.09,0.05,0.6,52,52,0,0,0,0,0,0,0,0,0,0,0,0,0,0,0,0,0,0,0,0,0,0,0,0,0,0,0,0,0,0,0,0,0,0,0,0,0,0,0,0,0,0,0,0,0,0,0,0
"Beans, kidney, dry, water-soaked, boiled in different water (without salt, water not discarded)",296,70,79.7,4.7,0.5,9.4,4.9,0.9,27,1.5,25,139,202,7,0.64,1,0,0,0,1,0.06,0.04,0.4,38,38,0,0,0,0,0,0,0,0,0,0,0,0,0,0,0,0,0,0,0,0,0,0,0,0,0,0,0,0,0,0,0,0,0,0,0,0,0,0,0,0,0,0,0,0,0,0,0,0
"Beans, lima, dry, raw",1260,299,13.6,22.4,1.63,39.7,18.2,4.5,64,9.9,158,387,1447,7,2.6,6,0,0,0,0,0.53,0.16,1.5,381,381,0,1,0,0,0,0,10,107,568,0,0,0,0,0,0,0,0,0,0,0,0,0,0,0,0,0,0,0,0,0,0,0,0,0,0,0,0,0,0,0,0,0,0,0,0,0,0,0
"Beans, lima, dry, unsoaked, boiled, drained (without salt)",504,120,65.4,8.9,0.7,15.9,7.3,1.8,23,3.4,54,139,434,4,0.95,2,0,0,0,0,0.14,0.05,0.4,76,76,0,0,0,0,0,0,0,0,0,0,0,0,0,0,0,0,0,0,0,0,0,0,0,0,0,0,0,0,0,0,0,0,0,0,0,0,0,0,0,0,0,0,0,0,0,0,0,0
"Beans, lima, dry, unsoaked, boiled (without salt, water not discarded)",291,69,80,5.2,0.4,9.2,4.2,1.1,17,2.3,37,89,334,4,0.61,1,0,0,0,0,0.1,0.04,0.3,53,53,0,0,0,0,0,0,0,0,0,0,0,0,0,0,0,0,0,0,0,0,0,0,0,0,0,0,0,0,0,0,0,0,0,0,0,0,0,0,0,0,0,0,0,0,0,0,0,0
"Beans, lima, dry, water-soaked, boiled in different water, drained (without salt)",504,120,65.4,8.9,0.7,15.9,7.3,1.8,23,3.4,54,139,434,4,0.95,2,0,0,0,0,0.14,0.05,0.4,76,76,0,0,0,0,0,0,0,0,0,0,0,0,0,0,0,0,0,0,0,0,0,0,0,0,0,0,0,0,0,0,0,0,0,0,0,0,0,0,0,0,0,0,0,0,0,0,0,0
"Beans, lima, dry, water-soaked, boiled in different water (without salt, water not discarded)",291,69,80,5.2,0.4,9.2,4.2,1.1,17,2.3,37,89,334,4,0.61,1,0,0,0,0,0.1,0.04,0.3,53,53,0,0,0,0,0,0,0,0,0,0,0,0,0,0,0,0,0,0,0,0,0,0,0,0,0,0,0,0,0,0,0,0,0,0,0,0,0,0,0,0,0,0,0,0,0,0,0,0
"Bean, red, fresh, raw",553,131,61.6,12.8,0.4,14.6,9.1,1.5,12,2.4,18,100,490,3,1,2,2,3,0,20,0.18,0.11,2,130,130,0,27,0,0,0,0,0,0,0,0,0,0,0,0,0,0,0,0,0,0,0,0,0,0,0,0,0,0,0,0,0,0,0,0,0,0,0,0,0,0,0,0,0,0,0,0,0,0
"Beans, shellie, canned, solid & liquids",112,27,90.7,1.8,0.2,2.8,3.4,1.2,29,1,15,30,109,334,0.27,2,11,23,0,137,0.03,0.05,0.21,18,18,0,3.1,0,0,0,0,0,0,0,0,0,0,0,0,0,0,0,0,0,0,0,0,0,0,0,0,0,0,0,0,0,0,0,0,0,0,0,0,0,0,0,0,0,0,0,0,0,0
"Bonavist, dry, raw",1350,319,10.3,23.1,1.4,45.3,16.4,3.4,59,7.13,145,334,1000,18,2.49,8,0,1,0,5,0.59,0.17,2.86,23,23,0,0,0,0,0,0,0,0,0,0,0,0,0,0,0,0,0,0,0,0,0,0,0,0,0,0,0,0,0,0,0,0,0,0,0,0,0,0,0,0,0,0,0,0,0,0,0,0
"Bonavist, dry, unsoaked, boiled, drained (without salt)",516,122,65.6,8.9,0.5,17.4,6.3,1.3,21,2.3,48,115,289,7,0.86,3,0,0,0,2,0.15,0.05,0.7,4,4,0,0,0,0,0,0,0,0,0,0,0,0,0,0,0,0,0,0,0,0,0,0,0,0,0,0,0,0,0,0,0,0,0,0,0,0,0,0,0,0,0,0,0,0,0,0,0,0
"Bonavist, dry, unsoaked, boiled (without salt, water not discarded)",430,102,71.3,7.4,0.4,14.5,5.2,1.1,21,2.3,47,107,321,9,0.8,3,0,0,0,2,0.15,0.05,0.7,4,4,0,0,0,0,0,0,0,0,0,0,0,0,0,0,0,0,0,0,0,0,0,0,0,0,0,0,0,0,0,0,0,0,0,0,0,0,0,0,0,0,0,0,0,0,0,0,0,0
"Bonavist, dry, water-soaked, boiled in different water, drained (without salt)",516,122,65.6,8.9,0.5,17.4,6.3,1.3,21,2.3,48,115,289,7,0.86,3,0,0,0,2,0.15,0.05,0.7,4,4,0,0,0,0,0,0,0,0,0,0,0,0,0,0,0,0,0,0,0,0,0,0,0,0,0,0,0,0,0,0,0,0,0,0,0,0,0,0,0,0,0,0,0,0,0,0,0,0
"Bonavist, dry, water-soaked, boiled in different water (without salt, water not discarded)",326,77,78.3,5.6,0.3,11,4,0.9,16,1.7,36,81,244,7,0.6,2,0,0,0,1,0.11,0.04,0.6,3,3,0,0,0,0,0,0,0,0,0,0,0,0,0,0,0,0,0,0,0,0,0,0,0,0,0,0,0,0,0,0,0,0,0,0,0,0,0,0,0,0,0,0,0,0,0,0,0,0
"Bonavist, fresh, raw",521,124,63.3,5.8,0.6,18.8,10,1.5,31,2.5,380,118,762,6,1.12,5,43,86,0,519,0.54,0.14,0.52,188,188,0,0,0,0,0,0,0,0,0,0,0,0,0,0,0,0,0,0,0,0,0,0,0,0,0,0,0,0,0,0,0,0,0,0,0,0,0,0,0,0,0,0,0,0,0,0,0,0
"Chick peas, whole, dry, raw",1350,323,9.9,22.3,5.1,34.3,25.2,3.1,235,6.8,160,284,1030,25,3.37,41,15,29,0,175,0.48,0.16,2.1,400,400,0,8,0,0,569,21,18,85,532,0,0,0,0,0,0,0,0,0,0,0,0,0,0,0,0,0,0,0,0,0,0,0,0,0,0,0,0,0,0,0,0,0,0,0,0,0,0,0
"Chick peas, whole, dry, unsoaked, boiled, drained (without salt)",601,143,59.9,9.9,2.3,15.3,11.2,1.4,90,2.6,61,114,342,10,1.35,18,6,13,0,78,0.14,0.05,0.6,89,89,0,2,0,0,0,0,0,0,0,0,0,0,0,0,0,0,0,0,0,0,0,0,0,0,0,0,0,0,0,0,0,0,0,0,0,0,0,0,0,0,0,0,0,0,0,0,0,0
"Chick peas, whole, unsoaked, boiled (without salt, water not discarded)",430,102,71.4,7.1,1.6,10.9,8,1,76,2.2,51,90,326,10,1.07,13,5,9,0,55,0.12,0.05,0.5,76,76,0,2,0,0,0,0,0,0,0,0,0,0,0,0,0,0,0,0,0,0,0,0,0,0,0,0,0,0,0,0,0,0,0,0,0,0,0,0,0,0,0,0,0,0,0,0,0,0
"Chick peas, whole, dry, water-soaked, boiled in different water, drained (without salt)",601,143,59.9,9.9,2.3,15.3,11.2,1.4,90,2.6,61,114,342,10,1.35,18,6,13,0,78,0.14,0.05,0.6,89,89,0,2,0,0,0,0,0,0,0,0,0,0,0,0,0,0,0,0,0,0,0,0,0,0,0,0,0,0,0,0,0,0,0,0,0,0,0,0,0,0,0,0,0,0,0,0,0,0
"Chick peas, whole, dry, water-soaked, boiled in different water (without salt, water not discarded)",430,102,71.4,7.1,1.6,10.9,8,1,76,2.2,51,90,326,10,1.07,13,5,9,0,55,0.12,0.05,0.5,76,76,0,2,0,0,0,0,0,0,0,0,0,0,0,0,0,0,0,0,0,0,0,0,0,0,0,0,0,0,0,0,0,0,0,0,0,0,0,0,0,0,0,0,0,0,0,0,0,0
"Cowpeas, dry, raw",1320,313,12.4,25.3,1.1,43.3,14.3,3.6,112,5.97,322,276,1380,22,3.37,-,2,3,0,19,0.9,0.15,2.4,439,439,0,1.5,0,0,543,0,22,121,603,0,0,0,0,0,0,0,0,0,0,0,0,0,0,0,0,0,0,0,0,0,0,0,0,0,0,0,0,0,0,0,0,0,0,0,0,0,0,0
"Cowpeas, dry, unsoaked, boiled, drained (without salt)",495,117,67.1,9.5,0.4,16.2,5.4,1.4,37,1.9,103,93,389,8,1.14,0,1,1,0,7,0.22,0.04,0.6,82,82,0,0,0,0,0,0,0,0,0,0,0,0,0,0,0,0,0,0,0,0,0,0,0,0,0,0,0,0,0,0,0,0,0,0,0,0,0,0,0,0,0,0,0,0,0,0,0,0
"Cowpeas, unsoaked, boiled (without salt, water not discarded)",299,71,80.1,5.7,0.3,9.8,3.2,0.8,27,1.4,74,62,313,7,0.76,0,0,1,0,4,0.16,0.03,0.4,60,60,0,0,0,0,0,0,0,0,0,0,0,0,0,0,0,0,0,0,0,0,0,0,0,0,0,0,0,0,0,0,0,0,0,0,0,0,0,0,0,0,0,0,0,0,0,0,0,0
"Cowpeas, dry, water-soaked, boiled in different water, drained (without salt)",495,117,67.1,9.5,0.4,16.2,5.4,1.4,37,1.9,103,93,389,8,1.14,0,1,1,0,7,0.22,0.04,0.6,82,82,0,0,0,0,0,0,0,0,0,0,0,0,0,0,0,0,0,0,0,0,0,0,0,0,0,0,0,0,0,0,0,0,0,0,0,0,0,0,0,0,0,0,0,0,0,0,0,0
"Cowpeas, dry, water-soaked, boiled in different water (without salt, water not discarded)",299,71,80.1,5.7,0.3,9.8,3.2,0.8,27,1.4,74,62,313,7,0.76,0,0,1,0,4,0.16,0.03,0.4,60,60,0,0,0,0,0,0,0,0,0,0,0,0,0,0,0,0,0,0,0,0,0,0,0,0,0,0,0,0,0,0,0,0,0,0,0,0,0,0,0,0,0,0,0,0,0,0,0,0
"Cowpeas, fresh, raw",526,125,63.8,4.6,0.6,21.5,8,1.7,200,1.7,81,84,685,6,1.61,4,65,130,0,0,0.14,0.1,2.3,267,267,0,4,0,0,0,0,0,0,0,0,0,0,0,0,0,0,0,0,0,0,0,0,0,0,0,0,0,0,0,0,0,0,0,0,0,0,0,0,0,0,0,0,0,0,0,0,0,0
"Cowpeas, fresh, boiled, drained (without salt)",554,132,61.8,4.8,0.6,22.6,8.4,1.8,200,1.4,51,80,361,5,1.27,3,62,31,0,0,0.1,0.07,1.6,141,141,0,3,0,0,0,0,0,0,0,0,0,0,0,0,0,0,0,0,0,0,0,0,0,0,0,0,0,0,0,0,0,0,0,0,0,0,0,0,0,0,0,0,0,0,0,0,0,0
"Flour, soya, full fat",1830,437,7,37,20.2,22,9.41,4.37,200,6.25,421,484,2470,12.7,3.84,7,6,12,0,71,0.8,0.3,4.2,338,338,0,0,0,0,0,0,0,0,0,0,0,0,0,0,0,0,0,0,0,0,0,0,0,0,0,0,0,0,0,0,0,0,0,0,0,0,0,0,0,0,0,0,0,0,0,0,0,0
"Flour, soya, low fat",1510,361,7,45,8.68,17.8,15.6,5.9,240,9.1,278,658,2040,9,4,57,2,4,0,23,0.8,0.4,2.9,282,282,0,0,0,0,0,0,0,0,0,0,0,0,0,0,0,0,0,0,0,0,0,0,0,0,0,0,0,0,0,0,0,0,0,0,0,0,0,0,0,0,0,0,0,0,0,0,0,0
"Garden peas, fresh, raw",392,93,72.5,7.9,0.7,9.8,8,1,28.2,2.63,30.15,108,249,3.66,4.65,2,30,60,0,363,0.29,0.13,2.3,216,216,0,38.4,0,0,162,0,0,0,0,380,655,620,50,51,360,290,225,67,430,420,215,495,625,1340,280,385,245,0.56,0,0,0.56,0.16,0.16,0.26,0,0,0,0,0,0,0,0,0,0,0,0,0.04,0.22
"Garden peas, fresh, boiled, drained (without salt)",413,98,71.1,8.3,0.7,10.4,8.5,1.1,28,2.1,19,102,131,3,3.67,2,29,57,0,343,0.2,0.09,1.6,113,113,0,26.3,0,0,0,0,0,0,0,0,0,0,0,0,0,0,0,0,0,0,0,0,0,0,0,0,0,0,0,0,0,0,0,0,0,0,0,0,0,0,0,0,0,0,0,0,0,0
"Garden peas, dry, raw",1370,324,10.3,20.4,1.9,47.8,17,2.5,58,4.8,117,321,933,17,3.21,50,5,11,0,64,0.88,0.17,2.6,110,110,0,5,0,0,408,0,7,74,453,0,0,0,0,0,0,0,0,0,0,0,0,0,0,0,0,0,0,0,0,0,0,0,0,0,0,0,0,0,0,0,0,0,0,0,0,0,0,0
"Garden peas, dry, unsoaked, boiled, drained (without salt)",506,120,66.8,7.6,0.7,17.7,6.3,1,20,1.5,38,107,259,7,1.07,19,2,4,0,24,0.21,0.05,0.6,20,20,0,1,0,0,0,0,0,0,0,0,0,0,0,0,0,0,0,0,0,0,0,0,0,0,0,0,0,0,0,0,0,0,0,0,0,0,0,0,0,0,0,0,0,0,0,0,0,0
"Garden peas, unsoaked, boiled (without salt, water not discarded)",321,76,78.9,4.8,0.4,11.2,4,0.6,16,1.1,28,76,220,6,0.75,12,1,3,0,15,0.17,0.04,0.5,16,16,0,1,0,0,0,0,0,0,0,0,0,0,0,0,0,0,0,0,0,0,0,0,0,0,0,0,0,0,0,0,0,0,0,0,0,0,0,0,0,0,0,0,0,0,0,0,0,0
"Garden peas, dry, water-soaked, boiled in different water, drained (without salt)",506,120,66.8,7.6,0.7,17.7,6.3,1,20,1.5,38,107,259,7,1.07,19,2,4,0,24,0.21,0.05,0.6,20,20,0,1,0,0,0,0,0,0,0,0,0,0,0,0,0,0,0,0,0,0,0,0,0,0,0,0,0,0,0,0,0,0,0,0,0,0,0,0,0,0,0,0,0,0,0,0,0,0
"Garden peas, dry, water-soaked, boiled in different water (without salt, water not discarded)",321,76,78.9,4.8,0.4,11.2,4,0.6,16,1.1,28,76,220,6,0.75,12,1,3,0,15,0.17,0.04,0.5,16,16,0,1,0,0,0,0,0,0,0,0,0,0,0,0,0,0,0,0,0,0,0,0,0,0,0,0,0,0,0,0,0,0,0,0,0,0,0,0,0,0,0,0,0,0,0,0,0,0
"Gram, black, dry, raw",1330,316,11.4,24.6,1.7,42.5,16.3,3.51,84,6,113,335,718,14,2.33,43,12,23,0,140,0.31,0.11,1.8,346,346,0,3,0,0,659,0,0,0,0,1340,2280,1920,265,143,1420,720,900,180,1800,1700,720,1230,3210,4600,1060,1180,1300,1.36,0,0,1.36,0.47,0.17,0.77,0,0,0,0,0,0,0,0,0,0,0,0,0.49,0.28
"Gram, black, dry, unsoaked, boiled, drained (without salt)",433,103,71.2,8,0.6,13.8,5.3,1.2,25,1.6,32,98,175,5,0.68,14,4,8,0,46,0.07,0.03,0.4,56,56,0,1,0,0,0,0,0,0,0,0,0,0,0,0,0,0,0,0,0,0,0,0,0,0,0,0,0,0,0,0,0,0,0,0,0,0,0,0,0,0,0,0,0,0,0,0,0,0
"Gram, black, dry, unsoaked, boiled (without salt, water not discarded)",290,69,80.7,5.3,0.4,9.2,3.5,0.8,20,1.3,25,73,157,5,0.51,9,3,5,0,31,0.05,0.02,0.3,45,45,0,0,0,0,0,0,0,0,0,0,0,0,0,0,0,0,0,0,0,0,0,0,0,0,0,0,0,0,0,0,0,0,0,0,0,0,0,0,0,0,0,0,0,0,0,0,0,0
"Gram, black, dry, water-soaked, boiled in different water, drained (without salt)",433,103,71.2,8,0.6,13.8,5.3,1.2,25,1.6,32,98,175,5,0.68,14,4,8,0,46,0.07,0.03,0.4,56,56,0,1,0,0,0,0,0,0,0,0,0,0,0,0,0,0,0,0,0,0,0,0,0,0,0,0,0,0,0,0,0,0,0,0,0,0,0,0,0,0,0,0,0,0,0,0,0,0
"Gram, black, dry, water-soaked, boiled in different water (without salt, water not discarded)",290,69,80.7,5.3,0.4,9.2,3.5,0.8,20,1.3,25,73,157,5,0.51,9,3,5,0,31,0.05,0.02,0.3,45,45,0,0,0,0,0,0,0,0,0,0,0,0,0,0,0,0,0,0,0,0,0,0,0,0,0,0,0,0,0,0,0,0,0,0,0,0,0,0,0,0,0,0,0,0,0,0,0,0
"Gram, Flour",1490,353,9.6,22.7,5.4,48.5,10.1,3.75,58,5.2,62,170,297,2,1.5,4,3,5,0,32,0.45,0.17,1.9,193,193,0,0,0,0,0,0,0,0,0,0,0,0,0,0,0,0,0,0,0,0,0,0,0,0,0,0,0,0,0,0,0,0,0,0,0,0,0,0,0,0,0,0,0,0,0,0,0,0
"Gram, green, dry, raw",1310,311,11.6,27.2,1.7,38.4,16.7,4.4,151,7.6,208,280,989,26,2.62,23,9,18,0,111,0.52,0.2,2.2,607,607,0,3,0,0,368,0,0,0,0,0,0,0,0,0,0,0,0,0,0,0,0,0,0,0,0,0,0,0,0,0,0,0,0,0,0,0,0,0,0,0,0,0,0,0,0,0,0,0
"Gram, green, dry, unsoaked, boiled, drained (without salt)",487,116,67.1,10.1,0.6,14.3,6.2,1.7,49,2.4,66,94,276,9,0.88,9,3,7,0,41,0.13,0.06,0.5,113,113,0,1,0,0,0,0,0,0,0,0,0,0,0,0,0,0,0,0,0,0,0,0,0,0,0,0,0,0,0,0,0,0,0,0,0,0,0,0,0,0,0,0,0,0,0,0,0,0
"Gram, green, dry, unsoaked, boiled (without salt, water not discarded)",309,73,79.2,6.4,0.4,9,3.9,1.1,38,1.8,50,66,233,8,0.62,6,2,4,0,26,0.1,0.05,0.4,86,86,0,0,0,0,0,0,0,0,0,0,0,0,0,0,0,0,0,0,0,0,0,0,0,0,0,0,0,0,0,0,0,0,0,0,0,0,0,0,0,0,0,0,0,0,0,0,0,0
"Gram, green, dry, water-soaked, boiled in different water, drained (without salt)",487,116,67.1,10.1,0.6,14.3,6.2,1.7,49,2.4,66,94,276,9,0.88,9,3,7,0,41,0.13,0.06,0.5,113,113,0,1,0,0,0,0,0,0,0,0,0,0,0,0,0,0,0,0,0,0,0,0,0,0,0,0,0,0,0,0,0,0,0,0,0,0,0,0,0,0,0,0,0,0,0,0,0,0
"Gram, green, dry, water-soaked, boiled in different water (without salt, water not discarded)",309,73,79.2,6.4,0.4,9,3.9,1.1,38,1.8,50,66,233,8,0.62,6,2,4,0,26,0.1,0.05,0.4,86,86,0,0,0,0,0,0,0,0,0,0,0,0,0,0,0,0,0,0,0,0,0,0,0,0,0,0,0,0,0,0,0,0,0,0,0,0,0,0,0,0,0,0,0,0,0,0,0,0
"Lentils, whole, dry, raw",1340,318,9.95,28.4,0.6,41.3,16.8,3,83,7.4,101,308,629,11,4,33,1,2,0,10,0.4,0.19,2.54,132,132,0,6.8,0,0,564,0,0,0,0,0,0,0,0,0,0,0,0,0,0,0,0,0,0,0,0,0,0,0,0,0,0,0,0,0,0,0,0,0,0,0,0,0,0,0,0,0,0,0
"Lentils, whole, dry, unsoaked, boiled, drained (without salt)",506,120,66,10.7,0.2,15.6,6.3,1.1,28,2.4,33,104,178,5,1.22,13,0,1,0,4,0.1,0.05,0.6,25,25,0,2,0,0,0,0,0,0,0,0,0,0,0,0,0,0,0,0,0,0,0,0,0,0,0,0,0,0,0,0,0,0,0,0,0,0,0,0,0,0,0,0,0,0,0,0,0,0
"Lentils, whole, unsoaked, boiled (without salt, water not discarded)",316,75,78.8,6.7,0.2,9.7,4,0.7,21,1.7,24,72,148,5,0.85,8,0,0,0,2,0.08,0.04,0.5,19,19,0,1,0,0,0,0,0,0,0,0,0,0,0,0,0,0,0,0,0,0,0,0,0,0,0,0,0,0,0,0,0,0,0,0,0,0,0,0,0,0,0,0,0,0,0,0,0,0
"Lentils, whole, dry, water-soaked, boiled in different water, drained (without salt)",506,120,66,10.7,0.2,15.6,6.3,1.1,21,1.7,24,72,148,5,0.85,8,0,1,0,4,0.1,0.05,0.6,25,25,0,2,0,0,0,0,0,0,0,0,0,0,0,0,0,0,0,0,0,0,0,0,0,0,0,0,0,0,0,0,0,0,0,0,0,0,0,0,0,0,0,0,0,0,0,0,0,0
"Lentils, whole, dry, water-soaked, boiled in different water (without salt, water not discarded)",316,75,78.8,6.7,0.2,9.7,4,0.7,21,1.7,24,72,148,5,0.85,8,0,0,0,2,0.08,0.04,0.5,19,19,0,1,0,0,0,0,0,0,0,0,0,0,0,0,0,0,0,0,0,0,0,0,0,0,0,0,0,0,0,0,0,0,0,0,0,0,0,0,0,0,0,0,0,0,0,0,0,0
"Pigeon peas, dry, raw",1272,303,12.1,20.9,2.1,38.9,22.1,3.8,172,5.4,128,272,1200,21,2.9,15,19,38,0,230,0.72,0.14,2.34,340,340,0,1.5,0,0,585,0,2,123,462,0,0,0,0,0,0,0,0,0,0,0,0,0,0,0,0,0,0,0,0,0,0,0,0,0,0,0,0,0,0,0,0,0,0,0,0,0,0,0
"Pigeon peas, dry, unsoaked, boiled, drained (without salt)",553,132,61.8,9.1,0.9,16.9,9.6,1.7,65,2,48,106,391,8,1.13,7,8,17,0,100,0.2,0.05,0.7,74,74,0,0,0,0,0,0,0,0,0,0,0,0,0,0,0,0,0,0,0,0,0,0,0,0,0,0,0,0,0,0,0,0,0,0,0,0,0,0,0,0,0,0,0,0,0,0,0,0
"Pigeon peas, dry, unsoaked, boiled (without salt, water not discarded)",398,95,72.5,6.5,0.7,12.1,6.9,1.2,56,1.7,41,85,375,8,0.91,5,6,12,0,72,0.18,0.04,0.6,64,64,0,0,0,0,0,0,0,0,0,0,0,0,0,0,0,0,0,0,0,0,0,0,0,0,0,0,0,0,0,0,0,0,0,0,0,0,0,0,0,0,0,0,0,0,0,0,0,0
"Pigeon peas, dry, water-soaked, boiled in different water, drained (without salt)",553,132,61.8,9.1,0.9,16.9,9.6,1.7,65,2,48,106,391,8,1.13,7,8,17,0,100,0.2,0.05,0.7,74,74,0,0,0,0,0,0,0,0,0,0,0,0,0,0,0,0,0,0,0,0,0,0,0,0,0,0,0,0,0,0,0,0,0,0,0,0,0,0,0,0,0,0,0,0,0,0,0,0
"Pigeon peas, dry, water-soaked, boiled in different water (without salt, water not discarded)",398,95,72.5,6.5,0.7,12.1,6.9,1.2,56,1.7,41,85,375,8,0.91,5,6,12,0,72,0.18,0.04,0.6,64,64,0,0,0,0,0,0,0,0,0,0,0,0,0,0,0,0,0,0,0,0,0,0,0,0,0,0,0,0,0,0,0,0,0,0,0,0,0,0,0,0,0,0,0,0,0,0,0,0
"Soybean, dry, raw",1605,386,12.7,34,19.1,9.7,19.3,5.2,228,7.3,203,384,1730,7,3.83,22,0,1,0,5,0.73,0.15,2.59,359,359,0,0,0,0,425,0,0,0,0,0,0,0,0,0,0,0,0,0,0,0,0,0,0,0,0,0,0,0,0,0,0,0,0,0,0,0,0,0,0,0,0,0,0,0,0,0,0,0
"Soybean, dry, unsoaked, boiled, drained (without salt)",661,159,64,14,7.9,4,7.9,2.2,81,2.5,72,142,533,4,1.42,9,0,0,0,2,0.19,0.05,0.7,74,74,0,0,0,0,0,0,0,0,0,0,0,0,0,0,0,0,0,0,0,0,0,0,0,0,0,0,0,0,0,0,0,0,0,0,0,0,0,0,0,0,0,0,0,0,0,0,0,0
"Soybean, dry, water-soaked, boiled in different water, drained (without salt)",661,159,64,14,7.9,4,7.9,2.2,81,2.5,72,142,533,4,1.42,9,0,0,0,2,0.19,0.05,0.7,74,74,0,0,0,0,0,0,0,0,0,0,0,0,0,0,0,0,0,0,0,0,0,0,0,0,0,0,0,0,0,0,0,0,0,0,0,0,0,0,0,0,0,0,0,0,0,0,0,0
"Amaranth, leaves, picked, raw",150,36,84.6,3.7,0.2,1.3,7.2,3.1,280,6.8,122,89,597,18,0.92,22,326,652,0,3913,0.03,0.22,0.69,64,64,0,77,0,323,5,0,0,0,0,0,0,0,0,0,0,0,0,0,0,0,0,0,0,0,0,0,0,0,0,0,0,0,0,0,0,0,0,0,0,0,0,0,0,0,0,0,0,0
"Amaranth, leaves, picked, boiled, drained (without salt)",158,38,83.8,3.9,0.3,1.3,7.6,3.2,280,5.3,77,84,314,14,0.73,20,309,618,0,3707,0.02,0.15,0.5,34,34,0,33,0,0,0,0,0,0,0,0,0,0,0,0,0,0,0,0,0,0,0,0,0,0,0,0,0,0,0,0,0,0,0,0,0,0,0,0,0,0,0,0,0,0,0,0,0,0
"Amaranth, leaves, picked, stewed (without salt)",186,45,81,4.6,0.3,1.5,8.9,3.8,346,8.3,151,110,737,22,1.14,27,362,725,0,4347,0.03,0.26,0.8,55,55,0,57,0,0,0,0,0,0,0,0,0,0,0,0,0,0,0,0,0,0,0,0,0,0,0,0,0,0,0,0,0,0,0,0,0,0,0,0,0,0,0,0,0,0,0,0,0,0
"Bitter gourd, whole, different varieties, raw",135,32,89.6,1.5,0.2,4.2,3.7,0.8,22,1.4,20,51,210,16,0.37,5,11,21,0,126,0.07,0.04,0.3,45,45,0,60,0,0,14,0,0,0,0,0,0,0,0,0,0,0,0,0,0,0,0,0,0,0,0,0,0,0,0,0,0,0,0,0,0,0,0,0,0,0,0,0,0,0,0,0,0,0
"Bitter gourd, whole, different varieties, boiled, drained (without salt)",150,36,88.4,1.7,0.3,4.6,4.1,0.9,23,1.2,13,51,117,14,0.31,5,11,21,0,126,0.05,0.03,0.2,25,25,0,43,0,0,0,0,0,0,0,0,0,0,0,0,0,0,0,0,0,0,0,0,0,0,0,0,0,0,0,0,0,0,0,0,0,0,0,0,0,0,0,0,0,0,0,0,0,0
"Black (African) nightshade, indigenous, leaves, picked, raw",127,31,88.6,3.8,0.1,1.3,4.3,1.8,100,8.6,41,68,421,10,0.65,1,2,4,0,24,0.06,0.32,1.1,404,404,0,36,0,18,0,0,0,0,0,205,350,215,71,47,290,165,155,65,255,210,90,240,460,435,230,180,150,0,0,0,0,0,0,0,0,0,0,0,0,0,0,0,0,0,0,0,0,0
"Black (African) nightshade, indigenous, leaves, picked, boiled, drained (without salt)",121,29,89.1,3.6,0.1,1.3,4.1,1.7,91,6.2,24,58,200,7,0.46,1,2,3,0,20,0.04,0.2,0.7,192,192,0,14,0,0,0,0,0,0,0,0,0,0,0,0,0,0,0,0,0,0,0,0,0,0,0,0,0,0,0,0,0,0,0,0,0,0,0,0,0,0,0,0,0,0,0,0,0,0
"Broccoli, tops and stems, raw",143,34,89,3.3,0.3,2.7,3.7,1,66,0.8,21,75,336,22,1,1,25,51,0,303,0.1,0.22,0.5,48,48,0,103,0,0,0,0,0,0,0,0,0,0,0,0,0,0,0,0,0,0,0,0,0,0,0,0,0,0,0,0,0,0,0,0,0,0,0,0,0,0,0,0,0,0,0,0,0,0
"Black (African) nightshade, indigenous, leaves, picked, steamed",111,27,90.1,3.3,0.1,1.2,3.8,1.6,83,6,32,56,311,7,0.51,1,2,3,0,19,0.04,0.25,0.8,211,211,0,17,0,0,0,0,0,0,0,0,0,0,0,0,0,0,0,0,0,0,0,0,0,0,0,0,0,0,0,0,0,0,0,0,0,0,0,0,0,0,0,0,0,0,0,0,0,0
"Broccoli, tops and stems, boiled, drained (without salt)",129,31,90.1,3,0.3,2.4,3.3,0.9,56,0.6,11,61,151,15,0.41,0,20,41,0,246,0.06,0.13,0.3,22,22,0,60,0,0,0,0,0,0,0,0,0,0,0,0,0,0,0,0,0,0,0,0,0,0,0,0,0,0,0,0,0,0,0,0,0,0,0,0,0,0,0,0,0,0,0,0,0,0
"Broccoli, tops and stems, steamed (without salt)",137,33,89.4,3.2,0.3,2.6,3.6,1,60,0.6,18,69,275,18,0.52,0,22,44,0,262,0.08,0.19,0.4,28,28,0,74,0,0,0,0,0,0,0,0,0,0,0,0,0,0,0,0,0,0,0,0,0,0,0,0,0,0,0,0,0,0,0,0,0,0,0,0,0,0,0,0,0,0,0,0,0,0
"Cabbage, leaf head, Chinese, raw",40,10,97,0.9,0.3,0.4,1.1,0.4,36,1.4,10,40,250,16,0,1,16,32,0,190,0.03,0.04,0.4,170,170,0,20,0,0,0,0,0,0,0,0,0,0,0,0,0,0,0,0,0,0,0,0,0,0,0,0,0,0,0,0,0,0,0,0,0,0,0,0,0,0,0,0,0,0,0,0,0,0
"Cabbage, leaf head, Chinese, boiled, drained (without salt)",41,10,96.9,0.9,0.3,0.4,1.1,0.4,35,1.1,6,37,128,12,0.15,0,15,29,0,174,0.02,0.03,0.3,87,87,0,8,0,0,0,0,0,0,0,0,0,0,0,0,0,0,0,0,0,0,0,0,0,0,0,0,0,0,0,0,0,0,0,0,0,0,0,0,0,0,0,0,0,0,0,0,0,0
"Cabbage, leaf head, Chinese, steamed (without salt)",41,10,96.9,0.9,0.3,0.4,1.1,0.4,35,1.2,9,39,217,14,0.18,0,15,29,0,174,0.02,0.04,0.3,104,104,0,11,0,0,0,0,0,0,0,0,0,0,0,0,0,0,0,0,0,0,0,0,0,0,0,0,0,0,0,0,0,0,0,0,0,0,0,0,0,0,0,0,0,0,0,0,0,0
"Cabbage, leaf head, red raw",110,26,91.1,1.3,0.2,3.1,3.4,0.9,45,0.7,29,14,241,16,0.3,1,1,2,0,10,0.09,0.13,0.5,57,57,0,69,0,0,0,0,0,0,0,0,0,0,0,0,0,0,0,0,0,0,0,0,0,0,0,0,0,0,0,0,0,0,0,0,0,0,0,0,0,0,0,0,0,0,0,0,0,0
"Cabbage, leaf head, red, boiled, drained (without salt)",113,27,90.9,1.3,0.2,3.2,3.5,0.9,44,0.5,18,13,123,12,0.23,1,1,2,0,9,0.06,0.09,0.3,29,29,0,28,0,0,0,0,0,0,0,0,0,0,0,0,0,0,0,0,0,0,0,0,0,0,0,0,0,0,0,0,0,0,0,0,0,0,0,0,0,0,0,0,0,0,0,0,0,0
"Cabbage, leaf head, red, stewed (without salt)",102,24,91.7,1.2,0.2,2.9,3.1,0.8,42,0.7,27,13,223,15,0.28,1,1,1,0,8,0.08,0.11,0.4,37,37,0,38,0,0,0,0,0,0,0,0,0,0,0,0,0,0,0,0,0,0,0,0,0,0,0,0,0,0,0,0,0,0,0,0,0,0,0,0,0,0,0,0,0,0,0,0,0,0
"Cabbage, leaf head, white, raw",76,18,93.8,1.1,0.1,2.2,2.2,0.7,47,0.5,9,40,313,37,0.2,1,tr,tr,0,tr,0.04,0.04,0.4,15,15,0,50,0,0,0,0,0,0,0,0,0,0,0,0,0,0,0,0,0,0,0,0,0,0,0,0,0,0,0,0,0,0,0,0,0,0,0,0,0,0,0,0,0,0,0,0,0,0
"Cabbage, leaf head, white, boiled, drained (without salt)",78,19,93.6,1.1,0.1,2.2,2.3,0.7,45,0.4,6,36,159,29,0.18,0,tr,tr,0,tr,0.03,0.03,0.3,8,8,0,20,0,0,0,0,0,0,0,0,0,0,0,0,0,0,0,0,0,0,0,0,0,0,0,0,0,0,0,0,0,0,0,0,0,0,0,0,0,0,0,0,0,0,0,0,0,0
"Cabbage, leaf head, white, stewed (without salt)",82,20,93.3,1.2,0.1,2.4,2.4,0.7,50,0.5,10,43,336,40,0.25,1,tr,tr,0,tr,0.04,0.04,0.4,11,11,0,32,0,0,0,0,0,0,0,0,0,0,0,0,0,0,0,0,0,0,0,0,0,0,0,0,0,0,0,0,0,0,0,0,0,0,0,0,0,0,0,0,0,0,0,0,0,0
"Capsicum (sweet peper), green, raw",95,23,93.3,1.5,0.1,2.9,2,0.2,8,0.5,10,17,151,2,0.18,0,27,55,0,328,0.03,0.03,0.5,8,8,0,115,0,0,0,0,0,0,0,0,0,0,0,0,0,0,0,0,0,0,0,0,0,0,0,0,0,0,0,0,0,0,0,0,0,0,0,0,0,0,0,0,0,0,0,0,0,0
"Capsicum (sweet peper), green, boiled, drained (without salt)",109,26,92.3,1.7,0.1,3.3,2.3,0.2,9,0.5,7,18,87,2,0.16,0,28,57,0,339,0.02,0.02,0.4,5,5,0,86,0,0,0,0,0,0,0,0,0,0,0,0,0,0,0,0,0,0,0,0,0,0,0,0,0,0,0,0,0,0,0,0,0,0,0,0,0,0,0,0,0,0,0,0,0,0
"Capsicum (sweet peper), green, grilled (without salt and fat)",102,24,92.8,1.6,0.1,3.1,2.2,0.2,9,0.6,11,18,162,2,0.19,0,26,53,0,317,0.03,0.03,0.5,6,6,0,99,0,0,0,0,0,0,0,0,0,0,0,0,0,0,0,0,0,0,0,0,0,0,0,0,0,0,0,0,0,0,0,0,0,0,0,0,0,0,0,0,0,0,0,0,0,0
"Capsicum (sweet peper), green, baked (without salt)",98,23,93,1.6,0.1,3,2.1,0.2,8,0.6,10,18,157,2,0.19,0,26,51,0,308,0.03,0.03,0.5,6,6,0,96,0,0,0,0,0,0,0,0,0,0,0,0,0,0,0,0,0,0,0,0,0,0,0,0,0,0,0,0,0,0,0,0,0,0,0,0,0,0,0,0,0,0,0,0,0,0
"Capsicum (sweet peper), red, raw",110,26,92.4,1.7,0.2,3.5,1.8,0.4,4,0.3,6,24,174,2,0.2,1,21,41,0,246,0.04,0.05,1,52,52,0,156,0,0,0,0,0,0,0,0,0,0,0,0,0,0,0,0,0,0,0,0,0,0,0,0,0,0,0,0,0,0,0,0,0,0,0,0,0,0,0,0,0,0,0,0,0,0
"Capsicum (sweet peper), red, boiled, drained (without salt)",127,30,91.3,2,0.2,4,2.1,0.5,4,0.3,4,25,100,2,0.17,1,21,42,0,254,0.03,0.04,0.7,30,30,0,117,0,0,0,0,0,0,0,0,0,0,0,0,0,0,0,0,0,0,0,0,0,0,0,0,0,0,0,0,0,0,0,0,0,0,0,0,0,0,0,0,0,0,0,0,0,0
"Capsicum (sweet peper), red, grilled (without salt and fat)",118,28,91.8,1.8,0.2,3.8,1.9,0.4,4,0.3,6,26,187,2,0.22,1,20,40,0,238,0.04,0.05,1,39,39,0,134,0,0,0,0,0,0,0,0,0,0,0,0,0,0,0,0,0,0,0,0,0,0,0,0,0,0,0,0,0,0,0,0,0,0,0,0,0,0,0,0,0,0,0,0,0,0
"Capsicum (sweet peper), red, baked (without salt)",115,27,92.1,1.8,0.2,3.6,1.9,0.4,4,0.3,6,25,181,2,0.21,1,19,38,0,231,0.04,0.05,1,38,38,0,130,0,0,0,0,0,0,0,0,0,0,0,0,0,0,0,0,0,0,0,0,0,0,0,0,0,0,0,0,0,0,0,0,0,0,0,0,0,0,0,0,0,0,0,0,0,0
"Capsicum (sweet peper), yellow, raw",86,21,93.4,1.4,0.2,2.3,2.2,0.6,19,1,17,43,242,2,0,0,14,28,0,166,0.14,0.02,0.59,30,30,0,127,0,0,0,0,0,0,0,0,0,0,0,0,0,0,0,0,0,0,0,0,0,0,0,0,0,0,0,0,0,0,0,0,0,0,0,0,0,0,0,0,0,0,0,0,0,0
"Capsicum (sweet peper), yellow, boiled, drained (without salt)",99,24,92.4,1.6,0.2,2.6,2.5,0.7,21,0.6,12,45,139,1,0.22,0,14,29,0,172,0.1,0.01,0.4,17,17,0,95,0,0,0,0,0,0,0,0,0,0,0,0,0,0,0,0,0,0,0,0,0,0,0,0,0,0,0,0,0,0,0,0,0,0,0,0,0,0,0,0,0,0,0,0,0,0
"Capsicum (sweet peper), yellow, grilled (without salt and fat)",93,22,92.9,1.5,0.2,2.4,2.4,0.7,21,0.7,19,47,260,2,0.28,0,13,27,0,161,0.14,0.02,0.6,23,23,0,109,0,0,0,0,0,0,0,0,0,0,0,0,0,0,0,0,0,0,0,0,0,0,0,0,0,0,0,0,0,0,0,0,0,0,0,0,0,0,0,0,0,0,0,0,0,0
"Capsicum (sweet peper), yellow, baked (without salt)",90,22,93.1,1.4,0.2,2.4,2.3,0.6,20,0.7,18,45,252,2,0.27,0,13,26,0,156,0.13,0.02,0.6,22,22,0,106,0,0,0,0,0,0,0,0,0,0,0,0,0,0,0,0,0,0,0,0,0,0,0,0,0,0,0,0,0,0,0,0,0,0,0,0,0,0,0,0,0,0,0,0,0,0
"Carrot, peeled, raw",124,30,90.6,0.7,0.2,4.5,3.2,0.6,33,0.6,17,25,251,35,0.14,0,589,1180,0,7070,0.04,0.03,0.22,18,18,0,5.5,0,15,0,0,0,0,0,0,0,0,0,0,0,0,0,0,0,0,0,0,0,0,0,0,0,0,0,0,0,0,0,0,0,0,0,0,0,0,0,0,0,0,0,0,0,0
"Carrot, peeled, boiled, drained (without salt)",132,32,90,0.8,0.3,4.8,3.4,0.7,34,0.5,11,24,120,21,0.11,0,564,1130,0,6770,0.03,0.02,0.2,10,10,0,2,0,0,0,0,0,0,0,0,0,0,0,0,0,0,0,0,0,0,0,0,0,0,0,0,0,0,0,0,0,0,0,0,0,0,0,0,0,0,0,0,0,0,0,0,0,0
"Carrot, peeled, stewed (without salt)",129,31,90.2,0.8,0.2,4.7,3.4,0.7,35,0.6,17,26,261,37,0.14,0,552,1110,0,6630,0.04,0.03,0.2,13,13,0,5,0,0,0,0,0,0,0,0,0,0,0,0,0,0,0,0,0,0,0,0,0,0,0,0,0,0,0,0,0,0,0,0,0,0,0,0,0,0,0,0,0,0,0,0,0,0
"Cauliflower, tops and stems, raw",79,19,93.2,2,0.2,0.9,2.8,0.9,17,0.8,11,49,292,30,0,1,0,0,0,2,0.06,0.09,0.5,44,44,0,70,0,0,0,0,0,0,0,0,0,0,0,0,0,0,0,0,0,0,0,0,0,0,0,0,0,0,0,0,0,0,0,0,0,0,0,0,0,0,0,0,0,0,0,0,0,0
"Cauliflower, tops and stems, boiled, drained (without salt)",79,19,93.2,2,0.2,0.9,2.8,0.9,16,0.6,6,44,146,23,0.19,0,0,0,0,1,0.04,0.06,0.3,22,22,0,46,0,0,0,0,0,0,0,0,0,0,0,0,0,0,0,0,0,0,0,0,0,0,0,0,0,0,0,0,0,0,0,0,0,0,0,0,0,0,0,0,0,0,0,0,0,0
"Celery, stalk, raw",114,27,90.9,0.6,0.1,5.3,1.4,1.8,70,1,19,50,267,28,0.21,2,39,78,0,465,0.03,0.03,0.4,13,13,0,12,0,0,0,0,0,0,0,0,0,0,0,0,0,0,0,0,0,0,0,0,0,0,0,0,0,0,0,0,0,0,0,0,0,0,0,0,0,0,0,0,0,0,0,0,0,0
"Celery, stalk, boiled, drained (without salt)",127,30,89.9,0.7,0.1,5.8,1.6,1.9,74,0.8,13,50,148,23,0.18,2,39,78,0,465,0.02,0.02,0.3,7,7,0,9,0,0,0,0,0,0,0,0,0,0,0,0,0,0,0,0,0,0,0,0,0,0,0,0,0,0,0,0,0,0,0,0,0,0,0,0,0,0,0,0,0,0,0,0,0,0
"Courgette, green, unpeeled, raw",78,19,94.8,0.9,0.3,2.5,1.1,0.4,18,0.5,16,34,188,1,0.33,1,23,46,0,278,0.03,0.06,0.6,17,17,0,24,0,0,0,0,0,0,0,0,0,0,0,0,0,0,0,0,0,0,0,0,0,0,0,0,0,0,0,0,0,0,0,0,0,0,0,0,0,0,0,0,0,0,0,0,0,0
"Courgette, green, unpeeled, boiled, drained (without salt)",86,21,94.2,1,0.3,2.8,1.2,0.4,19,0.4,11,34,104,1,0.28,1,14,28,0,168,0.02,0.04,0.4,9,9,0,17,0,0,0,0,0,0,0,0,0,0,0,0,0,0,0,0,0,0,0,0,0,0,0,0,0,0,0,0,0,0,0,0,0,0,0,0,0,0,0,0,0,0,0,0,0,0
"Cowpea, leaves, picked, raw",123,30,88.7,3.4,0.4,0.7,4.9,1.9,188,2.7,47,17,485,31,1,1,36,72,0,0,0.49,0.37,1.6,95,95,0,50,0,16,0,0,0,0,0,205,350,225,40,tr,260,180,205,55,255,205,70,280,435,390,230,185,150,0,0,0,0,0,0,0,0,0,0,0,0,0,0,0,0,0,0,0,0,0
"Cowpea, leaves, picked, boiled, drained (without salt)",117,28,89.2,3.2,0.4,0.6,4.7,1.8,170,1.9,27,15,231,22,0.53,0,0,0,0,0,0.3,0.23,1,45,45,0,19,0,0,0,0,0,0,0,0,0,0,0,0,0,0,0,0,0,0,0,0,0,0,0,0,0,0,0,0,0,0,0,0,0,0,0,0,0,0,0,0,0,0,0,0,0,0
"Cowpea, leaves, picked, steamed (without salt)",107,26,90.2,2.9,0.4,0.6,4.3,1.7,155,1.9,37,14,358,23,0.58,0,0,0,0,0,0.34,0.29,1.1,49,49,0,24,0,0,0,0,0,0,0,0,0,0,0,0,0,0,0,0,0,0,0,0,0,0,0,0,0,0,0,0,0,0,0,0,0,0,0,0,0,0,0,0,0,0,0,0,0,0
"Cucumber, green, unpeeled, raw",47,11,96.2,0.6,0.1,1.3,1.4,0.5,20,0.7,14,20,136,22,0.18,1,0,1,0,5,0.03,0.02,0.2,7,7,0,7,0,0,0,0,0,0,0,0,0,0,0,0,0,0,0,0,0,0,0,0,0,0,0,0,0,0,0,0,0,0,0,0,0,0,0,0,0,0,0,0,0,0,0,0,0,0
"Eggplant / Brinjal, different varieties, whole edible, raw",111,27,90.8,1.2,0.3,2.8,4,0.9,18,0.4,21,35,200,3,0.21,1,12,24,0,146,0.05,0.05,1,29,29,0,2,0,0,0,0,0,0,0,0,0,0,0,0,0,0,0,0,0,0,0,0,0,0,0,0,0,0,0,0,0,0,0,0,0,0,0,0,0,0,0,0,0,0,0,0,0,0
"Eggplant / Brinjal, different varieties, whole edible, boiled, drained (without salt)",119,29,90.1,1.3,0.3,3,4.3,1,19,0.3,14,34,108,2,0.17,0,12,24,0,141,0.03,0.03,0.4,16,16,0,1,0,0,0,0,0,0,0,0,0,0,0,0,0,0,0,0,0,0,0,0,0,0,0,0,0,0,0,0,0,0,0,0,0,0,0,0,0,0,0,0,0,0,0,0,0,0
"Eggplant / Brinjal, different varieties, whole edible, stewed (without salt)",139,33,88.5,1.5,0.4,3.4,5,1.2,23,0.5,26,44,250,4,0.26,1,14,27,0,164,0.06,0.06,0.6,25,25,0,2,0,0,0,0,0,0,0,0,0,0,0,0,0,0,0,0,0,0,0,0,0,0,0,0,0,0,0,0,0,0,0,0,0,0,0,0,0,0,0,0,0,0,0,0,0,0
"Jute mallow, picked leaves, raw",187,45,82.3,4.6,0.2,2.1,8.3,2.5,207,6.3,30,88,283,18,0.58,1,217,434,0,2603,0.09,0.34,0.53,117,117,0,44.5,0,59,0,0,0,0,0,200,335,230,65,0,300,155,170,70,255,245,95,250,470,445,240,210,155,0,0,0,0,0,0,0,0,0,0,0,0,0,0,0,0,0,0,0,0,0
"Jute mallow, picked leaves, boiled, drained (without salt)",197,47,81.4,4.9,0.2,2.2,8.7,2.6,207,5,19,84,149,14,0.46,1,205,411,0,2466,0.06,0.23,0.4,61,61,0,18.3,0,0,0,0,0,0,0,0,0,0,0,0,0,0,0,0,0,0,0,0,0,0,0,0,0,0,0,0,0,0,0,0,0,0,0,0,0,0,0,0,0,0,0,0,0,0
"Jute mallow, picked leaves, stewed (without salt)",231,56,78.2,5.7,0.2,2.6,10.2,3.1,255,7.8,37,109,349,23,0.72,1,241,482,0,2892,0.1,0.4,0.6,101,101,0,32.2,0,0,0,0,0,0,0,0,0,0,0,0,0,0,0,0,0,0,0,0,0,0,0,0,0,0,0,0,0,0,0,0,0,0,0,0,0,0,0,0,0,0,0,0,0,0
"Kale, Ethiopian (kanzera), leaves, raw",113,27,90.4,3.3,0.6,0.2,4,1.6,117,5.7,54,51,639,7,0.7,0,118,236,0,1418,0.06,0.23,0.9,73,73,0,134,0,13,0,0,0,0,0,155,250,205,31,43,235,120,165,39,245,115,85,225,335,435,170,140,145,0,0,0,0,0,0,0,0,0,0,0,0,0,0,0,0,0,0,0,0,0
"Kale, Ethiopian (kanzera), leaves, boiled, drained (without salt)",108,26,90.8,3.1,0.6,0.2,3.8,1.5,105,4,31,43,304,5,0.48,0,101,203,0,1215,0.04,0.14,0.6,35,35,0,51,0,0,0,0,0,0,0,0,0,0,0,0,0,0,0,0,0,0,0,0,0,0,0,0,0,0,0,0,0,0,0,0,0,0,0,0,0,0,0,0,0,0,0,0,0,0
"Kale, Ethiopian (kanzera), leaves, steamed (without salt)",99,24,91.6,2.8,0.5,0.2,3.5,1.4,96,3.9,42,42,472,5,0.52,0,92,185,0,1109,0.04,0.18,0.6,38,38,0,64,0,0,0,0,0,0,0,0,0,0,0,0,0,0,0,0,0,0,0,0,0,0,0,0,0,0,0,0,0,0,0,0,0,0,0,0,0,0,0,0,0,0,0,0,0,0
Kale (sukuma wiki) raw,121,29,89.2,3,0.3,1.2,4.7,1.6,402,2.8,41,67,238,71,0.5,0,177,355,0,2127,0.11,0.13,1,62,62,0,134,0,18,0,0,0,0,0,160,250,190,29,40,220,125,165,36,220,175,62,185,360,430,180,165,155,0,0,0,0,0,0,0,0,0,0,0,0,0,0,0,0,0,0,0,0,0
"Kale (sukuma wiki), boiled, drained (without salt)",115,28,89.7,2.9,0.3,1.2,4.4,1.5,364,2,23,57,113,51,0.34,0,152,304,0,1823,0.07,0.08,0.6,30,30,0,51,0,0,0,0,0,0,0,0,0,0,0,0,0,0,0,0,0,0,0,0,0,0,0,0,0,0,0,0,0,0,0,0,0,0,0,0,0,0,0,0,0,0,0,0,0,0
"Kale (sukuma wiki), steamed (without salt)",105,25,90.6,2.6,0.3,1.1,4.1,1.4,332,2,32,55,176,53,0.37,0,139,277,0,1665,0.08,0.1,0.7,33,33,0,64,0,0,0,0,0,0,0,0,0,0,0,0,0,0,0,0,0,0,0,0,0,0,0,0,0,0,0,0,0,0,0,0,0,0,0,0,0,0,0,0,0,0,0,0,0,0
"Leeks, bulb and stem, raw",229,54,84.5,1.7,0.4,9.5,3.1,0.8,78,1.8,14,54,202,17,0.3,1,20,40,0,242,0.14,0,0,64,64,0,21,0,0,0,0,0,0,0,0,0,0,0,0,0,0,0,0,0,0,0,0,0,0,0,0,0,0,0,0,0,0,0,0,0,0,0,0,0,0,0,0,0,0,0,0,0,0
"Leeks, bulb and stem, boiled, drained (without salt)",276,66,81.4,2,0.5,11.4,3.7,1,90,1.6,10,58,110,11,0.27,1,22,44,0,262,0.12,0.07,0.3,39,39,0,10,0,0,0,0,0,0,0,0,0,0,0,0,0,0,0,0,0,0,0,0,0,0,0,0,0,0,0,0,0,0,0,0,0,0,0,0,0,0,0,0,0,0,0,0,0,0
"Lettuce, not further defined, raw",73,17,94.4,1.2,0.2,1.9,1.6,0.7,47,1.6,24,55,201,20,0.26,1,107,214,0,1285,0.08,0.05,0.26,66,66,0,10,0,0,0,0,0,0,0,0,0,0,0,0,0,0,0,0,0,0,0,0,0,0,0,0,0,0,0,0,0,0,0,0,0,0,0,0,0,0,0,0,0,0,0,0,0,0
"Mushroom, fresh, raw",148,35,89.7,2.3,0.4,4.5,2.3,0.9,16,0.3,15,105,318,8,0.17,16,0,0,0,0,0.1,0.4,0.7,23,23,0,0,0,0,0,0,0,0,0,0,0,0,0,0,0,0,0,0,0,0,0,0,0,0,0,0,0,0,0,0,0,0,0,0,0,0,0,0,0,0,0,0,0,0,0,0,0,0
"Mushroom, fresh, boiled, drained (without salt)",203,48,85.9,3.2,0.5,6.1,3.1,1.2,21,0.3,12,129,218,8,0.17,20,0,0,0,0,0.09,0.36,0.6,16,16,0,0,0,0,0,0,0,0,0,0,0,0,0,0,0,0,0,0,0,0,0,0,0,0,0,0,0,0,0,0,0,0,0,0,0,0,0,0,0,0,0,0,0,0,0,0,0,0
"Mushroom, fresh, stewed (without salt)",183,43,87.3,2.8,0.5,5.5,2.8,1.1,20,0.4,19,130,393,10,0.21,20,0,0,0,0,0.11,0.47,0.8,20,20,0,0,0,0,0,0,0,0,0,0,0,0,0,0,0,0,0,0,0,0,0,0,0,0,0,0,0,0,0,0,0,0,0,0,0,0,0,0,0,0,0,0,0,0,0,0,0,0
"Mushroom, dried, raw      ",1180,283,11.9,12.3,2.9,32.4,39.1,1.4,24,5.5,136,702,326,5,8.7,0,0,0,0,0,0.24,0.17,3.77,163,163,0,0,0,0,0,0,0,0,0,0,0,0,0,0,0,0,0,0,0,0,0,0,0,0,0,0,0,0,0,0,0,0,0,0,0,0,0,0,0,0,0,0,0,0,0,0,0,0
"Mushroom, dried, boiled, drained (without salt)",674,162,49.6,7,1.6,18.5,22.4,0.8,14,2.3,47,361,93,3,3.72,0,0,0,0,0,0.09,0.06,1.4,47,47,0,0,0,0,0,0,0,0,0,0,0,0,0,0,0,0,0,0,0,0,0,0,0,0,0,0,0,0,0,0,0,0,0,0,0,0,0,0,0,0,0,0,0,0,0,0,0,0
"Mushroom, raw, canned in brine (drained)",73,18,93,1.5,0.4,0.2,3.7,1.2,4,1,4,54,24,300,0,16,4,7,0,42,0.23,0.05,1.3,22,22,0,3,0,0,0,0,0,0,0,0,0,0,0,0,0,0,0,0,0,0,0,0,0,0,0,0,0,0,0,0,0,0,0,0,0,0,0,0,0,0,0,0,0,0,0,0,0,0
"Okra, fresh, raw       ",136,32,90,2,0.2,3.5,3.7,0.7,81,0.8,57,63,303,8,0.6,1,9,19,0,112,0.1,0.06,1,88,88,0,21,0,0,0,0,0,0,0,0,0,0,0,0,0,0,0,0,0,0,0,0,0,0,0,0,0,0,0,0,0,0,0,0,0,0,0,0,0,0,0,0,0,0,0,0,0,0
"Okra, fresh, boiled, drained (without salt)",123,29,90.5,1.8,0.2,4.1,3.4,0.6,70,0.5,31,52,138,5,0.41,1,8,15,0,91,0.05,0.04,0.6,40,40,0,12,0,0,0,0,0,0,0,0,0,0,0,0,0,0,0,0,0,0,0,0,0,0,0,0,0,0,0,0,0,0,0,0,0,0,0,0,0,0,0,0,0,0,0,0,0,0
"Okra, fresh, stewed (without salt)",147,35,88.7,2.2,0.2,6.1,4,1.8,84,0.7,56,65,280,7,0.59,1,9,18,0,109,0.08,0.06,0.9,57,57,0,17,0,0,0,0,0,0,0,0,0,0,0,0,0,0,0,0,0,0,0,0,0,0,0,0,0,0,0,0,0,0,0,0,0,0,0,0,0,0,0,0,0,0,0,0,0,0
"Pumpkin, flesh, yellow w/o seeds, raw",134,32,90.3,1.2,0.2,5.2,2.4,0.7,17,0.2,12,31,178,14,0.21,1,126,252,0,1512,0.07,0.06,0.78,50,50,0,8,0,0,0,0,0,0,0,0,0,0,0,0,0,0,0,0,0,0,0,0,0,0,0,0,0,0,0,0,0,0,0,0,0,0,0,0,0,0,0,0,0,0,0,0,0,0
"Pumpkin, flesh, yellow w/o seeds, boiled, drained (without salt)",146,35,89.5,1.3,0.2,5.6,2.6,0.8,18,0.2,8,30,97,11,0.17,0,123,246,0,1479,0.05,0.04,0.5,27,27,0,6,0,0,0,0,0,0,0,0,0,0,0,0,0,0,0,0,0,0,0,0,0,0,0,0,0,0,0,0,0,0,0,0,0,0,0,0,0,0,0,0,0,0,0,0,0,0
"Pumpkin, flesh, yellow w/o seeds, boiled, drained (without salt)",119,28,91.4,1.1,0.2,4.6,2.1,0.7,15,0.2,11,27,157,12,0.19,0,100,201,0,1204,0.06,0.05,0.7,31,31,0,6,0,0,0,0,0,0,0,0,0,0,0,0,0,0,0,0,0,0,0,0,0,0,0,0,0,0,0,0,0,0,0,0,0,0,0,0,0,0,0,0,0,0,0,0,0,0
"Pumpkin, leaves, raw",156,37,87.3,4.2,0.7,2.2,2.3,3.2,383,5.6,142,119,423,12,0.9,1,141,283,0,1695,0.07,0.12,1.49,36,36,0,12.3,0,0,0,0,0,0,0,0,0,0,0,0,0,0,0,0,0,0,0,0,0,0,0,0,0,0,0,0,0,0,0,0,0,0,0,0,0,0,0,0,0,0,0,0,0,0
"Pumpkin, leaves, boiled, drained (without salt)",148,35,87.9,4,0.7,2.1,2.1,3.1,347,4,81,102,201,9,0.64,1,121,242,0,1453,0.04,0.07,0.9,17,17,0,5,0,0,0,0,0,0,0,0,0,0,0,0,0,0,0,0,0,0,0,0,0,0,0,0,0,0,0,0,0,0,0,0,0,0,0,0,0,0,0,0,0,0,0,0,0,0
"Pumpkin, leaves, steamed (without salt)",135,32,89,3.7,0.6,1.9,2,2.8,316,3.9,111,98,313,9,0.7,1,111,221,0,1327,0.05,0.09,1,19,19,0,6,0,0,0,0,0,0,0,0,0,0,0,0,0,0,0,0,0,0,0,0,0,0,0,0,0,0,0,0,0,0,0,0,0,0,0,0,0,0,0,0,0,0,0,0,0,0
"Spider plant, leaves, raw",180,43,85,4.8,0.8,2.1,4.3,3,189,2.6,48,49,478,19,0.76,2,217,434,0,2603,0.1,0.12,1.3,346,346,0,64,0,0,0,0,0,0,0,0,0,0,0,0,0,0,0,0,0,0,0,0,0,0,0,0,0,0,0,0,0,0,0,0,0,0,0,0,0,0,0,0,0,0,0,0,0,0
"Spider plant, leaves, boiled, drained (without salt)",172,41,85.7,4.6,0.7,2,4.1,2.9,171,1.9,27,42,228,13,0.54,2,186,372,0,2231,0.06,0.07,0.8,165,165,0,24,0,0,0,0,0,0,0,0,0,0,0,0,0,0,0,0,0,0,0,0,0,0,0,0,0,0,0,0,0,0,0,0,0,0,0,0,0,0,0,0,0,0,0,0,0,0
"Spider plant, leaves, steamed (without salt)",157,38,86.9,4.2,0.7,1.9,3.8,2.6,156,1.8,37,40,353,14,0.59,1,170,339,0,2037,0.07,0.09,0.9,181,181,0,31,0,0,0,0,0,0,0,0,0,0,0,0,0,0,0,0,0,0,0,0,0,0,0,0,0,0,0,0,0,0,0,0,0,0,0,0,0,0,0,0,0,0,0,0,0,0
"Spinach, leaves, raw",112,27,89.8,2.8,0.4,1.1,4.1,1.8,131,1.7,72,28,570,59,1,1,189,377,0,2260,0.03,0.18,0.4,110,110,0,37,0,0,0,0,0,0,0,0,0,0,0,0,0,0,0,0,0,0,0,0,0,0,0,0,0,0,0,0,0,0,0,0,0,0,0,0,0,0,0,0,0,0,0,0,0,0
"Spinach, leaves, boiled, drained (without salt)",118,28,89.3,2.9,0.4,1.2,4.3,1.9,131,1.4,45,27,300,46,0.47,0,179,357,0,2140,0.02,0.12,0.3,58,58,0,15,0,0,0,0,0,0,0,0,0,0,0,0,0,0,0,0,0,0,0,0,0,0,0,0,0,0,0,0,0,0,0,0,0,0,0,0,0,0,0,0,0,0,0,0,0,0
"Spinach, leaves, stewed (without salt)",139,33,87.4,3.5,0.4,1.4,5.1,2.2,161,2.1,89,35,704,72,0.74,1,209,419,0,2510,0.03,0.21,0.5,95,95,0,27,0,0,0,0,0,0,0,0,0,0,0,0,0,0,0,0,0,0,0,0,0,0,0,0,0,0,0,0,0,0,0,0,0,0,0,0,0,0,0,0,0,0,0,0,0,0
"Spinach, Swiss chard, leaves, raw",102,25,90.3,3.1,0.2,0.7,3.6,2,117,4.4,78,50,348,892,0.73,1,190,380,0,2280,0.03,0.1,0.6,121,121,0,24,0,819,0,0,0,0,0,0,0,0,0,0,0,0,0,0,0,0,0,0,0,0,0,0,0,0,0,0,0,0,0,0,0,0,0,0,0,0,0,0,0,0,0,0,0,0
"Spinach, Swiss chard, leaves, boiled, drained (without salt)",108,26,89.8,3.3,0.2,0.8,3.8,2.1,117,3.5,49,47,183,704,0.58,1,180,360,0,2160,0.02,0.07,0.4,64,64,0,10,0,0,0,0,0,0,0,0,0,0,0,0,0,0,0,0,0,0,0,0,0,0,0,0,0,0,0,0,0,0,0,0,0,0,0,0,0,0,0,0,0,0,0,0,0,0
"Spinach, Swiss chard, leaves, stewed (without salt)",126,30,88,3.9,0.3,0.9,4.5,2.5,144,5.4,96,62,430,1101,0.9,1,211,422,0,2530,0.03,0.12,0.7,105,105,0,18,0,0,0,0,0,0,0,0,0,0,0,0,0,0,0,0,0,0,0,0,0,0,0,0,0,0,0,0,0,0,0,0,0,0,0,0,0,0,0,0,0,0,0,0,0,0
"Squash, butternut, peeled, flesh, raw",182,43,87.3,1.5,0.1,7.8,2.5,0.8,18,1,16,19,332,7.7,0.2,1,160,320,0,1920,0.07,0.06,1.02,31,31,0,8,0,0,0,0,0,0,0,56,81,53,17,13,56,48,43,20,62,90,27,60,230,185,53,52,56,0,0,0,0,0,0,0,0,0,0,0,0,0,0,0,0,0,0,0,0,0
"Squash, butternut, peeled, flesh, boiled, drained (without salt)",204,48,85.7,1.6,0.1,8.8,2.8,0.9,19,0.8,11,20,186,7,0.16,1,162,324,0,1940,0.05,0.04,0.7,18,18,0,6,0,0,0,0,0,0,0,0,0,0,0,0,0,0,0,0,0,0,0,0,0,0,0,0,0,0,0,0,0,0,0,0,0,0,0,0,0,0,0,0,0,0,0,0,0,0
"Squash, butternut, peeled, flesh, steamed (without salt)",204,48,85.7,1.6,0.1,8.8,2.8,0.9,19,0.9,16,21,317,7,0.2,1,162,324,0,1940,0.06,0.06,0.9,21,21,0,7,0,0,0,0,0,0,0,0,0,0,0,0,0,0,0,0,0,0,0,0,0,0,0,0,0,0,0,0,0,0,0,0,0,0,0,0,0,0,0,0,0,0,0,0,0,0
"Squash, butternut, peeled, flesh, baked (without salt)",214,51,85.1,1.7,0.1,9.2,2.9,1,21,1.2,19,23,390,9,0.23,1,169,339,0,2030,0.07,0.06,1.1,26,26,0,8,0,0,0,0,0,0,0,0,0,0,0,0,0,0,0,0,0,0,0,0,0,0,0,0,0,0,0,0,0,0,0,0,0,0,0,0,0,0,0,0,0,0,0,0,0,0
"Stinging nettle, leaves, raw",248,59,80,5.4,0.7,6.7,2.1,4.9,668,7.2,133,122,524,36,1,2,2,3,0,0,0.04,0,1,457,457,0,5,0,0,0,0,0,0,0,0,0,0,0,0,0,0,0,0,0,0,0,0,0,0,0,0,0,0,0,0,0,0,0,0,0,0,0,0,0,0,0,0,0,0,0,0,0,0
"Stinging nettle, leaves, boiled, drained (without salt)",237,56,81.1,5.1,0.7,6.4,2,4.7,604,5.2,76,105,250,26,0.49,2,0,0,0,0,0.02,0.19,0.7,218,218,0,2,0,0,0,0,0,0,0,0,0,0,0,0,0,0,0,0,0,0,0,0,0,0,0,0,0,0,0,0,0,0,0,0,0,0,0,0,0,0,0,0,0,0,0,0,0,0
"Stinging nettle, leaves, steamed (without salt)",216,51,82.8,4.7,0.6,5.8,1.8,4.3,552,5,104,101,387,27,0.54,2,0,0,0,0,0.03,0.24,0.7,238,238,0,2,0,0,0,0,0,0,0,0,0,0,0,0,0,0,0,0,0,0,0,0,0,0,0,0,0,0,0,0,0,0,0,0,0,0,0,0,0,0,0,0,0,0,0,0,0,0
Sweet Potato (Leaves),150,36,87.6,4.3,0.5,0.8,5.3,1.4,118,1,61,30,620,6,0.29,1,189,378,0,2270,0.1,0.35,1.1,1,1,0,11,0,0,0,0,0,0,0,0,0,0,0,0,0,0,0,0,0,0,0,0,0,0,0,0,0,0,0,0,0,0,0,0,0,0,0,0,0,0,0,0,0,0,0,0,0,0
"Tomato, green, raw",95,23,93.2,1.1,0.2,3.3,1.6,0.6,8,0.4,14,23,225,13,0.2,8,3,5,0,32,0.08,0.1,0.5,9,9,0,16,0,14,0,0,0,0,0,0,0,0,0,0,0,0,0,0,0,0,0,0,0,0,0,0,0,0,0,0,0,0,0,0,0,0,0,0,0,0,0,0,0,0,0,0,0,0
"Tomato, green, boiled, drained (without salt)",121,29,91.3,1.4,0.3,4.2,2.1,0.8,10,0.4,10,26,144,13,0.15,10,3,6,0,37,0.07,0.04,0.4,6,6,0,14,0,0,0,0,0,0,0,0,0,0,0,0,0,0,0,0,0,0,0,0,0,0,0,0,0,0,0,0,0,0,0,0,0,0,0,0,0,0,0,0,0,0,0,0,0,0
"Tomato, red, ripe, raw",92,22,93.6,1,0.2,3.3,1.4,0.5,8,0.9,9.5,25,126,21,0.37,0,26,53,0,316,0.04,0.04,0.5,25,25,0,25,0,0,0,0,0,0,0,0,0,0,0,0,0,0,0,0,0,0,0,0,0,0,0,0,0,0,0,0,0,0,0,0,0,0,0,0,0,0,0,0,0,0,0,0,0,0
"Tomato, red, ripe, boiled, drained (without salt)",118,28,91.8,1.3,0.3,4.2,1.8,0.7,10,0.8,7,28,81,20,0.35,0,30,61,0,365,0.04,0.04,0.5,16,16,0,21,0,0,0,0,0,0,0,0,0,0,0,0,0,0,0,0,0,0,0,0,0,0,0,0,0,0,0,0,0,0,0,0,0,0,0,0,0,0,0,0,0,0,0,0,0,0
"Tomato, canned, whole contents",84,20,94,1,0.1,3.1,1.3,0.5,22,0.6,11,20,204,68,0.16,1,28,56,0,334,0,0,0.6,26,26,0,6,0,0,0,0,0,0,0,0,0,0,0,0,0,0,0,0,0,0,0,0,0,0,0,0,0,0,0,0,0,0,0,0,0,0,0,0,0,0,0,0,0,0,0,0,0,0
"Vine (African) spinach, picked leaves, raw",117,28,90.4,3.4,0.7,0.2,3.7,1.6,267,10.9,40,56,446,8,0.5,0,184,369,0,2210,0.1,0.2,0.9,71,71.3,0,79.8,0,278,0,0,0,0,0,140,230,215,tr,tr,195,125,135,0,175,185,70,165,275,370,180,135,135,0,0,0,0,0,0,0,0,0,0,0,0,0,0,0,0,0,0,0,0,0
"Vine (African) spinach, picked leaves, boiled, drained (without salt)",123,30,89.9,3.6,0.7,0.2,3.9,1.7,267,8.6,25,53,234,6,0.36,0,175,349,0,2100,0.04,0.14,0.6,38,38,0,34,0,0,0,0,0,0,0,0,0,0,0,0,0,0,0,0,0,0,0,0,0,0,0,0,0,0,0,0,0,0,0,0,0,0,0,0,0,0,0,0,0,0,0,0,0,0
"Apple, green skin, unpeeled, raw",231,55,85,0.3,0,12.2,2.4,0.2,6,0.4,4,10,99,2,0.07,1,1,2,0,11,0.025,0.01,0.1,0,0,0,4,0,0,0,0,0,0,0,0,0,0,0,0,0,0,0,0,0,0,0,0,0,0,0,0,0,0,0,0,0,0,0,0,0,0,0,0,0,0,0,0,0,0,0,0,0,0
"Apple, red, unpeeled, raw",239,57,84.6,0.3,0.1,12.4,2.3,0.25,6,0.3,4,9,100,1,0.07,1,1,2,0,14,0.02,0.01,0.13,5,5,0,4,0,0,0,0,0,0,0,0,0,0,0,0,0,0,0,0,0,0,0,0,0,0,0,0,0,0,0,0,0,0,0,0,0,0,0,0,0,0,0,0,0,0,0,0,0,0
"Avocado, ripe, raw",761,185,74,1.6,19.6,0,4,1.9,19,1,25,41,281,7,0.39,0,2,5,0,27,0.07,0.15,1.8,67,67,0,14,0,0,0,0,0,0,0,65,85,80,26,25,67,42,65,16,85,60,38,75,155,150,85,70,85,18.74,0,0,18.74,3.28,13.5,1.91,0.01,0,0,0,0,0,0,0,0,0,0,0,0.13,1.79
"Banana, cavendish, raw",402,95,74.4,1.08,0.3,20.6,2.75,0.9,10,0.3,26,37,187,0,0.36,0,5,9,0,56,0.05,0.05,0.35,22,22,0,4,0,0,0,0,0,0,0,34,85,50,11,17,55,25,35,12,75,48,84,40,130,115,38,41,48,0,0,0,0,0,0,0,0,0,0,0,0,0,0,0,0,0,0,0,0,0
"Baobab fruit, powderly part, dry, raw",1335,315,13.1,2.3,0.4,72.2,6.8,5.2,283,5,108,56,1613,56,0.88,24,0,0,0, tr,0.04,0.2,1.5,50,50,0,13.7,0,24,0,0,0,0,0,0,0,0,0,0,0,0,0,0,0,0,0,0,0,0,0,0,0,0,0,0,0,0,0,0,0,0,0,0,0,0,0,0,0,0,0,0,0,0
"Custard apple, peeled, raw",386,92,75,1.7,0.7,17,5.1,0.8,28,0.4,38,22,278,3,0,0,0,0,0,0,0.07,0.13,0.7,37,37,0,22,0,0,0,0,0,0,0,0,0,0,0,0,0,0,0,0,0,0,0,0,0,0,0,0,0,0,0,0,0,0,0,0,0,0,0,0,0,0,0,0,0,0,0,0,0,0
"Date, dried",1292,305,17.2,2.4,0.2,68.7,9.7,1.9,82,2.6,50,72,730,14,0.6,3,2,4,0,23,0.03,0.13,1.4,19,19,0,5,0,0,0,0,0,0,0,0,0,0,0,0,0,0,0,0,0,0,0,0,0,0,0,0,0,0,0,0,0,0,0,0,0,0,0,0,0,0,0,0,0,0,0,0,0,0
"Date, raw",645,152,60.2,1.6,0.1,35.3,1.8,1,34,0.3,24,28,410,7,0.2,1,2,3,0,20,0.06,0.07,0.7,25,25,0,22,0,0,0,0,0,0,0,0,0,0,0,0,0,0,0,0,0,0,0,0,0,0,0,0,0,0,0,0,0,0,0,0,0,0,0,0,0,0,0,0,0,0,0,0,0,0
"Doumpalm fruit, raw",1180,280,17.6,2.8,0.7,58.3,14.8,5.9,73,18,53,45,862,0.47,3.4,0,0,0,0,0,0.05,0.1,0,0,0,0,0,0,0,0,0,0,0,0,0,0,0,0,0,0,0,0,0,0,0,0,0,0,0,0,0,0,0,0,0,0,0,0,0,0,0,0,0,0,0,0,0,0,0,0,0,0,0
"Grapes, green, raw",302,71,80.7,0.6,0.1,16,2,0.6,14,0.3,7.1,24,171,3,0.1,0,2,5,0,29,0.03,0.03,0.2,4,4,0,14,0,0,0,0,0,0,0,0,0,0,0,0,0,0,0,0,0,0,0,0,0,0,0,0,0,0,0,0,0,0,0,0,0,0,0,0,0,0,0,0,0,0,0,0,0,0
"Guava, pink-fleshed, raw",196,48,80.7,1.1,1.1,0.9,15.5,0.8,20,0.4,18,31,334,1,0.26,0,22,45,0,267,0.06,0.05,0.6,16,16,0,222,0,42,0,0,0,0,0,43,70,30,10,11,17,29,41,8,53,36,20,60,135,235,100,62,60,0,0,0,0,0,0,0,0,0,0,0,0,0,0,0,0,0,0,0,0,0
"Jackfruit, fruit, yellow-fleshed, peeled, raw",403,95,73.2,1.4,0.2,20.5,2.8,1.9,35,0,32,23,279,2,0.76,0,7,15,0,90,0.07,0.13,0.7,19,19,0,7,0,0,0,0,0,0,0,49,95,47,8,7,63,85,61,9,73,45,23,87,371,130,76,85,76,0,0,0,0,0,0,0,0,0,0,0,0,0,0,0,0,0,0,0,0,0
"Lemon, juice, home squeezed",198,47,87,0.6,0.2,9.5,2.5,0.25,20,0.3,12,10,120,2,0,0,1,2,0,10,0.02,0.01,0.2,11,11,0,44,0,0,0,0,0,0,0,0,0,0,0,0,0,0,0,0,0,0,0,0,0,0,0,0,0,0,0,0,0,0,0,0,0,0,0,0,0,0,0,0,0,0,0,0,0,0
"Lemon peel, raw",213,52,81.6,1.5,0.3,5.4,10.6,0.6,134,0.8,15,12,160,6,0.25,1,3,5,0,30,0.06,0.08,0.4,13,13,0,129,0,0,0,0,0,0,0,0,0,0,0,0,0,0,0,0,0,0,0,0,0,0,0,0,0,0,0,0,0,0,0,0,0,0,0,0,0,0,0,0,0,0,0,0,0,0
"Lemon, pulp, raw",155,37,89.5,0.82,0.2,6.7,2.5,0.3,33,0.3,15,16,120,2,0.1,0,1,2,0,10,0.03,0.02,0.2,11,11,0,44,0,0,0,0,0,0,0,0,0,0,0,0,0,0,0,0,0,0,0,0,0,0,0,0,0,0,0,0,0,0,0,0,0,0,0,0,0,0,0,0,0,0,0,0,0,0
"Lime, juice",125,30,90.3,0.7,0.2,4.3,4.1,0.4,26,0.3,11,20,150,3,0,0,2,5,0,28,0.03,0.02,0.2,6,6,0,41,0,0,0,0,0,0,0,0,0,0,0,0,0,0,0,0,0,0,0,0,0,0,0,0,0,0,0,0,0,0,0,0,0,0,0,0,0,0,0,0,0,0,0,0,0,0
"Lime, pulp, raw",178,42,87.1,0.7,0.2,7.4,4.1,0.6,22,0,11,20,150,3,0.1,0,3,5,0,31,0.02,0.03,0.2,8,8,0,55,0,0,0,0,0,0,0,0,0,0,0,0,0,0,0,0,0,0,0,0,0,0,0,0,0,0,0,0,0,0,0,0,0,0,0,0,0,0,0,0,0,0,0,0,0,0
"Loquat, peeled, raw",214,51,84.6,0.62,0.2,9.5,4.51,0.7,13,0.5,13,20,180,2,0.22,0,45,89,0,537,0.02,0.04,0.3,14,14,0,4.1,0,0,0,0,0,0,0,25,43,38,7,10,23,21,25,8,35,23,12,40,60,60,33,45,33,0,0,0,0,0,0,0,0,0,0,0,0,0,0,0,0,0,0,0,0,0
"Mango, ripe, raw",272,64,83,0.6,0.3,14,1.6,0.5,14,0.2,9,17,186,1,0.14,1,92,184,0,1105,0.03,0.04,0.6,54,54,0,35,0,0,0,0,0,0,0,0,0,0,0,0,0,0,0,0,0,0,0,0,0,0,0,0,0,0,0,0,0,0,0,0,0,0,0,0,0,0,0,0,0,0,0,0,0,0
"Mango, unripe, raw",192,45,86.7,0.8,0.1,8.9,3,0.6,27,0.4,18,15,147,26,0.09,0,7,13,0,78,0.02,0.03,0.26,26,26,0,88,0,0,0,0,0,0,0,0,0,0,0,0,0,0,0,0,0,0,0,0,0,0,0,0,0,0,0,0,0,0,0,0,0,0,0,0,0,0,0,0,0,0,0,0,0,0
"Mulberry, raw",148,35,89.5,1.6,0.2,5.6,2.2,0.9,55,1.2,19,40,310,6,0.2,1,1,2,0,10,0.03,0.07,0.7,33,33,0,11,0,0,0,0,0,0,0,0,0,0,0,0,0,0,0,0,0,0,0,0,0,0,0,0,0,0,0,0,0,0,0,0,0,0,0,0,0,0,0,0,0,0,0,0,0,0
"Orange, Juice",77,18,94.6,0.4,0.1,3.6,1.1,0.4,21,0.7,11,20,146,2,0.08,0,3,7,0,42,0.06,0.02,0.1,44,44,0,64,0,0,0,0,0,0,0,0,0,0,0,0,0,0,0,0,0,0,0,0,0,0,0,0,0,0,0,0,0,0,0,0,0,0,0,0,0,0,0,0,0,0,0,0,0,0
"Orange, pulp, raw",176,42,87.6,0.9,0.2,7.5,3.1,0.7,23,0.2,10,13,165,5,0.05,0,5,9,0,57,0.04,0.03,0.2,52,52,0,45,0,19,0,0,0,0,0,23,22,44,19,10,28,15,14,9,37,60,16,47,125,70,88,55,30,0,0,0,0,0,0,0,0,0,0,0,0,0,0,0,0,0,0,0,0,0
"Papaya, yellow skin, peeled, raw",153,36,89.8,0.6,0.3,6.8,2.1,0.5,21,0.6,28,17,140,4,0.2,0,85,170,0,1018,0.04,0.03,0.3,37,37,0,51,0,29,0,0,0,0,0,0,0,0,0,0,0,0,0,0,0,0,0,0,0,0,0,0,0,0,0,0,0,0,0,0,0,0,0,0,0,0,0,0,0,0,0,0,0,0
"Passion fruit, dark purple skin, raw",313,75,75.7,2.4,0.9,8.7,11.7,0.8,10,0.6,28,68,200,19,0.8,1,64,127,0,764,0.03,0.14,2.5,7,7,0,29,0,0,0,0,0,0,0,100,155,110,0,0,235,75,85,0,145,305,0,145,295,530,150,175,145,0,0,0,0,0,0,0,0,0,0,0,0,0,0,0,0,0,0,0,0,0
"Passion Fruit, juice",408,96,75.5,0.8,0.1,22.9,0.2,0.5,13,0.4,21,20,252,10,0.3,0,45,90,0,538,0.07,0.01,1.5,8,8,0,23,0,0,0,0,0,0,0,0,0,0,0,0,0,0,0,0,0,0,0,0,0,0,0,0,0,0,0,0,0,0,0,0,0,0,0,0,0,0,0,0,0,0,0,0,0,0
"Peach, yellow-fleshed, unpeeled, raw",204,48,86.7,1,0.1,9.9,1.9,0.4,5,0.3,8,20,203,2,0.11,1,13,26,0,157,0.01,0.03,0.8,0,4,0,8,0,0,0,0,0,0,0,0,0,0,0,0,0,0,0,0,0,0,0,0,0,0,0,0,0,0,0,0,0,0,0,0,0,0,0,0,0,0,0,0,0,0,0,0,0,0
"Pear, unpeeled, raw",200,48,86,0.4,0.2,9.1,4,0.3,8,0.3,7,11,96,1,0.08,0,1,2,0,14,0.03,0.03,0.1,7,7,0,4,0,0,0,0,0,0,0,0,0,0,0,0,0,0,0,0,0,0,0,0,0,0,0,0,0,0,0,0,0,0,0,0,0,0,0,0,0,0,0,0,0,0,0,0,0,0
"Pineapple, canned in syrup, whole contents",393,93,77,0.3,0.6,21.2,0.7,0.2,4,0.4,11,3,80,6,0,1,1,1,0,8,0.05,0,0,5,5,0,9,0,0,0,0,0,0,0,0,0,0,0,0,0,0,0,0,0,0,0,0,0,0,0,0,0,0,0,0,0,0,0,0,0,0,0,0,0,0,0,0,0,0,0,0,0,0
"Pineapple, raw",172,41,88.6,0.48,0.2,8.1,2.3,0.3,16,0.4,13,8,143,1,0.37,1,3,5,0,31,0.05,0.03,0.12,32,32,0,36.4,0,0,0,0,0,0,0,13,19,19,5,11,12,15,14,5,20,13,7,33,130,72,26,18,25,0,0,0,0,0,0,0,0,0,0,0,0,0,0,0,0,0,0,0,0,0
"Plum, purple skin, raw",200,47,86.9,0.7,0.1,9.9,2,0.4,10,0.4,7,12,158,1,0.1,0,6,12,0,74,0.04,0.06,0.5,1,6,0,4,0,0,0,0,0,0,0,0,0,0,0,0,0,0,0,0,0,0,0,0,0,0,0,0,0,0,0,0,0,0,0,0,0,0,0,0,0,0,0,0,0,0,0,0,0,0
"Pomegranate, raw",312,74,78.1,1.6,0.2,13.3,6.4,0.4,12,0.8,9,37,172,4,0.4,1,4,9,0,53,0.06,0.06,0.4,38,38,0,15,0,0,0,0,0,0,0,0,0,0,0,0,0,0,0,0,0,0,0,0,0,0,0,0,0,0,0,0,0,0,0,0,0,0,0,0,0,0,0,0,0,0,0,0,0,0
"Raspberry, raw",228,54,83.2,1.4,0.2,8.9,5.6,0.7,27,0.8,25,37,156,1,0.32,1,3,5,0,30,0.04,0.03,0.3,34,34,0,30,0,0,0,0,0,0,0,0,0,0,0,0,0,0,0,0,0,0,0,0,0,0,0,0,0,0,0,0,0,0,0,0,0,0,0,0,0,0,0,0,0,0,0,0,0,0
"Strawberry, raw",146,35,90,0.7,0.2,6.3,2.5,0.4,19,0.6,8,27,158,3,0.18,1,0,0,0,1,0.03,0.02,0.1,39,39,0,49,0,0,0,0,0,0,0,0,0,0,0,0,0,0,0,0,0,0,0,0,0,0,0,0,0,0,0,0,0,0,0,0,0,0,0,0,0,0,0,0,0,0,0,0,0,0
"Tangerine, juice, non-commercial",195,46,88.3,0.6,0.2,10.3,0.2,0.4,12,0.2,11,20,178,1,0.03,0.1,13,25,0,152,0.04,0.03,0.1,21,21,0,37,0,0,0,0,0,0,0,0,0,0,0,0,0,0,0,0,0,0,0,0,0,0,0,0,0,0,0,0,0,0,0,0,0,0,0,0,0,0,0,0,0,0,0,0,0,0
"Tangerine, pulp, raw",218,52,86.2,0.87,0.2,10.8,1.5,0.4,26,0,17,17,150,2,0.1,1,1,2,0,10,0.08,0.05,0.3,24,24,0,36,0,0,0,0,0,0,0,0,0,0,0,0,0,0,0,0,0,0,0,0,0,0,0,0,0,0,0,0,0,0,0,0,0,0,0,0,0,0,0,0,0,0,0,0,0,0
"Tree tomato, dark red skin, peeled, raw",177,43,85.6,2.1,0.3,4.6,6.5,0.9,56,1,19,51,133,20,0.4,0,45,91,0,546,0.13,0.1,1.6,63,63,0,12.6,0,14,0,0,0,0,0,75,80,105,0,0,70,0,60,0,60,0,0,50,255,905,80,65,105,0,0,0,0,0,0,0,0,0,0,0,0,0,0,0,0,0,0,0,0,0
"Watermelon, fruit, green with white stripes, raw",112,26,92.9,0.6,0.3,5,0.93,0.3,4,0.7,10,20,88,2,0.21,0,21,41,0,246,0.03,0.04,0.26,16,16,0,11.5,0,0,0,0,0,0,0,19,18,62,6,2,15,12,27,7,16,59,6,17,39,60,10,24,16,0,0,0,0,0,0,0,0,0,0,0,0,0,0,0,0,0,0,0,0,0
"Zambarau, peeled, raw",252,59,85.3,0.52,0.4,13.5,0,0.4,44,0.5,17,17,72,11,0.42,1,0,0,0,0,0,0,0,0,0,0,0,0,0,0,0,0,0,0,0,0,0,0,0,0,0,0,0,0,0,0,0,0,0,0,0,0,0,0,0,0,0,0,0,0,0,0,0,0,0,0,0,0,0,0,0,0,0
"Butter (cow milk), no added salt (~80-84% fat)",3020,735,17.2,1.1,81.3,0,0,0.7,15,0,2,20,15,10,0.06,1,845,858,832,153,0,0.05,1.1,6,6,0,0,167,0,0,0,0,0,0,0,0,0,0,0,0,0,0,0,0,0,0,0,0,0,0,0,0,0,0,0,0,0,0,0,0,0,0,0,0,0,0,0,0,0,0,0,0,0
"Butter (cow milk), salted (~80% fat)  ",3040,739,15.3,1.1,81.3,0.6,0,1.7,17,0.01,2,16,23,776,0.06,1,845,858,832,153,0,0.05,1.1,6,6,0,0,167,0,0,0,0,0,0,0,0,0,0,0,0,0,0,0,0,0,0,0,0,0,0,0,0,0,0,0,0,0,0,0,0,0,0,0,0,0,0,0,0,0,0,0,0,0
"Cheese, cheddar, regular fat",1660,401,37,26,32.8,0.4,0,3.8,800,0.3,27,478,73,600,3.55,17,166,174,159,87,0.04,0.5,1.5,52,52,1.9,1,108,0,0,0,0,0,0,0,0,0,0,0,0,0,0,0,0,0,0,0,0,0,0,0,0,0,0,0,0,0,0,0,0,0,0,0,0,0,0,0,0,0,0,0,0,0
"Cheese, cottage (cow milk), plain, skimmed",382,91,79,13.3,2.5,3.8,0,1.5,60,0.1,8,143,123,450,0.24,6,34,37,30,44,0.05,0.2,0.5,3,3,0.6,0,10,0,0,0,0,0,0,0,0,0,0,0,0,0,0,0,0,0,0,0,0,0,0,0,0,0,0,0,0,0,0,0,0,0,0,0,0,0,0,0,0,0,0,0,0,0
"Cheese, cottage (cow milk), plain, whole",508,121,75.4,15.4,5.7,2.1,0,1.4,89,0.1,8,143,123,277,0.24,6,35,38,31,44,0.05,0.29,0.5,3,3,0.6,0,0,0,0,0,0,0,0,0,0,0,0,0,0,0,0,0,0,0,0,0,0,0,0,0,0,0,0,0,0,0,0,0,0,0,0,0,0,0,0,0,0,0,0,0,0,0
"Cheese, cottage, Milk, Cow, Sour",515,122,73.6,13.7,4.3,7.2,0,1.2,112,0.7,8,180,104,364,0.4,10,37,38,36,12,0.03,0.27,0.1,12,12,0.43,0,17,0,0,0,0,0,0,0,0,0,0,0,0,0,0,0,0,0,0,0,0,0,0,0,0,0,0,0,0,0,0,0,0,0,0,0,0,0,0,0,0,0,0,0,0,0
"Cream, pure, 35% fat",943,229,72,2.4,23.6,1.7,0,0.3,39,0.3,4,60,55,40,0,0,174,184,164,118,0.03,0.12,0,64,64,0.2,0,72,0,0,0,0,0,0,0,0,0,0,0,0,0,0,0,0,0,0,0,0,0,0,0,0,0,0,0,0,0,0,0,0,0,0,0,0,0,0,0,0,0,0,0,0,0
Ghee (cow milk),3690,898,0,0.3,99.9,0,0,0.5,2,0.2,0,3,5,2,0.01,1,900,940,860,480,0,0.01,0,0,0,0,0,290,0,0,0,0,0,0,0,0,0,0,0,0,0,0,0,0,0,0,0,0,0,0,0,0,0,0,0,0,0,0,0,0,0,0,0,0,0,0,0,0,0,0,0,0,0
"Ice cream, caramel flavour, regular fat",856,205,61.4,3.7,10.6,23.6,0,0.7,93,0.1,12,84,142,48,0.23,1,166,182,150,190,0,0.29,0.7,10,10,0.1,0,35,0,0,0,0,0,0,0,0,0,0,0,0,0,0,0,0,0,0,0,0,0,0,0,0,0,0,0,0,0,0,0,0,0,0,0,0,0,0,0,0,0,0,0,0,0
"Ice cream, chocolate flavour, regular fat",946,226,56.4,4.4,12,24.2,2,1,130,0.9,30,110,245,71,0.6,2,145,147,143,23,0,0.19,0.2,16,16,0.25,0.7,42,0,0,0,0,0,0,0,0,0,0,0,0,0,0,0,0,0,0,0,0,0,0,0,0,0,0,0,0,0,0,0,0,0,0,0,0,0,0,0,0,0,0,0,0,0
"Ice cream, strawberry flavour, regular fat",842,201,60.7,3.5,9.5,25.2,0.5,0.7,107,0.2,13,92,165,54,0.29,2,139,155,123,190,0.02,0.27,0.4,11,11,0.2,0,32,0,0,0,0,0,0,0,0,0,0,0,0,0,0,0,0,0,0,0,0,0,0,0,0,0,0,0,0,0,0,0,0,0,0,0,0,0,0,0,0,0,0,0,0,0
"Ice cream, vanilla flavour, regular fat",834,199,62.7,3.9,10.6,22.2,0,0.7,117,0.2,12,84,142,64,0.23,1,166,182,150,190,0,0.25,0.7,10,10,0.1,0,35,0,0,0,0,0,0,0,0,0,0,0,0,0,0,0,0,0,0,0,0,0,0,0,0,0,0,0,0,0,0,0,0,0,0,0,0,0,0,0,0,0,0,0,0,0
"Ice cream, vanilla flavour, with nuts, regular fat",917,219,59.6,4,12.2,23.3,0.2,0.7,92,0.2,15,91,157,47,0.3,1,162,177,146,186,0,0.29,0.7,11,11,0.1,0,34,0,0,0,0,0,0,0,0,0,0,0,0,0,0,0,0,0,0,0,0,0,0,0,0,0,0,0,0,0,0,0,0,0,0,0,0,0,0,0,0,0,0,0,0,0
"Milk, camel, whole, fresh, raw         ",219,52,89.8,2.2,2.8,4.5,0,0.7,56,1.5,16,92,344,119,0.35,2,15,16,13,18,0.61,0.08,0,8,8,0.6,0,9,0,0,0,0,0,0,142,256,113,78,28,99,83,90,55,188,73,66,80,113,384,41,263,87,2.69,0,0,2.69,1.57,0.89,0.1,0.12,0,0,0,0,0,0,0,0,0,0,0,0.05,0.09
"Milk, camel, whole, fresh, boiled",257,62,88,2.6,3.3,5.3,0,0.8,66,1.7,18,108,404,140,0.41,2,16,16,16,0,0.65,0.09,0,8,8,1,0,9,0,0,0,0,0,0,0,0,0,0,0,0,0,0,0,0,0,0,0,0,0,0,0,0,0,0,0,0,0,0,0,0,0,0,0,0,0,0,0,0,0,0,0,0,0
"Milk, cow, condensed, skimmed, sweetened, raw",1210,284,27,9.9,0.2,60.7,0,2.2,358,0.3,30,300,446,125,1.05,8,0,0,0,2,0.1,0.6,0.3,0,0,0.4,2,8,0,0,0,0,0,0,0,0,0,0,0,0,0,0,0,0,0,0,0,0,0,0,0,0,0,0,0,0,0,0,0,0,0,0,0,0,0,0,0,0,0,0,0,0,0
"Milk, cow, condensed, whole, sweetened, raw",1410,335,25.8,8.3,9.2,54.8,0,1.9,280,0.2,25,255,357,130,0.9,8,74,78,70,46,0.1,0.5,0.3,0,0,0.4,1,31,0,0,0,0,0,0,0,0,0,0,0,0,0,0,0,0,0,0,0,0,0,0,0,0,0,0,0,0,0,0,0,0,0,0,0,0,0,0,0,0,0,0,0,0,0
"Milk, cow, powder, skimmed",1530,361,4.1,37.2,0.9,51,0,6.8,1290,0.4,115,1000,1602,550,3.83,23,5,5,4,7,0.45,1.64,0.9,54,54,4,2,26,0,0,0,0,0,0,0,0,0,0,0,0,0,0,0,0,0,0,0,0,0,0,0,0,0,0,0,0,0,0,0,0,0,0,0,0,0,0,0,0,0,0,0,0,0
"Milk, cow, powder, whole    ",2070,495,3.2,26.1,26.4,38.4,0,6,975,0.5,85,730,1157,440,2.97,25,395,408,383,149,0.34,1.32,0.8,54,54,3.2,3,90,0,0,0,0,0,0,0,0,0,0,0,0,0,0,0,0,0,0,0,0,0,0,0,0,0,0,0,0,0,0,0,0,0,0,0,0,0,0,0,0,0,0,0,0,0
"Milk, cow, skimmed, raw",162,38,89.8,3.5,0.1,5.8,0,0.8,130,0.1,12,109,170,44,0.32,1,0,0,0,1,0.03,0.18,0.1,6,6,0.4,1,3,0,0,0,0,0,0,0,0,0,0,0,0,0,0,0,0,0,0,0,0,0,0,0,0,0,0,0,0,0,0,0,0,0,0,0,0,0,0,0,0,0,0,0,0,0
"Milk, cow, skimmed, boiled",190,45,88,4.1,0.1,6.8,0,0.9,153,0.1,14,128,200,52,0.38,1,0,0,0,1,0.03,0.2,0.1,6,6,0,1,0,0,0,0,0,0,0,0,0,0,0,0,0,0,0,0,0,0,0,0,0,0,0,0,0,0,0,0,0,0,0,0,0,0,0,0,0,0,0,0,0,0,0,0,0,0
"Milk, cow, whole, fermented (Lala - Industrial)",269,65,88.3,2.8,4.1,4.1,0,0.7,100,0.1,10,138,126,36,0.34,3,34,34,34,0,0,0.2,0,0,0,0.23,0,11,0,0,0,0,0,0,129,285,215,51,41,103,124,136,33,171,209,96,106,259,523,62,302,215,2.73,0,0,2.73,1.79,0.71,0.08,0.14,0,0,0,0,0,0,0,0,0,0,0,0.04,0.07
"Milk, cow, whole, fermented (Lala - mursik)",243,58,89.1,3.1,3.5,3.6,0,0.8,65,0.1,5,59,64,22,0.22,0,41,41,41,0,0,0.27,0,0,0,0.1,1,6,0,0,0,0,0,0,146,329,278,77,39,157,181,160,45,159,231,83,104,217,578,63,283,222,3.34,0,0,3.34,2.12,0.97,0.09,0.16,0,0,0,0,0,0,0,0,0,0,0,0.05,0.08
"Milk, cow, whole, fresh, raw",292,70,86.3,3.3,3.5,6.1,0,0.7,119,0.1,11,122,136,39,0.63,3,41,43,40,18,0,0.27,0,8,8,0.59,0,14,0,0,0,0,0,0,168,367,303,70,40,149,182,152,38,228,128,105,138,250,694,81,322,201,3.45,0,0,3.45,2.32,0.89,0.09,0.15,0,0,0,0,0,0,0,0,0,0,0,0.03,0.09
"Milk, cow, whole, fresh, boiled",344,82,83.8,3.9,4.2,7.2,0,0.9,140,0.1,13,143,160,45,0.74,3,47,47,47,0,0,0.3,0,8,8,1,0,0,0,0,0,0,0,0,0,0,0,0,0,0,0,0,0,0,0,0,0,0,0,0,0,0,0,0,0,0,0,0,0,0,0,0,0,0,0,0,0,0,0,0,0,0,0
"Milk, goat, fluid, whole, raw      ",325,78,85.3,3.5,4.5,5.8,0,0.9,180,0.1,12,128,207,57,0.35,1,32,32,32,0,0.05,0.19,0.5,1,1,0.35,0.5,9,0,0,0,0,0,0,0,0,0,0,0,0,0,0,0,0,0,0,0,0,0,0,0,0,0,0,0,0,0,0,0,0,0,0,0,0,0,0,0,0,0,0,0,0,0
"Milk, goat, fluid, whole, boiled",382,92,82.7,4.1,5.3,6.8,0,1.1,211,0.1,14,150,243,68,0.41,1,38,38,38,0,0.05,0.21,0.5,1,1,0,0,0,0,0,0,0,0,0,0,0,0,0,0,0,0,0,0,0,0,0,0,0,0,0,0,0,0,0,0,0,0,0,0,0,0,0,0,0,0,0,0,0,0,0,0,0,0
"Milk, human/breast, mature, fluid",303,73,87.2,1.2,4.4,7.1,0,0.2,32,0,3,15,51,14,0.17,2,61,61,60,7,0.02,0.03,0.2,5,5,0.05,4,14,0,0,0,0,0,0,0,0,0,0,0,0,0,0,0,0,0,0,0,0,0,0,0,0,0,0,0,0,0,0,0,0,0,0,0,0,0,0,0,0,0,0,0,0,0
"Milk, sheep, fluid, whole, raw    ",391,94,82.8,5.1,5.8,5.2,0,1.1,193,0.1,18,142,175,44,0.54,2,81,81,81,0,0.07,0.36,0.4,7,7,0.7,4,12,0,0,0,0,0,0,0,0,0,0,0,0,0,0,0,0,0,0,0,0,0,0,0,0,0,0,0,0,0,0,0,0,0,0,0,0,0,0,0,0,0,0,0,0,0
"Milk, sheep, fluid, whole, boiled",459,110,79.8,6,6.8,6.2,0,1.2,227,0.1,21,166,206,52,0.64,2,95,95,95,0,0.07,0.4,0.4,7,7,1,3,0,0,0,0,0,0,0,0,0,0,0,0,0,0,0,0,0,0,0,0,0,0,0,0,0,0,0,0,0,0,0,0,0,0,0,0,0,0,0,0,0,0,0,0,0,0
"Yoghurt, cow milk, whole, plain",356,85,82,2.9,3.1,11.3,0,0.7,149,0.2,10,93,130,32,0.34,2,34,36,32,23,0.1,0.2,0.1,0,0,0.2,0,9,0,0,0,0,0,0,131,293,259,52,40,122,127,145,3,162,120,75,97,255,557,63,291,223,2.65,0,0,2.65,1.74,0.7,0.07,0.13,0,0,0,0,0,0,0,0,0,0,0,0.03,0.07
"Beef, high fat, w/o bones, raw     ",1180,284,58.2,18.6,24.1,0,0,0.9,16,2.2,12,188,134,83,3,1,29,31,29,13,0,0.18,3.4,0,0,1.63,0.5,79,0,0,0,0,0,0,745,1200,1530,266,745,503,359,455,81,1350,745,555,1210,1570,2980,1100,986,505,22.94,0,0,22.94,12.4,8.71,0.8,1.03,0.03,0,0,0,0,0,0,0,0,0,0,0.39,0.62
"Beef, high fat, w/o bones, boiled (without salt)",1670,402,39.7,31.1,30.8,0,0,1.4,21,3.7,12,203,112,62,5,1,37,38,35,16,0,0.23,2.8,0,0,2,1,0,0,0,0,0,0,0,0,0,0,0,0,0,0,0,0,0,0,0,0,0,0,0,0,0,0,0,0,0,0,0,0,0,0,0,0,0,0,0,0,0,0,0,0,0,0
"Beef, high fat, w/o bones, grilled (without salt and fat)",1480,356,47.4,25.9,28,0,0,1.2,20,3,14,235,158,98,4.17,1,31,32,30,14,0,0.22,3.8,0,0,2,1,0,0,0,0,0,0,0,0,0,0,0,0,0,0,0,0,0,0,0,0,0,0,0,0,0,0,0,0,0,0,0,0,0,0,0,0,0,0,0,0,0,0,0,0,0,0
"Beef, high fat, w/o bones, stewed (without salt)",1890,455,34.7,29.1,37.6,0,0,1.4,21,3.5,12,235,105,58,4.69,1,34,36,33,15,0,0.23,3.2,0,0,2,1,0,0,0,0,0,0,0,0,0,0,0,0,0,0,0,0,0,0,0,0,0,0,0,0,0,0,0,0,0,0,0,0,0,0,0,0,0,0,0,0,0,0,0,0,0,0
"Beef, lean, raw",439,104,75.6,20.6,2.3,0.4,0,1.2,5,2.3,24,279,241,107,4.22,15,6,7,6,10,0,0.23,5.2,2,2,2.42,0.5,62,0,0,0,0,0,0,926,1630,1780,413,54,737,594,590,126,1620,1350,904,1440,2080,3850,1100,941,546,2.09,0,0,2.09,1.13,0.74,0.15,0.07,0,0,0,0,0,0,0,0,0,0,0,0.04,0.13
"Beef, lean, boiled (without salt)",884,209,50.3,41.9,4.6,0,0,2.4,7,4.7,30,370,246,99,8.62,30,10,11,8,15,0,0.38,5.3,2,2,3,1,0,0,0,0,0,0,0,0,0,0,0,0,0,0,0,0,0,0,0,0,0,0,0,0,0,0,0,0,0,0,0,0,0,0,0,0,0,0,0,0,0,0,0,0,0,0
"Beef, lean, grilled (without salt and fat)",602,142,66.2,28.5,3.1,0,0,1.6,6,3.1,29,349,285,127,5.87,20,7,7,6,10,0,0.29,5.8,2,2,3,1,0,0,0,0,0,0,0,0,0,0,0,0,0,0,0,0,0,0,0,0,0,0,0,0,0,0,0,0,0,0,0,0,0,0,0,0,0,0,0,0,0,0,0,0,0,0
"Beef, lean, stewed (without salt)",817,194,54,38.8,4.3,0,0,2.2,7,4.4,30,421,228,91,7.97,28,9,10,8,14,0,0.37,5.9,2,2,3,1,0,0,0,0,0,0,0,0,0,0,0,0,0,0,0,0,0,0,0,0,0,0,0,0,0,0,0,0,0,0,0,0,0,0,0,0,0,0,0,0,0,0,0,0,0,0
"Beef, liver, raw",506,120,73.9,20,4.2,0.7,0,1.3,6,10.1,17,369,159,75,4.12,17,19534,19601,19466,811,0.23,2.63,9.4,268,268,112.84,14,262,0,0,0,0,0,0,718,1720,1690,421,84,923,635,2370,161,1650,1240,569,1360,1420,1770,1220,873,444,3.11,0,0,3.11,1.44,0.53,1.07,0.08,0,0,0,0,0,0,0,0,0,0,0,0.42,0.67
"Beef, liver, boiled (without salt)",749,178,60.4,30.2,6.4,0,0,2,7,14.6,20,391,145,68,6.25,25,23677,23759,23595,983,0.24,3.5,7.1,264,264,111,15,0,0,0,0,0,0,0,0,0,0,0,0,0,0,0,0,0,0,0,0,0,0,0,0,0,0,0,0,0,0,0,0,0,0,0,0,0,0,0,0,0,0,0,0,0,0
"Beef, medium fat, w/o bones, raw",632,151,70.3,19.7,7.2,1.8,0,1,4,12.4,24,280,231,121,3.85,20,10,10,9,5,0,0.21,4.4,2,2,1.9,0.6,63,0,0,0,0,0,0,983,1540,1700,377,54,663,512,573,127,1780,1290,770,1610,2030,3530,1110,1050,562,6.82,0,0,6.82,3.55,2.75,0.22,0.29,0,0,0,0,0,0,0,0,0,0,0,0.1,0.18
"Beef, medium fat, without bones, boiled (without salt)",829,197,55.2,32.8,7.4,0,0,1.7,5,20.7,24,303,192,91,6.41,34,12,13,11,6,0,0.27,3.7,2,2,2,1,0,0,0,0,0,0,0,0,0,0,0,0,0,0,0,0,0,0,0,0,0,0,0,0,0,0,0,0,0,0,0,0,0,0,0,0,0,0,0,0,0,0,0,0,0,0
"Beef, medium fat, without bones, grilled (without salt and fat)",734,175,61.5,27.3,7.3,0,0,1.4,5,16.3,28,350,272,143,5.34,28,10,10,10,5,0,0.26,4.9,3,3,2,1,0,0,0,0,0,0,0,0,0,0,0,0,0,0,0,0,0,0,0,0,0,0,0,0,0,0,0,0,0,0,0,0,0,0,0,0,0,0,0,0,0,0,0,0,0,0
"Beef, medium fat, without bones, stewed (without salt)",939,224,53.6,30.7,11.3,0,0,1.6,5,19.4,24,350,180,85,6.01,32,11,12,11,6,0,0.27,4.2,2,2,2,1,0,0,0,0,0,0,0,0,0,0,0,0,0,0,0,0,0,0,0,0,0,0,0,0,0,0,0,0,0,0,0,0,0,0,0,0,0,0,0,0,0,0,0,0,0,0
"Camel blood, raw",348,42,78.4,15.8,0.9,2.7,0,2.2,8,20.6,6,33,114,313,0.65,12,74,74,74,0,0.04,0.05,0.2,0,0,0,0,0,0,0,0,0,0,0,0,0,0,0,0,0,0,0,0,0,0,0,0,0,0,0,0,0,0,0,0,0,0,0,0,0,0,0,0,0,0,0,0,0,0,0,0,0,0
Camel Meat,826,197,60.5,18.6,8.9,10.8,0,1.4,4,3.8,13,134,325,49,1.93,9,1,2,0,10,0.04,0.2,6,8,8,1.7,0,45,0,0,0,0,0,0,0,0,0,0,0,0,0,0,0,0,0,0,0,0,0,0,0,0,0,0,0,0,0,0,0,0,0,0,0,0,0,0,0,0,0,0,0,0,0
"Cow's blood, raw",403,95,75,13.8,0.9,8,0,2.4,14,18.8,5,20,199,469,1.13,21,74,74,74,0,0.08,0.09,0.35,0,0,0,0,0,0,0,0,0,0,0,0,0,0,0,0,0,0,0,0,0,0,0,0,0,0,0,0,0,0,0,0,0,0,0,0,0,0,0,0,0,0,0,0,0,0,0,0,0,0
"Duck, meat and skin, fresh, raw",1050,253,62.2,17.8,21.2,0,0,1.1,5,1.9,15,167,212,82,1.55,20,39,39,39,0,0.35,0.45,3.51,0,0,0.6,0,99,0,0,0,0,0,0,0,0,0,0,0,0,0,0,0,0,0,0,0,0,0,0,0,0,0,0,0,0,0,0,0,0,0,0,0,0,0,0,0,0,0,0,0,0,0
"Chicken, unespecified part, w/o bone, meat&skin, raw",864,207,63.6,18.7,13,3.8,0,0.9,13,2.5,20,243,152,68,0.89,16,75,75,75,0,0.14,0.12,6.4,11,11,0.63,1.2,99,0,0,0,0,0,0,866,1520,2030,478,84,716,552,773,160,1370,1180,619,1190,1490,2030,897,684,376,12.33,0,0,12.33,3.71,5.71,2.85,0.05,0,0,0,0,0,0,0,0,0,0,0,0.14,2.73
"Chicken, unspecified part, w/o bone, meat&skin, boiled (without salt)",942,226,55.7,23.7,14.6,0,0,1.2,14,2.5,18,215,77,34,1.13,21,52,52,52,0,0.1,0.14,4.9,7,7,0,2,0,0,0,0,0,0,0,0,0,0,0,0,0,0,0,0,0,0,0,0,0,0,0,0,0,0,0,0,0,0,0,0,0,0,0,0,0,0,0,0,0,0,0,0,0,0
"Chicken, unspecified part, w/o bone, meat&skin, grilled (without salt and fat)",951,228,55.2,24,14.7,0,0,1.2,15,2.9,19,249,156,70,1.14,21,72,72,72,0,0.11,0.13,6.6,9,9,1,1,0,0,0,0,0,0,0,0,0,0,0,0,0,0,0,0,0,0,0,0,0,0,0,0,0,0,0,0,0,0,0,0,0,0,0,0,0,0,0,0,0,0,0,0,0,0
"Egg, chicken, white (albumen), raw     ",206,48,87.2,11.2,0,0.9,0,0.7,5,0.1,11,10,119,143,0,11,0,0,0,[0],0,0.41,0,7,7,0,0,0,0,0,0,0,0,0,0,0,0,0,0,0,0,0,0,0,0,0,0,0,0,0,0,0,0,0,0,0,0,0,0,0,0,0,0,0,0,0,0,0,0,0,0,0,0
"Egg, chicken, white (albumin), boiled (without salt)",206,48,87.2,11.2,0,1,0,0.7,5,0.1,10,10,113,135,0,10,0,0,0,0,0,0.33,0,6,6,0,0,0,0,0,0,0,0,0,0,0,0,0,0,0,0,0,0,0,0,0,0,0,0,0,0,0,0,0,0,0,0,0,0,0,0,0,0,0,0,0,0,0,0,0,0,0,0
"Egg, chicken, whole, raw   ",558,134,75.9,12.7,8.1,2.4,0,0.9,54,1.7,14,180,126,155,1.13,23,186,186,186,0,0.12,0.51,0,83,83,1.7,0,418,0,0,0,0,0,0,750,1230,669,456,284,602,473,494,196,929,811,251,958,1010,970,453,479,747,7,0,0,7,2.3,2.92,1.78,0,0,0,0,0,0,0,0,0,0,0,0,0.11,1.67
"Egg, chicken, whole, boiled (without salt)",558,134,75.9,12.7,8.1,2,0,0.9,51,1.6,13,171,120,147,1.07,21,177,177,177,0,0.09,0.41,0,66,66,1,0,0,0,0,0,0,0,0,0,0,0,0,0,0,0,0,0,0,0,0,0,0,0,0,0,0,0,0,0,0,0,0,0,0,0,0,0,0,0,0,0,0,0,0,0,0,0
"Egg, chicken, whole, poached (without salt)",634,152,72.6,14.4,9.2,3,0,1,58,1.9,15,194,136,167,1.21,24,201,201,201,0,0.1,0.46,0,75,75,2,0,0,0,0,0,0,0,0,0,0,0,0,0,0,0,0,0,0,0,0,0,0,0,0,0,0,0,0,0,0,0,0,0,0,0,0,0,0,0,0,0,0,0,0,0,0,0
"Egg, chicken, yolk, raw   ",1370,331,51,16.1,28.2,3.2,0,1.5,130,6,8,398,104,50,2.5,56,449,449,449,[0],0.19,0.4,0,120,120,4,0,1050,0,0,0,0,0,0,0,0,0,0,0,0,0,0,0,0,0,0,0,0,0,0,0,0,0,0,0,0,0,0,0,0,0,0,0,0,0,0,0,0,0,0,0,0,0
"Egg, chicken, yolk, boiled (without salt)",1370,331,51,16.1,28.2,3,0,1.5,124,5.7,8,378,99,48,2.38,53,427,427,427,0,0.15,0.32,0,96,96,3,0,0,0,0,0,0,0,0,0,0,0,0,0,0,0,0,0,0,0,0,0,0,0,0,0,0,0,0,0,0,0,0,0,0,0,0,0,0,0,0,0,0,0,0,0,0,0
"Goat blood, raw",290,69,86.4,3.8,3.9,4.9,0,1.1,8,27.2,6,23,169,216,0.65,12,0,0,0,0,0,0,0,0,0,0,0,0,0,0,0,0,0,0,0,0,0,0,0,0,0,0,0,0,0,0,0,0,0,0,0,0,0,0,0,0,0,0,0,0,0,0,0,0,0,0,0,0,0,0,0,0,0
"Goat, lean, raw",500,119,74.6,19.5,4.3,0.6,0,1,10,7.2,29,276,243,156,3.66,22,7,7,7,0,0.17,0.23,4.4,2,2,3.09,0.4,93,0,0,0,0,0,0,877,1680,1920,491,88,762,608,928,134,1530,1430,588,1590,1360,1660,1040,782,428,4.06,0,0,4.06,2.07,1.54,0.24,0.19,0.01,0,0,0,0,0,0,0,0,0,0,0.06,0.23
"Goat, lean, boiled (without salt)",731,174,62,29.1,6.4,0,0,1.6,12,9.9,34,317,217,137,5.46,33,8,8,8,0,0,0.28,3.8,2,2,3,0,0,0,0,0,0,0,0,0,0,0,0,0,0,0,0,0,0,0,0,0,0,0,0,0,0,0,0,0,0,0,0,0,0,0,0,0,0,0,0,0,0,0,0,0,0,0
"Goat, lean, grilled (without salt and fat)",710,169,63.1,28.3,6.2,0,0,1.5,14,9.6,35,332,281,189,5.03,32,9,9,9,0,0.17,0.3,5.2,2,2,3,1,0,0,0,0,0,0,0,0,0,0,0,0,0,0,0,0,0,0,0,0,0,0,0,0,0,0,0,0,0,0,0,0,0,0,0,0,0,0,0,0,0,0,0,0,0,0
"Goat liver, raw",485,115,74.8,20.2,3.9,0,0,1.3,12,6.6,18,308,225,64,3.48,48,15700,15700,15700,0,0.2,0.37,12.9,178,178,64,14,415,0,0,0,0,0,0,0,0,0,0,0,0,0,0,0,0,0,0,0,0,0,0,0,0,0,0,0,0,0,0,0,0,0,0,0,0,0,0,0,0,0,0,0,0,0
"Goat, liver, boiled (without salt)",740,176,61.9,30.5,6,0,0,2,14,9.4,22,326,205,58,5.27,73,19000,19000,19000,0,0.21,0.49,9.8,175,175,0,0,0,0,0,0,0,0,0,0,0,0,0,0,0,0,0,0,0,0,0,0,0,0,0,0,0,0,0,0,0,0,0,0,0,0,0,0,0,0,0,0,0,0,0,0,0,0
"Goat, medium fat, raw",695,166,68.2,18.6,8.6,3.5,0,1,10,1.9,22,237,198,121,3.26,26,18,18,18,0,0.16,0.18,3.7,1,1,2.34,0.8,93,0,0,0,0,0,0,704,1310,1410,406,75,657,504,736,222,1270,1360,569,1330,1590,2290,1610,1140,432,8.17,0,0,8.17,4.39,2.96,0.42,0.38,0.01,0,0,0,0,0,0,0,0,0,0,0.15,0.37
"Goat, medium fat, boiled (without salt)",820,196,56,27.8,9.4,0,0,1.5,12,2.7,25,273,177,106,4.86,38,20,20,20,0,0.13,0.22,3.3,1,1,2,1,0,0,0,0,0,0,0,0,0,0,0,0,0,0,0,0,0,0,0,0,0,0,0,0,0,0,0,0,0,0,0,0,0,0,0,0,0,0,0,0,0,0,0,0,0,0
"Goat, medium fat, grilled (without salt and fat)",804,192,57.1,26.9,9.3,0,0,1.5,14,2.6,26,286,229,147,4.48,37,21,21,21,0,0.16,0.23,4.4,1,1,3,1,0,0,0,0,0,0,0,0,0,0,0,0,0,0,0,0,0,0,0,0,0,0,0,0,0,0,0,0,0,0,0,0,0,0,0,0,0,0,0,0,0,0,0,0,0,0
"Guinea fowl, meat, with skin",471,112,75.2,20.5,3.2,0.1,0,0.9,31,2.2,21,187,240,58,1.48,24,2,2,2,0,0.02,0.18,3.6,4,4,0.27,1,87,0,0,0,0,0,0,0,0,0,0,0,0,0,0,0,0,0,0,0,0,0,0,0,0,0,0,0,0,0,0,0,0,0,0,0,0,0,0,0,0,0,0,0,0,0
"Lamb liver, raw",675,161,67.6,20.4,7.5,3.1,0,1.5,10,8.3,18,413,326,67,4.22,57,31400,31400,31400,46,0.3,2.25,10.9,759,759,90,20,389,0,0,0,0,0,0,0,0,0,0,0,0,0,0,0,0,0,0,0,0,0,0,0,0,0,0,0,0,0,0,0,0,0,0,0,0,0,0,0,0,0,0,0,0,0
"Lamb, liver, boiled (without salt)",811,193,54.5,30.8,7.8,0,0,2.3,12,12,22,438,296,61,6.39,86,38100,38100,38100,56,0.32,3,8.3,748,748,89,21,0,0,0,0,0,0,0,0,0,0,0,0,0,0,0,0,0,0,0,0,0,0,0,0,0,0,0,0,0,0,0,0,0,0,0,0,0,0,0,0,0,0,0,0,0,0
"Lamb, raw (unspecified part)",1120,269,60,17,22.7,0,0,1,12,1.7,22,150,230,60,3.33,20,0,0,0,0,0.12,0.23,6.1,18,18,2.39,0,72,0,0,0,0,0,0,0,0,0,0,0,0,0,0,0,0,0,0,0,0,0,0,0,0,0,0,0,0,0,0,0,0,0,0,0,0,0,0,0,0,0,0,0,0,0
"Lamb, unspecified part, boiled (without salt)",1430,344,47.2,25.4,26.9,0,0,1.5,14,2.5,21,179,189,54,4.97,30,0,0,0,0,0.07,0.18,4.6,16,16,2,0,0,0,0,0,0,0,0,0,0,0,0,0,0,0,0,0,0,0,0,0,0,0,0,0,0,0,0,0,0,0,0,0,0,0,0,0,0,0,0,0,0,0,0,0,0,0
"Lamb, unspecified part, grilled (without salt and fat)",1400,338,48.3,24.6,26.6,0,0,1.4,17,2.3,27,185,283,74,4.83,29,0,0,0,0,0.1,0.29,7.1,18,18,3,0,0,0,0,0,0,0,0,0,0,0,0,0,0,0,0,0,0,0,0,0,0,0,0,0,0,0,0,0,0,0,0,0,0,0,0,0,0,0,0,0,0,0,0,0,0,0
"Pork, meat, raw (unspecified part)",1190,286,57.2,18.9,23.5,0,0,0.7,25,1.1,13,178,253,58,1.59,28,0,0,0,0,0.63,0.17,3.8,4,4,0.6,0,74,0,0,0,0,0,0,0,0,0,0,0,0,0,0,0,0,0,0,0,0,0,0,0,0,0,0,0,0,0,0,0,0,0,0,0,0,0,0,0,0,0,0,0,0,0
"Pork, meat, unspecified part, boiled (without salt)",1550,374,41.8,29.1,28.6,0,0,1.1,30,1.8,12,164,195,40,2.45,44,0,0,0,0,0.29,0.18,2.9,4,4,1,0,0,0,0,0,0,0,0,0,0,0,0,0,0,0,0,0,0,0,0,0,0,0,0,0,0,0,0,0,0,0,0,0,0,0,0,0,0,0,0,0,0,0,0,0,0,0
"Pork, meat, unspecified part, grilled (without salt and fat)",1480,356,44.9,27,27.6,0,0,1,26,1.3,18,228,307,75,2.27,41,0,0,0,0,0.63,0.21,4.3,5,5,1,0,0,0,0,0,0,0,0,0,0,0,0,0,0,0,0,0,0,0,0,0,0,0,0,0,0,0,0,0,0,0,0,0,0,0,0,0,0,0,0,0,0,0,0,0,0,0
"Rabbit meat, raw",636,151,67,24.4,4.8,2.5,0,1.3,12,1,18,290,370,53,1.6,25,10,10,10,0,0.46,0.06,7.5,11,11,5.3,0,67,0,0,0,0,0,0,0,0,0,0,0,0,0,0,0,0,0,0,0,0,0,0,0,0,0,0,0,0,0,0,0,0,0,0,0,0,0,0,0,0,0,0,0,0,0
"Rabbit meat, stewed (without salt)",872,207,51.4,35.8,7.1,0,0,2,15,1.5,17,341,299,47,2.35,37,12,12,12,0,0.27,0.05,5.5,10,10,5,0,0,0,0,0,0,0,0,0,0,0,0,0,0,0,0,0,0,0,0,0,0,0,0,0,0,0,0,0,0,0,0,0,0,0,0,0,0,0,0,0,0,0,0,0,0,0
"Rabbit meat, roasted (without salt and fat)",674,160,62.4,27.7,5.5,0,0,1.5,13,1.1,17,280,336,51,1.82,28,9,9,9,0,0.31,0.05,6,10,10,4,0,0,0,0,0,0,0,0,0,0,0,0,0,0,0,0,0,0,0,0,0,0,0,0,0,0,0,0,0,0,0,0,0,0,0,0,0,0,0,0,0,0,0,0,0,0,0
"Sausage, beef, raw",989,238,57.5,12,16.3,9.7,2.2,2.3,42,1,26,492,279,679,3.42,79,129,134,125,54,0.03,0.1,2.6,9,9,1.42,0,34,0,0,0,0,0,0,452,843,904,224,126,450,379,474,111,567,799,341,842,1030,2060,1250,1020,433,16.21,0,0,16.21,7.39,6.1,2.26,0.46,0,0,0,0,0,0,0,0,0,0,0,0.19,2.17
"Sausage, beef, grilled (without salt and fat)",927,223,48.1,16.1,17,0,3,3,57,1.6,35,623,316,815,4.55,106,155,161,150,65,0.03,0.13,2.9,10,10,2,0,0,0,0,0,0,0,0,0,0,0,0,0,0,0,0,0,0,0,0,0,0,0,0,0,0,0,0,0,0,0,0,0,0,0,0,0,0,0,0,0,0,0,0,0,0,0
"Sausage, frankfurters",1130,274,60,10,25,1.6,1.5,1.9,78,1.5,11,150,75,1000,2.3,7,9,11,7,24,0.04,0.08,0.9,3,3,1.1,0,48,0,0,0,0,0,0,0,0,0,0,0,0,0,0,0,0,0,0,0,0,0,0,0,0,0,0,0,0,0,0,0,0,0,0,0,0,0,0,0,0,0,0,0,0,0
"Sausage, frankfurters, boiled (without salt)",1130,272,59.2,10.3,25.3,0,2,2,68,1.5,11,155,66,876,2.37,7,8,10,6,23,0.03,0.07,0.7,2,2,1,0,0,0,0,0,0,0,0,0,0,0,0,0,0,0,0,0,0,0,0,0,0,0,0,0,0,0,0,0,0,0,0,0,0,0,0,0,0,0,0,0,0,0,0,0,0,0
"Sausage, liver, raw",1330,322,52,13,28.5,3.4,0,3.1,30,6.4,12,230,170,900,2.3,58,8310,8310,8310,0,0.2,1.6,4.3,30,30,13.46,0,158,0,0,0,0,0,0,0,0,0,0,0,0,0,0,0,0,0,0,0,0,0,0,0,0,0,0,0,0,0,0,0,0,0,0,0,0,0,0,0,0,0,0,0,0,0
"Sausage, liver, grilled (without salt and fat)",1530,369,40.7,17.3,33.3,0,0,4.1,40,8.5,16,291,193,1080,3.07,77,9970,9970,9970,0,0.2,2.03,4.9,34,34,18,0,0,0,0,0,0,0,0,0,0,0,0,0,0,0,0,0,0,0,0,0,0,0,0,0,0,0,0,0,0,0,0,0,0,0,0,0,0,0,0,0,0,0,0,0,0,0
"Sausage, pork, raw",1420,343,51,11.5,32,1.7,1.3,2.5,25,1.1,15,160,160,720,1.7,26,26,27,25,13,0.04,0.12,2.7,21,21,0.6,0,65,0,0,0,0,0,0,0,0,0,0,0,0,0,0,0,0,0,0,0,0,0,0,0,0,0,0,0,0,0,0,0,0,0,0,0,0,0,0,0,0,0,0,0,0,0
"Sausage, pork, boiled (without salt)",1470,355,48,12.5,33.6,0,1,2.7,23,1.1,16,174,148,665,1.85,28,26,27,24,13,0.03,0.12,2.2,15,15,0,0,0,0,0,0,0,0,0,0,0,0,0,0,0,0,0,0,0,0,0,0,0,0,0,0,0,0,0,0,0,0,0,0,0,0,0,0,0,0,0,0,0,0,0,0,0,0
"Sausage, pork, grilled (without salt and fat)",1730,419,37.4,16,39,0,2,3.5,34,1.5,21,211,189,900,2.36,36,33,34,31,16,0.04,0.16,3.2,25,25,1,0,0,0,0,0,0,0,0,0,0,0,0,0,0,0,0,0,0,0,0,0,0,0,0,0,0,0,0,0,0,0,0,0,0,0,0,0,0,0,0,0,0,0,0,0,0,0
"Quail, flesh & skin, raw",729,175,69.7,19.1,11.5,0,0,1,10,2.6,24,243,358,49,1.58,16,47,47,47,0,0.17,0.39,7.1,8,8,0.82,6,88,0,0,0,0,0,0,0,0,0,0,0,0,0,0,0,0,0,0,0,0,0,0,0,0,0,0,0,0,0,0,0,0,0,0,0,0,0,0,0,0,0,0,0,0,0
"Cod, fillet, raw",311,73,81.6,17,0.6,0,0,1.2,15,0.2,26,209,367,79,0.37,27,2,2,2,tr,0.06,0.07,1.8,9,9,1.55,0.5,49,0,0,0,0,0,0,0,0,0,0,0,0,0,0,0,0,0,0,0,0,0,0,0,0,0,0,0,0,0,0,0,0,0,0,0,0,0,0,0,0,0,0,0,0,0
"Cod, fillet, steamed (without salt)",380,90,77.5,20.7,0.7,0,0,1.5,18,0.2,27,217,336,82,0.45,29,2,0,2,0,0.06,0.06,1.6,8,8,2,0,0,0,0,0,0,0,0,0,0,0,0,0,0,0,0,0,0,0,0,0,0,0,0,0,0,0,0,0,0,0,0,0,0,0,0,0,0,0,0,0,0,0,0,0,0,0
"Cod, fillet, grilled (without salt and fat)",415,98,75.5,22.7,0.8,0,0,1.6,20,0.2,31,251,416,90,0.49,35,2,0,2,0,0.07,0.08,2.2,10,10,2,1,0,0,0,0,0,0,0,0,0,0,0,0,0,0,0,0,0,0,0,0,0,0,0,0,0,0,0,0,0,0,0,0,0,0,0,0,0,0,0,0,0,0,0,0,0,0
"Cod, fillet, boiled in recipe (without salt and fat)",380,90,77.5,20.7,0.7,0,0,1.5,18,0.3,31,255,448,97,0.45,32,2,0,2,0,0.06,0.08,2.1,10,10,2,1,0,0,0,0,0,0,0,0,0,0,0,0,0,0,0,0,0,0,0,0,0,0,0,0,0,0,0,0,0,0,0,0,0,0,0,0,0,0,0,0,0,0,0,0,0,0
"Dagaa fish (omena), dried, raw",1400,333,11.2,59.5,10.6,0,0,10,2790,6.9,98,2730,800,300,16,22,141,141,141,0,0.34,0.52,18.2,46,46,60,0,977,0,0,0,0,0,0,2720,4210,5090,1470,559,2080,1620,2080,377,3960,3560,2380,3700,6810,8200,2930,2950,2330,9.75,0,0,9.75,3.84,2.24,3.47,0.11,0.09,0,0,0,0,0,0,0,0,0,0,2.63,0.91
"Dagaa fish (omena), dried, stewed (without salt)",638,152,59.6,27,4.8,0,0,4.5,1270,3.1,44,1240,364,136,7.39,10,58,0,58,0,0.13,0.24,7.9,18,18,24,0,0,0,0,0,0,0,0,0,0,0,0,0,0,0,0,0,0,0,0,0,0,0,0,0,0,0,0,0,0,0,0,0,0,0,0,0,0,0,0,0,0,0,0,0,0,0
"Eel, raw",733,176,69.6,17.7,11.7,0,0,1.41,20,0.6,20,216,272,70.5,1.62,6.5,1043,1043,1043,0,0.2,0.35,3.5,15,15,3,1.8,126,0,0,0,0,0,0,0,0,0,0,0,0,0,0,0,0,0,0,0,0,0,0,0,0,0,0,0,0,0,0,0,0,0,0,0,0,0,0,0,0,0,0,0,0,0
"Eel, steamed (without salt)",830,199,64.8,21.3,12.6,0,0,1.7,24,0.6,20,221,246,72,1.95,7,880,0,880,0,0.18,0.3,3,13,13,3,2,0,0,0,0,0,0,0,0,0,0,0,0,0,0,0,0,0,0,0,0,0,0,0,0,0,0,0,0,0,0,0,0,0,0,0,0,0,0,0,0,0,0,0,0,0,0
"Eel, grilled (without salt and fat)",874,210,62.6,23,13.1,0,0,1.8,26,0.7,23,252,300,78,2.1,8,1084,0,1084,0,0.23,0.41,4.1,16,16,4,2,0,0,0,0,0,0,0,0,0,0,0,0,0,0,0,0,0,0,0,0,0,0,0,0,0,0,0,0,0,0,0,0,0,0,0,0,0,0,0,0,0,0,0,0,0,0
"Eel, boiled in recipe (without salt and fat)",883,212,63.4,21.3,14,0,0,1.7,24,0.7,24,260,328,85,1.95,8,1131,0,1131,0,0.2,0.42,4,15,15,3,2,0,0,0,0,0,0,0,0,0,0,0,0,0,0,0,0,0,0,0,0,0,0,0,0,0,0,0,0,0,0,0,0,0,0,0,0,0,0,0,0,0,0,0,0,0,0
"Herring stock, raw",480,114,70.8,18.9,4.3,0,0,2.6,67,1.1,32,250,357,95,0.81,36,31,31,31,0,0.05,0.23,3.2,8,8,12.22,0,62,0,0,0,0,0,0,0,0,0,0,0,0,0,0,0,0,0,0,0,0,0,0,0,0,0,0,0,0,0,0,0,0,0,0,0,0,0,0,0,0,0,0,0,0,0
"Herring stock, steamed (without salt)",578,137,64.9,22.7,5.2,0,0,3.1,80,1.1,33,256,322,97,0.97,39,34,0,34,0,0.05,0.19,2.7,7,7,12,0,0,0,0,0,0,0,0,0,0,0,0,0,0,0,0,0,0,0,0,0,0,0,0,0,0,0,0,0,0,0,0,0,0,0,0,0,0,0,0,0,0,0,0,0,0,0
"Herring stock, grilled (without salt)",623,148,62.1,24.5,5.6,0,0,3.4,87,1.3,37,292,394,105,1.05,47,36,0,36,0,0.06,0.27,3.7,8,8,14,0,0,0,0,0,0,0,0,0,0,0,0,0,0,0,0,0,0,0,0,0,0,0,0,0,0,0,0,0,0,0,0,0,0,0,0,0,0,0,0,0,0,0,0,0,0,0
"Herring stock, boiled in recipe (without salt and fat)",578,137,64.9,22.7,5.2,0,0,3.1,80,1.4,39,301,430,114,0.97,43,34,0,34,0,0.06,0.28,3.6,8,8,13,0,0,0,0,0,0,0,0,0,0,0,0,0,0,0,0,0,0,0,0,0,0,0,0,0,0,0,0,0,0,0,0,0,0,0,0,0,0,0,0,0,0,0,0,0,0,0
"Lungfish, fillet, raw",308,73,80.5,15.9,1,0,0,1.1,180,2.6,20,253,168,91,1.12,24,9,9,9,0,0,0.28,2.2,2,2,1.64,0.2,61,0,0,0,0,0,0,812,1310,1890,379,91,619,449,694,105,1350,951,477,1300,1270,1910,1070,679,307,0.81,0,0,0.81,0.3,0.23,0.28,0,0,0,0,0,0,0,0,0,0,0,0,0.14,0.14
"Lungfish, fillet, steamed (without salt)",371,88,76.5,19.1,1.2,0,0,1.3,217,2.5,21,259,152,93,1.34,26,10,0,10,0,0,0.24,1.8,2,2,2,0,0,0,0,0,0,0,0,0,0,0,0,0,0,0,0,0,0,0,0,0,0,0,0,0,0,0,0,0,0,0,0,0,0,0,0,0,0,0,0,0,0,0,0,0,0,0
"Lungfish, fillet, grilled (without salt and fat)",400,94,74.7,20.6,1.3,0,0,1.4,234,2.9,24,296,185,100,1.45,31,11,0,11,0,0,0.33,2.5,2,2,2,0,0,0,0,0,0,0,0,0,0,0,0,0,0,0,0,0,0,0,0,0,0,0,0,0,0,0,0,0,0,0,0,0,0,0,0,0,0,0,0,0,0,0,0,0,0,0
"Lungfish, fillet, boiled in recipe (without salt and fat)",371,88,76.5,19.1,1.2,0,0,1.3,217,3.2,24,305,202,109,1.34,28,10,10,10,0,0,0.34,2.5,2,2,2,0,0,0,0,0,0,0,0,0,0,0,0,0,0,0,0,0,0,0,0,0,0,0,0,0,0,0,0,0,0,0,0,0,0,0,0,0,0,0,0,0,0,0,0,0,0,0
"Mudfish (kamongo), fillet, raw",431,102,78.3,17.8,3.5,0,0,1.2,23,0.5,24,180,301,41,1.07,38,9,9,9,tr,0.07,0.03,3,14,14,3.5,0,37,0,0,0,0,0,0,0,0,0,0,0,0,0,0,0,0,0,0,0,0,0,0,0,0,0,0,0,0,0,0,0,0,0,0,0,0,0,0,0,0,0,0,0,0,0
"Mudfish (kamongo), fillet, steamed (without salt)",520,123,73.8,21.5,4.2,0,0,1.4,28,0.5,24,184,272,42,1.29,41,10,10,10,0,0.06,0.03,2.6,11,11,3,0,0,0,0,0,0,0,0,0,0,0,0,0,0,0,0,0,0,0,0,0,0,0,0,0,0,0,0,0,0,0,0,0,0,0,0,0,0,0,0,0,0,0,0,0,0,0
"Mudfish (kamongo), fillet, grilled (without salt and fat)",560,133,71.8,23.2,4.5,0,0,1.5,30,0.6,28,210,333,45,1.39,49,11,11,11,0,0.08,0.04,3.5,14,14,4,0,0,0,0,0,0,0,0,0,0,0,0,0,0,0,0,0,0,0,0,0,0,0,0,0,0,0,0,0,0,0,0,0,0,0,0,0,0,0,0,0,0,0,0,0,0,0
"Mudfish (kamongo), fillet, boiled in recipe (without salt and fat)",520,123,73.8,21.5,4.2,0,0,1.4,28,0.7,29,217,363,49,1.29,46,10,10,10,0,0.07,0.04,3.5,14,14,4,0,0,0,0,0,0,0,0,0,0,0,0,0,0,0,0,0,0,0,0,0,0,0,0,0,0,0,0,0,0,0,0,0,0,0,0,0,0,0,0,0,0,0,0,0,0,0
"Mackerel, raw",534,127,76.8,18.7,5.9,0,0,1.3,23,0.9,33,215,395,66,0.52,48,25,25,25,0,0.1,0.15,2.9,1,1,3.9,1.8,60,0,0,0,0,0,0,0,0,0,0,0,0,0,0,0,0,0,0,0,0,0,0,0,0,0,0,0,0,0,0,0,0,0,0,0,0,0,0,0,0,0,0,0,0,0
"Nile perch, dry, raw",1634,388,12.2,71.8,10.7,1.2,0,4.2,516,4,112,1092,859,376,2,84,186,186,186,0,0,0,8,28,28,5,0,0,0,0,0,0,0,0,0,0,0,0,0,0,0,0,0,0,0,0,0,0,0,0,0,0,0,0,0,0,0,0,0,0,0,0,0,0,0,0,0,0,0,0,0,0,0
"Nile perch, fillet w/o bones, raw",356,84,77.37,19,0.9,0,0,1.2,133,1,29,282,222,97,0.56,22,15,15,15,0,0,0,2,7,7,1.3,0,75,0,0,0,0,0,0,871,1510,1630,559,84,778,602,857,197,1410,1140,495,1220,1960,2910,933,736,439,0.67,0,0,0.67,0.23,0.17,0.27,0,0,0,0,0,0,0,0,0,0,0,0,0.18,0.09
"Nile tilapia, fillet, w/o skin and bones, raw",391,92,77.6,19.7,1.5,0,0,1.1,109,2.7,17,167,151,64,0.5,17,10,10,10,0,0.04,0.15,3.23,5,5,1.51,0,63,0,0,0,0,0,0,805,1420,1620,515,79,722,552,759,203,1290,1260,562,1170,1680,2960,1100,706,449,1.25,0,0,1.25,0.43,0.42,0.4,0,0,0,0,0,0,0,0,0,0,0,0,0.1,0.3
"Prawns, flesh, raw",419,99,75.1,18.4,1.1,3.9,0,1.6,59,1.5,43,246,252,191,1.43,42,16,20,11,56,0.04,0.08,2.7,14,14,2.14,0.3,195,0,0,0,0,0,0,0,0,0,0,0,0,0,0,0,0,0,0,0,0,0,0,0,0,0,0,0,0,0,0,0,0,0,0,0,0,0,0,0,0,0,0,0,0,0
"Prawns, fresh, steamed (without salt)",505,119,69.9,22.2,1.3,5,0,1.9,71,1.4,44,252,228,196,1.72,45,16,0,11,56,0.03,0.07,2.2,11,11,2,0,0,0,0,0,0,0,0,0,0,0,0,0,0,0,0,0,0,0,0,0,0,0,0,0,0,0,0,0,0,0,0,0,0,0,0,0,0,0,0,0,0,0,0,0,0,0
"Prawns, fresh, grilled (without salt and fat)",487,115,71,21.4,1.3,4,0,1.9,69,1.7,50,286,293,223,1.66,48,16,0,11,58,0.04,0.1,2.9,13,13,2,0,0,0,0,0,0,0,0,0,0,0,0,0,0,0,0,0,0,0,0,0,0,0,0,0,0,0,0,0,0,0,0,0,0,0,0,0,0,0,0,0,0,0,0,0,0,0
"Prawns, fresh, boiled in recipe (without salt and fat)",505,119,69.9,22.2,1.3,5,0,1.9,71,1.5,47,267,258,196,1.72,50,16,0,11,59,0.04,0.09,2.9,13,13,2,0,0,0,0,0,0,0,0,0,0,0,0,0,0,0,0,0,0,0,0,0,0,0,0,0,0,0,0,0,0,0,0,0,0,0,0,0,0,0,0,0,0,0,0,0,0,0
"Sardine, flesh, raw",605,145,71.2,19.5,7.4,0,0,2.1,42,1.3,36,256,364,38,1.2,50,13,13,13,tr,0.01,0.05,0.91,23,23,0.5,0,49,0,0,0,0,0,0,0,0,0,0,0,0,0,0,0,0,0,0,0,0,0,0,0,0,0,0,0,0,0,0,0,0,0,0,0,0,0,0,0,0,0,0,0,0,0
"Sardine, fresh, steamed (without salt)",666,159,67.4,23,7.4,0,0,2.5,50,1.2,36,256,321,38,1.45,53,10,0,10,0,0.01,0.04,0.7,19,19,0,0,0,0,0,0,0,0,0,0,0,0,0,0,0,0,0,0,0,0,0,0,0,0,0,0,0,0,0,0,0,0,0,0,0,0,0,0,0,0,0,0,0,0,0,0,0,0
"Sardine, fresh, grilled (without salt and fat)",733,175,63.2,26.8,7.5,0,0,2.9,58,1.5,44,316,423,45,1.68,69,14,0,14,0,0.01,0.06,1.1,25,25,1,0,0,0,0,0,0,0,0,0,0,0,0,0,0,0,0,0,0,0,0,0,0,0,0,0,0,0,0,0,0,0,0,0,0,0,0,0,0,0,0,0,0,0,0,0,0,0
"Sardine, fresh, boiled in recipe (without salt and fat)",712,170,66.2,23,8.7,0,0,2.5,50,1.6,42,301,428,45,1.45,59,13,0,13,0,0.01,0.06,1,23,23,1,0,0,0,0,0,0,0,0,0,0,0,0,0,0,0,0,0,0,0,0,0,0,0,0,0,0,0,0,0,0,0,0,0,0,0,0,0,0,0,0,0,0,0,0,0,0,0
"Shark, raw",398,94,74.4,21.6,0.8,0,0,1.1,8,0.38,32.58,263,372,63.63,0.46,28.9,1,1,1.1,tr,0.03,0.04,2.68,3,3,1.49,0,24,0,0,0,0,0,0,0,0,0,0,0,0,0,0,0,0,0,0,0,0,0,0,0,0,0,0,0,0,0,0,0,0,0,0,0,0,0,0,0,0,0,0,0,0,0
"Shark, steamed (without salt)",479,113,69.2,26,1,0,0,1.4,10,0.4,33,269,336,65,0.55,31,1,0,1,0,0.03,0.03,2.3,3,3,1,0,0,0,0,0,0,0,0,0,0,0,0,0,0,0,0,0,0,0,0,0,0,0,0,0,0,0,0,0,0,0,0,0,0,0,0,0,0,0,0,0,0,0,0,0,0,0
"Shark, grilled (without salt and fat)",517,122,66.8,28.1,1.1,0,0,1.5,11,0.4,38,307,411,70,0.6,38,1,0,1,0,0.04,0.05,3.1,3,3,2,0,0,0,0,0,0,0,0,0,0,0,0,0,0,0,0,0,0,0,0,0,0,0,0,0,0,0,0,0,0,0,0,0,0,0,0,0,0,0,0,0,0,0,0,0,0,0
"Shark, boiled in recipe (without salt and fat)",479,113,69.2,26,1,0,0,1.4,10,0.5,39,316,448,77,0.55,35,1,0,1,0,0.03,0.05,3.1,3,3,2,0,0,0,0,0,0,0,0,0,0,0,0,0,0,0,0,0,0,0,0,0,0,0,0,0,0,0,0,0,0,0,0,0,0,0,0,0,0,0,0,0,0,0,0,0,0,0
"Tuna, raw",500,118,68.9,25,2,0,0,1.5,5,0.8,41,266,379,50,0.46,73,18,18,18,0,0.16,0.15,16.3,3,3,4.6,0,37,0,0,0,0,0,0,0,0,0,0,0,0,0,0,0,0,0,0,0,0,0,0,0,0,0,0,0,0,0,0,0,0,0,0,0,0,0,0,0,0,0,0,0,0,0
"Tuna, steamed (without salt)",625,148,61.1,31.2,2.5,0,0,1.8,7,0.8,44,283,355,53,0.57,83,20,0,20,0,0.15,0.13,14.3,2,2,5,0,0,0,0,0,0,0,0,0,0,0,0,0,0,0,0,0,0,0,0,0,0,0,0,0,0,0,0,0,0,0,0,0,0,0,0,0,0,0,0,0,0,0,0,0,0,0
"Tuna, grilled (without salt and fat)",675,160,57.9,33.8,2.7,0,0,2,7,1,50,324,435,57,0.62,99,22,0,22,0,0.2,0.18,19.9,3,3,6,0,0,0,0,0,0,0,0,0,0,0,0,0,0,0,0,0,0,0,0,0,0,0,0,0,0,0,0,0,0,0,0,0,0,0,0,0,0,0,0,0,0,0,0,0,0,0
"Tuna, boiled in recipe (without salt and fat)",625,148,61.1,31.2,2.5,0,0,1.8,7,1,52,333,474,63,0.57,92,20,0,20,0,0.17,0.18,19.4,3,3,5,0,0,0,0,0,0,0,0,0,0,0,0,0,0,0,0,0,0,0,0,0,0,0,0,0,0,0,0,0,0,0,0,0,0,0,0,0,0,0,0,0,0,0,0,0,0,0
Animal fat/ lard,3660,890,1,0,99,0,0,0.3,1,0.1,0,3,1,2,0.11,0,0,0,0,0,0,0,0,0,0,0,0,95,0,0,0,0,0,0,0,0,0,0,0,0,0,0,0,0,0,0,0,0,0,0,0,0,0,0,0,0,0,0,0,0,0,0,0,0,0,0,0,0,0,0,0,0,0
Corn oil,3700,900,0,0,99.9,0.1,0,0,0,0,0,0,0,0,0.01,0,6,6,6.38,0,0,0,0,0,0,0,0,0,0,0,0,0,0,0,0,0,0,0,0,0,0,0,0,0,0,0,0,0,0,0,0,0,95.54,0,0,95.54,15.1,33.9,42.5,4.02,0.02,0,0,0,0,0,0,0,0,0,0,0.37,42.1
Fish liver oil,3700,900,0,0,100,0,0,0,0,0,0,0,0,0,0,0,30000,30000,30000,0,0,0,0,0,0,0,0,570,0,0,0,0,0,0,0,0,0,0,0,0,0,0,0,0,0,0,0,0,0,0,0,0,0,0,0,0,0,0,0,0,0,0,0,0,0,0,0,0,0,0,0,0,0
"Margarine,20% fat",728,177,78.8,0,19.5,0.4,0,1.3,0,0,1,14,25,733,0,0,819,870,768,610,0,0,0,0,0,0,0,0,0,0,0,0,0,0,0,0,0,0,0,0,0,0,0,0,0,0,0,0,0,0,0,0,0,0,0,0,0,0,0,0,0,0,0,0,0,0,0,0,0,0,0,0,0
"Margarine,60% fat",2230,541,37.7,0.3,59.8,0.5,0,1.7,21,0,2,16,30,700,0,0,819,870,768,610,0.01,0.03,0,1,1,3.65,0.1,0.67,0,0,0,0,0,0,0,0,0,0,0,0,0,0,0,0,0,0,0,0,0,0,0,0,0,0,0,0,0,0,0,0,0,0,0,0,0,0,0,0,0,0,0,0,0
"Margarine,80% fat",3070,748,15,0.1,83,0,0,1.9,10,0,2,10,5,300,0,0,819,870,768,610,0,0,0,1,1,0.06,0.15,25,0,0,0,0,0,0,0,0,0,0,0,0,0,0,0,0,0,0,0,0,0,0,0,0,0,0,0,0,0,0,0,0,0,0,0,0,0,0,0,0,0,0,0,0,0
Mustard seed oil,3700,900,0,0,100,0,0,0,0,0,0,0,0,0,0,0,0,0,0,0,0,0,0,0,0,0,0,0,0,0,0,0,0,0,0,0,0,0,0,0,0,0,0,0,0,0,0,0,0,0,0,0,0,0,0,0,0,0,0,0,0,0,0,0,0,0,0,0,0,0,0,0,0
Olive oil,3700,900,0,0,100,0,0,0,0,0,0,1,0,0,0.01,0,1,2,0,11,0,0,0,0,0,0,0,0,0,0,0,0,0,0,0,0,0,0,0,0,0,0,0,0,0,0,0,0,0,0,0,0,0,0,0,0,0,0,0,0,0,0,0,0,0,0,0,0,0,0,0,0,0
Peanut oil,3700,900,0,0,100,0,0,0,0,0.1,1,3,0,0,0.1,0,0,0,0,0,0,0,0,0,0,0,0,0,0,0,0,0,0,0,0,0,0,0,0,0,0,0,0,0,0,0,0,0,0,0,0,0,0,0,0,0,0,0,0,0,0,0,0,0,0,0,0,0,0,0,0,0,0
Red palm oil,3660,891,1,0,99,0,0,0.1,6,0,0,7,0,0,0,0,5490,11000,0,65800,0.01,0.02,0,0,0,0,0,0,0,0,0,0,0,0,0,0,0,0,0,0,0,0,0,0,0,0,0,0,0,0,0,0,0,0,0,0,0,0,0,0,0,0,0,0,0,0,0,0,0,0,0,0,0
"Shortening, commercial, vegetable fat ",3700,900,0,0.1,100,0,0,0,1,0,0,0,1,1,0.02,0,0,0,0,0,0,0,0.1,0,0,0,0,0,0,0,0,0,0,0,0,0,0,0,0,0,0,0,0,0,0,0,0,0,0,0,0,0,0,0,0,0,0,0,0,0,0,0,0,0,0,0,0,0,0,0,0,0,0
Soya bean oil,3700,900,0,0,100,0,0,0,0,0,0,0,0,0,0,0,3,3,2.66,0,0,0,0,0,0,0,0,0,0,0,0,0,0,0,0,0,0,0,0,0,0,0,0,0,0,0,0,0,0,0,0,0,95.55,0,0,95.55,15.8,24.4,50.7,4.7,0,0,0,0,0,0,0,0,0,0,0,4.08,46.6
Sun flower oil,3700,900,0,0,100,0,0,0,0,0,0,0,0,0,0.01,0,0,0,0,0,0,0,0,0,0,0,0,0,0,0,0,0,0,0,0,0,0,0,0,0,0,0,0,0,0,0,0,0,0,0,0,0,0,0,0,0,0,0,0,0,0,0,0,0,0,0,0,0,0,0,0,0,0
"Bambara groundnuts, dried, raw",1340,321,9.5,18.1,6,34.6,28.2,3.6,39,3.3,166,190,1330,2,1.81,0,0,0,0,0,0.04,0.07,2.3,0,0,0,0,0,0,0,0,0,0,0,0,0,0,0,0,0,0,0,0,0,0,0,0,0,0,0,0,0,0,0,0,0,0,0,0,0,0,0,0,0,0,0,0,0,0,0,0,0,0
"Coconut, fresh, mature fruit, flesh",1740,423,37.1,4.4,39,8.5,10.1,1,18,2.3,47,146,125,29,0.73,3,0,0,0,0,0.08,0.08,1,14,14,0,2.6,0,0,136,0,0,0,0,0,0,0,0,0,0,0,0,0,0,0,0,0,0,0,0,0,0,0,0,0,0,0,0,0,0,0,0,0,0,0,0,0,0,0,0,0,0,0
"Coconut, fresh, young or immature, flesh",736,176,68,2,10.8,17.3,1,0.9,34.7,1.2,35,56,266,12,0.42,4,0,0,0,0,0.03,0.6,1.2,20,20,0,5.8,0,0,0,0,0,0,0,0,0,0,0,0,0,0,0,0,0,0,0,0,0,0,0,0,0,0,0,0,0,0,0,0,0,0,0,0,0,0,0,0,0,0,0,0,0,0
"Coconut meat, dried (desiccated)",2730,663,4.3,6.7,63.7,7.6,16.1,1.6,25.7,2.7,88.8,210,536,36.5,2,3,0,0,0,0,0.08,0.1,0.6,9,9,0,2,0,0,390,0,0,0,0,0,0,0,0,0,0,0,0,0,0,0,0,0,0,0,0,0,0,0,0,0,0,0,0,0,0,0,0,0,0,0,0,0,0,0,0,0,0,0
"Jack fruit, seed, mature, dry, raw",654,156,51.8,4.8,0.6,24.4,16.8,1.5,84,5.9,126,205,463,8,1.56,1,0,0,0,0,0.15,0.07,0.6,148,148,0,4.3,0,tr,245,0,0,0,0,420,495,212,53,31,445,480,450,85,435,172,96,160,500,730,395,395,302,0.57,0,0,0.57,0.26,0.12,0.19,0,0,0,0,0,0,0,0,0,0,0,0,0.02,0.17
"Mustard Seeds, Dry, Raw",2160,522,8.2,18.8,39.7,15.5,13.7,4.2,433,16,220,587,380,2,3.9,70,3,6,0,37,0.65,0.26,3.7,75,75,0,0,0,0,129,0,0,0,0,0,0,0,0,0,0,0,0,0,0,0,0,0,0,0,0,0,0,0,0,0,0,0,0,0,0,0,0,0,0,0,0,0,0,0,0,0,0,0
"Nut, almond, with or without skin, raw, unsalted",2530,612,4.6,20.2,52.8,8.6,11,2.9,249,4.1,283,469,724,1,3.44,4,1,2,0,9,0.18,0.93,3.7,37,37,0,0.2,0,0,964,0,0,0,0,0,0,0,0,0,0,0,0,0,0,0,0,0,0,0,0,0,0,0,0,0,0,0,0,0,0,0,0,0,0,0,0,0,0,0,0,0,0,0
"Nut, cashew, dry, raw, unsalted",2470,595,5.9,16.5,48,21.5,5.8,2.3,33,4.9,244,578,536,11,5.36,32,1,1,0,6,0.65,0.25,1.8,24,24,0,0,0,0,0,0,0,0,0,0,0,0,0,0,0,0,0,0,0,0,0,0,0,0,0,0,0,0,0,0,0,0,0,0,0,0,0,0,0,0,0,0,0,0,0,0,0,0
"Nut, ground nut, with skin, unsalted, dry, raw",2450,593,5.9,20.1,48.4,15,8.3,2.3,117,5.5,225,232,630,1,2.24,12,0,1,0,4,0.85,0.14,15,110,110,0,0,0,14,589,0,0,0,0,983,1840,714,150,277,1330,1020,790,183,834,2760,607,1140,2420,4160,1740,877,1390,46.27,46.27,0,46.27,9.76,22.6,13.9,0.03,0.01,0,0,0,0,0,0,0,0,0,0,0.05,13.9
"Nut, macadamia, raw, unsalted",2860,696,7.7,6.8,70.9,2,11.2,1.4,44,2.2,100,276,308,5,1.3,10,0,0,0,0,0.27,0.1,2,114,114,0,4.6,0,0,0,0,0,0,0,290,573,420,70,5,307,457,313,0,297,1080,210,370,750,2050,403,523,327,67.78,0,0,67.78,10.9,55.5,1.36,0.03,0,0,0,0,0,0,0,0,0,0,0,0.12,1.24
"Nut, pistachio, raw, unsalted",2450,591,4.2,21,48,13.8,10.1,3,116,4.8,132,503,1030,5,2.07,6,16,31,0,187,0.81,0.17,1.2,63,63,0,1.4,0,0,808,0,0,0,0,0,0,0,0,0,0,0,0,0,0,0,0,0,0,0,0,0,0,0,0,0,0,0,0,0,0,0,0,0,0,0,0,0,0,0,0,0,0,0
Peanut Butter,2450,593,5.9,20.1,48.4,15,8.3,2.3,117,5.5,225,232,630,1,2.24,12,0,1,0,4,0.85,0.14,15,110,110,0,0,0,0,589,0,0,0,0,0,0,0,0,0,0,0,0,0,0,0,0,0,0,0,0,0,0,0,0,0,0,0,0,0,0,0,0,0,0,0,0,0,0,0,0,0,0,0
"Seed, pumpkin, hulled & dried, unsalted",2380,575,8,24.3,47.6,9.6,5.8,4.7,50,5.5,519,1140,796,19,7.24,9,19,38,0,228,0.33,0.16,1.6,56,56,0,1.9,0,0,0,0,0,0,0,0,0,0,0,0,0,0,0,0,0,0,0,0,0,0,0,0,0,0,0,0,0,0,0,0,0,0,0,0,0,0,0,0,0,0,0,0,0,0
"Seed, sesame (sim sim) unsalted, dry, raw",2490,602,4.9,15.3,54.1,6.4,14.3,5,1430,9.7,333,803,322,7,1.72,21,0,1,0,5,1.01,0.34,5.1,103,103,0,0,0,22,0,0,0,0,0,833,1510,767,593,343,973,820,837,213,1130,2350,540,1020,1750,4060,1060,813,920,51.72,0,0,51.72,7.55,18.2,23.8,0.05,2.09,0,0,0,0,0,0,0,0,0,0,0.22,23.6
"Seed, sunflower, unsalted, dry, raw",2460,595,5.9,18.5,49.9,14.7,10.6,2.5,98,5,362,670,450,0,6,61,1,1,0,7,0.86,0.2,14.2,224,224,0,0,0,0,0,0,0,0,0,0,0,0,0,0,0,0,0,0,0,0,0,0,0,0,0,0,0,0,0,0,0,0,0,0,0,0,0,0,0,0,0,0,0,0,0,0,0,0
"Water Melon, Seed Kernel, Dry, Raw",2450,590,5,30,47.5,7.6,6,3.7,69,7.1,513,706,433,99,3.4,10,0,0,0,0,0.12,0.2,3.1,58,58,0,0,0,0,0,0,0,0,0,0,0,0,0,0,0,0,0,0,0,0,0,0,0,0,0,0,0,0,0,0,0,0,0,0,0,0,0,0,0,0,0,0,0,0,0,0,0,0
"Honey, Raw  ",1370,322,19.2,0.4,0,80.1,0,0.3,11,0.6,3,4,74,17,3,0,0,0,0,0,0,0,0,0,0,0,0,0,0,0,0,0,0,0,0,0,0,0,0,0,0,0,0,0,0,0,0,0,0,0,0,0,0,0,0,0,0,0,0,0,0,0,0,0,0,0,0,0,0,0,0,0,0
"Sugarcane, Juice, Raw  ",159,37,90.2,0.1,0.2,8.5,0.6,0.4,10,1.1,13,22,150,1,0.14,0,1,2,0,10.34,0.03,0.04,0.1,45,45,0,6.7,0,0,0,0,0,0,0,0,0,0,0,0,0,0,0,0,0,0,0,0,0,0,0,0,0,0,0,0,0,0,0,0,0,0,0,0,0,0,0,0,0,0,0,0,0,0
"Sugar, white, granulated or lump",1700,400,0,0,0,100,0,0,0,0,0,0,0,0,0,1,0,0,0,0,0,0,0,0,0,0,0,0,0,0,0,0,0,0,0,0,0,0,0,0,0,0,0,0,0,0,0,0,0,0,0,0,0,0,0,0,0,0,0,0,0,0,0,0,0,0,0,0,0,0,0,0,0
"Beef, broth",26,6,98.1,0.9,0.3,0,0,0.7,4,0,4,56,144,266,0.03,1,1,1,0.67,0,0.01,0.03,0.4,2,2,0,0,0,0,0,0,0,0,0,0,0,0,0,0,0,0,0,0,0,0,0,0,0,0,0,0,0,0,0,0,0,0,0,0,0,0,0,0,0,0,0,0,0,0,0,0,0,0
"Coconut, fresh, water",98,23,93.9,0.8,0.1,4.8,0,0.4,24,0.2,11,14,130,5,0.13,1,0,0,0,0,0.01,0.05,0.1,14,14,0,2.5,0,0,0,0,0,0,0,0,0,0,0,0,0,0,0,0,0,0,0,0,0,0,0,0,0,0,0,0,0,0,0,0,0,0,0,0,0,0,0,0,0,0,0,0,0,0
"Coffee, instant, dry powder or granules",1310,311,3.1,16.1,1,50.4,20,9.9,145,3.9,350,320,3690,83,0.71,9,0,0,0,0,0,1,42.9,13,13,0,2,0,0,0,0,0,0,0,0,0,0,0,0,0,0,0,0,0,0,0,0,0,0,0,0,0,0,0,0,0,0,0,0,0,0,0,0,0,0,0,0,0,0,0,0,0,0
"Drinking chocolate, powder",2260,541,1,4.4,30.9,60.4,2,1.4,60,2,98,128,591,120,1.55,3,61,62,60,9,0.03,0.15,0.5,6,6,0,1,0,0,0,0,0,0,0,0,0,0,0,0,0,0,0,0,0,0,0,0,0,0,0,0,0,0,0,0,0,0,0,0,0,0,0,0,0,0,0,0,0,0,0,0,0,0
"Tea, chai, instant dry powder",1270,299,5.1,20.2,0,50.2,8.5,16,118,2.3,272,239,6040,72,1.7,15,0,0,0,1,0,0.99,10.8,103,103,0,0,0,0,0,0,0,0,0,0,0,0,0,0,0,0,0,0,0,0,0,0,0,0,0,0,0,0,0,0,0,0,0,0,0,0,0,0,0,0,0,0,0,0,0,0,0,0
"Water, tap",0,0,99.95,0,0,0,0,0.05,3,0,1,0,1,3,0,0.2,0,0,0,0,0,0,0,0,0,0,0,0,0,0,0,0,0,0,0,0,0,0,0,0,0,0,0,0,0,0,0,0,0,0,0,0,0,0,0,0,0,0,0,0,0,0,0,0,0,0,0,0,0,0,0,0,0
"Wine, Red",306,74,88.4,0.2,0,1.8,0,0.3,8,0.3,11,16,89,10,0.07,1,0,0,0,0,0,0,0.3,1,1,0,0,0,0,0,0,0,0,0,0,0,0,0,0,0,0,0,0,0,0,0,0,0,0,0,0,0,0,0,0,0,0,0,0,0,0,0,0,0,0,0,0,0,0,0,0,0,0
"Wine, White, Dry",313,76,88.7,0.1,0,0.7,0,0.2,8,0.5,8,12,54,14,0.08,1,0,0,0,0,0,0,0.1,0,0,0,2,0,0,0,0,0,0,0,0,0,0,0,0,0,0,0,0,0,0,0,0,0,0,0,0,0,0,0,0,0,0,0,0,0,0,0,0,0,0,0,0,0,0,0,0,0,0
"Wine, White, Sweet",391,94,84,0.2,0,5.4,0,0.2,10,0.6,9,16,81,20,0.08,1,0,0,0,0,0,0,0.1,0,0,0,1.5,0,0,0,0,0,0,0,0,0,0,0,0,0,0,0,0,0,0,0,0,0,0,0,0,0,0,0,0,0,0,0,0,0,0,0,0,0,0,0,0,0,0,0,0,0,0
Anise seed,1610,384,9.5,14.9,15.9,38.1,14.6,7,648,37,170,440,1440,16,5.3,5,16,32,0,0,0.34,0.29,3.1,10,10,0,21,0,0,0,0,0,0,0,0,0,0,0,0,0,0,0,0,0,0,0,0,0,0,0,0,0,0,0,0,0,0,0,0,0,0,0,0,0,0,0,0,0,0,0,0,0,0
"Baking powder, dry powder",760,179,4.9,0.1,0.2,43.9,0.8,50.2,4280,9.7,34,8410,10200,8850,0.89,0,0,0,0,0,0,0,0,0,0,0,0,0,0,0,0,0,0,0,0,0,0,0,0,0,0,0,0,0,0,0,0,0,0,0,0,0,0,0,0,0,0,0,0,0,0,0,0,0,0,0,0,0,0,0,0,0,0
"Baking soda (bicarbonate), dry powder",0,0,0.3,0,0,0,0,36.9,0,0,0,0,0,27400,0,0,0,0,0,0,0,0,0,0,0,0,0,0,0,0,0,0,0,0,0,0,0,0,0,0,0,0,0,0,0,0,0,0,0,0,0,0,0,0,0,0,0,0,0,0,0,0,0,0,0,0,0,0,0,0,0,0,0
"Bay leaf, dried",1480,353,5.4,7.6,8.4,48.7,26.3,3.6,832,43,120,112,530,23,3.7,3,309,618,0,3710,0.01,0.42,2,180,180,0,46.5,0,0,0,0,0,0,0,0,0,0,0,0,0,0,0,0,0,0,0,0,0,0,0,0,0,0,0,0,0,0,0,0,0,0,0,0,0,0,0,0,0,0,0,0,0,0
"Cardamom, seeds, ground",1350,322,8.3,8.5,6.7,42.4,28,5.5,383,14,215,165,1120,18,7.47,1,0,0,0,0,0.21,0.18,1.1,4,4,0,21,0,0,0,0,0,0,0,0,0,0,0,0,0,0,0,0,0,0,0,0,0,0,0,0,0,0,0,0,0,0,0,0,0,0,0,0,0,0,0,0,0,0,0,0,0,0
"Chilli, fresh, raw",188,45,85.7,1.2,0.4,6.9,4.8,1.2,15,1.2,30,51,320,3,0.27,1,45,91,0,545,0.09,0.11,0.9,23,23,0,94.1,0,0,0,0,0,0,0,0,0,0,0,0,0,0,0,0,0,0,0,0,0,0,0,0,0,0,0,0,0,0,0,0,0,0,0,0,0,0,0,0,0,0,0,0,0,0
"Chilli, dried",1280,309,12.6,13.9,9.9,25.5,31.2,7,142,6.2,175,274,2250,19,1.66,19,195,390,0,2342,0.95,0.43,6.9,52,52,0,31.4,0,0,0,0,0,0,0,0,0,0,0,0,0,0,0,0,0,0,0,0,0,0,0,0,0,0,0,0,0,0,0,0,0,0,0,0,0,0,0,0,0,0,0,0,0,0
"Cinnamon, dried, ground",1010,244,13.1,2.8,2.6,26.3,52.3,2.9,1183,8.3,54,21,482,17,2,3,3,7,0,39,0.02,0.07,1.3,28,28,0,27.9,0,0,0,0,0,0,0,0,0,0,0,0,0,0,0,0,0,0,0,0,0,0,0,0,0,0,0,0,0,0,0,0,0,0,0,0,0,0,0,0,0,0,0,0,0,0
"Cloves, dry, raw",1040,251,27.6,6,10.4,16,34.5,5.4,536,14.2,253,86,877,183,1.13,8,6,13,0,78,0.08,0.13,1.2,20,20.1,0,0,0,0,0,0,0,0,0,0,0,0,0,0,0,0,0,0,0,0,0,0,0,0,0,0,0,0,0,0,0,0,0,0,0,0,0,0,0,0,0,0,0,0,0,0,0,0
"Coconut, Milk",579,140,82.4,1,14.3,1.8,0.3,0.3,5,0.5,10,43,131,19,0.26,2,0,0,0,0,0.02,0.01,0,14,14,0,0.9,0,0,0,0,0,0,0,0,0,0,0,0,0,0,0,0,0,0,0,0,0,0,0,0,0,0,0,0,0,0,0,0,0,0,0,0,0,0,0,0,0,0,0,0,0,0
"Coriander Leaves, fresh, raw",241,57,81.9,3.3,0.7,7.7,3.5,2.9,115,6.6,45,44,578,40,0.54,1,317,635,0,3810,0.3,0.1,0.9,62,62,0,35.9,0,0,0,0,0,0,0,0,0,0,0,0,0,0,0,0,0,0,0,0,0,0,0,0,0,0,0,0,0,0,0,0,0,0,0,0,0,0,0,0,0,0,0,0,0,0
"Coriander seed, dried, ground",1430,347,10.7,13.4,18.8,10.1,41.7,5.3,613,20.1,245,347,1189,27,3.6,24.9,10,20,0,122,0.22,0.35,3.4,86,86,0,29,0,0,0,0,0,0,0,0,0,0,0,0,0,0,0,0,0,0,0,0,0,0,0,0,0,0,0,0,0,0,0,0,0,0,0,0,0,0,0,0,0,0,0,0,0,0
"Cumin seeds, dried, raw",1790,432,8.7,13.7,25.8,26.1,20.4,5.3,854,38.4,330,308,1213,124,4.05,5,44,88,0,527,0.55,0.19,3.2,90,90,0,15,0,0,0,0,0,0,0,0,0,0,0,0,0,0,0,0,0,0,0,0,0,0,0,0,0,0,0,0,0,0,0,0,0,0,0,0,0,0,0,0,0,0,0,0,0,0
"Curry leaves, fresh, raw",355,86,66.9,7.7,1.3,2.5,16.8,4.9,740,6.9,201,70,584,19,1.18,17,645,1290,0,7740,0.08,0.17,1.6,94,94,0,7,0,0,0,0,0,0,0,0,0,0,0,0,0,0,0,0,0,0,0,0,0,0,0,0,0,0,0,0,0,0,0,0,0,0,0,0,0,0,0,0,0,0,0,0,0,0
Curry powder,1430,344,10,10.8,13.8,30.6,27.2,7.6,479,34.3,333,301,1728,52,4.08,17,80,161,0,965,0.25,0.28,3.5,56,56,0,11,0,0,0,0,0,0,0,0,0,0,0,0,0,0,0,0,0,0,0,0,0,0,0,0,0,0,0,0,0,0,0,0,0,0,0,0,0,0,0,0,0,0,0,0,0,0
"Fenugreek leaves, fresh, raw",158,38,87.3,4.4,0.2,2.2,4.9,1,185,7.8,61,48,96,66,0.54,4,609,1220,0,7300,0.12,0.26,1.2,75,75,0,80.1,0,0,0,0,0,0,0,0,0,0,0,0,0,0,0,0,0,0,0,0,0,0,0,0,0,0,0,0,0,0,0,0,0,0,0,0,0,0,0,0,0,0,0,0,0,0
"Fenugreek seeds, raw",1290,309,9.8,21.4,6.4,23.4,36.1,3,160,14.1,183,370,530,48,2.93,8,8,15,0,91,0.34,0.29,1.5,57,57,0,3,0,0,0,0,0,0,0,0,0,0,0,0,0,0,0,0,0,0,0,0,0,0,0,0,0,0,0,0,0,0,0,0,0,0,0,0,0,0,0,0,0,0,0,0,0,0
Garam masala,1530,368,10.1,15.6,15.1,31,22.6,5.6,760,32.6,330,390,1450,97,3.8,17,28,57,0,340,0.35,0.33,2.5,0,0,0,0,0,0,0,0,0,0,0,0,0,0,0,0,0,0,0,0,0,0,0,0,0,0,0,0,0,0,0,0,0,0,0,0,0,0,0,0,0,0,0,0,0,0,0,0,0,0
"Garlic, peeled or unpeeled, fresh, raw",638,152,62,6.3,2.8,22.7,5.2,1,30,1.3,25,39,510,8,1,14,0,0,0,0,0.23,0.4,0.8,3,3,0,11,0,0,0,0,0,0,0,0,0,0,0,0,0,0,0,0,0,0,0,0,0,0,0,0,0,0,0,0,0,0,0,0,0,0,0,0,0,0,0,0,0,0,0,0,0,0
"Ginger, dried, ground",1400,332,9.9,6.9,4.5,59.4,12.9,6.3,152,24.3,335,310,1225,50,3.72,55,80,161,0,965,0.16,0.27,3.5,88,88,0,29,0,0,0,0,0,0,0,0,0,0,0,0,0,0,0,0,0,0,0,0,0,0,0,0,0,0,0,0,0,0,0,0,0,0,0,0,0,0,0,0,0,0,0,0,0,0
"Green Ginger (Mature), fresh, raw",374,89,73.6,2.6,1.1,13.4,7.7,1.7,46.8,1.9,38,93.7,661,18,1,2,3,6,0,35,0.03,0.06,2.5,30,30,0,8,0,0,0,0,0,0,0,0,0,0,0,0,0,0,0,0,0,0,0,0,0,0,0,0,0,0,0,0,0,0,0,0,0,0,0,0,0,0,0,0,0,0,0,0,0,0
"Mint Leaves, fresh, raw",182,44,84.9,4.8,1.1,0.1,7.2,1.9,200,3.6,34,62,380,28,0.8,1,62,123,0,740,0.15,0.09,1.7,114,114,0,26,0,0,0,0,0,0,0,0,0,0,0,0,0,0,0,0,0,0,0,0,0,0,0,0,0,0,0,0,0,0,0,0,0,0,0,0,0,0,0,0,0,0,0,0,0,0
"Onion, mature, red skinned, peeled, fresh, raw",177,42,87.9,1.5,0.1,7.6,2.3,0.6,26,0.9,19,40,152,5,0.16,1,1,2,0,10,0.02,0.04,0.3,14,14,0,7,0,0,0,0,0,0,0,0,0,0,0,0,0,0,0,0,0,0,0,0,0,0,0,0,0,0,0,0,0,0,0,0,0,0,0,0,0,0,0,0,0,0,0,0,0,0
"Onion, spring, raw",130,31,90.8,1.8,0.3,4.1,2.3,0.7,44,1.3,14,34,225,12,0.3,1,53,105,0,632,0.04,0.06,0.6,48,48,0,26,0,0,0,0,0,0,0,0,0,0,0,0,0,0,0,0,0,0,0,0,0,0,0,0,0,0,0,0,0,0,0,0,0,0,0,0,0,0,0,0,0,0,0,0,0,0
"Parsley, fresh, raw",220,52,81.4,5.9,0.2,4.2,5.1,3.2,390,5.06,35,175,1290,54,0.88,0,354,708,0,4250,0.15,0.04,1.1,55,55,0,119,0,0,0,0,0,0,0,0,0,0,0,0,0,0,0,0,0,0,0,0,0,0,0,0,0,0,0,0,0,0,0,0,0,0,0,0,0,0,0,0,0,0,0,0,0,0
"Pepper, ground, black, dry, raw",1250,297,11.8,10.3,2.7,44.7,26.3,4.3,463,19.4,253,188,576,25,1.28,3,14,29,0,171,0.09,0.14,0.7,10,10,0,0,0,0,0,0,0,0,0,0,0,0,0,0,0,0,0,0,0,0,0,0,0,0,0,0,0,0,0,0,0,0,0,0,0,0,0,0,0,0,0,0,0,0,0,0,0,0
"Salt, Iodized",0,0,0.2,0,0,0,0,99.8,32,0.1,1,6,98,38500,0.1,2,0,0,0,0,0,0,0,0,0,0,0,0,0,0,0,0,0,0,0,0,0,0,0,0,0,0,0,0,0,0,0,0,0,0,0,0,0,0,0,0,0,0,0,0,0,0,0,0,0,0,0,0,0,0,0,0,0
"Spice, mixed or all spice",1490,360,8.5,9.4,16.3,26.3,35.8,3.8,727,35.5,203,277,1440,90,3.65,3,55,109,0,656,0.25,0.45,4.9,52,52,0,30,0,0,0,0,0,0,0,0,0,0,0,0,0,0,0,0,0,0,0,0,0,0,0,0,0,0,0,0,0,0,0,0,0,0,0,0,0,0,0,0,0,0,0,0,0,0
"Tamarind, fruit, dry, raw",1260,298,21.3,5,0.6,65.4,5.3,2.4,166,9,83,190,836,25,1,2,0,0,0,1.54,60,0.18,2,10,10,0,0.6,0,0,0,0,0,0,0,0,0,0,0,0,0,0,0,0,0,0,0,0,0,0,0,0,0,0,0,0,0,0,0,0,0,0,0,0,0,0,0,0,0,0,0,0,0,0
"Tamarind, fruit, fresh, raw",1260,298,20.8,2,0.2,69.5,5.3,2.2,105,9.2,83,105,836,25,0.58,2,0,0,0,1.54,0.34,0.07,1.6,10,10,0,3.6,0,0,0,0,0,0,0,0,0,0,0,0,0,0,0,0,0,0,0,0,0,0,0,0,0,0,0,0,0,0,0,0,0,0,0,0,0,0,0,0,0,0,0,0,0,0
"Tomato, sauce (Ketchup)",489,115,67.5,1.6,0.2,26.1,1.5,3.4,13,0.7,16,28,316,918,0.18,0.5,22,43,0,260,0,0.1,1.3,16,16,0,0,0,0,0,0,0,0,0,0,0,0,0,0,0,0,0,0,0,0,0,0,0,0,0,0,0,0,0,0,0,0,0,0,0,0,0,0,0,0,0,0,0,0,0,0,0,0
"Tomato, paste, with added salt",329,78,76.2,3.2,0.3,13.6,4.1,3,30,1.7,43,71,911,630,0.57,4,113,225,0,1350,0.13,0.13,2.8,17,17,0,15,0,0,0,0,0,0,0,0,0,0,0,0,0,0,0,0,0,0,0,0,0,0,0,0,0,0,0,0,0,0,0,0,0,0,0,0,0,0,0,0,0,0,0,0,0,0
"Tomato, soup, condensed, canned",227,54,84,1,0.3,10.8,1.9,2.3,10,0.4,13,21,290,545,0.3,0.5,11,22,0,130,0.3,0,1.3,3,3,0,4,0,0,0,0,0,0,0,0,0,0,0,0,0,0,0,0,0,0,0,0,0,0,0,0,0,0,0,0,0,0,0,0,0,0,0,0,0,0,0,0,0,0,0,0,0,0
"Turmeric, dried, ground",1260,300,13.7,6.3,3.1,51.7,20,5.2,500,39,225,284,1250,25,3.6,4.3,80,161,0,965,0.26,0.23,3.4,85,85,0,30,0,0,0,0,0,0,0,0,0,0,0,0,0,0,0,0,0,0,0,0,0,0,0,0,0,0,0,0,0,0,0,0,0,0,0,0,0,0,0,0,0,0,0,0,0,0
"Yeast, dry powder",1460,347,7.9,35.7,4.9,30.5,19.3,6.6,120,3.4,230,1690,2000,50,8,1,0,0,0,0,2.8,4,8.5,4000,4000,0,0,0,0,0,0,0,0,0,0,0,0,0,0,0,0,0,0,0,0,0,0,0,0,0,0,0,0,0,0,0,0,0,0,0,0,0,0,0,0,0,0,0,0,0,0,0,0
"Grasshopper, Brown, Fresh, Raw",708,170,71.9,12.8,12.8,0.3,1.41,0.7,7,3.7,10,35,75,66,3.57,0,174,174,174,0,0,1.04,0.2,1,1,0,3.2,0,0,0,0,0,0,0,0,0,0,0,0,0,0,0,0,0,0,0,0,0,0,0,0,0,0,0,0,0,0,0,0,0,0,0,0,0,0,0,0,0,0,0,0,0,0
"Grasshopper, Green, Fresh, Raw",872,210,66.3,14.5,16.3,0.7,1.3,0.9,9,5.6,11,47,125,121,5.81,0,94,94,94,0,0,0.93,3.6,1,1,0,0.6,0,0,0,0,0,0,0,0,0,0,0,0,0,0,0,0,0,0,0,0,0,0,0,0,0,0,0,0,0,0,0,0,0,0,0,0,0,0,0,0,0,0,0,0,0,0
"Termite, Dry, Raw   ",2310,557,7,35,43.6,3.4,5.5,5.4,91,35.2,5,609,388,1969,0.09,4,100,100,100,0,0.08,3.56,3.9,0,0,0,0.3,0,0,0,0,0,0,0,0,0,0,0,0,0,0,0,0,0,0,0,0,0,0,0,0,0,0,0,0,0,0,0,0,0,0,0,0,0,0,0,0,0,0,0,0,0,0
"Termite, Fresh, Raw   ",1530,367,36.8,30.9,27,0,2.7,3.8,1460,8.3,15,780,200,4,0,0,224,224,224,0,0,4.18,2.8,0,0,0,0.7,0,0,0,0,0,0,0,0,0,0,0,0,0,0,0,0,0,0,0,0,0,0,0,0,0,0,0,0,0,0,0,0,0,0,0,0,0,0,0,0,0,0,0,0,0,0
Maize Porridge,221,52,87.5,1.5,1.1,8.5,1.1,0.3,25,0.3,12,64,50,10,0.33,2,7,7,7,3,0.02,0.05,0.2,7,7,0.09,0,2,0,60,0,0,0,0,0,0,0,0,0,0,0,0,0,0,0,0,0,0,0,0,0,0,0,0,0,0,0,0,0,0,0,0,0,0,0,0,0,0,0,0,0,0,0
"Sorghum, Finger Millet and Maize Porridge",174,41,89.8,1.3,0.9,6.3,1.3,0.4,33,0.5,14,47,57,10,0.27,2,7,7,7,3,0.02,0.05,0.3,5,5,0.09,0,2,0,37,0,0,0,0,0,0,0,0,0,0,0,0,0,0,0,0,0,0,0,0,0,0,0,0,0,0,0,0,0,0,0,0,0,0,0,0,0,0,0,0,0,0,0
Kaimati (Fried Dumplings),1795,429,18.8,4.6,21.8,52.8,1.6,0.4,17,2.1,16,93,81,4,0.45,0,30,30,30,1,0.33,0.25,2,209,76,0.25,0,0,0,37,0,0,0,0,0,0,0,0,0,0,0,0,0,0,0,0,0,0,0,0,0,0,0,0,0,0,0,0,0,0,0,0,0,0,0,0,0,0,0,0,0,0,0
Mahamri (Swahili Doughnuts),1728,413,22.8,6,22.1,46.6,2.1,0.4,20,2.8,19,113,101,4,0.56,0,41,42,41,1,0.43,0.3,2.7,243,60,0.34,0.1,0,0,55,0,0,0,0,0,0,0,0,0,0,0,0,0,0,0,0,0,0,0,0,0,0,0,0,0,0,0,0,0,0,0,0,0,0,0,0,0,0,0,0,0,0,0
Whole Maize Flour Ugali,596,141,64.5,3.3,1.8,26,3.8,0.5,12,1.1,31,150,93,7,0.77,4,0,0,0,0,0.08,0.04,0.8,20,20,0,0,0,0,209,0,0,0,0,0,0,0,0,0,0,0,0,0,0,0,0,0,0,0,0,0,0,0,0,0,0,0,0,0,0,0,0,0,0,0,0,0,0,0,0,0,0,0
Brown Maize and Finger Millet Flour Ugali,562,133,64,3.1,1.3,24,6.6,1,79,2.9,48,112,158,6,0.73,5,0,0,0,0,0.07,0.02,1.2,24,24,0,0,0,0,156,0,0,0,0,0,0,0,0,0,0,0,0,0,0,0,0,0,0,0,0,0,0,0,0,0,0,0,0,0,0,0,0,0,0,0,0,0,0,0,0,0,0,0
"Maize, Red Sorghum and Finger Millet Ugali",543,129,66.2,3.1,1.4,23.3,5.3,0.8,39,1.9,44,118,131,6,0.72,5,0,0,0,0,0.07,0.03,1,20,20,0,0,0,0,167,0,0,0,0,0,0,0,0,0,0,0,0,0,0,0,0,0,0,0,0,0,0,0,0,0,0,0,0,0,0,0,0,0,0,0,0,0,0,0,0,0,0,0
Cassava and Red Sorghum Ugali,489,116,69.6,2.1,0.8,23.4,3.4,0.7,24,0.9,38,74,163,9,0.5,5,0,0,0,3,0.05,0.04,0.7,14,14,0,0.5,0,0,108,0,0,0,0,0,0,0,0,0,0,0,0,0,0,0,0,0,0,0,0,0,0,0,0,0,0,0,0,0,0,0,0,0,0,0,0,0,0,0,0,0,0,0
Refined Maize Flour Ugali,626,148,62.8,3.4,1.9,27.3,4,0.6,12,1.1,33,158,97,8,0.81,4,0,0,0,0,0.09,0.04,0.8,21,21,0,0,0,0,220,0,0,0,0,0,0,0,0,0,0,0,0,0,0,0,0,0,0,0,0,0,0,0,0,0,0,0,0,0,0,0,0,0,0,0,0,0,0,0,0,0,0,0
"Red Sorghum, Maize flour & Finger Millet Ugali",634,150,61,1.9,0.7,32.1,3.6,0.7,26,1.3,33,61,92,5,0.44,5,0,0,0,1,0.04,0.02,0.7,11,11,0,0,0,0,81,0,0,0,0,0,0,0,0,0,0,0,0,0,0,0,0,0,0,0,0,0,0,0,0,0,0,0,0,0,0,0,0,0,0,0,0,0,0,0,0,0,0,0
Cassava Ugali,788,186,51.6,1.1,0.3,43.7,2.2,1.3,79,0.8,26,57,326,20,0.41,1,1,1,0,7,0.03,0.05,0.6,18,18,0,1.8,0,0,104,0,0,0,0,0,0,0,0,0,0,0,0,0,0,0,0,0,0,0,0,0,0,0,0,0,0,0,0,0,0,0,0,0,0,0,0,0,0,0,0,0,0,0
"Cassava, Millet & Sorghum Porridge",194,46,87.9,0.5,0.1,10.2,1,0.3,18,0.4,10,15,47,6,0.12,1,0,0,0,1,0.01,0.01,0.2,4,4,0,0.1,0,0,24,0,0,0,0,0,0,0,0,0,0,0,0,0,0,0,0,0,0,0,0,0,0,0,0,0,0,0,0,0,0,0,0,0,0,0,0,0,0,0,0,0,0,0
Cassava Porridge (Uji wa Muhogo),121,28,92.6,0.1,0,6.8,0.3,0.2,12,0.1,4,7,39,5,0.05,0,0,0,0,1,0,0.01,0.1,2,2,0,0.2,0,0,12,0,0,0,0,0,0,0,0,0,0,0,0,0,0,0,0,0,0,0,0,0,0,0,0,0,0,0,0,0,0,0,0,0,0,0,0,0,0,0,0,0,0,0
Finger Millet Porridge (Uji wa Wimbi),168,40,88.8,0.7,0.2,7.8,2.1,0.4,35,1.1,16,17,52,4,0.16,2,0,0,0,0,0.01,0,0.4,6,6,0,0,0,0,24,0,0,0,0,0,0,0,0,0,0,0,0,0,0,0,0,0,0,0,0,0,0,0,0,0,0,0,0,0,0,0,0,0,0,0,0,0,0,0,0,0,0,0
Bulrush Millet Porridge (Uji wa Mawele),350,83,79.2,2,1,15.7,1.6,0.6,9,6,17,49,55,5,0.77,7,0,0,0,0,0.04,0.03,0.3,21,21,0,0.4,0,0,73,0,0,0,0,0,0,0,0,0,0,0,0,0,0,0,0,0,0,0,0,0,0,0,0,0,0,0,0,0,0,0,0,0,0,0,0,0,0,0,0,0,0,0
Rice Flour Porridge (Uji wa Mchele),235,56,87.5,0.6,1.3,10.2,0.2,0.1,4,0.1,5,17,26,5,0.11,1,0,0,0,0,0.01,0,0.2,1,1,0,0.1,0,0,4,0,0,0,0,0,0,0,0,0,0,0,0,0,0,0,0,0,0,0,0,0,0,0,0,0,0,0,0,0,0,0,0,0,0,0,0,0,0,0,0,0,0,0
Omena (Silver Sardine Stew),747,180,68.5,8.8,13.3,6,0.7,2.7,378,1,20,333,188,449,2.26,4,52,60,44,94,0.04,0.18,1.6,12,12,5.61,6.4,123,0,1,0,0,0,0,0,0,0,0,0,0,0,0,0,0,0,0,0,0,0,0,0,0,0,0,0,0,0,0,0,0,0,0,0,0,0,0,0,0,0,0,0,0,0
Busara (Whole Maize and Finger Millet Porridge),170,40,88.6,1,0.3,7.3,2.5,0.4,60,1.9,20,32,41,4,0.22,2,0,0,0,0,0.02,0.01,0.5,8,8,0,0,0,0,31,0,0,0,0,0,0,0,0,0,0,0,0,0,0,0,0,0,0,0,0,0,0,0,0,0,0,0,0,0,0,0,0,0,0,0,0,0,0,0,0,0,0,0
White Chapati,1774,424,18.4,7.8,21.1,49.6,2.5,0.7,25,3.9,22,126,90,100,0.61,0,59,59,58,1,0.56,0.36,3.6,280,20,0.48,0,0,0,71,0,0,0,0,0,0,0,0,0,0,0,0,0,0,0,0,0,0,0,0,0,0,0,0,0,0,0,0,0,0,0,0,0,0,0,0,0,0,0,0,0,0,0
Brown Chapati,1723,413,20.5,7.3,22.9,40.9,7.2,1.2,23,2.4,76,182,213,120,1.5,25,1,1,1,1,0.29,0.08,2,36*,0,0,0,0,0,338,0,0,0,0,0,0,0,0,0,0,0,0,0,0,0,0,0,0,0,0,0,0,0,0,0,0,0,0,0,0,0,0,0,0,0,0,0,0,0,0,0,0,0
Hard boiled eggs,569,136,75.4,12.9,8.3,2.5,0,0.9,52,1.7,13,174,122,150,1.09,22,180,180,180,0,0.09,0.42,0,68,68,1.38,0,426,0,0,0,0,0,0,0,0,0,0,0,0,0,0,0,0,0,0,0,0,0,0,0,0,0,0,0,0,0,0,0,0,0,0,0,0,0,0,0,0,0,0,0,0,0
Fried Egg,926,223,64.2,13.1,17.9,2.5,0,2.4,56,1.8,14,186,132,717,1.16,23,192,192,192,0,0.11,0.5,0,60,60,1.66,0,431,0,0,0,0,0,0,0,0,0,0,0,0,0,0,0,0,0,0,0,0,0,0,0,0,0,0,0,0,0,0,0,0,0,0,0,0,0,0,0,0,0,0,0,0,0
Omelette,502,121,77.6,6.6,7.8,5.3,1.5,1.2,36,1.5,17,105,169,189,0.75,10,95,109,81,165,0.08,0.25,0.4,38,38,0.7,13.4,182,0,3,0,0,0,0,0,0,0,0,0,0,0,0,0,0,0,0,0,0,0,0,0,0,0,0,0,0,0,0,0,0,0,0,0,0,0,0,0,0,0,0,0,0,0
Spanish Omelette,667,161,74,7.5,12.9,3.2,0.8,1.6,35,1.3,13,112,135,409,0.75,12,110,119,102,102,0.08,0.28,0.2,40,40,0.88,20.3,228,0,2,0,0,0,0,0,0,0,0,0,0,0,0,0,0,0,0,0,0,0,0,0,0,0,0,0,0,0,0,0,0,0,0,0,0,0,0,0,0,0,0,0,0,0
Meat Samosa,1854,443,13.9,18.8,22.2,40.5,3.1,1.6,51,11.5,37,288,302,175,2.99,13,66,85,48,223,0.47,0.42,5.1,222,32,1.19,7.4,40,0,55,0,0,0,0,0,0,0,0,0,0,0,0,0,0,0,0,0,0,0,0,0,0,0,0,0,0,0,0,0,0,0,0,0,0,0,0,0,0,0,0,0,0,0
Vegetable Samosa,1361,325,30.2,8.5,13.1,40.2,6.2,1.7,55,3.8,35,144,333,243,1.76,1,138,237,39,1185,0.46,0.31,3.2,227,52,0.33,23.7,0,0,90,0,0,0,0,0,0,0,0,0,0,0,0,0,0,0,0,0,0,0,0,0,0,0,0,0,0,0,0,0,0,0,0,0,0,0,0,0,0,0,0,0,0,0
Pancakes,1136,270,41.5,8.3,8.5,39.2,1.7,0.8,77,2.9,22,163,138,37,0.83,4,77,78,76,8,0.4,0.4,2.5,203,24,0.77,0,54,0,49,0,0,0,0,0,0,0,0,0,0,0,0,0,0,0,0,0,0,0,0,0,0,0,0,0,0,0,0,0,0,0,0,0,0,0,0,0,0,0,0,0,0,0
Egg Toast,1175,280,40.3,12.5,10.7,32.4,1.9,2.1,56,2.1,25,167,152,587,1.2,20,106,106,106,0,0.14,0.29,2.2,47,47,1,0,249,0,14,0,0,0,0,0,0,0,0,0,0,0,0,0,0,0,0,0,0,0,0,0,0,0,0,0,0,0,0,0,0,0,0,0,0,0,0,0,0,0,0,0,0,0
Drop Scones,1870,449,23.5,7.1,29.8,37.4,1.4,0.9,61,2.4,18,135,112,116,0.69,4,88,89,86,21,0.33,0.33,2,166,21,0.66,0,59,0,40,0,0,0,0,0,0,0,0,0,0,0,0,0,0,0,0,0,0,0,0,0,0,0,0,0,0,0,0,0,0,0,0,0,0,0,0,0,0,0,0,0,0,0
Terere (Amaranth),342,83,80.6,3,5.3,2.9,5.5,2.7,192,4.9,87,72,442,161,0.75,14,209,418,0,2510,0.03,0.16,0.6,37,37,0,49.3,0,0,3,0,0,0,0,0,0,0,0,0,0,0,0,0,0,0,0,0,0,0,0,0,0,0,0,0,0,0,0,0,0,0,0,0,0,0,0,0,0,0,0,0,0,0
Sukumawiki,225,54,87,2.5,3.2,2.1,3.8,1.5,291,2.3,33,56,198,123,0.42,0,122,243,0,1460,0.08,0.1,0.8,35,35,0,82.1,0,0,5,0,0,0,0,0,0,0,0,0,0,0,0,0,0,0,0,0,0,0,0,0,0,0,0,0,0,0,0,0,0,0,0,0,0,0,0,0,0,0,0,0,0,0
Stir-fried Cabbage,411,100,82.7,1.2,8.6,3.1,2.4,1.9,48,0.6,11,43,305,510,0.24,1,0,0,0,1,0.04,0.04,0.4,11,11,0,38.6,0,0,7,0,0,0,0,0,0,0,0,0,0,0,0,0,0,0,0,0,0,0,0,0,0,0,0,0,0,0,0,0,0,0,0,0,0,0,0,0,0,0,0,0,0,0
Jute Mallow (Mrenda) & Pumpkin Leaves,249,59,85.3,3.4,2.3,5.4,2,1.6,141,1.8,26,105,197,180,0.62,2,72,121,24,580,0.03,0.22,0.3,21,21,0.31,9.19,9,0,5,0,0,0,0,0,0,0,0,0,0,0,0,0,0,0,0,0,0,0,0,0,0,0,0,0,0,0,0,0,0,0,0,0,0,0,0,0,0,0,0,0,0,0
Pumpkin Leaves,410,99,80.8,3.2,6.7,5.5,1.5,2.3,166,2,51,101,236,332,0.67,2,61,107,16,548,0.03,0.16,0.6,17,17,0.24,10.7,6,0,7,0,0,0,0,0,0,0,0,0,0,0,0,0,0,0,0,0,0,0,0,0,0,0,0,0,0,0,0,0,0,0,0,0,0,0,0,0,0,0,0,0,0,0
"Saget, Terere & Managu (Spider plant, Amaranth & African Nightshade)",251,60,83,4.3,1.9,4.5,3.8,2.5,184,3.3,39,104,244,174,0.7,8,132,244,19,1350,0.02,0.22,0.4,80,80,0.25,16.1,7,0,12,0,0,0,0,0,0,0,0,0,0,0,0,0,0,0,0,0,0,0,0,0,0,0,0,0,0,0,0,0,0,0,0,0,0,0,0,0,0,0,0,0,0,0
Pilau,895,213,56.3,6.9,9.4,24.8,1.1,1.5,19,1.3,20,138,285,349,1.24,3,5,8,2,39,0.04,0.1,1.5,12,12,0.4,5.9,12,0,49,0,0,0,0,0,0,0,0,0,0,0,0,0,0,0,0,0,0,0,0,0,0,0,0,0,0,0,0,0,0,0,0,0,0,0,0,0,0,0,0,0,0,0
Mseto wa Ndengu,433,103,74.5,3.7,1.3,18.4,1.5,0.6,19,0.8,23,53,101,59,0.48,2,1,1,0,9,0.04,0.04,0.3,30,30,0,0.3,0,0,55,0,0,0,0,0,0,0,0,0,0,0,0,0,0,0,0,0,0,0,0,0,0,0,0,0,0,0,0,0,0,0,0,0,0,0,0,0,0,0,0,0,0,0
Mseto wa Maharagwe,807,193,58.2,5,7.9,23.5,3.8,1.7,27,1.3,24,129,172,356,0.76,1,3,5,0,27,0.06,0.06,0.6,29,29,0,2.3,0,0,112,0,0,0,0,0,0,0,0,0,0,0,0,0,0,0,0,0,0,0,0,0,0,0,0,0,0,0,0,0,0,0,0,0,0,0,0,0,0,0,0,0,0,0
Vine spinach,299,72,84.7,3.2,5.2,1.4,3.5,1.9,233,9.5,37,55,389,170,0.41,0,166,313,20,1759,0.05,0.17,0.8,44,44,0,56.7,13,0,16,0,0,0,0,0,0,0,0,0,0,0,0,0,0,0,0,0,0,0,0,0,0,0,0,0,0,0,0,0,0,0,0,0,0,0,0,0,0,0,0,0,0,0
"Fiqe (Red Sorghum, Beans and Teff Flour)",807,192,52.5,7.2,5.8,24.2,7.4,2.9,170,3.5,77,214,315,495,1.4,4,82,131,34,584,0.15,0.12,1.4,62,62,0,24,13,0,345,0,0,0,0,0,0,0,0,0,0,0,0,0,0,0,0,0,0,0,0,0,0,0,0,0,0,0,0,0,0,0,0,0,0,0,0,0,0,0,0,0,0,0
"Qanchibelo (Beef, Maize & Wheat Flour)",560,133,68.6,9.6,3.1,15.7,1.7,1.3,62,5.9,24,156,169,225,1.97,8,40,63,18,270,0.14,0.18,2.4,85,13,0.56,19.3,23,0,58,0,0,0,0,0,0,0,0,0,0,0,0,0,0,0,0,0,0,0,0,0,0,0,0,0,0,0,0,0,0,0,0,0,0,0,0,0,0,0,0,0,0,0
"Qita  ""Maize & wheat flour pancake""",1020,241,44.3,5.1,5.6,41.2,2.8,0.9,24,2.8,28,131,105,158,1.81,0,62,63,61,10,0.35,0.23,2.4,234,28,0.15,0.2,8,0,210,0,0,0,0,0,0,0,0,0,0,0,0,0,0,0,0,0,0,0,0,0,0,0,0,0,0,0,0,0,0,0,0,0,0,0,0,0,0,0,0,0,0,0
"Gurdo, Marqa (Ugali in Sour Milk)",1020,242,46.9,6.6,9.6,29.7,5.1,2,103,2.2,78,246,264,268,1.36,9,65,67,63,24,0.1,0.2,1.3,31,31,0.15,0.4,24,0,324,0,0,0,0,0,0,0,0,0,0,0,0,0,0,0,0,0,0,0,0,0,0,0,0,0,0,0,0,0,0,0,0,0,0,0,0,0,0,0,0,0,0,0
Green Gram Stew,454,109,74.4,6.3,4.2,9.3,4,1.7,33,1.6,43,61,184,243,0.57,5,4,8,0,46,0.08,0.04,0.4,71,71,0,2.1,0,0,68,0,0,0,0,0,0,0,0,0,0,0,0,0,0,0,0,0,0,0,0,0,0,0,0,0,0,0,0,0,0,0,0,0,0,0,0,0,0,0,0,0,0,0
Bean Stew,263,63,83.1,3.5,1.4,7.2,3.7,1.1,20,1,17,92,125,165,0.44,1,4,8,0,50,0.04,0.03,0.3,24,24,0,1.5,0,0,84,0,0,0,0,0,0,0,0,0,0,0,0,0,0,0,0,0,0,0,0,0,0,0,0,0,0,0,0,0,0,0,0,0,0,0,0,0,0,0,0,0,0,0
Lentil Stew,455,108,72.8,7.1,3,11.1,4.5,1.6,26,2,28,81,183,275,0.93,8,3,7,0,40,0.08,0.05,0.6,22,22,0,4.3,0,0,111,0,0,0,0,0,0,0,0,0,0,0,0,0,0,0,0,0,0,0,0,0,0,0,0,0,0,0,0,0,0,0,0,0,0,0,0,0,0,0,0,0,0,0
Camel Meat (Nyirinyiri),2170,521,8.5,34.6,33.6,20,0,3.3,7,6.9,21,213,407,346,3.62,17,1,3,0,15,0.04,0.31,8.3,12,12,2.31,0,99,0,0,0,0,0,0,0,0,0,0,0,0,0,0,0,0,0,0,0,0,0,0,0,0,0,0,0,0,0,0,0,0,0,0,0,0,0,0,0,0,0,0,0,0,0
Mbuboyi (Blood Cooked in Fresh Milk),410,97,76.2,11.5,2,8.3,0,2,57,13.9,8,62,199,361,1.08,17,0,0,65,0,0.05,0.17,0.2,0,0,0,0,136,0,0,0,0,0,0,0,0,0,0,0,0,0,0,0,0,0,0,0,0,0,0,0,0,0,0,0,0,0,0,0,0,0,0,0,0,0,0,0,0,0,0,0,0,0
Ashir,529,125,68.2,2.7,0.9,25.8,1.2,1.2,18,0.2,9,29,39,128,0.21,1,5,5,5,2,0.02,0.03,0.1,3,3,0.06,0,2,0,0,0,0,0,0,0,0,0,0,0,0,0,0,0,0,0,0,0,0,0,0,0,0,0,0,0,0,0,0,0,0,0,0,0,0,0,0,0,0,0,0,0,0,0
"Ugali (Cassava, finger millet & sorghum flour)",613,145,61.3,2,0.6,30.7,4.3,1.1,69,1.7,40,70,236,11,0.53,4,0,1,0,4,0.05,0.04,0.9,18,18,0,0.8,0,0,113,0,0,0,0,0,0,0,0,0,0,0,0,0,0,0,0,0,0,0,0,0,0,0,0,0,0,0,0,0,0,0,0,0,0,0,0,0,0,0,0,0,0,0
Yam Stew,394,94,76.7,1.5,2.4,15.3,2.5,1.6,13,0.7,14,46,279,347,0.21,0,34,67,0,404,0.06,0.02,0.4,15,15,0,5.2,0,0,16,0,0,0,0,0,0,0,0,0,0,0,0,0,0,0,0,0,0,0,0,0,0,0,0,0,0,0,0,0,0,0,0,0,0,0,0,0,0,0,0,0,0,0
Githeri (stewed Maize & Beans),661,157,60.4,6.7,4.2,19.7,7.2,1.8,39,2.2,41,214,281,233,1.01,2,0,1,0,2,0.1,0.06,0.8,52,52,0,0.5,0,0,178,0,0,0,0,0,0,0,0,0,0,0,0,0,0,0,0,0,0,0,0,0,0,0,0,0,0,0,0,0,0,0,0,0,0,0,0,0,0,0,0,0,0,0
"Mukimo (Maize, Beans, Potatoes & Pumpkin Leaves)",498,118,67.1,5,0.7,20.5,4.8,1.9,38,2,36,159,436,266,0.74,2,4,9,0,52,0.08,0.05,0.9,48,48,0,2.7,0,0,123,0,0,0,0,0,0,0,0,0,0,0,0,0,0,0,0,0,0,0,0,0,0,0,0,0,0,0,0,0,0,0,0,0,0,0,0,0,0,0,0,0,0,0
Githeri (Fresh Maize & Beans),773,185,55.3,6.9,7.2,17.8,10.5,2.2,41,2.2,43,222,308,335,1.32,3,2,5,0,27,0.12,0.08,1,57,57,0,0.8,0,0,172,0,0,0,0,0,0,0,0,0,0,0,0,0,0,0,0,0,0,0,0,0,0,0,0,0,0,0,0,0,0,0,0,0,0,0,0,0,0,0,0,0,0,0
Matoke (Stewed Green Bananas & Meat),494,118,72.9,6,4.1,13.3,1.8,1.9,16,3.9,22,105,380,381,1.12,5,19,36,2,208,0.05,0.08,1.4,22,22,0.34,9.8,14,0,22,0,0,0,0,0,0,0,0,0,0,0,0,0,0,0,0,0,0,0,0,0,0,0,0,0,0,0,0,0,0,0,0,0,0,0,0,0,0,0,0,0,0,0
"Mukimo (Fresh Maize, Potato & Pumpkin Leaves)",457,109,68.8,3,1,18.5,6.8,1.9,44,1.6,35,116,404,336,0.93,2,14,27,0,163,0.09,0.06,1.2,36,36,0,3.7,0,0,65,0,0,0,0,0,0,0,0,0,0,0,0,0,0,0,0,0,0,0,0,0,0,0,0,0,0,0,0,0,0,0,0,0,0,0,0,0,0,0,0,0,0,0
Stewed Potatoes & Arrowroots,380,90,78,1.9,2.1,15,1.8,1.2,8,0.9,17,38,401,173,0.44,1,3,7,0,40,0.08,0.05,1,12,12,0,7.1,0,0,18,0,0,0,0,0,0,0,0,0,0,0,0,0,0,0,0,0,0,0,0,0,0,0,0,0,0,0,0,0,0,0,0,0,0,0,0,0,0,0,0,0,0,0
"Mukimo wa Njahi (Black Beans, Green Bananas & Potatoes)",693,164,53.7,9.5,0.6,26.5,7.2,2.4,31,3.2,65,152,606,273,1.06,4,0,0,0,2,0.2,0.08,1.2,19,19,0,4.2,0,0,172,0,0,0,0,0,0,0,0,0,0,0,0,0,0,0,0,0,0,0,0,0,0,0,0,0,0,0,0,0,0,0,0,0,0,0,0,0,0,0,0,0,0,0
Githeri (Fresh beans and Maize),751,180,57,7.8,7.6,15.1,10.4,2.2,17,1.7,24,119,319,433,1.21,3,6,13,0,76,0.13,0.09,1.4,54,54,0,9.2,0,0,48,0,0,0,0,0,0,0,0,0,0,0,0,0,0,0,0,0,0,0,0,0,0,0,0,0,0,0,0,0,0,0,0,0,0,0,0,0,0,0,0,0,0,0
Mashed Potato and Bananas,750,179,62.1,2.3,8.5,22.1,2.6,2.4,12,1.4,23,70,551,544,0.36,1,4,8,0,49,0.06,0.04,0.9,35,35,0,12.6,0,0,39,0,0,0,0,0,0,0,0,0,0,0,0,0,0,0,0,0,0,0,0,0,0,0,0,0,0,0,0,0,0,0,0,0,0,0,0,0,0,0,0,0,0,0
Mukimo wa Njahi (Raw & Ripe Bananas),636,151,57.7,6.4,0.6,26.6,6.5,2.2,24,2.2,54,103,437,229,0.79,3,1,2,0,12,0.15,0.07,0.8,14,14,0,9.8,0,0,111,0,0,0,0,0,0,0,0,0,0,0,0,0,0,0,0,0,0,0,0,0,0,0,0,0,0,0,0,0,0,0,0,0,0,0,0,0,0,0,0,0,0,0
Groundnut Sauce,1240,298,50.2,10.6,23.4,9.6,3.5,2.7,132,2.3,101,209,366,492,1.2,7,28,28,28,2,0.28,0.21,5,27,27,0.17,0,9,0,198,0,0,0,0,0,0,0,0,0,0,0,0,0,0,0,0,0,0,0,0,0,0,0,0,0,0,0,0,0,0,0,0,0,0,0,0,0,0,0,0,0,0,0
Vimumunya vya Chumvi (Pumpkin & Coconut Milk),297,72,85.8,1.3,4.9,4.6,1.9,1.5,16,0.3,13,39,183,325,0.25,1,88,176,0,1060,0.05,0.05,0.6,22,22,0,5.5,0,0,21,0,0,0,0,0,0,0,0,0,0,0,0,0,0,0,0,0,0,0,0,0,0,0,0,0,0,0,0,0,0,0,0,0,0,0,0,0,0,0,0,0,0,0
Vinolo (Banana and Maize Flour Ugali),524,124,68.4,2.2,0.9,25.5,2.5,0.6,9,1.2,22,68,147,9,1.16,0,16,16,16,1,0.12,0.08,0.9,96,8,0,6.2,0,0,136,0,0,0,0,0,0,0,0,0,0,0,0,0,0,0,0,0,0,0,0,0,0,0,0,0,0,0,0,0,0,0,0,0,0,0,0,0,0,0,0,0,0,0
Biryani rice,641,152,65.3,2.7,3.2,27.9,0.3,0.6,9,0.3,9,52,22,180,0.47,0,0,0,0,0,0.02,0.04,0.4,3,3,0,0,0,0,54,0,0,0,0,0,0,0,0,0,0,0,0,0,0,0,0,0,0,0,0,0,0,0,0,0,0,0,0,0,0,0,0,0,0,0,0,0,0,0,0,0,0,0
Biryani stew,822,198,65.3,8.1,14.3,8.3,1.9,2.1,28,5.2,24,139,332,480,1.58,8,24,43,6,225,0.04,0.13,1.8,14,14,0.47,14.5,21,0,11,0,0,0,0,0,0,0,0,0,0,0,0,0,0,0,0,0,0,0,0,0,0,0,0,0,0,0,0,0,0,0,0,0,0,0,0,0,0,0,0,0,0,0
Vimumunya vya Sukari (Sweetened Pumpkin & Coconut Milk),390,93,79,1.1,3,14.5,1.8,0.6,14,0.3,11,31,155,15,0.21,1,81,162,0,973,0.05,0.04,0.5,19,19,0,5,0,0,16,0,0,0,0,0,0,0,0,0,0,0,0,0,0,0,0,0,0,0,0,0,0,0,0,0,0,0,0,0,0,0,0,0,0,0,0,0,0,0,0,0,0,0
Wukunu (sweet potatoes &dehulled black beans,396,94,73,4.1,0.6,15.8,4.6,1.9,21,1.5,33,82,288,229,0.41,1,1,1,0,8,0.1,0.04,0.7,9,9,0,12.6,0,0,68,0,0,0,0,0,0,0,0,0,0,0,0,0,0,0,0,0,0,0,0,0,0,0,0,0,0,0,0,0,0,0,0,0,0,0,0,0,0,0,0,0,0,0
Mushenye (Green Maize and Sweet Potatoes),641,153,60.4,7.1,4.1,17.6,8.6,2.1,44,2.3,51,196,340,242,1.07,3,1,3,0,16,0.15,0.07,1.6,50,50,0,5.9,0,0,174,0,0,0,0,0,0,0,0,0,0,0,0,0,0,0,0,0,0,0,0,0,0,0,0,0,0,0,0,0,0,0,0,0,0,0,0,0,0,0,0,0,0,0
Ingokho (Stewed Chicken),883,211,59.7,18.3,12.3,6.4,1.1,2.3,21,2.7,23,211,210,482,1.01,16,63,74,53,125,0.11,0.13,5.1,14,14,0.38,18.4,93,0,3,0,0,0,0,0,0,0,0,0,0,0,0,0,0,0,0,0,0,0,0,0,0,0,0,0,0,0,0,0,0,0,0,0,0,0,0,0,0,0,0,0,0,0
Malesele (Cow Blood with Sour Milk) (Check),1400,335,37.5,20,21.2,15.4,1,4.9,85,24.8,19,123,831,1070,1.85,29,0,0,106,0,0.1,0.25,0.7,0,0,0,0,250,0,2,0,0,0,0,0,0,0,0,0,0,0,0,0,0,0,0,0,0,0,0,0,0,0,0,0,0,0,0,0,0,0,0,0,0,0,0,0,0,0,0,0,0,0
Tsiswa (Termites),2140,515,10.5,31.6,38.8,7.3,5.1,6.8,137,29.8,13,584,412,2280,0.41,5,95,96,94,10,0.05,3.15,2.9,4,4,0.25,1.3,236,0,1,0,0,0,0,0,0,0,0,0,0,0,0,0,0,0,0,0,0,0,0,0,0,0,0,0,0,0,0,0,0,0,0,0,0,0,0,0,0,0,0,0,0,0
Ingokho (Fried Chicken),2220,532,6.8,44.6,35.3,9.1,0,4.3,31,5.6,38,492,410,932,2.13,39,134,134,134,0,0.18,0.25,12.3,13,13,0.97,2.3,0,0,0,0,0,0,0,0,0,0,0,0,0,0,0,0,0,0,0,0,0,0,0,0,0,0,0,0,0,0,0,0,0,0,0,0,0,0,0,0,0,0,0,0,0,0
Boiled Rice,584,138,67.1,2.7,2,27.2,0.2,0.7,9,0.3,9,50,21,216,0.46,0,0,0,0,0,0.02,0.04,0.4,3,3,0,0,0,0,53,0,0,0,0,0,0,0,0,0,0,0,0,0,0,0,0,0,0,0,0,0,0,0,0,0,0,0,0,0,0,0,0,0,0,0,0,0,0,0,0,0,0,0
Onion Fried Rice (Wali wa Yasmin),779,185,58.9,3.1,5.1,31.2,0.6,1,13,0.5,12,61,46,275,0.53,1,0,0,0,1,0.02,0.05,0.5,4,4,0,0.9,0,0,59,0,0,0,0,0,0,0,0,0,0,0,0,0,0,0,0,0,0,0,0,0,0,0,0,0,0,0,0,0,0,0,0,0,0,0,0,0,0,0,0,0,0,0
Stir-fried Spinach,307,74,84.4,2.8,5.4,2,3.3,2.1,99,3.7,66,47,299,870,0.62,1,142,284,0,1701,0.02,0.08,0.5,70,70,0,16.9,0,0,9,0,0,0,0,0,0,0,0,0,0,0,0,0,0,0,0,0,0,0,0,0,0,0,0,0,0,0,0,0,0,0,0,0,0,0,0,0,0,0,0,0,0,0
Thabai / Thaa (Stinging Nettle),143,34,92.3,1.2,2.4,1.9,0.6,1.8,132,1.4,28,26,113,312,0.14,1,0,1,0,4,0.01,0.06,0.2,62,62,0,1,4,0,4,0,0,0,0,0,0,0,0,0,0,0,0,0,0,0,0,0,0,0,0,0,0,0,0,0,0,0,0,0,0,0,0,0,0,0,0,0,0,0,0,0,0,0
Stewed Cowpea Leaves (Rhikhuvi),630,152,74.1,3.2,13.3,3.5,3.2,2.8,146,1.3,23,49,202,660,0.53,1,32,52,12,239,0.19,0.22,0.7,31,31,0.15,12.6,8,0,47,0,0,0,0,0,0,0,0,0,0,0,0,0,0,0,0,0,0,0,0,0,0,0,0,0,0,0,0,0,0,0,0,0,0,0,0,0,0,0,0,0,0,0
Stewed Kunde & Mrenda (Cowpeas Leaves and Jute Mallow),238,57,83.5,3.7,2,4.4,3.3,3.1,158,2.4,23,93,244,761,0.64,2,84,147,21,757,0.1,0.29,0.4,38,38,0.28,13.1,0,0,14,0,0,0,0,0,0,0,0,0,0,0,0,0,0,0,0,0,0,0,0,0,0,0,0,0,0,0,0,0,0,0,0,0,0,0,0,0,0,0,0,0,0,0
Stewed Mushrooms in Peanut Butter (Obwoba),487,117,73.3,4.9,6.3,8.3,3.8,3.4,38,1.4,47,130,408,822,0.54,15,6,12,0,69,0.17,0.35,2.2,27,27,0,6.7,5,0,60,0,0,0,0,0,0,0,0,0,0,0,0,0,0,0,0,0,0,0,0,0,0,0,0,0,0,0,0,0,0,0,0,0,0,0,0,0,0,0,0,0,0,0
Chai ya Maziwa (Mixed Tea),153,36,92.1,1.1,1.2,5.4,0,0.3,42,0,5,40,45,15,0.21,1,14,14,13,6,0,0,0,1,1,0.17,0,307,0,0,0,0,0,0,0,0,0,0,0,0,0,0,0,0,0,0,0,0,0,0,0,0,0,0,0,0,0,0,0,0,0,0,0,0,0,0,0,0,0,0,0,0,0
Stewed Dried Fish,1380,330,42.7,25.7,23.2,3.9,1.4,3,189,2.1,57,395,403,572,1.02,29,0,0,57,124,0.05,0.03,3.3,0,19,1.52,10.4,0,0,25,0,0,0,0,0,0,0,0,0,0,0,0,0,0,0,0,0,0,0,0,0,0,0,0,0,0,0,0,0,0,0,0,0,0,0,0,0,0,0,0,0,0,0
Kimanga (Smoked Green Bananas and Kidney Beans),614,146,57.7,6.5,0.9,24.1,7.7,3.1,46,2,43,188,401,485,0.89,2,2,3,0,20,0.1,0.09,0.9,48,48,0,0.8,0,0,148,0,0,0,0,0,0,0,0,0,0,0,0,0,0,0,0,0,0,0,0,0,0,0,0,0,0,0,0,0,0,0,0,0,0,0,0,0,0,0,0,0,0,0
Mashed Cassava and Pigeon Peas,823,194,46.8,4.8,0.6,39.6,5.8,2.4,94,1.6,44,93,469,303,0.85,4,4,8,0,49,0.13,0.07,0.8,52,52,0,1.5,0,0,167,0,0,0,0,0,0,0,0,0,0,0,0,0,0,0,0,0,0,0,0,0,0,0,0,0,0,0,0,0,0,0,0,0,0,0,0,0,0,0,0,0,0,0
Ndoto (Red Kidney Beans & Red Sorghum),806,193,56.4,5.7,7.9,21.3,7,1.9,25,1.8,53,162,211,270,0.89,6,0,1,0,3,0.08,0.05,1,35,35,0,0.4,0,0,148,0,0,0,0,0,0,0,0,0,0,0,0,0,0,0,0,0,0,0,0,0,0,0,0,0,0,0,0,0,0,0,0,0,0,0,0,0,0,0,0,0,0,0
Muthokoi (Dehusked Maize and Beans),677,161,62.7,5,5.9,19.8,4.6,2,27,1.3,25,120,185,325,0.59,1,0,0,0,2,0.07,0.04,0.4,31,31,0,0.4,55,0,0,0,0,0,0,0,0,0,0,0,0,0,0,0,0,0,0,0,0,0,0,0,0,0,0,0,0,0,0,0,0,0,0,0,0,0,0,0,0,0,0,0,0,0
Beef Stew,756,181,65.7,17.7,10.4,3.8,0.8,1.7,12,11.2,27,257,264,315,3.48,18,14,21,7,89,0.01,0.2,3.3,7,7,1.16,7.7,162,0,1,0,0,0,0,0,0,0,0,0,0,0,0,0,0,0,0,0,0,0,0,0,0,0,0,0,0,0,0,0,0,0,0,0,0,0,0,0,0,0,0,0,0,0
"Munono (Cow blood, beef, cow fat)",2270,549,23.9,19.5,50.3,4.6,0,1.8,10,16.6,19,203,245,286,3.19,23,0,0,34,0,0.03,0.18,2.6,0,0,0,0,55,0,0,0,0,0,0,0,0,0,0,0,0,0,0,0,0,0,0,0,0,0,0,0,0,0,0,0,0,0,0,0,0,0,0,0,0,0,0,0,0,0,0,0,0,0
Fresh blood and Fresh milk,340,81,82.5,6.1,3.1,7,0,1.2,101,4.7,11,105,161,148,0.79,8,0,0,49,0,0.02,0.23,0.1,0,0,0,0,0,0,0,0,0,0,0,0,0,0,0,0,0,0,0,0,0,0,0,0,0,0,0,0,0,0,0,0,0,0,0,0,0,0,0,0,0,0,0,0,0,0,0,0,0,0
Kimanga (Mashed Sweet Potato & Black Beans),472,112,68,5.4,0.5,18.9,5.2,2.1,32,1.6,38,78,388,276,0.63,2,4,8,0,49,0.12,0.05,0.8,9,9,0,7.8,0,0,97,0,0,0,0,0,0,0,0,0,0,0,0,0,0,0,0,0,0,0,0,0,0,0,0,0,0,0,0,0,0,0,0,0,0,0,0,0,0,0,0,0,0,0
Kitojo (Sweet Potato Leaves),596,144,74.6,3.9,12.7,1.4,4.6,2.9,97,0.9,51,31,500,648,0.26,1,138,276,0,1653,0.07,0.26,0.9,2,2,0,8.1,0,0,15,0,0,0,0,0,0,0,0,0,0,0,0,0,0,0,0,0,0,0,0,0,0,0,0,0,0,0,0,0,0,0,0,0,0,0,0,0,0,0,0,0,0,0
Pigeon Peas Stew,494,118,70.9,5.7,4.4,11,6.1,1.9,47,1.4,33,69,260,281,0.74,4,8,16,0,93,0.13,0.03,0.5,47,47,0,2.9,0,0,124,0,0,0,0,0,0,0,0,0,0,0,0,0,0,0,0,0,0,0,0,0,0,0,0,0,0,0,0,0,0,0,0,0,0,0,0,0,0,0,0,0,0,0
Nchenga/ Nzenga (Crushed Maize),542,129,69.5,2.2,3.9,20.3,1.8,2.2,13,0.3,11,22,85,552,0.16,0,87,173,0,1038,0.03,0.01,0.2,5,5,0,1.5,0,0,40,0,0,0,0,0,0,0,0,0,0,0,0,0,0,0,0,0,0,0,0,0,0,0,0,0,0,0,0,0,0,0,0,0,0,0,0,0,0,0,0,0,0,0
Mseto wa Viazi (Potatoes in Rice),469,111,73.7,2.1,1.9,21.1,0.5,0.6,9,0.4,9,45,92,131,0.38,0,2,4,0,23,0.02,0.03,0.4,7,7,0,2.5,65,0,1,0,0,0,0,0,0,0,0,0,0,0,0,0,0,0,0,0,0,0,0,0,0,0,0,0,0,0,0,0,0,0,0,0,0,0,0,0,0,0,0,0,0,0
Stewed Guinea Fowl,642,154,69.7,15.8,9,2,0.7,2.7,31,2,22,152,240,736,1.25,18,10,18,2,96,0.02,0.15,2.4,7,7,0.14,8.4,145,0,0,0,0,0,0,0,0,0,0,0,0,0,0,0,0,0,0,0,0,0,0,0,0,0,0,0,0,0,0,0,0,0,0,0,0,0,0,0,0,0,0,0,0,0
Fried tilapia,1820,437,23.5,45.7,28.1,0.3,0,2.5,252,6.2,40,387,349,149,1.16,39,24,24,24,0,0.09,0.35,7.5,12,12,3.5,0,0,0,0,0,0,0,0,0,0,0,0,0,0,0,0,0,0,0,0,0,0,0,0,0,0,0,0,0,0,0,0,0,0,0,0,0,0,0,0,0,0,0,0,0,0,0
Stewed Green Bananas,350,84,81.8,1,3.8,10.4,2.2,0.8,9,0.7,15,24,175,100,0.21,1,6,13,0,75,0.03,0.03,0.3,10,10,0,13.2,0,0,11,0,0,0,0,0,0,0,0,0,0,0,0,0,0,0,0,0,0,0,0,0,0,0,0,0,0,0,0,0,0,0,0,0,0,0,0,0,0,0,0,0,0,0
Stir Fried Beef,1066,255,50.3,26.7,14.1,5,1,3.1,16,16.4,40,422,483,682,5.13,27,19,28,10,107,0.02,0.31,5.1,10,10,1.86,9.4,81,0,2,0,0,0,0,0,0,0,0,0,0,0,0,0,0,0,0,0,0,0,0,0,0,0,0,0,0,0,0,0,0,0,0,0,0,0,0,0,0,0,0,0,0,0
Stir Fried Goat Meat,1600,383,30.2,32.1,23.3,10.4,1.7,2.3,33,4.1,50,424,465,221,5.74,43,42,60,24,214,0.2,0.33,5.4,14,14,2.84,18.7,154,0,3,0,0,0,0,0,0,0,0,0,0,0,0,0,0,0,0,0,0,0,0,0,0,0,0,0,0,0,0,0,0,0,0,0,0,0,0,0,0,0,0,0,0,0
Finger Millet Ugali,505,120,65.1,2.9,0.7,21,8.9,1.4,137,4.4,61,72,212,3,0.67,6,0,0,0,1,0.06,0.01,1.6,26,26,0,0,0,0,100,0,0,0,0,0,0,0,0,0,0,0,0,0,0,0,0,0,0,0,0,0,0,0,0,0,0,0,0,0,0,0,0,0,0,0,0,0,0,0,0,0,0,0
Omena Stew,1860,450,32.8,19.2,39.3,4.6,0.8,3.4,879,2.3,33,782,281,90,5.28,7,55,69,41,171,0.11,0.17,5.4,22,22,16.78,10.9,305,0,3,0,0,0,0,0,0,0,0,0,0,0,0,0,0,0,0,0,0,0,0,0,0,0,0,0,0,0,0,0,0,0,0,0,0,0,0,0,0,0,0,0,0,0
Aluru (Stewed Quails),809,195,65.9,11.3,14.2,5.2,0.6,2.9,90,1.6,23,202,302,761,1.24,9,51,58,44,80,0.06,0.36,2.7,9,9,0.61,7.9,49,0,1,0,0,0,0,0,0,0,0,0,0,0,0,0,0,0,0,0,0,0,0,0,0,0,0,0,0,0,0,0,0,0,0,0,0,0,0,0,0,0,0,0,0,0
Mashed Potatoes,449,106,71,2.5,0.2,22.8,1.7,1.8,10,1.4,20,82,650,330,0.32,1,0,0,0,0,0.06,0.03,1.1,42,42,0,6,0,0,48,0,0,0,0,0,0,0,0,0,0,0,0,0,0,0,0,0,0,0,0,0,0,0,0,0,0,0,0,0,0,0,0,0,0,0,0,0,0,0,0,0,0,0
Mashed Bananas,344,81,76.9,1.2,0.3,16.9,3,1.7,8,0.6,20,25,245,348,0.19,1,0,0,0,2,0.04,0.03,0.2,11,11,0,13.7,0,0,18,0,0,0,0,0,0,0,0,0,0,0,0,0,0,0,0,0,0,0,0,0,0,0,0,0,0,0,0,0,0,0,0,0,0,0,0,0,0,0,0,0,0,0
Enriched Mashed Potatoes,591,141,70.4,2,6.2,18.6,1.4,1.4,10,1.1,16,67,529,209,0.26,1,51,54,48,38,0.05,0.03,0.9,34,34,0,4.9,2,0,39,0,0,0,0,0,0,0,0,0,0,0,0,0,0,0,0,0,0,0,0,0,0,0,0,0,0,0,0,0,0,0,0,0,0,0,0,0,0,0,0,0,0,0
Enriched Mashed Bananas,568,136,72.9,0.1,7.8,14.3,2.6,1.5,8,0.5,17,22,207,276,0.16,1,63,67,59,48,0.03,0.03,0.2,9,9,0.01,11.6,2,0,15,0,0,0,0,0,0,0,0,0,0,0,0,0,0,0,0,0,0,0,0,0,0,0,0,0,0,0,0,0,0,0,0,0,0,0,0,0,0,0,0,0,0,0
Stewed Nile Perch,522,125,74,14.3,6.3,2.5,0.5,2.4,105,1,26,216,203,596,0.51,16,16,22,10,68,0.01,0.01,1.6,9,9,0.86,5.2,55,0,1,0,0,0,0,0,0,0,0,0,0,0,0,0,0,0,0,0,0,0,0,0,0,0,0,0,0,0,0,0,0,0,0,0,0,0,0,0,0,0,0,0,0,0
Stewed Goat Meat,925,222,59.4,17.1,14.6,5.2,0.8,2.9,16,2.1,25,225,235,783,3.04,23,21,29,13,94,0.11,0.17,2.9,8,8,1.52,8.2,82,0,1,0,0,0,0,0,0,0,0,0,0,0,0,0,0,0,0,0,0,0,0,0,0,0,0,0,0,0,0,0,0,0,0,0,0,0,0,0,0,0,0,0,0,0
Pan Fried Sweet Potatoes,1040,248,51.7,3.1,13.9,25.3,4.9,1.2,44,0.8,21,50,325,16,0.73,1,796,1590,0,9550,0.04,0.07,1.2,11,11,0,35.2,0,0,56,0,0,0,0,0,0,0,0,0,0,0,0,0,0,0,0,0,0,0,0,0,0,0,0,0,0,0,0,0,0,0,0,0,0,0,0,0,0,0,0,0,0,0
Potato Chips,1370,326,32.1,4.8,13.6,44.4,3.3,1.9,17,2.7,37,159,1260,13,0.63,1,0,0,0,0,0.11,0.07,2.3,82,82,0,12,0,0,93,0,0,0,0,0,0,0,0,0,0,0,0,0,0,0,0,0,0,0,0,0,0,0,0,0,0,0,0,0,0,0,0,0,0,0,0,0,0,0,0,0,0,0
Kimito (Mashed Beans & Potatoes),537,127,64.1,5.7,0.8,21.6,5.4,2.3,35,2.2,36,173,557,359,0.77,2,0,0,0,1,0.09,0.06,1,58,58,0,3.4,0,0,134,0,0,0,0,0,0,0,0,0,0,0,0,0,0,0,0,0,0,0,0,0,0,0,0,0,0,0,0,0,0,0,0,0,0,0,0,0,0,0,0,0,0,0
Arrowroot Stew,383,91,77.8,1.9,2.3,14.9,1.8,1.4,11,0.9,18,41,431,250,0.44,1,48,95,0,570,0.09,0.05,1.1,13,13,0,5.3,0,0,19,0,0,0,0,0,0,0,0,0,0,0,0,0,0,0,0,0,0,0,0,0,0,0,0,0,0,0,0,0,0,0,0,0,0,0,0,0,0,0,0,0,0,0
Sweet Potatoes with Peanut Butter,373,89,81.1,2.2,4.4,9.3,2.2,0.9,23,0.7,21,33,179,130,0.42,1,263,526,0,3155,0.05,0.04,1.1,10,10,0,17,0,0,42,0,0,0,0,0,0,0,0,0,0,0,0,0,0,0,0,0,0,0,0,0,0,0,0,0,0,0,0,0,0,0,0,0,0,0,0,0,0,0,0,0,0,0
Black Bean Stew,261,62,83.6,3.6,1.3,7.7,2.8,1.1,17,1.2,26,55,175,164,0.42,2,3,5,0,30,0.07,0.03,0.4,4,4,0,2.6,0,0,62,0,0,0,0,0,0,0,0,0,0,0,0,0,0,0,0,0,0,0,0,0,0,0,0,0,0,0,0,0,0,0,0,0,0,0,0,0,0,0,0,0,0,0
Bean Stew with Milk and Cream,584,139,65.2,7.2,4.5,14.3,6.7,2.2,66,1.9,34,197,259,273,0.96,2,25,32,19,77,0.08,0.11,0.6,47,47,0.12,4.4,8,0,153,0,0,0,0,0,0,0,0,0,0,0,0,0,0,0,0,0,0,0,0,0,0,0,0,0,0,0,0,0,0,0,0,0,0,0,0,0,0,0,0,0,0,0
Rice with Milk,741,176,61.5,3.9,5.7,27.2,0.2,1.4,53,0.4,12,96,73,419,0.64,1,44,47,42,27,0.02,0.14,0.3,9,9,0.2,0,18,0,48,0,0,0,0,0,0,0,0,0,0,0,0,0,0,0,0,0,0,0,0,0,0,0,0,0,0,0,0,0,0,0,0,0,0,0,0,0,0,0,0,0,0,0
Pan Fried Arrowroots,761,181,56.9,4.1,5.2,28.3,2.5,3.1,8,1.3,29,50,696,616,1.09,1,2,3,0,20,0.21,0.1,2.4,0,0,0,1.7,0,0,21,0,0,0,0,0,0,0,0,0,0,0,0,0,0,0,0,0,0,0,0,0,0,0,0,0,0,0,0,0,0,0,0,0,0,0,0,0,0,0,0,0,0,0
Nyenyi (Mashed Pigeon Peas & Green Maize),524,125,66.4,4.9,2.3,17.8,6.5,2,56,1.8,41,106,479,273,0.89,4,23,34,12,130,0.14,0.05,1,54,54,0,2.9,0,0,108,0,0,0,0,0,0,0,0,0,0,0,0,0,0,0,0,0,0,0,0,0,0,0,0,0,0,0,0,0,0,0,0,0,0,0,0,0,0,0,0,0,0,0
Finger Millet and Sorghum Porridge,311,74,82.3,2.7,2.2,9.7,2.3,0.8,93,1.1,24,91,130,23,0.54,4,22,23,22,10,0.02,0.14,0.4,9,9,0.28,0,8,0,36,0,0,0,0,0,0,0,0,0,0,0,0,0,0,0,0,0,0,0,0,0,0,0,0,0,0,0,0,0,0,0,0,0,0,0,0,0,0,0,0,0,0,0
Mashed Pumpkin and Black Nightshade,277,67,80.8,3.8,2.4,4.9,5.1,3,91,6.7,41,75,456,411,0.66,1,88,176,0,1050,0.09,0.27,1.4,233,233,0,21.5,0,0,22,0,0,0,0,0,0,0,0,0,0,0,0,0,0,0,0,0,0,0,0,0,0,0,0,0,0,0,0,0,0,0,0,0,0,0,0,0,0,0,0,0,0,0
Enriched Matoke,465,111,73.7,2.4,3.5,15.8,3.2,1.4,15,0.9,33,37,256,220,0.32,2,0,0,0,2,0.08,0.04,1,14,14,0,12,0,0,48,0,0,0,0,0,0,0,0,0,0,0,0,0,0,0,0,0,0,0,0,0,0,0,0,0,0,0,0,0,0,0,0,0,0,0,0,0,0,0,0,0,0,0
Oatmeal,351,83,78.3,2.4,1.7,12.9,3.5,1.2,15,1,35,110,82,209,0.71,10,0,0,0,0,0.13,0.03,0.2,6,6,0,0,0,0,316,0,0,0,0,0,0,0,0,0,0,0,0,0,0,0,0,0,0,0,0,0,0,0,0,0,0,0,0,0,0,0,0,0,0,0,0,0,0,0,0,0,0,0
Oat Porridge,363,86,79.3,1.9,1.6,15.3,1.4,0.5,39,0.4,18,77,69,14,0.45,5,11,11,11,5,0.05,0.08,0.1,3,3,0.14,0,4,0,128,0,0,0,0,0,0,0,0,0,0,0,0,0,0,0,0,0,0,0,0,0,0,0,0,0,0,0,0,0,0,0,0,0,0,0,0,0,0,0,0,0,0,0
Enriched Mandazi,1590,379,23.5,7.6,16.1,49.9,2.2,0.8,45,3.3,21,134,105,80,0.66,2,90,92,88,24,0.47,0.36,3,236*,21,0.57,0.7,23,0,0,0,0,0,0,0,0,0,0,0,0,0,0,0,0,0,0,0,0,0,0,0,0,0,0,0,0,0,0,0,0,0,0,0,0,0,0,0,0,0,0,0,0,0
Basic Mandazi,1430,340,28.2,6.4,12.9,48.7,2.1,1.7,136,3.5,19,331,350,241,0.52,0,48,48,48,1,0.46,0.29,3,230*,17,0.4,0,0,0,58,0,0,0,0,0,0,0,0,0,0,0,0,0,0,0,0,0,0,0,0,0,0,0,0,0,0,0,0,0,0,0,0,0,0,0,0,0,0,0,0,0,0,0
Stewed Split Dal,291,69,81.8,3.7,1.9,8.1,2.7,1.9,22,1.2,21,54,142,459,0.42,6,9,18,0,105,0.05,0.03,0.3,31,31,0,4.8,0,0,74,0,0,0,0,0,0,0,0,0,0,0,0,0,0,0,0,0,0,0,0,0,0,0,0,0,0,0,0,0,0,0,0,0,0,0,0,0,0,0,0,0,0,0
Potato Curry,608,145,69,2.2,7,17.3,2.2,2.3,25,1.7,22,68,475,537,0.41,1,10,20,0,120,0.06,0.04,0.9,32,32,0,11.4,0,0,41,0,0,0,0,0,0,0,0,0,0,0,0,0,0,0,0,0,0,0,0,0,0,0,0,0,0,0,0,0,0,0,0,0,0,0,0,0,0,0,0,0,0,0
Peas and Brinjal Curry,544,131,72.5,4.2,8.5,6.6,5.8,2.4,38,2.1,30,71,253,520,1.96,2,29,58,0,348,0.13,0.09,1.1,56,56,0,16.8,0,0,66,0,0,0,0,0,0,0,0,0,0,0,0,0,0,0,0,0,0,0,0,0,0,0,0,0,0,0,0,0,0,0,0,0,0,0,0,0,0,0,0,0,0,0
Steamed Rice,513,121,68.6,2.6,0.3,26.7,0.2,1.5,10,0.3,9,49,22,521,0.45,1,0,0,0,0,0.02,0.04,0.4,2,2,0,0,0,0,51,0,0,0,0,0,0,0,0,0,0,0,0,0,0,0,0,0,0,0,0,0,0,0,0,0,0,0,0,0,0,0,0,0,0,0,0,0,0,0,0,0,0,0
Rotli (Indian Chapati),1560,374,21.6,8,16.7,43.8,7.9,2,25,2.7,83,199,234,354,1.64,27,44,46,42,25,0.32,0.09,2.2,39,0,0,0,28,0,370,0,0,0,0,0,0,0,0,0,0,0,0,0,0,0,0,0,0,0,0,0,0,0,0,0,0,0,0,0,0,0,0,0,0,0,0,0,0,0,0,0,0,0
Potato Bhajia,1960,471,15.1,8.6,31,37.1,4.8,3.5,29,3,39,132,783,587,0.78,2,5,9,1,50,0.17,0.09,1.8,81,81,0,8.2,0,0,190,0,0,0,0,0,0,0,0,0,0,0,0,0,0,0,0,0,0,0,0,0,0,0,0,0,0,0,0,0,0,0,0,0,0,0,0,0,0,0,0,0,0,0
Chaas (Diluted Yoghurt),252,60,86.6,2,2.2,8,0,1.1,106,0.1,8,66,93,262,0.24,2,24,26,23,16,0.04,0.11,0,0,0,0.12,0,7,0,0,0,0,0,0,0,0,0,0,0,0,0,0,0,0,0,0,0,0,0,0,0,0,0,0,0,0,0,0,0,0,0,0,0,0,0,0,0,0,0,0,0,0,0
Siro (Semolina & Nuts),1720,412,28.4,4.3,26.1,39.4,1.1,0.8,81,0.5,19,105,140,24,0.66,4,196,205,187,105,0.03,0.18,0.3,9,9,0.32,0,73,0,91,0,0,0,0,0,0,0,0,0,0,0,0,0,0,0,0,0,0,0,0,0,0,0,0,0,0,0,0,0,0,0,0,0,0,0,0,0,0,0,0,0,0,0
Minced Meat Balls,659,157,65.9,8.1,5.4,18.6,0.8,1.3,14,4.4,17,126,133,321,1.55,7,9,16,2,79,0.02,0.1,1.4,5,5,0.43,4.1,19,0,34,0,0,0,0,0,0,0,0,0,0,0,0,0,0,0,0,0,0,0,0,0,0,0,0,0,0,0,0,0,0,0,0,0,0,0,0,0,0,0,0,0,0,0
Wheat Flour Porridge,468,111,76.3,2.5,3.9,16.1,0.9,0.3,14,0.9,21,32,60,3,0.24,1,7,7,7,0,0.11,0.05,1.4,37*,7,0.06,0,0,0,45,0,0,0,0,0,0,0,0,0,0,0,0,0,0,0,0,0,0,0,0,0,0,0,0,0,0,0,0,0,0,0,0,0,0,0,0,0,0,0,0,0,0,0
Okra Meat Dish,394,94,80.1,8.2,5.1,3.2,1.3,2.1,23,5.2,24,126,199,559,1.65,8,15,28,3,151,0.03,0.1,1.7,13,13,0.51,9.3,23,0,2,0,0,0,0,0,0,0,0,0,0,0,0,0,0,0,0,0,0,0,0,0,0,0,0,0,0,0,0,0,0,0,0,0,0,0,0,0,0,0,0,0,0,0
Hydrabadi Biryani,819,195,59.3,8.2,8.3,21.4,0.9,1.9,35,1,22,115,187,457,0.62,15,13,19,8,65,0.06,0.09,1.2,4,4,1.08,1.9,19,0,48,0,0,0,0,0,0,0,0,0,0,0,0,0,0,0,0,0,0,0,0,0,0,0,0,0,0,0,0,0,0,0,0,0,0,0,0,0,0,0,0,0,0,0
Chick Peas Curry,524,126,69.2,6,5.1,10.3,7.3,2.1,77,2.5,48,83,329,426,0.96,11,12,23,0,140,0.11,0.06,0.6,61,61,0,5.5,0,0,123,0,0,0,0,0,0,0,0,0,0,0,0,0,0,0,0,0,0,0,0,0,0,0,0,0,0,0,0,0,0,0,0,0,0,0,0,0,0,0,0,0,0,0
Bhature (Fried Indian Bread),1410,337,36.1,5.9,18.5,35.9,1.7,1.9,62,2.8,18,108,109,518,0.5,1,73,87,58,170,0.38,0.27,2.4,180,15,0.35,1.4,11,0,46,0,0,0,0,0,0,0,0,0,0,0,0,0,0,0,0,0,0,0,0,0,0,0,0,0,0,0,0,0,0,0,0,0,0,0,0,0,0,0,0,0,0,0
Pumpkins with Peanut Butter,359,86,82.7,2.6,5.5,5.4,2.6,1.3,24,0.6,29,44,195,196,0.36,1,91,182,0,1090,0.1,0.06,1.6,26,26,0,5.5,0,0,48,0,0,0,0,0,0,0,0,0,0,0,0,0,0,0,0,0,0,0,0,0,0,0,0,0,0,0,0,0,0,0,0,0,0,0,0,0,0,0,0,0,0,0
Boiled beans ,390,93,74.9,5.2,2.3,10.2,5.3,2.1,43,1.6,32,150,229,355,0.7,2,2,4,0,24,0.09,0.05,0.6,69,69,0,1,0,0,156,0,0,0,0,0,0,0,0,0,0,0,0,0,0,0,0,0,0,0,0,0,0,0,0,0,0,0,0,0,0,0,0,0,0,0,0,0,0,0,0,0,0,0
