product_name,energy_kcal,energy_kj,protein_g,carbohydrates_g,total_sugar_g,total_fat_g,fibre_g,sodium_g,sub_type,form
224 AROMATIC RICE,,,,,,,,,,
224 PILAU RICE,171,715.464,3,30,1,3,2,0,Rice,Solid
224 PISHORI RICE,349,1460.22,8,77,0,0,0,0,Rice,Solid
224 SUPERIOR QUALITY LONG GRAIN RICE,366.667,1533.33,8.88889,80,,,,,Rice,Solid
7UP DRINK,,,,,,,,,,
7UP SODA,,,,,,,,,,
ACACIA KIDS APPLE,,,,,,,,,,
ACACIA KIDS BLACKCURRANT,53.1,225,0.02,12.9,12.8,0.01,0.08,,,
ACACIA KIDS BLUERASBERRY,53.5,227,0.04,13.1,12.9,0.01,0.07,,,
ACACIA KIDS MANGO,42.1,179.12,0.168,12.5,12.5,0.01,0.54,,,
AERO ORANGE FESTIVE BLOCK,,,,,,,,,,
AERO PEPPERMINT BUBBLY,,,,,,,,,,
AFIA APPLE DRINK,285,1192.44,4,71,0,4,0,0,Drink,Liquid
AFIA APPLE JUICE,285,1192.44,4,71,0,4,0,0,Drink,Liquid
AFIA MIXEDFRUIT JUICE,47,180,0.01,11.7,11.7,,,,,
AFIA MULTI VITAMIN FRUIT DRINK,50,209,,12.4,9.7,,,0.008,Fruit Drink,Liquid
AFIA ORANGE FRUIT DRINK,45,188.28,0.7,10,8.4,0.2,,0.001,Fruit Drink,Liquid
AFIA PINK GUAVA JUICE,26,107,0.4,6,5,0,1.2,0.00048,Drink,Liquid
AFIA TROPICAL CARROT FRUIT DRINK,69,288.696,0.5,17.2,12.5,,,,Fruit Drink,Liquid
AFTER EIGHT MINT CHOCOLATE,,,,,,,,,,
AFTER EIGHT SHAPES CHOCOLATE,,,,,,,,,,
AG TABASCO STYLE HOT SAUCE,,,,,,,,,,
AIRHEADS CHERRY CANDY BAR,384.615,1608.97,0,96.1538,70.5128,0,,,Candy Bar,Solid
AIRHEADS ORANGE CANDY BAR,416.667,1740.38,0,96.1538,67.3077,3.20513,,0.0160256,Candy Bar,Solid
AIRHEADS WHITE MYSTERY CANDY BAR,384.615,1608.97,0,96.1538,70.5128,0,,,Candy Bar,Solid
AIRWAVES BLACKCURRANT S/F 10P,,,,,,,,,,
AIRWAVES GUM MENTHOL&EUCALYPTUS,,,,,,,,,,
AJAB ALL PURPOSE FLOUR,364,1522.4,10.4,76,0.24,0.96,2.72,0.002,All Purpose Flour,Powder
AJAB FORTIFIED ALL PURPOSE HOME BAKING FLOUR,252,1054.36,8.4,51,1.9,1.6,,,Baking Flour,Powder
AJAB FORTIFIED ATTA MARK 1 FLOUR,364,1522.4,10.4,76,0.24,0.96,2.72,0.002,Flour,Powder
AJAB FORTIFIED MANDAZI FLOUR,300,1250,10,50,,10,,0.32,Mandazi Flour,Powder
AJAB FORTIFIED SELF RAISING FLOUR,400,1670,10,80,,,,,Raising Flour,Powder
AJAB MAIZE MEAL FLOUR,351,1491,7.8,77.7,0.5,0.8,1,,Maize Meal Flour,Powder
AL AMEERA TAHINA,,,,,,,,,,
AL JAZIRA EXTRA VIRGIN OLIVE OIL,900,3700,,,,100,,,Olive Oil,Liquid
ALL TIME HONEY,,,,,,,,,,
ALL TIME HONEY BLACK SEED OIL SQUEEZE,,,,,,,,,,
ALL TIME HONEY HEXA SQUEEZE,,,,,,,,,,
ALL TIME HONEY IN BLK SEED OIL,,,,,,,,,,
ALL TIME HONEY JERRYCAN,,,,,,,,,,
ALL TIME HONEY SQUEEZE,,,,,,,,,,
ALLEGRO EXTRA VIRGIN OLIVE OIL,900,3765.6,,,,100,,,Olive Oil,Liquid
ALPENLIEBE CARAMEL CANDY,,,,,,,,,,
ALPENLIEBE CHOCOLATE CARAMEL ECLAIRS CANDY,3.9,407.7,0.05,1705.82,84.4,66.5,,,,
ALPENLIEBE GOLD CREAM STRAWBERRY CANDY,417,1744,0.2,88,71,6.8,,0.22,Candy,Solid
ALVARO MALT DRINK,126,527.184,3.2,14.3,9.3,6.3,,,Malt Drink,Liquid
AMAIZE MAIZE MEAL FLOUR,92,388,2.2,21.5,,21.5,0.8,,Maize Meal Flour,Solid
AMANA BASMATI RICE,365,1527,7.1,80,,0.7,1.8,0.00054,Rice,Solid
AMANA HEALTHY GOODNESS LONG GRAIN BASMATI RICE,349,1485,8.7,77.8,,0.7,0.8,,Basmati Rice,Solid
AMANA NJAHI BLACK BEANS,,,,,,,,,,
AMANA NYAYO BEANS,347,1451.85,23,62,,,16,0.015,Nyayo Beans,Solid
AMANA PISHORI RICE,349,1460.22,8,77,,,,,Pishori Rice,Solid
AMANA PREMIUM BASMATI RICE,350,1464,8.8,78,,,1.6,0.0017,Rice,Solid
AMANA PREMIUM PISHORI RICE,351,1491,7.8,77.7,0.5,0.8,1,,Pishori Rice,Solid
AMANA ROSECOCO BEANS,260,1120,21,46,3.5,2.7,12.5,,Rosecoco Beans,Solid
AMANA YELLOW BEANS,347,1451.85,23,62,,,16,0.015,Yellow Beans,Solid
AMAZON TOMATO KETCHUP,110,460,1.1,26.3,15.9,0.1,0.24,0.412,Ketchup,Liquid
AMERICAN G CREA RANCH DRESSING,466.667,1952.33,0,6.66667,3.33333,50,0,0.733333,Ranch Dressing and Dip,Paste
AMERICAN G KETCHUP HOT & SPICY,117.647,491.765,0,29.4118,23.5294,0,0,0.882353,Ketchup,Paste
AMERICAN GARDEN APPLE CIDER VINEGAR,70,292.88,,0.3,0.1,,,,Vinegar,Liquid
AMERICAN GARDEN ITALIAN MARINADE AND SALAD DRESSING,80,334.72,,3,3,8,,0.53,Salad Dressing,Paste
AMERICAN GARDEN LITE MAYONNAISE,150,628,,,,,,0.045,Mayonnaise,Paste
AMERICAN GARDEN MAYONNAISE,309,1292,0.93,8.98,4.91,29.9,0.23,1.7,Mayonnaise,Paste
AMERICAN GARDEN MAYONNAISE LITE,45,188.28,,1,1,,,0.105,Mayonnaise,Paste
AMERICAN GARDEN MUSHROOM PASTA SAUCE,47.2441,197.638,1.5748,8.66142,5.51181,0.787402,2.3622,0.346457,Sauce,Paste
AMERICAN GARDEN POPCORN BUTTER,484.848,2027.27,,57.5758,,24.2424,,0.969697,Popcorn,Solid
AMERICAN GARDEN REGULAR MAYONNAISE,,,,,,,,,Mayonnaise,Cream
AMERICAN GARDEN SPICY BROWN MUSTARD,5,20.92,4,,,,,0.065,Mustard,Paste
AMERICAN GARDEN TOMATO KETCHUP,88,368.192,0,23,2,0,0,0,Ketchup,Paste
AMERICAN GARDEN WHITE VINEGAR,,,,,,,,,White Vinegar,Liquid
AMERICAN GARDEN WORCESTERSHIRE SAUCE,,,,,,,,,Worcestershire Sauce,Paste
AMERICAN GARDEN YELLOW MUSTARD SQUEEZE,0,0,0,0,0,0,0,1.2,Mustard,Paste
AMERICAN GOURMET BARBEQUE SAUCE,50,209.2,,13,11,,,0.34,Sauce,Paste
AMERICAN GOURMET DIJON MUSTARD,149,623.416,7.2,3.2,2.7,11.5,,,Mustard,Paste
AMERICAN GOURMET ITALIAN DRESS,283,1184.07,0,10,8,28,,1.642,Italian Dressing,Paste
AMERICAN GOURMET MAYO,,,,,,,,,Mayonnaise,Paste
AMERICAN GOURMET PANCAKE SYRUP,,,,,,,,,Pancake Syrup,Liquid
AMERICAN GOURMET REGULAR MAYONNAISE,174,728,0.2,0,1.7,15.3,0.1,0.745,Mayonnaise,Paste
AMERICAN GOURMET THOUSAN ISLAND,,,,,,,,,Salad Dressing,Paste
AMIGOS CHEESE AND ONION POTATO CHIPS,533,2230.07,6,53,2,32,,1200,Potato Chips,Solid
AMIGOS CHEESEONION CRISPS,,,,,,,,,Corn Chips,Solid
AMIGOS CHILLI TWISTS PELLETS POTATO,149,623.416,2.3,18,1.3,7.7,1,0.184,Pellets Potato,Solid
AMIGOS DESIGN CHILLI PELLETS CHIPS,342,1430,10,75,,0.2,,,Chips,Solid
AMIGOS DESIGN SALTED PELLETS,1333.33,5578.67,0,266.667,0,0,0,0.166667,Potato Pellets,Solid
AMIGOS DESIGN SALTED PELLETS CHIPS,554,2317,7,51.7,2.6,35.5,,0.51,Chips,Solid
AMIGOS FRIED CASHEW NUTS,621,2566,17,30,4.9,48,3.2,0.26,Fried Cashew Nuts,Solid
AMIGOS FRIED PEANUTS,,,,,,,,,,
AMIGOS GATHIA NUTS,519.7,2174.42,18.2,47.8,1.5,28.5,,,Gathia,Solid
AMIGOS INDIAN NUTS CHEVDA,512,5142,8,55.5,15,28.62,1.3,0.78,Chevda,Solid
AMIGOS MASALA PEANUTS,,,,,,,,,,
AMIGOS MATOKE CRISPS,,,,,,,,,Matoke Crisps,Solid
AMIGOS NDUMA CHIPS,470,1966.48,7,60,4,20,,0.001,Chips,Solid
AMIGOS NUTS CHEVDA,512,5142,8,55.5,15,28.62,1.3,0.78,Chevda,Solid
AMIGOS PEANUT CHIKKI NUTS,,,,,,,,,,
AMIGOS PREMIUM SUVADANA MOUTH FRESHENER,389,1627.58,2.2,84,62,5,8.06,0.0694,Mouth Freshener,Solid
AMIGOS READY SALTED POTATO CHIPS,536.111,2243.09,5.55556,47.2222,,36.1111,,0.763889,Potato Chips,Solid
AMIGOS RESDY SALTED POTATO CHIPS,536.111,2243.09,5.55556,47.2222,,36.1111,,0.763889,Potato Chips,Solid
AMIGOS ROASTED CASHEWNUTS,157,657,5.2,8.6,,12,0.9,0.0034,Cashewnuts,Solid
AMIGOS ROASTED PEANUTS,,,,,,,,,,
AMIGOS SALT AND VINEGAR POTATO CHIPS,490,2050.16,3.33333,56.6667,,23.3333,,,Potato Chips,Solid
AMIGOS SALTED MATOKE CHIPS,519,2171.5,2,58,35,32,,0.006,Chips,Solid
AMIGOS SIMSIM NUTS CHIKKI,110,509,8,2129.6,66.23,23.5,,,Chikki,Solid
AMIGOS SUVADANA MOUTH FRESHENER,389,1627.58,2.2,84,62,5,8.06,0.0694,Mouth Freshener,Solid
ANDREA MILANO BALSAMIC VINEGAR,,,,,,,,,,
ANDREA MILANO RED WINE VINEGAR,,,,,,,,,,
ANDREA MILANO WHITE WINE VINEGAR,,,,,,,,,,
ANGEL INSTANT DRY YEAST,,,,,,,,,,
ANGEL INSTANT DRY YEAST 2 IN,,,,,,,,,,
ANGEL INSTANT DRY YEAST10GX25,,,,,,,,,,
AQUACLEAR PURIFIED DRINKING WATER,0,0,,,,,,0.025,Drinking Water,Liquid
AQUAMIST APPLE FLAVOURED WATER,1.4,75.312,,4,,,,14.62,Mineral Water,Liquid
AQUAMIST LEMON FLAVOURED WATER,1.4,669.44,,9,,,,14.62,Mineral Water,Liquid
AQUAMIST MANGO FLAVOURED WATER,1.4,150.624,,,,,,14.62,Mineral Water,Liquid
AQUAMIST MINERAL WATER,0,0,,,,,,14.62,Mineral Water,Liquid
AQUAMIST MINERAL WATER DISPOSABLE,,,,,,,,,Mineral Water,Liquid
AQUAMIST ORANGE FRUTZ DRINK,,,,,,,,,Fruit Drink,Liquid
AQUAMIST PINEAPPLE FLAVOURED WATER,1.4,4.184,,,,,,14.62,Mineral Water,Liquid
AQUAMIST PINEAPPLE FRUTZ DRINK,48,272,0.1,12,15,0.1,0.5,10.2,Mango Juice,Liquid
AQUAMIST SPARKLING WATER,0,0,,,,,,14.62,Sparkling Water,Liquid
ARBORIO RICE,,,,,,,,,,
ARGUS GREEN GRAMS,,,,,,,,,,
ARGUS GREEN GRAMS 25OGMS,,,,,,,,,,
ARGUS POPCORN IMPORTED,,,,,,,,,,
ARIZONA MUCHO MANGO F JUIC CCT 500M,,,,,,,,,,
ARPO BLENDED SESAME OIL,,,,,,,,,,
ARPO FISH SAUCE,,,,,,,,,,
ARPO SUPERIOR DARK SOYSAUCE,,,,,,,,,,
ARPO SUPERIOR LIGHT SOY SAUCE,,,,,,,,,,
ARPO SUPERIORLIGHT SOYSAUCE,,,,,,,,,,
ARPO SWEET CHILLI SAUCE,,,,,,,,,,
ARPO WHITE RICE VINEGAR,,,,,,,,,,
ARYUVA DOUBLE CONCENTRATED TOMATO PASTE,18.5,10.9,106,100,1.18,0.25,,,Food,
ARYUVA PREMIUM DARK SOY SAUCE,36,150.62,7,26,22,0,0,7.8,Soy Sauce,Liquid
ARYUVA PREMIUM LIGHT SOY SAUCE,54,225.93,1,11,9,0,0,6.026,Sauce,Paste
ARYUVA TOMATO PASTE,,,,,,,,,,
ASANTA GREEN GRAM POLISHED,,,,,,,,,,
ASANTA GREEN LENTILS,116,485.34,20,50,0,0.4,8,0.002,Green Lentils,Solid
ASANTA POPCORN SEEDS,382,1598.29,12,78,0,4,15,0.004,Popcorn Seeds,Solid
ASANTA RICE BLENDED,,,,,,,,,,
ASANTA RICE LONG GRAIN,,,,,,,,,,
ASANTA YELLOW BEANS,340,1422.56,14,68,0,2,16,0.04,Yellow Beans,Solid
ASKEYS TREAT STRAWBERRY,316,1343,0,79,75,0,,,,
ASKEYS TREAT TOFFEE,331,1404,1.4,77,73,2,,,,
ATKINS & POTTS DILL MUSTARD SAUCE,485,2000,1.8,11.9,11.5,47.2,0.9,,,
ATKINS & POTTS RANCH DRESSING,,,,,,,,,,
ATKINS & POTTS RED ONION & JALAPENO RELISH,211,893,1.2,45.2,43.1,2.2,1.4,,,
ATKINS & POTTS SEA FOOD SAUCE LEMON & DILL,650,2675,2.1,4.1,3.6,69,,,,
ATKINS & POTTS TARTARE SAUCE,492,2024,2.4,3.6,2.7,52,1,,,
ATKINS & POTTS TOASTED GARLIC MAYONNAISE,678,2793,2.7,6.2,2.1,71.1,0.8,,,
ATKINS & POTTS WASABI & LIME DRESING,458,1892,1.5,11.2,8.8,45,1,,,
ATKINS & POTTS WASABI MAYONNAISE,598,2464,2.9,5.1,2.8,62.7,1,,,
ATKINS& POTTS SALSA DIP,53,239,1.6,9.2,7.2,1.1,1.5,,,
AVENA VEGETABLE OIL,878,3673.55,,1.72,,97.54,,,Vegetable Oil,Liquid
AYAM THAI YELLOW CURRY SAUCE,,,,,,,,,,
AZAAVI MATOKE CHILI CRISPS,,,,,,,,,,
AZAM APPLE PUNCH SPARKLING DRINK,110,460.24,14,2,,5,,0.447,Sparkling Drink,Liquid
AZAM CARBONATED ENERGY DRINK,49,205,0.5,11,11,0.1,,,Energy Drink,Liquid
AZAM MALTI COFFEE MOCHA DARK MALT DRINK,,,,,,,,,Malt Drink,Liquid
AZAM MALTI DRINK COFFEE,18,84,0,4,0,0,0,0.005,Malti Drink,Liquid
AZAM UKWAJU TAMARIND FRUIT JUICE DRINK,56,234.304,,14,13,,,0.02,Juice Drink,Liquid
BAHARI FRY VEGETABLE OIL,884,3569,,,,100,,,Vegetable Oil,Liquid
BAILI BREAD CRUMBS,385,1614,12,72.9,4.6,4.6,,0.472,Bread Crumbs,Solid
BAKALLAND BA COCOA AND MILK KID CEREAL BAR,1100,4606.22,13.2432,197.297,16.7568,21.6216,13.7838,,Cereal Bar,Solid
BAKE KING PREMIUM LIGHT JAGGERY,383,1602.47,0.4,97,,0.1,0.6,,Jaggery,Solid
BAKE ROLZ CHILI LEMON SNACK,,,,,,,,,,
BAKE ROLZ KETCHUP SNACK,,,,,,,,,,
BAKE ROLZ MIX CHEESE SNACK,,,,,,,,,,
BAKE ROLZ OLIVE SNACK,,,,,,,,,,
BAKE ROLZ PIZZA SNACK,,,,,,,,,,
BAKE ROLZ SALT VINEGAR SNACK,,,,,,,,,,
BAKE ROLZ SPICY CHEESE SNACK,,,,,,,,,,
BAKE ROLZ SPICY KEBAB SNACK,,,,,,,,,,
BAKE ROLZ SWEET CHILI SNACK,,,,,,,,,,
BAKERS BLUE LABEL MARIE BISCUITS,423,1772,8.3,74,21.7,9.5,1.7,0.377,Biscuits,Solid
BAKERS CHOCOLATE-O-BREAK BISCUITS,,,,,,,,,,
BAKERS CLASSIC ROMANY CREAMS CHOCOLATE BISCUITS,481,2012,7.6,64,33.8,21.3,2.2,0.466,Biscuits,Solid
BAKERS EET SUM MOR SHORTBREAD BISCUITS,525.926,2200.47,3.7037,55.5556,11.1111,29.6296,,0.511111,Biscuits,Solid
BAKERS ORIGINAL ROMANY CREAMS MINT CHOCOLATE COCONUT BISCUITS,499,2089,5.5,,29.5,25.6,5,0.479,Biscuits,Solid
BAKERS ORIGINAL TOPPER VANILLA CREAM BISCUITS,,,,,,,,,Biscuits,Solid
BAKERS TENNIS DOUBLE BISCUITS CREAM,,,,,,,,,,
BAKEX BROWN BREAD FLOUR,,,,,,,,,,Powder
BAKEX SEMOLINA (SOOJI/RAAVA),,,,,,,,,,Powder
BAKEX WHITE BREAD FLOUR,,,,,,,,,,Powder
BALLON CHICLE BUBBLE GUM,,,,,,,,,Bubble Gum,Solid
BARILLA ANGEL HAIR NO 1 PASTA,364,1522.98,12.6,70.9,3.5,2,3,0.005,Pasta,Solid
BARILLA CHIFFERI ELBOWS PASTA,364,1522.98,12.6,70.9,3.5,2,3,0.005,Pasta,Solid
BARILLA CHILLI PEPPER ARRABBIATA SAUCE,70,292.8,1,7,,3,,,Sauce,Paste
BARILLA COLLEZIONE TAGLIATELLE PASTA,359,1502.06,12,71,,2,,,Pasta,Solid
BARILLA FETTUCCINE PASTA,359,1502.06,12,71,,2,,0.013,Pasta,Solid
BARILLA LASAGNE NO 189 PASTA,142,594.128,4,10,,9,,,Pasta,Solid
BARILLA LINGUINE NO 13 PASTA,364,1522.98,12.8,70.9,3.5,2,3,0.005,Pasta,Solid
BARILLA N.3 SPAGHETTINI PASTA,364,1522.98,12.8,70.9,3.5,2,3,0.005,Spaghettini Pasta,Solid
BARILLA N.5 SPAGHETTI PASTA,364,1522.98,12.8,70.9,3.5,2,3,0.005,Spaghetti Pasta,Solid
BARILLA N65 FARFALLE DURUM WHEAT PASTA,359,1502.06,12,71,3,2,,,Pasta,Solid
BARILLA RIGATE PENNE PASTA,364,1522.98,12.5,71.2,3.5,2,3,0.005,Pasta,Solid
BARILLA SPAGHETTONI NO 7 PASTA,158,661.072,4,17,1,18,31,0.005,Pasta,Solid
BARILLA SUGO OLIVE WITH ITALIAN TOMATOES SAUCE,77,322,1.9,6.2,4.8,4.5,2.1,,Sauce,Paste
BAVARIA 0.0 APPLE NON ALCOHOLIC MALT DRINK,30,126,1,7.9,7.6,1,,,Malt Drink,Liquid
BAVARIA 0.0 ORIGINAL NON ALCOHOLIC MALT DRINK,24,100.416,,5,3,,,0.002,Malt Drink,Liquid
BAYARA CHILLI POWDER,435,1820,14,51,6,19,31,0.401,Chilli Powder,Powder
BAYARA WHOLE GARAM MASALA,300,1252,10,70,,10,40,0.15,Garam Masala,Solid
BAZOOKA BIG BABY POP COLA AND RASPBERRY CANDY,121,506,0,30,29,0,0,,Candy,Solid
BAZOOKA BIG BABY POP SOUR STRAWBERRY CANDY,383,1627,0.2,95.3,87,0.02,0.02,2.00E-05,Candy,Solid
BAZOOKA BIG POP BLACKCURRANT,,,,,,,,,Candy,Solid
BAZOOKA PUSH POP BLACKCURRANT,355.556,1487.64,5.55556,77.7778,55.5556,1.77778,,,Candy,Solid
BAZOOKA PUSH POP BLUE RASPBERRY AND COLA CANDY,1220,5104.67,0,100,64.6667,0,0,0.113333,Candy,Solid
BAZOOKA XTREME JUICY DROP CANDY,,,,,,,,,,
BEACON MAYNARDS FRUITY MINI ENERJELLY TEDDIES,,,,,,,,,Enerjelly Teddies,Solid
BEAUIDEAL SHANGHAI WHITE VINEGAR,0,0,,,,,,,White Vinegar,Liquid
BEBETO SPAGHETTI SOUR APPLE,,,,,,,,,,
BEBETO STRAWBERRY LACES,380,1610,2.7,86,57,2.9,,,Laces,Solid
BEBETO STRAWBERRY METERGUM,381,1594.1,2,88,0,2,0,0,Metergum,Solid
BEECARE NATURALS CASHEW NUT BUTTER ROASTED SALTED,,,,,,,,,,
BEECARE NATURALS CASHEW NUTS ROASTED AND SALTED,,,,,,,,,,
BEECARE NATURALS CASHEW NUTS ROASTED AND SALTED CP,,,,,,,,,,
BEECARE NATURALS ROASTED AND SALTED PEELED PEANUT CP,,,,,,,,,,
BEECARE NATURALS ROASTED AND SALTED PEELED PEANUTS,,,,,,,,,,
BERGEN 3 X CHOCO COOKIES,522.222,2183.33,5.55556,55.5556,33.3333,27.7778,0,0.5,Cookies,Solid
BERGEN BROWNIE CHOCOLATE FUDGE COOKIES,450,1882.8,4.54545,63.6364,36.3636,18.1818,,,Cookies,Solid
BERGEN CHOCO CHIP HAZELNUT COOK,504,2109,6,60,28,26.5,0,0,Cookies,Solid
BERGEN OAT WITH SESAME COOKIES,512,2142.21,5,62,37,26,3,0.24,Cookies,Solid
BERGEN OBS CARAMEL&COCONUT COOK,469,1962,6,66,42,20,0,0.18,Biscuit,Solid
BERGEN S/FREE HAZELNUT COOKIES,498,2084,8.2,62.2,3,23.5,0,0,Cookies,Solid
BERGEN WHITE CHOCOLATE & CRANBERRY COOKIES,480,2008.32,4,64,44,24,2,0.24,Cookies,Solid
BERTOLLI FIVE CHEESE SAUCE,,,,,,,,,,
BERTOLLI FRESH GARLIC & HERBS,,,,,,,,,,
BERTOLLI GARLIC MARINARA,,,,,,,,,,
BERTOLLI OLIVE OIL & GARLIC SAUCE,,,,,,,,,,
BERTOLLI OLIVE OIL BASIL GARLIC,,,,,,,,,,
BERTOLLI ORGANIC TOMATOBASIL,,,,,,,,,,
BERTOLLI RUSTIC CUT MARINARA,,,,,,,,,,
BERTOLLI RUSTIC CUT ROASTED GARLIC,,,,,,,,,,
BERTOLLI RUSTIC CUT SWEET PEPPER WITH MUSHROOM,,,,,,,,,,
BERTOLLI TOMATO & BASIL SAUCE,,,,,,,,,,
BEST SALTED PEANUTS,,,,,,,,,,
BETTY CROCKER BUTTER MILK PANCAKE MIX,375,1567,72,10,8.8,5.5,1.3,1.058,Pancake Mix,Powder
BETTY CROCKER CHOCOLATE FUDGE BROWNIE MIX,409,1711.26,4.4,83.3,,5.7,3.4,,Fudge Brownie Mix,Powder
BETTY CROCKER DARK CHOCOLATE FUDGE BROWNIE MIX,110,460.24,1,24,17,1.5,1,0.09,Brownie Mix,Powder
BETTY CROCKER SUPER MOIST CHOCOLATE FUDGE CAKE MIX,160,669.44,2,35,17,1,1,0.38,Cake Mix,Powder
BETTY CROCKER SUPER MOIST DARK CHOCOLATE CAKE,396,1656.86,4.1,79,52,6.6,2.5,0.772,Cake,Solid
BETTY CROCKER SUPER MOIST MILK CHOCOLATE CAKE,,,,,,,,,,
BETTY CROCKER SUPER MOIST SUPREME VANILLA CAKE,396,1656.86,4.1,79,52,6.6,2.5,0.772,Cake,Solid
BETTY CROCKER SUPER MOIST WHITE CAKE MIX,398,1665.23,3.3,77,47,8.1,1.2,0.647,Cake Mix,Powder
BETTY CROCKER WHIPPING CREAM MIX,505.714,2115.91,4.85714,71.4286,68.5714,22.5714,1.42857,0.0742857,Whipping Cream Mix,Cream
BHARTI BEN KENYAN CHEVDO FARARI,605.96,2535.32,2.285,48.67,5.4,49.17,1.058,0.0618,Chevdo,Solid
BIDCO CHIPSY PURE YELLOW VEGETABLE COOKING FAT,124,518.816,,,,14,,,Cooking Fat,Liquid
BIDCO KIMBO COOKING VEGETABLE FAT,,,,,,,,,,
BIG G ORIGINAL BUBBLE GUM 50 PIECES,,,,,,,,,Bubble Gum,Solid
BIGG DADDY PARTY MIX LOLLIPOPS 50PC,,,,,,,,,Lollipop,Solid
BIGG DADDY PASSION LOLLIPOPS50PCS,,,,,,,,,Lollipop,Solid
BIP 3D DINO AND FRIEND STRAWBERRY LOLLIPOP,395,1680,0,98.8,68.5,0,0,,Lollipop,Solid
BIP DINO FRIENDS LOLLY POP UP SWEET CANDY,83,,343,1,,,,,Food,
BISCOLATA AMADA MILK CHOCOLATE BISCUIT STIX,483.1,1999.9,7.5,62.1,,22.2,2.1,,Stix,Solid
BISCOLATA AMADA STIX HAZELNUT BISCUIT STICKS,538.2,2228.4,8.6,52.5,30.6,32,2.5,,Biscuit Sticks,Solid
BISCOLATA COCONUT STIX BISCUITS,527.778,2208.22,8.33333,55.5556,30.5556,30.5556,5.55556,0.222222,Biscuits,Solid
BISCOLATA DUOMAX MILKY CHOCOLATE COATED WAFER,557,2330,7.6,54.2,42.2,34.1,1.5,0.04,Wafer,Solid
BISCOLATA MINIS DARK CHOCOLATE COVERED WAFERS,,,,,,,,,Wafer,Solid
BISCOLATA MOOD CHOCOLATE CREAM FILLED COOKIES,527.7,2207,5.7,59.3,36.5,29.2,2.5,,Cookies,Solid
BISCOLATA MOOD NIGHT BITTER DARK CHOCOLATE COOKIES,496,2072,25,58.6,32.2,25,5.3,,Cookies,Solid
BISCOLATA NIRVANA MINIS HAZELNUT CREAM MILKY WAFER,493,2062,7.4,60.5,30.4,23.5,3.3,,Milky Wafer,Solid
BISCOLATA STIX CRISPY RICE,,,,,,,,,,
BISCONNI CHOCOLATE CHIP COOKIES,84,351.456,1,9,2,4,2,0.038,Cookies,Solid
BISCONNI CHOCOLATTO CENTER FILLED CHOCOLATE COOKIES,114,476.976,1,16,7,5.7,,0.02,Cookies,Solid
BISCONNI COCOMO CHOCOLATE FILLED BISCUITS,110,460,5,15,16,19,2,0.28,Biscuits,Solid
BISTO CHICKEN GRAVY GRANULES,,,,,,,,,,
BLEND AFRICA ESPRESSO DARK ROAST COFFEE BEANS,63,263.59,7,9,,,,,Coffee Beans,Solid
BLEND AFRICA ESPRESSO DARK ROAST GROUND COFFEE,1.01266,4.21941,0.126582,,,0.0421941,,0.00198312,Ground Coffee,Powder
BLUE RIBAND,,,,,,,,,,
BLUE RIBAND MILK CHOCOLATE HAZELNUT WAFER,,,,,,,,,,
BLUEBAND CHOCO SPREAD,,1965,1,35.2,35,35,1,0.2,Food,Solid
BLUEBAND INSTANT PORRIDGE FLOUR,,,,,,,,,Porridge Flour,Solid
BLUEBAND LOW FAT SPREAD FOR BREAD,190.727,798,,0,0,20,0,0.985,,Solid
BLUEBAND ORIGINAL SPREAD,,,,,,,,,Fat Spread,Solid
BLUEBAND PEANUT BUTTER,610,2552.24,23,19,,49,,0.482,Peanut Butter,Solid
BOB'S RED MILL 7 GRAIN HOT CEREAL,150,627.6,5,30,0,1,6,,Cereal,Solid
BOKOMO MUESLI AFRICAN BAKED GRANOLA,385,1614,9.8,60,19,11.9,7.7,0.496,Granola,Solid
BOKOMO NATURE'S SOURCE MUESLI CRISPY CRUNCH CROCANTE BAKED GRANOLA,144,602.496,2.66667,21.3333,9.33333,4,4,0.109333,Granola,Solid
BOKOMO NATURE'S SOURCE MUESLI TROPICAL CLUSTER GRANOLA,415,1735,7.3,61,23.8,16,6,0.143,Granola,Solid
BOKOMO TRADITIONAL OATS,385,1610,12.4,66,0,8.13,4,,Oats,Solid
BOLCI CHRISTMAS SELECTION,,,,,,,,,,
BOLCI FREEZE DRIED STRAWBERRY,,,,,,,,,,
BOLCI ROCHE MILK CHOCOLATE RAISIN & HAZELNUT,,,,,,,,,,
BOLCI STRAWBERRY IN MILK CHOCOLATE OLATE,,,,,,,,,,
BONDS MINT CANDY CANES,399,1668,0,98,80,0,,,Candy Canes,Solid
BONRAW ORGANIC PANELA SUGAR,387,1645,1.1,94.7,85.3,0,,186,,
BOOCH KOMBUCHA ELDER FLOWER,,,,,,,,,,
BOOCH KOMBUCHA PASSION BAOBAB,23,98,1,5.6,5.3,0.5,,0.001,Soft Drink,Liquid
BOOCH KOMBUCHA STRAWBERRY SOFT DRINK,45,188.28,,11,9,,,0.01,Soft Drink,Liquid
BOOMBASTIC HAZELNUT WAFER,,,,,,,,,,
BOOSTRIO TROPICAL SPORT DRINK 330M,19,80,,4.4,3.9,,,,,
BORGES EXTRA VIRGIN OLIVE OIL,900,3765.6,,,,100,,,Olive Oil,Liquid
BOUNTY COCONUT CHOCOLATE BAR,487,953,3.7,58.9,48.2,25.7,,,Chocolate Bar,Solid
BRAD'S ATLANTIC SEA SALT GRINDER,,,,,,,,,,
BRAD'S CANNELLINI BEANS,,,,,,,,,,
BRAD'S CANNELLINI BEANS NO SALT,,,,,,,,,,
BRAD'S CHILI BEANS,,,,,,,,,,
BRAD'S GARBANZO BEANS NO SALT,,,,,,,,,,
BRAD'S HEARTS PALM SLICES CANS,,,,,,,,,,
BRAD'S HEARTS PALM SPEARS,,,,,,,,,,
BRAD'S KIDNEY BEANS,,,,,,,,,,
BRAD'S PINTO BEANS,,,,,,,,,,
BRAD'S PINTO BEANS NO SALT,,,,,,,,,,
BRAD'S SALAD BEANS,,,,,,,,,,
BRAGG APPLE CIDER VINEGAR,70,292.88,,0.3,0.1,,,,Vinegar,Liquid
BRITANNIA BOURBON CHOCOLATE AND CREAM BISCUIT,480.769,2011.54,7.69231,69.2308,38.4615,19.2308,,0.153846,Biscuit,Solid
BRITANNIA CASHEW BISCUITS,,,,,,,,,,
BRITANNIA DIGESTIVE BISCUITS,476,1991,7,58,15,24,,0.55,,
BRITANNIA GOOD DAY CASHEW COOKIES X 24 PIECES,514,2154,5.882,67.647,22.059,23.529,0,0,Cookies,Solid
BRITANNIA GOOD DAY CHOCO CHIP COOKIES,493,2062,5,71,30,21,,,Cookies,Solid
BRITANNIA GOOD DAY CHOCOCHIP COOKIES,165,690.36,2,23,10,7,,0.131,Cookie,Solid
BRITANNIA GOOD DAY CHOCOCHIP COOKIES X 24 PIECES,500,2092,6.061,69.697,30.303,21.212,0,0,Cookies,Solid
BRITANNIA GOOD DAY CHOCOLATE CHIP COOKIES,461,1928.82,5,68,32,18,,,Cookies,Solid
BRITANNIA GOOD DAY PISTA ALMOND COOKIES,500,2092,8.82,64.71,23.53,23.53,,0.00031,Cookies,Solid
BRITANNIA LITTLE HEART BISCUITS,488,2041.79,7,70,24.5,20,,,Biscuit,Solid
BRITANNIA PURE MAGIC CHOCOLUSH BISCUITS,528,2209.15,5,64,34,28,,,Biscuit,Solid
BRITANNIA TOASTEA MILK RUSK TOAST,473,1979.03,9,73.7,22,15.8,,,Toast,Solid
BRITANNIA TOASTEA SUJI RUSK TOAST,433,1811.67,9,80,23,8.3,,,Toast,Solid
BRITANNIA TOASTEA WHEAT RUSK TOAST,135,564.84,2,25,8.5,,1,0.065,Toast,Solid
BROOKSIDE SUPERFINE GHEE,6421.43,3885.14,,,,712.857,,,Ghee,Puree
BROWNS ONION JAM,,,,,,,,,,
BUBBLE UP BITTER LEMON,,,,,,,,,Lemon Drink,Liquid
BUBBLE UP TONIC WATER,,,,,,,,,,
BULLA REGIA EXTRA VIRGIN OLIVE OIL,900,3700,,,,100,,,Oil,Liquid
BULLA REGIA OLIVE OIL,,,,,,,,,Oil,Liquid
BUTTERFLY ATTA MARK 1 WHEAT FLOUR RED,340,1422,13,72,,,11,,Wheat Flour,Powder
BUTTERFLY BLACK GRAM SPLIT,,,,,,,,,,
BUTTERFLY BLACK GRAM URAD DAL,,,,,,,,,,
BUTTERFLY COW PEAS RED CHORA,355,1485.32,21,62,,2,,,Cow Peas Red Chora,Solid
BUTTERFLY CRACKED WHEAT,,,,,,,,,,
BUTTERFLY FLOUR ATTA RED,340,1422,13,72,,,11,,Wheat Flour,Powder
BUTTERFLY GOLD BASMATI RICE,348,1456,8.2,78,,0.5,1.8,0.00075,Rice,Solid
BUTTERFLY GRAINS POLISHED GREEN GRAMS,,,,,,,,,,
BUTTERFLY GRAINS POPCORN KERNELS,,,,,,,,,,
BUTTERFLY GRAINS YELLOW GRAM CHANADAL,,,,,,,,,,
BUTTERFLY GRAM FLOUR,,,,,,,,,,
BUTTERFLY GREEN GRAM MUNGDAL,,,,,,,,,,
BUTTERFLY GREEN GRAM POLISHED,,,,,,,,,,
BUTTERFLY GREEN LENTILS,355.556,1486.67,24.4444,64.4444,2.22222,,11.1111,,Green Lentils,Solid
BUTTERFLY LENTILS BLACK GRAMS WASHED URAD DAL,,,,,,,,,,
BUTTERFLY LENTILS GREEN GRAMS WASHED MUNG DAL,,,,,,,,,,
BUTTERFLY LENTILS OILY TOOR DAL,342.857,1434.29,22.8571,62.8571,2.85714,1.42857,17.1429,0.0857143,Oily Toor Dal,Solid
BUTTERFLY LENTILS SPLIT MUNG DAL,,,,,,,,,,
BUTTERFLY LENTILS YELLOW GRAM SPLIT AND PEELED CHANADAL,,,,,,,,,,
BUTTERFLY LONG GRAIN KENYA PISHORI RICE,333.333,133.333,8.66667,,,0.444444,0.444444,,Pishori Rice,Solid
BUTTERFLY MUNGDAL OILY G/GRAMS,,,,,,,,,,
BUTTERFLY NYOTA BEANS,,,,,,,,,,solid
BUTTERFLY PIGEON PEAS WASHED TOOR DAL,342.857,1434.29,22.8571,62.8571,2.85714,1.42857,17.1429,0.0857143,Toor Dal,Solid
BUTTERFLY POPCORN KERNELS,,,,,,,,,,
BUTTERFLY PREMIUM BASMATI RICE,350,1464,8.8,78,,,1.8,0.0017,Rice,Solid
BUTTERFLY PREMIUM SPAGHETTI PASTA X OF,71,,367,100,,,,,Food,
BUTTERFLY PULSES BROWN ROSECOCO BEANS,362,1514,18,63,5,1,,0.02,Rosecoco Beans,Solid
BUTTERFLY PULSES CHICK PEAS,340,1422,11,73,2,0.4,8,,Chick Peas,Solid
BUTTERFLY PULSES DRIED GREEN PEAS,442,1849,19,60,5,13,,0.621,Dried Green Peas,Solid
BUTTERFLY PULSES GREEN LENTILS,355.556,1486.67,24.4444,64.4444,2.22222,,11.1111,,Green Lentils,Solid
BUTTERFLY PULSES KENYAN KIDNEY BEANS,333,1393,24,60,2.2,0.8,25,0.024,Kidney Beans,Solid
BUTTERFLY PULSES KENYAN KIDNEY NYAYO BEANS,,,,,,,,,,
BUTTERFLY PULSES LIMA BUTTER BEANS,35,155,1.4,7.3,2.45,0.2,3,,Butter Beans,Solid
BUTTERFLY PULSES NJAHI BLACK BEANS,341,1426,22,62,2.1,1.4,16,0.005,Black Beans,Solid
BUTTERFLY PULSES PINTO BEANS,347,1451,21,63,2.1,1.2,16,0.012,Pinto Bean,Solid
BUTTERFLY PULSES RED HARICOT BEANS,337,1410,22,60,3.88,1.5,24,0.005,Haricot Beans,Solid
BUTTERFLY PULSES RED KIDNEY BEANS,346,1447,22,60,,1.3,4.8,,Kidney Beans,Solid
BUTTERFLY PULSES WHITE COW PEAS (CHORA/BLACK EYED BEANS),366,1531,24,60,,1.3,,,Cow Peas,Solid
BUTTERFLY PULSES YELLOW KIDNEY BEANS,333,1393,24,60,2.2,0.8,25,0.024,Kidney Beans,Solid
BUTTERFLY RED LENTIL FOOTBALL,,,,,,,,,,solid
BUTTERFLY RED LENTIL MASOOR DAL,333.333,1392.31,25.641,58.9744,,2.5641,10.2564,,Masoor Dal,Solid
BUTTERFLY RICE - LONG GRAIN,348,1456.03,6.66667,74.6667,0,0,1.33333,0,Rice,Solid
BUTTERFLY RICE BASMATI PREMIUM,375,1569,8,79,,0,0,0,Rice,Solid
BUTTERFLY RICE KENYAN PISHORI,349,1460.22,8,77,,0,0,0,Rice,Solid
BUTTERFLY SEMOLINA,340,1422.56,9,75,,3,,0.005,Semolina,Solid
BUTTERFLY SPAGHETTI PASTA,73,,345,100,,,,,Food,
BUTTERFLY STANDARD SPAGHETTI,354,1481.14,11,73,3,1,2,0.001,Spaghetti,Solid
BUTTERFLY STANDARD SPAGHETTI PASTA,358,1497.87,10,75,2,1,2,,Spaghetti Pasta,Solid
BUTTERFLY TOOR DAL WASHED,318,1330.51,24,56,0,1,4,0,Toor Dal,Solid
BUTTERFLY VERMICELLI PASTA,73,,351,100,,0.003,,,Food,
BUTTERFLY WASHED TOOR DAL,342.857,1434.29,22.8571,62.8571,2.85714,1.42857,17.1429,0.0857143,Toor Dal,Solid
BUTTERFLY WHOLE RED LENTILS,,,,,,,,,,
C R FOOD CRUNCH MIX CHIKKI,532,2226,16.83,46.81,36.13,30.81,5.9,0.033,Chikki,Solid
C&R HOME MADE CASHEW-NUT COOKIES,,,,,,,,,Cookies,Solid
C&R HOME MADE JAM COCONUT COOKIES,,,,,,,,,Cookies,Solid
C&R HOME MADE OATS COOKIES,,,,,,,,,Cookies,Solid
C&R WOTS TIKHA GATHIA,533.333,2230,20,46.6667,6.66667,30,10,1.2,Tikha Gathia,Solid
CACHET CARAMEL AND SEA SALT CHOCOLATE,527,2205,5.6,60,59,29,,,Chocolate,Solid
CACHET COSTA RICA 71 EXTRA DARK CHOCOLATE,543,2247,7.9,33.4,28.2,41,11,,Dark Chocolate,Solid
CACHET DARK 57 PEARALMOND,523,2188,7.3,40,35,35,0,0,Dark Chocolate Bar,Solid
CACHET EXTRA DARK 85 CHOCOLATE,587,2456,10,16,11,50,0,0,Extra Dark Chocolate Bar,Solid
CACHET EXTRA DARK PERU,553,2315,6.8,39,35,39,0,0,Extra Dark Chocolate Bar,Solid
CACHET EXTREMELY 90 COCOA DARK CHOCOLATE BAR,613,2565,9.7,12,7.9,54,0,0,Chocolate Bar,Solid
CACHET ORANGE AND ALMONDS 57% COCOA DARK CHOCOLATE,527,2205,6.8,43,39,34,,,Dark Chocolate,Solid
CACHET SEA SALT 70 COCOA EXTRA DARK CHOCOLATE BAR,,,,,,,,,Dark Chocolate Bar,Solid
CACHET TANZANIA 72 COCOA EXTRA DARK CHOCOLATE BAR,580,2427,7.5,29,25,45,,,Dark Chocolate Bar,Solid
CACHET UGANDA 80 EXTRA DARK CHOCOLATE,589,2438,8.6,20,19,48,,,Dark Chocolate,Solid
CADBURY BOOST,,,,,,,,,,
CADBURY BOURNVILLE CLASSIC DARK CHOCOLATE,524,2195,3.6,59,56.5,29,5.2,0.003,Dark Chocolate,Solid
CADBURY BOURNVILLE MINT,,,,,,,,,,
CADBURY BOURNVILLE ORANGE,,,,,,,,,,
CADBURY CHOCOLATE PS ORIGINAL,1040,2165,5.4,62,52,25,2.7,0.08,Chocolate,Solid
CADBURY CREAMY WHITE WITH SHORTCAKE DREAMY BISCUIT,586,2240,5.8,60.5,55,30,0.5,0.163,Biscuit,Solid
CADBURY CRUNCHIE B DAIRY MILK,,,,,,,,,,
CADBURY CURLY WURLY CHOCOLATE BAR,454,1905,2.1,71,50,18,0.7,,Chocolate Bar,Solid
CADBURY CURLY WURLY SQUIRLIE,,,,,,,,,,
CADBURY DAIM CHOCO BARS,,,,,,,,,,
CADBURY DAIRY MILK ASTROS CHOCOLATE,,,,,,,,,,
CADBURY DAIRY MILK BISCUIT CHOCOLATE BAR,0.51,2140,,60,50.5,26.5,2.4,0.122,Chocolate Bar,Solid
CADBURY DAIRY MILK BUBBLY MILK CHOCOLATE BAR,524,2195,7.7,58,56,29,2.4,0.081,Chocolate Bar,Solid
CADBURY DAIRY MILK BUTTON CHOCO,,,,,,,,,,
CADBURY DAIRY MILK CARAM CHOCOLATE,,,,,,,,,,
CADBURY DAIRY MILK CASHEW AND COCONUT CHOCOLATE,487,2040,7,50,49,28.5,3.4,0.074,Cashew And Coconut Chocolate,Solid
CADBURY DAIRY MILK CHOCOLATE,518,2167.31,7.7,61,46,27,0.4,0.142,Chocolate,Solid
CADBURY DAIRY MILK CHOCOLATE BAR,,,,,,,,,,Solid
CADBURY DAIRY MILK FRUIT AND NUT CHOCOLATE,516,2158,7.3,59.7,54,28.4,,0.074,Fruit And Nut Chocolate,Solid
CADBURY DAIRY MILK FRUIT NUT,,,,,,,,,,
CADBURY DAIRY MILK HAZELNUT,,,,,,,,,,
CADBURY DAIRY MILK MARVELLOUS CREATIONS JELLY POPPING CANDY CHOCOLATE BAR,,,,,,,,,,Solid
CADBURY DAIRY MILK MINI EGG,,,,,,,,,,Solid
CADBURY DAIRY MILK OREO CHOCOLATE BAR,560,2330,6,53.5,48.5,35,0.8,,Chocolate Bar,Solid
CADBURY DAIRY MILK RUM AND RAISIN CHOCOLATE,597,2500,6.7,62,61,22,2.9,0.071,Rum And Raisin Chocolate,Solid
CADBURY DAIRY MILK TOP DECK CHOCOLATE,320,1145,6.9,58,58,29,1.7,0.101,Top Deck Chocolate,Solid
CADBURY DAIRY MILK TOP DECK WITH MINT CHOCOLATE,501,2205,6.9,59,58,7.3,0.4,0.025,Top Deck With Mint Chocolate,Solid
CADBURY DAIRY MILK WHOLE NUT CHOCOLATE BAR,536,2245,8.7,52,51,32,,,Chocolate Bar,Solid
CADBURY DAIRYMILK BLACK FOREST,,,,,,,,,,Solid
CADBURY DAIRYMILK ROAST ALMOND,,,,,,,,,,Solid
CADBURY DIAM MINI EGG BAR,,,,,,,,,,
CADBURY DREAM LUNCH BAR MILK PEANUTS CHOCOLATE BAR,505,2115,6.7,59.5,46,26.5,1.3,0.121,Chocolate Bar,Solid
CADBURY DREAM WHITE CHOCOLATE,217,908,5.6,59.5,59.5,32,0.3,0.128,White Chocolate,Solid
CADBURY DRINKING CHOCOLATE POWDER,402,1697,6.3,76,73,5.6,9.3,0.6,Chocolate Powder,Powder
CADBURY FLAKE MILK CHOCOLATE,521,2179,7.4,60,59,27,2.4,,Milk Chocolate,Solid
CADBURY FREDDO,,,,,,,,,,
CADBURY FREDDO CARAMEL,,,,,,,,,,
CADBURY FRY'S TURKISH DELIGHT,,,,,,,,,,
CADBURY HEROES CHOCOLATE,439,2049,4.5,65,57,23,1.5,,Chocolate,Solid
CADBURY MORO NC CHOLATE BAR,,,,,,,,,,
CADBURY NOUGAT HAZELNUT & CARAMEL,,,,,,,,,,
CADBURY NOUGAT SALTED CARAMEL,,,,,,,,,,
CADBURY P S CARAMILK CHOCOLATE BAR,524,2195,4.7,66,56.5,26,0.7,0.127,Chocolate Bar,Solid
CADBURY SINGLE CREME EGG,1860,442.5,0.25,72.5,66.25,15.25,0.25,,chocolate,solid
CADBURY TWIRL CHOCOLATE BAR,535,2237,7.3,57,56,30,2.5,,Chocolate Bar,Solid
CADBURY WHITE CRSSME EGG SINGLE,,,,,,,,,,
CADBURY WISPA,,,,,,,,,,
CAFFE DEL DUCA ESPRESSO ROASTED COFFEE,2,8.36,,,,,,0.004,Coffee,Solid
CANDY CASTLE CREW NEON YO YO SPINNER FRUIT STAR CANDY,3283.33,13733.3,,808.333,808.333,,,,Star Candy,Solid
CANDY CASTLE CREW ROSE TRIPLE DIPPER CANDY,379,1583,,95,93,,,,Candy,Solid
CANDY CASTLE CREW ROSE UNICORN TWIST N DIP STRAWBERRY LOLLIPOP,,,,,,,,,,
CANDY KE BUTTER PREM TOFFEE,,,,,,,,,,
CANDY KE SPOP MANGO XXL 50PC,,,,,,,,,,
CANDY KENYA AFRICA MINT,334,1397,0.2,16,9.7,1.2,1,0,Candy,Solid
CANDY KENYA BUTTER CANDY MILK SMKT,235,982,,87,3,0.2,,,Food,
CANDY KENYA BUTTER PRM TOFFEE,,,,,,,,,,
CANDY KENYA BUTTER SCOTCH,,,,,,,,,Candy,Solid
CANDY KENYA BUTTER SCOTCH CANDY,393.75,1647.45,0,87.5,81.25,3.125,0,0.39375,Candy,Solid
CANDY KENYA ECLAIRS LOLLIPOP 8 PIECES,452,1900,4.2,71,48,17,0,,Lollipop,Solid
CANDY KENYA ECLAIRS PREMIUM TOFFEE 50PC,235,982,,87,3,0.2,,,Food,
CANDY KENYA FULL FILLING BUTTER POPS XXL CANDY 50 PIECES,530,2217.52,7,58,22,29,,,Candy,Solid
CANDY KENYA MILK TOFFEE 80 PIECES,360,1506.24,2,79,49,4,3.4,0.22,Toffee,Solid
CANDY KENYA MILKEES,,,,,,,,,Candy,Solid
CANDY KENYA MILKS CANDY,535,2238.44,7.65,59.4,51.5,29.66,3.4,0.079,Candy,Solid
CANDY KENYA MILKYOGURT TOFFEE 80 PIECES,105,440,5.7,11.6,10.7,4.3,,,Toffee,Solid
CANDY KENYA MONSTER POPS XXL,,,,,,,,,Lollipops,Solid
CANDY KENYA ORANGE PLUS,,,,,,,,,Candy,Solid
CANDY KENYA SWEETY SWEETY LOLLIPOP 8 PIECES,147,615,0,39,25.16,0.08,0,,Lollipop,Solid
CANDY KENYA TROPICAL FRUIT CANDY,196,828,0,43.9,43.5,2.1,,,Fruit Candy,Solid
CANDY LAND ECLAIRS TOFFEE,458,1921,3.6,68.5,43.3,19.4,,,Eclairs Toffee,Solid
CANDYLAND CHILLI MILLI CANDY,,,,,,,,,Candy,Solid
CANDYLAND G JELLIES SOUR COLA,,,,,,,,,,
CANDYLAND SUPER TWISTER MARSHMALLOW CANDY STICKS,498,2093,4,96.8,51,,,0.0008,Candy Sticks,Solid
CAPILANO MANUKA AUSTRALIAN FLORAL HONEY,338.43,1416,0.3,83.1,82.5,,,0.015,Honey,Paste
CAPILANO PURE AUSTRALIAN HONEY,338.43,1416,0.3,83.1,82.5,,,0.015,Honey,Paste
CAPILANO PURE HONEY,338,1416,0.3,83.1,82.5,0,,0.015,Honey,Paste
CAPILANO PURE YELLOW HONEY SQUEEZE,,,,,,,,,,
CAPTAIN COOK PURE CORN OIL,122,510,,13,,13,,,Pure Corn Oil,Liquid
CAROLINE CHOCOLATE CUPCAKES MIX,55.2743,231.266,0.421941,12.2363,,0.421941,,,Cupcakes Mix,Powder
CAROLINE CHOCOLATE FUDGE CAKE MIX,366.667,1534.13,5.55556,86.6667,51.1111,1.11111,,,Cupcake Mix,Powder
CAROLINE DOUGHNUTS MIX,394,1648.5,7,77,24,6,0,0.56,Doughnuts Mix,Powder
CAROLINE GINGERBREAD COOKIES MIX,356.954,1493.49,6.84327,81.8985,35.9823,,,,Cookies Mix,Powder
CAROLINE GLUTEN FREE PANCAKES & WAFFLES MIX,130,543.92,2,24,4,2,2,0.25,Cassava Flour Pancakes And Waffles Mix,Powder
CAROLINE MOIST CARROT CAKE MIX,205,857.72,3,29,17,8,1,0.3,Cake Mix,Powder
CAROLINE PIZZA CRUST MIX,160,669.44,5,33,2,1,1,0.2,Pizza Crust Mix,Powder
CAROLINE RED VELVET CAKE MIX,200,836.8,2,40,18,5,1,,Cake Mix,Powder
CAROLINE SPICY CAKE MIX,395.349,1654.14,2.32558,79.0698,41.8605,9.30233,1.16279,0.813953,Cake Mix,Powder
CAROLINE VANILLA COOKIES MIX,375,1569,16.6667,50,8.33333,25,12.5,0.395833,Cookies Mix,Powder
CAROLINE VANILLA CUPCAKES MIX,140,585.76,2,34,18,,1,,Cupcakes Mix,Powder
CARREFOUR 10 MIN PRECOOKED WHEAT,,,,,,,,,,
CARREFOUR 64% COCOA DESSERT CHOCOLATE BAR,545,2266,9.1,41,36,36,10,,Chocolate Bar,Paste
CARREFOUR APRICOT CEREAL BAR,371,1566,5.3,72,24,5.8,,,Cereal Bar,Solid
CARREFOUR APRICOT FRUIT JAM,48,200.832,1.4,11,9,0.4,2,0.001,Jam,Jelly
CARREFOUR ARABIATA PASTA SAUCE,46,192,1.2,7,5,1,1.3,,Sauce,Paste
CARREFOUR BAKING YEAST,93,390,50,33,,6,,,Baking Yeast,Powder
CARREFOUR BARBECUE SAUCE,121,513,1.1,27,24,0.7,1.2,,Barbecue Sauce,Paste
CARREFOUR BASIL TOMATO COOKING SAUCE,54,228,0.9,8.6,5.5,1.5,1.4,,Cooking Sauce,Paste
CARREFOUR BEEF CHILI CON CARNE READY MEAL,114,476,6.9,12,1.6,3.3,4.1,,Con Carne Ready Meal,Solid
CARREFOUR BIO APRICOT FRUIT JAM,246,1048,0.6,58,58,0.2,1.1,0.00104,Jam,Jelly
CARREFOUR BIO COCONUT CRISPS,,,,,,,,,,
CARREFOUR BIO DARK ALMOND,550,2289,8.1,43,40,36,11,,,
CARREFOUR BIO DARK ORANGE,551,2293,7.1,44,41,36,12,0.008,,
CARREFOUR BIO MILK HAZELNUT CHOCOLATE BAR,565,2351,8.1,41,39,40,4.5,,Chocolate Bar,Solid
CARREFOUR BIO ORGANIC 74 COCOA DARK CHOCOLATE BAR,567,2353,9.6,32,27,42,12,,Chocolate Bar,Solid
CARREFOUR BIO PERU 85%,631,2610,9.1,20,15,55,12,,,
CARREFOUR BISCUITS DUO GLACIER,,,,,,,,,,
CARREFOUR BISCUITS FILLED WITH CHOCOLATE+,,,,,,,,,,
CARREFOUR CHEESE POTATO CHIPS,525,2196.6,9.1,56,2.9,30,4.4,0.287,Potato Chips,Solid
CARREFOUR CHOCOTIZ LENT CHOCO,,,,,,,,,,
CARREFOUR CLASSIC VANILLA SUGAR,,,,,,,,,,
CARREFOUR COFFEE CAPSULE DECAFF,,,,,,,,,,
CARREFOUR CORNEEZ CHILLI CRISPY CORN SNACKS,520,2175.68,3.5,64,4,28,3.6,1.029,Corn Snacks,Solid
CARREFOUR COUSCOUS THIN SEMOULINA,350,1482,12,70,3,1.5,4,0.004,Semolina,Solid
CARREFOUR DARK CHOCOLATE BUTTER BISCUITS,511,2142,6.9,67,36,23,4.3,,Biscuits,Solid
CARREFOUR DESSERT MILK CHOCOLATE BAR,554,2308,6.7,53,52,35,2,,Chocolate Bar,Solid
CARREFOUR EXOTIQUE SALSA SAUCE,,,,,,,,,,
CARREFOUR EXTRA FINE TABLET TASTING MILK CHOCOLATE BAR,570,2374,9.1,49,48,37,2.1,,Chocolate Bar,Solid
CARREFOUR GALETTE COCONUT BISCUITS,479,2011,5.5,69,30,20,2.3,,Biscuit,Solid
CARREFOUR GREEN LENTILS,,,,,,,,,,
CARREFOUR HANDCOOKED CHEESE POTATO CHIPS,213,891.192,3.5,21,1.2,13,1.9,0.1,Potato Chips,Solid
CARREFOUR HANDCOOKED CHILI POTATO CHIPS,214,895.376,3.7,21,1.9,13,1.7,0.234,Potato Chips,Solid
CARREFOUR HANDCOOKED SEA SALT AND CIDER VINEGAR POTATO CHIPS,208,870.272,3.8,21,1.7,12,1.7,0.228,Potato Chips,Solid
CARREFOUR HARD TOFFEE CANDY,,,,,,,,,,
CARREFOUR IODIZED FINE TABLE SALT RED,0,0,0,0,0,0,0,0.0387,Salt,Powder
CARREFOUR JAM PEACH,,,,,,,,,,
CARREFOUR JAM RHUBARB,238,995.792,0.3,59,59,,1.4,,Rhubarb Jam,Paste
CARREFOUR KIDS BISCUITS FILLED WITH VANILLA+,,,,,,,,,,
CARREFOUR M GREEN GRAMS POLISHED,,,,,,,,,,
CARREFOUR M GREEN LENTIS,,,,,,,,,,
CARREFOUR M POPCORN KERNELS,,,,,,,,,,
CARREFOUR M VEGETABLE OIL,884,,0,0,,97,,15.5,,Liquid
CARREFOUR MARSHMALLOWS,332,1412,3.6,79,71,0.5,0,,Marshmallows,Solid
CARREFOUR MILK CHOCO ROCHER,592,,8.2,43.8,,42.7,2.63,,,
CARREFOUR MILK CHOCOLATE BUTTER BISCUITS,506,2123,6.8,69,40,22,2.6,,Biscuits,Solid
CARREFOUR MINERAL WATER,0,0,,,,,,0.01462,Mineral Water,Liquid
CARREFOUR MINERAL WATER 1 LITRE,,,,,,,,,,
CARREFOUR MLOGO PASTA FUSILI,364,1522.9,7,72,,1,3,0,Pasta,Solid
CARREFOUR MLOGO PASTA SPAGHETTI,363,1518.7,12,74,3,1,2,0,Pasta,Solid
CARREFOUR MUSHROOM FOREST TOMATO COOKING SAUCE,71,296,2.1,5.7,4.5,3.6,3.8,0.43,Cooking Sauce,Paste
CARREFOUR NACHO CHEESE TORTILLA CHIPS,481,2012.5,6,70,48,20,47,1.05,Tortilla Chips,Solid
CARREFOUR NATURAL LIGHT VINAIGRETTE SALAD DRESSING,239,982,,2.5,2.5,50,,0.001,Salad Dressing,Liquid
CARREFOUR NYAYO BEANS,,,,,,,,,,
CARREFOUR ORANGE MARMALADE JAM,245,1025.08,0.3,65,60,0.3,0.7,0.037,Jam,Jelly
CARREFOUR PASTA CONCHIGLE RIGATE,339,1418.3,4,78,61,0,0,0,Pasta,Solid
CARREFOUR PASTA DITALI RIGATI,349,1460.2,0,0,0,1,0,0,Pasta,Solid
CARREFOUR PASTA FARFALLE,344,1439.3,12,68,3,2,3,0,Pasta,Solid
CARREFOUR PASTA RISETTI,365,1527.16,13,72,3,2,3,0.005,Pasta,Solid
CARREFOUR PASTA TRIPOLINI,357,1493.6,12,75,1,0,3,0.002,Pasta,Solid
CARREFOUR PASTA VERMICELLI,354,1481.1,13,72,0,1,2,0,Pasta,Solid
CARREFOUR PASTRY FLAN CREAM MIX,387,1643,0.7,94,55,0.8,,,Flan Cream Mix,Powder
CARREFOUR PEACH ACID SWEETS JELLY,53.2,222.5,5.4,14,0.1,0,0.2,0.006,Jelly,Jelly
CARREFOUR PETIT BEURRE BISCUIT,,,,,,,,,,
CARREFOUR POP & CROC POCKET CHOCOLATE,,,,,,,,,,
CARREFOUR POTATO CHIPS HAND COOKED ONION,,,,,,,,,,
CARREFOUR POTATO CRISPS SALTED,,,,,,,,,,
CARREFOUR RASPBERRY JAM,,,,,,,,,,
CARREFOUR READY MEAL BEEF RAVIOLI,87,364.008,4.2,,,,1.8,,Ravioli,Solid
CARREFOUR READY MEAL BOURGUIGNON BEEF,,,,,,,,,,
CARREFOUR READY MEAL CASSOULET,,,,,,,,,,
CARREFOUR RED VINEGAR,89,362,0.01,1.2,1.2,,,5.00E-05,Vinegar,Liquid
CARREFOUR REDCURRANT JELLY,,,,,,,,,,
CARREFOUR ROCHER NOIR,557,2321,,,,36,,,,
CARREFOUR RUSSIAN CIGARETTE BISCUIT,,,,,,,,,,
CARREFOUR SALT AND VINEGAR POTATO CHIPS,532,2225.89,9.1,53,0.5,32,4.2,0.351,Potato Chips,Solid
CARREFOUR SALTED POTATO CHIPS,536,2242.62,8.4,55,0.5,32,4.7,0.394,Potato Chips,Solid
CARREFOUR SELECTION 72 COCOA BEANS DARK CHOCOLATE BAR,539,2241,9,41,36,35,11,,Chocolate Bar,Solid
CARREFOUR SELECTION BBQ SAUCE,,,,,,,,,,
CARREFOUR SELECTION DARK ORANGE CHOCOLATE BAR,538,2239,6.5,43,37,35,8.2,,Chocolate Bar,Solid
CARREFOUR SELECTION MANGO SICHUAN PEPPER DARK CHOCOLATE BAR,520,2169,6,54,47,29,7.2,,Chocolate Bar,Solid
CARREFOUR SELECTION PEAR DARK CHOCOLATE BAR,540,2247,6.9,43,40,37,8.3,,Chocolate Bar,Solid
CARREFOUR SELECTION SALTED CARAMEL,,,,,,,,,,
CARREFOUR SELECTION SWEET CHILI SAUCE,,,,,,,,,,
CARREFOUR SOUR CHERRY JAM,283,1185,0.8,70,50.7,0.1,,,Food,Solid
CARREFOUR SOURCHERRY JAM SUGAR FREE,,,,,,,,,,
CARREFOUR SPICY NACHO TORTILLA CHIPS,489,2045.98,5.8,70,28,21,4.5,0.842,Tortilla Chips,Solid
CARREFOUR STICK AND CHOCOLATE WHITE CHOCOLATE FINGER BISCUITS,525,2195,6.6,61,38,28,1.2,,Biscuits,Solid
CARREFOUR STRAWBERRY JAM,283,1185,2.5,68,53,0.1,,,Food,Solid
CARREFOUR STRAWBERRY JAM SUGAR FREE,,,,,,,,,,
CARREFOUR SUGAR-FREE FRUIT CANDY,,,,,,,,,,
CARREFOUR TOMATO KETCHUP POTATO CHIPS,545,2280.28,8.7,51,2.7,34,3.9,0.396,Potato Chips,Solid
CARREFOUR TOMATO OLIVE COOKING SAUCE,59,249,1.6,7.4,5.7,2.1,,,Cooking Sauce,Paste
CARREFOUR TOMATO PASTE,92,384.928,4.4,18,13,,3.9,0.82,Tomato Paste,Paste
CARREFOUR TOMATO PUREE,34,145,1,5,5,0,,,Tomato Puree,Paste
CARREFOUR TUTTI FRUTTI SOUR CANDY,,,,,,,,,,
CARREFOUR WHITE FLAKES OATS,385,1610,12.4,66,,8.13,4,,Oats,Solid
CARREFOUR WHITE VINEGAR,89,362,0.01,1.2,1.2,,,5.00E-05,Vinegar,Liquid
CARREFOUR XTREM CHOCOLATE HAZELNUT FILLED BISCUITS,493,2065,7,63,38,23,3,,Biscuits,Solid
CARREFOUR YELLOW PLUM JAM,72,2408,1.4,59,59,,1.1,,Jam,Jelly
CARREFOUR ZOO MINI BISCUIT,201,840.984,2.8,27.2,12.8,8.8,0.9,0.1,Biscuit,Solid
CARRS TABLE WATER BITE ORIGINAL,417,1759,10.1,74.7,1.6,7.7,4.2,0.6,Crackers,Solid
CARRS TABLE WATER CRACKED PEPPE,,,,,,,,,Crackers,Solid
CARRS TABLE WATER SESAME BISCUIT,425,1792,10.5,71.5,1.5,9.7,4.7,0.6,Crackers,Solid
CASA DEL DOLCE GLUTEN FREE MOLLY MARSHMALLOW,377,1409,5.8,78,68.9,0.1,0.1,0.0001,Marshmallow,Solid
CASA DEL DOLCE PANNA FRAGOLA BUBBLE GUM,70,292.88,0,17,13,0,0,0.123,Bubble Gum,Solid
CASA DEL DOLCE PLANET GUM,,,,,,,,,,
CASA DEL DOLCE TRINKOLA COLA FLAVOUR CANDY DRINK,47,199,0,10,10,0,,,Candy Drink,Liquid
CAWSTON PRESS APPLE SPRK WTR,,,,,,,,,,
CERES DELIGHT APPLE AND BLACKCURRANT NECTOR JUICE,,,,,,,,,Nector Juice,Liquid
CERES DELIGHT ORANGE JUICE 250M,100,400,1,22,0,0,0,0,Juice,Liquid
CERES HANEPOOT 100 WHITE GRAPE JUICE,,,,,,,,,Juice,Liquid
CERES JUICE CRANBERRY/KIWI 100%,,,,,,,,,Juice,Liquid
CERES JUICE ORANGE 100%,,,,,,,,,Orange Juice,Liquid
CERES SEASON'S TREASURE 100%,,,,,,,,,Juice,Liquid
CHAIN KWO HOISIN SAUCE,,,,,,,,,,
CHAIN KWO MUSHROOM DARK SOYA SAUCE,,,,,,,,,Sauce,Liquid
CHAIN KWO NATURALLY BREWED SOYA SAUCE,,,,,,,,,Sauce,Liquid
CHAIN KWO OYSTER SAUCE,150,448,2.5,23.6,19.1,,,1.8,Oyster Sauce,Paste
CHAIN KWO PURE SESAME OIL,816,3414.14,,0.4,,90.5,,,Sesame Oil,Liquid
CHAIN KWO QUICK COOKING NOODLES,359,1502.06,13,77,0,0,0,0,Noodles,Solid
CHAIN KWO RICE VINEGAR,10,41.8,,,,,,0.0003,Vinegar,Liquid
CHAIN KWO SIRACHA CHILI SAUCE,122,513,1.8,23,18,1.3,,,Sauce,Paste
CHAIN KWO SUPERIOR DARK SOYA SAUCE,,,,,,,,,Sauce,Liquid
CHAIN KWO SUPERIOR LIGHT SOYA SAUCE,,,,,,,,,Sauce,Liquid
CHAIN KWO SWEET AND SOUR SAUCE,191,799,0.5,45.6,33,0.3,,,Sauce,Paste
CHAIN KWO SWEET CHILI SAUCE,230,962.32,0,56,0,0,0,0,Sauce,Paste
CHAIN TWO DARK SOY SAUCE,120,510,1.3,28.6,24.8,0.1,,,Sauce,Paste
CHAMDOR SPARKLING RED GRAPE WINE,,,,,,,,,Wine,Liquid
CHANDAN 5 IN 1 MIX,,,,,,,,,,
CHANDAN ABAJPATI GOLI,,,,,,,,,,
CHANDAN COCKTAIL THUNDER,,,,,,,,,,
CHANDAN FRESH MINT,,,,,,,,,,
CHANDAN FRESH MINT ROSE,,,,,,,,,,
CHANDAN JAMUNVATI,,,,,,,,,,
CHANDAN KACHI KAIRI,,,4.7,83.9,70.6,6,,,,
CHANDAN NATKHAT IMLI,,,4.7,83.9,70.6,6,,,,
CHANDAN PAN DELIGHT,,,4.7,83.9,70.6,6,,,,
CHANDAN PERUVATI,,,,,,,,,,
CHAPA MANDASHI BAKING POWDER,52.1739,218.261,,28.2609,,,,10.6087,Baking Powder,Powder
CHEF KING BALSAMIC VINEGAR,70,292.88,,0.3,0.1,,,,Vinegar,Liquid
CHEF KING BLENDED SESAME OIL,810,3389.04,0,0,0,91,0,0,Oil,Liquid
CHEF KING OYSTER SAUCE,136,569.024,5,29,23,0,0,4.379,Oyster Sauce,Paste
CHEF KING SUPERIOR LIGHT SOYA SAUCE,50,209.2,5,6,,,,6.477,Sauce,Liquid
CHEF KING SWEET CHILLI SAUCE,172,719.648,0.5,42,39,,,,Chilli Sauce,Paste
CHEN KE MING DRIED SPAGHETTI,172.222,720.556,6.66667,35,0,0.555556,1.66667,0.161111,Noodles,Solid
CHESTNUT,190,794.96,5,,,,,,Chestnut,Solid
CHIA ORGANIC PREMIUM SEED BLACK,138,1870,4,12,1,9,11,0.001,Chia Seed,Solid
CHIA ORGANIC WHITE CHIA SEED,138,1870,4,12,1,9,11,0.001,Chia Seed,Solid
CHICKEN TONIGHT SPANISH CHICKEN SAUCE,43,180,1.1,6.9,5.5,0.9,1.3,0,Sauce,Paste
CHIGS CHEESE LIP LICKING POTATO CRISPS,530,2217.5,7,55,,15,3.8,0.0018,Potato Crisps,Solid
CHIGS CHEESE ONION CRISPS,535.135,2239.01,5.40541,48.6486,,32.4324,2.7027,1.35135,Wafer,Solid
CHIGS FUNKY CHILLI LEMON POTATO CRISPS,496,2075.26,8.5,57.7,,27.2,5.2,0.793,Potato Crisps,Solid
CHIGS HOT CHILLI CRISPS,900,3765.6,6.66667,53.3333,,36.6667,,0.933333,Wafer,Solid
CHIGS LEMON CHILLI CRISPS,,,,,,,,,,
CHIGS PLAIN SALTED CRISPS,522,2184.04,4,48,,32,4,,Wafer,Solid
CHIGS TOMATO KETCHUP CRISPS,513.333,2147.79,3.33333,43.3333,,30,6.66667,1,Wafer,Solid
CHIGS TOMATO KETCHUP POTATO CRISPS,533.333,2231.44,3.7037,48.1481,3.7037,29.6296,,0.651852,Potato Crisps,Solid
CHIGS TOMATO POTATO CRISPS,513.333,2147.79,3.33333,43.3333,,30,6.66667,1,Wafer,Solid
CHIGS YUMMY SALT AND VINEGAR POTATO CRISPS,531.111,2222.16,4.44444,48.8889,2.22222,31.1111,4.44444,0.795556,Potato Crisps,Solid
CHIKA CHIKA EXTRA HOT,23.18,96.98,0.96,4.3,2.22,0.24,,,Sauce,Paste
CHIKA CHIKA EXTRA HOT SAUCE,23.18,96.9851,0.96,4.3,2.22,0.24,,,Sauce,Paste
CHIKA CHIKA FIRE ROASTED GARLICKY TWIST SAUCE,23.66,98.9934,0.94,4.57,2.35,0.18,,,Garlicky Twist Sauce,Paste
CHIKA CHIKA GARLIKY TWIST,23.18,96.98,0.96,4.3,2.22,0.24,,,Sauce,Paste
CHIKA CHIKA HOT CHILLI,23.7,99.16,0.94,4.31,2.55,0.23,,,Sauce,Paste
CHIKA CHIKA HOT CHILLI SAUCE,23.07,96.5249,0.94,4.31,2.55,0.23,,,Sauce,Paste
CHIKA CHIKA MANGO CHILLY,23.7,99.16,0.94,4.31,2.55,0.23,,,Sauce,Paste
CHIKA CHIKA MANGO CHILLY SAUCE,23.7,99.16,0.94,4.31,2.55,0.23,,,Sauce,Paste
CHIKA CHIKA MINT CHILLI SAUCE,22.35,93.5124,0.91,4.35,2.31,0.19,,,Sauce,Paste
CHIKA CHIKA SCOTCH BONNET SAUCE,23.79,99.5374,0.98,4.36,2.49,0.27,,,Sauce,Paste
CHIKA CHIKA SWEET CHILLI,23.17,96.94,0.93,4.35,2.19,0.21,,,Sauce,Paste
CHIKA CHIKA SWEET CHILLI SAUCE,23.17,96.9433,0.97,4.35,2.19,0.21,,,Sauce,Paste
CHIKA CHIKA TAMARIND CHILLY,24.1,100.83,0.98,4.55,2.71,0.22,,,Sauce,Paste
CHILLI PILLI GARLIC CHILL SAUCE,,,,,,,,,,
CHILLI PILLI GREEN PILLI SAUCE,,,,,,,,,,
CHILLI PILLI HOT AND SWEET SAUCE,,,,,,,,,,
CHILLI PILLI HOT CHILLI SAUCE,,,,,,,,,,
CHILLI PILLI HOT PILLI SAUCE,,,,,,,,,,
CHINESE CANNED FISH,543.73,2275,25.2,2.2,0,48.9,,,Fish Canned In Black Bean Sauce,Solid
CHOCO PRIMO CHOCOLATE BURST,,,,,,,,,,
CHOCO PRIMO DRINKING CHOCOLATE POWDER,390,1631.76,7.3,82,72,3.57,1.8,,Chocolate Powder,Powder
CHOCO PRIMO RICH DRINKING CHOCOLATE POWDER,12,12,57,100,,,,,Food,
CHOCODATE EXCLUSIVE REAL CARAMEL CHOCOLATE,429.63,1792.59,4.44444,67.4074,,15.5556,,0.162963,Chocolate,Solid
CHOCODATE MILK CHOCOLATE DATES WITH ALMONDS,399,1669.42,5.7,71,37.3,10.4,3.8,0.02,Dates With Almonds,Solid
CHUANG YI PAI SPICY DRIED CUTTLEFISH,133,556.47,13,19,0,1,0,0.455,Dried Cuttlefish,Solid
CHUANGYI ORIGINAL DRIED SHREDDED SQUID,300,1255.2,33.3333,36.6667,33.3333,0,0,1.8,Shredded Squid,Solid
CHUPA CHUPS BIG BABOL STRAWBERRY SOFT BUBBLE GUM (6 PIECES),309,1313,0,77.1,59.6,0,,0,Bubble Gum,Solid
CHUPA CHUPS SOUR BITES MIXED FRUIT JELLY CANDY,104,362,0.8,24,17,0.5,0,0.05,Jelly Candy,Solid
CHUPA CHUPS SOUR BITES MIXED FRUIT SOUR CANDY BELT,104,362,0.8,24,17,0.5,0,0.05,Sour Candy Belt,Solid
CHUPA CHUPS SOUR LOLLIPOS,,,,,,,,,,
CHUPA CHUPS SOUR MINI TUBES GUMMIES,362,1514.61,1.5,84.1,40,1.85,0.5,0.04,Gummies,Solid
CHUPA CHUPS SOUR TUBES,,,,,,,,,,
CHUPA CHUPS STRAWBERRY LOVE LOLLIPOP,385,1636,0,94,82,0.3,,,Lollipop,Solid
CHUPA CHUPS STRAWBERRY MELODY POPS LOLLIPOP,386,1615.02,0,94,76,0,0,0.008,Lollipop,Solid
CIL AROMATIC LONG GRAIN SINDANO FRAGRANT RICE,65,,329,100,0.12,,,,Food,
CIL LONG GRAIN BLENDED RICE,360,1486.67,6.66667,77.7778,2.22222,,,,Blended Rice,Solid
CIL LONG GRAIN BLENDED WHITE RICE,35,,160,45,1,,,,Food,
CIL PISHORI BROWN RICE,23,0.4,111,100,1.8,0.005,,,Food,
CIL RICE PISHORI,77.7,0.5,351,100,1,,,,Food,
CIRIO NAPOLETANA PASTA SAUCE,64,267.76,1.6,9.6,5.6,2.4,1.6,0.416,Sauce,Paste
CIRIO PASSATA RUSTICA CRUSHED TOMATOES,32,133.8,1,5,4,,1,0.02,Crushed Tomatoes,Paste
CIRIO PASTA SAUCE ARRABBIATA,69,289,1.4,10.1,5.4,2.1,0.9,,Pasta Sauce,Paste
CIRIO PESTO SAUCE PREMIUM,411,1696,4.1,6.4,1.9,41,,,Pasta Sauce,Paste
CIRIO PIZZA SAUCE,57,237,1.6,6.3,6.3,2.3,2.5,0.36,Sauce,Paste
CKL CANDY KENYA LONDON PREMIUM TOFFEE 50 PIECES,,,,,,,,,Toffee,Solid
CKL CANDY KENYA OLD ENGLISH TOFFEE 80 PIECES,527.778,2208.22,8.33333,61.1111,58.3333,30.5556,1.38889,0.152778,Old English Toffee,Solid
CKL CANDY KENYA ORANGE TWIST CANDY 80 PIECES,385,1610.84,0.75,95,,0.15,5.1,0.001,Orange Twist Candy,Solid
CKL KENYA CANDY SWEETY SWEETY LOLLIPOP 50 PIECES,147,615,,39,25.16,0.08,,,Lollipop,Solid
CKL KENYA MINT TWIST CANDY 80 PIECES,60,251,0.1,14,12,1.1,0,0,Candy,Solid
CKL KENYA PAN MASALA CANDY 80 PIECES,402,1681.96,1.18,95,95,1.55,0,0.172,Candy,Solid
CKL KENYA SWEETY LOLLIPOPS XXL X 50 PIECES,147,615,0,39,25.16,0.08,0,0,Lollipops,Solid
CKL MINT TWIST WHITE CANDY 80 PIECES,,,,,,,,,Candy,Solid
CKL PIPI BUTTER CANDY,535,2238.44,8,59,52,30,3.4,0.079,Candy,Solid
CLOVERS BICARBONATE SODA,,,,,,,,,Soda,Powder
CLOVERS BLACK FOOD COLOUR POWDER,0,0,,,,,,,Food Colour Powder,Powder
CLOVERS BRIGHT GOLDEN FOOD COLOUR POWDER,0,0,0,0,0,0,0,0,Food Colour Powder,Powder
CLOVERS CASTER SUGAR,400,1673.6,,100,100,,,,Caster Sugar,Solid
CLOVERS CHILLI SAUCE,100,418.4,1,30,,,,,Sauce,Paste
CLOVERS CHOCOLATE DRINKING POWDER,362,1514.61,6.95,82.22,,3.67,,,Drinking Powder,Powder
CLOVERS CHOCOLATE ESSENCE,344.828,1441.38,79.3103,6.89655,,,3.44828,0.62069,Essence,Liquid
CLOVERS CLEAR VANILLA ESSENCE,,,,,,,,,Essence,Liquid
CLOVERS COCOA POWDER,228,953.952,20,58,1.8,14,33,0.021,Powder,Powder
CLOVERS CORDIAL LIME JUICE,,,,,,,,,Lime Juice,Liquid
CLOVERS CORN FLOUR,357.2,1493,0.88,88.42,,0.01,,1.40E-05,Corn Flour,Powder
CLOVERS DOUBLE ACTION BAKING POWDER,,,,,,,,,Baking Powder,Powder
CLOVERS DOUBLE CONCENTRATED TOMATO PASTE,,,,,,,,,Tomato Paste,Paste
CLOVERS DRINKING CHOCOLATE POWDER,362,1514,6.95,82.22,,3.67,,,Chocolate Powder,Powder
CLOVERS EXTRA FINE ICING SUGAR,400,1700,,100,100,,,,Icing Sugar,Powder
CLOVERS FOOD COLOUR POWDER BRIGHT RED,295,1234,20,46,,11,,,Food Colour,Powder
CLOVERS FOOD COLOUR POWDER EGG YELLOW,268,1121,,66,47,,,,Food Colour,Powder
CLOVERS FOOD COLOUR POWDER PINK,380,1586.67,80,6.66667,,,,,Food Colour,Powder
CLOVERS FOOD COLOUR STRAWBERRY RED,,,,,,,,,Food Colour,Powder
CLOVERS GRAVY BROWNING,53,222,3.75,4.81,0.21,2.36,0.4,,Gravy Browning,Liquid
CLOVERS HOT SWEET SAUCE,154,644.336,0.5,38,37.4,0,1,1.0207,Sauce,Paste
CLOVERS ICING SUGAR,389,1627.58,0,100,98,0,0,0.002,Icing Sugar,Solid
CLOVERS JELLY CRYSTAL LEMON DESSERT MIX,97,405.848,2,21,,,,0.011,Dessert Mix,Powder
CLOVERS JELLY CRYSTAL ORANGE DESSERT MIX,80,334.72,2,19,19,,,0.08,Dessert Mix,Powder
CLOVERS JELLY CRYSTAL PINEAPPLE DESSERT MIX,95,397.48,,23,22,,,,Dessert Mix,Powder
CLOVERS JELLY CRYSTAL STRAWBERRY DESSERT MIX,80,334.72,,20,20,,,0.02,Dessert Mix,Powder
CLOVERS MAROON FOOD COLOUR POWDER,0,0,,,,,,,Food Colour Powder,Powder
CLOVERS MOLASSES BROWN SUGAR,380,1589.92,,90,90,,,,Brown Sugar,Solid
CLOVERS ORANGE ESSENCE,250,1045,2.5,65,37.5,,7.5,,Essence,Liquid
CLOVERS PINEAPPLE ESSENCE,100,140,,20,10,,,,Essence,Liquid
CLOVERS PURE GLUCOSE,360,1506.24,0,90,0,0,,,Glucose,Powder
CLOVERS PURE GLUCOSE INSTANT ENERGY DRINK POWDER,370,1550,1,91,90,,,0.01,Instant Energy Drink Powder,Powder
CLOVERS PURPLE FOOD COLOUR POWDER,0,0,,,,,,,Food Colour Powder,Powder
CLOVERS RASPBERRY ESSENCE,1,4,,,,,,,Essence,Liquid
CLOVERS ROSE SHERBET SYRUP,308,1288.67,,98,,,,,Syrup,Liquid
CLOVERS STRAWBERRY ESSENCE,1,,,,,,,,,41kJ
CLOVERS TOMATO KETCHUP,,,,,,,,,,
CLOVERS TOMATO PASTE,,,,,,,,,,
CLOVERS TOMATO PASTE IN TIN,,,,,,,,,Tomato Sauce,Paste
CLOVERS TOMATO SAUCE,20,83.68,0.2,5,4.8,0.2,0.1,0.136,Sauce,Paste
CLOVERS VANILLA ESSENCE,,,,,,,,,Essence,Liquid
CLOVERS WHITE VINEGAR,,,,,,,,,White Vinegar,Liquid
CLOWN BIG POP FRUIT FLAVOURED LOLLIPOP XXL 50 PIECES,387,96.7,,60.5,,,,,Lollipop,Solid
CLOWN CANDY KENYA BIG BOLL XXL FRUIT LOLLIPOPS 50 PIECES,388,1648,1.3,96,83,7,,0.07,Lollipops,Solid
CLOWN CANDY KENYA C K L TOFFEE 80 PIECES,560,2343.04,,65,63,33,0,0.135,Toffee,Solid
CLOWN CANDY KENYA CHOCOBAR TOFFEE 80 PIECES,,,,,,,,,Toffee,Solid
CLOWN CANDY KENYA FRUIT TWIST CANDY 80 PIECES,402.51,1684.1,0.18,95.96,95.96,1.55,0,0.17279,Candy,Solid
CLOWN CANDY KENYA FRUIT YOGHURT TOFFEE 80 PIECES,58,242.672,4,9,8,,,0.18,Toffee,Solid
CLOWN CANDY KENYA MILKEES MILK LOLLIPOP 50 PIECES,344,1439.3,,86,73,,,,Lollipop,Solid
CLOWN CANDY KENYA MILKY MILK LOLLIPOP 50 PIECES,454,1899.54,1.3,96,62,7,,,Lollipop,Solid
CLOWN CANDY KENYA MINT PLUS CANDY,300,1258.33,0,75,58.3333,8.33333,0,0.0333333,Candy,Solid
CLOWN KENYA MR PAINTER LOLLIPOPS 50 PIECES,560,2343.04,0,65,63,33,0,0.135,Lollipops,Solid
CLOWN KENYA MR PAINTER LOLLIPOPS XXL X 50 PIECES,560,2343.04,0,65,63,33,0,0.135,Lollipops,Solid
CLOWN KENYA PIPI MIZIWA CANDY 80 PIECES,384,1606.66,0,95.71,75.9,0.01,0,0.027,Candy,Solid
CLUB APPLE JUICE,,,,,,,,,Apple Juice,Liquid
CLUB BLACKCURRANT SODA,,,,,,,,,Soda,Liquid
CLUB COLA DRINK,42,175,,10,10,,,0,Drink,Liquid
CLUB COLA SODA,,,,,,,,,Soda,Liquid
CLUB LEMON AND LIME SODA,,,,,,,,,Soda,Liquid
CLUB LEMON LIME DRINK,,,,,,,,,Lime Drink,Liquid
CLUB ORANGE JUICE,,,,,,,,,Orange Juice,Liquid
CLUB ORANGE SODA,58,242,,14,14,,,0,Orange Soda,Liquid
CLUB TANGAWIZI LIME SODA,,,,,,,,,Lime Soda,Liquid
CLUB TANGAWIZI SODA,,,,,,,,,Soda,Liquid
COCA COLA,,,,,,,,,Drink,Liquid
COCA COLA DRINK,,,,,,,,,Drink,Liquid
COCA COLA NO SUGAR DRINK,,,,,,,,,Drink,Liquid
COCA COLA SODA,,,,,,,,,Drink,Liquid
COCA COLA SODA ASSORTED X OF,,,,,,,,,Drink,Liquid
COCA COLA ZERO,,,,,,,,,Drink,Liquid
COCOA BISCUIT WITH COCOA CREAM,25,14,185,39,0,0.094,,,Food,Cocoa
COCOA PRIMO RICH COCOA POWDER,333,1393,6.89,50.9,,11.45,,,Cocoa Powder,Powder
COCON GUMMY MANGO,350,1483.33,1,83.3333,86.6667,0,,,Gummy Candy,Jelly
COCON GUMMY ORANGE,355,1485,1,87.7,77.5,0,,,Gummy Candy,Solid
COCON GUMMY STRAWBERRY,355,1485,1,87.7,77.5,0,,,Gummy Candy,Solid
COCON LYCHEE JELLY,15,62.76,0,3,3,0,0,0,Jelly,Solid
COFFEE BREAK 2 IN 1 SUGAR FREE INSTANT COFFEE MIX,63,263.592,1,7,,3.8,,0.06,Instant Coffee Mix,Powder
COFFEE BREAK 2IN1 INST COFFE12GX12,525,2196.6,,50,,16.6667,,,Coffee Mix,Powder
COFFEE BREAK 3 IN 1 HIGH INSTANT COFFEE MIX,79.3,332,0.5,13.9,8.26,2.9,,2.00E-05,Instant Coffee Mix,Powder
COFFEE BREAK 3 IN 1 INSTANT COFFEE MIX X OF,79.3,332,0.5,13.9,8.26,2.9,,2.00E-05,Instant Coffee Mix,Powder
COFFEE BREAK CAPPUCCINO ORIGINAL INSTANT COFFEE,483.333,2022.27,,72.2222,,11.1111,,,Instant Coffee,Powder
COFFEE BREAK HAZELNUT CAPPUCCINO INSTANT COFFEE MIX,410.811,1718.83,5.40541,70.2703,,5.40541,,,Instant Coffee Mix,Powder
COFFEE BREAK INST CAPU HAZE18.5GX10,410.811,1718.83,5.40541,70.2703,,5.40541,,,Instant Coffee,Powder
COFFEE BREAK INST CAPU MOCH18.5GX10,416.216,1741.45,5.40541,70.2703,,5.40541,,,Instant Coffee,Powder
COFFEE BREAK INST CAPU ORIG18.5X10,483.333,2022.27,,72.2222,,11.1111,,,Instant Coffee,Powder
COFFEE BREAK INST CAPU VAN18.5GX10,392,1640.13,,56,,8,,,Instant Coffee,Powder
COFFEE BREAK INSTANT COFFEE,297,1250,23.2,39.1,0.6,0.2,23.8,83.5,Instant Coffee Mix,Powder
COFFEE BREAK MOCHA CAPPUCCINO INSTANT COFFEE MIX,402.162,1705.24,10.8108,67.5676,,8.10811,,0.313514,Instant Coffee Mix,Powder
COFFEE BREAK VANILLA CAPPUCCINO INSTANT COFFEE MIX,412,1722.16,9.68,77.9,54.9,6.86,0.68,0.381,Instant Coffee Mix,Powder
COFFEE MATE CARAMEL MACHIATO,,,,,,,,,,
COFFEE MATE ORIGINAL FAT FREE,,,,,,,,,,
COFFEE MATE SUGAR FREE CHOCO,,,,,,,,,,
COFFEE MATE SUGAR FREE VANILLA,,,,,,,,,,
COFFEE MATE SUGARFREE HNUT,,,,,,,,,,
COFFEE MATE VANILA CARAMEL SUGAR FREE,,,,,,,,,,
COFFEEMATE CREAMY CHOCOLATE,,,,,,,,,,
COKE ZERO,,,,,,,,,Drink,Liquid
COLFRESH DENTAL BLACK PEPPERMINT CHEWING GUM,170,711.28,,68,,,,,Chewing Gum,Solid
COLFRESH DENTAL BLACK PEPPERMINT GUM,,,,,,,,,Gum,Solid
COLFRESH DENTAL BLACK SPEARMINT GUM,,,,,,,,,Gum,Solid
COLFRESH DENTAL BLACK TUTIFRUTTI MINT,,,,,,,,,,
COLFRESH DENTAL BLACK TUTTIFRUTI MINT,,,,,,,,,,
COLFRESH GUM DENTAL BLACK SPEARMINT,,,,,,,,,,
COLFRESH GUM SPEARMNT SUGARFREE,168,703,0,70,,0,,,Chewing Gum,Solid
COLFRESH GUM STRAWBERY SUGARFREE,,,,,,,,,,
COLFRESH GUM TROPICAL FRUITS,,,,,,,,,,
COLFRESH GUM WHTE MNT SUGARFREE,177,740.568,,71,,,,,Chewing Gum,Solid
COLFRESH GUMS DENTAL BLACK SPEARMINT,,,,,,,,,,
COLFRESH STRAWBERRY GUM,,,,,,,,,Gum,Solid
COLFRESH SUGAR FREE ICEMINT CHEWING GUM,16800,70291.2,,7000,,,,,Chewing Gum,Solid
COLFRESH SUGAR FREE SPEARMINT CHEWING GUM,,,,,,,,,Chewing Gum,Solid
COLFRESH SUGAR FREE WHITE MINT CHEWING GUM,,,,,,,,,Chewing Gum,Solid
COLMANS MIX SAUSAGE CASEROLE,,,,,,,,,,
COLMANS MM SHEPHERDS PIE MIX,,,,,,,,,,
COLMANS MUSTARD POWDER DSF,560,2323,29,12,6.9,42,,,Mustard Powder,Powder
COLMANS REC MIX COTTAGE PIE,,,,,,,,,,
CONFINI CHERRY BERRY DELIGHT SOUR BELTS CANDY,330,1380.72,5,76,63,0,0,0,Belts Candy,Solid
CONFINI CLASSIC BLACK LICORICE PLAIN BELTS CANDY,339,1418.38,4.4,55,62.2,0,0,0,Belts Candy,Solid
CONFINI GRANNY SMITH GREEN APPLE CANDY,,,,,,,,,,
CONFINI LICORICE BLUEBERRY BELTS,,,,,,,,,Blueberry Belts,Solid
CONFINI OLD SKOOL COLA FIZZ CANDY,,,,,,,,,,
CONFINI STRAWBERRY BELTS LICORICE CANDY,360,1506.24,3.33333,75.6667,56.6667,,,,Licorice Candy,Solid
CONFINI SWEET ORANGE BELTS,,,,,,,,,Orange Belts,Solid
CORE LEMON AND LIME BLEND JUICE,144,602,2.3,22.3,14.8,0.3,0.3,0.0012,Juice,Liquid
CORE LEMON JUICE,19.85,41,,4.88,3.2,,,,Juice,Liquid
CORE LEMONADE FRUIT JUICE,48,200.832,,12,11.7,,,,Fruit Juice,Liquid
COTTON CANDY,,,,,,,,,,
CRAZY C F MINI GUM BALL MACHINE,,,,,,,,,,
CRAZY CANDY FACTORY MACHINE MINI JELLY BEAN,384,1632,0,96,65,0,,,Jelly Bean,Jelly
CRAZY CANDY FACTORY SUBMARINE DIP AND LICK CANDY,370,1547,0,91,80,0,0,,Candy,Solid
CRAZY CANDY FACTORY UNICORN LIGHT POP LOLLIPOP,392,1666,0,98,88,0,,,Lollipop,Solid
CRF INSTANT COFFEE,,,,,,,,,,
CRIBAZ SALTED POTATO CHIPS,77,322.168,2,18,1,,,2.9125,Potato Chips,Solid
CRIBAZ TOMATO POTATO CHIPS,600,2510.4,6.66667,46.6667,3.33333,43.3333,,0.7,Potato Chips,Solid
CRUNCH MILK BLOCK,513,2146.39,6.5,62.4,50.4,25.8,,,Chocolate Block,Solid
CRUNCHY PEANUT BUTTER SUGAR FREE,625,2615,30,18,3,49,6,0.025,Peanut Butter,Paste
CRYING THAIGER SRIRACHA HOT CHILLI SAUCE,103,430.952,0.8,22,16,0.7,2.7,,Chilli Sauce,Paste
CUPIDO MINT CHOCOLATE STICKS,519,2171,2.7,62,60,20,,,Chocolate Sticks,Solid
CYPRESSA IN BRINE BLACK PITTED OLIVES,,,,,,,,,,
DAAWAT BASMATI RICE,365,1527,7.1,80,,0.7,1.8,0.00054,Rice,Solid
DAAWAT BLACK BEANS NJAHI,,,,,,,,,,
DAAWAT DELI BASMATI RICE,356,1489.5,8,76,0,1,0,0,Rice,Solid
DAAWAT LENTILS KAMANDE,,,,,,,,,,
DAAWAT LONG GRAIN RICE,129.747,542.405,2.72152,28.481,0.0632911,0.253165,0.379747,0.00101266,Rice,Solid
DAAWAT PARBOILED RICE,347,1451,9,78,,1,,,Rice,Solid
DAAWAT PULSES GREEN GRAMS,,,,,,,,,,
DAAWAT ROYAL BASMATI RICE,348,1456,8.2,78,,0.5,1.8,0.00075,Rice,Solid
DAAWAT SPAGHETTI BLUE LABEL,354,1481.14,11,73,3,1,2,0.001,Spaghetti,Solid
DAAWAT SPAGHETTI BLUE LABEL 2+1,,,,,,,,,,
DAAWAT TRADITIONAL BASMATI RICE,350,1464,8.8,78,,,1.8,0.0017,Rice,Solid
DAAWAT YELLOW BEANS,,,,,,,,,,
DAIRYLAND ALMOND AND RAISIN CHOCOLATE BAR,513,2146.39,10,44.8,41.4,33.6,,0.095,Chocolate Bar,Solid
DAIRYLAND BERRY BLISS CHOCOLATE,,,,,,,,,,
DAIRYLAND CHOCOLATE DESSERT TOPPING SAUCE,,,,,,,,,Sauce,Liquid
DAIRYLAND CHOCOLATE SPREAD,549,2294.82,6.4,52.6,51.6,34.2,2.9,0.05,Spread,Paste
DAIRYLAND DARK COMPOUND CHOCOLATE BAR,565,2363.96,3,50,45,37,,0.049,Chocolate Bar,Solid
DAIRYLAND DARK MILK CHOCOLATE BAR,574,2401.62,6.7,54.6,48.5,36.5,,0.065,Chocolate Bar,Solid
DAIRYLAND DIP A CHOCOLATE DIP BISCUIT SNACK,912.6,3817.6,11.59,111.3,105.63,,,0.05954,Biscuit Snack,
DAIRYLAND DOUBLE CHOCOLATE,,,,,,,,,,
DAIRYLAND DRINKING CHOCOLATE,,,,,,,,,,
DAIRYLAND DRINKING CHOCOLATE JARS,,,,,,,,,,
DAIRYLAND F MINT CHOCOLATE,,,,,,,,,,
DAIRYLAND FILLED MINT CHOCOLATE,,,,,,,,,,
DAIRYLAND HAZELNUT CHOCOLATE BAR,375,1569,22.5,45,27.5,17.5,15,0.2,Chocolate Bar,Solid
DAIRYLAND MILK COMPOUND CHOCOLATE BAR,170,711.28,9,26,26,2,,,Chocolate Bar,Solid
DAIRYLAND MILK WITH COOKIES CHOCOLATE BAR,576.923,2413.85,7.69231,50,38.4615,38.4615,3.84615,0.115385,Chocolate Bar,Solid
DAIRYLAND ORANGE CRUNCH CHOCOLATE,531,2211,6.9,46,44,34,,8.00E-06,Chocolate,Solid
DAIRYLAND ORANGE CRUNCH CHOCOLATE BAR,558,2328,5.6,53.5,51.4,35.3,2.3,,Chocolate Bar,Solid
DAIRYLAND REAL MILK CHOCOLATE,531,2221,3.1,57.3,56,23,,,Milk Chocolate,Solid
DAIRYLAND REAL MILK CHOCOLATE BAR,523,2188.23,8.1,60.5,57.3,28.9,2.1,0.156,Chocolate Bar,Solid
DAIRYLAND REAL WHITE CHOCOLATE,560,2343.04,10,52,50,32,0,0.104,Chocolate,Solid
DAIRYLAND SALTED CARAMEL CHOCOLATE BAR,483,2023,4.8,62,48,24,1.3,,Chocolate Bar,Solid
DAIRYLAND WHITE COMPOUND CHOCOLATE BAR,328,1372.35,1,40,40,40,,0.006,Chocolate Bar,Solid
DAIRYLAND WHITE WITH COOKIES CHOCOLATE BAR,538,2250.99,12,50,48,32,,0.146,Chocolate Bar,Solid
DASANI STILL WATER,,,,,,,,,Water,Liquid
DASH BRITISH LEMON SPARKLING WATER,2,8,0,0.5,0,0,,,Sparkling Water,Liquid
DASH SPARKLING WATER CUCUMBER NAS,0.5,0,2,100,,,0,,Food,Cucumber
DE BRON LESS CALORIES BEARS JELLY,201,841,6.1,73,0,0.2,,,Bears Jelly,Jelly
DE BRON SUGAR FREE CARIBBEAN MIX CANDY,292,213,0.5,83.2,0.2,10,,,Candy,Solid
DE CECCO ALLA ARRABBIATA SAUCE,60,251.04,1.6,6.4,5.6,2.8,1.3,,Arrabbiata Sauce,Paste
DE CECCO ALLA GENOVESE PESTO,,,,,,,,,,
DE CECCO ALLA SICILIANA SAUCE,59,245,1.3,5.2,4.2,3.1,2.6,,Siciliana Sauce,Paste
DE CECCO CLASSIC CREAMY TOMATO PASSATA,31,129,1.5,5.1,4.5,0.1,1.6,,Tomato Passata,Paste
DE CECCO FETTUCCELLE NO 6 PASTA,352,1472.77,14,69.2,3.4,1.5,4.00E-05,,Pasta,Solid
DE CECCO FUSILLI PASTA,351,1468.58,14,69,3,1,,,Pasta,Solid
DE CECCO INTEGRALE LINGUINE PASTA,343,1453,15,61,2.4,2.5,,,Pasta,Solid
DE CECCO LINGUINE PASTA,351,1468.58,14,69,3,1,,,Pasta,Solid
DE CECCO NO.12 SPAGHETTI,351,1468.58,14,69,3.4,1.5,2.9,,Spaghetti,Solid
DE CECCO NO.23 TORTIGLIONI PASTA,358,1497.87,14,72,3,1,,,Pasta,Solid
DE CECCO PASTA ALFABETO,,,,,,,,,,
DE NIGRIS B/WHITE WINE VINEGAR,19,80,,0.2,,,,,Vinegar,Liquid
DE NIGRIS GRAPE RED WINE VINEGAR,19,80,,0.2,,,,,Vinegar,Liquid
DE NIGRIS MODENA BALSAMIC VINEGAR,88,368.19,0.5,17,15,,,0.023,Vinegar,Liquid
DE NIGRIS ORGANIC APPLE CIDER VINEGAR,70,292.88,,0.3,0.1,,,,Vinegar,Liquid
DE NIGRIS ORGANIC RED WINE VINEGAR,3,12.55,,,,,,,Vinegar,Liquid
DE NIGRIS ORGANIC WHITE WINE VINEGAR,,,,,,,,,Wine Vinegar,Liquid
DE NIGRIS ORIGINAL CLASSIC GLAZE BALSAMIC VINEGAR,88,368.19,0.5,17,15,,,0.023,Vinegar,Liquid
DE NIGRIS ROSE SWEET VINEGAR,,,,,,,,,,
DE NIGRIS S BALSAMC GLAZE FIGFL,,,,,,,,,,
DE NIGRIS SPICY BALS GLAZE,,,,,,,,,,
DE NIGRIS WHITE ITALIAN CONDIMENT,,,,,,,,,,
DEBRON CANDY FRUIT-TOFFEE S/FREE,294,1230.1,0.5,83,0.5,10,,,Toffee,Solid
DEBRON CANDY SWT LICORICE S/FRE,239,1002,0.4,85.1,0.3,0.2,,,Candy,Solid
DEE THAI SWEETCHILLI SAUCE,,,,,,,,,,
DEL MONTE CRANBERRY APPLE,,,,,,,,,Juice,Liquid
DEL MONTE JUICE BLEND MANGO,,,,,,,,,Juice,Liquid
DEL MONTE JUICE BLEND MIXED BERRY,,,,,,,,,Juice,Liquid
DEL MONTE JUICE BLEND ORANGE,56,234.304,,13,13,,,,Juice,Liquid
DEL MONTE JUICE BLEND PASSION,,,,,,,,,Juice,Liquid
DEL MONTE JUICE BLEND PINEAPPLE MANGO,52,217.568,,12,4,,,,Juice,Liquid
DEL MONTE ORANGE JUICE,,,,,,,,,Juice,Liquid
DEL MONTE PINEAPPLE AND PASSION BLENDED JUICE,,,,,,,,,Juice,Liquid
DEL MONTE PINEAPPLE BLEND JUICE,,,,,,,,,Juice,Liquid
DEL MONTE PINEAPPLE GOLD JUICE,51,219,0.3,12.1,12.1,,,,Pineapple Juice,Liquid
DEL MONTE PINEAPPLE JUICE,53,242,0.1,13.6,13.3,0.13,0.21,0.00209,Pineapple Juice,Liquid
DEL MONTE PINEAPPLE MANGO,58,2474,0.3,14,14,,,,Fruit Juice,Liquid
DEL MONTE PINEAPPLE ORANGE,47,196.648,0.1,11.9,11.8,,,,Fruit Juice,Liquid
DEL MONTE PINEAPPLE ORANGE JUICE BLEND,,,,,,,,,Juice,Liquid
DEL MONTE PINEAPPLE PASSION,20,83.68,0.1,3,3,,,,Fruit Juice,Liquid
DEL MONTE PURE APPLE JUICE,45,188.28,0.1,11.4,10.8,,,,Apple Juice,Liquid
DEL MONTE TROPICAL BLEND JUICE,,,,,,,,,Juice,Liquid
DEL MONTE TROPICAL FRUIT,57,240,0.2,13.4,13.4,,,,Tropical Juice,Liquid
DEPY'S FRIED PEANUTS,600,2510.4,24,12,,48,,0.832,Fried Peanuts,Solid
DEPY'S NUTS CHEVDA,512,5142,8,55.5,15,28.62,1.3,0.78,Chevda,Solid
DEPY'S SUGAR FREE NUTS CHEVDA,512,5142,8,55.5,,28.62,1.3,0.78,Chevda,Solid
DEPYS CHEESE AND ONION POTATO CRISPS,584,2292.83,4,44,,42,4,,Potato Crisps,Solid
DEPYS CHEESE AND ONION POTATO CRISPS CHIPS,,,,,,,,,Potato Crisps Chips,Solid
DEPYS FOIL TOMATO POTATO CRISPS,300,1255.2,10,30,10,15,5,1.4,Potato Crisps,Solid
DEPYS MATOKE CRISPS,104,435.136,1.11111,26.8889,12.6667,0.222222,2,0.00422222,Crisps,Solid
DEPYS SALT AND VINEGAR POTATO CRISPS,531.111,2222.16,4.44444,48.8889,2.22222,31.1111,4.44444,0.795556,Potato Crisps,Solid
DEPYS SALTED POTATO CRISPS,470,1966.48,6,63,,20,,0.001,Potato Crisps,Solid
DEPYS TOMATO POTATO CRISPS,300,1255.2,10,30,10,15,5,1.4,Potato Crisps,Solid
DESI TREAT ITALIAN SOYA TIKKA,120,,13,11,2,1.5,3,0.26,,
DESI TREAT PERI PERI SOYA TIKKA,120,,13,11,11,1.5,3,0.26,,
DESI TREAT SARSO DA SAAG,,,,,,,,,,
DESIAM CHILLI PINEAPPLE THAI DIPPING SAUCE,180,752,0.2,43.6,41.4,0.4,0.9,,Sauce,Paste
DESIAM THAI GREEN CURRY PASTE,131,550,2.8,9.2,5.3,7.8,7,,Curry Paste,Paste
DESIAM THAI SEASONING OYSTER SAUCE,152,637,4.4,32.9,28,0.1,,,Sauce,Paste
DESIAM YELLOW THAI CURRY PASTE,283,1182,5,15,5.3,21,8.7,,Curry Paste,Paste
DIABLO NAS CH CHIP&CBRY COOKIE,,,,,,,,,,
DIABLO SUGAR FREE STRAWBERRY AND CREAM SWEETS CANDY,292,1222,0.1,86.9,0.5,9.1,,,Candy,Solid
DOCILE CANUDINHO TUTTI FRUTTI CANDY,50,0,344,100,0,0,,,Food,
DOLA CHAPATI FLOUR,333,1393.27,13,73,,1,,,Chapati Flour,Powder
DOLA GOLD SUPERIOR MAIZE FLOUR,370,1548.08,7,79,1.6,1.8,,0.007,Maize Flour,Powder
DOLA MAIZE MEAL,361,1510,7,77,1,4,7.3,0.005,Maize Flour,Powder
DOLA VEGETABLE COOKING OIL,,,,,,,,,Cooking Oil,Liquid
DOMEE EGG NOODLES BROAD,,,,,,,,,,
DONG PO SESAME OIL,884,3698.66,0,0,0,100,0,0,Sesame Oil,Liquid
DORMANS 3-IN-1 IRISH CREAM COFFEE MIX,82,350,15,4.5,,0.5,,,Coffee Mix,Solid
DORMANS 3IN1 IRISH CREAM COFFEE MIX X OF,82,350,15,4.5,,0.5,,,Coffee Mix,Solid
DORMANS AA BLUE MOUNTAIN DRIP COFFEE BAG,,,,,,,,,,
DORMANS AA BLUE MOUNTAIN FINE GROUND COFFEE,,,,,,,,,ground coffee,solid
DORMANS AA BLUE MOUNTAIN KENYA COFFEE BEANS,2.4,10.0416,0.3,0,0,0.1,0,0.0047,Coffee Beans,Solid
DORMANS AA BLUE MOUNTAIN MEDIUM GROUND COFFEE,,,,,,,,,grounded coffee,solid
DORMANS ARABICA DARK FINE GROUND COFFEE,,,,,,,,,Coffee,Powder
DORMANS ARABICA MEDIUM COFFEE BEANS,2.4,10.0416,0.3,0,0,0.1,0,0.0047,Coffee Beans,Solid
DORMANS ARABICA MEDIUM ROAST DARK COFFEE BEANS,0.884956,3.53982,0,0,0,0,0,0.00176991,Coffee Beans,Solid
DORMANS ARABICA RICH AND TRADITIONAL MEDIUM ROAST AND FINE GROUND COFFEE,,,,,,,,,ground coffee,solid
DORMANS ARABICA RICH TRADITIONAL KENYA COFFEE,2,8.36,0.5,0.1,0.1,0.1,0.7,1.00E-05,Coffee,Powder
DORMANS BREAKFAST DARK CHOCOLATE COFFEE BEANS,2.4,10.0416,0.3,0,0,0.1,0,0.0047,Coffee Beans,Solid
DORMANS BREAKFAST DELICATELY BALANCED KENYA COFFEE,,,,,,,,,Coffee,Powder
DORMANS BREAKFAST DELICATELY BALANCED MEDIUM FINE KENYA COFFEE,,,,,,,,,Coffee,Powder
DORMANS BREAKFAST DELICATELY BALANCED MEDIUM GROUND KENYA COFFEE,,,,,,,,,Coffee,Powder
DORMANS BREAKFAST MEDIUM COFFEE BEANS,2.4,10.0416,0.3,0,0,0.1,0,0.0047,Coffee Beans,Solid
DORMANS CLASSIC 3-IN-1 COFFEE MIX,363,1519,22.5,68.2,39.4,,23.8,,Coffee Mix,Solid
DORMANS CLASSIC 3IN 1 INSTANT COFFEE MIX X OF,304,1276,22.6,40.2,0.5,0.5,23.7,0.03655,Instant Coffee Mix,Powder
DORMANS COFFEE HOUSE DRIP COFFEE BAGS,,,,,,,,,,
DORMANS COFFEEHOUSE DARK ROAST FINE GRIND COFFEE,,,,,,,,,Coffee,Powder
DORMANS COFFEEHOUSE DARK/FINE,,,,,,,,,Coffee,Powder
DORMANS COFFEEHOUSE DARK/MED,,,,,,,,,ground coffee,solid
DORMANS COFFEEHOUSE FINE MEDIUM ROAST MEDIUM GRIND COFFEE,,,,,,,,,Coffee,Powder
DORMANS COFFEEHOUSE MED/MED,,,,,,,,,Coffee,Powder
DORMANS COFFEEHOUSE MED/MEDIUM,,,,,,,,,Coffee,Powder
DORMANS CONTINENTAL DARK CHOCOLATEY DARK ROAST MEDIUM GROUND COFFEE,1,4.184,,0.1,,,,,Ground Coffee,Powder
DORMANS CONTINENTAL DARK FINE,2.4,10.0416,,0,0,0,,0.0047,Grounded coffee,solid
DORMANS CREAMER COFFEE STICK X 36 PIECES,82,350,15,4.5,,0.5,,,Coffee Stick,Solid
DORMANS CREAMER STICK X OF,15,62.76,0,1,0,1,0,0,Creamer Stick,Powder
DORMANS DECAF COFFEE CAPSULES X 25 PIECES,2.4,10.0416,0.3,0,0,0,0,0.0047,Coffee capsule,solid
DORMANS DECAF DRIP COFFEE BAGS,,,,,,,,,,
DORMANS DECAF INSTANT COFFEE,50,209.2,5,15,,,,0.2,Instant Coffee,Powder
DORMANS DECAFFEINATED FINE GRIND DARK ROAST COFFEE,2,8,0,0,0,0,0,0.004,ground coffee,solid
DORMANS DECAFFEINATED MEDIUM GRIND DARK ROAST COFFEE,2,8,0,0,0,0,,0.004,ground coffee,solid
DORMANS DECAFFEINATED MEDIUM GROUND DARK COFFEE BEANS,0.884956,3.53982,0,0,0,0,0,0.00176991,Coffee Beans,Solid
DORMANS ESPRESSO CAPSULES 5GX25,2.4,10.0416,0.3,0,0,0.1,0,0.0047,Coffee Capsules,Solid
DORMANS ESPRESSO INTENSE AND BOLD DARK AND MEDIUM KENYA COFFEE,2,8.36,0.5,0.1,0.1,0.1,0.7,1.00E-05,Coffee,Powder
DORMANS ESPRESSO INTENSE AND BOLD DARK ROAST FINE GRIND KENYA COFFEE,,,,,,,,,ground coffee,solid
DORMANS ESPRESSO INTENSE AND BOLD KENYA COFFEE BEANS,2.4,10.0416,0.3,0,0,0.1,0,0.0047,Coffee Beans,Solid
DORMANS FINE INSTANT COFFEE,,,,,,,,,Instant Coffee,Powder
DORMANS FINE INSTANT COFFEE 1.6GX36,297,1250,23.2,39.1,0.6,0.2,23.8,83.5,Instant Coffee Mix,Powder
DORMANS GOURMET KENYA WORLD FINEST COFFEE MEDIUM ROAST MEDIUM GRIND,2,8.36,0.5,0.1,0.1,0.1,0.1,1.00E-05,ground coffee,solid
DORMANS GRANULE INSTANT COFFEE 1.6GX36,297,1250,23.2,39.1,0.6,0.2,23.8,83.5,Instant Coffee Mix,Powder
DORMANS HAVE A OF CHEER MEDIUM ROAST AA KENYA COFFEE BEANS,,,,,,,,,Coffee Beans,Solid
DORMANS HOUSEHOLD BLEND INTENSE AND FRUITY COFFEE BEANS,2.4,10.0416,0.3,0,0,0.1,0,0.0047,Coffee Beans,Solid
DORMANS HOUSEHOLD DRIP COFFEE BAGS,,,,,,,,,,
DORMANS HOUSEHOLD MEDIUM FINE GROUND DARK COFFEE BEANS,0.884956,3.53982,0,0,0,0,0,0.00176991,Coffee Beans,Solid
DORMANS HOUSEHOLD MEDIUM GROUND COFFEE BEANS,0.884956,3.53982,0,0,0,0,0,0.00176991,Coffee Beans,Solid
DORMANS HOUSEHOLD MEDIUM GROUND DARK COFFEE BEANS,0.884956,3.53982,0,0,0,0,0,0.00176991,grounded coffee,solid
DORMANS INSTANT DECAFF COFFEE 1.6GX36,300,1255.2,0,50,0,0,0,0,Instant Coffee Mix,Powder
DORMANS INSTANT FINE,,,,,,,,,,
DORMANS INSTANT GRANULES,,,,,,,,,,
DORMANS KENYA KAHAWA MEDIUM ROAST MEDIUM GRIND COFFEE,,,,,,,,,Coffee,Powder
DORMANS KILIMANJARO COFFEE CAPSULE 5GX25,2.4,10.0416,0.3,0,0,0.1,0,0.0047,Coffee Capsules,Solid
DORMANS KILIMANJARO MEDIUM FINE GROUND DARK COFFEE BEANS,0.884956,3.53982,0,0,0,0,0,0.00176991,Coffee Beans,Solid
DORMANS KILIMANJARO MEDIUM GROUND DARK COFFEE BEANS,0.884956,3.53982,0,0,0,0,0,0.00176991,grounded coffee,solid
DORMANS MEDIUM ROAST MEDIUM GRIND KENYA AA COFFEE,1,4.184,,,,,,0.004,Coffee,Powder
DORMANS MOJITO SYRUP,,,,,,,,,,
DORMANS RWANDA MEDIUM FINE GROUND DARK COFFEE BEANS,0.884956,3.53982,0,0,0,0,0,0.00176991,grounded coffee,solid
DORMANS RWANDA MEDIUM ROAST MEDIUM GRIND COFFEE,0.884956,3.53982,0,0,0,0,0,0.00176991,grounded coffee,solid
DORMANS SAFARI FAIRTRADE MEDIUM ROAST COFFEE BEANS,0.884956,3.53982,0,0,0,0,0,0.00176991,ground coffee,solid
DORMANS SAFARI FAIRTRADE MEDIUM ROAST MEDIUM GRIND COFFEE,0.884956,3.53982,0,0,0,0,0,0.00176991,ground coffee,solid
DORMANS SUPREMA BRIGHT AND CITRUS MEDIUM ROAST AND MEDIUM GROUND COFFEE,10,42.84,,,,,,0.004,grounded coffee,solid
DORMANS SUPREMA COFFEE CAPSULE 5GX25,2.4,10.0416,0.3,0,0,0.1,0,0.0047,Coffee Capsules,Solid
DORMANS SUPREMA DARK COFFEE BEANS,2,8,0,0,0,0,0,0.004,Coffee Beans,solid
DORMANS SUPREMA DARK ROAST FINE GRIND,0.884956,3.53982,0,0,0,0,0,0.00176991,ground coffee,solid
DORMANS SUPREMA DRIP COFFEE BAGS,,,,,,,,,,
DORMANS SUPREMA MEDIUM FINE GROUND DARK COFFEE BEANS,0.884956,3.53982,0,0,0,0,0,0.00176991,Coffee Beans,Solid
DORMANS SUPREMA MEDIUM GROUND DARK COFFEE,0.884956,3.53982,0,0,0,0,0,0.00176991,grounded coffee,solid
DORMANS SUPREMA MEDIUM GROUND FINE DARK COFFEE,0.884956,3.53982,0,0,0,0,0,0.00176991,grounded coffee,solid
DORMANS SUPREMA MEDIUM ROAST COFFEE BEANS,0.884956,3.53982,0,0,0,0,0,0.00176991,beans,solid
DORMANS SUPREME DECAF INSTANT COFFEE MIX,300,1255.2,0,50,0,0,0,0,Instant Coffee Mix,Powder
DORMANS SUPREME FINE INSTANT COFFEE MIX,297,1250,23.2,39.1,0.6,0.2,23.8,83.5,Instant Coffee Mix,Powder
DORMANS SUPREME GRANULATED INSTANT COFFEE,,,,,,,,,Instant Coffee,Powder
DORMANS SUPREME GRANULATED INSTANT COFFEE MIX,297,1250,23.2,39.1,0.6,0.2,23.8,83.5,Instant Coffee Mix,Powder
DR CHIA SEEDS OF LIFE CHIA SEEDS,60,251.04,2,5,,3.5,4,,Chia Seeds,Solid
DR OETKER BAKING POWDER GLUTEN FREE,,,,,,,,,,
DR OETKER CHOCOLATEY STRANDS,397,1685,1.4,92,90,2.3,,,,
DR OETKER MADAGASCAR VAILLAN BEAN PASTE,,,,,,,,,,
DR OETKER PUD IN MUG CHOCO CHIP,,,,,,,,,,
DR OETKER PUD IN MUG RICH CHOCOLATE,,,,,,,,,,
DR OETKER REGAL-ICE ICING WHITE,,,,,,,,,,
DR OETKER VEGE-GEL 3PACK,,,,,,,,,,
DR OETKER WAFER DAISIES,,,,,,,,,,
DUBAI KUNAFA & HAZELNUT CHOCOLATE,,,,,,,,,,
DUCKS FLY SOAKED DUCK FEET,,,,,,,,,Duck Feet,Solid
DUERR'S MINT SAUCE,125,529,1.5,24,17,0.5,1.9,,Sauce,Paste
DUMA ENERGY DRINK,50,8.36,0.1,12,10,0.1,0.1,0.19,Energy Drink,Liquid
EL SABOR HOT SALSA DIP,40,167.36,1.2,7.5,5,0.2,1.5,,Salsa Dip,Paste
ELBBIN NIBBLE BBQ WAVY CHIPS,160,669.44,1,15,2,10,1,0.13,Wavy Chips,Solid
ELBBIN NIBBLE SNACKS CHOCOLATE,440,1840,6.66667,73.3333,36.6667,10,,,Chocolate,Solid
ELBBIN SHAPIES HONEY HOOPS,,,,,18.8571,0.142857,,,,solid
ELIANTO CORN OIL,884,3569,,,,100,,,Corn Oil,Liquid
ELLA'S KITCHEN FIRST TASTE CARROTS,,,,,,,,,,
ELMERRO SPAIN EXTRA VIRGIN OLIVE OIL,,,,,,,,,,
ELMERRO SPAIN VIRGIN OLIVE OIL,,,,,,,,,,
ELMERRO SPAIN VIRGIN OLVE OIL,,,,,,,,,,
EQUATORIAL AFYA UJI FLOUR,,,,,,,,,Flour,Powder
EQUATORIAL NATURALS IODINE HERBAL SALT,46.1,193,5.1,4.1,,1.3,,,Herbal Salt,Solid
EQUATORIAL NATURALS TOTO AFYA FLOUR,455,1903.72,12.9,95.4,0.3,1.2,3.4,0.0025,Toto Afya Flour,Powder
EQUATORIAL SEA SALT,46.1,193,5.1,4.1,0,1.3,,0.59,Sea Salt,Solid
EQUATORIAL SEASONED SEA SALT,,,,,,,,,,
EQUATORIAL UGALI AFYA FLOUR,,,,,,,,,Ugali Afya Flour,Powder
EQUATORIAL WIMBI AFYA CLASSIC FLOUR,346,1447.66,8,75,,2,,,Flour,Powder
EQUATORIAL WIMBI AFYA FLOUR,364,1522.98,10,76,0.3,1,2.7,0.002,Flour,Powder
EVA ACACIA HONEY,,,,,,,,,,
EVA BLACK PEPPER POWDER SPICE,,,,,,,,,,
EVA BLACK SEEDS,100,418,3,3,5,0,3,0.002,Black Seeds,Solid
EVA CAKE BERELIYAN SPRINKLES,,,,,,,,,Bereliyan Sprinkles,Solid
EVA CAKE METALIC PURPLE SPRINKLES,,,,,,,,,Metalic Purple Sprinkles Per,Solid
EVA CARDAMON HONEY,,,,,,,,,,
EVA CHIA SEEDS,490,205,15.6,43.8,,30.8,,,Chia Seeds,Solid
EVA CHILLI POWDER SPICE,,,,,,,,,,
EVA CINAMMON HONEY,,,,,,,,,,
EVA CINNAMON POWDER SPICE,,,,,,,,,,
EVA CINNAMON WHOLE SPICE,,,,,,,,,,
EVA CURRY POWDER SPICE,,,,,,,,,,
EVA FENUGREEK SPICE,300,1250,20,60,,10,20,0.07,Fenugreek Spice,Solid
EVA GINGER HOT CANDY,,,,,,,,,,
EVA GINGER POWDER SPICE,,,,,,,,,Ginger Powder,Powder
EVA GREEN GRAM PREMIUM,,,,,,,,,,
EVA HIBISCUS WHOLE SPICE,,,,,,,,,,
EVA HONEY WITH GINGER,,,,,,,,,,
EVA KAMANDE,,,,,,,,,,
EVA MORINGA SPICE,,,,,,,,,,
EVA NJAHI BEANS,132.558,554.623,8.86047,23.7093,0.325581,0.534884,8.72093,0.00116279,Njahi Beans,Solid
EVA OLIVE OIL POMACE SPANISH,,,,,,,,,,
EVA OLIVE OIL VIRGIN TURKISH,,,,,,,,,,
EVA ORGANIC POLYFLORAL HONEY,,,,,,,,,,
EVA ORGANIC UNIFLORAL HONEY,,,,,,,,,,
EVA PAPRIKA SPICE,,,,,,,,,,
EVA PEANUT BUTTER,,,,,,,,,,
EVA PEANUT MASALA,,,,,,,,,,
EVA POP CORN KERNELS,,,,,,,,,,
EVA PREMIUM HONEY COMB,,,,,,,,,,
EVA PREMIUM SAFFRON,,,,,,,,,Saffron,Solid
EVA PREMIUM SAFFRON 1GRAM,,,,,,,,,Saffron,Solid
EVA PREMIUM ZAATAR,,,,,,,,,,
EVA PUMPKIN SEED KERNEL,,,,,,,,,,
EVA ROASTED SALTED PUMPKIN,522,2184.05,13.43,1,32.97,42.13,3.9,0.018,Roasted Salted Pumpkin,Solid
EVA SOYA BEANS,,,,,,,,,,
EVA TEA MASALA SPICE,,,,,,,,,,
EVA TURMERIC POWDER SPICE,,,,,,,,,,
EVA WHOLE OREGANO SPICE,265,1109.71,9,68.9,4.1,4.3,42.5,,Whole Oregano,Solid
EVA WHOLE RED CHILLI SPICE,,,,,,,,,Red Chilli Spice,Solid
EVA YELLOW BEANS,,,,,,,,,,
EVA ZAFFRON HONEY,,,,,,,,,,
EVIAN MINERAL WATER,,,,,,,,,,
EVIAN MINERAL WATER 1.5LT,,,,,,,,,,
EVIAN SPARKLING MINERAL WATER,,,,,,,,,,
EXCEL PURE GLUCOSE POWDER,,,,,,,,,Glucose Powder,Powder
EXCEL QUENCHER LEMON TREAT DRINK,99,414,2.9,11,11,4.8,,0.036,Drink,Liquid
EXCEL QUENCHER ORANGE DRINK,13,54.392,0,3,2,0,0,0,Drink,Liquid
EXCEL QUENCHER PINEAPPLE DRINK,56,234.304,0.1,14,8,,,0.001,Drink,Liquid
EXCEL QUENCHER PINEAPPLE JUICE,55,181,0.4,9.8,13.2,0.1,0.2,0.00022,Juice,Liquid
EXE UNGA ALL PURPOSE FORTIFIED WHEAT FLOUR,364,1522.97,10,76,0.3,1,,0.002,Wheat Flour,Powder
EXE UNGA MANDAZI FORTIFIED WHEAT FLOUR,364,1522.97,10,76,0.3,1,,0.002,Wheat Flour,Powder
EXE UNGA SELF RAISING FORTIFIED WHEAT FLOUR,333,1393.27,6.9,70,,,,1.067,Wheat Flour,Powder
EXPLORE G/F CHICKPEA FUSILLI,,,,,,,,,,
EXPLORE G/FEDAMAME SPAGHETTI,,,,,,,,,,
FABAO INSTANT DRY YEAST,,,,,,,,,Dry Yeast,Solid
FAIRLEIGH JAGGERY SUGAR,383,1602,0,95,97,0,,,Jaggery,Solid
FAIRLEIGH JAGGERY SWEETENER BLOCK,297,1302,,76,69,,,,Sweetener Block,Powder
FAIRY BEE OAT CHOCO CHOCOLATE BISCUIT,52.9,221.51,4.2,45.8,26,2.39,,,Biscuit,Solid
FAMILA BABY PORRIDGE,,,,,,,,,wheat flour,
FAMILA BANANA PORRIDGE FLOUR,,,,,,,,,,
FAMILA INFANT WEANING PORRIDGE,,,,,,,,,wheat flour,solid
FAMILA MAMA'S PORRIDGE,,,,,,,,,,
FAMILA NUTRI HEALTH UJI PORRIDGE FLOUR,,,,,,,,,,
FAMILA PURE WIMBI PORRIDGE,,,,,,,,,,
FAMILA STRAWBERRY PORRIDGE FLOUR,,,,,,,,,,
FAMILA THE ORIGINAL UJIMIX SOUR PORRIDGE,,,,,,,,,,
FANAKA FRUIT DRINK - APPLE,,,,,,,,,,
FANAKA FRUIT DRINK - GUAVA,,,,,,,,,,
FANAKA FRUIT DRINK - MANGO,,,,,,,,,,
FANAKA FRUIT DRINK - TROPICAL FRUIT MIX,,,,,,,,,,
FANTA BLACKCURRANT,,,,,,,,,Drink,Liquid
FANTA BLACKCURRANT SODA,,,,,,,,,Drink,Liquid
FANTA ORANGE,,,,,,,,,Drink,Liquid
FANTA ORANGE SODA,,,,,,,,,Drink,Liquid
FANTA PASSION JUICE,126,527,1,33.7,33.2,0.12,0.5,0.0149,Drink,Liquid
FARAGELLO PURE SACHECT TOM PAST,104,437,4,77,27,,0,,Tomato Puree,Paste
FARAGELLO TOMATO PASTE,104,437,4,77,27,,0,,Tomato Puree,Paste
FAYAZ BUTTER CHOCOLATE COOKIES,414,1732.18,3,69,48,17,0,0.155,Cookies,Solid
FAYAZ CHEESE CRACKERS,493,2062,7,63,14,24,3,1.092,Cheese Crackers,Solid
FAYAZ CHOCOLATE CHIP COOKIES,488,2041,5,58,0,28,2,0.364,Chocolate Chip,Solid
FAYAZ COCONUT COOKIES,488,2041,5,58,,28,2,0.361,Coconut Cookies,Solid
FENG QUI MAI FISH SAUCE,,,,,,,,,Fish Sauce,Liquid
FERRERO CHOCOLATE T24,,,,,,,,,,
FERRERO KINDER BUENO HAZELNUT CHOCOLATE,572,2384,8.6,49.5,41.2,37.3,2,,Chocolate,Solid
FERRERO KINDER BUENO WHITE CHOCOLATE,49.5,41.2,572,100,,,,,Food,
FERRERO KINDER JOY BOYS CHOCOLATE,545,2280,8,56.5,,32,,,Chocolate,Solid
FERRERO KINDER JOY GIRL CHOCOLATE,545,2280,8,56.5,,32,,,Chocolate,Solid
FERRERO RAFFALLEO CHOCOLATE,627,2623,7.4,38.6,33.6,48.3,,,Chocolate,Solid
FERRERO ROCHER ORIGINAL MILK CHOCOLATE,614,2554,6.2,46.2,45.4,44.4,,,Milk Chocolate,Solid
FERRERO ROCHER ROCHER T30 CHOCOLATE,595,2489.4,8.2,44,39.9,,,,Chocolate,Solid
FERRERO ROCHER T3 IMPORTED CHOCOLATES,595,2489.4,8.2,44,39.9,,,,Chocolate,Solid
FERRERO ROCHER WHITE HAZELNUT CHOCOLATE BAR,610,2538,9.2,44.9,44.7,43.4,,,Chocolate Bar,Solid
FESTIVA CAESAR DRESSING,,,,,,,,,,
FESTIVA FRENCH DRESSING,,,,,,,,,,
FESTIVA ITALIAN DRESSING,,,,,,,,,,
FESTIVA MAYONNAISE,,,,,,,,,,
FESTIVA PASTA SAUCE ITALIAN,,,,,,,,,,
FESTIVA YELLOW MUSTARD,,,,,,,,,,
FESTIVAL CHOCO VANILLA ESSENCE,,,,,,,,,Essence,Liquid
FESTIVAL CHOCOLATE ESSENCE,344.828,1441.38,6.89655,6.89655,,,3.44828,0.62069,Essence,Liquid
FESTIVAL CLEAR VANILLA ESSENCE,,,,,,,,,Essence,Liquid
FESTIVAL COCONUT ESSENCE,,,,,,,,,Essence,Liquid
FESTIVAL FOOD COLOUR BLACK,0,0,,2,,,,,Food Colour,Powder
FESTIVAL FOOD COLOUR CHOCOLATE BROWN,,,,,,,,,Food Colour,Powder
FESTIVAL FOOD COLOUR EGG YELLOW,358,1497,13,66,1,3,,0.029,Food Colour,Powder
FESTIVAL FOOD COLOUR GREEN,305,1276,,75,,,,,Food Colour,Powder
FESTIVAL FOOD COLOUR MAROON,,,,,,,,,Food Colour,Powder
FESTIVAL FOOD COLOUR ORANGE,305,1276,,75,,,,,Food Colour,Powder
FESTIVAL FOOD COLOUR PINK,100,418,1,9,8,6,,0.065,Food Colour,Powder
FESTIVAL FOOD COLOUR PURPLE,,,,,,,,,Food Colour,Powder
FESTIVAL FOOD COLOUR RASPBERRY RED,50,209,,13,10,,,0.005,Food Colour,Powder
FESTIVAL FOOD COLOUR RBERRY RED,,,,,,,,,Food Colour,Powder
FESTIVAL FOOD COLOUR SBERRY RED,,,,,,,,,Food Colour,Powder
FESTIVAL FOOD COLOUR TOMATO RED,,,,,,,,,Food Colour,Powder
FESTIVAL FOOD COLOURING STRAWBERRY RED,,,,,,,,,Food Colour,Powder
FESTIVAL LEMON AND LIME ESSENCE,,,,,,,,,Essence,Liquid
FESTIVAL LIQ FOOD CLR ORANGE,,,,,,,,,,
FESTIVAL LIQUID FOOD COLOR GOLDEN YELLOW,,,,,,,,,,
FESTIVAL LIQUID FOOD COLOUR RASPBERRY RED,,,,,,,,,Food Colour,Liquid
FESTIVAL ORANGE ESSENCE,250,1045,2.5,65,37.5,,7.5,,Essence,Liquid
FESTIVAL RED FOOD COLOUR,,,,,,,,,Food Colour,Liquid
FESTIVAL STRAWBERRY CRYSTAL JELLY,330.45,,0.09,98.4,91,,,8.00E-05,,Solid
FESTIVAL STRAWBERRY ESSENCE,,,,,,,,,Essence,Liquid
FESTIVAL TROPICAL CRYSTAL JELLY,330.45,,0.09,98.4,91,,,8.00E-05,,Solid
FESTIVAL VANILLA ESSENCE,,,,,,,,,Essence,Liquid
"FESTIVE TORTILLA WRAP - 8""""",308,1288,,47,3.2,6.6,,,Tortilla Wraps,Solid
FESTIVE TORTILLA WRAPS 10 PIECES,308,1288,,47,3.2,6.6,,,Tortilla Wraps,Solid
FINI BLACK AND RBERRIES DOYPACK,,,,,,,,,,
FINI CLOUDS MARSHMALLOW,328,1372,4,78,69,0,,,Marshmallow,Solid
FINI JELLY SHARKS CANDY,323,1373,6,76,52,,,,Sharks Candy,Solid
FINI MAGIC CARPET JELLY CANDY,340,1423,1.8,81,54,1,,,Jelly Candy,Solid
FINI MELLOWS TACO DIANA,,,,,,,,,,
FINI ROLLER CRAZY FIZZ,,,,,,,,,,
FINI SOUR LACES COLOUR SHOCK CANDY,338,1437,1.8,81,56,0.8,,,Fruit Candy,Solid
FINI SOUR WORMS GUMMY CANDY,323,1351,6,76,52,0,,,Gummy Candy,Solid
FINI STRAWBERRY FILLED CANDY,337,1410,1.6,81,51,0.8,,,Candy,Solid
FINI STRAWBERRY SOUR PENCILS JELLY X OF,359,1502,1.5,89,89,10,,,Sour Pencils,Jelly
FINI STRAWBERRY SUGAR JELLY KISSES CANDY,326,1363.98,4,79,58,,,,Candy,Solid
FISH WELL PRESERVED VEGETABLE PICKLED MUSTARD,57.1429,,2.85714,5.71429,2.85714,2.85714,2.85714,2,,
FIT CEREAL CHOCO RICE,391,1658,7.8,81,,3.5,3,0.22,,Solid
FIT CEREAL CORN FLAKES,391,1661,7.1,83,,3,1.5,0.7,,Solid
FIT CEREAL HONEY BALLS,390,1654,5.9,85,,2.5,1.3,0.224,,Solid
FIT CEREAL HONEY WHEAT,391,1655,8.2,78,,4.1,4.6,0.076,,Solid
FIT CHOCO RICE CEREAL,383,1602.47,7,80,0,3,,0.003,,
FITCH & LEEDS GRAPEFRUIT TONIC,,,,,,,,,,
FITCH AND LEEDES GINGER ALE SPARKLING DRINK,37,155,0.5,9,0.1,0.5,,,,
FITCH AND LEEDES INDIAN TONIC LITE SUGAR FREE,37,155,0.5,9,0.1,0.5,,,,
FITCH AND LEEDES LEMONADE SPARKLING DRINK,,,,,,,,,,
FITCH AND LEEDES PINK TONIC SPARKLING,2.62,11,0.3,2.5,0.5,0.1,0.5,0.005,Sparkling Drink,Liquid
FITCH AND LEEDES PINK TONIC SPARKLING ROSE AND CUCUMBER DRINK,169,707,0,10,7.1,0.1,,,,
FITCH AND LEEDS BLUE TONIC,28.91,121,0.3,7,7,0.1,0.5,0.005,Sparkling Drink,Liquid
FITCH LEEDES CLASSIC GINGER BEER,160,178,0.1,40,40,0.1,,0.041,Beer,Liquid
FITCH LEEDES CLASSICS PASSION FRUIT AND LEMON SPARKLING DRINK,174,728,,42,42,,,,Sparkling Drink,Liquid
FITCH LEEDES INDIAN TONIC SPARKLING DRINK,37,155,0.5,9,0.1,0.5,,,,
FIX 8 KOMBUCHA GING TURMERIC,,,,,,,,,,
FLORA FRYING SOLUTION COOKING OIL,,,,,,,,,,
FLORA SUNFLOWER COOKING OIL,,,,,,,,,,
FLORESTAL POP KISS BLACK COLA LOLLIPOP,77,322.168,1.5,19,40,9,,0.0077,Lollipop,Solid
FLORESTAL POP TATTOO PANICO TUTTI FRUTTI LOLLIPOP,400,1673.6,3.25,97.5,80,17.5,,,Lollipop,Solid
FLORESTAL ZOLLE STICK GREEN APPLE CHEWING CANDY,397.3,1662.3,1.4,92.1,58.1,2.6,,,Chewing Candy,Solid
FLORESTAL ZOLLE TUBINHOS STRAWBERRY CHEWABLE CANDY,370,1548.08,2,88,52,1,,0.035,Chewable Candy,Solid
FLORIDENT SUGAR FREE EXTRA WHITE CHEWING GUM,,,,,,,,,Chewing Gum,Solid
FLORIDENT SUGAR FREE SPEARMINT CHEWING GUM,,,,,,,,,Chewing Gum,Solid
FLOYDEEZ CARAMEL POPCORN,398,1665,1,90,,3.67,0.92,0.2,Popcorn,Solid
FLOYDEEZ CHOCOLATE POPCORN,273,1142.23,1,33,27,18,,,Popcorn,Solid
FLOYDEEZ CRUNCHY COCONUT POPCORN,503,2105,2.64,69,34,24,10,0.133,Popcorn,Solid
FLOYDEEZ HONEY&CHILLI PEANUTS,,,,,,,,,,
FLOYDEEZ POPCORN CARAMEL,273,1142.23,1,33,27,18,,,Popcorn,Solid
FLOYDEEZ POPCORN CHOCOLATE,477.778,1997.22,2.5,61.1111,50,26.1111,2.5,0.294444,Popcorn,Solid
FLOYDEEZ POPCORN LIMITED EDITION,,,,,,,,,,
FLOYDEEZ SALTED CARAMEL PEANUTS,,,,,,,,,,
FORCE PROTEIN BIRTHDAY CAKE BAR,,,,,,,,,,
FOXS CANDY BAG BERRIES,388,1623,0,92,75,0,,0.1,Candy,Solid
FOXS CRYSTAL CLEAR FRUITS CANDY,44.4444,1859.56,0,8.88889,8.88889,0,,0,Candy,Solid
FRAGATA BLACKBERRY MARMALADE,215,914,0.5,52,52,0,,,Spread,Paste
FRAGATA LA VIEJA FABRICA PEACH MARMALDE,224,952,0.5,55,55,,,,,
FREEGO ENERGY DRINK,,,,,,,,,,
FREEZ BLUE HAWAI MIX DRINK,,,,,,,,,Non- Alcoholic Drink,Liquid
FREEZ KIWI & LIME MIX DRINK,,,,,,,,,Non- Alcoholic Drink,Liquid
FREEZ LEMON & MINT DRINK,,,,,,,,,Non- Alcoholic Drink,Liquid
FREEZ LYCHEE MIX DRINK,,,,,,,,,Non- Alcoholic Drink,Liquid
FREEZ MANGO & PEACH MIX DRINK,,,,,,,,,Non- Alcoholic Drink,Liquid
FREEZ MOJITO STRAWBERRY MIX DRINK 275M,,,,,,,,,,
FREEZ POMEGRANATE MIX DRINK,,,,,,,,,Non- Alcoholic Drink,Liquid
FREEZ STRAWBERRY MIX DRINK,,,,,,,,,,
FRESH FRI VEGETABLE COOKING OIL,,,,,,,,,Food,
FRESH FRI VEGETABLE OIL,,,,,,,,,Food,
FRESKA WAFER BAR CHOCOLATE,,,,,,,,,,
FROSTI APPLE FRUIT DRINK,,,,,,,,,,
FROSTI GUAVA FRUIT DRINK,,,,,,,,,,
FROSTI MANGO FRUIT DRINK,,,,,,,,,,
FROSTI TROPICAL FRUIT DRINK,,,,,,,,,,
FRUIT DALE APPLE JUICE,47,196.6,0.2,11.5,11.5,,,0.009,Juice,Liquid
FRUIT DALE GUAVA JUICE,,,,,,,,,Juice,Liquid
FRUIT DALE MANGO JUICE,60,251.04,0.8,15,14,0.4,1.6,0.001,Juice,Liquid
FRUIT DALE MANGO MILK JUICE,113.274,473.894,2.65487,17.6991,14.6018,,,0.0442478,Juice,Liquid
FRUIT DALE ORANGE AND BANANA FRUITY MILK DRINK,72,301.248,1.6,10.4,,1,1.8,,,
FRUIT DALE PINEAPPLE FRUIT JUICE,51,213.38,0.4,12.67,,0.03,,,,
FRUIT DALE STRAWBERRY AND APPLE FRUITY MILK DRINK,68,284.512,1.9,10,,0.9,1.8,,,
FRUIT DALE TROPICAL MIX FRUIT JUICE,48,201,0.2,11.5,,0.1,,,Mix Fruit Juice,Liquid
FRUIT FULL PINACOLADA FRUIT JUICE,48,200.83,0.1,11.7,,0.1,0.2,,,
FRUIT FULL TEMBO BLACKBERRY AND GRAPE JUICE,62,259.408,2,13.8,7,0.7,7.6,0.001,,
FRUITDALE NECTAR PASSION FRUIT JUICE,,,,,,,,,Fruit Juice,Liquid
FRUITFULL PAK 1 LITRE MANGO,,,,,,,,,,
FRUITVILLE APPLE FRUIT DRINK,45,188.28,0,11,0,0,0,0.011,,
FRUITVILLE BERRY JUICE,48,200.832,0,12,7,0,,,,
FRUITVILLE CRANBERRY JUICE,47,196.6,0.4,12,12,,,0.002,Juice,Liquid
FRUITVILLE GUAVA FRUIT DRINK,48,200.8,,48,13,,,,Drink,Liquid
FRUITVILLE LEMON MINT AND CUCUMBER JUICE,,,,,,,,,,
FRUITVILLE MANGO JUICE,61,255.224,0.2,15,15,0,,0.004,,
FRUITVILLE ORANGE JUICE,110,460.24,2,26,22,1,0,0.015,,
FRUITVILLE PINEAPPLE JUICE,,,,,,,,,,
FRUITVILLE STRAWBERRY AND BANANA JUICE,,,,,,,,,,
FRUITVILLE TROPICAL JUICE,24,100.416,0,5,5,0,0,0,,
FRY'S CHOCOLATE CREAM,,,,,,,,,,
FRY'S ORANGE CREAM CHOCOLATE,,,,,,,,,,
FRY'S PEPPERMINT CREAM,,,,,,,,,,
GALAXY HAZELNUT CREAMY T MINI EGGS,,,,,,,,,,
GALAXY SMOOTH CARAMEL CHOCOLATE,,,,,,,,,,
GALAXY SMOOTH MILK CHOCOLATE,544,2273,7.3,55,54,32,,,Food,Solid
GALITO'S MILD PIRI-PIRI SAUCE,42,175.728,1.91,1,16.33,3,,0.004,Piri-Piri Sauce,Paste
GALITOS GARLIC PIRI-PIRI SAUCE,275,1150.6,,9,4,26,,,Piri-Piri Sauce,Paste
GALITOS HOT PIRI-PIRI SAUCE,40,167.36,1.91,3,1,2,,0.001,Piri-Piri Sauce,Paste
GALITOS LEMON AND HERB PIRI-PIRI SAUCE,120,502.08,1.91,42.1,16.33,0.14,,,Piri-Piri Sauce,Paste
GALITOS PREMIUM RESERVE PIRI-PIRI SAUCE,20,20,1,2,16.33,0.14,,,Piri-Piri Sauce,Paste
GARLIC POWDER,54,225.9,0.9,6,1.2,0.3,,0.026,Garlic Powder,Powder
GASTONE LAGO MINI ROLL COCOA WAFERS,507,2121,4.1,67.3,48.3,23.9,,,Wafers,Solid
GIBSON KENYA AA FINE GRIND MEDIUM ROAST ARABICA COFFEE,,,,,,,,,Coffee,Powder
GIBSONS HOUSEHOLD 100% ARABICA MEDIUM GRIND DARK ROAST COFFEE BEANS,,,,,,,,,Coffee Beans,Solid
GIBSONS INSTANT COFFEE STICK,2,8,0.1,0.3,,,,0.004,Coffee Stick,Powder
GIBSONS KAHAWA ECONOMY MEDIUM ROAST,,,,,,,,,,
GIBSONS KENYA GREATNESS INSTANT COFFEE,32,133.88,,,,,,,Instant Coffee,Powder
GIBSONS KENYA H MEDIUM GRIND,60,251.04,,16,16,,,0.015,Coffee,Solid
GIBSONS KENYA KAHAWA ECONOMY MEDIUM GRIND MEDIUM ROAST COFFEE,20,83.6,20,,,,,,Coffee,Powder
GIBSONS KENYAH GREATNESS INSTANT COFFEE,,,,,,,,,,
GILDA TOMATO PASTE,106,443,4.2,18.5,10.9,0.21,1.18,0.00025,Tomato Paste,Paste
GODSON ORGANICS CHIA SEED BLACK,135,669.44,3,14,,14,,,Chai Seeds,Solid
GODSON ORGANICS FLAX SEEDS/LIN SEEDS,,,,,,,,,,
GODSON ORGANICS QUINOA SEEDS,222,669.44,8,39,,3.7,5,,Quinoa Seeds,Solid
GODSON ORGANICS SESAME SEEDS,138,2631.73,4,12,,9,11,,Sesame Seeds,Solid
GOFRUT APPLE,,,,,,,,,Apple Fruit Drink,Liquid
GOFRUT APPLE JUICE,,,,,,,,,,
GOFRUT MANGO JUICE,,,,,,,,,,
GOLDEN BOURBON CREAM BISCUITS,,,,,,,,,Biscuits,Solid
GOLDEN BUTTER COOKIES,529.412,2215.06,5.88235,67.6471,,26.4706,,,Cookies,Solid
GOLDEN CASHEW COOKIES,,,,,,,,,,
GOLDEN CHOCO CHIPS COOKIES,,,,,,,,,,
GOLDEN COCO NICE BISCUITS,473,1979.03,7.5,72.8,,16.9,,,Biscuits,Solid
GOLDEN COCONUT COOKIES,,,,,,,,,,
GOLDEN DELICIOUS SHORTCAKE BISCUITS,346,1448,6.1,48.5,48.5,14.2,,,Biscuits,Solid
GOLDEN DIGESTIVE CLASSIC,493,2062.71,8,68,,21,,,Biscuits,Solid
GOLDEN DIGESTIVE CLASSIC BISCUITS,495,2071,6,67,16,12,3,0.27,,
GOLDEN DIGESTIVE HIGH FIBER BISCUITS,495,2071,6,67,16,12,3,0.27,,
GOLDEN FAMILY TEA BISCUIT,468.75,1962.5,9.375,78.125,,12.5,,0.328125,Biscuit,Solid
GOLDEN FAMILY TEA BISCUITS,469.05,1962.5,9.375,78.125,,12.5,,0.328125,Biscuits,Solid
GOLDEN FRY VEGETABLE COOKING OIL,47,196.648,,,,100,,,,
GOLDEN GINGER SNAPS BISCUITS,474,1990,4.2,71.8,34.2,18.4,,,Biscuits,Solid
GOLDEN HIGH FIBRE DIGESTIVE BISCUIT,495,2071.08,6,67,16,12,,0.27,Biscuit,Solid
GOLDEN MARIE BISCUITS,445,1861.88,8.4,78.9,21.9,10.7,,,Biscuits,Solid
GOLDEN NICE COCONUT BISCUITS,463,1937.19,6,76,30.5,15,3,0.016,Biscuits,Solid
GOLDEN PEANUT COOKIES,,,,,,,,,,
GOLDEN SCOTCH SHORT CAKE BISCUIT,333.333,1394.67,10,80,23.3333,16.6667,,,Biscuit,Solid
GOLDN PURE SOYA GOLD SOYBEAN OIL,900,3765.6,,,,100,,,Soybean Oil,Liquid
GONUTS SKINNED ROASTED PEANUTS,585,2447.64,23.68,21.51,,49.66,,,Roasted Peanuts,Solid
GORO NO 100 SPIRALI GRANDI,355,1507,13,71,3,1.5,,,Pasta,Solid
GORO NO 121 LASAGNE,351,1490,12,71,3,1.5,,,Pasta,Solid
GORO NO 43 PENNONI RIGATE,355,1487,13,71,3,1.5,,,Pasta,Solid
GORO NO 81 TAGLIATELLE,354,1481,7.5,76.5,2.5,1.5,,,Pasta,Solid
GOURMET MED ROAST BEANS COFFEE,,,,,,,,,Coffee Beans,Solid
GOURMET SAFARI COOKIES,,,,,,,,,Cookies,Solid
GOURMET SAFARI COOKIES S/,,,,,,,,,Cookies,Solid
GRAN LUCHITO CHIPOTLE SALSA,,,,,,,,,,
GRAN LUCHITO MANGO & HABANER SALSA,,,,,,,,,,
GRAN LUCHITO TOMATILLO SALSA,,,,,,,,,,
GRANORO CANNERONI NO 21 PASTA,355,1507,13,71,3,1.5,3,0,Pasta,Solid
GRANORO I CLASSICI NO.4 LINGUINI PASTA,355,1507,13,71,3,1.5,3,,Pasta,Solid
GRANORO IL PRIMO CANNELLONI PASTA,322,1347.25,11,60,2,2,,,Pasta,Solid
GRANORO INTEGRALE ORGANIC WHOLE WHEAT NO 12 SPAGHETTI PASTA,352,1472.77,11.5,67,3.4,2.4,0,0,Pasta,Solid
GRANORO N 13 SPAGHETTI VERMICELLI CLASSIC PASTA,355,1507,13,71,3,,3,,Pasta,Solid
GRANORO N 27 PENNE CLASSIC PASTA,355,1485,13,71,3,1.5,3,,Pasta,Solid
GRANORO N 32 SPIRALI CLASSIC PASTA,335,1402,13,71,3,1.5,,,Pasta,Solid
GRANORO N.41 GOMITI DEDICATO PASTA,335,1507,13,71,3,1.5,3,,Pasta,Solid
GRANORO NO 14 SPAGHETTI RISTO,355,1507,13,71,3,1.5,3,,Pasta,Solid
GRANORO NO 17 RIGATONI,355,1507,13,71,3,1.5,3,,Pasta,Solid
GRANORO NO 26 PENNE RIGATE,355,1507,13,71,3,1.5,3,,Pasta,Solid
GRANORO PAPPARDELLE NO 134 PASTA,355,1485,14,69,5,1.8,3.4,0,Pasta,Solid
GREEN & BLACK'S 70% DARK,,,,,,,,,,
GREEN & BLACK'S 85% DARK,,,,,,,,,,
GREEN & BLACK'S DARK CHOCO 60% GINGER,,,,,,,,,,
GREEN & BLACK'S DARK COOKING CHOCO,,,,,,,,,,
GREEN & BLACK'S MILK CHOCO BUTTERSCOTCH,,,,,,,,,,
GREEN & BLACK'S MILK CHOCOLATE BAR,,,,,,,,,,
GREEN & BLACK'S ORGANIC MINT CHOCOLATE,,,,,,,,,,
GREEN FOREST CASHEW NUTS,581,2430.9,16.8,30.2,,47.8,3.3,0.308,Cashew Nuts,Solid
GREEN FOREST DRY SALTED AND ROASTED CASHEW NUTS,621,2566,17,30,4.9,48,3.2,0.26,Cashew Nuts,Solid
GREEN FOREST RAW CASHEW NUTS,581,2430.9,16.8,30.2,,47.8,3.3,0.308,Cashew Nuts,Solid
GREEN FOREST ROASTED AND SALTED CASHEW NUTS,621,2566,17,30,4.9,48,3.2,0.26,Cashew Nuts,Solid
GREEN FOREST ROASTED AND SALTED PEELED PEANUTS,580,2426.72,30,2,2,49,,0.459,Peeled Peanuts,Solid
GREEN FOREST ROASTED AND SALTED UNPEELED PEANUTS,620,2594.08,23.3333,10,3.33333,50,6.66667,,Unpeeled Peanuts,Solid
GREEN FOREST SALTED PEELED PEANUTS,580,2426.72,30,2,2,49,,0.459,Peeled Peanuts,Solid
GREEN FOREST UNPEELED PEANUTS,607.143,2540.29,28.5714,17.8571,3.57143,50,7.14286,0.0178571,Unpeeled Peanuts,Solid
GREEN FOREST UNPEELED ROASTED AND SALTED PEANUTS,634,2653,26,20,4.1,50,8.6,0.26,Peanuts,Solid
GREEN& BLACK'S HAZELNUT & CURRENT DARK CHOCO,,,,,,,,,,
GREENLIFE SANDWICH SEA SEDGE,,,,,,,,,Sandwich,Solid
GREENS CARMELLE VANILLA DESSERT MIX PUDDING,88,374,2.8,15.7,13.7,1.4,,0.13,Dessert Mix Pudding,Liquid
GUAI XI FU PEPPER CHICKEN FEET,121,508,12.2,,,8.1,,1.8,Chicken Feet,Solid
GURU AROMATIC BIRYANI RICE,357,1493,8.6,79,,0.9,1.3,0.0041,Biryani Rice,Solid
GURU LONG GRAIN WHITE RICE,158,663,3,36,,0.2,2,0.004,Rice,Solid
GURU PARBOILED RICE,347,1451,9,78,,1,,,Rice,Solid
GURU PISHORI BASMATI RICE,180,7531,6,57,,0.5,1.8,0.00032,Rice,Solid
GURU PREMIUM BLEND PISHORI RICE,349,1425,8,77,0,0,0,0,Pishori Rice,Solid
GURU PREMIUM BLENDED PISHORI RICE,349,1425,8,77,0,0,0,0,Pishori Rice,Solid
GURU PREMIUM BLENDED VARITY PISHORI RICE,349,1425,8,77,0,0,0,0,Pishori Rice,Solid
GURU PURE KENYA PISHORI RICE,180,7531,6,57,,0.5,1.8,0.00032,Rice,Solid
GURU SPECIAL BASMATI RICE,365,1527,7.1,80,,0.7,1.8,0.00054,Rice,Solid
GUYLIAN 72% COCOA RASPBERRY DARK CHOCOLATE BAR,541,2263.54,9.4,27.5,23.1,39.8,,0.008,Dark Chocolate Bar,Solid
GUYLIAN CARAMEL ALMOND MILK CHOCOLATE BAR,548,2292.83,9.3,48.7,47.6,34.1,,0.094,Chocolate Bar,Solid
GUYLIAN MILK BAR SUGAR FREE,486,2040,8.4,27.8,10.5,40.3,,0.09,Milk Chocolate,Solid
GUYLIAN MILK CHOCO SCARAMEL BAR,539,2258,8.6,52,51,32,,,Milk Chocolate,Solid
GUYLIAN OPUS LUXURY ASSORTMENT BELGIAN CHOCOLATES GIFT BOX,555,2319,7.7,50,48,36,,,Chocolates Gift Box,Solid
GUYLIAN PRALINE HEARTS,,,,,,,,,,
GUYLIAN PREMIUM DARK 72% BELGIAN CHOCOLATE BAR,516,2159,9,30,24,40,,0.004,Chocolate Bar,Solid
GUYLIAN SEA HORSE CHOCOLATE,,,,,,,,,,
GUYLIAN SEA HORSE PRALINES BELGIAN CHOCOLATES,552,2310,7.5,52,51,34,,,Chocolate,Solid
GUYLIAN SEA HORSES CARAMEL CHOCOLATE,,,,,,,,,,
GUYLIAN SEA SHELL CON STORE TRAY,552,2312,7.8,50,49,35,,,Belgian Chocolates,Solid
GUYLIAN SEA SHELLS ARTISANAL BELGIAN CHOCOLATES,555,2319,7.7,50,48,36,,,Chocolates,Solid
GUYLIAN SEA SHELLS BELGIAN CHOCOLATES GIFT BALLOTIN,587,2440,7,45,44,28,,,Chocolates Gift Ballotin,Solid
GUYLIAN TEMPTATIONS MIX,,,,,,,,,,
GUYLIAN TEMPTATIONS MIX IMPULSE,,,,,,,,,,
GUYLIAN TEMPTATIONS ORIGINAL CHOCOLATE HAZELNUT PRALINE FILLING,,,,,,,,,,
HADAY DARK SOYA SAUCE,126,527.18,7,21,8,,,1.64,Dark Soy Sauce,Liquid
HADAY FISH SOY SAUCE,,,,,,,,,Soy Sauce,Paste
HADAY GARLIC PASTE,,,,,,,,,Garlic And Chilli Sauce,Paste
HADAY SOYBEAN SAUCE,137,575,9.3,16.6,11.9,,,,Soybean Sauce,Paste
HAILONG SWEET POTATO NOODLES,115.929,485.048,6.19469,13.2743,,2.65487,,,Noodles,Solid
HALDIRAM'S ORANGE SOAN PAPADI,490,2050.16,5.33,65.35,46.06,23.06,0.62,0.008,Soan Papadi,Solid
HALDIRAM'S SOAN PAPDI,523.81,2190.48,4.7619,66.6667,47.619,23.8095,0,0.00952381,Soan Papdi,Solid
HAMLET ASSORTMENT WHITE BELGIAN CHOCOLATE,,,,,,,,,Chocolate,Solid
HAMLET BELGIAN CHOCOLAT CUPIDO,523,2188,6.2,56,53,30,,,Cupido Chocolate,Solid
HAMLET BELGIAN CHOCOLATE,526,2201,5.5,45,44,36,,,Pralines Chocolate,Solid
HAMLET CHESTERFIELD LINE BLACK CHOCOLATE,526,2201,6.2,56,54,30,,,Black Chocolate,Solid
HAMLET CHOCOLATE IMAGE LINE RED,526,2201,6.2,56,54,30,,,Belgian Chocolate,Solid
HAMLET CHOCOLATE STICKS ORANGE,511,2130,7,61,59,26,,,Orange Chocolate Sticks,Solid
HAMLET COOKING CHOCOLATE DARK,554,2320,6,43,39,38,,,Dark Chocolate,Solid
HAMLET CUPIDO IRISH WHISKEY AND CREAM CHOCOLATE,469,1920,2.8,57,51,21,,,Chocolate,Solid
HAMLET EXCELCIUM ASSORTMENT RED PRALINES CHOCOLATE,472,1975,6.2,63,47,21,0,,Chocolate,Solid
HAMLET EXCELCIUM CHOCO AS BLAC,,,,,,,,,463Kcal,50g
HAMLET EXCELCIUM GPRALINE ASSO,465,1946,6.1,64,48,20,,,Excelsium Pralines Chocolate,Solid
HAMLET EXCELLENT CHOCOLATE BOX,526,2200,6.2,55.5,53.5,,30.4,,Chocolate Box,Solid
HAMLET EXCELLENT LINE GOLD BOX,526,2201,6.2,56,54,30,,,Belgian Chocolate,Solid
HAMLET GOLD EURO COINS CHOCOLATE,524,2194,6,62,53,28,,,Chocolate,Solid
HAMLET LOVE CHOCOLATE BOX,526,2201,6.2,56,54,30,,,Love Line Chocolate,Solid
HAMLET MILK CHOCO FLAKE TRUFFLE,601,2515,4.1,50,49,43,,,Truffle Chocolate,Solid
HAMLET ROYAL MINTS,457,1910,3.5,70,68,17,,,Mint Chocolate,Solid
HAMLET ROYAL ORANGE MINTS,457,1910,3.5,70,61,17,,,Orange Mint Chocolate,Solid
HAMLET SEA SHELL CHOCOLATE BOX,560,2343,4,58,57,35,,,Sea Shells Chocolate,Solid
HAMLET SEA SHELL HAZELNUT FILL,553,2314,3.9,50,49,37,,,Hazelnut Fill Belgian Chocolate,Solid
HAMLET SEASHELL HAZELNUT FILLING CHOCOLATE,553,2314,3.9,50,49,37,,,Chocolate,Solid
HAMLET SELECTION CHOCOLATE,512,2140,6.2,58,,28,,,Chocolate,Solid
HAMLETS CHOCOLAS HAZELNUT,536,2243,7,54,46,32,,,Crispy Hazelnut Chips,Solid
HAMLETS CHOCOLAS MILK,533,2230,6.9,55,45,31,,,Milk Chocolate Chips,Solid
HAMLETS CHOCOLAS ORANGE,533,2230,6.9,55,45,31,,,Crispy Orange Chips,Solid
HAPPY GOLDEN SALTED CHIPS,470,1966.4,6,63,0,20,0,0.001,Salted Chips,Solid
HAPPY'S GOLDEN CHEESE AND ONION POTATO CRISPS,506,2113,5.6,62,54,3.3,28.2,4.8,Potato Crisps,Solid
HAPPY'S GOLDEN CHILLI POTATO CRISPS,544,2276.1,7.1,54.1,2.6,33.2,,0.859,Crisps,Solid
HAPPY39S GOLDEN MASALA PEANUTS,637,2665.21,20.62,21.85,,51.91,3.33,0.425,Masala Peanuts,Solid
HAPPYS CHILLI BOOM BOOM F,,,,,,,,,,
HAPPYS CHILLI BOOM BOOM FOIL,,,,,,,,,,
HAPPYS GOLDEN CHEESE AND ONION POTATO CRISPS,506,2113,5.6,62,54,3.3,28.2,4.8,Potato Crisps,Solid
HAPPYS GOLDEN CHILLI POTATO CRISPS,544,2276,7.1,54.2,2.6,33.2,,0.859,Potato Crisps,Solid
HAPPYS GOLDEN FRUIT CHUTNEY CRISPS CHIPS,440,1840.5,5,65,0,10,0,0.585,Chutney Crisps Chips,Solid
HAPPYS GOLDEN FRUIT CHUTNEY POTATO CRISPS,280,1171,5.5,35.8,,19.5,3.8,0.0007,Potato Crisps,Solid
HAPPYS GOLDEN LEMON ZING POTATO CHIPS,280,1171.52,5.5,35.8,,19.5,3.8,0.7,Potato Chips,Solid
HAPPYS GOLDEN SALT AND VINEGAR POTATO CRISPS,516,2160,9.5,53.1,1,30.2,4.2,0.778,Potato Crisps,Solid
HAPPYS GOLDEN SALTED POTATO CRISPS,470,1966.48,6,63,,20,,0.001,Potato Crisps,Solid
HAPPYS GOLDEN SOUR CREAM AND ONION POTATO CHIPS,280,1171.52,5.5,35.8,,19.5,3.8,0.7,Potato Chips,Solid
HAPPYS GOLDEN SPICY TWIST POTATO CHIPS,280,1171.52,5.5,35.8,,19.5,3.8,0.7,Potato Chips,Solid
HAPPYS GOLDEN SPRING ONION POTATO CRISPS,570,2384.88,5,48,,35,,,Potato Crisps,Solid
HAPPYS GOLDEN TOMATO POTATO CRISPS,300,1255.2,10,30,10,15,5,1.4,Potato Crisps,Solid
HARIBO CHAMALLOWS,336.667,1436.67,5.8,80,70,0,0,0.01,Candy,Solid
HARIBO EGGS GALORE 10MINI BAGS,,,,,,,,,,
HARIBO GOLDBEAR,343,1459,6.9,77,46,0.5,0,0,Jelly Candy,Solid
HARIBO GOLDBEARS HALAL,,,,,,,,,,
HARIBO HALAL WORMS GUMMY CANDY,103,429,2.3,22.9,14.4,,,0.006,Gummy Candy,Solid
HARIBO HAPPY CHERRIES CANDY,343,1459,6.9,77,46,0.5,,,Candy,Solid
HARIBO HAPPY COLA HALAL CANDY,338,1442,6,78,52,0.5,,,Candy,Solid
HARIBO PEACHES,349,1482,4.5,82,63,0.5,0,0,Gummi Candy,Solid
HARIBO ROULETTE CANDY,90,376.56,2,20,10,,,,Candy,Solid
HARIBO SQUIDGY STRAWBERRY CANDY,328,1394,4.3,75,44,0.5,,,Candy,Solid
HEALTHY KAJUJU TROPICAL FRUIT GRANOLA,424,1774.02,8,64,18,12,6,0.08,Granola,Solid
HEINZ 1000 ISLAND SAUCE,,,,,,,,,,
HEINZ BAKED BEANS IN TOMATO SAUCE,73,305.432,4.9,12.9,5,0.2,3.8,0.3,Baked Beans,Solid
HEINZ CHILLI GARLIC SAUCE,75,313.8,1.66667,15,11.6667,,1.66667,0.0383333,Garlic Sauce,Paste
HEINZ FARLEYS ORIGINAL RUSKS,,,,,,,,,,
HEINZ HOT SAUCE,,,,,,,,,Hot Sauce,Paste
HEINZ MAYONNAISE SAUCE,596,2497,0.8,4.2,3.2,64,,0.55,Mayonnaise Sauce,Paste
HEINZ MUSTARD SAUCE,81,338.904,5,6,,1,,1.27,Sauce,Paste
HEINZ ORIGINAL SALAD CREAM,18.5,17,293,100,17,23.8,1.5,,Food,Liquid
HEINZ REGULAR MAYONNAISE,596,2497,0.8,4.2,3.2,64,,0.55,Mayonnaise,Paste
HEINZ TOMATO KETCHUP,102,435,1.2,23.2,22.8,0.1,0,0,Ketchup,Paste
HEINZ TOMATO KETCHUP SQUEEZY,15,65,0.2,3.5,3.4,,,,Ketchup,Paste
HEINZ TOMATO PASTE,,,,,,,,,Tomato Paste,Paste
HELIOS APRICOT FRUIT JAM,48,200.832,1.4,11,9,0.4,2,0.001,Jam,Jelly
HELIOS FRUITS OF THE FOREST E/P,181,757,0.5,44,42.7,0,,,Jam,Jelly
HELIOS RASPBERRY E/FRUIT PRESER,178,757,0.9,42,40.5,0.6,0.8,,Jam,Jelly
HELIOS SUGARED STRAWBERRY PRESE,180.923,757,0.5,44,42.7,0,1.3,,Fruit Jam,Gel
HELLMANN'S REAL MAYONNAISE,,,,,,,,,,
HENG SHUN BROWN RICE VINEGAR,36,150.62,,9,9,,,0.024,Brown Rice Vinegar,Liquid
HENGSHUN BALSAMIC VINEGAR,40.8,170.7,,9.7,8.2,,,0.215,Black Vinegar,Liquid
HERO APRICOT JAM,,,,,,,,,Apricot Jam,Gel
HERO BLACK CHERRY JAM,,,,,,,,,Black Cherry Jam,Jelly
HERO NATURAL HONEY,,,,,,,,,,
HERO RASPBERRY JAM,255,1080,0.7,61,49,0.2,,0.004,Raspberry Jam,Jelly
HERO STRAWBERRY JAM,251,1067,0.4,61,48,0.2,,0.007,Strawberry Jam,Jelly
HERSHEYS DUO SB ICE BREAKERS37GX8,,,,,,,,,,
HERSHLEYS REESES NUTRAGEOUS,,,,,,,,,,
HIBISCUS AND GINGER DRINK,,,,,,,,,Hibiscus And Ginger Drink,Liquid
HIBISCUS AND PINEAPPLE FRUIT DRINK,90,376.56,0,2,0,0,,,Hibiscus And Pineapple Drink,Liquid
HIBISCUS WITH COCKTAIL DRINK,166,6970.54,0.2,10.1,9.7,0.1,0,0.017,Hibiscus With Cocktail Drink,Liquid
HIDE&SEEK CHOCOLATE BISCUIT,479,2004.14,5.9,73.3,32.2,18,,,Cookies,Solid
HIDE&SEEK FAB VANILLA BISCUIT,,,,,,,,,Cookies,Solid
HIGHLAND SCOTTISH PETTICOAT TAILS SHORTBREAD,511,2138,5.2,65.3,16.4,25.7,,,Shortbread,Solid
HIGHLAND SPECIALITY SHORTBREAD ASSORTMENT,,,,,,,,,,
HIGHLANDS CLUB BLACKCURRANT SODA,280,1171,0.16,72,71,,,,Soda,Liquid
HIGHLANDS CLUB MANGO SODA,,,,,,,,,Soda,Liquid
HIGHLANDS CLUB PINEAPPLE SODA,,,,,,,,,Soda,Liquid
HIGHLANDS CLUB SODA BLACKCURRA,,,,,,,,,,
HIGHLANDS CORDIAL ORANGE JUICE,48,200,,12,12,,,,Juice,Liquid
HIGHLANDS DRINKING WATER,,,,,,,,,Water,Liquid
HIGHLANDS DRINKING WATER JUICE,,,,,,,,,Water,Liquid
HIGHLANDS PINEAPPLE CLUB SODA,,,,,,,,,,
HOLA COLA CARBONATED DRINK,44,175,0,10.9,10.6,0,,0.0085,Carbonated Drink,Liquid
HOLA ORANGE CARBONATED DRINK,56,242,14.5,14,13,0,,0.022,Carbonated Drink,Liquid
HOLA ROSE CARBONATED DRINK,26,108,,5.9,5.9,,,,Carbonated Drink,Liquid
HOLA VERY BERRY CARBONATED DRINK,53,221,,13,,,,0.003,Carbonated Drink,Liquid
HONEYCOMB CARDAMOM COOKIES,400,1673,10,90,25,22.5,10,0.05,Cookies,Solid
HONEYCOMB COOKIES GINGER,,,,,,,,,Biscuit,Solid
HONEYCOMB FRUIT & NUT CHEVDA,,,,,,,,,,
HONEYCOMB FRUIT & NUT CHEVDA F,,,,,,,,,,
HOOPS CHEESE AND ONION CRISPS POTATO CHIPS,53,2,533,100,4,1.2,,,Food,"Cheese, Onion"
HOOPS MASALA CRISPS POTATO CHIPS,14,,160,,,,,,Food,
HOOPS PEANUT BAR,56,34,497,100,5,,,,Food,Peanuts
HOOPS SALT AND VINEGAR CRISPS POTATO CHIPS,12,,135,,1,,,,Food,"Salt, Vinegar"
HOOPS SALTED CRISPS POTATO CHIPS,25,,220,,1,0.13,,,Food,
HOOPS SESAME BAR,50,31,516,100,8,0.167,,,Food,Sesame
HOSEN PURE HONEY,325,1359.8,,80,1,,,,Honey,Liquid
HOSEN WHOLE PEELED TOMATOES,27,112.96,1,4,3,,,,Peeled Tomato,Solid
HOSTESS MAIZE FLOUR,351,1491,7.8,77.7,0.5,0.8,1,,Maize Meal Flour,Powder
HP ORIGINAL SAUCE,121.89,510,0.9,28.3,23.1,0.1,,0.512,Sauce,Paste
HSUFUCHI SACHIMA FLOUR CAKE WITH EGG,509,2133,7.9,54.9,22.2,28.8,0,,Flour Cake,Powder
INDIAN SAVOURY METHI PURI,567,2372,6.03,50.21,0.84,37.99,1.86,0.1982,Methi Puri,Solid
INDIAN SAVOURY POTATO CRISPS,552,2309,7.3,55,1.1,33.5,3.7,0.81,Potato Crisps,Solid
INDOMIE BEEF INSTANT NOODLES,,,,,,,,,,
INDOMIE BEEF INSTANT NOODLES X 5 PIECES,,,,,,,,,,
INDOMIE SUPA MOJO INSTANT NOODLES,,,,,,,,,,
INDOMIE SUPA MOJO INSTANT NOODLES X 5 PIECES,,,,,,,,,,
JACOBSEN SCENES OF EUROPE BUTTER BISCUIT,360.6,1508.75,9.2,78.19,,1,,0,Biscuit,Solid
JACOBSENES ORIGINAL BUTTER AND CHOCO CHIP COOKIES,481,2012,7,68,29,21.1,2,0.444,Cookies,Solid
JACOBSENS BAKERY CLASSIC SANTA COOKIES,479,2004,5,62,23,23,,,Cookies,Solid
JACOBSENS CHRISTMAS CARAMEL CHOCOLATE COOKIES,,,,,,,,,,
JACOBSENS CHRISTMAS TINS ASSORTED,,,,,,,,,,
JACOBSENS M P CHOCOLATE CHIP COOKIES,,,,,,,,,,
JADE BRIDGE FISH SAUCE,20,83.68,4.4,0.3,,0,,8.21,Fish Sauce,Paste
JADE BRIDGE HOI SIN SAUCE,,,,,,,,,Hoisin Sauce,Liquid
JADE BRIDGE SUPER LIGHT SOYA SAUCE,20,83.6,2,2,,,,6.7,Sauce,Liquid
JADE BRIDGE SUPERIOR DARK SOY SAUCE,,,,,,,,,Sauce,Paste
JAHAZI PREMIUM MAIZE FLOUR,,,,,,,,,Maize Flour,Powder
JAKE FUNNY SOUR PENCILS STRAWBERRY CANDY,383,1602,2.2,85,62,2.9,,,Candy,Solid
JAKE JELLY MANIA CLASSIC MIX GUMMY CANDY,336,1406,4.1,80,62,0,,,Candy,Solid
JAKE JELLY MANIA SHARKS GUMMIES CANDY,76,55,327,100,,,,,Food,
JAKE MINTS PEPPERMINT,,,,,,,,,,
JAKE MINTS S/M FLAVORED CANDY,,,,,,,,,,
JAKE PINEAPPLE CANDY,327,1389,4.3,76,55,0.5,,,Candy,Solid
JAKE SOUR WILD STRAWBERRIES CANDY,340,1423,4,79,61,0,,,Candy,Solid
JAKE TEDDY BEARS CANDY,313,1307,5,72,51,,,,Candy,Solid
JAKE VITAMIN CANDY COCONUT BLCKCURRANT,,,,,,,,,,
JAKE VITAMIN CANDY LIME WITH GREEN TEA,,,,,,,,,,
JAKE VITAMIN CANDY PEACH,,,,,,,,,,
JAKE VITAMINCANDY JABUKA CANDY,,,,,,,,,,
JAKEMANS BLACKCURRANT SOOTHING MENTHOL LOZENGES,398,1690,,98.3,73.8,0.5,,,Lozenges,Solid
JAKEMANS BLUEBERRY SOOTHING MENTHOL LOZENGES,398,1690,,98.3,73.8,0.5,,,Lozenges,Solid
JAKEMANS CHERRY SOOTHING MENTHOL LOZENGES,398,1690,,98.3,73.8,0.5,,,Lozenges,Solid
JAKEMANS HONEY AND LEMON SOOTHING MENTHOL LOZENGES,401,1705,,99.4,77.1,0.4,,,Lozenges,Solid
JAKEMANS PEPPERMINT SOOTHING MENTHOL LOZENGES,402,1708,,98.7,80.4,0.8,,,Lozenges,Solid
JAKEMANS THROAT CHEST SOOTHING MENTHOL LOZENGES,401,1705,,99.2,77.1,0.5,,,Lozenges,Solid
JAPANESE MAOXIN GOLD STAMPED WHITE GINGER SOUR SWEET SUSHI,174.5,730.1,3.9,19,3.5,9.5,1.6,0.2685,Sushi,Solid
JAVA CARAMEL FLAVOURED SYRUP,,,,,,,,,,
JAVA CINNAMON COOKIES,350,1460,10,40,30,10,0,,Cookies,Solid
JAVA COCONUT FLAVOURED SYRUP,,,,,,,,,,
JAVA CRISPY CHOCOLATE GRANOLA BAR,565,2363,26,55,22,26,3,,Granola Bar,Solid
JAVA EAST AFRICA BLEND COFFEE BEANS,2.4,10.0416,0.3,0,0,0.1,0,0.0047,Coffee Beans,Solid
JAVA ESPRESSO COFFEE BEANS,2.4,10.0416,0.3,0,0,0.1,0,0.0047,Coffee Beans,Solid
JAVA ETHIOPIAN YIRGACHEFFE COFFEE BEANS,2.4,10.0416,0.3,0,0,0.1,0,0.0047,Coffee Beans,Solid
JAVA GINGER LEMON COOKIES,510,2133,7.75,61.07,19.07,26.16,0.93,,Cookies,Solid
JAVA HAZELNUT FLAVOURED SYRUP,,,,,,,,,,
JAVA HOUSE ARABICA KENYA BLEND GROUND COFFEE,33,138,1.5,1.69,,0.9,,,Ground Coffee,Powder
JAVA HOUSE CHOCOLATE CHIP COOKIES,214,895.37,2.8,5,4,2.6,,,Cookies,Solid
JAVA HOUSE CRISPY CRUNCHY GRANOLA CEREAL,565,2363,26,55,22,26,3,,Cereal,Solid
JAVA HOUSE EAST AFRICAN BLEND MEDIUM ROAST MEDIUM GROUND COFFEE,,,,,,,,,Ground Coffee,Powder
JAVA HOUSE ESPRESSO RICE CARAMEL CHOCOLATE HAND ROASTED GROUND COFFEE,,,,,,,,,Ground Coffee,Powder
JAVA HOUSE ETHIOPIAN YIRGACHEFFE FLORAL APRICOT CRISP HAND ROASTED GROUND COFFEE,,,,,,,,,Ground Coffee,Powder
JAVA HOUSE GINGER LEMON COOKIES,510,2136,7.75,61.07,19.07,26.16,0.93,,,
JAVA HOUSE KENYA AA COFFEE BEANS,0.884956,3.53982,,,,,,0.00176991,,
JAVA HOUSE KENYA AA GROUND COFFEE,33,138,1.5,1.69,0,0.9,,,,
JAVA HOUSE LOVE COOKIES,494.444,2068.76,,57.7778,16.6667,25.5556,6.66667,,Cookies,Solid
JAVA HOUSE MACADAMIA NUT COOKIES,160,669.333,8.66667,17.6667,,8.66667,,,,
JAVA HOUSE OATS AND RAISINS COOKIES,470,1966.48,7.4,64.6,25.8,20.2,3.3,0.1437,Cookies,Solid
JAVA HOUSE PINACOLADA EGGLESS COOKIES,,,,,,,,,Cookies,Solid
JAVA HOUSE RWANDA LAKE KIVU COFFEE BEANS,,,,,,,,,,
JAVA HOUSE TROPICAL CRUNCH GRANOLA CEREAL,431,1808,10,64,29,14.7,5,0.294,Cereal,Solid
JAVA HOUSE UGANDA KIGEZI SPECIAL SWEET CITRUS LIVELY ROASTED GROUND COFFEE,6.66667,27.8933,,,,,,,Ground Coffee,Powder
JAVA KENYA BLUE BLEND BEANS,2.4,10.0416,0.4,0,0,,0.01,0.0047,Coffee Beans,Solid
JAVA KENYA BLUE BLEND GROUND,33,138,1.5,1.6,,0.9,,,Ground Coffee,Powder
JAVA MACADAMIA NUT COOKIE,160,669.333,8.66667,17.6667,,8.66667,,,Cookies,Solid
JAVA RWANDA LAKE KIVU COFFEE,,,,,,,,,,
JAVA TOFFEE NUT FLAV SYRUP,,,,,,,,,,
JAVA UGANDA KIGEZI SPECIAL COFFEE BEANS,2.4,10.0416,0.3,0,0,0.1,0,0.0047,Coffee Beans,Solid
JAWBREAKER 4 BALLS FRENZY SWEE65,380,1588,0,79.1,72.2,5.7,4,0,,
JAWBREAKER EMOTI BALL STICK SWEET LOLLIPOP,394,1648.5,0,98,62.6,0.2,0,0.038,Lollipop,Solid
JAWBREAKER JUMBO,,,,,,,,,,
JAWBREAKER MAMMOUTH POP,,,,,,,,,360kcal,79g
JAWBREAKER STRAWBERRY TORNADO POP,370,1572,,89,85,1.6,,,Tornado Pop,Solid
JAWBREAKER TORNADO POP SOURBLU33,390.977,1636.09,0,87.218,84.2105,3.00752,0,0,Bubble Gum,Solid
JAWBREAKER TROPICAL CANDY,370,1572,0,89,85,1.6,,,,
JELIDO SOUR COLA JELLY,,,,,,,,,,
JELLY POP READY TO EAT BLACKCURRANT JELLY,9,37.656,0,1,1,0,0,0.35,Blackcurrant Jelly,Jelly
JELLY POP READY TO EAT PINEAPPLE JELLY,9,37.656,0,1,1,0,0,0.35,Pineapple Jelly,Jelly
JELLY POP READY TO EAT STRAWBERRY JELLY,9,37.656,0,1,1,0,0,0.35,Strawberry Jelly,Jelly
JELLY TOTS CRAZI BERRIES,351,1470,0,87.9,77.9,0,,0.073,Jelly,Solid
JELLY TOTS ORIGINAL,273,1142,0.1,68,49.7,0,0,0.045,Jelly,Solid
JIANGMEN RICE STICKS,356,1514,7,80.3,0,0.8,0.8,0.02,Rice Sticks,Solid
JIMCY BANANA CRISPS,519,2171.5,2.3,58,35,34,,,Banana Crisps,Solid
JIMCY CASHEWNUTS,553,2313,18,30,6,44,3.3,0.012,Cashewnuts,Solid
JIMCY FRIED PEANUTS,666.667,2766.67,16.6667,20,3.33333,56.6667,,0.633333,Fried Peanuts,Solid
JIMCY MASALA PEANUTS,,,,,,,,,,
JIMCY POPCORN,150,627.6,2,17,1,8,2,0.24,Popcorn,Solid
JIMCY RAW ALMONDS,,,,,,,,,,
JIMCY ROASTED MACADAMIA,716,2995.74,7.8,13,4.1,76,8,,Macadamia,Solid
JIMCY ROASTED PEANUTS,,,,,,,,,,
JIMCY ROASTED PISTACHIOS,557,2376.51,20.61,27.97,7.64,44.44,10.3,0.001,Roasted Pistachios,Solid
JIMCY SKINNED PEANUTS,,,,,,,,,,
JIMS COFFEE THAI ARABICA 8OZ,,,,,,,,,,
JIMS COFFEE THAI CAPPUCCINO 8OZ,,,,,,,,,,
JIMS COFFEE THAI CARAMEL 8OZ,,,,,,,,,,
JIMS COFFEE THAI HAZELNUT 8OZ,,,,,,,,,,
JIMS COFFEE THAI MOCHA 8OZ,,,,,,,,,,
JIN RAMEN MILD NOODLES,415,1740,12,65.8,3.3,12.5,,1.57,Noodles,Solid
JIU JIUWANG CRAZY ROLLZ FRUIT BUBBLE GUM,305,1276,0,76,,0,,,Bubble Gum,Solid
JOE & SEPH SALTED CARMEL CHEESE CAKE SAUCE,476,1994,1.7,65.5,65.5,23.3,,,,
JOE & SEPH SPECULOOS CARMEL SAUCE,538,2247,1.2,58.8,58.8,35.3,,,,
JOE & SEPH'S CAPUCINO CARMEL SAUCE,540,2255,1.9,57.1,56.8,36,,,,
JOE & SEPH'S CHOCOLATE CARAMEL SAUCE,545,2274,1.7,58.7,58.4,35.7,,,,
JOE & SEPH'S PIE CARAMEL SAUCE,397,1655,0.9,41.7,40.2,26.5,,,,
JOE & SEPH'S STICKY TOFFEE SAUCE,545,2275,1.2,59.6,59.6,35.7,,,,
JOE & SEPH'S TOFFEE APLE & CINNAMON SAUCE,555,2311,1.3,52.9,52.8,39.2,,,,
JOGOO MAIZE MEAL FORTIFIED WITH VITAMINS AND MINERALS,,,,,,,,,,
JOGOO MAIZE MEAL FORTIFIED WITH VITAMINS MINERALS,,,,,,,,,,
JOGOO WIMBI MEAL,,,,,,,,,,
JOOZ APPLE JUICE,,,,,,,,,,
JOOZ ORANGE JUICE,50,209,1,13,10,,,0.01,,
JORDANS COUNTY CRISP HONEY NUT,,,,,,,,,,
JORDANS COUNTY CRISP OAT DARK CHOCO,,,,,,,,,,
JORDANS COUNTY CRISP OAT RASPBERRY,,,,,,,,,,
JORDANS COUNTY CRISP OAT STRAWBRRY,,,,,,,,,,
JORDANS COUNTY CRISP OATS RAISIN,,,,,,,,,,
JORDANS COUNTY CRISP SUPERBERRY,,,,,,,,,,
JORDANS COUNTY OAT PORRIDGE,,,,,,,,,,
JORDANS FRUSLI CRANBERRY APPLE CEREAL,,,,,,,,,,
JORDANS FRUSLI RAISIN HAZELNUT CEREAL,,,,,,,,,,
JORDANS NUTURAL MUESLI FRUIT & NUT,,,,,,,,,,
JORDANS ORGANIC OAT PORRIDGE,379,1596,12.5,61.9,1,7.2,8.1,,,
JORDANS SUPER BERRY GRANOLA,,,,,,,,,,
JORDANS SUPER FRUITY GRANOLA,,,,,,,,,,
JORDANS SUPER NUTTY GRANOLA,,,,,,,,,,
JOSH BUTTER CASHEW COOKIES,,,,,,,,,,
JOSH COCONUT COOKIES,,,,,,,,,,
JOSH DOUBLE CHOCOLATE COOKIES,482,2016.69,6,65,38,22,2,0.268,Cookies,Solid
JOSH GINGER HONEY COOKIES,,,,,,,,,,
JOSH MILK COOKIES,472,1975,7.8,72,26.5,17,0,0,Cookies,Solid
JOSH ORANGE CHOCOLATE COOKIES,465,1945.56,6.7,71.3,,17,1.87,,Cookies,Solid
JUICY DROP POP RASPBERRY COLA,,,,,,,,,,
JUO BLACKCURRENT JUICE,,,,,,,,,,Liquid
JUO ORANGE JUICE,,,,,,,,,,
JUO TAMARIND JUICE,,,,,,,,,,
K C C SUPER FINE GHEE,130,543.92,0.1,,,15,,,Ghee,Puree
KAKIRA LIGHT BROWN SUGAR,,,,,,,,,,
KAMAL GRAM FLOUR,351,1468.58,18,48,,6,,,,
KAMILI'S TOP CHEF TABLE SALT,0,0,0,0,0,0,0,38.758,Table Salt,Solid
KANDY KANDY MIXED FRUIT DUMMY,,,,,,,,,,
KAPUTEI 1000 ISLANDS SALAD DRESSING,154,644.33,6,12,3,3,2.5,0.252,Salad Dressing,Cream
KAPUTEI BARBECUE SAUCE,19,79.496,,4,4,,,,Barbecue Sauce,Paste
KAPUTEI BARBEQUE SAUCE,125,523,0.45,29,25,0.7,0.5,0.88,Sauce,Paste
KAPUTEI BASIL PASTA SAUCE,50,209.2,1,5,5,2,1,0.05,Sauce,Paste
KAPUTEI BASIL PESTO PASTA SAUCE,,,,,,,,,,
KAPUTEI BBQ HICKORY SMOKE FLAVO,138.889,580.556,0,36.1111,30.5556,0,0,0.833333,Sauce,Paste
KAPUTEI CHIPOTLE DRESSING,30,125.52,0.1,2,2,2.5,,0.08,Dressing,Paste
KAPUTEI CORIANDER PESTO,,,,,,,,,,
KAPUTEI DRESSING COOL RANCH SAUCE,110,460,12,2,1,0,0,0.29,Sauce,Paste
KAPUTEI DRESSING HONEY MUSTARD SAUCE,130,543,0,7,6,11,0,0.12,Sauce,Paste
KAPUTEI DRESSING TERIYAKI SAUCE,197,824.24,143,46.35,38.75,0.75,0,0,Sauce,Paste
KAPUTEI GARLIC PASTA SAUCE,,,,,,,,,Sauce,Paste
KAPUTEI GHERKINS PICKLE,38,158.99,1,7.8,5,0,1.2,0.05,Gherkins Pickle,Solid
KAPUTEI HERB VINAIGRETTE DRESSING,,,,,,,,,,
KAPUTEI HONEY BARBECUE SAUCE,70,292.88,,17,15,,,0.3,Barbecue Sauce,Paste
KAPUTEI HONEY BARBEQUE SAUCE,50,209.2,,14,12,,,0.31,Sauce,Paste
KAPUTEI HOT CHILI SAUCE,5,20.92,,1,1,,,0.08,Sauce,Paste
KAPUTEI HOT CHILLI SAUCE,5,20.92,,1,1,,,0.08,Hot Chilli Sauce,Paste
KAPUTEI HOT PASTA SAUCE,71,297.06,1,6,5,3,1,0.84,Sauce,Paste
KAPUTEI HOT PIZZA SAUCE,39.6825,166.032,1.5873,6.34921,3.1746,1.5873,1.5873,0.396825,Sauce,Paste
KAPUTEI LASAGNA SAUCE,33.3333,139.367,1.33333,3.66667,2.66667,1.33333,0.333333,0.15,Sauce,Paste
KAPUTEI MAYO KETCHUP DRESSING,64,268,12,12,11,0.01,0.36,0,Mayo Ketchup Dressing,Paste
KAPUTEI MAYONNAISE,10,5,217,100,,0.766,,,Food,
KAPUTEI MAYONNAISE PREMIUM BLEND,10,5,217,100,,0.766,,,Food,
KAPUTEI MUSHROOM PASTA SAUCE,64,267.76,1.6,9.6,5.6,1.6,2.4,0.344,Sauce,Paste
KAPUTEI MUSTARD SAUCE,98,492,4.2,7.5,,13.4,3.5,0.0028,Mustard Sauce,Paste
KAPUTEI NATURAL HONEY,330.952,1380.95,,82.381,80,,,0.0247619,Honey,Liquid
KAPUTEI NATURALS HONEY,,,,,,,,,,
KAPUTEI ORANGE MARMALADE,,,,,,,,,Marmalade,Paste
KAPUTEI PASSION FRUIT JAM,50,209.2,,13,,,1,,,
KAPUTEI PASTA CHEESE,,,,,,,,,,
KAPUTEI PASTA CHEESE SAUCE,48,200.8,1.6,9.6,4.8,0.8,1.6,0.344,Cheese Sauce,Paste
KAPUTEI PASTA SAUCE,48,200.8,1.6,9.6,4.8,0.8,1.6,0.344,Sauce,Paste
KAPUTEI PASTA SAUCE BASIL,50,209.2,1,5,5,2,1,0.05,Sauce,Paste
KAPUTEI PASTA SAUCE GARLIC,,,,,,,,,Sauce,Paste
KAPUTEI PASTA SAUCE REGULAR,48,200.8,1.6,9.6,4.8,0.8,1.6,0.344,Sauce,Paste
KAPUTEI PIZZA SAUCE,,,,,,,,,Sauce,Paste
KAPUTEI PIZZA SAUCE REGULAR,58.21,243.551,1.79,12.33,8.16,0.19,1.38,0.7,Sauce,Paste
KAPUTEI PREMIUM HONEY,,,,,,,,,,
KAPUTEI PREMIUM SQUEEZE HONEY,,,,,,,,,,
KAPUTEI ROASTED PEPPER PESTO,266,1112,3,5,3,25,2,0.6,Roasted Pepper Pesto,Paste
KAPUTEI ROCKET PESTO,,,,,,,,,,
KAPUTEI SMOKEY BARBECUE SAUCE,50,209,,13,11,,,0.3,Barbecue Sauce,Paste
KAPUTEI SPAGHETTI BOLOGNAISE SAUCE,79,330.536,3.3,10.4,1.6,2.5,0,0.6,,
KAPUTEI SPAGHETTI BOLOGNESE SAUCE,79,330.5,3.3,10.4,1.6,2.5,,0.0006,Sauce,Paste
KAPUTEI SPAGHETTI SAUCE,,,,,,,,,Sauce,Paste
KAPUTEI STRAWBERRY JAM,299,1251.01,0.19,74.5,62.4,0,,0.015,,
KAPUTEI SWEET AND STICKY BARBECUE SAUCE,19,79.496,,4,4,,,,Barbecue Sauce,Paste
KAPUTEI SWEET AND STICKY BARBEQUE SAUCE,208,886,1.4,50,44,0,,,Sauce,Paste
KAPUTEI TOMATO KETCHUP,64,268,12,12,11,0.1,,0.36,Ketchup,Paste
KAPUTEI TOMATO SAUCE,42,174,1,8,5,3.1,1,0.0012,Tomato Sauce,Paste
KASUKU FORTIFIED EDIBLE VEGETABLE COOKING FAT,112,468.608,,,,12.7,,,Cooking Fat,Paste
KASUKU PURE WHITE COOKING FAT,,,,,,,,,,
KAYA CASHEW BARS PLAIN,,,,,,,,,,
KAYA COCONUT CARAMEL CASHEWS,,,,,,,,,,
KAYA MINT SPICED CASHEWS,,,,,,,,,,
KELLOGG'S CEREAL & MILK RICE KRISPIES,,,,,,,,,,
KELLOGG'S CEREAL RICE CRISPIES,116,485.344,2.1,26,2.4,0.1,0.6,0.12,Rice Krispies,Solid
KELLOGG'S CORN FLAKES,378,1604,7,84,8,0.9,3,,,
KELLOGG'S FROSTIES,375,1594,4.5,87,37,0.6,2,0.332,,
KELLOGGS BON APPETIT KOREAN 2X SPICY CHICKEN NOODLES,449.8,1882,10.8,52,2.8,21.7,2.2,0.712,Noodles,Solid
KELLOGGS JUMBO BEEF NOODLES,437.143,1828.57,7.14286,52.8571,0,21.4286,0,2.17286,Noodles,Solid
KELLOGGS JUMBO SAUSAGE NOODLES,1,4,10,60,1.8,18,,,Noodles,Solid
KELLOGGS JUMBO VEGETABLE NOODLES,,,,,,,,,Noodles,Solid
KELLOGGS NOODLES BEEF,,,,,,,,,,
KELLOGGS NOODLES CHICKEN,86.1538,360.468,1.53846,10.5128,0.25641,3.33333,,0.425897,Noodles,Solid
KELLOGGS NOODLES ORIENTAL SAUSAGE,114.103,477.436,2.5641,15.3846,0.589744,4.61538,,,Sausage,Solid
KELLOGGS NOODLES VEGETABLES,1,4,10,60,1.8,18,,,Noodles,Solid
KENSALT FREE FLOW IODIZED TABLE SALT,0,0,0,0,0,0,0,38.758,Table Salt,Solid
KENSALT PREMIUM IODATED EDIBLE TABLE SALT,0,0,0,0,0,0,0,38.758,Table Salt,Solid
KENSALT PREMIUM IODATED TABLE SALT,0,0,0,0,0,0,0,38.758,Table Salt,Solid
KENSALT TABLE SALT,0,0,0,0,0,0,0,38.758,Table Salt,Solid
KENT BORINGER BEEF BOUILLON CUBES X OF,,,,,,,,,,
KENT BORINGER BLUEBERRY MUFFIN MIX,338,1414.19,4,44,22,16,0,0.13,,
KENT BORINGER CHICKEN BOUILLON CUBES X 12 PIECES,,,,,,,,,,
KENT BORINGER CHICKEN BOUILLON CUBES X 25 PIECES,,,,,,,,,,
KENT BORINGER CHICKEN BOUILLON CUBES X 6 PIECES,,,,,,,,,,
KENT BORINGER WHITE CHOCOLATE TOPPING SAUCE,271,1133,,63,62,1,,,White Chocolate Topping Sauce,Solid
KENTASTE CHOCOLATE COCONUT CHIPS,425,1778.2,5,35,22.5,30,10,0.0625,Coconut Chips,Solid
KENTASTE COCONUT FLOUR,,,,,,,,,,
KENTASTE COCONUT OIL,,,,,,,,,,
KENTASTE ORIGINAL COCONUT CHIPS,625,2615,5,47.5,30,45,12.5,0.275,Coconut Chips,Solid
KENTASTE SALTED CARAMEL COCONUT CHIPS,425,1778.2,5,35,22.5,30,10,0.0625,Coconut Chips,Solid
KENTASTE VIRGIN COCONUT OIL,,,,,,,,,Coconut Oil,Liquid
KENYA GIBSONS ESPRESSO WHOLE DARK ROAST COFFEE BEANS,2,8.368,0.28,0,0,0.05,0,0.00474,Coffee Beans,Solid
KENYA HIGHLAND PURE INSTANT COFFEE,,,,,,,,,,
KENYAN ORIGINALS CLASSIC AFRICAN TONIC WATER,,,,,,,,,Tonic Water,Liquid
KENYAN ORIGINALS LIGHT AFRICAN TONIC WATER,,,,,,,,,Tonic Water,Liquid
KENYAN ORIGINALS ROSE AND CUCUMBER TONIC WATER,,,,,,,,,Tonic Water,Liquid
KENYAN ORIGINALS TURMERIC AND CHILLI TONIC WATER,,,,,,,,,Tonic Water,Liquid
KENYLON BEANS IN TOMATO SAUCE,73,305.432,4.9,12.9,5,0.2,3.8,0.3,Baked Beans,Solid
KENYLON CHICK PEAS,85,355.64,8,11,,,,0.198,,
KENYLON CRUSHED TOMATOES,31.6,132.7,1.4,4.7,4.7,0.2,2.7,0.24,Tomatoes,Solid
KENYLON ORANGE MARMALADE,246,1029.26,0,66,,,,,,
KENYLON RED PLUM JAM,50,209.2,0,13,,,,,,
KENYLON STRAWBERRY JAM,240,1004.16,,59,59,,1.1,,Jam,Jelly
KENYLON TOMATO PASTE,106,443,4.2,18.5,10.9,0.21,1.18,0.25,Tomato Paste,Paste
KENZY TOMATO PASTE,96,401.664,4,20,,,,,,
KENZY TOMATO PASTE CANS,96,401.664,4,20,,,,,Tomato Paste,Paste
KERINGET MINERAL WATER,,,,,,,,,Mineral Water,Liquid
KERINGET NATURAL MINERAL WATER,,,,,,,,,Mineral Water,Liquid
KERINGET SPARKLING MINERAL WATER,,,,,,,,,,
KETTLE CHIPS SOUR CREAM CHIVES,508,2125,5.8,52,1.17,8.26,4,,Potato Chips,Solid
KETTLE FRUIT CHUTNEY CHIPS,507,2121,5,51,2,27,0,0,Fruit Chutney Chips,Solid
KETTLE SALSA VERDE CHIPS,145,6066,2,18,1,7,2,0.125,Chips,Solid
KEVIAN TOMATO KETCHUP,,,,,,,,,,
KIKKOMAN NATURALLY BREWED SOY SAUCE,,,,,,,,,Soy Sauce,Liquid
KIKKOMAN SOY SAUCE,40,167,5,6,3,,,,Soy Sauce,Solid
KIKKOMAN SUSHI & SASHIMI SOY,82,349,8.2,8.8,7.1,,,,,
KIKKOMAN TAMARI GLUTEN FREE SOY SAUCE,57,240,10,2,0,0,,,,
KINDER CHOCOLATE 4 PIECES,566,360,8.7,53.5,,,,,Chocolate,Solid
KINGS DAILY BRAND GRADE 1 LENTILS MOSOOR WHOLE,350,1464,25,6,,0.58,31,0.04,,
KINGS DAILY BRAND GRADE 1 POLISHED GREEN GRAMS,349,1460,25,59.7,,,18,,,
KINGS DAILY BRAND GRADE 1 ROSE COCO BEAN,362,1514,18,63,5,1,,0.02,,
KINGS DAILY BRAND GRADE MWEA BROWN RICE,362,1514,8,76,,3,3,0.004,,
KINGS DAILY BRAND NJAHI BEANS,,,,,,,,,Black Beans,Solid
KINGS DAILY BRAND NYAYO BEANS,,,,,,,,,Nyayo Beans,Solid
KINGS DAILY BRAND PISHORI BASMATI RICE,360,1506,8,79,,,,0.1,,
KINGS M P S GRADE 1 MWEA SUPER BASMATI RICE,346,1447,8,78,,,2,,,
KINGS M P S PREMIUM LONG GRAIN RICE,205,857,4,44,,,,0.002,,
KINGS M R P K GRADE 1 PISHORI AROMATIC BASMATI RICE,349,1460,8,77,,,,,,
KINGS M R P K GRADE 1 PREMIUM MWEA AROMATIC PISHORI RICE,349,1460,8,77,,,,,,
KINGS MRPP PISHORI RICE,348,1456,8.2,78,,0.5,1.9,0.00075,Rice,Solid
KINGS S & S LONG GRAIN RICE,205,857,4,44,,,,0.002,,
KIT KAT 4F VEGAN NCPCERT,,,,,,,,,,
KITKAT DARK 4 FINGERS,,,,,,,,,,
KITUI FLOUR MILLS JAHAZI ALL PURPOSE FLOUR,364,1522.97,10,76,0.3,1,,0.002,All Purpose Flour,Powder
KNORR AROMAT NATURALLY TASTY SEASONING,13100,54810.4,300,2400,600,100,100,2427.6,Seasoning,Powder
KNORR CHILLI BEEF CUBES FOR DELICIOUS MEALS FULL OF FLAVOUR X,187.5,775,12.5,0,,12.5,,13.25,,
KNORR CUBE LITTLE BULL 4GX40,175,725,,,,,,,,
KNORR SOFT BEEF CUBES X 6PIECES,187.5,775,12.5,0,,12.5,,13.25,,
KNORR SOFT CHICKEN CUBES FOR DELICIOUS MEALS FULL OF FLAVOUR X,187.5,775,12.5,0,,12.5,,12.125,,
KOL CHILLI SAUCE,11,46,0,1,1,0,0,0.002,Sauce,Paste
KOL CHILLISAUCE,,,,,,,,,,
KOL GOLDEN SYRUP,310,1297.04,,77,,,,0.02,Syrup,Liquid
KOL HOT & SWEET SAUCE,226,946,0.6,56.01,37.78,0,,,Sauce,Paste
KOL MIXED FRUIT JAM,,,,,,,,,,
KOL PILAU MASALA,429.35,1796.4,11.68,70.75,3.55,11.7,,,Pilau Masala,Powder
KOL PURE CHICKEN MASALA,344.14,1440.01,9.19,56.94,,8.85,,0.258,Chicken Masala,Powder
KOL PURE CURRY POWDER,325,1359.8,13,58,2.8,14,33,0.052,Curry Powder,Powder
KOL PURE GROUND BLACK PEPPER,246.377,1028.99,,63.7681,,,24.6377,0.0144928,Ground Black Pepper,Powder
KOL PURE GROUND CARDAMOMS,311,1301,11,68,0,7,28,0.018,Ground Cardamoms,Powder
KOL PURE GROUND CUMIN,376.19,1571.43,19.0476,42.8571,4.7619,23.8095,9.52381,0.166667,Ground Cumin,Powder
KOL PURE GROUND WHITE PEPPER,,,,,,,,,Ground White Pepper,Powder
KOL PURE TEA MASALA,7,29.288,0.6,1,,0.5,,0.029,Tea Masala,Powder
KOL RED PLUM JAM,292.18,1222.48,0.42,72,53,0.2,1.2,21.4,Jam,Jelly
KOL STRAWBERRY JAM,267,1117.13,,65,58,,2,,Strawberry Jam,Paste
KOL TOMATO KETCHUP,105,439.32,1,22,17,,,0.547,Tomato Ketchup,Paste
KOL TOMATO PASTE,105,439.32,1,22,17,,,0.547,Tomato Sauce,Paste
KOL TOMATO SAUCE,,,,,,,,,Tomato Sauce,Paste
KOL WHITE VINEGAR,,,,,,,,,,
KOPIKO COFFEE CANDY BAG,434.99,1820,0.6,86,67,9.9,,0.112,Candy,Solid
KPL CLASSIC LONG GRAIN RICE,130,543,2.7,28,0.1,0.3,0.4,,Rice,Solid
KPL LONG GRAIN RICE,350,1464.4,8.8,78,,0.47,1.6,1.7,Rice,Solid
KPL SUPER FINE GRAM FLOUR,,,,,,,,,,
KRACKLES BANG BANG CHILLI,544,2276.1,7.1,54.1,2.6,33.2,,0.859,Potato Crisps,Solid
KRACKLES BANG BANG CHILLI POTATO CHIPS,103,430.952,,22,16,,,0.004,Potato Chips,Solid
KRACKLES BARBEQUE POTATO CHIPS,526.667,2203.57,6.66667,50,,33.3333,,1.2,Potato Chips,Solid
KRACKLES PERFECTLY SALTED POTATO CHIPS,505,2112.92,5,52,,28,,,Potato Chips,Solid
KRACKLES TANGY TOMATO POTATO CHIPS,544,2276.1,7,54,,33,,,Potato Chips,Solid
KRACKLES TINGLY CHEESEONION,526.667,2.20E+06,6.66667,50,,33.3333,3.33333,0.466667,Potato Crisps,Solid
KRACKLES TOONS BARBECUE POTATO CHIPS,417.391,1746.37,4.34783,60.8696,8.69565,13.0435,,,Potato Chips,Solid
KRACKLES TOONS CARAMEL POTATO CRISPS,77,322.168,2,17,,,2,0.065,Potato Crisp,Solid
KRACKLES TOONS HOT AND SWEET POTATO CRISPS,,,,,,,,,Potato Crisp,Solid
KRACKLES TOONS TUTTI FRUTTI POTATO CRISPS,400,1673.6,8,40,5,18,,,Potato Crisp,Solid
KRACKLES ZINGY SALT AND VINEGAR POTATO CHIPS,520,2175.68,,46.6667,,33.3333,,0.8,Potato Chips,Solid
KRACKLES ZINGY SALTVINEGAR,520,2175.68,,46.6667,,33.3333,,0.8,Potato Crisps,Solid
KRACKS BBQ POTATO CHIPS,543,3320,2.1,56,1,34,1,,Potato Chips,Solid
KRACKS CREAM AND ONION SOUR SNACK,470,1966,9,70,13,17,3,0.49,Snack,Solid
KRACKS HOT AND SPICY CHIPS,506,2125,5.4,15.5,3.9,26.3,,0.709,Chips,Solid
KRIPSII SNACK SALTED,,,,,,,,,,
KRIPSII SNACK TOMATO KETCHUP,,,,,,,,,,
KRUNCHY NUTZ SALTED FLAVOUR ROASTED CASHEWS,636,2661.02,16.4,26.4,6.2,51.6,,0.5,Cashews,Solid
KTC LIME JUICE,,,,,,,,,Juice,Liquid
KUDOS CASSAVA AND CHILLI CHIPS,483,2020.87,1,71,,21,,,Chips,Solid
KUDOS CASSAVA SALTED POTATO CHIPS,487.778,2040.86,1.11111,71.6667,,21.6667,,,Potato Chips,Solid
KUDOS CHILLI CASSAVA CHIPS,483,2020.87,1,71,,21,,,Cassava Chips,Solid
KUDOS FRIED PEANUTS,1268,5305.31,52,40,8.2,100,17.2,0.52,Fried Peanuts,Solid
KUDOS NUMBERS AND LETTERS CORNBITES,583,2439.27,38,54,,5,,,Cornbites,Solid
KUDOS NUMBERS AND LETTERS CORNBITES PUFFS,234,1235,9,32,12,1.2,,0.345,Cornbites Puffs,Solid
KUDOS ROASTED PEANUTS,634,2653,26,20,4.1,50,8.6,0.26,Roasted Peanuts,Solid
KUDOS SALTED CASSAVA CHIPS,487.778,2040.86,1.11111,71.6667,,21.6667,,,Cassava Chips,Solid
KUDOS SALTED CASSAVA CRISPS,,,,,,,,,Cassava Crisps,Solid
KUDOS SALTED POPCORN,413,1727,11.5,74,,8.1,15,0.5,Popcorn,Solid
KUISHU RICE VERMICELLI,355,1485.32,11,74,3,1,1,0.049,Noodle,Solid
L'EPI D'OR BABBOUCHA SHELL PASTA,355,1485.32,12.5,73,,,1.15,,Shell Pasta,Solid
L'EPI D'OR COQUILLETTES SHELL PASTA,355,1485.32,12.5,73,,,1.15,,Shell Pasta,Solid
L'EPI D'OR LASAGNE PASTA,355,1485.32,12.5,73,,,1.15,,Lasagne Pasta,Solid
L'EPI D'OR NO.2 NOODLES,355,1485.32,12.5,73,,,1.15,,Noodles,Solid
LA BALEINE COARSE IODIZED SEA SALT,428,179,15.3,13.4,2.7,34.8,5.2,0.341,Sea Salt,Powder
LA BALEINE FINE IODIZED SEA SALT,428,179,15.3,13.4,2.7,34.8,5.2,0.341,Sea Salt,Powder
LA BALEINE FINE SEA SALT,0,0,,,,,,38.81,Fine Sea Salt,Solid
LA BALEINE IODIZED COARSE SEA SALT,0,0,0,0,0,0,0,0.581,Coarse Sea Salt,Solid
LA BALEINE IODIZED FINE SEA SALT,0,0,0,0,0,0,0,38.81,Fine Sea Salt,Solid
LAKANTO CLASSIC MONKFRUIT SWEETENER WITH ERYTHRITOL,0,0,0,100,100,0,0,0,Monkfruit Sweetener,Solid
LAKANTO GOLDEN MONKFRUIT SWEETENER WITH ERYTHRITOL,0,0,0,100,0,0,0,0,Monkfruit Sweetener,Solid
LAKANTO SF ALMND DARK CHOCO BAR,,,,,,,,,,
LAKANTO SUGAR FREE 54 COCOA DARK CHOCOLATE BAR,533.333,2230,10,36.6667,3.33333,50,13.3333,0.166667,Dark Chocolate Bar,Solid
LAOGANMA CHICKEN CHILLI OIL WITH TOFU PICKLE,552,2308,6.2,44,3.4,59.3,,,Pickle,Solid
LAOGANMA CHILI PASTE,544,2276,9.2,19.9,1.2,45.6,0,0,Black Beans In Chilli Oil,Liquid
LAY'S STAX ORIGINAL POTATO CHIPS,150,627.6,2,17,,8,1,0.14,Potato Chips,Solid
LAZIZA TOMATO PUREE,,,,,,,,,,
LE PHARE DU CAP BON HARISSA RED CHILLI HOT SAUCE TUNISIE,69,290,9,8.3,4.5,2.25,,,Hot Sauce Tunisie,Paste
LEA & PERRINS WORCESTERSHIRE SAUCE,96,405,0.8,21,18.8,0.9,,,Sauce,Paste
LEE KUM KEE KUM CHUN SOY SAUCE,,,,,,,,,,
LIKING CITRUS MIX CANDIES,,,,,,,,,Food,
LIKING COFFEE FILLED CANDIES,,,,,,,,,Food,
LIKING CREAMY LIQORICE TOFFEES,,,,,,,,,Food,
LIKING F C SPARKLING CANDIES,,,,,,,,,Food,
LIKING FILLED FRUITS FLVCANDIES,,,,,,,,,Food,
LIKING FRIZY SPARKLING CANDIES,,,,,,,,,Food,
LIKING FRUIT ASSORTED TOFFEES,,,,,,,,,Food,
LIKING HARD MINT CANDIES,,,,,,,,,Food,
LIKING HONEY FILLED CANDIES,385,1637,0,96,74,0,,,Food,
LIKING MIX ASSORTED CANDIES,,,,,,,,,Food,
LIKING RED FRUIT&YOGHURT TOFFES,,,,,,,,,Food,
LIKING WILDBERRY FRUIT CANDIES,,,,,,,,,Food,
LIME & GINGER FRESH JUICE,,,,,,,,,Juice,Liquid
LIME&GINGER FRESH JUICE,,,,,,,,,Juice,Liquid
LINDT BLOCK GO MILCH,,,,,,,,,,
LINDT BLOCK GOLD NUSS,,,,,,,,,,
LINDT EXCELLENCE 85% COCOA DARK CHOCOLATE,584,2413,12.5,19,11,46,16.3,0.01,Dark Chocolate,Solid
LINDT EXCELLENCE A TOUCH OF SEA SALT DARK CHOCOLATE,529,2205,6.2,50,48,32,,,Dark Chocolate,Solid
LINDT EXCELLENCE MINT INTENSE DARK CHOCOLATE,529,2202,6.3,51,49,32,,,Dark Chocolate,Solid
LINDT GOLD BUNNY WHITE,,,,,,,,,,
LINDT LES GRANDES 32 WHOLE ALMOND WHITE CHOCOLATE BAR,606,2522,11,44,39,42,,,White Chocolate Bar,Solid
LINDT LES GRANDES 34% HAZELNUT DARK CHOCOLATE BAR,573,2382,8,42,39,40,,,Dark Chocolate Bar,Solid
LINDT LINDOR CORNET MILK CHOCOLATE,617,2564,4.6,43,43,47,2,,Milk Chocolate,Solid
LINDT LINDOR CORNET SALTED CARAMEL,,,,,,,,,Food,Solid
LINDT LINDOR MILK CHOCOLATE,622,2582,4.6,44,43,47,2,,Milk Chocolate,Solid
LINDT LINDOR MILK CORNET CHOCOLATE,623,2606.63,5,44,42,47,,,Milk Cornet Chocolate,Solid
LINDT LINDOR SWISS CLASSIC WHITE CHOCOLATE WITH ALMOND BRITTLE,643,2669,5.2,43,43,50,,0.084,White Chocolate,Solid
LINDT LINDOR SWISS HAZELNUT MILK CHOCOLATE,612,2561,5.3,43,42,46,,,Hazelnut Milk Chocolate,Solid
LINDT SURFIN GOLD,,,,,,,,,,
LINDT SWISS PREMIUM ASSORTED NAPOLITAINS DARK CHOCOLATE,567,2362,6.3,53,50,36,2.7,0.064,Dark Chocolate,Solid
LIVE LIFE W GREEN BANANA FLOUR,346,1447,3.9,88.3,0,1.8,9.9,,Flour,Powder
LIVE LIFE W ORANGE SWEET POTATO,359,1502,1.6,20.1,4.2,0.1,3,0.055,Flour,Powder
LIVE LIFE WELL BUTTERNUT FLOUR,364,1522.97,10,76,0.3,1,,0.002,Butternut Flour,Powder
LIVE LIFE WELL CARROT FLOUR,178.947,748.716,5.26316,40.3509,,0,,,Carrot Flour,Powder
LIVE LIFE WELL ORGANIC PORRIDGE OATS,370,1548.08,11,58,1,8,10,,Oats,Solid
LIVE LIFE WELL PUMPKIN FLOUR,364.286,1524.14,14.2857,71.4286,28.5714,3.57143,,0.025,Pumpkin Flour,Powder
LIWEI CRACKER,200,836.8,6.66667,31.6667,,5,5,,Cracker,Solid
LIZI ORGANIC NUTS & SEEDS GRANOLA,,,,,,,,,,
LIZI ORIGINAL GRANOLA NUTS AND SEED,,,,,,,,,,
LOACKER CHOCOLATE SANDWICH WAFER,,,,,,,,,Wafer,Solid
LOACKER CLASSIC VANILLA WAFER,,,,,,,,,,
LOACKER CRISPY DOUBLE CHOCOLATE CREAM WAFERS,521.739,2182.61,8.69565,60.8696,30.4348,26.087,,0.130435,Wafers,Solid
LOACKER QUADRATINI BITE SIZE VANILLA WAFER COOKIES,517,2163,7,61,30,26,,0.162,Wafer Cookies,Solid
LONG KOU GREEN BEAN VERMICELLI,,,,,,,,,Vermicelli,Solid
LOTTE ECLAIR HONEY,,,,,,,,,,
LOTTE PEPERO ALMOND STICK B,,,,,,,,,,
LOTTE PEPERO CHOCO FILED STICK B,,,,,,,,,,
LOTTE PEPERO ORIGINAL STICKS B,,,,,,,,,,
LOTTE PEPERO WHITE COOKING STICK B,,,,,,,,,,
LOTUS BISCOFF SPREAD COOKIE BUTTER,365,2430,2.9,57,36.8,38.1,,0.216,Cookie Butter,Cream
LOTUS BISCOFF SPREAD CRUNCHY,,,,,,,,,,
LOTUS HOME BAKING FLOUR,,,,,,,,,,
LOUISIANA BRAND HOT SAUCE,,,,,,,,,,
LOUISIANA BRAND HOTTER HOT SAUCE,,,,,,,,,,
LOVERAW CRE&M SALTED CARAMEL WAFER,,,,,,,,,,
LOVERAW CRE&M WHITE CHOCOLATE WAFER,,,,,,,,,,
LOVERAW MILK CHOCOLATE PNB,,,,,,,,,,
LU BAKERI CLASSIC BISCUIT,,,,,,,,,,
LU PRINCE CHOCOLATE BISCUIT,525,2196.6,4.9,68,34.4,25.6,,0.136,Chocolate Biscuit,Solid
LUCOZADE BOOST BUZZ ENERGY DRINK,355,1485.32,1,87,70,1,,,Energy Drink,Liquid
LUCOZADE BOOST GLUCOSE ENERGY DRINK,355,1485.32,1,87,70,1,,,Energy Drink,Liquid
LUKHOLELE FINE GRIND ROASTED COFFEE,1,4,1,1,1,1,1,,Coffee,Powder
LUNA CONCENTRATED EVAPORATED MILK KARAK,139,581.576,6.2,10.4,10.4,8.1,0.5,6.00E-05,Milk Karak,Liquid
LUNA CREAM,137,573,6,10,9,8,,,Cream Milk,Liquid
LUNN BLACK SALT,0,0,0,0,0,0,0,34,Black Salt,Solid
LUNN CINNAMON AND SUGAR,397.1,1661.46,10.5,85.4,54.2,1.5,,0.0091,Cinnamon And Sugar,Solid
LUNN DESSERT FINE SALT,0,0,0,0,0,0,,0.034,Fine Salt,Solid
LUNN GRINDER BLACK SALT,0,0,0,0,0,0,0,34,Black Salt,Solid
LUNN HIMALAYAN PINK ROCK SALT,0,0,0,0,0,0,0,34,Pink Rock Salt,Solid
LUNN LOW SODIUM DESERT SALT,0,0,0,0,0,0,,24.58,Salt,Solid
LUNN MINERAL RICH DESERT SALT,0,0,0,0,0,0,0,34,Salt,Solid
LUNN THAI SEASONING,1120,4686.08,10.2,30.9,17,7.6,,,Seasoning,Solid
LUNN� ROCK DESERT SALT,,,,,,,,,,
LYONS BURGER SAUCE,,,,,,,,,Burger Sauce,Paste
LYONS CHILLI MAYO CREAMY MAYONNAISE,385.1,1611,1.4,9.9,6,38.4,,0.492,Mayonnaise,Paste
LYONS CHILLI SAUCE,88,368.192,1.7,9.6,1.1,2.4,4.7,,Chilli Sauce,Paste
LYONS GARLIC MAYO CREAMY MAYONNAISE,724,2979,1.9,1.1,1.1,79.1,,,Mayonnaise,Paste
LYONS GOURMET MAYONNAISE,100,418.4,,,,2,,0.075,Mayonnaise,Paste
LYONS GREEK LIGHT SALAD DRESSING,1970,8242.48,3,3,0,0,,0,Salad Dressing,Paste
LYONS GREEK VINAIGRETTE SALAD DRESSING,,,,,,,,,Salad Dressing,Paste
LYONS HOT AND SWEET SAUCE,108.64,454.55,0.81,26.27,24.54,0.25,1.05,,Sauce,Paste
LYONS ISLAND SALAD DRESSING,154,644.33,6,12,3,3,2.5,0.252,Salad Dressing,Cream
LYONS ITALIAN LIGHT SALAD DRESSING,,,,,,,,,Salad Dressing,Paste
LYONS ITALIAN VINAIGRETTE SALAD DRESSING,,,,,,,,,Salad Dressing,Paste
LYONS LIGHT MAYO MAYONNAISE,,,,,,,,,Mayonnaise,Paste
LYONS LIGHT MAYONNAISE,280,1171.52,,,,26.6667,,,Mayonnaise,Cream
LYONS MAID CHOCOMANIA CHOCOLATE SPREAD,537,2247,5,55.8,54.9,32.6,,,Chocolate Spread,Paste
LYONS MAID CHOCOTELLA,77,322.168,2,12,,4,,,Ice Cream,Cream
LYONS MAID DARK COMPOUND CHOCOLATE,532,2225.89,7,59,43,30.2,0,0,Chocolate,Solid
LYONS MAID MILK COMPOUND CHOCOLATE,546,2284.46,6.2,58,,31.8,,,Chocolate,Solid
LYONS MAID WHITE COMPOUND CHOCOLATE,558,2334.67,5.05,62.23,,33.26,,,Chocolate,Solid
LYONS MAYOWHIP CREAMING AND TANGY DRESSING EGGLESS MAYONNAISE,210,878.64,0.75,4,2,22,0,0.0006,Mayonnaise,Paste
LYONS SALAD CREAM SALAD DRESSING,268,1121.31,0,25,24,28,0,0.79,Salad Dressing,Paste
LYONS SUBSTITUTE WHITE VINEGAR,,,,,,,,,White Vinegar,Liquid
LYONS TOMATO KETCHUO,24.5902,102.885,1.63934,4.91803,1.63934,0,1.63934,0.459016,Tomato Sauce,Paste
LYONS TOMATO SAUCE,15,62.76,1,3,1,,1,0.28,Tomato Sauce,Paste
M&M'S CRISPY BUNNY NEW,,,,,,,,,,
M&MS CHOCOLATE,516,2157,10,58,53,26,,,Chocolate Bar,Solid
MA CUISINE CLASSIC TARTARE SAUCE,397.1,1661.46,10.5,85.4,54.2,1.5,,0.0091,Sauce,Paste
MA CUISINE JUST MIXED FRUIT JAM,285,1192.44,0.5,70,70,0,0.5,0.12,Jam,Jelly
MA CUISINE JUST RASPBERRY JAM,232,970.688,0.5,56,0.3,0.5,3.9,0.007,Jam,Jelly
MA CUISINE JUST STRAWBERRY JAM,240,1021,0,59,59,0,1.1,,Jam,Jelly
MA CUISINE MANGO CHUTNEY,136,569.024,0.8,32.8,2.4,1.2,,,Mango Chutney,Paste
MA CUISINE SEVILLE ORANGE MARMALADE FRUIT JAM,245,1025.08,0.3,65,60,0.3,0.7,0.037,Jam,Jelly
MA CUISINE TOMATO CHUTNEY,313,1309.59,0.1,61,27,0.1,1,0.52,Tomato Chutney,Paste
MA CUISINE WILD BUSH HONEY,340,1422.5,,85,,,,,Honey,Liquid
MAC ANDREWS CHOCOLATE CHIP AND HAZELNUT COOKIES,457,1912.09,5,60,38,23,4,0.027,Cookies,Solid
MACCOFFEE 3 IN 1 HAZELNUT COFFEE,430,1799.12,3,83,,10,,,Coffee,Powder
MACCOFFEE 3 IN 1 HAZELNUT COFFEE X OF,430,1799.12,3,83,,10,,,Coffee,Powder
MACCOFFEE 3 IN 1 IRISH CREAM COFFEE,420,1757.28,3,81,,9,,,Coffee,Powder
MACCOFFEE 3 IN 1 MORNING WHITE COFFEE MIX,450,1882.8,5,70,37.5,17.5,,0.325,Coffee Mix,Powder
MACCOFFEE 3 IN 1 PLUS WHITE COFFEE MIX,425,1780,19.7,36.8,33.3,19.7,4.3,0.33,White Coffee Mix,Powder
MACCOFFEE 3 IN 1 PLUS WHITE COFFEE MIX X OF,425,1780,19.7,36.8,33.3,19.7,4.3,0.33,White Coffee Mix,Powder
MACCOFFEE 3 IN 1 STRONG COFFEE,426,1782.38,4.5,78,55,10,2.5,,Coffee,Powder
MACCOFFEE CAFE PHO 3 IN 1 INSTANT ICED COFFEE,475,1987.4,3.91667,71.6667,48.3333,18.9167,,0.366667,Instant Iced Coffee,Powder
MACCOFFEE CAFE PHO 3 IN 1 INSTANT ICED COFFEE X OF,475,1987.4,3.91667,71.6667,48.3333,18.9167,,0.366667,Instant Iced Coffee,Powder
MACCOFFEE CLASSIC COFFEE,0.3,,2,100,,0.004,,,Food,
MACCOFFEE CLASSIC INSTANT COFFEE MIX,304,1276,22.6,40.2,0.5,0.5,23.7,0.03655,Instant Coffee Mix,Powder
MACCOFFEE CREME NON DAIRY CREAMER,551,2305.38,1.2,57,7.6,34,,,Dairy Creamer,Powder
MACCOFFEE KENYAN COFFEE MEDIUM,42,175.728,,8,,,,,Coffee,Solid
MACCOFFEE KENYAN KAHAWA MEDIUM ROAST MEDIUM GRIND COFFEE,6.32911,418.397,,,,,,,Coffee,Powder
MACCOFFEE STRONG 3 IN 1 COFFEE X 20 PIECES,91,380.744,0.5,15.5,13.6,3,0.5,0.0252,Coffee,Powder
MACTEA ORIGINAL 3 IN 1 MILK INSTANT TEA MIX,89,372,0.4,16.7,13.2,2.2,0.2,0.02,Instant Tea Mix,Powder
MACUISINE GARLIC MAYONNAISE,580,2426.72,1,9,4,,,0.45,Mayonnaise,Paste
MACUISINE GOOD BEE HONEY,272.51,1140.18,0.3,66.79,,0.11,,,Honey,Paste
MACUISINE HOT TOMATO KETCHUP,,,,,,,,,,
MACUISINE JUST MAYONNAISE,680,2845.12,1,0.6,0.6,12,,0.635,Mayonnaise,Paste
MACUISINE REAL TOMATO KETCHUP,,,,,,,,,,
MACUISINE VEGAN MAYONNAISE,654,2738,0.5,3.9,2.7,72,,,Mayonnaise,Paste
MAGGI STAR FORTIFIED SEASONING CUBES X OF,173,728,5.1,29,0.4,3.7,,,Seasoning Cubes,Powder
MAGICAL GUMMY BANANAS,340,,7.9,75.7,52.5,0.1,0,0.028,Food,solid
MAGICAL GUMMY BONES,340,,7.9,75.7,52.5,0.1,0,0.028,Food,solid
MAGICAL GUMMY CHEESE CAKE,,,,,,,,,,
MAGICAL GUMMY COLA BOTTLES,340,,7.9,75.7,52.5,0.1,0,0.028,Food,solid
MAGICAL GUMMY FRUIT,,,,,,,,,,
MAGICAL GUMMY RING,340,,7.9,75.7,52.5,0.1,0,0.028,Food,solid
MAGICAL GUMMY TEETH,,,,,,,,,,
MAGICAL GUMMY TURTLE,340,,7.9,75.7,52.5,0.1,0,0.028,Food,solid
MAGICAL SOUR GUMMY WORMS,340,,7.9,75.7,52.5,0.1,0,0.028,Food,solid
MAILLE DIJON ORIGINAL MUSTARD,151,631,7,3.5,1.9,11,2,,Mustard,Solid
MAISHA DRINKING WATER,0,0,,,,,,0.004,Water,Liquid
MALBROS DAAWAT AROMATIC RICE,366.667,1533.33,8.88889,80,,,,,Rice,Solid
MALBROS DAAWAT BIRYANI RICE,350,1464,8.8,78,,0.47,1.6,0.0017,Rice,Solid
MALBROS DAAWAT BROWN RICE,350,1464,9.7,75,,2.5,2.5,0.005,Rice,Solid
MALBROS DAAWAT LONG GRAIN RICE,129.747,542.405,2.72152,28.481,0.0632911,0.253165,0.379747,0.00101266,Rice,Solid
MALTERSERS CHOCOLATE BALL,505,2115,8.2,62,52,25,0,0.17,Chocolate,Solid
MALTESERS BUNNY POPCORN NEW,,,,,,,,,,
MALTESERS MINI BUNNIES C STRIP,,,,,,,,,,
MALTESERS SMALL BOX,503,2105,8.1,62,53,25,,,Chocolate Box,Solid
MALTESERS SPREAD,,,,,,,,,,
MAMA'S CHOICE CHIPS SAUCE,82,336,4.3,19,12,0.5,4.1,0.059,Chips Sauce,Paste
MAMA'S CHOICE CHIPS TOMATO SAUCE,82,336,4.3,19,12,0.5,4.1,0.059,Sauce,Paste
MAMAS CHOICE CHILLI,114.286,477.143,11.4286,2.85714,2.85714,8.57143,0,0.485714,Chilli Sauce,Liquid
MAMA’S CHOICE CHIPS SAUCE,82,336,100,19,12,0.5,,,437kcal,0g
MANGO FRESH JUICE,,,,,,,,,Juice,Liquid
MANJI ASSORTED CREAM BISCUITS,400,1673.6,6.4,51.2,,18.4,,,Biscuits,Solid
MANJI BISCUITS ASSORTED BUDGET1K,,,,,,,,,,
MANJI BISCUITS CHOCOLATE,,,,,,,,,,
MANJI BISCUITS CLASSIC COMBO 1K,468,1958.11,8,68,,16,,,Biscuit,Solid
MANJI BISCUITS DIGESTIVE,459,1920.46,5,72,,17,,,Biscuit,Solid
MANJI BUTTER CASHEW COOKIES,,,,,,,,,Cookies,Solid
MANJI CHOCOLATE CHIPS COOKIES,466.667,1952.53,,60,53.3333,6.66667,26.6667,0.0666667,Cookies,Solid
MANJI CHOCOLATE CREAM BISCUITS,,,,,,,,,Biscuits,Solid
MANJI CHOCOLATE DIGESTIVE BISCUIT,1530,6401.53,16.6667,240,,56.6667,,,Digestive Biscuit,Solid
MANJI CLASSIC REAL GINGER COOKIES,,,,,,,,,Cookies,Solid
MANJI COCONUT COOKIES,,,,,,,,,Cookies,Solid
MANJI COOKIES FAIRYLAND CHIPS,459,1920.46,5,64,,27,,,Cookies,Solid
MANJI CUSTARD CREAM BISCUITS,588,2460.19,6,68,,19,,,Biscuits,Solid
MANJI DIGESTIVE BISCUIT,1530,6401.53,16.6667,240,,56.6667,,,Biscuit,Solid
MANJI DINNER CRACKERS BISCUIT,512,2142.21,,64,,20,,0.044,Biscuit,Solid
MANJI FAMILY BISCUITS,468,1958,8,68,0,16,0,0,Biscuit,Solid
MANJI GINGER COOKIES,,,,,,,,,Cookies,Solid
MANJI GINGER SNAPS BISCUITS,,,,,,,,,Biscuit,Solid
MANJI GINGERNUT BISCUIT,,,,,,,,,Biscuit,Solid
MANJI GLUCOSE BISCUIT,464,1941.3,8,72,,15,,,Biscuit,Solid
MANJI GOOD DAY DIGESTIVE BISCUIT,459,1920.46,5,72,,17,,,Digestive Biscuit,Solid
MANJI HIGH ENERGY EGG AND MILK BISCUIT,450,1882.8,8,74,0,15,0,0,Biscuit,Solid
MANJI HIGH ENERGY HONEY AND CHOCOLATE BISCUIT,460,1924.6,8,72,24,16,6,0.34,Biscuit,Solid
MANJI MANJIMIX OATS WITH ALMONDS AND RAISINS WHOLE GRAIN CEREAL BISCUITS,430.769,1802.31,,69.2308,,14.6154,,,Cereal Biscuits,Solid
MANJI MARIE BISCUITS,,,,,,,,,Biscuit,Solid
MANJI MARIE CLASSIC BISCUITS,,,,,,,,,Biscuit,Solid
MANJI MILK CHOCOLATE CHOCOLATE FINGERS BISCUIT,509,2130,,64,37,25,2.1,,Biscuit,Solid
MANJI MILKSTAR MILK BISCUIT WITH GLUCOSE,210,878.6,3,87,0,6,0,0,Biscuit,Solid
MANJI MORNING BREEZE BISCUITS,,,,,,,,,Biscuit,Solid
MANJI NICE BISCUIT,468,1958,8,68,0,16,0,0,Biscuit,Solid
MANJI NICE BISCUITS WITH COCONUT BUDGET,468,1958,8,68,0,16,0,0,Biscuit,Solid
MANJI NICE COCONUT BISCUIT,468,1958,8,68,0,16,0,0,Biscuit,Solid
MANJI ORANGE CREAM BISCUIT,69,282,0,11,0,2,0,0,Biscuit,Solid
MANJI ORANGE CREAM BISCUITS,588,2460,6,68,,19,,,Biscuits,Solid
MANJI PINEAPPLE CREAM BISCUITS,400,1673.6,6.4,51.2,,18.4,,,Biscuits,Solid
MANJI PURE BUTTER ALMOND COOKIES,286.667,1199.41,,51.3333,,10.6667,4,,Cookies,Solid
MANJI SALTY SNACK BISCUIT,468,1958.11,8,68,,16,,,Biscuit,Solid
MANJI SHORTBREAD BISCUITS,516,2158.94,6.54,61,18,27.5,,,Biscuits,Solid
MANJI SHORTCAKE BISCUIT,416,1740.4,8,72,8,8,8,0,Biscuit,Solid
MANJI STRAWBERRY CREAM BISCUITS,,,,,,,,,Biscuits,Solid
MANJI SWISS BANANA WAFER,541.667,2266.33,0,62.5,33.3333,33.3333,0,0.166667,Wafer,Solid
MANJI SWISS CHOCOLATE WAFER,,,,,,,,,Wafer,Solid
MANJI SWISS STRAWBERRY WAFER,500,2092,5,71,20,22,,,Wafer,Solid
MANJI TREAT CASHEW COOKIES,451,2263,6.35,66,22,18,,0.3,Cookies,Solid
MANJI TREAT MILK CHOCOLATE COOKIES,517,2163,7,65,,25,,,Cookies,Solid
MARIANDAZI BAKING POWDER,52.1739,218.283,,28.2609,,,,10.6087,Baking Powder,Powder
MARINAT KIRINYAGA ARABICA DARK ROAST GROUND COFFEE,,,,,,,,,Ground Coffee,Powder
MARINAT KIRINYAGA DARK ROAST COFFEE BEANS,2.4,10.0416,0.3,0,0,0.1,0,0.0047,Coffee Beans,Solid
MARINAT KIRINYAGA HONEY SELECT AND GRIND ARABICA COFFEE,1,4.184,,0.1,,,,,Coffee,Powder
MARINAT KIRINYAGA HONEY SELECT AND GRIND ARABICA COFFEE BEANS,2.4,10.041,0.3,0,0,0.01,0,4.7,Coffee Beans,Solid
MARMITE ORIGINAL,,,,,,,,,,
MARMITE YEAST EXTRACT,263,1100,34,30,,0.1,1.1,,Yeast Extract,Paste
MARS CELEBRATIONS CHOCOLATE,495,2071,5.5,62,55,24,,,Chocolate,Solid
MARS CHOCOLATE BAR,228,953,2,35,31.5,8.4,,,Chocolate Bar,Solid
MARS GALAXY SMOOTH SPREAD,,,,,,,,,,
MARS TWIX SPREAD,,,,,,,,,,
MARTINI ROSE DEMISEC SPARKLING WINE,,,,,,,,,Wine,Liquid
MASTER CHEF PREMIUM VEGETABLE COOKING OIL,,,,,,,,,,
MASTER KANG BEEF WITH CABBAGE PICKLED INSTANT NOODLE,721,3019,47.2,75.7,,41.3,,,Instant Noodle,Solid
MASTER KANG GREEN TEA,18,75,0,4.5,4.2,0,0,0,Tea,Liquid
MASTER KANG HOT BEEF NOODLE,,,,,,,,,Noodle,Solid
MASTER KANG ICED PEAR TEA DRINK,48,204,,22,2.8,,,,Iced Pear Tea Drink,Liquid
MASTER KANG JASMINE TEA,18,75,0,4.5,4.2,0,0,0,Tea,Liquid
MAYERS 10 LITERS DISTILED WATER,,,,,,,,,Spring Water,Liquid
MAYERS NATURAL SPRING SPARKLING WATER,1,4.184,,0.01,,,,,Sparkling Water,Liquid
MAYERS SPRING WATER STILL,,,,,,,,,Sparkling Water,Liquid
MCVITIE'S DIGESTIVE BISCUIT,481,2012.5,7,62,16,21,,,Biscuit,Solid
MCVITIE'S DIGESTIVE DARK CHOCOLATE BISCUIT,496,2075.26,4,40,17,16,,0.198,Biscuit,Solid
MCVITIE'S DIGESTIVE WHEAT BISCUIT,481,2012.5,7,62,16,21,,0.534,Biscuit,Solid
MCVITIE'S LIGHT DIGESTIVE BISCUIT,440,1840.96,6.66667,66.6667,20,13.3333,,,Biscuit,Solid
MCVITIE'S MARIE FINGER BISCUITS,448,1874,7.2,72.5,20.7,14.3,3,0.016,Biscuits,Solid
MCVITIES BN STRAWBERRY BISCUIT,398,1681,5.3,75,32,8.4,2.5,,Biscuits,Solid
MCVITIES DARK COOKIE CREAM CHOCOLATE,,,,,,,,,,
MCVITIES DARK COOKIE CREAM ORANGE,,,,,,,,,,
MCVITIES OAT CRUNCH COOKIES,472,1976,7.4,61.8,22.9,20.2,6.5,0.327,Cookies,Solid
MCVITIES SANDWICH BISCUITS CHOCOLATE VANILLA,,,,,,,,,,
MCVITIES SANDWICH BISCUITS DARK CHOCOLATE,,,,,,,,,,
MELINDA'S CHIPOTLE HOT SAUCE,,,,,,,,,,
MELINDA'S ETRA HOT SAUCE,,,,,,,,,,
MELINDA'S EXTRA HOT SAUCE,,,,,,,,,,
MELINDA'S EXTRA RESERVE,,,,,,,,,,
MELINDA'S GARLIC HOT SAUCE,,,,,,,,,,
MELINDA'S GHOST PEPPER HOT SAUCE,,,,,,,,,,
MELINDA'S HOT SAUCE,,,,,,,,,,
MELINDA'S JALAPEÍO HOT SAUCE,,,,,,,,,,
MELINDA'S MANGO HOT SAUCE,,,,,,,,,,
MELINDA'S NAGA JOLOKIA PEPPER HOT SAUCE,,,,,,,,,,
MELINDA'S REDSAVINA HOT SAUCE,,,,,,,,,,
MELINDA'S SCORPION PEPPER HOT SAUCE,,,,,,,,,,
MELINDA'S SCOTCH BONNET HABANERO PEPPER HOT SAUCE,,,,,,,,,,
MELITTA ORIGINAL WHITE FILTER PAPER COFFEE 40 PIECES,2.4,10.0416,0.3,0,0,0.1,0,0.0047,Coffee,Powder
MELVINS BBQ SEASONING SALT,367,1535.53,10,57,30,8.3,6.7,0.183,Seasoning Salt,Powder
MELVINS HERBAL SALT,44,184.09,2,0,0,0,0,0.032,Salt,Solid
MELVINS HERBAL SEASONING MIX,44,184.09,2,0,0,0,0,0.032,Seasoning Mix,Powder
MELVINS IODIZED FLOW TABLE SALT,0,0,0,0,0,0,0,38.758,Table Salt,Solid
MELVINS LEMON CHILI SEASONING SALT,100,418.4,4,26,0,1,10,21.3,Seasoning Salt,Powder
MENTOS GRAPE ROLL CANDY 14 PIECES,,,,,,,,,Candy,Solid
MENTOS INCREDIBLE CHEW GREEN APPLE CANDY,414,1732.18,2,81,59,8.8,,0.01,Candy,Solid
MENTOS PURE FRESH BREATH SUGAR FREE WINTER GREEN TEA CHEWING GUM,,,,,,,,,Chewing Gum,Solid
MENTOS PURE FRESH MINT CHEWING GUM,181,757,,73,71,,,,Chewing Gum,Solid
MENTOS PURE FRESH STRAWBERRY CHEWING GUM,,,,,,,,,,Solid
MENTOS PURE FRESH WINTER GREEN CHEWING GUM,173,724,70.7,0.1,,0.1,0.1,0.008,Chewing Gum,Solid
MENTOS ROLL RAINBOW CHEWY,,,,,,,,,,
MENTOS STRAWBERRY CHEWING GUM (14 PIECES),386,1615,,92.5,70.1,1.7,,0.04,Chewing Gum,Solid
MERIDIAN BARLEY MALT EXTRACT,,,,,,,,,,
MERIDIAN ORGANIC & FT MOLASSES,,,,,,,,,,
MERIDIAN ORGANIC BARLEY MALT EXT,,,,,,,,,,
MERIDIAN ORGANIC MOLASSES,278,1163,3.8,65.3,60.5,0.2,,,Molasses,Solid
MERIDIAN ORGANIC TAHINI DARK,,,,,,,,,,
MERIDIAN ORGANIC TAHINI LIGHT,,,,,,,,,,
MERIDIAN TAHINI DARK,,,,,,,,,,
MIKSI CHOCOLATE MILK DRINK POWDER,457,1912.09,12,61,,18,,,Milk Drink Powder,Powder
MIKSI COFFEE,452,1891.17,11,61,0,17,0,0,Milk Drink,Powder
MIKSI COFFEE SINGLES,33,138.072,,3,,1.2,,0.035,Milk Drink,Liquid
MIKSI FLAVOURED CHOCOLATE,457,1912.09,12,61,0,18,0,0,Drink Powder,Powder
MILANGO DIAMOND HAZELNUT MILK CHOCO WAFER,531.579,2224.13,10.5263,42.1053,42.1053,36.8421,10.5263,0.0894737,Wafer,Solid
MILKA ALPINE MILK CHOCOLATE,,,,,,,,,,
MILKA BUBBLY MILK & WHITE,,,,,,,,,,
MILKA EXTRA COCOA CHOCOLATE,,,,,,,,,,
MILKA MILK & WHITE CHOCOLATE,,,,,,,,,,
MILKA OREO,,,,,,,,,,
MILKA OREO BAR CHOCOLATE,,,,,,,,,,
MILKYBAR BLOCK,,,,,,,,,,
MILKYBAR BUTTONS,,,,,,,,,,
MILKYBAR BUTTONS GIANT,,,,,,,,,,
MILKYBAR BUTTONS RSPB,,,,,,,,,,
MILYA'S CARAMEL POPCORN,398,1665,1,90,,3.67,0.92,0.2,Popcorn,Solid
MILYA'S TUTTI FRUTTI FLAVOURED POPCORN,430,1812,6.7,71,38,11.5,7.5,,Popcorn,Solid
MILYA'S TUTTIFRUTTI FLAVOURED POPCORN,430,1812,6.7,71,38,11.5,7.5,,Popcorn,Solid
MINUTE MAID MANGO JUICE,60,251.04,0.8,15,14,0.4,1.6,0.001,Juice,Liquid
MINUTE MAID MANGO PULPY JUICE,60,251.04,0.8,15,14,0.4,1.6,0.001,Juice,Liquid
MINUTE MAID TROPICAL JUICE,65,271.96,0.3,15,,0.1,0.3,,Juice,Liquid
MIRINDA FRUITY CARBONATED MIXED BERRY SOFT DRINK,,,,,,,,,,
MIRINDA GREEN APPLE,,,,,,,,,,
MIRINDA GREEN APPLE SOFT DRINK,49,206,0,15,13,0,0,0.005,Soft Drink,Liquid
MIRINDA ORANGE CARBONATED SOFT DRINK,,,,,,,,,,
MIRINDA ORANGE SOFT DRINK,53,221,0,14,14,0,0,0.004,Soft Drink,Liquid
MIRINDA PINEAPPLE,,,,,,,,,,
MIRINDA PINEAPPLE SOFT DRINK,,,,,,,,,,
MIRINDA SODA,,,,,,,,,,
MIYATA BIO ORGANIC MISO AKA PASTE,199,832,12,26,,5,5,3.722,Miso Aka Paste,Paste
MIYATA PANKO BREAD CRUMBS,348.5,1458.12,7.8,37.9,7,18.8,0,0.5368,Bread Crumbs,Solid
MIYATA SOBA BUCK WHEAT NOODLE,345,1443.48,18,65,0,1,0,0,Noodle,Solid
MIYATA SOMEN NOODLES,345,1443.48,18,65,0,1,0,0,Noodle,Solid
MIYATA SUSHI EXPERT MIRIN,307,1305,0.5,77,54,0.5,,,Mirin,Liquid
MIYATA SUSHI EXPERT PANKO BREADCRUMBS,360,1528,13,73,5.6,1.4,2.1,,Breadcrumbs,Powder
MIYATA TERIYAKI SAUCE,128,544,2.5,28,27,0.5,,,Sauce,Liquid
MIYATA UDON NOODLES,352,1492,12,73,1.7,1.1,,,Noodles,Solid
MIYATA WASABI PASTE,,,,,,,,,,
MJ'S ITALIAN DRESSING,283,1184.07,0.5,10.3,4,28.1,0,1.642,Sauce,Liquid
MJ'S ORIGINAL TOMATO KETCHUP,95,397.48,0,24,22,0,0,0.441,Ketchup,Paste
MJ'S PREMIUM YELLOW MUSTARD SAUCE,100,418.4,,,,,,1.28,Sauce,Paste
MJ’S BARBECUE SAUCE,70,292.88,0,17,15,0,0,0.3,Sauce,Paste
MJ’S BLACK PEPPER MAYONNAISE,49,205.016,0,0,0,5,0,0.058,Mayonnaise,Cream
MJ’S MAYOCHUP SAUCE,174,728.016,0,10,1,15,0,0.745,Sauce,Paste
MJ’S OLIVES MAYONNAISE,176,736.384,0,4,0,15,0,0.664,Mayonnaise,Cream
MJ’S ORIGINAL MAYONNAISE,174,728.016,0.2,0,1.7,15.3,0.1,0.745,Mayonnaise,Cream
MJ’S RED CHILLI MAYONNAISE,174,728.016,0,1,0,15,0,0.745,Mayonnaise,Cream
MLOGO DIAMOND BASMATI RICE,,,,,,,,,,
MLOGO GOLD BASMATI RICE,,,,,,,,,,
MOGU MOGU BLACKCURRANT DRINK,,,,,,,,,,
MOGU MOGU GRAPE DRINK,,,,,,,,,Fruit Juice,Liquid
MOHAWK KOMBUCHA BERRICIOUS,,,,,,,,,,
MOHAWK KOMBUCHA GINGER,,,,,,,,,,
MOHAWK KOMBUCHA PEACH,,,,,,,,,,
MOHAWK MAN-GO -WILD,,,,,,,,,,
MOHAWK MANGO WILD,,,,,,,,,,
MOKA FINE GRIND COFFEE,7.5,31.38,1,1,0,0,,0,Coffee,Powder
MONDELEZ TRIDENT BUBBLEGUM 14 STICKS,,,,,,,,,Bubblegum,Solid
MONDELEZ TRIDENT CINNAMON BUBBLEGUM 14 STICKS,,,,,,,,,Cinnamon Bubblegum,Solid
MONDELEZ TRIDENT PERFECT P/MINT14S,,,,,,,,,,
MONSTER MUCHO LOCO,1,6,,0.4,,,,,Energy Drink,Liquid
MONSTER MUCHO LOCO ENERGY DRINK X OF,,,,,,,,,Energy Drink,Liquid
MONSTER ORIGINAL ENERGY DRINK,12,11,47,100,,,,,Beverage,
MONSTER ORIGINAL ENERGY DRINK X OF,12,11,47,100,,,,,Beverage,
MONSTER ZERO ULTRA WHITE ENERGY DRINK,,,,,,,,,Beverage,
MONSTER ZERO ULTRA WHITE ENERGY DRINK X OF,,,,,,,,,Beverage,
MORNING HARVEST BRAN FLAKES,339,1431,13.5,62,13.4,2,15.6,,Bran Flakes,Solid
MORNING HARVEST CORN FLAKES,1610,6736.24,7,82,0,64,1,0,Corn Flakes,Solid
MORNING HARVEST CORN FLAKES CEREAL,390,1653,5,82,9.2,3.1,1.7,0.00188,Corn Flakes Cereal,Solid
MORNING HARVEST CORNFLAKES BAG,,,,,,,,,,
MORNING HARVEST FROSTED CORN FLAKES,387,1641,7.7,85,6.1,1.2,2.5,,Corn Flakes,Solid
MORNING HARVEST INSTANT WHITE OATS,360,1506,11,60,,8,8.5,,Oats,Solid
MORNING HARVEST JUMBO OATS,376,1588,11.8,62,1,6.5,11.1,,Oats,Solid
MORNING HARVEST RICE CRISPIES,378,1105,7,85,7,1,1.5,,Rice Crispies,Solid
MORNING HARVEST STRAWBERRY MUESLI,396.76,1660,9.48,80.13,14.51,4.28,8,,Muesli,Solid
MORNING HARVEST SUPERFAST OATS BAG,385,1610,12.4,66,0,8.13,4,,Oats,Solid
MORNING HARVEST SUPERFAST WHITE OATS,360,1506,11,60,,8,8.5,,Oats,Solid
MOTHER'S RECIPE TANDOORI PASTE,,,,,,,,,,
MOTHERS CHOICE HOME BAKING FLOUR,364,1522.98,10,76,0,0,0,0,Home Baking Flour,Powder
MOUNTAIN DEW CITRUS SODA,,,,,,,,,Soda,Liquid
MOUNTAIN DEW SODA,,,,,,,,,,
MOUNTAIN DEW SOFT DRINK,,,,,,,,,,
MR BERRY CO ASSORTED TOFFEE,190,794.96,1,31,19,7,0,0.095,Toffee,Solid
MR BERRY ICE COOL ARCTIC MINT CANDY,,,,,,,,,Candy,Solid
MR BERRY KING CAKE TRI D VANILA,,,,,,,,,,
MR BERRY TOO GOODY TOFFEE BARS 1 PIECES,414.815,1735.59,3.7037,59.2593,0,14.8148,0,0,Toffee Bar,Solid
MR BERRY XPLODE STRAWBERRY BUBBLE GUM,390,1631,0,78,0,0,0,,Bubble Gum,Solid
MR BERRY'S BIGG DADDY PASSION LOLLIPOP,392,1641.92,0,95,0,0,0,,Lollipop,Solid
MR BERRY'S KING KUBA XXL BIGGER GUM CENTER TONGUE PAINTER LOLLIPOP 50 PIECES,302.43,1267,,95.19,,,,,Lollipop,Solid
MR BERRY'S MAMBO BANANA BUBBLE GUM 5 PIECES,320,1338.9,,2,2,,,,Bubble Gum,Solid
MR BERRY'S MAMBO STRAWBERRY BUBBLE GUM 5 PIECES,166,694,67.5,67.5,,,,,Bubble Gum,Solid
MR ORGANIC DARK CHOCOLATE SPREAD,,,,,,,,,,
MT KENYA NATURAL DRINKING WATER,0,0,,,,,,0.005,Drinking Water,Liquid
MT KENYA NATURAL DRINKING WATER 18.9,0,0,0,0,0,0,0,0.035,Drinking Water,Liquid
MT KENYAN NATURAL DRINKING WATER,0,0,,,,,,0.005,Drinking Water,Liquid
MULSONS BEEF MASALA,,,,,,,,,,
MULSONS BIRYANI MASALA,,,,,,,,,,Powder
MULSONS BLACK PEPPER CORN,,,,,,,,,,Powder
MULSONS CLOVES POWDER,,,,,,,,,,Powder
MULSONS CUMMIN SEEDS,375,1569,18,44,2.3,22,11,0.168,Cummin Seeds,Solid
MULSONS FISH MASALA,,,,,,,,,,Powder
MULSONS NUTMEG POWDER,,,,,,,,,,powder
MULSONS POUSSIN SAUCE BLEND MILD,,,,,,,,,,Powder
MULSONS SAGE,,,,,,,,,Sage,Solid
MULSONS SPICES CHICKEN MASALA,30,125,1,4,1,1,,0.045,Chicken Masala,Powder
MULSONS SPICES CHILI POWDER,282,1179.89,13,50,7,14,35,1.64,Chili Powder,Powder
MULSONS SPICES CINNAMON POWDER,352,14732,4.25,81,0,1.3,50.6,0,Cinnamon Powder,Powder
MULSONS SPICES CLOVES WHOLE,250,1500,0,50,0,0,,0.25,Cloves Whole,Solid
MULSONS SPICES CORIANDER POWDER,468.91,1958,11.9,54.9,0,19,41,0.036,Coriander Powder,Powder
MULSONS SPICES CUMIN POWDER,444,1857,17.2,44.36,0,22,10.29,1.758,Cumin Powder,Powder
MULSONS SPICES CURRY POWDER,325,1360,13,58,2.8,14,33,0.345,Curry Powder,Powder
MULSONS SPICES DHANA JEERA POWDER,375,1569,18,44,2.3,22,11,0.168,Dhana Jeera Powder,Powder
MULSONS SPICES FISH MASALA,,,,,,,,,Fish Masala,Powder
MULSONS SPICES GARAM MASALA,306.4,1281.97,11.3,56.6,1.3,12.7,24,0.0799,Garam Masala,Powder
MULSONS SPICES GARLIC POWDER,,,,,,,,,Garlic Powder,Powder
MULSONS SPICES GINGER POWDER,358,1497,9,66,3.4,6.4,13,0.0455,Ginger Powder,Powder
MULSONS SPICES MIXED SPICES,366,1531,8.38,71.75,21.8,5.05,1,1.777,Mixed Spices,Powder
MULSONS SPICES OREGANO,270,1129.68,9,69,4,4,43,0.025,Oregano,Solid
MULSONS SPICES PARSLEY,276,1154.78,22.4,51.7,,4.4,,,Parsley,Solid
MULSONS SPICES PILLAU MASALA,150.9,631.36,7.5,15.9,0.4,5.7,2.9,0.1788,Pillau Masala,Powder
MULSONS SPICES ROSEMARY,131,548.104,3.31,20.7,,5.86,14.1,,Rosemary,Solid
MULSONS SPICES RUBBED BASIL,23,96,3.2,2.6,0,0.6,1.6,0.004,Rubbed Basil,Solid
MULSONS SPICES SPANISH PAPRIKA,249,1041.81,14,19,10,12,0,0.068,Paprika,Powder
MULSONS SPICES TEA MASALA,56,234.3,1.9,10,2.51,1,0,0.063,Tea Masala,Powder
MULSONS SPICES TURMERIC POWDER,,,,,,,,,Turmeric Powder,Powder
MULSONS TANDOORI MASALA,,,,,,,,,,Powder
MULSONS WHITE PEPPER POWDER,,,,,,,,,,Powder
MUNCHIES COOKIE DOUGH,,,,,,,,,,
MUTLU COUS COUS,369,1543.9,1.3,27,3,2,3.4,0.0004,Cous Cous,Solid
NAARA CHOCOLATE OATMEAL COOKIES,448.148,1875.05,5.18519,59.2593,36.6667,22.2222,2.96296,0.311111,Oatmeal Cookies,Solid
NAIRN'S GLUTEN FREE OATS & CHOCOLATE CHIP COOKIES,470,1966.48,7.6,61.8,22.7,20.1,5.5,,Cookies,Solid
NANDO'S MEDIUM PERI PERI SAUCE,45,188.28,0.7,1.1,1,3.4,,,Sauce,Paste
NANDO'S PERI PERI GARLIC SAUCE,0,0,,,,,,,Sauce,Paste
NANDOS PERI PERI BAG & BAKE HOT,,,,,,,,,,
NANDOS PERI PERI HOT SAUCE,50,205,7,0,23,5,,2.865,Hot Sauce,Paste
NANDOS PERI PERI RUB GARLIC MED,,1218,5.5,67,45,2.1,,18.9,Food,Powder
NANDOS PERI PERI RUB SMOKEY BBQ MED,279,1177,4.2,52,42,4.2,,25,Food,Powder
NAPPI AMARENO GOLDEN CHERRIES,266.667,1115.73,0,66.6667,60,0,0.666667,0.000333333,Cherries,Solid
NAPPI COCOA DECORATIVE SUGAR VERMICELLI,,,,,,,,,Vermicelli,Solid
NAPPI MIX COLORED DECORATIVE SUGAR VERMICELLI,,,,,,,,,Vermicelli,Solid
NAPPI MONORPAGLIA COLORED BALLS,,,,,,,,,,
NAPPI RED MARASCHINO CHERRIES,250,1025,0,50,1000,0,0,0.0025,Cherries,Solid
NATURAL HEALTH COLD PRESSED EXTRA VIRGIN PURE SUNFLOWER OIL,,,,,,,,,Sunflower Oil,Liquid
NATURAL HEALTH HERBAL MCHUZI MIX,62,16,255,101,,10.059,,,Food,
NATURALLI BARLEY FLAKES POT,,,,,,,,,Barley Flakes,Solid
NATURALLI BLANCHED ROASTED AND SALTED ALMONDS,600,2510.4,20,14,,54,7,0.52,Roasted And Salted Almonds,Solid
NATURALLI BROWN LINSEEDS,405,1694.52,19,29,1,34,,,Brown Linseeds,Solid
NATURALLI BULGAR,,,,,,,,,,
NATURALLI COCONUT OIL,857.143,3586.29,0,0,0,100,0,,Coconut Oil,Liquid
NATURALLI COCONUT SUGAR,391,1635.94,,96,,,,,Coco Sugar,Solid
NATURALLI COUSCOUS,,,,,,,,,Couscous,Solid
NATURALLI CRANBERRY CRUNCH MUESLI CEREAL,456.14,1908.49,12.2807,56.1404,15.7895,21.0526,10.5263,,Muesli Cereal,Solid
NATURALLI CRUNCHY BRAN MUESLI CEREAL,410,1715.44,8,68.5,19.5,9.5,9,,Muesli Cereal,Solid
NATURALLI DESICCATED COCONUT,711,2974.82,7,7,7,69,16,,Desiccated Coconut,Solid
NATURALLI HIMALAYAN IODIZED PINK SALT,0,0,0,0,0,0,0,0.518,Pink Salt,Solid
NATURALLI HIMALAYAN PINK FINE SALT,0,0,0,0,0,0,0,38.75,Pink Salt,Solid
NATURALLI MORINGA POWDER,281,1179,5.9,38.2,0,0.2,8.27,0,Moringa Powder,Powder
NATURALLI PEARL BARLEY GRAIN,,,,,,,,,,
NATURALLI PISTACHIOS ROASTED & SALTED,568,2376,21,27,8,46,10,0.405,Pistachios,Solid
NATURALLI SALTED ALMOND BUTTER,190,794.96,6,6,2,17,3,0,Almond Butter,Paste
NATURALLI SESAME SEEDS,573,2397.43,18,23,0.3,50,12,0.011,Sesame Seeds,Solid
NATURALLI STRAWBERRY MUESLI CEREAL,397,1661.05,8,61,5,15,9,0.008,Muesli Cereal,Solid
NATURALLI SUNFLOWER SEEDS,584,2443.46,21,20,2.6,51,9,0.009,Sunflower Seeds,Solid
NATURALLI SUPER SWISS MUESLI CEREAL,377,1577.37,11,66,23,5,7,0.11,Muesli Cereal,Solid
NATURALLI UNSALTED ALMOND BUTTER,190,794.96,6,6,2,17,3,0,Almond Butter,Paste
NATURALLI W-240 CASHEWNUTS,625,2615,18,25,8,49,,,Cashewnuts,Solid
NATURALLI WALNUTS,185,774.04,4,3,,18,1,0.001,Walnuts,Solid
NATURALLI WHITE QUINOA GRAIN,,,,,,,,,,
NATURALLI WHOLE ALMONDS,575,2406,21,20,4.9,49,12,0.001,Almonds,Solid
NATURALLI WILD RICE,101,422,4,21,0.7,0.3,1.8,0.003,Rice,Solid
NATURALS COLD PRESSED EXTRA VIRGIN SUNFLOWER OIL,900,3762,,,,100,,,Sunflower Oil,Liquid
NATURE TASTE TAHINI PASTE,663,2738,24,2.2,0.7,6,9.3,,Tahini,Paste
NATURE'S CHOICE QUINOA GRAINS WHITE,428.571,1793.14,8.16327,69.3878,12.2449,7.14286,6.12245,0.612245,Quinoa Grains,Solid
NATURE'S OWN BEEF MASALA,140,585.76,14.6667,2,2,8,,0.3,Beef Masala,Powder
NATURE'S OWN BIRYANI MASALA,,,,,,,,,,
NATURE'S OWN CHICKEN MASALA,344.14,1440.01,9.19,56.94,,8.85,,0.258,Chicken Masala,Powder
NATURE'S OWN CURRY POWDER,325,1359.8,15,55,5,15,55,0.05,Curry Powder,Powder
NATURE'S OWN FENNEL SEEDS,323,1351.43,23,58,0,6.4,25,0.067,Fennel Seeds,Solid
NATURE'S OWN FISH MASALA,385.7,1627.1,16.5,58.1,,9.7,,1.4166,Fish Masala,Powder
NATURE'S OWN GARAM MASALA,306.667,1283.09,13.3333,53.3333,0,13.3333,26.6667,0.08,Garam Masala,Powder
NATURE'S OWN GROUND BLACK PEPPER,250,1046,11.5385,65.3846,0,3.84615,26.9231,0.0192308,Black Pepper,Powder
NATURE'S OWN GROUND CINNAMON,247,1033.45,4,81,2.2,1.2,53,0.01,Ground Cinnamon,Powder
NATURE'S OWN GROUND CLOVES,274,1146.42,5,65,2,13,33,0.277,Ground Cloves,Powder
NATURE'S OWN GROUND CORIANDER,23,96.232,2.13,3.67,0.87,0.52,2.8,0.046,Ground Coriander,Powder
NATURE'S OWN GROUND CUMIN,376.19,1573.98,19.0476,42.8571,4.7619,23.8095,9.52381,0.166667,Ground Cumin,Powder
NATURE'S OWN GROUND DHANA JEERA,376.19,1573.98,19.0476,42.8571,4.7619,23.8095,9.52381,0.166667,Ground Dhana Jeera,Powder
NATURE'S OWN GROUND GINGER,333.333,1394.67,11.1111,72.2222,5.55556,5.55556,16.6667,0.0277778,Ground Ginger,Powder
NATURE'S OWN GROUND MUSTARD,,,,,,,,,Ground Mustard,Powder
NATURE'S OWN GROUND SPICE ONION POWDER,,,,,,,,,,
NATURE'S OWN GROUND SPICE TURMERIC,342.857,1434.51,14.2857,57.1429,,14.2857,14.2857,0.0428571,Ground Spice Turmeric,Powder
NATURE'S OWN GROUND SPICES GARLIC POWDER,149,623.416,6,33,0,0,0,0.153,Garlic Powder,Powder
NATURE'S OWN GROUND WHITE PEPPER,,,,,,,,,Ground White Pepper,Powder
NATURE'S OWN GROUNDED BLACK PEPPER,,,,,,,,,Ground Black Pepper,Powder
NATURE'S OWN MINT,70,292.88,3.8,15,,0.9,8,0.031,Mint,Solid
NATURE'S OWN MIXED HERBS,290,1213.36,11.1,55.3,,2.8,,,Mixed Herbs,Solid
NATURE'S OWN MIXED SPICES,272.727,1141.09,10.9091,61.8182,3.63636,9.09091,38.1818,0.0436364,Mixed Spices,Powder
NATURE'S OWN PILAU MASALA,312.5,1307.5,12.5,37.5,,6.25,25,10.625,Pilau Masala,Powder
NATURE'S OWN ROSEMARY HERBS,572.5,2395.34,17.725,23.45,0.3,49.675,11.75,0.01,Rosemary Herbs,Powder
NATURE'S OWN SPICE MIX CHAT MASALA,500,2092,0,50,0,0,0,7.5,Chat Masala,Powder
NATURE'S OWN SPICE MIX CHICKEN MASALA,375,1569,12.5,62.5,12.5,12.5,25,8.125,Chicken Masala,Powder
NATURE'S OWN SPICE MIX TANDOORI MASALA,238,995.792,1,43,,10,,0.048,Tandoori Masala,Powder
NATURE'S OWN SPICE MIX TEA MASALA,193.648,810.223,8.82223,24.7022,7.05779,6.61667,,,Tea Masala,Powder
NATURE'S OWN TANDOORI MASALA,238,995.7,1,43,,10,,0.048,Tandoori Masala,Powder
NATURE'S OWN WHOLE FENUGREEK SEEDS,323,1351.43,23,58,0,6,25,0.067,Fenugreek Seeds,Solid
NATURE'S OWN WHOLE SPICES MUSTARD,508,2125.47,26,28,6.8,36,12,0.013,Mustard,Solid
NATURE'S TASTES HOT CHILLI SAUCE,88.2353,369.176,,17.6471,17.6471,,,1.88235,Sauce,Paste
NATURE'S TASTES KACHUMBARI MEDIUM RED SALSA,863,3610.79,117,64,,16,,0.007,Salsa,Paste
NATURE'S TASTES KACHUMBARI MILD RED SALSA,10,41.84,,2,,,,0.1,Red Salsa,Paste
NATURE'S TASTES LEMON MARMALADE,30,125.52,0,8,7,0,0,0,Marmalade,Paste
NATURE'S TASTES MANGO JAM,60,251.04,0,14,13,0,0,0.005,Mango Jam,Jelly
NATURE'S TASTES MIXED FRUIT JAM,,,,,,,,,Fruit Jam,Jelly
NATURE'S TASTES RASPBERRY JAM,241.3,1024,0.6,56.9,56.9,0.2,3.1,0.00056,Jam,Jelly
NATURE39S OWN GROUND PILAU MASALA,312.5,1307.5,12.5,37.5,,6.25,25,10.625,Pilau Masala,Powder
NATURERSQUOS OWN SEA SALT,0,0,0,0,0,0,0,40.7692,Sea Salt,Solid
NATURES OWN BIRYANI MASALA,,,,,,,,,,
NATURES OWN CHICKEN MASALA,30,1570,1,5,1,1,2,0.65,Chicken Masala,Powder
NATURES OWN CURRY POWDER,62,259.408,12.3,45,0,13.1,0,0,Curry Powder,Solid
NATURES OWN FISH MASALA,405,1694.52,11,61,3,13,0,0.145,Fish Masala,Powder
NATURES OWN GARAM MASALA,20,83.68,1,4,0,1,0,0.046,Garam Masala,Powder
NATURES OWN GROUNDED CHILLI,,,,,,,,,Ground Spice Chilli,Powder
NATURES OWN GROUNDED TEA MASALA,1637.5,6851.3,68.75,312.5,,,,,Tea Masala,Powder
NATURES OWN ONION POWDER,,,,,,,,,,
NATURES OWN WHOLE CORIANDER SEEDS,298,1246.83,12,13,0,18,42,0.035,Coriander Seeds,Solid
NATURES OWN WHOLE CUMIN,375,1569,18,44,2.3,22,11,0.168,Whole Cumin,Solid
NATURES OWN WHOLE CUMIN SEEDS,428,1790.75,17,33,2,22,10,0.2,Cumin Seeds,Solid
NATURES OWN WHOLE NUTMEG,509,2129.66,6,37,0,36,0,0.018,Nutmeg,Solid
NATURES TASTE HOT N SWEET SAUCE,154,644.336,0.5,38,37.4,,1,1.02,Sauce,Paste
NATURES TASTES STRAWBERRY JAM,344,1439.3,0.67,85.22,72.12,0.08,,,Jam,Jelly
NAWON BASIL SEED KIWI JUICE,,,,,,,,,Juice,Liquid
NAWON MANGO FRUIT,,,,,,,,,,
NAWON MIXED FRUIT,,,,,,,,,,
NAWON ORANGE FRUIT,,,,,,,,,,
NESCAFE 3 IN 1 ORIGINAL INSTANT COFFEE,447,1880,3,78,55,13,2.8,,Instant Coffee,Powder
NESCAFE 3IN1 CREAMY WHITE COFFEE,,,,,,,,,White Coffee,Powder
NESCAFE 3IN1 ORGANIC COFFEE 18GX25,447,1880,3,78,55,13,2.8,,Instant Coffee,Powder
NESCAFE CLASSIC COFFEE,,,,,,,,,,
NESCAFE CLASSIC INSTANT COFFEE,90,376.56,2,23,5,1,5,0.19,Instant Coffee,Powder
NESCAFE DOLCE GUSTO CAFE AMERICAN 16CAP,,,,,,,,,,
NESCAFE DOLCE GUSTO CAPPUCINO186,,,,,,,,,,
NESCAFE DOLCE GUSTO DECAFFEINTO,,,,,,,,,,
NESCAFE DOLCE GUSTO ESPRESO INTENSO 16CAP,,,,,,,,,,
NESCAFE DOLCE GUSTO ESPRESO MACCHIATO 16CAPS,,,,,,,,,,
NESCAFE DOLCE GUSTO LUNGO DECAF 16CAPS,,,,,,,,,,
NESCAFE DOLCE GUSTO NESQUIKCHOC 16CAP,,,,,,,,,,
NESCAFE G CAPPUCCINO COFFEE S,,,,,,,,,,
NESCAFE GOLD BLEND DECAF INSTANT COFFEE,8,33.472,7,3,3,,34,,Coffee,Powder
NESCAFE GOLD CAPPUCCINO HAZZELNUT COFFEE S,,,,,,,,,,
NESCAFE GOLD CAPPUCCINO REDUCED SUGAR COFFEE,,,,,,,,,,
NESCAFE GOLD ROAST COFFEE,,,,,,,,,,
NESCAFE TASTERS CHOICE DECAF 16 PACKETS INSTANCE COFFEE,,,,,,,,,,
NESTLE CEREVITA FLAKES WITH MILK,411.111,1720.09,8.88889,64.4444,20,11.1111,2.22222,0.264444,Flakes,Solid
NESTLE CEREVITA HONEY BREAKFAST CEREAL,630,2670,50,227,53.3333,9.66667,6,,Breakfast Cereal,Solid
NESTLE CEREVITA HONEY BREAKFAST CEREALS FLAKES,183,765.672,2,28,,7,,0.098,Cereals Flakes,Solid
NESTLE CINNAMON BREAKFAST BAR,,,,,,,,,,
NESTLE COFFEE MATE SF VANILLA,,,,,,,,,,
NESTLE GO FREE CORN FLAKES,,,,,,,,,,
NESTLE KITKAT 4 FINGER MILK AND COCOA PLAN CHOCOLATE BAR,502,2102,6.7,62.7,51,24.4,2.1,,,
NESTLE LION BAR,491,2057,5.3,66,50.9,22.6,1.4,,Chocolate Bar,Solid
NESTLE MILO ACTIV-GO,,,,,,,,,,
NESTLE MILO ACTIVE-GO CHOCOLATE MILK POWDER,416,1740.5,10.4,67.1,44,10.9,4,0.15,Milk Powder,Powder
NESTLE NESQUICK CEREAL BARS,,,,,,,,,,
NESTLE POLO ORIGINAL MINT CANDY,402,1707,,98.1,95.6,1,,,Candy,Solid
NESTLE QUALITY STREET CHOCOLATE,471,1976,3.3,67.3,58,20.7,1.2,,Chocolate,Solid
NESTLE ROLO CHOCOLATE TUBE,478,2004,4.8,67,58,20,1.2,,Chocolate Tube,Solid
NESTLE TOLA MINIATURES,,,,,,,,,,
NICO NATA DC STRAWBERRY JUICE,,,,,,,,,Juice,Liquid
NICO NICO RED GRAPE,,,,,,,,,,
NICO PASSION FRUIT,,,,,,,,,,
NOM NOMS MINI CHOCOLATE MARSHMALLOWS,97,412.9,1.1,23.1,21.1,0,0.2,0.0045,Marshmallows,Solid
NOM NOMS ORIGINAL MARSHMALLOWS,96,406,1,28.3,21.3,0.3,0,0.0044,Marshmallows,Solid
NOM NOMS ORIGINAL MINI MARSHMALLOWS,96,406,1,28.3,21.3,0.3,0,0.0044,Marshmallows,Solid
NOM NOMS SOURS APPLE MINI MARSHMALLOW,384.615,1609.23,3.84615,88.4615,76.9231,0,0,0,Marshmallow,Solid
NOM NOMS SOURS COLA MINI MARSHMALLOW,70,297,0.8,16,15.5,0,0.02,0,Marshmallow,Solid
NOM NOMS SOURS PEACH MINI MARSHMALLOW,322.727,1386.36,3.18182,78.6364,71.8182,0,1.36364,0.0313636,Marshmallow,Solid
NOM NOMS SOURS STRAWBERRY MINI MARSHMALLOWS,336,1405.82,2.8,79.9,53.6,0.6,0,0.036,Marshmallows,Solid
NORDA CRIBAZ BARBEQUE POTATO CRISPS,533,2230.07,5,54,,33,4,,Potato Crisps,Solid
NORDA TAMU TAMU TOMATO KETCHUP CORN CURLS,445,1861,7,69,5,15,,0.627,Corn Curls,Solid
NORDA TAMU TAMU TUTTI FRUITY CORN CURLS,445,1861,6,67,5,15,,0.625,Corn Curls,Solid
NORDA URBAN BITES FUNKY FRUITY CHUTNEY POTATO CRISPS,556.667,2329.09,5.66667,52.6667,,37,4.33333,0.000625,Potato Crisps,Solid
NORDA URBAN BITES NYAMA CHOMA POTATO CRISPS,563.333,2356.98,5.66667,51.3333,,38.3333,4.66667,0.000408333,Potato Crisps,Solid
NORDA URBAN BITES PARTY PAPRIKA POTATO CRISPS,556.667,2329.09,6,51.3333,,37.6667,5,0.541667,Potato Crisps,Solid
NORDA URBAN BITES SAMBA SALT AND VINEGAR POTATO CRISPS,531.111,2222.16,4.44444,48.8889,2.22222,31.1111,4.44444,0.795556,Potato Crisps,Solid
NORDA URBAN BITES SUMMER SALT POTATO CRISPS,470,1966.48,6,63,,20,,0.001,Potato Crisps,Solid
NORDA URBAN BITES TRENDY TOMATO POTATO CRISPS,300,1255.2,10,30,10,15,5,1.4,Potato Crisps,Solid
NORDA URBAN STIX KUKU CHOMA CRUNCHY CORN SNACKS,504,2109,45.4,64.2,1.3,22.7,,,Corn Snacks,Solid
NOVI BLACK BEANS,,,,,,,,,,
NTAMU TRADITIONAL PIZZA SAUCE,35,146.44,1,6,4,1,1,0,Sauce,Paste
NUT GOLD CRUNCHY PEANUT BUTTER,642,2686.13,26,20,9,51,5,0.35,Peanut Butter,Paste
NUT GOLD PEANUT BUTTER CREAMY,,,,,,,,,,
NUTCRACKER COUS COUS,,,,,,,,,,
NUTCRACKER MACADAMIA NUTS,35.7143,146.429,0,0,0,3.57143,0,0.0142857,Macadamia Nuts,Solid
NUTCRACKER PECAN HALVES,690,2886,9,14,4,72,10,0,Pecan Nuts,Solid
NUTCRACKER PERIPERI FLAVOUR MIXED NUTS,468.85,,16.1,13.23,6.26,65.33,4.7,120.1,snack,solid
NUTCRACKER PINENUTS,634,2653,20,26,0.3,50,0,0,Pinenuts,Solid
NUTCRACKER PUMPKIN SEEDS,446,1866,19,54,,19,18,0.018,Pumpkin Seeds,Solid
NUTCRACKER SAFARI SNACK MIX,743.4,,14.37,19.56,13.04,3.67,2.78,0,snack,solid
NUTCRACKER SALT & BLACK PEPPER MIXED NUT,523.07,,17.35,21.31,4.64,66.57,6.78,44.24,snack,solid
NUTCRACKER SESAME SEEDS,565,2363,19,17.8,0,48,,,Sesame Seeds,Solid
NUTCRACKER SMOKEY BBQ FLAVOUR MIXED NUT,471.5,,15.99,13.8,8.22,65.18,5.63,4.07,snack,solid
NUTCRACKER WHOLE ALMONDS CALIFORNIA,,,,,,,,,Almonds,Solid
NUTCRACKER WHOLE CASHEW NUTS,553,2313.75,18.22,30.19,5.91,43.85,3.3,0.012,Cashew Nuts,Solid
NUTCRAKER GRANOLA SNACK MIX,436,,5,45,21,4.5,6.9,0,snack,solid
NUTEEZ NATURAL CRUNCHY PEANUT BUTTER,616,2577.34,27,12,,50,,,Peanut Butter,Paste
NUTEEZ SMOOTH PEANUT BUTTER,620,2594.08,26.6667,20,6.66667,46.6667,10,0.02,Peanut Butter,Paste
NUTELLA FERRERO & GO HAZELNUT SPREAD AND MALTED BREAD STICKS,519.231,2172.46,7.69231,63.4615,44.2308,25,3.84615,0.230769,Hazelnut Spread,Solid
NUTELLA FERRERO COCOA AND HAZELNUT SPREAD,539,2253.02,6.3,57.5,56.3,30.9,,0.043,Spread,Paste
NUTFIELDS CASHEW NUTS,581,2430.9,16.8,30.2,,47.8,3.3,0.308,Cashew Nuts,Solid
NUTFIELDS DRY ROASTED AND SALTED MIXED NUTS,569.8,2384.04,16.8,24.5,4.6,49,8.4,0.3311,Mixed Nuts,Solid
NUTFIELDS DRY ROASTED AND SALTED PEANUTS,614,2541,26,9.2,4.5,51,8.8,0.32,Peanuts,Solid
NUTFIELDS MACADAMIA NUTS,761,3186,7.2,12.7,4.6,75.7,,,Macadamia Nuts,Solid
NUTFIELDS MIXED NUTS,597,2497.85,24,19,4,52,8,0.321,Mixed Nuts,Solid
NUTFIELDS UNSALTED CASHEW NUTS,582,2435.09,18,26,5,43,3,,Cashew Nuts,Solid
NUTFIELDS UNSALTED MACADAMIA NUTS,761,3184.02,7,12,,75,,,Macadamia Nuts,Solid
NUTRAMEAL ATTA MARK 1 WHEAT FLOUR,340,1422,13,72,,,11,,Wheat Flour,Powder
NUTRAMEAL BLACK GRAMS,,,,,,,,,Black Grams,Solid
NUTRAMEAL BLACK NJAHI BEANS,341,1426,22,62,2.1,1.4,16,0.005,Njahi Beans,Solid
NUTRAMEAL BLACK PEPPER CORNS,,,,,,,,,,
NUTRAMEAL BROWN ROSCOCO BEANS,362,1514,18,63,5,1,,0.02,Roscoco Beans,Solid
NUTRAMEAL BUTTER BEANS,35,155,1.4,7.3,2.45,0.2,3,,Butter Beans,Solid
NUTRAMEAL CHANA DAL,,,,,,,,,,
NUTRAMEAL CUMIN SEEDS POWDER,356,1489.5,18.7,36.6,0,15,12,0.06,Cumin Seeds Powder,Powder
NUTRAMEAL GOLDEN GRAMS,338,1414,25,61,,,6,,Golden Grams,Solid
NUTRAMEAL GREEN GRAMS POLISHED,,,,,,,,,,
NUTRAMEAL GREEN LENTILS,355.556,1486.67,24.4444,64.4444,2.22222,,11.1111,,Green Lentils,Solid
NUTRAMEAL IMPORTED POPCORN KERNELS,382,1598,12,78,,4,15,0.004,Kernels,Solid
NUTRAMEAL KALONJI,,,,,,,,,,
NUTRAMEAL KAMANDE (MASOOR WHOLE),164,686.176,7,26,5,4,7,1.046,Red Lentil,Solid
NUTRAMEAL MAKUENI GREEN GRAMS,,,,,,,,,,
NUTRAMEAL MASOOR DAL,,,,,,,,,,
NUTRAMEAL MWITEMANIA BEANS,337,1410,22,60,3.88,1.5,24,0.005,Mwitemania Beans,Solid
NUTRAMEAL NATURAL WHOLESOME CANE SUGAR,387,1619.2,,100,100,,,0.001,Cane Sugar,Solid
NUTRAMEAL NYAYO BEANS,346,1447,22,60,,1.3,4.8,,Nyayo Beans,Solid
NUTRAMEAL PIGEON PEAS,343,1435,22,63,,1.5,15,0.017,Pigeon Peas,Solid
NUTRAMEAL POLISHED GREEN GRAM,,,,,,,,,,
NUTRAMEAL POLISHED GREEN GRAMS,,,,,,,,,,
NUTRAMEAL RED COWPEAS,336,1405,23,60,6.9,1.26,10.6,0.016,Red Cowpeas,Solid
NUTRAMEAL RED KIDNEY BEANS,346,1447,22,60,,1.3,4.8,,Red Kidney Beans,Solid
NUTRAMEAL REGULAR CHICK PEAS,340,1422,11,73,2,0.4,8,,Chick Peas,Solid
NUTRAMEAL RICE FLOUR,,,,,,,,,Rice Flour,Powder
NUTRAMEAL ROSCOCO WHITE BEANS,,,,,,,,,,
NUTRAMEAL SEMOLINA FLOUR,80.198,335.549,13.8614,,,1.9802,,,Semolina Flour,Powder
NUTRAMEAL SOYA BEANS,172,719,18,8.4,3,9,6,0.001,Soya Beans,Solid
NUTRAMEAL SPLIT MOONGDAL,,,,,,,,,,
NUTRAMEAL SPLIT URAD DAL,,,,,,,,,,
NUTRAMEAL SPLIT WASHED MOONG DAL,,,,,,,,,,
NUTRAMEAL SUNFLOWER SEEDS,584,2443.46,20,20,2,51,8,0.009,Sunflower Seeds,Solid
NUTRAMEAL TOOR DAL,,,,,,,,,,
NUTRAMEAL WAIRIMU BEANS,341,1426.74,22,62,2.1,1.4,16,0.005,Wairimu Beans,Solid
NUTRAMEAL WASHED URAD DAL,,,,,,,,,,
NUTRAMEAL WHITE COWPEAS,366,1405,24,60,,1.3,,,White Cowpeas,Solid
NUTRAMEAL WHOLE NUTMEG,525,2196.6,5,49,,36,20,0.016,Nutmeg,Solid
NUTRAMEAL WHOLE WHEAT,,,,,,,,,,
NUTRAMEAL YELLOW BEANS,345,1443,22,60,,2.6,25,0.012,Yellow Beans,Solid
NUTRAMEAL YELLOW GRAMS CHANA,363,1518.79,20,58,,5,,,Yellow Grams Chana,Solid
NUTRI CHOICE PURE NATURAL AND ORGANIC REAL HONEY,,,,,,,,,Honey,Paste
NUTRI DELIGHT GLUTEN FREE ORIGINAL CHIP CHIP COOKIES,,,18.62,30.34,11.17,14.97,4.2,0.377,Food,Solid
NUTRI DELIGHT GLUTEN FREE PROTEIN PACKED CHOCOLATE CHIP COOKIES,,,18.62,30.34,11.17,14.97,4.2,0.377,Food,
NUTRI DELIGHTS C CHIP COOKIES,497,2081,5.5,64,33,12,3.3,,Cookies,Solid
NUTRI DELIGHTS MINI RAINBOW COOKIES,,,,,,,,,,
NUTRI DELIGHTS MINI TCHIP COOKIE,,,,,,,,,,
NUTRI DELIGHTS RED VELVET CHOCOLATE CHIP COOKIES,520.833,2179.17,6.25,72.9167,43.75,25,2.08333,0.260417,Chocolate Chip Cookies,Solid
NUTRO GOOD DAY CASHEW COOKIES,,,,,,,,,Cookies,Solid
NUTTISH LAND MACADAMIA COOKIES,480.59,669.4,26.31,53.63,20.36,12.36,2.15,,Cookies,Solid
NUTTISHLAND DRY ROASTED AND SALTED CASHEW NUTS,553,2313.75,18,30,6,44,,,Cashew Nuts,Solid
NUTTISHLAND DRY ROSTED AND SALTED CASHEW NUTS,553,2313.75,18,30,6,44,,0.012,Cashew Nuts,Solid
NUTTISHLAND DRY ROSTED AND SALTED MACADAMIA NUT,718,3004.11,8,14,4.6,76,,0.005,Macadamia Nut,Solid
NUTTISHLAND DRY ROSTED AND SALTED PEANUTS,567,2372.33,26,16,4,49,,0.018,Peanuts,Solid
NUTTISHLAND EXTRA VIRGIN MACADAMIA OIL,803,3360,,,,91,,,Macadamia Oil,Liquid
NUTTISHLAND MACADAMIA COOKIES,480.59,,26.31,53.63,20.36,26.31,2.15,,,
NUTTISHLAND MACADAMIA VEGETABLE OIL,900,,0,0,0,100,0,0,,
NUTTISHLAND MIXED NUTS,,2588,16.1,20.2,,58.4,,,,
NUVITA APPLE & CINNAMON COOKIES,49000,205016,700,7000,1700,1900,,,Cookies,Solid
NUVITA BARBEQUE BAKED CORN PUFFS,377,1577,6,86,11,2,3,0.891,Corn Puffs,Solid
NUVITA BARBEQUE THINS,428.571,1793.14,7.14286,75,10.7143,12.5,3.57143,0.607143,Potato Snack,Solid
NUVITA BRAVO G GLUCOSE BISCUITS,478.99,1999,7.1,82.4,,15,,,Biscuits,Solid
NUVITA BREAKTIME BISCUITS,488,2041,5,58,0,28,2,0.364,Biscuits,Solid
NUVITA BREAKTIME COCONUT BISCUITS,452,1891,7,58,8,32,6,0.671,Biscuits,Solid
NUVITA BUTTER BITES BISCUITS,500,2092,7,64,,25,,,Biscuits,Solid
NUVITA BUTTER COOKIES,495,2071.08,8,68,,21,,,Cookies,Solid
NUVITA CASHEW NUTS COOKIES,,,,,,,,,Cookies,Solid
NUVITA CEREOS CHOCO CHIP CEREAL,467,1954,8.7,59.9,26.5,20,1,0.28,Cereal Biscuits,Solid
NUVITA CEREOS HONEY & CINNAMON CEREAL,467,1954,8.7,59.9,26.5,20,1,0.28,Cereal Biscuits,Solid
NUVITA CEREOS OATMEAL CEREAL,369.333,1544,14.6667,64,,6.10667,10.9333,0.285333,Cereal,Solid
NUVITA CHEESE CORN PUFFS,559,2339,5.76,54.1,2.76,35.76,2.2,1.05,Corn Puffs,Solid
NUVITA CHOCO BISCUITS,517,2163,7,65,,25,,,Biscuits,Solid
NUVITA CHOCOLATE CHIPS COOKIES,466.667,1952.53,26.6667,60,53.3333,6.66667,,0.0666667,Cookies,Solid
NUVITA CHOCOLATE COATED WITH VANILLA CREAM SPONGE CAKE,382,1598.29,7,64,29,15,,,Cake,Solid
NUVITA CHOCOLATE COOKIES,500,2092,8,68,,21,,,Cookies,Solid
NUVITA CHOCOLATE CREAM PUFFS,,,,,,,,,,
NUVITA COCONUT COOKIES,,,,,,,,,Cookies,Solid
NUVITA CORN PUFFS CHEESE,,,,,,,,,,
NUVITA CORN PUFFS TOMATO FLAVOUR,,,,,,,,,,solid
NUVITA CRACKERS CHEESE,417.822,1748.17,6.93069,80.198,,6.93069,,,Biscuit,Solid
NUVITA CRUNCHY GINGER BISCUITS,,,,,,,,,Biscuits,Solid
NUVITA DIGESTIVE BISCUITS,560,2343.04,0,64,19,17,2,0,Biscuits,Solid
NUVITA DIGESTIVE CHOCOLATE COATED BISCUITS,430,1799.12,6,0,0,24,0,0,Biscuits,Solid
NUVITA DIGESTIVE CHOCOLATE CREAMS,500,2092,,60,20,20,,,Biscuit,Solid
NUVITA DIGESTIVE VANILLA CREAMS,500,2092,3.57143,64.2857,,21.4286,,0.5,Biscuit,Solid
NUVITA DINNER CRACKERS,464.34,1857.36,10.01,70.3,1,0,,,Crackers,Solid
NUVITA ENERGY GLUCOSE BISCUITS,478.99,1999,7.1,82.4,,15,,,Biscuits,Solid
NUVITA ENERGY HONEY BISCUITS,513,2146,6.2,62.6,25.7,26.4,1.6,0.36,Biscuits,Solid
NUVITA FAMILY BISCUITS,473.5,1979,7.4,78.3,,15.9,,,Biscuits,Solid
NUVITA FAMILY ORANGE BISCUITS,457,1912,9.4,74,20.9,13.7,,,Biscuits,Solid
NUVITA FLAP JACKS OAT BAKES CHOCOLATE COATED,,,,,,,,,,
NUVITA FLAP JACKS OAT BAKES SUGAR FREE,58,19,579,100,2,0,,,Food,
NUVITA FLAP JACKS ORIGINAL OAT BAKES COOKIES,,,,,,,,,,
NUVITA FRUIT CHUTNEY THINS,549,2297.01,8,47,3,36.7,7,0.797,Potato Snack,Solid
NUVITA GRANDMA'S HOMEMADE COOKI,458,1916,8,21,,17,,,Cookies,Solid
NUVITA LEMON CREAM PUFFS,,,,,,,,,,
NUVITA LIGHT & CRISP CREAM CRACKERS,464.34,1857.36,10.01,70.3,1,0,,,Crackers,Solid
NUVITA MARIE BISCUITS,426,1782,6.5,68.6,19.8,13.5,0.6,0.257,Biscuits,Solid
NUVITA NICE JARS,117,489.5,2,17,0,4,0,0,Biscuits,Solid
NUVITA OAT & RAISIN COOKIES,419,1753.1,7.1,70.5,22,12.1,3.5,,Biscuits,Solid
NUVITA OAT DIGESTIVE BISCUIT,579,2422.54,8,58,19,23,,,Digestive Biscuit,Solid
NUVITA OATS DIGESTIVE CHOCOLATE COATED BISCUITS,579,2422.54,8,58,19,23,2,0,Biscuits,Solid
NUVITA PORRIDGE OATS,386,1613,12,73,1.3,5.5,6.1,,Oats,Solid
NUVITA SALT THINS,392.857,1643.71,7.14286,82.1429,7.14286,5.35714,7.14286,0.571429,Potato Snack,Solid
NUVITA SALTY CRACKERS,422,1765,7,81,,7,,,Biscuit,Solid
NUVITA SECRETS COCONUT CREAM,587.5,2458.1,8.75,78.75,73.75,25,,,Biscuits,Solid
NUVITA SECRETS COCONUT CREAMS,587.5,2458.1,8.75,78.75,73.75,25,,,Biscuits,Solid
NUVITA SECRETS ORIGINAL CREAM,479,2004.14,7,61,61,22,,0,Biscuits,Solid
NUVITA SHORTBREAD CHOCO CHIP BISCUITS,518,2167,5.2,61.3,25.7,27.6,2,,Biscuits,Solid
NUVITA SHORTBREAD GINGER BISCUITS,,,,,,,,,Biscuits,Solid
NUVITA SHORTBREAD REGULAR BISCUITS,,,,,,,,,Biscuits,Solid
NUVITA SHORTCAKE BISCUITS,468.5,1958,6.49,77.2,,13.42,,,Biscuit,Solid
NUVITA SOUR CREAM&HERB THINS,417.391,1746.37,6.08696,73.913,1.73913,12.1739,4.34783,0,Potato Snack,Solid
NUVITA SPONGE CAKE CHOCOLATE,539,2255.18,6.22,60,6.64,30,1.15,,Cake,Solid
NUVITA STRAWBERRY & VANILLA SPONGE CAKE,250,1046,1,35,27,11,0,0.22,Sponge Cake,Solid
NUVITA SUGAR FREE DIGESTIVE BISCUIT,466.667,1952.53,6.66667,56.6667,,23.3333,,,Biscuit,Solid
NUVITA SUGERFREE DIGESTIVE BISCUITS,466.667,1952.53,6.66667,56.6667,,23.3333,,,Biscuit,Solid
NUVITA SUNBIX MALTY SHORTCAKE,468.5,1958,6.49,77.2,,13.42,,,Biscuits,Solid
NUVITA SWEET & SALTY CRACKERS,468,1958,8,67,,17,,,Biscuit,Solid
NUVITA SWEET & SALTY CRACKERS BISCUIT,422,1765.65,7,62,,16,,0.341,Crackers Biscuit,Solid
NUVITA TEA BISCUITS,,,,,,,,,Biscuits,Solid
NUVITA TOMATO THINS,,,,,,,,,Potato Snack,Solid
NUVITA VANILLA CHOCOLATE COATED SPONGE CAKE,402,1681.97,3,78,49,8.3,1,0.611,Cake,Solid
NUVITA VITAMILK MILKY BISCUITS,,,,,,,,,Biscuits,Solid
NUVITA WAFER CHOCO DELIGHT,439.286,1837.96,6.78571,75,39.2857,14.2857,3.57143,0.585714,Wafer,Solid
NUVITA WAFER CHOCOLATE,382,1598.29,7,64,29,15,,0,Wafer,Solid
NUVITA WAFER LEMON,468,1958.11,8,71,0,17,0,0,Wafer,Solid
NUVITA WAFER STRAWBERRY,,,,,,,,,Wafer,Solid
NUVITA WESTBURY39S ORIGINAL COCONUT BISCUITS,560,2343.04,,64,19,17,2,0,Biscuits,Solid
OBOMA HOME BAKING FLOUR,,,,,,,,,,Powder
OCEAN SPRAY CLASSIC CRANBERRY JUICE,16.6667,69.7333,,4.16667,1.66667,,,,Juice,Liquid
OKF SPARKLING ALOE LITE DRINK,,,,,,,,,,
OKF SPARKLING MELON DRINK,,,,,,,,,,
OLA HOT SALSA DIPPING SAUCE,84.9,,0.75,4.35,2.39,0.29,0.36,0.447,Dipping Sauce,Paste
OLD EL PASO CRUNCHY TACO SHELLS,,,,,,,,,,
OLD EL PASO FAJITA SEASONING MIX,,,,,,,,,,
OLD EL PASO FAJITA TOMATO PEP MX,,,,,,,,,,
OLD EL PASO SQUEEZE GUACAMOLE,,,,,,,,,,
OLD EL PASO SQZY CHUNCK SALSA,,,,,,,,,,
OLD JAMAICA CREAM SODA,50,212,0,12.4,12.4,0,,,Cream Soda,Liquid
OLD JAMAICA GRAPE SODA,51,,0,12.4,12.4,0,0,0.01,Grape Soda,Liquid
OLIVIA EXTRA VIRGIN OLIVE OIL,900,3765.6,,,,100,,,Olive Oil,Liquid
ONGA GARLIC ONION AND GINGER MCHUZI MIX,139,583,1.2,19.5,16.4,5.5,,,Mchuzi Mix,Powder
ONGA MCHUZI CHICKEN,278,1165,,64,0.5,2.9,1.5,1.19,Mchuzi Mix,Powder
ONGA MCHUZI CHICKEN SAT,,,,,,,,,Mchuzi Mix,Powder
ONGA MCHUZI MIX BEEF SEASONING,278,1165,,64,0.5,2.9,1.5,1.19,Beef Seasoning,Powder
ONGA MCHUZI SPICY TOMATO,,,,,,,,,,
ONJA MARGARINE,,,,,,,,,,
OOMF APPLE POTS,,,,,,,,,,
OOMF BANANA POTS,,,,,,,,,,
OPIES STEM GINGER SYRUP,285,1212,0,71,64,0.5,,,,
ORANGE FRESH JUICE,,,,,,,,,Juice,Liquid
ORANGE JUICE LOCAL,45,188,0.7,10.4,8.4,0.2,0.2,0.001,Orange Juice,Liquid
ORBIT MIX FRUIT B CHEWING GUM,,,,,,,,,,Solid
ORBIT SPEARMINT B CHEWING GUM,,,,,,,,,,Solid
ORCHID VALLEY APPLE JUICE,47,197,0.1,11,,0.1,0.2,0.004,Juice,Liquid
ORCHID VALLEY DELIGHT APPLE JUICE,47,197,0.1,11,,0.1,0.2,0.004,Juice,Liquid
ORCHID VALLEY DELIGHT MANGO,218.75,915.25,,54.6875,54.6875,,,0.0234375,Juice,Liquid
ORCHID VALLEY DELIGHT MANGO JUICE,218.75,915.25,,54.6875,54.6875,,,0.0234375,Juice,Liquid
ORCHID VALLEY TROPICAL JUICE,296.875,1242.12,,,,,,,Juice,Liquid
OREO CHOCO BISCUIT,,,,,,,,,,
OREO CHOCOLATE CREME FLAVOURED BISCUITS,586,2454,5,69,40.6,19.8,1.5,0.555,Biscuits,Solid
OREO COCA COLA BISCUIT,,,,,,,,,,
OREO DARK AND WHITE CHOCOLATE SANDWICH COOKIES,140,585.76,1,21,11,6,1,0.15,Cookies,Solid
OREO GOLDEN BISCUITS,483,2020,5.3,71.4,37.9,19.7,,0.42,Biscuits,Solid
OREO ORIGINAL BISCUITS,483,2020,5.3,71.4,37.9,19.7,,0.42,Biscuits,Solid
OREO ORIGINAL CHOCOLATE CREAM BISCUIT,478,2009,5.4,67,40,19,2.9,0.55,Biscuit,Solid
OREO STRAWBERRY BISCUIT,,,,,,,,,,
ORION DOUBLE CHOCOLATE-PIE,130,543.9,,,11,6,,,,
ORLEY'S BASIL LEAVES,319.55,1337,22.98,47.75,1.71,4.07,14.85,0.076,Basil Leaves,Solid
ORLEY'S BAY LEAVES,313,1309.59,7.6,75,0.4,8.4,26,0.023,Bay Leaves,Solid
ORLEY'S GROUND CAYENNE PEPPER,113.208,473.66,,56.6038,,,18.8679,0.0377358,Ground Cayenne Pepper,Powder
ORLEY'S GROUND CITRIC ACID,0,0,,,,,,0.01,Ground Citric Acid,Powder
ORLEY'S GROUND FISH MASALA,385.7,1627.1,16.5,58.1,,9.7,,1.4166,Fish Masala,Powder
ORLEY'S GROUND GARAM MASALA,400,1673.6,20,80,,20,,0.92,Garam Masala,Powder
ORLEY'S GROUND GINGER,238,995.792,3,22,,2,,,Ground Ginger,Powder
ORLEY'S GROUND WHITE PEPPER,20,83.68,7,4,0,1,0,0,Ground White Pepper,Powder
ORLEY'S HERBS MARJORAM LEAVES,,,,,,,,,Thyme Leaves,Powder
ORLEY'S HERBS MINT LEAVES SPICES,70,292.88,3,14,,,8,0.031,Mint Leaves Spices,Powder
ORLEY'S HERBS ROSEMARY LEAVES,,,,,,,,,Herbs Rosemary Leaves,Solid
ORLEY'S OREGANO LEAVES,355,1485.32,6.7,77,,2.2,,,Oregano Leaves,Solid
ORLEY'S PARSLEY LEAVES,292,1221.73,27,51,7.3,5.5,27,,Parsley Leaves,Solid
ORLEY'S PURE GROUND BEEF MASALA,45,188.2,3,13,2,0.9,,0.028,Beef Masala,Powder
ORLEY'S PURE GROUND CHILLIES,,,,,,,,,Ground Chillies,Powder
ORLEY'S PURE GROUND CINNAMON,247,1033.45,4,81,2.2,1.2,53,0.01,Ground Cinnamon,Powder
ORLEY'S PURE GROUND CINNAMON SPICES,16,66.944,0,5,0,0,3,0,Spices,Powder
ORLEY'S PURE GROUND CORIANDER,23,96.232,2.13,3.67,0.87,0.52,2.8,0.046,Ground Coriander,Powder
ORLEY'S PURE GROUND CURRY POWDER,,,,,,,,,Curry Powder,Powder
ORLEY'S PURE GROUND DHANA JEERA POWDER,80,334.7,15,20,,9,,0.091,Dhana Jeera Powder,Powder
ORLEY'S PURE GROUND GARLIC POWDER,361,1510.42,17.94,70.35,,0.84,,,Garlic Powder,Powder
ORLEY'S PURE GROUND MIXED SPICES,298,1246.8,9.97,50.53,5.03,6.31,,,Mixed Spices,Powder
ORLEY'S PURE GROUND MUSTARD,597.34,2499.27,19.26,15.1,,51.1,5.1,0.005,Ground Mustard,Powder
ORLEY'S PURE GROUND SPANISH PAPRIKA,330,1380.72,14,32,9,15,,0.038,Ground Spanish Paprika,Powder
ORLEY'S PURE GROUND TURMERIC,385,1610.84,12.1,68.6,,6.9,,,Ground Turmeric,Powder
ORLEY'S PURE GROUND WHITE PEPPER,,,,,,,,,Ground White Pepper,Powder
ORLEY'S PURE MIXED HERBS,290,1213.36,11.1,55.3,,2.8,,,Mixed Herbs,Solid
ORLEY'S SAGE LEAVES,315,1317.96,11,61,1.7,13,40,,Sage Leaves,Solid
ORLEY'S SPICE CLOVES GRD,,,,,,,,,,
ORLEY'S SPICE GARLIC PEPPER,,,,,,,,,Garlic Powder,Powder
ORLEY'S SPICE GROUND CHILLIES,316.667,154.167,16.6667,54.1667,8.33333,,37.5,3.20833,Chillies,Powder
ORLEY'S SPICE GROUND GARAM MASALA,,,,,,,,,Ground Garam Masala,Powder
ORLEY'S SPICE GROUND GINGER,,,,,,,,,Ground Ginger,Powder
ORLEY'S SPICE GROUND PILAU MASALA,,,,,,,,,Ground Pilau Masala,Powder
ORLEY'S SPICE GROUND TEA MASALA,,,,,,,,,Ground Tea Masala,Powder
ORLEY'S SPICE GROUND TURMERIC,,,,,,,,,Ground Turmeric,Powder
ORLEY'S SPICE MIX GROUND TEA MASALA,7,29.288,0.6,1,,0.5,,0.029,Tea Masala,Powder
ORLEY'S SPICE ONION POWDER,15,62.76,,4,,,,0.13,Onion Powder,Powder
ORLEY'S SPICE PURE GROUND TANDOORI MASALA,238,995.792,1,43,,10,,0.048,Tandoori Masala,Powder
ORLEY'S SPICE SALAD SEASONING,290,1213.36,11.1,55.3,,2.8,,0.4,Salad Seasoning,Powder
ORLEY'S THYME LEAVES,276,1154.78,9.11,64,1.7,7.4,37,,Thyme,Solid
ORLEY'S WHOLE CUMIN SEED,425,1778.2,17,33,2,22,10,0.168,Cumin Seed,Solid
ORLEYS PURE GROUND PILAU MASALA,185,774.04,0,0,0,0,0,0,Ground Pilau Masala,Powder
OSTERBERG ALOE VERA DRINK,54,2259,1.4,18,20,0.1,,0.056,Aloe Vera Drink,Liquid
OSTERBERG AMELN FRUTB AL VERA,,,,,,,,,,
OSTERBERG BLUEBERRY LIME AND CHIA SEED FRUIT DRINK,90,376.56,1,20,14,,3,,Drink,Liquid
OSTERBERG PEA AND MELON CHIA SEED DRINK,,,,,,,,,Chia Seed Drink,Liquid
OSTERBERG TROPICAL ALOE VERA,,,,,,,,,Aloe Vera Drink,Liquid
OSTERG APPLE GRAPE AND STRAWBERRY WITH ALOE VERA BLEND FRUIT DRINK,47,199,0.1,12,12,0.05,,0.0041,Fruit Drink,Liquid
OUT OF AFRICA 100% ARABICA DARK ROAST GROUND COFFEE,,,,,,,,,Ground Coffee,Powder
OUT OF AFRICA 100% ARABICA ESPRESSO GROUND COFFEE,2,8.36,0.5,0.1,0.1,0.1,0.7,1.00E-05,Ground Coffee,Powder
OUT OF AFRICA 100% ARABICA MEDIUM ROAST GROUND COFFEE,284,1188.26,10.4,25.9,,15.4,19.8,0.074,Ground Coffee,Powder
OUT OF AFRICA CHOLESTEROL FREE DRY ROASTED AND SALTED CASHEW NUTS,621,2566,17,30,4.9,48,3.2,0.26,Salted Cashew Nuts,Solid
OUT OF AFRICA CHOLESTEROL FREE HONEY COATED CASHEW NUTS,621,2566,17,30,4.9,48,3.2,0.26,Cashew Nuts,Solid
OUT OF AFRICA CHOLESTEROL FREE HONEY COATED MACADAMIA NUTS,761,3186,7.2,12.7,4.6,75.7,,,Macadamia Nuts,Solid
OUT OF AFRICA DARK COFFEE BEANS,2.4,10.0416,0.3,0,0,0.1,0,0.0047,Coffee Beans,Solid
OUT OF AFRICA DRY ROASTED AND SALTED MACADAMIA NUTS,761,3186,7.2,12.7,4.6,75.7,,,Macadamia Nuts,Solid
OUT OF AFRICA HONEY COATED CASHEW NUTS,621,2566,17,30,4.9,48,3.2,0.26,Cashew Nuts,Solid
OUT OF AFRICA HONEY COATED MIXED NUTS,578,2418.35,15,33,20,47,5.9,0.388,Mixed Nuts,Solid
OUT OF AFRICA MACADAMIA ROAST SALT,,,,,,,,,Macadamia Nuts,Solid
OUT OF AFRICA MEDIUM COFFEE BEANS,2.4,10.0416,0.3,0,0,0.1,0,0.0047,Coffee Beans,Solid
OUT OF AFRICA MIXED NUTS,597,2497.85,24,19,4,52,8,0.321,Mixed Nuts,Solid
OUT OF AFRICA MT ELGON MEDIUM ROAST GROUND COFFEE,284,1188.26,10.4,25.9,0,15.4,19.8,0.074,Coffee,Solid
OUT OF AFRICA MT KENYA MEDIUM ROAST GROUND COFFEE,284,1188.26,10.4,25.9,0,15.4,19.8,0.074,Coffee,Solid
P&A CEREAL CORNFLAKES VALUEPACK,378,1604,7,84,8,0.9,3,,Corn Flakes,Solid
P&A CORNFLAKES,,,,,,,,,,
P&A KIDDOS BABY PORRIDGE,,,,,,,,,,
PACHO ALL PURPOSE HOME BAKING FLOUR,292,1221,13,53,0,4,0,0,Flour,Powder
PAINT SPLASH ORANGE AND STRAWBERRY LOLLIPOP WITH SHERBET DIP,,,,,,,,,,
PALDO FUN AND YUM HOT AND SPICY RAMEN JUMBO BOWL NOODLE,445.455,1863.78,9.09091,60,3.63636,18.1818,3.63636,1.77091,Noodle,Solid
PALDO PORORO APPLE DRINK,,,,,,,,,Apple Drink,Liquid
PALDO PORORO BLUEBERRY DRINK,60,251.04,0,15,14,0,0,0,Drink,Liquid
PALDO PORORO MILK FRUIT JUICE DRINK,21,86,0.7,4.5,3.6,0.04,0.4,,Juice Drink,Liquid
PALDO PORORO STRAWBERRY DRINK,100,418.4,1,22,19,0.5,,0.14,Strawberry Drink,Liquid
PALDO PORORO TROPICA DRINK,,,,,,,,,Tropical Drink,Liquid
PAPILLION JELLINO,341,1428,6.3,78.35,78,0.3,0,,Candy,Solid
PAPILLON ALMONDS HALVA,,,,,,,,,,
PAPILLON MIXED NUTS HALVA,529,2216,10.53,50.3,46.86,30.66,,,Halva,Solid
PAPILLON PISTACHIO HALVA,,,,,,,,,,
PARACHUTE COCONUT OIL,900,3765.6,,,,100,,,Coconut Oil,Liquid
PARLE HIDE & SEEK BLACK BOURBON VANILLA SANDWICH BISCUITS,474,1983.21,4.6,75.6,45,17,,,Biscuits,Solid
PARLE HIDE & SEEK BOURBON CREAM SANDWICH BISCUITS,469,1962.29,5.2,76.1,41.3,15.9,,0.106,Biscuits,Solid
PARLE HIDE & SEEK FAB ORANGE CHOCO CHIP SANDWICH COOKIES,499,2087,4,70,39,22,,,Cookies,Solid
PARLE HIDE & SEEK FAB STRAWBERRY CHOCO CHIP SANDWICH COOKIES,499,2087,4,30,39,22,,,Cookies,Solid
PARLE KRACKJACK BISCUITS,496,2075.26,6.6,69.2,18.5,21.4,,,Biscuits,Solid
PARLE MILK POWER BISCUITS,456,1907.9,7,77,0,14,,,Biscuits,Solid
PARLE MONACO CLASSIC BISCUITS,495,2071.08,7.7,68.2,7.7,21,,,Biscuits,Solid
PARLE NICE BISCUITS 195,480,2008.32,6.5,72.5,24.9,18.2,,,Biscuits,Solid
PARLE NICE COCONUT BISCUITS,473,1979.03,7.5,72.8,,16.9,,,Biscuits,Solid
PARLE SWEET AND SALTY KRACK JACK BISCUITS,489,2045,6.8,70.5,19.6,19.9,,0.371,Biscuit,Solid
PARLE-G ORIGINAL GLUCOSE BISCUITS,453,1895.35,7,77.3,,12.9,,,Biscuits,Solid
PASSION FRESH JUICE,,,,,,,,,Juice,Liquid
PASTA ZARA 11 LINGUINE PASTA,351,1468.58,14,69,3,1,,,Pasta,Solid
PASTA ZARA 112 LASAGNE GIALLE,350,1464.4,12,71,3,1,3,,Lasagne Gialle,Solid
PASTA ZARA 3 SPAGHETTI,351,1468.58,14,69,3.4,1.5,2.9,,Spaghetti,Solid
PASTA ZARA 49 PENNE RIGATE PASTA,350,1464.4,12,73,,1,,,Pasta,Solid
PASTA ZARA 50 PENNONI RIGATI PASTA,350,1464.4,12,73,,1,,,Pasta,Solid
PASTA ZARA 53 LUMACONI RIGATI PASTA,358,1497.87,13,71,,1,,,Pasta,Solid
PASTA ZARA 57 SPIRALI PASTA,350,1464.4,12,72,1,1,3,,Pasta,Solid
PASTA ZARA CHIFFER RIGATI PASTA,350,146,12,71,,1.2,,0.0037,Pasta,Solid
PASTA ZARA FARFALLE NO 31 MACARONI,350,1464.4,35,27,,1.2,,,Farfalle Macaroni,Solid
PASTA ZARA GNOCCHI PASTA,280,1186,80,57,,0.9,2.8,,Pasta,Solid
PASTA ZARA MACRONI PASTA,358,149,10.5,76.6,,1,,0.006,Pasta,Solid
PASTA ZARA NO 46 PENNE RIGATE PASTA,350,1464.4,12,71,,1,,,Rigate Pasta,Solid
PASTA ZARA RIGATONI NO 43 MACARONI,200,836.8,7,42,,1,,,Rigatoni Macaroni,Solid
PASTA ZARA SPIRAL PICCOLE PASTA,198,828,23,62,,2.5,,0.0031,Pasta,Solid
PASTA ZARA TAGLIATELLE ALL UOVO PASTA,249,104,1,34,,2.3,,0.019,Pasta,Solid
PATAK'S BHUNA SAUCE,,,,,,,,,,
PATAK'S BRINJAL PICKLE,,,,,,,,,,
PATAKS BATLI CURRY SAUCE,63,265,1,7.4,4,3,,,,
PATAKS JALFREZI CURRY SAUCE,60,66,1,8,4.9,2.9,1,,Jalfrezi Sauce,Paste
PATAKS PICKLE MANGO MIXED,,,,,,,,,,
PATAKS VINDALOO CURRY SAUCE,70,292,1.3,7.1,3.7,3.4,,0.282,Vindaloo Curry Sauce,Paste
PAW PATROL TWIST POP CANDY,375,1569,0,92,75,0,0,0.083,Candy,Solid
PEARL GREEN POLISHED GRAMS,,,,,,,,,,
PEARL IMPORTED POPCORN,,,,,,,,,,
PEARL IMPORTED POPCORN KERNELS,,,,,,,,,,
PEARL NJAHI BLACK BEANS,,,,,,,,,,
PEARL PISHORI FORTIFIED RICE,351,1491,7.8,77.7,0.5,0.8,1,,Pishori Rice,Solid
PEARL POLISHED GREEN GRAMS,,,,,,,,,,
PEARL PULSES LARGE SIZE WHOLE MASOOR DAL,,,,,,,,,,
PEARL PULSES NYAYO BEANS,,,,,,,,,,
PEARL SUPER BASMATI FORTIFIED RICE,350,1464,8.8,78,,,1.6,0.0017,Rice,Solid
PEARL SUPER BASMATI RICE,350,1464,8.8,78,,,1.6,0.0017,Rice,Solid
PEARL YELLOW BEANS,,,,,,,,,Yellow Beans,Solid
PEMBE ATTA MARK 1 WHEAT FLOUR,340,1422,10.93,72,,,9.6,,Wheat Flour,Powder
PEMBE HOME BAKING FLOUR,455,1903,12.9,95.4,0.3,1.2,3.4,0.002,Baking Flour,Powder
PEMBE MAIZE FLOUR,,,,,,,,,361kcal,1g
PEMBE MANDAZI,340,,9,75,,,1,,,
PEMBE PURE WIMBI PORRIDGE,50,209.2,1.4,11,,0.2,,0.006,Porridge,Powder
PEMBE SELF RAISING FLOUR,333,1393.27,6.9,70,,,3.3,1.067,Raising Flour,Powder
PEP APPLE JUICE READY TO DRINK,,,,,,,,,Juice,Liquid
PEP COCOPINE DRINK,80,334.72,,19,18,,,0.035,Drink,Liquid
PEP CONCENTRATE ORANGE DRINK,304,1271,,16,,,,0.003,Orange Drink,Liquid
PEP FRUIT COCKTAIL DRINK,,,,,,,,,Fruit Cocktail Drink,Liquid
PEP GUAVA JUICE READY TO DRINK,65,271.96,0.1,15,12.5,0,,0.02,Juice,Liquid
PEP LEMON DRINK CONCENTRATE,,,,,,,,,,
PEP LEMON JUICE CONCENTRATE,16,67,,3.2,3.2,,,0,Lemon Drink,Liquid
PEP MANGO JUICE RTD,217,907.92,1,12,,1,,0,Juice,Liquid
PEP MIXED FRUIT CONCENTRATE,128,535.552,0.3,31,29,,0.2,0.145,Mixed Fruit Drink,Liquid
PEP TROPICAL JUICE READY TO DRINK,45,188.28,0,11,11,0.1,,0.004,Juice,Liquid
PEPSI COLA,,,,,,,,,,
PEPSI COLA SOFT DRINK,,,,,,,,,Soft Drink,Liquid
PEPSI DIET,,,,,,,,,,
PEPSI MIRINDA LEMON,,,,,,,,,,
PEPTANG CHILLI GARLIC SAUCE,30,125.52,0.4,0.3,32.2,0.5,,1.42,Garlic Sauce,Paste
PEPTANG CHOMA SAUCE,138.08,577.727,0.99,33.53,29.48,,,0.84,Choma Sauce,Paste
PEPTANG CLASSIC CHILLI SAUCE,30,125.52,0.4,0.3,32.2,0.5,,1.42,Chilli Sauce,Paste
PEPTANG FRUITY BROWN SAUCE,140,585.75,1,33.5,20,0,0,0.001,Brown Sauce,Paste
PEPTANG GINGER LEMON HONEY TAMARIND DAWA DRINK,36,151,0.1,7.5,7.4,0,,0.004,Dawa Drink,Liquid
PEPTANG GOLDEN SYRUP,64,267.776,0,16,0,0,0,0,Syrup,Liquid
PEPTANG GREEN CHILLI SAUCE,75,313.8,1,22,,,1,1.55,Chilli Sauce,Paste
PEPTANG HABANERO H CHILLI SAUCE,,,,,,,,,Chilli Sauce,Paste
PEPTANG HEALTHY CREAMY PEANUT BUTTER,188,786.592,8,6,3,16,1.9,0.144,Peanut Butter,Paste
PEPTANG HEALTHY CRUNCHY PEANUT BUTTER,642,2686.13,26,20,9,51,5,0.35,Peanut Butter,Paste
PEPTANG HEALTHY NO ADDED SUGAR PEANUT BUTTER,625,2615,25,17,4,50,5,,Peanut Butter,Paste
PEPTANG HOT AND SWEET SAUCE,133.333,557.867,,,,,,1.67333,Sauce,Paste
PEPTANG HOT&SWEET SAUCE,133.333,557.867,,,,,,1.67333,Sauce,Paste
PEPTANG LIME MIXER DRINK,167,698.72,,40,40,,,0.017,Drink,Liquid
PEPTANG MAMA’S CHOICE CHIPS SAUCE,82,336,4.3,19,12,0.5,4.1,,Sauce,Paste
PEPTANG MANGO SYRUP,262.963,1100.22,,62.963,18.5185,,,,Syrup,Liquid
PEPTANG MAPLE SYRUP,210,878.64,0,53,51,0,0,0.005,Syrup,Liquid
PEPTANG MASALA SAUCE,386.667,1617.81,,20,13.3333,,,1.07333,Masala Sauce,Paste
PEPTANG MIXED FRUIT JAM,285,1192.44,0.5,70,70,,0.5,120,Jam,Jelly
PEPTANG ORANGE MARMALADE FRUIT JAM,245,1025.08,0.3,65,60,0.3,0.7,0.037,Jam,Jelly
PEPTANG PILI PILI GARLIC SAUCE,32,133.888,0.5,3.8,1.2,0.3,,1.68,Garlic Sauce,Paste
PEPTANG PILI PILI SAUCE,32,133.888,0.5,3.8,1.2,0.3,,1.68,Sauce,Paste
PEPTANG PINEAPPLE JAM,270,1129.68,70,65,,10,,0.61,Jam,Jelly
PEPTANG PURE AFRICA HONEY,304,1216,0.3,80.9,0,0,0,0,Honey,Liquid
PEPTANG PURE AFRICAN HONEY,304,1216,0.3,80.9,0,0,0,0,Honey,Liquid
PEPTANG RED PLUM JAM,278,1240,0.3,69,10.6,0.1,1.2,21.4,Plum Jam,Jelly
PEPTANG SQUEEZY PURE AFRICAN HONEY,304,1216,0.3,80.9,0,0,0,0,Honey,Liquid
PEPTANG STRAWBERRY JAM,284,1188.26,0.92,70,72,,1.1,,Jam,Jelly
PEPTANG SUBSTITUTE WHITE VINEGAR,,,,,,,,,White Vinegar,Liquid
PEPTANG SWEET CHILLI SAUCE,,,,,,,,,,
PEPTANG TOMATO AND ONION KACHUMBARI SAUCE,15,62.76,0,2,1,1,0,0.035,Sauce,Paste
PEPTANG TOMATO GARLIC SAUCE,,,,,,,,,,
PEPTANG TOMATO KETCHUP,94,399,1.4,20,19,0.5,,,Tomato Ketchup,Paste
PEPTANG TOMATO PASTE,70,296,3.1,10.4,,0.3,,0.63,Tomato Paste,Paste
PEPTANG TOMATO SAUCE,50,209.2,1.5,6.5,,0.4,1.8,0.581,Tomato Sauce,Paste
PERFETTI C-CHUPS GUM TPAINT,,,,,,,,,,
PERRIER ORIGINAL,,,,,,,,,,
PERRIER ORIGINAL SPARKLING WATER,1,4,0,0,0,0,0,0,Liquid,
PHD SMART BAR HFSS CHOCOLATE BROWNIE,,,,,,,,,,
PHD SMART BAR HFSS WHITE CHOCOLATE BLONDIE,,,,,,,,,,
PHD SMART BAR HIGH PROTEIN DARK CHOCOLATE RASPBERRY,382,1536,32,38,3.1,14,,,,
PHULKA ATTA MARK CHAPATI FLOUR,110,460.24,4,23,0,0,3,0.009,Chapati Flour,Powder
PHULKA ATTA MARK I CHAPATI FLOUR,110,460,4,23,,,3,0.009,Chapati Flour,Powder
PICK N PEEL APPLE JUICE,110,460,0,28,26,0,0,0.02,Apple Juice,Liquid
PICK N PEEL MANGO JUICE,61,255.224,0.2,15,15,0,,0.004,Mango Juice,Liquid
PICK N PEEL ORANGE JUICE,304,1271,0,16,0,0,0,0.003,Orange Juice,Liquid
PICK N PEEL PINEAPPLE JUICE,47,196.648,,11.9,11.8,0,,,Pineapple Juice,Liquid
PICK N PEEL RED GRAPE JUICE,135,554,1,32,29,0,0,0.03,Red Grape Juice,Liquid
PICK N PEEL SPARKLING CIDER APPLE FRUIT DRINK,60.1,256,0.01,14.6,14.6,0,0,0.001,Fruit Drink,Liquid
PICK N PEEL TROPICAL MIX JUICE,54,227,0.3,12.4,,0.1,,,Tropical Mix Juice,Liquid
PICK N PEEL WHITE GRAPE JUICE,135,554,1,32,29,0,0,0.03,Grape Juice,Liquid
PIETRO CORICELLI ARRABBIATA PASTA SAUCE,61,255,1.6,7,6.2,2.7,,,Sauce,Paste
PIETRO CORICELLI EXTRA VIRGIN OLIVE OIL,822,3378,,,,91.3,,,Olive Oil,Liquid
PIETRO CORICELLI NAPOLETANA PASTA SAUCE,104,435.136,1.6,8,4.8,7.2,1.6,0.296,Sauce,Paste
PIETRO CORICELLI PESTO SAUCE,,,,,,,,,,
PIETRO CORICELLI TOMATO AND BASIL SAUCE,60,251,1.6,6.8,6.1,2.7,,,Sauce,Paste
PIETRO RED PESTO SAUCE,,,,,,,,,,
PIKA PURE VEGETABLE OIL,120,502.08,0,0,0,14,0,0,Vegetable Oil,Liquid
PIKA PURE YELLOW VEGETABLE COOKING FAT,120,502.08,,,,14,,,Cooking Fat,Cream
PIKA VEGETABLE OIL,120,502.08,,,,14,,,Vegetable Oil,Liquid
PILAU MASALA,,,,,,,,,Pilau Masala,Powder
PINEPPLE MINT FRESH JUICE,,,,,,,,,Juice,Liquid
PLANET SODA MIXED BERRIES,50,208.571,0.714286,12.1429,7.14286,0,3.57143,0,Soda,Liquid
PM MEGA FRY CANOLA OIL,,,,,,,,,,
POLO SPEARMINT TUBE,,,,,,,,,,
POLO SUGAR FREE TUBE,,,,,,,,,,
POWER PLAY ORIGINAL ENERGY DRINK,46,179.912,0.3,12,,0.1,,0.027,Energy Drink,Liquid
PRAN BEEF EASY INSTANT NOODLES X OF,,,,,,,,,Instant Noodles,Solid
PRAN BISK CLUB CHOCOLATE CREAM BISCUITS,150,627.6,2,21,6,6,0,0.115,Biscuits,Solid
PRAN BISK CLUB COCONUT BISCUIT,478,1999.95,6,71,31,21.2,,0.353,Biscuits,Solid
PRAN BISK CLUB GLUCOSE BISCUIT,453,1895.35,7,77.3,24.8,12.9,,,Biscuit,Solid
PRAN BISK CLUB ORANGE CREAM BISCUITS,464,1941.38,6,68,33,18,0,0,Biscuits,Solid
PRAN BISK CLUB POTATO SPICY BISCUITS,230,962,4,36,11,8,7,0,Biscuits,Solid
PRAN BISK CLUB STRAWBERRY CREAM BISCUITS,122,510.448,,17,8,4,,0.061,Biscuits,Solid
PRAN COCKTAIL FRUIT DRINK,56,234.304,0,14,13,0,0.5,0.012,Drink,Liquid
PRAN DELIGHT PINEAPPLE BISCUITS,2288.57,955.714,2.85714,28.5714,11.4286,11.4286,1.42857,0.121429,Biscuits,Solid
PRAN DOUBLE TWIST CHOCOLORD TOFFEE 16 PIECES,461,1931,4,66,46,21,,0.11,Toffee,Solid
PRAN EASY CHICKEN INSTANT NOODLES X OF,462,1933,10.3,66.5,2,17.2,7,,Instant Noodles,Solid
PRAN MANGO FRUIT DRINK,56,234,0,14,13,0,0,0,Drink,Liquid
PRAN SPECIAL DRYCAKE PAPER PCK,,,,,,,,,,
PRAN STRAWBERRY CREAM BISCUIT,,,,,,,,,Biscuit,Solid
PRAN TAMARIND FRUIT DRINK,160,669,0,31,30,0,0,0.035,Drink,Liquid
PREDATOR ENERGY DRINK,14.4,179.912,,3.6,,,,0.05,Energy Drink,Liquid
PREDATOR ENERGY MANGO JUICE,12000,50208,,2000,,,,,Juice,Liquid
PRESTIGE ORIGINAL MARGARINE,532.983,2230,0.2,0.5,0.5,60,0.5,0.63,Margarine,Paste
PRESTIGE VANILLA MARGARINE,526,2200.78,42,,,59.168,,0.7848,Margarine,Paste
PRESTO CHILLI SAUCE,59,246.856,2.05,12.21,5.77,0.33,,,Chilli Sauce,Paste
PRESTO LIGHT MAYONNAISE,280,1171.52,,,,26.6667,,,Light Mayonnaise,Cream
PRESTO ORIGINAL MAYONNAISE,580,2426.72,1,9,4,,,0.45,Original Mayonnaise,Cream
PRESTO TOMATO SAUCE,20,83.68,0.2,5,4.8,0.2,0.1,0.136,Sauce,Paste
PRESTO WHITE VINEGAR,13,54.392,0,0,0,0,0,0,White Vinegar,Liquid
PRETZO ORIGINAL SWEET CHILLI PRETZEL,100,418,12,80,,4,3.82,0.917,Pretzel,Solid
PRETZO SALTED PRETZEL STICKS,400,1672,48,320,,16,15.28,3.668,Pretzel Sticks,Solid
PREZIOSO MODENA BALSAMIC VINEGAR,88,368.19,0.5,17,15,,,0.023,Vinegar,Liquid
PRIME HYDRATION DRINK,,,,,,,,,,
PRINGLES HOT AND SPICY POTATO CHIPS,503,2106,4.3,51,3,32,2.6,,Potato Chips,Solid
PRINGLES HOT AND SPICY POTATO CRISPS,506,2125,5.4,15.5,3.9,26.3,,0.709,Potato Crisps,Solid
PRINGLES HOT CHEESE & CHILLI,,,,,,,,,,
PRINGLES HOT KICKING SOUR CREAM,,,,,,,,,,
PRINGLES HOT MEXICAN CHILLI & LIME,523,2182,6.2,55,3,30,3.9,,,
PRINGLES HOT SPICY BBQ,,,,,,,,,,
PRINGLES HOT SWEET CHILLI,523,2183,6.3,55,4.4,30,3.8,,,
PRINGLES KETCHUP POTATO CHIPS,505,2105,4.1,51,3.5,31,2.6,,Potato Chips,Solid
PRINGLES ORIGINAL FLAVOUR CRISPS,123,3423,3.4,56,4.5,12,,0.045,Crisps,Solid
PRINGLES ORIGINAL PERFECT POTATO CRISP CHIPS,534,2234,5.9,56,1.2,31,3.5,0.44,Potato Crisp Chips,Solid
PRINGLES SALT AND VINEGAR CRISPS,509,1345,5,67,6.3,34,,0.678,Crisps,Solid
PRINGLES SOUR CREAM AND ONION CHIPS,508,2111,9.1,36,,33,14,,Chips,Solid
PRINGLES SOUR CREAM AND ONION POTATO CRISP CHIPS,515,2146,4.2,51,2.5,32,2.9,,Potato Crisp Chips,Solid
PRINGLES TEXAS BBQ SAUCE CRISPS,520,2176,6.1,57,4.5,29,3.5,0,Crisps,Solid
PRINGLES TEXAS BBQ SAUCE POTATO CHIPS,516,2155,6,56,3.9,29,3.5,,Potato Chips,Solid
PROCTAL & ALLAN OAT FLAKES,530,2217,13.5,66,0,10,9,0,Oat Flakes,Solid
PROCTOR & ALLAN CHOCOLATE CAKE MIX,396.3,1658.11,4.6,82.1,39.3,8.2,2.3,0.7747,Cake Mix,Powder
PROCTOR & ALLAN CORN FLAKES,378,1604,7,84,8,0.9,3,,Corn Flakes,Solid
PROCTOR & ALLAN NUTRI RICH PORRIDGE,374,1564.82,11,60,1,8,9,0,Porridge,Solid
PROCTOR & ALLAN OAT FLAKES,,,,,,,,,,
PROCTOR ALLAN CORN FLAKES VALUE,378,1604,7,84,8,0.9,3,,Corn Flakes,Solid
PROCTOR AND ALLAN CORN FLAKES,378,1604,7,84,8,0.9,3,0,Flakes,Solid
PROCTOR AND ALLAN QUICK PORRIDGE OATS,374,1564.82,11,60,1,8,9,0,Porridge Oats,Solid
PROCTOR AND ALLAN WHITE OATS,530,2217.52,13,66,0,10,9,0,Oats,Solid
PRUNG COCO N/DAIRY MILK POWDER,,,,,,,,,,
PURE MOUNTAIN CANOLA OIL CHILLI,900,3765.6,0,0,0,91,0,0,Canola Oil,Liquid
PURE MOUNTAIN CANOLA OIL HERB,900,3765.6,0.1,0.1,,91.2,,,Canola Oil,Liquid
PURE MOUNTAIN PURE CANOLA OIL,900,3765.6,0,0,,100,,,Canola Oil,Liquid
PURE NATURE DARK ROASTED SESAME OIL,,,,,,,,,Sesame Oil,Liquid
PURE NATURE MILD ROASTED SESAME OIL,,,,,,,,,Sesame Oil,Liquid
PURE NATURE SESAME OIL,,,,,,,,,Sesame Oil,Liquid
PURETO TOMATO PASTE,103,430.952,1,16,22,,5,,Tomato Paste,Paste
QIA QIA CARAMEL SUNFLOWER SEEDS,117.593,492.007,0.925926,18.5185,,3.7037,,,Sunflower Seeds,Solid
QIA QIA HICKORY NUT FLAVOUR SUNFLOWER SEEDS SNACKS,596,2494,26,10,2,49,0,0,Snacks,Solid
QIA QIA ORIGINAL SALTED SUNFLOWER SEEDS,611.13,2557,,15.8,,51.8,,,Sunflower Seeds,Solid
QIA QIA ROASTED SUNFLOWER SEEDS,622,2603,27.4,15.8,2.1,51.8,,,Sunflower Seeds,Solid
QIA QIA SUNFLOWER SEEDS,599,2505,27,16.5,4.2,50.2,,,Sunflower Seeds,Solid
QIAQIA BARBECUE CRUNCHY POTATO CRISPS,284.314,1189.57,13.7255,115.686,5.88235,52.9412,7.84314,0.601961,Potato Crisps,Solid
QUAKER QUICK COOKING WHITE OATS,356,1500,11,60,1.1,8,3,0.001,White Oats,Solid
QUEEN D ACTIVE CH CRACKERS,480,2008.32,4,80,2,14,2,0.76,Crackers,Solid
QUEEN D CHEDARPAPRIKA CRACKERS,,,,,,,,,Crackers,Solid
QUEEN D ROSEMARY SAGE CRACKERS,400,1673.6,13.3,66.7,3.3,10,0,0.9,Crackers,Solid
QUEEN DELI ITL CANTUCI CRACKERS,431,1819,7.4,72.1,39.1,11.2,3.1,,Crackers,Solid
QUENCHER FANTASY FLAVOURED DRINK,,,,,,,,,Flavoured Drink,Liquid
QUENCHER FIZTO,,,,,,,,,,
QUENCHER LIFE PREMIUM DRINKING WATER,0,0,,,,,,0.002,Drinking Water,Liquid
QUENCHER LIFE PREMIUM DRINKING WATER X OF,0,0,,,,,,0.002,Drinking Water,Liquid
QUENCHER ORANGE,,,,,,,,,,
QUENCHER T BLACK CURRANT JUICE,,,,,,,,,,
QUICK FRIED CHILLI GREEN PEAS,490,2050.17,18.3333,5,5,20,18.3333,0.85,Green Peas,Solid
RAFAEL SALGADO EXTRA VIRGIN OLIVE OIL,900,3700,,,,100,,,Olive Oil,Liquid
RAFFEL SALGADO E V OLIVE OIL,900,3700,0,0,,100,,0,Olive Oil,Liquid
RAGU CHEESE CREATION SIX CHEESE SAUCE,90,376.56,3,14,9,0,2,0.48,Six Cheese Sauce,Paste
RAGU CHUNKY SAUTEED ONION AND GARLIC SAUCE,90,376.56,2,14,9,3.5,2,0.48,Onion And Garlic Sauce,Paste
RAGU CHUNKY TOMATO GARLIC AND ONION SAUCE,80,334.72,2,14,10,2,2,0.46,Sauce,Paste
RAGU HEARTY TRADITIONAL TOMATO SAUCE,100,418,3,16,10,2.5,3,0.43,Sauce,Paste
RAGU HOMEMADE STYLE PIZZA SAUCE,30,125.52,1,5,3,1,1,0.25,Pizza Sauce,Paste
RAGU MAMA'S SPECIAL GARDEN CHUNKY SAUCE,90,376.56,3,15,11,2.5,2,0.47,Chunky Sauce,Paste
RAGU MUSHROOM AND GREEN PEPPER SAUCE,80,334.72,2,14,10,2,2,0.47,Sauce,Paste
RAGU MUSHROOM PASTA SAUCE,70,292,2,11,7,2,2,0.46,Sauce,Paste
RAGU OLD WORLD STYLE MARINARA SAUCE,,,,,,,,,Sauce,Paste
RAGU OLD WORLD STYLE MEAT SAUCE,90,376.56,2,12,7,4,2,0.48,Sauce,Paste
RAGU OLD WORLD STYLE MUSHROOM SAUCE,,,,,,,,,,
RAHA COCOA POWDER,,,,,,,,,Drink Powder,Powder
RAHA DRINKING CHOCOLATE POWDER,72,301.248,1,16,,,,,Chocolate Powder,Powder
RAKUSEN'S GLUTEN FREE CRACKER,,,,,,,,,,
RAKUSEN'S VEGAN WATER BISCUIT,,,,,,,,,,
RANEE CHEF39S SPECIAL PARBOILED BASMATI RICE,357,1493,8.6,79,,0.9,1.8,0.0041,Rice,Solid
RANEE CLASSIC BASMATI RICE,77,,344,100,1.4,0.0001,,,Food,
RANEE EVERYDAY LONG GRAIN RICE,130,543,2.7,28,0.1,0.3,0.4,0.001,Rice,Solid
RANEE LONG GRAIN BIRYANI RICE,350,1464,8.8,78,,0.47,1.6,0.0017,Rice,Solid
RANEE PREMIUM BASMATI RICE,78,,350,100,1.6,0.0017,,,Food,
RANEE PREMIUM SPAGHETTI PASTA,345,1443.48,11,73,0,0,0,,Pasta,Solid
RANEE SPAGHETTI STANDARD,351,1468.58,14,69,3.4,1.5,2.9,,Spaghetti,Solid
RANI JUICE PEACH,,,,,,,,,,
RANI JUICE STRAWBERRY,60,251.04,,15.1,11.4,,,,Drink,Liquid
RAPRA'S CHOCOLATE DRINKING POWDER,373,1560.63,9,51,,10,,,Drinking Powder,Powder
RAPRA'S DRINKING CHOCOLATE,373,1560.63,9,51,0,10,,,Drinking,Powder
RAPRAS INSTANT ENERGY PLUS PURE GLUCOSE TABLETS,219,916.296,,55,55,,,,Glucose Tablets,Solid
REAKTOR SIMBA ENERGY DRINK,,,,,,,,,Energy Drink,Liquid
REAL AROMATIC PISHORI BASMATI RICE,670,2803.28,14,150,0,3,0,0,Basmati Rice,
REAL HONEY,309,1292.86,1.49,75,,,0.13,0.074,Honey,Liquid
REAL HONEY SQUEEZ,,,,,,,,,,
REAL THAI RED CURRY PASTE,15,62.76,1,2,1,0.5,1,0.69,Red Curry Paste,Paste
REAL THAI RICE STICK,363.636,1520,7.27273,81.8182,0,0,0,0.0181818,Rice Stick,Solid
REAL THAI RICE STICK NOODLES,,,,,,,,,Noodles,Solid
REAL THAI SESAME HOT SAUCE,,,,,,,,,,
REAL THAI SPRING ROLLS SAUCE,,,,,,,,,Spring Rolls Sauce,Paste
REAL THAI SWEET CHILLI,,,,,,,,,,
RED BULL ENERGY DRINK,,,,,,,,,Energy Drink,Liquid
RED BULL ENERGY DRINK PIECES,,,,,,,,,Energy Drink,Liquid
REDBULL ENERGY ORIGINAL DUO,,,,,,,,,,
REDBULL ENERGY SUGAR FREE,,,,,,,,,,
REDBULL ENERGY SUGAR FREE DUO,,,,,,,,,,
REESE'S 5 PEANUT BUTTER C WAFER,,,,,,,,,,
REFLEXX CARAMEL FILLED WITH COCONUT ECLAIRS TOFFEE,50,210,1.2,19.5,16.4,5.5,,,Eclairs Toffee,Solid
REFLEXX CARAMEL FILLED WITH COFFEE ECLAIRS TOFFEE,71,301,3.8,76,49,0.4,,,Eclairs Toffee,Solid
REFLEXX CARAMEL FILLED WITH CREAMY MILK ECLAIRS TOFFEE,60,253,5,6.8,0,0.3,,,Eclairs Toffee,Solid
REFLEXX ECLAIRS CARAMEL,65,280,1.2,19.5,16.4,5.5,,,Eclairs Caramel,Solid
REFLEXX FRUITS CANDY,44,184.096,,13,,,,,Fruits Candy,Solid
REFLEXX MENTHE FRAICHE CANDY,3,12.552,0.2,0.5,,,0.4,0.002,Candy,Solid
RELOAD ISOTONIC LEMON DRINK,,,,,,,,,Drink,Liquid
RELOAD LEMON ISOTONIC DRINK,,,,,,,,,Isotonic Drink,Liquid
RELOAD ORANGE ISOTONIC DRINK,25,104.6,0.1,5.8,3.7,0.1,,0.012,Drink,Liquid
RIBENA BLACKCURRANT JUICE,,,,,,,,,Juice,Liquid
RIBENA BLACKCURRANT STRAWBERRY JUICE,4,17,,0.5,0.5,,,,Juice,Liquid
RICO BBQ RING SNACK,,,,,,,,,,
RICO CHEESE BALL SNACKS,,,,,,,,,,
RICO MINI CHEESE RING SNACKS,,,,,,,,,,
RICO REME BBQ SNACK,,,,,,,,,,
RINA VEGETABLE COOKING OIL,120,502.08,,,,14,,,Cooking Oil,Liquid
RINA VEGETABLE OIL,120,502.08,,,,14,,,Cooking Oil,Liquid
RING POP SOUR CHERRY LOLLIPOP CANDY ASSORTED,428.571,1792.86,0,100,50,0,,0.25,Lollipop Candy,Solid
RINSUN 100 SUNFLOWER OIL,899,3761.42,,,,99.9,,,Sunflower Oil,Liquid
RINSUN SUNFLOWER OIL,899,3761.42,,,,99.9,,,Sunflower Oil,Liquid
RISCOSSA 1B SPAGHETTI PASTA,364.706,1525.93,12.9412,74.1176,3.52941,1.17647,,0.00235294,Pasta,Solid
RISCOSSA 2 SPAGHETTI PASTA,364.706,1525.93,12.9412,74.1176,3.52941,1.17647,,0.00235294,Pasta,Solid
RISCOSSA 24 PENNE ZITONI PASTA,355,1485.32,12,75,,1,,,Pasta,Solid
RISCOSSA 25 PENNE ZITO RIGATE PASTA,355,1485.32,12,75,,1,,,Pasta,Solid
RISCOSSA CANNELLONI PASTA,,,,,,,,,,
RISCOSSA CANNERONI RIGATI NO 21 PASTA,,,,,,,,,,
RISCOSSA CRESTE DI GALLO NO 49 PASTA,,,,,,,,,,
RISCOSSA ELICOIDALI NO 20 PASTA,,,,,,,,,,
RISCOSSA PASTA 55 FAGIOLINI,,,,,,,,,,
RITTER SPORT BUTTER BISCUIT CHOCOLATE,544,2269,6.2,57,50,32,,,Biscuit,Solid
RITTER SPORT DARK WHOLE ALMONDS,560,2329,9.5,37,15,39,,,Dark Chocolate,Solid
RITTER SPORT FINE MILK CHOCOLATE,565,2363.96,6.5,52,52,36,,,Milk Chocolate,Solid
RITTER SPORT MARZIPAN CHOCOLATE,473.684,1981.58,5.26316,52.6316,47.3684,26.3158,5.26316,0,Chocolate,Solid
RITTER SPORT PRALINE CHOCOLATE,558,2334.67,7.4,53,51,35,,0.13,Chocolate,Solid
RITTER SPORT RAISIN & HAZELNUT CHOCOLATE,,,,,,,,,,
RITTER SPORT WHITE CHOCOLATE HAZELNUT,,,,,,,,,,
RITZ CHEESE SANDWICH CRACKERS,507,2121,6.9,56.3,15.3,28.3,0,,Crackers,Solid
ROBERTSON'S PORTUGUESE CHICKEN SPICES,185,774.04,10,32.5,5.4,4.8,7,,Chicken Spice,Powder
ROBERTSON'S RICE SPICES,,,,,,,,,Rice Spices,Powder
ROBERTSON'S SALT AND VINEGAR,205,857,0,30,21,1,0,1.866,Salt And Vinegar,Powder
ROBERTSONS FISH SPICES,198,828.432,9,39.5,1.3,2.1,3.7,,Fish Spices,Powder
ROBERTSONS GOLDEN MARMALADE,,,,,,,,,,
ROBERTSONS GROUND GINGER POWDER,,,,,,,,,Ginger Powder,Powder
ROBERTSONS TURMERIC,312,1305.41,9.7,67,3.2,3.3,23,0.027,Turmeric Powder,Powder
ROBERTSONS VEGGIE SEASONING,300,1255.2,20,60,0,0,20,0.4,Veggie Seasoning,Powder
ROLAND CHILI GARLIC SAUCE,,,,,,,,,,
ROLAND DIJON MUSTARD PROVENCAL HERBS,,,,,,,,,,
ROLAND HEARTS OF PALM,,,,,,,,,,
ROLAND HOT CHILI OIL IN JARS,,,,,,,,,,
ROLAND HOT CHILI SAUCE,,,,,,,,,,
ROLAND MANGO CHILI SAUCE,,,,,,,,,,
ROLAND PREMIUM ENGLISH MINT JELLY,,,,,,,,,,
ROLAND RED ANDEAN QUINOA-PRE-WASHED,,,,,,,,,,
ROLAND SUNDRIED TOMATOES AND OLIVE OIL,,,,,,,,,,
ROLAND THAI SWEET CHILI SAUCE,,,,,,,,,,
ROLAND WHITE CRAB MEAT,,,,,,,,,,
ROLLANA CHOCOLATE,,,,,,,,,,
ROLO LITTLE BAG,495,2083,3.9,66.1,60.1,23.7,1,,Chocolate,Solid
ROSE BONKERS BANANA SPRAY CANDY,,,,,,,,,Spray Candy,Liquid
ROSE CANDY CRUSHER,,,,,,,,,,
ROSE CANDY TOILET CHOCOLATE,343,1435,,84.5,68.4,1,,,Toilet Candy,Solid
ROSE ICE CREAM TWIST AND DIP LOLLIPOP,392,1666,0,98,88,0,,,Lollipop,Solid
ROSE NUTCRACKER CLASSIC CANDY CANES,395,1650,0,93,93,0,,,Candy Canes,Solid
ROSE SWEET AND SOUR DOUBLE SPRAY FRUIT CANDY SPRAY,131,564,0,31,31,0,,,Candy Spray,Liquid
ROSES LEMON AND LIME FINE CUT MARMALADE JAM,265,1124,0.1,1,53.8,0,,,Jam,Paste
ROSES MARMALADE LIME FINE CUT,,,,,,,,,,
ROSES MARMALADE ORANGE FINE CUT,,,,,,,,,,
ROWNTREES FRUIT GUMS,,,,,,,,,,
ROWNTREES FRUIT PASTILE,355,1508,0.1,88.6,61.4,0.1,0,,Fruit Pastilles,Solid
ROWNTREES FRUIT PASTILE STRAWBERY + BLACKCURRENT,,,,,,,,,,
ROWNTREES FRUIT PASTILES VANILLA MP,,,,,,,,,,
ROWNTREES FRUIT PASTILLE VN,,,,,,,,,,
ROWNTREES JELLY TOTS TROPICAL,,,,,,,,,,
ROYAL CLUB TONIC WATER,36,149,,8.6,8.6,,,,Tonic Water,Liquid
ROYAL MACARONI PENNE RIGATE PASTA,45,188.28,1,10,16,,1,0.01,Pasta,Solid
ROYAL MACARONI SHELL PASTA,45,188.28,1,10,16,,1,0.01,Pasta,Solid
ROYAL PASTA RIGATONI,,,,,,,,,,
ROYAL PREMIUM QUALITY MACARONI FUSSILLI,360,1506.24,12.5,75,,1.1,,,Fussilli,Solid
ROYAL SPAGHETTI,160,669,36,2,5,,2,0.015,Spaghetti,Solid
ROYAL UMBRELLA OYSTER SAUCE,27.2,,122,100,,,,,Food,
ROYAL UMBRELLA THAI JASMINE RICE,350,1488,6.7,79,,0.7,1,0.0002,Rice,Solid
ROYALE G PREMIUM DARK SOYA SA,,,,,,,,,,
ROYALE GARDEN MAYONNAISE,,,,,,,,,Mayonnaise,Paste
ROYALE GARDEN PREMIUM LIGHT SOY SAUCE,,,,,,,,,Soy Sauce,Liquid
ROYALE GARDEN SUPERIOR DARK SOYA SAUCE,120,502.08,,25,,,,,Sauce,Paste
ROYALE GARDEN TOMATO PASTE,,,,,,,,,Tahini Paste,Paste
ROYALE WHOLE MUSHROOM,19,79,2,,,,2,0.28,Whole Mushroom,Solid
ROYCO BEEF KORA MCHUZI MIX,,,,,,,,,Mchuzi Mix,Powder
ROYCO BLACKPEPPER GROUND SPICE,,,,,,,,,,
ROYCO CINNAMON GROUND SPICE,,,,,,,,,,
ROYCO CURRY POWDER,,,,,,,,,,
ROYCO FORTIFIED BEEF CUBES FOR NUTRITIOUS MEALS FULL OF FLAVOUR X,,,,,,,,,,
ROYCO FORTIFIED CHICKEN CUBES FOR NUTRITIOUS MEALS FULL OF FLAVOUR X,116,485,5,17.8,18.2,3,0.8,,Chicken Cubes,Solid
ROYCO GARLIC GROUND SPICE,,,,,,,,,,
ROYCO GINGER GROUND SPICE,,,,,,,,,,
ROYCO MCHUZI MIX BEEF FOR THICKER RICHER STEWS SEASONING POWDER,,,,,,,,,Mchuzi Mix,Powder
ROYCO MCHUZI MIX BEEF FOR THICKER RICHER STEWS SEASONING POWDER ​,,,,,,,,,Mchuzi Mix,Powder
ROYCO MCHUZI MIX BEEF SEASONING POWDER FOR THICKER RICHER STEWS,,,,,,,,,Mchuzi Mix,Powder
ROYCO MCHUZI MIX CHICKEN FOR THICKER RICHER STEWS SEASONING POWDER,255,1066.92,1,62,16,1,,,Mchuzi Mix,Powder
ROYCO MCHUZI MIX TOMATO GINGER & GARLIC FOR THICKER RICHER STEWS SEASONING POWDER ​,139,583,1.2,19.5,16.4,5.5,,,Mchuzi Mix,Powder
ROYCO NYAMA CHOMA SPICE,,,,,,,,,,
ROYCO PAPRIKA GROUND SPICE,,,,,,,,,,
ROYCO PILAU MASALA SPICE,,,,,,,,,,
ROYCO TURMERIC GROUND SPICE,,,,,,,,,,
ROYCO WET & DRY FRY SPICE,,,,,,,,,,
RUFUS TEAGUE BLAZIN HOT,,,,,,,,,,
RUFUS TEAGUE CHICKEN AND RUB,,,,,,,,,,
RUFUS TEAGUE FISH RUB,,,,,,,,,,
RUFUS TEAGUE HONEY SWEET BBQ SAUCE,,,,,,,,,,
RUFUS TEAGUE MEAT RUB,,,,,,,,,,
RUFUS TEAGUE SMOKY APPLE,,,,,,,,,,
RUFUS TEAGUE SPICY MEAT RUB,,,,,,,,,,
RUFUS TEAGUE SPICY STEAK SAUCE,,,,,,,,,,
RUFUS TEAGUE STEAK RUB,,,,,,,,,,
RUFUS TEAGUE STEAK SAUCE,,,,,,,,,,
RUFUS TEAGUE SUGAR-FREE CHIPOTLE,,,,,,,,,,
RUFUS TEAGUE SUGAR-FREE SLIM SWEET,,,,,,,,,,
S&S PREMIUM BASMATI RICE,350,1464,8.8,78,,,1.6,0.0017,Rice,Solid
SACLA CLASSIC BASIL PESTO,,,,,,,,,,
SACLA INTENSO TOMATO AND CHILLI SAUCE,254,1047,2.4,8.1,8,22.7,3.6,,Sauce,Paste
SACLA INTENSO TOMATO AND GARLIC PASTA SAUCE,7.5,6,189,100,3.6,,,,Food,"Tomato, Garlic"
SACLA INTENSO TOMATO AND OLIVE PASTA SAUCE,192,789,1.5,2.9,2.7,18.7,,,Pasta Sauce,Paste
SACLA ITALIA SUN-DRIED TOMATO PESTO,,,,,,,,,,
SACLA OVEN ROASTED TOMATO SAUCE,188,779,3.2,7.6,4.7,16,0.4,0,Tomato Sauce,Paste
SACLA VEGAN BASIL PESTO SAUCE,384,1585,2.5,9.4,1.2,37,1.7,,Sauce,Paste
SACLA WILD ROCKET PESTO,,,,,,,,,,
SAF INSTANT 2 IN 1 PLUS BREAD IMPROVER,360,1506.2,0,50,20,10,0,0.02,Bread Improver,Powder
SAF THE ORIGINAL ACTIVE DRY INSTANT YEAST,,3500,500,500,,100,,,Yeast,Powder
SAFARI LOUNGE ESPRESSO BLEND DARK ROAST COFFEE,79,330,3,14,,2,,,Coffee,Powder
SAFARI LOUNGE GORILLA CONSERVATION KANYONYI BLEND MEDIUM ROAST COFFEE,1,4.184,,1,,,,,Coffee,Powder
SAFARI LOUNGE GOURMET COFFEE GROUND,400,1673.6,13,68,0,10,0,0,Coffee Beans,Solid
SAFARI LOUNGE TANZANIAN ESPRESSO COFFEE CAPSULES 10 PIECES,2.4,10.0416,0.3,0,0,0.1,0,0.0047,Coffee Capsules,Solid
SAFARI LOUNGE UGANDAN ESPRESSO COFFEE CAPSULES 10 PIECES,2.4,10.0416,0.3,0,0,0.1,0,0.0047,Coffee Capsules,Solid
SAFIR PIZZA SAUCE,,,,,,,,,,
SALAMA WHITE OATS,,,,,,,,,,
SAMWA ARROW ROOT FLOUR,65,260,4.5,13.3,0,0.2,0,0.2,Arrow Root Flour,Powder
SAMWA CASSAVA FLOUR,349,1425,3,82.3,0,0.3,1.9,0.4,Cassava Flour,Powder
SAMWA GREEN BANANA FLOUR,346,1400,3.9,88.3,0,1.8,9.9,0,Green Banana Flour,Powder
SAMWA HOT KETCHUP,,,,,,,,,,
SAMWA HOT MANGO KETCHUP,,,,,,,,,Mango Ketchup,Paste
SAMWA HOT TOMATO KETCHUP,,,,,,,,,Tomato Ketchup,Paste
SAMWA MANGO KETCHUP,,,,,,,,,Mango Ketchup,Paste
SAMWA NATURAL FOODS MANGO KETCHUP,102,426,1,23,22,0,0,1.8,Ketchup,Paste
SAMWA NATURAL FOODS PUMPKIN FLOUR,353,1476,57,5,,8,,,Pumpkin Flour,Powder
SAMWA NATURAL FOODS SPICY KETCHUP,166.667,688.889,0,44.4444,33.3333,0,,2.44444,Ketchup,Paste
SAMWA NATURAL FOODS SPICY MANGO KETCHUP,15,62,0,4,0,0,0,0,Ketchup,Paste
SAMWA NATURAL FOODS TOMATO KETCHUP,64,267,1,12,11,0,0,0.36,Ketchup,Paste
SAMWA SPICY KETCHUP,,,,,,,,,,
SAMWA SPICY MANGO KETCHUP,,,,,,,,,,
SAMWA SWEET POTATO FLOUR,336,1405.82,3.4,75,3.5,1,,0.131,Sweet Potato Flour,Powder
SANDEE JAPANESE SUSHI RICE,,,,,,,,,,
SANDEE JASMINE RICE,,,,,,,,,,
SANDEE PAD THAI RICE NOODLE,,,,,,,,,,
SANDEE THAI HOMMALI RICE,,,,,,,,,,
SANTA LUCIA DITALI PASTA,354,1481.14,12,74,,,,,Pasta,Solid
SANTA LUCIA ELBOW PASTA,350,1464.4,12,73,,1,,,Pasta,Solid
SANTA LUCIA FARFALLE PASTA,350,1464.4,12,73,,1,,,Pasta,Solid
SANTA LUCIA LUMACA PASTA,350,1464.4,12,73,,1,,,Pasta,Solid
SANTA LUCIA PENNE RIGATE PASTA,350,1464.4,12,73,,1,,,Pasta,Solid
SANTA LUCIA SHELL PASTA,160,669.44,4,33.5,0.5,0.5,,,Pasta,Solid
SANTA LUCIA SPAGHETTI PASTA,354,1481.14,11,73,3,1,2,0.001,Spaghetti,Solid
SANTA LUCIA SPIRALI PASTA,350,1464.4,12,72,1,1,3,,Pasta,Solid
SANTA LUCIA TORTGILLION PASTA,357,1493.69,12,75,,1,,,Pasta,Solid
SANTA MARIA APPLE CIDER VINEGAR,,,,,,,,,Apple Cider Vinegar,Liquid
SANTA MARIA BLUE FOOD COLOUR,,,,,,,,,Food Colour,Liquid
SANTA MARIA CAVATONI PASTA,265,1108.76,11,30,,5,,,Pasta,Solid
SANTA MARIA CHOCOLATE ESSENCE,,,,,,,,,Essence,Liquid
SANTA MARIA DOUBLE CONCENTRATED TOMATO PASTE,55.8824,233.75,2.94118,9.55882,5.88235,,1.47059,,Paste,Paste
SANTA MARIA EVIRGIN OLIVE OIL,900,3700,,,,100,,,Olive Oil,Liquid
SANTA MARIA EXTRA VIRGIN OLIVE OIL,900,3765.6,,,,100,,,Olive Oil,Liquid
SANTA MARIA FISH SAUCE,,,,,,,,,,
SANTA MARIA FUSILLI PASTA,196,820.064,17,1,,13,,,Pasta,Solid
SANTA MARIA GRANDI PASTA,267,1117.13,10,32,,6,,,Pasta,Solid
SANTA MARIA MAYONNAISE,453,1860,0,2.3,0,49,0,0,Mayonnaise,Paste
SANTA MARIA MODENA BALSAMIC VINEGAR,88,368.19,0.5,17,15,,,0.023,Vinegar,Liquid
SANTA MARIA ORANGE FOOD COLOUR,73,305,1.3,16.5,12,0.2,2.8,0.013,Food Colour,Liquid
SANTA MARIA ORGANIC APPLE CIDER VINEGAR,9.57,40.04,0.11,2.17,,0.05,,0.017025,Vinegar,Liquid
SANTA MARIA OYSTER SAUCE,77,322,2.6,15,,0.6,,,Sauce,Liquid
SANTA MARIA PENNE RIGATE PASTA,363,1518.79,12,79,,,,,Pasta,Solid
SANTA MARIA PIPE RIGATE PASTA,,,,,,,,,,
SANTA MARIA RED WINE VINEGAR,2.8,11.71,,,,,,0.0012,Vinegar,Liquid
SANTA MARIA ROSE PINK FOOD COLOUR,0.5,2,,,,,,0.016,Food Colour,Liquid
SANTA MARIA S LIGHT SOY SAUCE1,,,,,,,,,,
SANTA MARIA SPAGHETTI GREEN,,,,,,,,,,
SANTA MARIA SPAGHETTI PASTA,348,1456.03,8.2,78,,0.5,,0.00075,Pasta,Solid
SANTA MARIA STRAWBERRY ESSENCE,,,,,,,,,Essence,Liquid
SANTA MARIA SUPERIOR DARK SOY SAUCE,43,179,7,4,3,0,0,0.022,Soy Sauce,Liquid
SANTA MARIA SUPERIOR LIGHT SOYA SAUCE,,,,,,,,,Sauce,Liquid
SANTA MARIA SUPERIOR SWEET CHILLI SAUCE,136,570,0,31,28,0.8,1,,Sweet Chilli Sauce,Paste
SANTA MARIA TOMATO PASTE,,,4,19,10.41,0.47,,0.098,Food,Cream
SANTA MARIA WHITE WINE VINEGAR,,,,,,,,,Vinegar,Liquid
SANTE CRUNCHY BANANA AND CHOCOLATE COATING MUESLI BAR,420,1766,5,67,28,14,4.4,,Muesli Bar,Solid
SANTE CRUNCHY CRANBERRY AND RASPBERRY WITH VANILLA COATING MUESLI BAR,72,36,422,100,2.6,,0.3,,Food,"Cranberry,  Raspberry"
SANTE CRUNCHY NATURAL OAT FLAKE,422,1766,7.9,67,31,12,6,0,Oat Flake,Solid
SANTE CRUNCHY NUT AND ALMOND WITH CHOCOLATE MUESLI BAR,49,23,476,100,5.1,,0.05,,Food,"Nut,  Almond"
SANTE CRUNCHY NUTS AND ALMONDS MUESLI BAR,473,1978,12,51,18,24,4.6,,Muesli Bar,Solid
SANTE CRUNCHY PLUM AND VANILLA COATING MUESLI BAR,412,1734,4.1,69,34,13,2.8,,Muesli Bar,Solid
SANTE FRUIT GRANOLA,448,1874,9.4,65,19,15,,0,Granola,Solid
SANTE FRUIT MUESLI,,,,,,,,,364kcal,12g
SANTE NO ADDED WHEAT CHRUNCHY FRUIT,69,21,435,100,6,0.0001,,,Food,
SANTE NUT CEREAL FLAKES GRANOLA WITH NUT,465,1950,12,58,19,19,7.1,,Granola,Solid
SANTE TRADITIONAL MUESLI,388,1623,12,67,12,5.6,11,0,Muesli,Solid
SANTE TROPICAL MUESLI,356,1490,8.2,71,15,2.7,0,0,Muesli,Solid
SANWU HOTPOT SOUP BASE,744,3113,4.5,1.5,1,80,0,0,Soup Base,Powder
SASINI INSTANT COFFEE,50,209.2,5,15,,,,0.2,Instant Coffee,Powder
SASINI KAHAWA KAMILI PURE QUALITY KENYAN COFFEE,1,4.184,,0.1,,,,,Kenyan Coffee,Powder
SAVANAH COCOPINE JUICE,,,,,,,,,Cocopine Juice,Liquid
SAVANAH LEMON JUICE,,,,,,,,,Lemon Juice,Liquid
SAVANAH MANGO JUICE,,,,,,,,,Mango Juice,Liquid
SAVANAH ORANGE JUICE,,,,,,,,,Orange Juice,Liquid
SAVANAH PINEAPPLE JUICE,,,,,,,,,Pineapple Juice,Liquid
SAVANAH PUNCH FRUIT DRINK,108,451,0.44,26.51,22.88,0.15,0.2,0.01,Drink,Liquid
SAVANAH PUNCH FRUIT JUICE,108,451.87,0.44,26.51,22.88,0.15,0.2,0.01,Fruit Juice,Liquid
SAVANAH STRAWBERRY JUICE,90,376.56,0.71,18.49,18.25,1.42,0.2,0.002,Juice,Liquid
SAVOURY BANANA CRISPS,640,,12,44,0,48,0,0,Banana Crisps,Solid
SAVOURY CASSAVA CRISPS,,,,,,,,,Cassava Crisps,Solid
SAXA SO LOW SALT,,,,,,,,,,
SCHWEPPES TONIC WATER,130,543,,33,33,,,0.055,Tonic Water,Liquid
SCORE ENERGY DRINK CRUSH,,,,,,,,,,
SCORE ENERGY DRINK GT,,,,,,,,,,
SCORE ENERGY DRINK PASSION,,,,,,,,,,
SCORE ENERGY DRINK PINK LEMON,,,,,,,,,,
SCORE ENERGY DRINK STRIKER,,,,,,,,,,
SEA KORUS PREMIUM OYSTER SAUCE,131.579,550.526,3.15789,30,21.0526,0,,,Oyster Sauce,Liquid
SESAME SEEDS,,,,,,,,,Sesame Seeds,Solid
SESIA FRIED PEANUTS,600,2510.4,27.2,14,0,49.2,0,0.832,Fried Peanuts,Solid
SESIA PEELED PEANUTS,,,,,,,,,Peeled Peanuts,Solid
SESIA PURE HONEY,322,1347.24,,82,82,,,0.01,Honey,Paste
SESIA PURE HONEY SQUEEZE,322,1347.24,,82,82,,,0.01,Honey,Paste
SESIA ROASTED PEANUTS,594,2485.3,30,7.3,5.1,47,8.6,0.8,Roasted Peanuts,Solid
SHA ER GE HOT AND SPICY BLACK RICE CRUST,1896.67,7935.65,73.3333,70,,153.333,,,Rice Crust,Solid
SHA ER GE HOT AND SPICY RICE CRUST CHIPS,524,2192.4,24,56,12,32,,0.58,Rice Crust Chips,Solid
SHALIMAR BLACK PEPPER POWDER,,,,,,,,,Pepper Powder,Powder
SHALIMAR CARDAMOM POWDER,400,1673.6,5,80,,5,,,Cardamom Powder,Powder
SHALIMAR CHICKEN MASALA,344.14,1440.01,9.19,56.94,,8.85,,0.258,Chicken Masala,Powder
SHALIMAR CHICKEN PILAU,98.5714,412.423,7.71429,12.2857,1.14286,1.71429,0.857143,0.342857,Chicken Pilau Powder,Powder
SHALIMAR CHILLIES POWDER,398,1665.23,16,52,,13,,,Chillies Powder,Powder
SHALIMAR CINNAMON POWDER,,,,,,,,,Cinnamon Powder,Powder
SHALIMAR CUMIN POWDER,375,1567.5,18,44,2,22,10.5,0.168,Cumin Powder,Powder
SHALIMAR CURRY POWDER,437.5,1830.5,12.5,50,,12.5,37.5,8.375,Curry Powder,Powder
SHALIMAR DAAL MASALA,,,,,,,,,Daal Masala,Powder
SHALIMAR FISH MASALA,385.7,1627.1,16.5,58.1,,9.7,,1.4166,Fish Masala,Powder
SHALIMAR FISH TIKA MASALA,,,,,,,,,Fish Tika Masala,Powder
SHALIMAR GARLIC POWDER,360,1506.24,,60,,,40,0.08,Garlic Powder,Powder
SHALIMAR GINGER POWDER,19,79.496,,3,,,,0.002,Ginger Powder,Powder
SHALIMAR MEAT CURRY MASALA,126,527.18,3,5,0.8,2.8,1.2,0.195,Meat Curry Masala,Powder
SHALIMAR MEAT PILAU MIX,234.732,982.118,4.31235,24.5221,,13.0303,,,Meat Pilau,Powder
SHALIMAR MINCE MEAT MASALA,98.5714,412.423,7.71429,12.2857,1.14286,1.71429,0.857143,0.342857,Mince Meat Masala,Powder
SHALIMAR PILAU RICE MIX,171,715.464,3,30,1,3,2,,Pilau Rice Mix,Powder
SHALIMAR PRAWNS MASALA,,,,,,,,,,
SHALIMAR PRAWNS PIRI PIRI SPICE,90.6667,379.349,,,,2.66667,,,Prawns Piri Piri Spice,Powder
SHALIMAR SHISH KEBAB SPICE,296,1238.46,12.5,38,19.5,9.5,,2.955,Shish Kebab Spice,Powder
SHALIMAR TURMERIC POWDER,350,1464.4,,60,,10,20,0.03,Turmeric Powder,Powder
SHALIMAR VEGETABLE MASALA SPICE,,,,,,,,,Vegetable Masala Spice,Powder
SHALIMAR'S CHICKEN TIKKA MIX,126,527.18,3,5,0.8,2.8,1.2,0.195,Chicken Tikka Mix,Powder
SHAN BREAKFAST NIHARI MIX,300,1255.2,10,40,,10,20,13.3,Nihari Mix,Powder
SHAN CHICKEN GINGER SEASONING MIX,300,1260,10,40,,10,10,9.1,Seasoning Mix,Powder
SHAN SPLIT WHITE URAD DAL,364,1492,21.6,62.4,2.2,1.4,15.2,0.17,White Urad Dal,Solid
SHAN WHITE URAD DAL,364,1522.9,21.6,62.4,2.2,1.4,15.2,0.17,Urad Dal,Solid
SHARWOOD GREEN LABEL MANGO CHUTNEY,,,,,,,,,,
SHARWOOD GREEN LABEL SPREAD MANGO CHUTNEY,,,,,,,,,,
SHARWOOD HOISIN MARINADE SAUCE,,,,,,,,,,
SHARWOOD HOT MADRAS SAUCE,,,,,,,,,,
SHARWOOD JALFREZI SAUCE,,,,,,,,,,
SHARWOOD KORMA 30% LESS FAT,,,,,,,,,,
SHARWOOD KORMA SAUCE,96,401,1.1,9.2,6,5.9,0.9,,Sauce,Paste
SHARWOOD MEDIUM CURRY POWDER,,,,,,,,,,
SHARWOOD MILD CURRY POWDER,,,,,,,,,,
SHARWOOD REAL OYSTER SAUCE,,,,,,,,,,
SHARWOOD ROGAN JOSH,,,,,,,,,,
SHARWOOD STIR FRY BLACK BEAN SAUCE,,,,,,,,,,
SHARWOOD STIR FRY SWEET & SOUR SAUCE,,,,,,,,,,
SHARWOOD SWEET & SOUR 30% LESS SUG,,,,,,,,,,
SHARWOOD SWEET CHILLI & RED PEPPER,,,,,,,,,,
SHARWOOD TIK MAS 30% LESS FAT,,,,,,,,,,
SHARWOOD TIKKA MASALA SAUCE,118,492,1.6,9.1,6,8,1.7,,Sauce,Paste
SILEO FINE GRAIN NATURAL SALT,46.1,193,5.1,4.1,,1.3,,,Natural Salt,Solid
SILEO NATURAL BATH CRYSTAL SALT,0,0,0,0,0,0,0,40,Crystal Salt,Solid
SILEO NATURAL CRYSTALS STONE SALT,46.1,193,5.1,4.1,0,1.3,,,Crystals Stone Salt,Solid
SILEO NATURAL FINE SALT,0,0,0,0,0,0,0,40,Fine Salt,Solid
SILEO NATURAL SALT,46.1,193,5.1,4.1,,1.3,,,Salt,Powder
SILLY BROTHER GARLIC PEANUTS,571.429,2389.29,25,21.4286,3.57143,46.4286,7.14286,0.428571,Peanuts,Solid
SIMBA MBILI CINNAMON GROUND,16,66.944,0,5,0,0,0,0,Ground Cinnamon,Powder
SIMBA MBILI CLOVES GROUND SPICES,5,20.92,0,1,0,0,0,0.005,Cloves Ground Spices,Powder
SIMBA MBILI CURRY POWDER,325,1359.8,13,58,2.8,14,33,0.052,Curry Powder,Powder
SIMBA MBILI DHANA JEERA,8,33.472,0,0,0,0,0,0,Ground Dhana Jeera,Powder
SIMBA MBILI DRIED ROSEMARY LEAVES,1,4.184,0,1,0,0,0,0,Rosemary Leaves,Solid
SIMBA MBILI FISH MASALA,385.7,1627.1,16.5,58.1,,9.7,,1.4166,Fish Masala,Powder
SIMBA MBILI GARAM MASALA,1600,6694.4,20,320,260,20,,3.8,Garam Masala,Powder
SIMBA MBILI GROUND CARDAMOM,6,25.104,0,1,0,0,0,0,Ground Cardamom,Powder
SIMBA MBILI GROUND CINNAMON,247,1033,4,81,2.2,1.2,53,0.01,Ground Cinnamon,Powder
SIMBA MBILI GROUND CUMIN,334,1397.46,20,12,0,15,0,0,Ground Cumin,Powder
SIMBA MBILI MIXED HERBS,290,1213.36,11.1,55.3,,2.8,,,Mixed Herbs,Solid
SIMBA MBILI MUSTARD POWDER,500,2090,25,30,5,35,10,0.015,Mustard Powder,Powder
SIMBA MBILI OREGANO,355,1485.32,6.7,77,,2.2,,,Oregano,Solid
SIMBA MBILI PURE GINGER POWDER,20,83.68,,5,1,,,,Ginger Powder,Powder
SIMBA MBILI PURE RED CHILLY POWDER,398,1665.23,16,52,,13,,,Red Chilly Powder,Powder
SIMBA MBILI RESUNS GROUND CLOVES,,,,,,,,,Ground Cloves,Powder
SIMBA MBILI SPICE SEASONING CHICKEN MASALA,300,1255.2,17,42,4,7,1,0.58,Chicken Masala,Powder
SKIPPY CHUNKY PEANUT BUTTER,180,752.4,7,8,4,15,2,0.125,Peanut Butter,Paste
SKIPPY PEANUT BUTTER CREAMY,350,1463,7,6,3,16,2,0.15,Peanut Butter,Paste
SKITTLES COATED CRAZY SOURS CANDY,397,1661.05,,87.9,87,4,,,Candy,Solid
SKITTLES COATED FRUITS CANDY,404,1712,,90.7,89.8,4.2,,2.00E-05,Candy,Solid
SMARTIES HEXATUBE MP,470,1973,5,26,9,7,0.3,0,Chocolate,Solid
SNAK IT SALTY BIKIS,,,,,,,,,,
SNICKERS CHOCOLATE BAR WITH PEANUTS CARAMEL,250,1046,4,32,28,12,1,0.125,Chocolate Bar,Solid
SOCADO CARA SALATO CHOCOLATE,,,,,,,,,,
SOCADO MANDORLA 75 COCOA DARK CHOCOLATE,645,2699,4.9,34,31,53,,,Dark Chocolate,Solid
SOKO FLOUR MAIZE MEAL,351,1491,7.8,77.7,0.5,0.8,1,,Maize Meal Flour,Solid
SOKO HOME BAKING FLOUR,364,1522.97,10,76,0.3,1,,0.002,Baking Flour,Solid
SOKO MAIZE MEAL FLOUR,351,1491,7.8,77.7,0.5,0.8,1,,Maize Meal Flour,Solid
SOKO NUTRIGO WHOLE GRAIN MAIZE MEAL,343,1435,0,84,,0,,,Maize Meal,Solid
SOKO NUTRIGO WHOLE GRAIN MAIZE MEAL FLOUR,343,1435,,84,,,,,Maize Meal Flour,Solid
SOKO PURE WIMBI PORRIDGE FLOUR,330,1380.72,14,71,,3,3,0.004,Porridge Flour,Solid
SOKO WIMBI MIX SOUR PORRIDGE FLOUR,330,1380.72,14,71,,3,3,0.004,Porridge Flour,Solid
SOLEN CRISS CROSS HAZELNUT WAFER,,,,,,,,,Wafer,Solid
SOLEN OZMO POPSY COLORED CHOCOLATE CANDY,479,2004.14,3.8,75.4,70.1,17.6,1.8,,Candy,Solid
SOLEN PAPITA CARAMEL BISCUITS33GX24,,,,,,,,,,
SOLEN PAPITA MILK CHOCOLATE AND CARAMEL COATED BISCUIT,,,,,,,,,Biscuit,Solid
SOLEN PAPITA MILK CHOCOLATE CREAM COATED BISCUIT,,,,,,,,,Biscuit,Solid
SOYA GOLD SOYBEAN OIL,900,900,,,,60,,,Soybean Oil,Liquid
SPARKLING CHUPA CHUPS GRAPE,,,,,,,,,,
SPRITE,48,197,,12,12,,,,Soft Drink,Liquid
SPRITE CARBONATED SOFT DRINK,48,197,,12,12,,,,Soft Drink,Liquid
SPRITE SODA,48,197,,12,12,,,,Soft Drink,Liquid
SPRITE SODA CARBONATED SOFT DRINK,48,197,,12,12,,,,Soft Drink,Liquid
ST DALFOUR FRANCE STRAWBERRY JAM,213,891.192,0.5,52,48,0.5,,0.011,Jam,Jelly
ST DALFOUR RASPBERRY NAS FRUIT JAM,232,986,0.5,56,10,0.5,3.2,0.007,Jam,Jelly
STARBUCKS BLONDE B EXPRESSO WHOLE BEAN,,,,,,,,,,
STARBUCKS COFFEE VERONA COFFEE,,,,,,,,,,
STARBUCKS DARK ESPRESSO ROAST FINE,,,,,,,,,,
STARBUCKS ESPRESSO ROAST DECAF,,,,,,,,,,
STARBUCKS MEDIUM PIKE PLACE WHOLE BEAN,,,,,,,,,,
STARBUCKS PIKE PLACE COFFEE,,,,,,,,,,
STARBUCKS PODS HOUSE BLEND,,,,,,,,,,
STARBURST 3PACK ORIGINAL,,,,,,,,,,
STIMOROL SUGAR FREE INFINITY TROPICAL CHEWING GUM,155,648.5,0,0,0,0,0,0,Chewing Gum,Solid
STIMOROL SUGAR FREE WILD CHERRY CHEWING GUM,179,748,0.4,71,0.1,0.4,0,0,Chewing Gum,Solid
STOKES HOT & SPICY BBQ SAUCE,206,868,2.2,41,36,3,,,,
STOKES ORIGINAL BBQ SAUCE SQUEZE,192,813,1.9,39,26,3.1,,,,
STOKES REAL BROWN SAUCE,194,825,1.4,46,38,,,,,
STOKES REAL BROWN SAUCE SQUEEZY,195,826,1.4,46,38,,,,,
STOKES REDCURRANT JELLY,246,1041,1.2,63,60,0.3,,,,
STOKES REDUCED SUG TOMATO KETCHUP,80,342,1.9,17,14,,,,,
STOKES SEVILLE ORANGE MARMALADE,278,1181,,69,68,,,,,
STOKES SWEET & STICKY BBQ SAUCE,225,955,1.5,53,49,,,,,
STORCK RIESEN DARK CHOCOLATE,,,,,,,,,,
STORCK TOFFIFEE,,,,,,,,,,
SUE'S NATURALS SEA SALT,46.1,193,5.1,4.1,0,1.3,0,38.667,Sea Salt,Solid
SUES NATURALS ORGANIC MORINGA POWDER,281,1179,5.9,38.2,,0.2,8.27,,Moringa Powder,Powder
SUES ORGANIC RAW VIRGIN COCONUT OIL,130,543.92,1,15,,1,,,Coconut Oil,Liquid
SUGAR FREE SMOOTH PEANUT BUTTER,644,2690,27,10,,54.4,6.4,0.0019,Peanut Butter,Paste
SUGARCANE FRESH JUICE,269,1125,0,73,73,0,0,0.058,Juice,Liquid
SUHANA AAMCHUR POWDER,,,,,,,,,,
SUHANA CHHOLE MASALA,,,,,,,,,,
SUHANA EXTRA HOT CHILI POWDER,,,,,,,,,,
SUHANA HOT CHILI POWDER,,,,,,,,,,
SUHANA MALAI KOFTA,,,,,,,,,,
SUHANA MILD MADRAS CURRY POWDER,,,,,,,,,,
SUHANA PANEER BUTTER MASALA,,,,,,,,,,
SUHANA PANEER MASALA,,,,,,,,,,
SUHANA PANIPURI MASALA,,,,,,,,,,
SUHANA PAV BHAJI MASALA,,,,,,,,,,
SUHANA PAYA MASALA,,,,,,,,,,
SUHANA READY TO COOK DUM ALOO,,,,,,,,,,
SUHANA READY TO COOK FISH CURRY,,,,,,,,,,
SUHANA READY TO COOK LAMB CURRY,,,,,,,,,,
SUHANA READY TO COOK MANCHURIAN,,,,,,,,,,
SUHANA READY TO COOK MUTOON KOLHAPURI,,,,,,,,,,
SUHANA READY TO COOK MUTTER METHI NONG,,,,,,,,,,
SUHANA READY TO COOK PANEER MAKHAN,,,,,,,,,,
SUHANA READY TO COOK SHAHI BIRYANI,,,,,,,,,,
SUHANA RTC CHICKEN CHILLI,,,,,,,,,,
SUHANA RTC MUTTER PANEER NONG,,,,,,,,,,
SUHANA RTC SAAG PANEER,,,,,,,,,,
SUHANA SEEKH KEBAB MASALA,,,,,,,,,,
SUHANA TURMERIC POWDER,,,,,,,,,,
SUN DAYS REFINED SUNFLOWER OIL,,3696,,,,99.99,,,Food,Liquid
SUNFRESH CHILLI SAUCE,,,,,,,,,,
SUNFRESH SAUCE,140,585.76,4,25,5,2,,0.42,Tomato Sauce,Paste
SUNFRESH TOMATO SAUCE,140,585.76,4,25,5,2,0,0.42,Tomato Sauce,Paste
SUNRICE ALL DAY BASMATI RICE,345,1443,6,78,,0.5,0.3,0.0003,Rice,Solid
SUNRICE BASMATI,350,1464,8.8,78,,,1.6,0.0017,Rice,Solid
SUNRICE BIRYANI RICE,357,1493,8.6,79,,,1.8,0.0041,Rice,Solid
SUNRICE KENYA FINEST AROMATIC PISHORI RICE,351,1491,7.8,77.7,0.5,0.8,1,,Pishori Rice,Solid
SUNRICE LONG GRAIN,354,1966.48,7,78,0,0,0,0.004,Rice,Solid
SUNRICE MWEA PISHORI RICE,351,1491,7.8,77.7,0.5,0.8,1,,Pishori Rice,Solid
SUNRICE THAI JASMINE,,,,,,,,,,
SUNRICE THAI JASMINE RICE,355,1485.71,7.14286,78.8571,1.42857,1.42857,,,Rice,Solid
SUNTOP BERRY FRUIT JUICE,54,225.9,1,13,13,,,0.0018,Fruit Juice,Liquid
SUNTOP BLACKCURRANT FRUIT JUICE,51,214,0,12,12,0,0,,Fruit Juice,Liquid
SUNVEAT ASSORTED CLASSIC BISCUITS,451,1966.48,7,77,22,12,0,0,Biscuits,Solid
SUNVEAT BOURBON CHOCOLATE CREAM BISCUIT,505,2112.9,5,60,,20,,,Biscuit,Solid
SUNVEAT BUTTER COOKIES,495,2071.08,8,68,,21,,,Cookies,Solid
SUNVEAT CASHEW COOKIES,,,,,,,,,Cookies,Solid
SUNVEAT CHOCOLATE CREAM BISCUITS,451,1886.98,7,77,22,12,,,Biscuit,Solid
SUNVEAT CHOCOLATE WAFERS,,,,,,,,,Wafers,Solid
SUNVEAT DIGESTIVE BISCUIT,470,1966.48,9,65,,19,,,Biscuit,Solid
SUNVEAT FAMILY BITE ORIGINAL BISCUITS,451,1966.48,7,77,22,12,0,0,Biscuits,Solid
SUNVEAT FAMILY CHOCOLATE BISCUITS,451,1966.48,7,77,22,12,0,0,Biscuits,Solid
SUNVEAT GINGER NUT BISCUIT,461,1928.82,5,71,28,16,,0.37,Biscuit,Solid
SUNVEAT GINGER NUTS BISCUIT 60 PIECES,461,1928.82,5,71,28,16,,0.37,Biscuit,Solid
SUNVEAT KOKO COFFEE,433,1811.67,7,87,,9,,,Biscuits,Solid
SUNVEAT LEMON DELIGHT TEA BISCUITS,473,1979.03,7.5,72.8,,16.9,,,Biscuits,Solid
SUNVEAT MIXED NUT COOKIES,446,1866.06,4,78,,12,3,0.288,Cookies,Solid
SUNVEAT OAT & HONEY DIGESTIVE BISCUIT,470,1966.48,9,68,,17,,,Digestive Biscuit,Solid
SUNVEAT OAT AND HONEY DIGESTIVE BISCUIT,470,1966.48,9,68,,17,,,Digestive Biscuit,Solid
SUNVEAT ORANGE WAFERS,506,2117,7,64,,24,,,Wafers,Solid
SUNVEAT ORIGINAL FAMILY BISCUITS,451,1966.48,7,77,22,12,0,0,Biscuits,Solid
SUNVEAT PETIT BEURRE CHOCO VANILLA BISCUIT,,,,,,,,,,
SUNVEAT PETIT BEURRE LEMON BISCUIT,,,,,,,,,,
SUNVEAT PETIT BISCUIT STRAWBERRY CREAMY,,,,,,,,,,
SUNVEAT REAL COCONUT COOKIES,473,1979.03,7.5,72.8,,16.9,,,Cookies,Solid
SUNVEAT SHORT CAKE BISCUITS,346,1448,6.1,48.5,48.5,14.2,,,Biscuits,Solid
SUNVEAT STRAWBERRY CREAM BISCUITS,,,,,,,,,Biscuit,Solid
SUNVEAT STRAWBERRY WAFERS,,,,,,,,,Wafers,Solid
SUNVEAT VANILLA WAFERS,106,443,1,13,,5,,,Wafers,Solid
SUPERCIRIO TOMATO PUREE,,,,,,,,,Paste,Paste
SUREE CHILLI AND GARLIC SAUCE,81,328,0.8,3.3,0,0.3,0,1.6,Sauce,Paste
SUREE FISH SAUCE,41,175,6.6,3.7,,,,,Sauce,Paste
SUREE HOISIN SAUCE,276,1169,3.1,59.2,49.7,2.6,1.7,0.007,Sauce,Paste
SUREE PAD THAI SAUCE,24,18,100,100,0,1.2,7.5,,Food,
SUREE RICE STICK 1MM,200,8368,4,45,,0.1,0.1,0.01,Rice,Solid
SUREE RICE STICK 3MM,200,8368,4,45,,0.1,0.1,0.01,Rice,Solid
SUREE RICE STICK 5MM,200,8368,4,45,,0.1,0.1,0.01,Rice,Solid
SUREE SPRING ROLL DIPPING SAUCE,280,1172,0,68,65,0.9,0,0,Dipping Sauce,Paste
SUREE SUKIYAKI SAUCE,,,,,,,,,,
SUREE SWEET PLUM SAUCE,241,1025,0,60,58,0,0,0,Plum Sauce,Paste
SUREE SWEET SOY SAUCE,287,1220,0.5,70,69,0.5,0.5,2.6,Soy Sauce,Paste
SUREE THAI GREEN CURRY PASTE,75,314,3,9,9,1.1,0,0,Curry Paste,Paste
SUREE THAI MASSAMUM CURRY PASTE,130,543,7,15,11,2.2,,,Curry Paste,Paste
SUREE THAI PANANG CURRY PASTE,117,489,6.1,15,6.4,1.6,,,Curry Paste,Paste
SUREE THAI YELLOW CURRY PASTE,77,319,3.6,7.5,6.9,1.3,0,0,Curry Paste,Paste
SUREE TOM YUM CURRY PASTE,,,,,,,,,,
SUREE VERMICELLI RICE,299,1251,6.8,67,,0.4,,0.002,Rice,Solid
SWEET L VEGAN BLUE RASPBERRY,,,,,,,,,,
SWEET L VEGAN STRAWBERRY HEART,,,,,,,,,,
SWEET L VEGAN WATERMELON SLICE,,,,,,,,,,
SWEET LOUNGE VEGAN BLUE RASPBERRY,,,,,,,,,,
SWEET LOUNGE VEGAN FIZZY COLA,,,,,,,,,,
SWEET TAMARIND,314,1313,2.9,75,0,0,4,0,Tamarind,Solid
SWEETUNDA CHILI SALT CRACKIES,186,778,6,62,2,2,,,Crackies,Solid
SWEETUNDA CHILLI SALT CRACKIES,186,778.2,6,62,2,2,,,Crackies,Solid
SWEETUNDA FRUIT CHUTNEY,373,1560.6,2,60,6,13,5,,Crackies,Solid
SWEETUNDA FRUIT CHUTNY CRACKIES,373,1560,2,60,6,13,5,,Crackies,Solid
SWEETUNDA TOMATO KETCHUP CRACKIES,,,,,,,,,,
SWEETZONE CANDY FLOSS PAILS,,,,,,,,,,
SWEETZONE CANDY FLOSS POT,,,,,,,,,,
SWIZZLES GIANT PARMA VIOLETS,415.2,1760.2,,95.7,94.5,3.4,,,,
TABASCO GREEN PEPPER SAUCE,,,,,,,,,,
TABASCO PEPPER SAUCE,,,,,,,,,,
TABASCO SRIRACHA CHILLI SAUCE,121,506,2,27,19,0,0,0,Chilli Sauce,Paste
TAMARIN CANDY BAG,211.765,882.353,0,52.9412,,0,,0.0176471,Tamarind Candy,Solid
TAMARIND AND GINGER DRINK,,,,,,,,,Tamarind And Ginger Drink,Liquid
TAMARIND WITH PURE DRINK,,,,,,,,,,
TAMTAM CHILI SAUCE,91.6,383.25,2.5,20,13.3,0.3,2.3,1.3328,Sauce,Liquid
TAMTAM TOMATO PASTE,81,338.904,3.8,18.5,,,3,0.53,Tomato Paste,Paste
TAMTAM TOMATO SAUCE,,,,,,,,,,
TAN TAN XIANG HUNAN CHILLI PICKLE,5.3,22.1752,1.3,,0,8,0,5,Pickle,Solid
TAYSTEE FLAMING HOT SAUCE,,,,,,,,,,
TEEKA FUN DELICIOUS CHOCOLATE FOR BOYS,545,2280.25,8,56.5,51,32,0,0,Chocolate,Solid
TEEKA FUN DELICIOUS CHOCOLATE FOR GIRLS,545,2280.25,8,56.5,51,32,0,0,Chocolate,Solid
TEMMY'S CHOCO PILLOW COCOA CREAM FILLED CEREAL,467,1954,8.7,59.9,26.5,20,1,0.28,Cereal,Solid
TEMMY'S CHOCO POPS PUFFED CORN WITH COCOA CEREAL,384,1606.65,8.7,59.9,26.5,20,1,0.28,Cereal,Solid
TEMMY'S CHOCO RICE CEREAL,467,1954,8.7,59.9,26.5,20,1,0.28,Cereal,Solid
TEMMY'S CHOCO SCOOPS CEREAL,120,502.08,2,24,10,,1,0.075,Cereal,Solid
TEMMY'S CORN FLAKES CEREAL,350,1464.4,15,75,22.5,2.5,7.5,0.35,Cereal,Solid
TEMMY'S DELICIOUS CORN FLAKES CEREAL,350,1464.4,15,75,22.5,2.5,7.5,0.35,Cereal,Solid
TEMMY'S HONEY POPS CEREAL,413.793,1731.31,6.89655,96.5517,,,,,Cereal,Solid
TEMMY'S KIDS VARIETY CEREAL,150,627.6,3,23,7,0.5,3,0.045,Cereal,Solid
TEMMYS CEREAL SWEET FLAKES,,,,,,,,,,
TERRA DELYSSA EXTRA VIRGIN OLIVE OIL,821,3374,0,0,0,91.2,0,,Extra Virgin Olive Oil,Liquid
TERRA DELYSSA ORGANIC EXTRA VIRGIN OLIVE OIL,824,3698.66,0,0,0,100,0,0.002,Olive oil,Liquid
TERRY'S CHOCOLATE MINT MILK,,,,,,,,,,
TERRY'S MINI EGGS TABLET,,,,,,,,,,
TERRYRSQUOS CHOCOLATE ORANGE MILK BALL,524,2188,5.9,59,59,29,2.4,,Chocolate Orange,Solid
THAI DANCER BLACK PEPPER SAUCE,110,466,1.5,25,21,,1,,Sauce,Liquid
THAI DANCER GARLIC CHILLI SAUCE,,,,,,,,,,
THAI DANCER GREEN CURRY PASTE,,,,,,,,,,
THAI DANCER MASSAMAN CURRY PASTE,209,871,2,22,18,11,5,,Curry Paste,Paste
THAI DANCER ORIENTAL HOISIN SAUCE,,,,,,,,,,
THAI DANCER RED CURRY PASTE,143,595,4,12,3.5,1.5,9,,Curry Paste,Paste
THAI DANCER RICE STICK 3MM,,,,,,,,,,
THAI DANCER SPRING ROLLS CHILI SAUCE,200,837,0,50,48,0,,,Sauce,Liquid
THAI DANCER SRIRACHA MAYO SAUCE,,,,,,,,,,
THAI DANCER SWEET AND SOUR SAUCE,,,,,,,,,,
THAI DANCER SWEET CHILLI SAUCE,,,,,,,,,,
THAI DANCER TERIYAKI MAYO SAUCE,238,1006,,52,46,3.2,,,Sauce,Liquid
THAI DANCER TOM KHA CURRY PASTE,,,,,,,,,,
THAI DANCER TOM YUM PASTE,,,,,,,,,,
THAI DANCER TROPICAL MANGOSTEEN AND CHILI SAUCE,167,711,0,42,40,0,,,Sauce,Liquid
THAI DANCER WASABI MAYO SAUCE,,,,,,,,,,
THAI DANCER YELLOW CURRY PASTE,,,,,,,,,,
THAI DRAGON SRIRACHA HOT CHILLI SAUCE,141,590,2,30,,1,2,,Sauce,Paste
THAI ERAWAN GLUTINUS RICE FLOUR,,,,,,,,,,
THAI YEARRA COCONUT MILK POWDER,,,,,,,,,,
THE BELGIAN CREAMY VANILLA SEASHELLS CHOCOLATES,,,,,,,,,Chocolates,Solid
THE BELGIAN HEARTS CHOCOLATE,500,2000,,,,,,,Chocolate,Solid
THE BELGIAN PRALINES ASSORTED CHOCOLATE,544.118,2276.59,7.05882,46.1765,,35,2.94118,,Chocolate,Solid
THE BELGIAN RASPBERRY DELIGHT CHOCOLATE,560,2343.04,4,52,52,36,4,0.04,Chocolate,Solid
THE BELGIAN SEASHELLS DARK CHOCOLATE,542.857,2271.14,5.71429,40,37.1429,40,8.57143,0.00571429,Dark Chocolate,Solid
THE COCONUT COMPANY ORGANIC COCONUT FLOUR,,,,,,,,,,
THE CRACKER SHACK AMARANTH CRACKERS,487,2037.61,,63,,21,,1.9,Crackers,Solid
THE CRACKER SHACK CHARCOAL CRACKERS,501,2096.18,7,71,,6,,,Crackers,Solid
THE CRACKER SHACK CHEDDAR CRACKERS,487,2037.61,,63,,21,,1.9,Crackers,Solid
THE CRACKER SHACK CHEDDAR CRACKERS X 6 PIECES,118.75,496.812,3.75,18.75,7.5,3.75,1.875,0.2125,Cheddar Cracker,Solid
THE CRACKER SHACK GLUTEN FREE FRUIT AND NUT CRACKERS,441,1845.14,9,65,,16,,,Crackers,Solid
THE CRACKER SHACK ORIGINAL GLUTEN FREE OAT AND AMARANTH CRACKERS,504,2108.74,7,61,7,26,2.1,0.748,Cracker,Solid
THE CRACKER SHACK ROSEMARY CRACKERS,487,2037.61,,63,,21,,1.9,Crackers,Solid
THE CRACKER SHACK SESAME LAVASH CRACKERS,,,,,,,,,Crackers,Solid
THEAT KENYAN CHEVDA MILD,,,,,,,,,,
TIC TAC CITRUS MIX,,,,,,,,,,
TIC TAC MINT DROPS CANDIES T21,152,635,1,32,,56,,,Candies,Solid
TIC TAC ORANGE DROPS CANDIES T21,152,635,1,32,,56,,,Candies,Solid
TIC TAC SPEARMINT CANDIES T21,152,635,1,32,,56,,,Candies,Solid
TIC TAC STRAWBERRY MIX DROPS CANDIES,152,635,1,32,,56,,,Candies,Solid
TIFFANY BITES CASHEW,,,,,,,,,,
TIFFANY BITES PISTACHIO,,,,,,,,,,
TIFFANY CRUNCH N CREAM CRUNCHIEST CHOCOLATE FLAVOURED CREAM WAFER,2547.37,10647.4,32.6316,322.632,203.684,124.737,9.47368,1.57895,Wafer,Solid
TIFFANY CRUNCH N CREAM HAZELNUT WAFERS,2663.16,11152.6,45.2632,283.684,170.526,149.474,18.4211,0.552632,Wafer,Solid
TIFFANY CRUNCH N CREAM VANILLA WAFERS,535.85,2242,6.9,54.3,30.4,32.1,1.6,0.119,Wafer,Solid
TIFFANY DELIGHT BUTTER COOKIES,,,,,,,,,Cookies,Solid
TIFFANY DELIGHTS CHOCOLATE CHIPS COOKIES,,,,,,,,,Cookies,Solid
TIFFANY EVERY DAY MARIE TEA BISCUITS,426,1782,6.5,68.6,19.8,13.5,0.6,0.257,Tea Biscuits,Solid
TIFFANY NATURAL WHEAT DIGESTIVE BISCUIT,436,1824.22,72,66,21,171,,0.474,Digestive Biscuit,Solid
TIGER TAIL CAKE,,,,,,,,,,
TILLY COOKING FAT,884,3698.66,,,,14,,,Cooking Fat,Paste
TILLY PURE WHITE COOKING FAT,884,3698.66,,,,14,,,Cooking Fat,Paste
TOBLERONE HONEY AND ALMOND NOUGAT SWISS DARK CHOCOLATE,535,2245,6.1,62,62,29.5,0.2,,Dark Chocolate,Solid
TOBLERONE SWISS FRUIT AND NUT MILK CHOCOLATE,505,2112.92,5.2,61.5,61,26,2.7,,Milk Chocolate,Solid
TOBLERONE TRUFFLES CHOCOLATE,563.8,2359,5.2,55,,36,2.1,,,
TOFFEE CRISP BISCUIT,,,,,,,,,,
TOLL HOUSE COCOA,,,,,,,,,,
TONG GARDEN ALL NATURAL COCKTAIL SNACK,466.667,1952.33,16.6667,46.6667,36.6667,26.6667,6.66667,,Cocktail Snack,Solid
TONG GARDEN SFLOWER SEED C C,,,,,,,,,,
TONG GARDEN WASABI GREEN PEAS,,,,,,,,,,
TONY'S CHOCOLONELY MILK CHOCOLATE,,,,,,,,,,
TONY'S CHOCOLONELY NOUGAT CHOCOLATE,,,,,,,,,,
TOP FOOD AMERICAN BARBEQUE RUB SEASONING,277,1158,9,38,19.1,6.1,0,,Barbeque Rub Seasoning,Powder
TOP FOOD BASIL,71,294,3.4,2.5,0.4,4.3,4.3,0.02,Basil Herbs,Solid
TOP FOOD BAY LEAF,314,1313,8,75,,8,26,0.023,Bay Leaf,Solid
TOP FOOD BLACK PEPPER POWDER,349,1460.22,22,63,1,1,,0.0039,Black Pepper Powder,Powder
TOP FOOD BLACK PEPPER POWDER P,251,1050,10,64,0.6,3.3,25,0.02,Black Pepper Powder,Powder
TOP FOOD BLACK PEPPER WHOLE P,251,1050,10,64,0.6,3.3,2.5,0.02,Black Pepper,Solid
TOP FOOD BLACK PEPPER WITH GRIND,,,,,,,,,Black Pepper With Grind,Solid
TOP FOOD C MASALA,,,,,,,,,,
TOP FOOD CAYENNE PEPPER,318,1330.51,12,57,,17,,0.03,Cayenne Pepper,Powder
TOP FOOD CHIA SEEDS,480,2008.32,16,6,0,31,,0,Chia Seeds,Solid
TOP FOOD CHICKEN TIKKA MASALA,106,443,5.7,12,2.8,3.9,8.6,0.33,Chicken Tikka Masala,Powder
TOP FOOD CHILLI AND LEMON SEASONING,100,418,4,26,0,1,10,0.213,Seasoning,Powder
TOP FOOD CHILLI POWDER,,,,,,,,,,
TOP FOOD CINNAMON POWDER,300,1255,5,95,5,15,,,Cinnamon Powder,Powder
TOP FOOD CITRIC ACID,,,,,,,,,,
TOP FOOD CLOVE POWDER,,,,,,,,,,
TOP FOOD CUMIN POWDER,375,1569,18,44,2.3,22,11,0.168,Cumin Powder,Powder
TOP FOOD CUMIN SEEDS,375,1569,18,44,2.3,22,11,0.168,Cumin Seeds,Solid
TOP FOOD CURRY POWDER,62,259,12.3,45,,13.1,,,Curry Powder,Powder
TOP FOOD DHANA JEERA POWDER,436,1824.22,11,57,0,17,32,0.102,Dhana Jeera Powder,Powder
TOP FOOD FAJITA SEASONING,306,1280,7.9,56,27,3.4,9.6,,Fajita Seasoning,Powder
TOP FOOD GARAM MASALA,400,1673.6,20,80,,20,,0.92,Garam Masala,Powder
TOP FOOD GARLIC POWDER,,,,,,,,,,
TOP FOOD GARLIC SALT,86.4,361.498,4.3,19.4,0.7,0,2.2,0.285,Garlic Salt,Powder
TOP FOOD GINGER POWDER,,,,,,,,,Ginger Powder,Powder
TOP FOOD GOLDEN RAISINS SULTANA,302,1263.57,3.4,80,59,0.5,,0.1,Golden Raisins Sultana,Solid
TOP FOOD GREEK SPICE BLEND,,,,,,,,,Greek Spice Blend,Powder
TOP FOOD GROUND CARDAMOM SPICE,400,1670,5,80,,5,,,Ground Cardamom Spice,Powder
TOP FOOD GROUND GARLIC SPICE,,,,,,,,,Ground Garlic Spice,Powder
TOP FOOD GROUND ONION SPICE,,,,,,,,,Ground Onion Spice,Powder
TOP FOOD HIMALAYAN PINK SALT,0,0,,0,0,0,,,Pink Salt,Solid
TOP FOOD HOT BLEND POUSSIN SAUCE,576.667,2412.77,100,0.333333,0.166667,13.3333,,0.666667,Sauce,Paste
TOP FOOD INDIAN CHAT MASALA,,,,,,,,,Chat Masala,Powder
TOP FOOD ITALIAN SPICE BLEND,,,,,,,,,Italian Spice Blend,Powder
TOP FOOD LEMON AND PEPPER SEASONING,,,,,,,,,Seasoning,Powder
TOP FOOD LEMON PEPPER AND HERB SEASONING,229,962,5.4,35,15.4,2.4,11.7,9.317,Seasoning,Powder
TOP FOOD MILD BLEND POUSSIN SAUCE,340,1422.56,64.6,0.2,0.2,9,,0.45,Sauce,Paste
TOP FOOD MORINGA GROUND HERB,30,120,10,15,0,0,,,Ground Herb,Solid
TOP FOOD MUSTARD & HERB SEASONING,508,2125.47,26.1,28.1,6.79,,12.2,,Mustard & Herb Seasoning,Powder
TOP FOOD OREGANO HERBS,,,,,,,,,Oregano Herbs,Solid
TOP FOOD PARSLEY HERBS,36,150.6,3,6.3,0.9,0.8,3.3,0.056,Parsley Herbs,Solid
TOP FOOD PASTA SEASONING,,,,,,,,,Seasoning,Powder
TOP FOOD PERI PERI SEASONING J,,,,,,,,,,
TOP FOOD PILAU MASALA,,,,,,,,,Pilau Masala,Powder
TOP FOOD PILAU MASALA GROUND,428,1794,9,66,8,16,,1.06,Pilau Masala,Powder
TOP FOOD PILAU WHOLE,,,,,,,,,,
TOP FOOD PIZZA SEASONING,,,,,,,,,Seasoning,Powder
TOP FOOD ROSEMARY HERBS,,,,,,,,,Rosemary,Solid
TOP FOOD SESAME SEEDS SIMSIM J,,,,,,,,,,
TOP FOOD SOYA GINGER DRINK MIX,36,150.624,3.6,0.7,0.5,2.1,,0,Drink Mix,Powder
TOP FOOD TACO SEASONING,,,,,,,,,Seasoning,Powder
TOP FOOD TANDOORI MASALA,,,,,,,,,,
TOP FOOD TEA MASALA,,,,,,,,,,
TOP FOOD THABAI STINGING NETTLE GROUND HERB,10,40,0,0,0,0,,,Ground Herb,Solid
TOP FOOD THYME,285,1192.44,9,64,2,7,37,0.055,Thyme,Solid
TOP FOOD TURMERIC P RAJAPURI P,230,962.32,7.7,49.2,0,5,21.4,0,Turmeric Powder,Powder
TOP FOOD TURMERIC POWDER,6375,26687.5,125,875,0,125,312.5,1.5625,Turmeric Powder,Powder
TOP FOOD WHOLE BLACK PEPPER,,,,,,,,,Whole Black Pepper,Solid
TOP FOOD WHOLE CLOVE,170,711,,40,,,,,Whole Clove,Solid
TOP FOOD WHOLE SPICE SESAME BLACK SEEDS,40,167.36,0.8,0,0,0,,0.004,Sesame Black Seeds,Solid
TOP FOODGARAM MASALA,,,,,,,,,,
TOP FOODTURMERIC P RAJAPURI,,,,,,,,,,
TOP LURE CLEAR VANILLA ESSENCE,,,,,,,,,Vanilla Essence,Liquid
TOP LURE WHITE VINEGAR,18,74.6667,0,0,0,0,0,0.002,White Vinegar,Liquid
TOTOLE GOLDEN BOUILLON CHICKEN STOCK CUBES GRANULATED,182,761.488,23,19,,1,,,Chicken Stock Cubes,Solid
TOTOLE TIAANWANG CHICKEN SEASONING,,,,,,,,,Chicken Seasoning,Solid
TOXIC WASTE GREEN SOUR CANDY,333,1393,,87,73,,,,Candy,Solid
TREATOS BUTTER COOKIES,507.103,,11.616,56.0633,,27.45,1.09,,,
TREATOS CHOCO- CHIP COOKIES,510.427,,4.77,64.0933,,26.1,2.08,,,
TREATOS CHOCO-CHIP COOKIES,510.427,,4.77,64.0933,,26.1,2.08,,,
TREATOS COCONUT COOKIES,500.437,,6.99,59.98,,26.73,2.16,,,
TREATOS DIGESTIVE BICSCUITS,424,1780,9.03,64.12,18.25,20.44,0.79,0.00019,Food,Solid
TREATOS DIGESTIVE BISCUITS,424,1780,9.03,64.12,18.25,20.44,0.79,0.00019,Food,Solid
TREATOS GINGER COOKIES,477.89,,12.3,58.4,,22.75,2.8,,,
TREATOS GINGER SNAP BISCUITS,462.43,1966,7.19,75.7,19.92,0,14.57,0.0005,Food,Solid
TREATOS GLUCOSE BISCUITS,463.22,1968.6,7.08,76.02,18.4,14.11,,0.0003,Food,Solid
TREATOS MILK BISCUITS,463.12,1967.3,7.09,76.02,18.4,14.52,0,0.0002,Food,Solid
TREE TOMATO FRESH JUICE,,,,,,,,,Juice,Liquid
TREFF CREAM FLAVOURED BISCUIT CHOCO VANILLA,300,1200,,,,,,,Moong Dal,Solid
TREFF CREAM LEMON FRESH BISCUIT,600,2500,,,,,,,Singh Bhujia,Solid
TREFF CREAMS BISCUITS CHOCO VANILLA,500,2000,,,,,,,Ratlami Sev,Solid
TREFF CREAMS BISCUITS ORANGE,,,,,,,,,,
TREFF CREAMS SANDWICH BISCUITS CHOCOLATE,500,2000,,,,,,,Tikha Mitha Mix,Solid
TREFF CREAMS SANDWICH BISCUITS MANGO,,,,,,,,,,
TREFF CREAMS SANDWICH BISCUITS ORANGE,,,,,,,,,Candy,Solid
TREFF CREAMS SANDWICH BISCUITS P A,52.9,221.51,4.2,45.8,26,2.39,6,0.671,Biscuit,Solid
TREFF CREAMS SANDWICH BISCUITS STRAWBERRY,603,2522,9,36,2,47,4,0.641,Chatni Ganthiya,Solid
TREFF CREAMS SANDWICH BISCUITS VANILLA,1166,,36,54,0,88,0,0,Masala Shing,Solid
TRIDENT GUM MINT BLISS 14 STICKS SUGAR FREE,,,,,,,,,,
TRIDENT GUM SWEET MINT 14 STICKS SUGAR FREE,,,,,,,,,,
TRIDENT GUM WINTERGREEN 14 STICKS SUGAR FREE,,,,,,,,,,
TRIDENT ORIGINAL SUGAR FREE STICKS CHEWING GUM WITH XYLITOL 14 STICKS,,,,,,,,,Chewing Gum,Solid
TRIDENT SPEARMINT CHEWY GUM 14 STICKS,5,20.92,0,1,0,0,0,0,Chewy Gum,Solid
TRIDENT TROPICAL TWIST CHEWY GUM 14 STICKS,1,0,5,100,0,0,0,,Food,Tropical
TRIDENT WATERMELON TWIST SUGAR FREE CHEWING GUM 14 STICKS,,,,,,,,,Chewing Gum,Solid
TROLLI BLOB MIXED FRUIT GUMMIES,339,1418,4.4,77,58,0.2,,,Gummies,Solid
TROLLI GUMMIES CANDY PIZZA,334,1397,4.5,78,58,0.2,,,Pizza Candy,Solid
TROLLI GUMMIES SBERRY SOUR STRIP,340,1423,1.8,81,54,1,,,Sour Strips,Solid
TROLLI MIX SOUR STRIPS GUMMIES,340,1.423,1.8,81,54,1,,,Gummies,Solid
TROPICAL GOLD CROWN HONEY,17,,64,100,,,,,Food,
TROPICAL GOLD HONEY,304,1271.93,,82,,,,,Honey,Paste
TROPICAL GOLD HONEY SQUEEZE,304,1271.93,,82,,,,,Honey,Paste
TROPICAL GOLD UNPROCESSED HONEY,17,,64,100,,,,,Food,
TROPICAL HEAT BASIL RUBBED,,,,,,,,,Rubbed Basil,Powder
TROPICAL HEAT BLACK PEPPER GROUND,,,,,,,,,Ground Black Pepper,Powder
TROPICAL HEAT CARDAMOMS GROUND,,,,,,,,,Ground Cardamom,Powder
TROPICAL HEAT CAYENNE PEPPER,,,,,,,,,Ground Cayenne Pepper,Powder
TROPICAL HEAT CHEVDA CHILLI LEMON,516,2154,10.1,46.6,7.6,30.7,6.4,0.86,Chevda,Solid
TROPICAL HEAT CHEVDA HOT,538,2244,9.99,44.2,7.2,34.4,6,0.9,Chevda,Solid
TROPICAL HEAT CHEVDA MASALA,528,2206,10,49.7,6.9,32.3,3.5,0.88,Chevda,Solid
TROPICAL HEAT CHEVDA ORIGINAL,528,2206,10,49.7,6.9,32.3,3.5,0.88,Chevda,Solid
TROPICAL HEAT CHILLIES GROUND,,,,,,,,,Ground Chillies,Powder
TROPICAL HEAT CHIPS MASALA SEASONING,,,,,,,,,,
TROPICAL HEAT CHOCOLATE RICE CAKES,486,2036,7.1,28.7,33.8,22.5,2.4,0.5,7.1g,2036kj
TROPICAL HEAT CINNAMON GROUND,,,,,,,,,Ground Cinnamon,Powder
TROPICAL HEAT CITRIC ACID,,,,,,,,,Citric Acid,Powder
TROPICAL HEAT CLOVES GROUND,,,,,,,,,Ground Cloves,Powder
TROPICAL HEAT CORIANDER GROUND,,,,,,,,,Ground Coriander,Powder
TROPICAL HEAT CUMINSEEDS GROUND,,,,,,,,,Ground Cumin Seed,Powder
TROPICAL HEAT DHANA JEERA,,,,,,,,,Dhana Jeera Spices,Powder
TROPICAL HEAT EXOTIC SNACKS,,,20,23.3333,6.66667,36.6667,13.3333,0.4,Snacks,Solid
TROPICAL HEAT GARAM MASALA,,,,,,,,,Garam Masala,Powder
TROPICAL HEAT GARLIC POWDER,,,,,,,,,Garlic Powder,Powder
TROPICAL HEAT GINGER GROUND,,,,,,,,,Ground Ginger,Powder
TROPICAL HEAT GROUND GINGER,528,2209.16,10,56,2,16,0,0,Ginger,Solid
TROPICAL HEAT KENYAN CHEVDA SWEET TAMU,,,,,,,,,,
TROPICAL HEAT MEAT TENDERISER,,,,,,,,,Meat Tenderiser Spices,Powder
TROPICAL HEAT MILD KENYAN CHEVDA,537,2237,11.8,50.5,6.3,33.2,,,Chevda,Solid
TROPICAL HEAT MIXED SPICES,,,,,,,,,Mixed Spices,Powder
TROPICAL HEAT MIXED SPICES WHOLE GRINDE,,,,,,,,,Mixed Spices,Powder
TROPICAL HEAT NUTMEG GROUND,,,,,,,,,Ground Nutmeg,Powder
TROPICAL HEAT P CRSP SALT/VINGR,546,,5.3,48.5,,36.8,3.9,1.37,,
TROPICAL HEAT PILAU MASALA GROUND,,,,,,,,,Pilau Masala,Powder
TROPICAL HEAT POPS CHEESE NACHOS,472,,6.26,63.15,,21.35,0.72,,,
TROPICAL HEAT POPS CHILLI LIME NACHOS,471,,6.4,62.49,,22.05,0.98,,,
TROPICAL HEAT POPS SALTED NACHOS,380,,8.7,81.49,,1.87,1,,,
TROPICAL HEAT POPS TOMATO NACHOS,484,,6.43,65.71,,21.42,0.72,,,
TROPICAL HEAT POTATO CIRSPS CHILL LEMON,543,,5.2,51.7,,35,3.5,1.5,,
TROPICAL HEAT PREMIUM GRINDER SEA SALT,46.1,193,5.1,4.1,0,1.3,0,38.667,Sea Salt,Solid
TROPICAL HEAT PREMIUM KENYAN BHUSU,600,2510.4,,46.6667,,40,3.33333,0.576667,Kenyan Bhusu,Solid
TROPICAL HEAT SAFARI PUFFS CHEESE,540,2255,6,57.4,,31.8,2.9,1.7,Safari Puffs,Solid
TROPICAL HEAT SAFARI PUFFS TOMATO,540,2255,6,57.4,,31.8,2.9,1.7,Safari Puffs,Solid
TROPICAL HEAT SALAD SEASONING,,,,,,,,,Salad Seasoning,Powder
TROPICAL HEAT SNACKS CHEESE&ONION POTATO CRISPS,529,2209,5.6,53.8,,32.4,3.5,1.35,Potato Chips,Cheese and Onion
TROPICAL HEAT SNACKS CHILLI LEMON POTATO CRISPS,543,2262,5.2,51.7,,35,3.5,1.5,Chips,Chilli Lemon
TROPICAL HEAT SNACKS HEROES POTATO CHIPS CHEESE & ONION,525,2190,6,53.38,,31.12,3.6,1.75,Cheese & Onion Crispy,Solid
TROPICAL HEAT SNACKS HEROES POTATO CHIPS CHILLI CHEESE,,,,,,,,,,
TROPICAL HEAT SNACKS HEROES POTATO CHIPS FRUIT CHUTNEY,511,2131,6.1,52.74,,29.61,4.4,1.85,Fruit Chutney,Solid
TROPICAL HEAT SNACKS HEROES POTATO CHIPS SWEET CHILLI,521.7,2179,6.4,55.4,,30.2,1.3,1.03,Sweet Chilli Crispy,Solid
TROPICAL HEAT SNACKS HEROES POTATO CHIPS TOMATO KETCHUP,513,2141,6.1,54.12,,29.3,4.1,0.5,Potato Crisps,Solid
TROPICAL HEAT SNACKS MASALA STICKS,546,2277,5.8,42.6,7.6,35.8,3,0.6,Masala Sticks,Solid
TROPICAL HEAT SNACKS NYAMA CHOMA POTATO CRISPS,516,2154,8.4,48.9,,30.8,4.7,1.95,Potato Chips,Nyama Choma
TROPICAL HEAT SNACKS SAFARI PUFFS CHEESE,540,2255,6,57.4,,31.8,2.9,1.7,Puffs,Solid
TROPICAL HEAT SNACKS SAFARI PUFFS TOMATO,540,2255,6,57.4,,31.8,2.9,1.7,Puffs,Solid
TROPICAL HEAT SNACKS SALT & VINEGAR POTATO CRISPS,546,2277,5.3,48.5,,36.8,3.9,1.37,Potato Chips,Salt and Vinegar
TROPICAL HEAT SNACKS SALT&VINEGAR POTATO CRISPS,546,2277,5.3,48.5,,36.8,3.9,1.37,Potato Chips,Salt and Vinegar
TROPICAL HEAT SNACKS SALTED POTATO CRISPS,530,2213,6.7,52.8,,32.5,3.5,1.16,Potato Chips,Salted
TROPICAL HEAT SNACKS TOMATO POTATO CRISPS,532,2221,5.8,53.6,,32.7,2.9,0.58,Potato Chips,Tomato
TROPICAL HEAT SNACKS TROPNUTS CHILLI LEMON PEANUTS,602,2495,25.9,13.6,,49.3,6.5,0.9,,Solid
TROPICAL HEAT SNACKS TROPNUTS FRIED PEANUTS,475,1995,18.4,56.4,,19.6,3.6,1.7,,Solid
TROPICAL HEAT SNACKS TROPNUTS FRIED PEAS,,,,,,,,,,
TROPICAL HEAT SNACKS TROPNUTS MASALA BHAJIA PEANUTS,,,,,,,,,,
TROPICAL HEAT SNACKS TROPNUTS ROASTED PEANUTS,584,2423,24.8,16.4,,46.6,8.5,0,,Solid
TROPICAL HEAT SNACKS TROPNUTS ROASTED SALTED PEANUTS,602,2495,18.4,56.4,,49.3,3.6,1.7,,Solid
TROPICAL HEAT SNACKS WAVES POTATO CRISPS CHILLI LEMON,543,2262,5.2,51.7,,35,3.5,1.5,Potato Chips,Chilli Lemon
TROPICAL HEAT SNACKS WAVES POTATO SALTED CRISPS,530,2213,6.7,52.8,,32.5,3.5,1.16,Potato Chips,Salted
TROPICAL HEAT SNACKS WAVES SALT & VINEGAR POTATO CRISPS,546,2277,5.3,48.5,,36.8,3.9,1.37,,Salt and Vinegar
TROPICAL HEAT SNACKS WAVES SALTED POTATO CRISPS,530,2213,6.7,52.8,,32.5,3.5,1.16,Potato Chips,Salted
TROPICAL HEAT SNACKS WAVES TOMATO POTATO CRISPS,532,2221,5.8,53.6,,32.7,2.9,0.58,Potato Chips,Tomato
TROPICAL HEAT SPICES BAY LEAVES,,,,,,,,,Bay Leaves Powder,Powder
TROPICAL HEAT SPICES BEEF MASALA,,,,,,,,,Beef Masala,Powder
TROPICAL HEAT SPICES BIRYANI MASALA,,,,,,,,,,
TROPICAL HEAT SPICES BLACK PEPPER GRINDER,,,,,,,,,Black Pepper With Grinder,Powder
TROPICAL HEAT SPICES BLACK PEPPER GROUND,,,,,,,,,Ground Black Pepper,Powder
TROPICAL HEAT SPICES CARDAMOMS GROUND,,,,,,,,,Ground Cardamom,Powder
TROPICAL HEAT SPICES CAYENNE PEPPER,,,,,,,,,Ground Cayenne Pepper,Powder
TROPICAL HEAT SPICES CHICKEN MASALA,,,20,60,,10,,1.7,1.0g,Powder
TROPICAL HEAT SPICES CHILLI FLAKES,,,,,,,,,Chilli Flakes,Solid
TROPICAL HEAT SPICES CHILLI LEMON SEASONING,,,,,,,,,,
TROPICAL HEAT SPICES CHILLIES GROUND,,,,,,,,,Ground Chillies,Powder
TROPICAL HEAT SPICES CINNAMON GROUND,,,,,,,,,Ground Cinnamon,Powder
TROPICAL HEAT SPICES CITRIC ACID SALT,,,,,,,,,Citric Acid,Powder
TROPICAL HEAT SPICES CLOVES GROUND,,,,,,,,,Cloves,Solid
TROPICAL HEAT SPICES CORIANDER GROUND,,,,,,,,,Ground Coriander,Powder
TROPICAL HEAT SPICES CUMINSEEDS GROUND,,,,,,,,,Ground Cumin Seed,Powder
TROPICAL HEAT SPICES CURRY POWDER,,,20,60,,10,,1.8,Curry Powder,Powder
TROPICAL HEAT SPICES DHANA JEERA,,,,,,,,,Dhana Jeera Spices,Powder
TROPICAL HEAT SPICES FIREBALL GRINDER,,,,,,,,,Fireball With Grinder,Powder
TROPICAL HEAT SPICES GARLIC POWDER,,,,,,,,,Garlic Powder,Powder
TROPICAL HEAT SPICES GINGER GROUND,,,,,,,,,Ground Ginger,Powder
TROPICAL HEAT SPICES GITHERI MASALA,,,20,60,,,,2.4,1.0g,
TROPICAL HEAT SPICES MARJORAM LEAVES,,,,,,,,,Rubbed Marjoram,Powder
TROPICAL HEAT SPICES MINT LEAVES,,,,,,,,,Rubbed Mint,Powder
TROPICAL HEAT SPICES MIXED HERBS,,,,,,,,,Mixed Herbs,Solid
TROPICAL HEAT SPICES MIXED SPICES,,,,,,,,,Mixed Spices,Powder
TROPICAL HEAT SPICES MIXED SPICES WET & DRY FRY,,,,,,,,,,
TROPICAL HEAT SPICES NUTMEG GROUND,,,,,,,,,Ground Nutmeg,Powder
TROPICAL HEAT SPICES ONION POWDER,,,,,,,,,Onion Powder,Powder
TROPICAL HEAT SPICES OREGANO LEAVES,,,,,,,,,Rubbed Oregano,Powder
TROPICAL HEAT SPICES PARSLEY LEAVES,,,,,,,,,Parsley Leaves Powder,Powder
TROPICAL HEAT SPICES PASTA SEASONING,,,,,,,,,,
TROPICAL HEAT SPICES PERI PERI,5,,2,,,,,,1g,41.84kJ
TROPICAL HEAT SPICES PILAU MASALA GROUND,,,,,,,,,Pilau Masala,Powder
TROPICAL HEAT SPICES PILAU MASALA WHOL,,,,,,,,,Food,
TROPICAL HEAT SPICES ROSEMARY LEAVES,,,,,,,,,Rosemary Leaves,Powder
TROPICAL HEAT SPICES SAGE LEAVES,,,,,,,,,Rubbed Sage,Powder
TROPICAL HEAT SPICES TEA MASALA,,,,,,,,,Tea Masala,Powder
TROPICAL HEAT SPICES THYME LEAVES,,,,,,,,,Rubbed Thyme,Powder
TROPICAL HEAT SPICES TURMERIC GROUND,,,,,,,,,Ground Turmeric,Powder
TROPICAL HEAT SUPERFIT RICE CAKES SALTED,355,1484,7.8,79.4,1.2,0.7,1.89,1.9,Rice Cakes,Salted
TROPICAL HEAT SUPERFIT RICE CAKES UNSALTED,355,1484,7.8,79.4,1.2,0.7,1.89,1.8,Rice Cakes,Unsalted
TROPICAL HEAT SWEET TAMU CHEVDA,515,2148,10.9,56.9,8.5,39.9,9.4,,Sweet Tamu Chevda,Solid
TROPICAL HEAT TEA MASALA,,,,,,,,,Tea Masala,Powder
TROPICAL HEAT TURMERIC GROUND,,,,,,,,,Ground Turmeric,Powder
TROPICAL HEAT WAVES CRISPS FRUIT CHUTNEY,,,,,,,,,,
TROPICAL HEAT WHITE PEPPER GROUND,,,,,,,,,Ground White Pepper,Powder
TROPICAL MIX FRESH JUICE,58,247,0.58,12.6,9.4,0.24,,,Fruit Juice,Liquid
TROPICAL SUN ALLPURPOSE SEASONING,163,,18,16,12,3.1,0.6,,Food,Powder
TROPICAL SUN FISH SEASONING,106,,4.3,13.1,,4.4,8,,Food,Powder
TROPICAL SUN ROOT BEER NONALC,35,148,0,8.7,8.7,0,,,American Style Root Beer,Liquid
TROPICAL SUN S BBQ SEASONING,,,,,,,,,,
TROPICANA FORTIFIED ALL PURPOSE HOME BAKING FLOUR,334,1397.4,10,69,0,1,0,0,Flour,Powder
TROPICANA FORTIFIED SELF RAISING FLOUR,339,1418,9,71,0,1,0,0.735,Flour,Powder
TROPICANA SLIM CLASSIC SWEETENER X OF,250,1046,,100,,,,,Sweetener,Powder
TROPICANA SLIM DIABETIC SWEETENER X OF,250,1046,,100,,,,,Sweetener,Solid
TROPICANA SLIM STEVIA DIET STICKS SWEETENER 39 PIECES,250,1046,,100,,,,,Sweetener,Powder
TROPICANA SLIM STEVIA SWEETENER TABLET 100 PIECES,250,1046,,150,,,,,Sweetener Tablet,Solid
TTROPICAL HEAT SPICES GARAM MASALA,,,,,,,,,Garam Masala,Powder
TUNA FRUIT APPLE JUICE,58,242.6,1,12,0,1,0,0,Apple Juice,Liquid
TUZO EVERFRESH PURE GHEE,899,3761.42,0.04,0.01,,99.92,,,Ghee,Puree
TUZO GHEE,897,3753.05,0,0,0,0,,,Ghee,Liquid
TWINKIES ORIGINAL CAKE,,,,,,,,,,
TWISCO DRINKING CHOCO 2IN1,359,1502.06,4.6,78,74,1.5,6.5,0.002,Drink Powder,Powder
TWIX CHOCOLATE BAR,123,514,2,14,12.2,5.9,,,Chocolate Bar,Solid
U MIX FORTIFIED MANDAZI FLOUR,125,522.857,3.57143,23.2143,1.78571,12.5,0,0.075,Mandazi Flour,Powder
UBISCO BUTTER BISCUITS,,,,,,,,,Biscuits,Solid
UBISCO DIGESTIVE BISCUITS,,,,,,,,,Biscuits,Solid
UBISCO KREAMY BISCUITS CHOCO,,,,,,,,,,
UBISCO KREAMY BISCUITS STRAWBERRY,,,,,,,,,,
UBISCO NICE BISCUITS,500,2092,7.40741,59.2593,22.2222,25.9259,1.85185,0.203704,Biscuits,Solid
UFUTA PURE VEGETABLE COOKING OIL,120,502.08,,,,14,,,Cooking Oil,Liquid
UNGA EXE ATTA MARK 1 WHEAT FLOUR,340,1422,10.93,72,,,9.6,,Wheat Flour,Powder
UNGA EXE CHAPATI FORTIFIED WHEAT FLOUR,300,1255.2,8.33333,43.3333,1.66667,5,,0.133333,Wheat Flour,Powder
UNGA EXE WHOLE MEAL FORTIFIED WHEAT FLOUR,252,1054.36,8.4,51,1.9,1.6,,,Wheat Flour,Powder
UNGA WA DOLA ALL PURPOSE FLOUR,364,1522.97,10,76,0.3,1,,0.002,All Purpose Flour,Powder
UNGA WA DOLA ATTA FLOUR,340,1422,10.93,72,,,9.6,,Flour,Powder
UNGANO BLENDED HOME BAKING FLOUR,,,,,,,,,,
UNITED U MIX MANDAZI FLOUR,,,,,,,,,,
URBAN WATER,,,,,,,,,Water,Liquid
URBAN WATERS PURIFIED DRINKING WATER,0,0,,,,,,0.235,Drinking Water,Liquid
VANILLA COCOA CREAM BISCUIT,489.744,2049.08,5.12821,66.6667,,20.5128,,,Cocoa Cream Biscuit,Solid
VANINI HEZELNUTS CARAMEL SALT 62 CHOCOLATE,,,,,,,,,,
VARVELLO ACETO DI VINO ROSSO RED WINE VINEGAR,21,90,0.05,0.5,0.5,0,,,Vinegar,Liquid
VARVELLO APPLE VINEGAR,22,92.048,0,0.9,,0,0,0.005,Vinegar,Liquid
VARVELLO GRAN SAPORE APPLE CIDER VINEGAR,22,92.048,0,0.9,,0,0,0.005,Apple Cider Vinegar,Liquid
VARVELLO GRAN SAPORE MODENA BALSAMIC VINEGAR,0,0,0,0,0,0,0,0.24,Balsamic Vinegar,Liquid
VARVELLO GRAN SAPORE RED GRAPE VINEGAR,21,90,0.05,0.5,0.5,0,,,Vinegar,Liquid
VARVELLO GRAN WHITE WINE VINEGAR500,,,,,,,,,,
VERTMONT BIO ORGANIC PURE AGAVE SYRUP,,,,,,,,,Syrup,Liquid
VIDAL JELLY FILLED PIZZAS HALAL 100,,,,,,,,,,
VIDAL JELLY FILLED STRAWBERRIES,,,,,,,,,,
VIDAL JELLY MIX,,,,,,,,,,
VIDAL MEGA JELLY MIX HALAL,341,1427,4.5,79,55,0.2,0,,Gummi Candy,Solid
VIDAL MEGA SWEET MIX BAG,,,,,,,,,,
VIDAL RELLE NOLAS STRAWBERRIES,,,,,,,,,,
VIDAL STRAWBERRY CREAM DROPS,339,1442,4,79,62,0,,,Gummi Candy,Solid
VILLARS HAZELNUT CHIPS MILK CHOCOLATE BAR,565,2364,8.4,48,46,38,2.6,,Chocolate Bar,Solid
VILLARS ORANGE MILK CHOCOLATE BAR,525,2195,6.7,55,54,31,2.4,,Chocolate Bar,Solid
VILLARS ROASTED ALMONDS MILK CHOCOLATE BAR,565,2355,9,46,46,38,3,,Chocolate Bar,Solid
VIMTO CANDY FLOSS,,,,,,,,,,
VIMTO SPARKLING FRUIT DRINK,24,100,,6.1,6.1,,,,Fruit Drink,Liquid
VIRGINIA GARDEN DARK SOY SAUCE,36,150.62,7,26,22,0,0,7.8,Sauce,Liquid
VIRGINIA GREEN GARDEN BARBEQUE SAUCE,,,,,,,,,Barbeque Sauce,Paste
VIRGINIA GREEN GARDEN CHOCOLATE SYRUP,259,1083.66,1.7,60.9,510.1,0.93,2.9,0.0372,Syrup,Liquid
VIRGINIA GREEN GARDEN HOT SAUCE,8.7,,60,100,,3,,,Food,
VIRGINIA GREEN GARDEN NATURAL AND DELICIOUS GOLDEN CREAM,242,1012.5,2,5,,23,,,Cream,Cream
VIRGINIA GREEN GARDEN YELLOW MUSTARD,120,502.08,5,9,5,5,0,1,Yellow Mustard,Paste
VIRGINIA OYSTER SAUCE,51,213,1.4,11,0,0.3,0.3,2.733,Sauce,Paste
VIRTUE ENERGY DRINK PEACH & RASPBERRY,,,,,,,,,,
VIRTUE ENERGY DRINK STRAWBERRY & LIME,,,,,,,,,,
VIRTUE LEMON AND LIME CLEAN ENERGY DRINK,,,,,,,,,Energy Drink,Liquid
VITAFLA HOME BAKING FLOUR,,,,,,,,,,Powder
VITRAC APRICOT JAM,260,1047,0,65,64,0,1,0,Apricot Jam,Paste
VITRAC BLUEBERRY JAM,260,1087.5,0,65,60,0,0,0,Blueberry Jam,Jelly
VITRAC CLOVER HONEY,64,267.7,,17,,,,,Honey,Liquid
VITRAC MIXED FRUITS JAM,,,,,,,,,Mixed Fruits Jam,Paste
VITRAC ORANGE JAM,32,133.888,0,8,0,0,0,0,Orange Jam,Jelly
VITRAC STRAWBERRY JAM,,,,,,,,,Strawberry Jam,Paste
VOBRO CHOCOLATE BEST WISHES,,,,,,,,,,
VOBRO CHOCOLATE CHERRY PASSION,,,,,,,,,,
VOBRO CHOCOLATE PANNA COTTA1 PRALINES,,,,,,,,,,
VOBRO DELISSIMO HONEY & ALMOND CHOCOLATE,,,,,,,,,,
VOBRO FRUTI DI MARE CHRRY&COCOA,,,,,,,,,,
VOBRO FRUTTI DI MARE CHOCO,,,,,,,,,,
VOBRO FRUTTI DI MARE CHOCOLATE,,,,,,,,,,
VOBRO HAZELNUT PASSION CHOCO,,,,,,,,,,
VOBRO MARZIPAN PASSION CHOCOLATE,,,,,,,,,,
WABA MINERAL WATER,0,0,,,,,,0.00347985,Mineral Water,Liquid
WADI FOODS APPLE VINEGAR,,,,,,,,,,
WADI FOODS TOMATO PASTE,,,,,,,,,,
WAFER MASTER CHOCO CREAM ROLLS,,,,,,,,,,
WAFER MASTER CREPE GOFRETTE FP,,,,,,,,,,
WAFER MASTER FINDIK HUZELNUT ROLLS TIN,,,,,,,,,,
WAFER MASTER FINDIK KRIMALI CREPE HUZELNUT,,,,,,,,,,
WAFER MASTER HUZELNUT CREAM ROLL FP,,,,,,,,,,
WAFER MASTER PEANUT BUTTER CREAM ROLL,,,,,,,,,,
WAFER MASTER STRAWBERRY FLAVOUR ROLLS,,,,,,,,,,
WAFER MASTER SUPERROLL HUZELNUT FPK,,,,,,,,,,
WAFER MASTER VANILLA CREAM ROLLS,,,,,,,,,,
WAFER MASTERCAPUCINO CREAM ROLLS,,,,,,,,,,
WAFER MASTERCHOCO CREAM ROLLS TIN,,,,,,,,,,
WAFER MASTERHAZELNUT CREAM ROLLS,,,,,,,,,,
WAFER MASTERMINIS CHOCO CREAM TIN,,,,,,,,,,
WAFER MASTERMINIS HUZELNUT CREAM TIN,,,,,,,,,,
WALKERS ECLAIRS MILK CHOCOLATE,513,2146,2,70,52,24,0,0,Milk Chocolate,Solid
WALKERS MILK WHITE AND DARK CHOCOLATE CLASSICS,485.4,2031,3.6,65,58,23.1,0,0.09,Chocolate Classics,Solid
WALKERS NONSUCH ASSORTED AND CHOCOLATE ECLAIRS TOFFEE,496,2078,2.6,71.6,71.4,22.1,0,,Toffee,Solid
WALKERS NONSUCH ENGLISH CREAMY TOFFEE,480,2013,2,72.1,72.1,20.4,0,,Toffee,Solid
WALKERS NONSUCH MINT TOFFEES,180,768,0.8,30,20,6.9,0,,Toffee,Solid
WALKERS NONSUCH TREACLE TOFFEE,740,1944,1.9,72.1,48.7,19.2,0,,Toffee,Solid
WANG LAO JI HERBAL TEA DRINK,38,146,0.9,8.99,5.59,0.9,,,Herbal Tea Drink,Liquid
WANG SHOU YI THIRTEEN MIXED SPICE,397,1661,9,70.8,14.9,8.4,,,Mixed Spice,Powder
WANG WANG MILK DRINK,190,796,6.4,24.5,13,5.9,,,Milk Drink,Liquid
WANG WANG SWEET MILK CREAMY CHEWY CANDY,215,899.56,3.3,77.7,0,10.8,,0.18,Chewy Candy,Solid
WANG WANG SWEET RICE BISCUIT,36,150.62,,5,,1,,0.027,Sweet Rice Biscuit,Solid
WANGWANG CHINESE RICE CRACKER COOKIES,490,2050.16,4,71,0,21,0,0.75,Cracker Cookies,Solid
WARDA LASAGNES PASTA,355,1485,12.5,73,,1.9,1.15,,Lasagnes Pasta,Solid
WARDA ROSE BLANCHE COUSCOUS MEDIUM,366,1534,12,72,,1.5,,,Couscous,Solid
WARHEADS SOUR BLK CHERRY SODA,,,,,,,,,,
WARHEADS SOUR BLUE RASP SODA,,,,,,,,,,
WARHEADS SOUR G/APPLE SODA,,,,,,,,,,
WARHEADS SOUR PEACH SODA,,,,,,,,,,
WARHEADS SOUR WATERMELON SODA,,,,,,,,,,
WATERMELON FRESH JUICE,53.87,225.3,0.41,12.81,0,0.11,0.61,1.00E-05,Watermelon Juice,Liquid
WEETABIX BANANA CEREAL,358,1480,11.1,66,2,2.3,,0.241,Cereal,Solid
WEETABIX BRAN FLAKES,360,1520,12,64,12,2.7,,0.00014,Bran Flakes,Solid
WEETABIX CHOCOLATE,366,1547,10,68,17,3.8,10,0.012,,
WEETABIX CORN FLAKES FRUITY FRENZY,,,,,,,,,,
WEETABIX CORNFLAKES CEREALS,358,1480,11.1,66,2,2.3,,0.241,Cereal,Solid
WEETABIX CORNFLAKES EXT CRUNCHY,,,,,,,,,,
WEETABIX CRISPY CRUNCHY CORN FLAKES,367,1555,7.5,80.4,5.1,0.9,3.4,0,Cornflakes,Solid
WEETABIX CRUNCH CORNFLAKES,367,1555,7.5,80.4,5.1,0.9,3.4,,Cornflakes,Solid
WEETABIX FRUIT AND FIBER CEREALS WHEAT FLAKES,387,1634,8.8,69,21,6.5,,0.00011,Wheat Flakes,Solid
WEETABIX OATIBIX JUMBO OATS,376,1588,11.8,62.1,1,6.5,11.1,,Oats,Solid
WEETABIX OATIBIX WHOLE GRAIN OATS CEREALS,395,1663,13,64,3.2,8,7.3,,Cereal,Solid
WEETABIX OATIBIX WHOLEGRAIN ROLLED OATS,370,1558,11,59,1.1,8,9,,Rolled Oats,Solid
WEETABIX OREOS CEREAL,380,1609,6.8,81,31,2.4,3.4,,,
WEETABIX ROLLED OATS,370,1558,11,59,1.1,8,9,,Oats,Solid
WEETABIX STRAWBERRY FLAVOUR CEREALS BISCUITS,363,1518,10.6,71,13,1.9,10,0.2,Cereals Biscuits,Solid
WEETABIX VANILLA FLAVOUR CEREALS BISCUITS,363.5,1506,10.6,71,13.3,1.9,10,0.2,Cereals Biscuits,Solid
WEETABIX WEETOS ORANGE CHOCOLATEY HOOPS CEREAL,,,,,,,,,,
WEETABIX WHOLEGRAIN BANANA CEREAL,358,1480,11.1,66,2,2.3,,0.241,Cereal,Solid
WEETABIX WHOLEGRAIN CEREAL,342,1436,11.5,68.4,4.4,2,10,,,
WEETABIX WHOLEGRAIN CEREALS,338,1432,11.5,68.4,4.4,2,10,,Cereal,Solid
WERTHER'S ORIGINAL TRADITIONAL BUTTER CANDIES,424,1793,0.3,86.9,71.6,8.4,,,Candies,Solid
WERTHERS CHOCOLATE BUTTER CANDY BOX,,,,,,,,,,
WHOLE CUMIN,375,1569,18,44,2.3,22,11,0.168,Cumin,Solid
WINNIE'S PURE HEALTH HERBAL SEA SALT WITH IODINE,46.1,193,5.1,4.1,0,1.3,0,38.667,Salt,Powder
WINNIE'S PURE HEALTH IODINE SEA SALT,46.1,193,5.1,4.1,0,1.3,0,38.667,Sea Salt,Solid
WINNIE'S PURE HEALTH SEA SALT WITH IODINE,46.1,193,5.1,4.1,0,1.3,0,38.667,Sea Salt,Solid
WINNIES PURE HEALTH HERBAL TABLE SALT WITH IODINE,46.1,193,5.1,4.1,0,1.3,0,38.667,Sea Salt,Solid
WINNIES PURE HEALTH HONEY,140,587.6,,32,,,,0.008,Honey,Solid
WINNIES PURE HEALTH PURE WIMBI AFYA FLOUR,,,,,,,,,Wimbi Afya Flour,Powder
WINNIES PURE HEALTH TOTO AFYA FLOUR,,,,,,,,,Toto Afya Flour,Powder
WINNIES PURE HEALTH UGALI AFYA,,,,,,,,,Ugali Afya,Powder
WINNIES PURE HEALTH UGALI AFYA FLOUR,,,,,,,,,Ugali Afya Flour,Powder
WINNIES PURE HEALTH UJI AFYA,,,,,,,,,Uji Afya,Powder
WINNIES PURE HEATH CHAPATI AFYA,110,460,10.93,23,,,9.6,,Chapati Afya,Powder
WITOR'S BOERO LIMONCELLO DARK CHOCOLATE WITH LIQUEUR,,,,,,,,,,
WITOR'S CUORE MILK CHOCOLATE TRUFFLE,,,,,,,,,,
WITOR'S GOLDEN MILK CHOCOLATE WITH HAZELNUTS,,,,,,,,,,
WITOR'S NOIR DARK CHOCOLATE WITH HAZELNUTS,,,,,,,,,,
WNNIES PUR HEALTH AROMATIC PISHORI BROWN RICE,336,1405,9.1,77.6,,1.6,2.5,0.00299,Rice,Solid
WOODLANDS KITUI HONEY,,,,,,,,,Honey,Liquid
WOODLANDS KITUI PURE HONEY,,,,,,,,,Honey,Paste
WOODLANDS KITUI PURE HONEY SQUEEZE,,,,,,,,,Honey,Paste
WOTS BHARTI BEN CLASSIC SALTED KENYAN BANANA CRISPS,,,,,,,,,Banana Crisps,Solid
WOTS BHARTI BEN KENYAN INDIAN MIX BHUSU CHEVDA,600,2510.4,3.7,48.4,,41.6667,0.7,0.576667,Bhusu Chevda,Solid
WOTS CHILLI LEMON POTATO CRISPS,160,669,9,44,7,34,,,Potato Crisp,Solid
WOTS CLASSIC SALTED POTATO CRISPS,536,2242,7,53,,35,4,0.008,Potato Crisp,Solid
WOTS COCONUT COOKIES,100,418.4,1,10,3,7,1,0.005,Cookies,Solid
WOTS CUSTARD COOKIES,170,711.28,1,27,10,7,1,0.04,Cookies,Solid
WOTS FRYUMS CHEESE AND ONION SPIRALS,537,2146,8,55,2.8,28,,0.51,Cheese And Onion Spirals,Solid
WOTS FRYUMS YUMMY SPIRAL TOMATO,445,1861,7,69,5,15,,0.627,Spiral Tomato,Solid
WOTS HOME MADE CASHEWNUT COOKIES,370,1548.08,5,36,0,23,1,0.08,Cookies,Solid
WOTS HOME MADE OATS COOKIES,,,,,,,,,Cookies,Solid
WOTS KENYAN CHILLI LEMON CHEVDO,90,376,3,15,,10,1,0.11,Chevdo,Solid
WOTS KENYAN HOT AND SPICY CHEVDO,160,669,3,15,2,10,1,0.11,Chevdo,Solid
WOTS KENYAN ORIGINAL CHEVDO,160,669,3,15,2,10,1,0.11,Chevdo,Solid
WOTS KENYAN SUGAR FREE CHEVDO,160,669,3,15,2,10,1,0.11,Chevdo,Solid
WOTS PLAIN SEV,545,2280.28,11.8,44.8,0,35.4,6.2,0.96,Sev,Solid
WOTS SALTPEPPER BANANA CRISPS,165,690,,20,,8,1,0.073,Banana Crisps,Solid
WOTS ZINGY TOMATO POTATO CRISPS,542,2242,5,59,2,31,,0.434,Potato Crisp,Solid
WOW CORN PUFF VANILLA,401,1677,6.5,58.1,28,15.9,,0.72,Corn Puff,Solid
WOW SALTED SNACKS,554,2317,7,51.7,2.6,35.5,,0.51,Rings Snacks,Solid
WOW SUGARED SNACKS,470,1966,9,70,13,17,3,0.49,Sugared Snacks,Solid
WOW SUGARED SNACKS PUFFS,470,1966,9,70,13,17,3,0.49,Puff,Solid
WOW TOMATO PASTE,106,443,4.2,18.5,10.9,0.21,1.18,0.25,Corn Snacks,Paste
WOW VANILLA CORN PUFF,401,1677,6.5,58.1,28,15.9,,0.72,Corn Puff,Solid
WRIGLEY'S DOUBLE-MINT CHEWING GUM,8,33.4,,2,2,,,,Chewing Gum,Solid
WRIGLEY'S EXTRA STRAWBERRY CHEWING GUM 10 PIECES,168,699,0,67.7,0,0,0,0,Chewing Gum,Solid
WRIGLEY'S EXTRA SUGAR FREE TROPICAL CHEWING GUM 30 PIECES,,,,,,,,,,
WRIGLEY'S GREEN ARROW GREEN TEA MINT CHEWING GUM,175.2,743,,73,0.1,0.1,0.1,0.009,Chewing Gum,Solid
WRIGLEY'S JUICY FRUIT STRAWBERRY CHEWING GUM X 10 PIECES,,,,,,,,,,
WRIGLEY'S ORBIT SUGAR FREE BUBBLEMINT CHEWING GUM (10 PIECES),148,615,,61.5,,,,,Chewing Gum,Solid
WRIGLEY'S P K BREATH FRESHENER MENTHOL CHEWING GUM 10PIECES,,,,,,,,,Chewing Gum,Solid
WRIGLEY'S P K BREATH FRESHENER PEPPER MINT CHEWING GUM 10PIECES,285.714,1142.86,0,71.4286,71.4286,0,0,0,Chewing Gum,Solid
WRIGLEY'S SKITTLES FRUITS CHEW,407,1723,,87,71,,,,,
WRIGLEY'S SKITTLES SQUARE CLOUDS SOURS,,,,,,,,,,
WRIGLEY'S SKITTLES SQUISHY CLOUDZ FRUITS CANDY,,,,,,,,,,
WRIGLEYS EXTRA MINTS TROPICAL,,,,,,,,,,
WU JIANG PRESERVED VEGETABLE,50,209.2,,5,0,5,2.5,2.55,Preserved Vegetable,Solid
XINFA SWEET POTATO VERMICELLI NOODLES,337.3,1411,0,82.5,0,0,,,Potato Vermicelli Noodles,Solid
XU FU JI CARAMEL EGG SACHIMA,505.02,2113,7.8,53.8,16.4,28.8,,0.28,Sachima,Solid
XU FU JI STRAWBERRY ROLL COOKIE,525,2197,4.61,65.3,39.2,27.5,,,Roll Cookie,Solid
YEGO DIGESTIVE BISCUITS,424.4,489.528,6.1,68.3,,15.2,,,Biscuits,Solid
YEGO GLUCOSE,478.99,2004,7.1,82.4,,15,,,Biscuits,Solid
YEGO MARIE BISCUITS,473.5,1979,7.4,78.3,,15.9,,,Biscuits,Solid
YEGO NICE BISCUITS,468.5,489.528,6.49,77.2,,13.42,,,Biscuits,Solid
YEGO SHORTCAKE BISCUITS,468.5,1960,6.49,77.2,,13.42,,,Biscuits,Solid
YEO'S SAMBAL OELECK SAUCE,,,,,,,,,,
YESHU COCONUT MILK DRINK,,,,,,,,,Coconut Milk Drink,Liquid
YIN LU PURPLE SWEET POTATO AND PURPLE GLUTINOUS RICE SOUP MIX,81,339,1.5,13,6.5,2.5,7.8,,Soup Mix,Solid
YINLU BARLEY AND RED BEAN MIXED CONGEE,78.58,329,2.5,1.4,3.2,1.3,,,Congee,Solid
YINLU PEANUT MILK PROTEIN DRINK,81,339,1.5,13,6.5,2.5,7.8,,Protein Drink,Liquid
YORKIE HONEYCOMB MILK CHOCOLATE,,,,,,,,,,
YORKIE ORIGINAL,,,,,,,,,,
YORKIE RAISIN & BISCUIT,,,,,,,,,,
YOU C1000 HEALTH LEMON VITAMIN DRINK,24,105,0.4,0.1,0.1,,,,Vitamin Drink,Liquid
YOU C1000 HEALTH ORANGE DRINK,24,105,0.4,0.1,0.1,,,,Drink,Liquid
ZANZIBAR BASIL SPICES,0,0,100,200,,,200,,Basil Spices,Powder
ZANZIBAR CHILLI FLAKES SPICES,281.481,1174.07,14.8148,48.1481,7.40741,14.8148,33.3333,2.85185,Chilli Flakes Spices,Powder
ZANZIBAR CHIPS MASALA SPICES,428.571,1792.86,10.7143,39.2857,7.14286,28.5714,3.57143,,Chips Masala Spices,Powder
ZANZIBAR CURRY POWDER,325,1359.8,13,58,2.8,14,33,0.052,Curry Powder,Powder
ZANZIBAR GARAM MASALA SPICES,331,1384.9,17,73,2.4,0.7,9,0.06,Garam Masala Spices,Powder
ZANZIBAR GARLIC POWDER SPICES,331,1384.9,17,73,2.4,0.7,9,0.06,Garlic Powder Spices,Powder
ZANZIBAR GITHERI MASALA SPICES,,,,,,,,,Githeri Masala Spices,Powder
ZANZIBAR GROUND BEEF MASALA,100,418,13,32,,12,17,1.4,Ground Beef Masala,Powder
ZANZIBAR GROUND CINNAMON SPICES,247,1033,4,81,2.2,1.2,53,0.01,Ground Cinnamon Spices,Powder
ZANZIBAR GROUND CORIANDER SPICES,300,1250,11.1111,55.5556,,16.6667,44.4444,0.0333333,Ground Coriander Spices,Powder
ZANZIBAR GROUND GINGER MASALA,333.333,1388.89,11.1111,72.2222,5.55556,5.55556,16.6667,0.0277778,Ground Ginger Masala,Powder
ZANZIBAR GROUND PILAU MASALA,,,,,,,,,Ground Pilau Masala,Powder
ZANZIBAR GROUNDED CARDAMOM SPICES,311,1301,11,68,,7,28,0.018,Cardamom Spices,Powder
ZANZIBAR GROUNDED CHICKEN MASALA SPICES,154.661,647.034,11.8644,4.66102,2.9661,10.1695,0.911017,0.551059,Grounded Chicken Masala Spices,Powder
ZANZIBAR OREGANO SPICES,265,1108,9,69,4,4,42.5,0.025,Oregano Spices,Powder
ZANZIBAR PAPRIKA SPICES,282,1179,14,54,10,13,35,0.068,Paprika Spices,Powder
ZANZIBAR PARSLEY SPICES,36,150.6,3,6,0.9,0.8,3.3,0.056,Parsley Spices,Powder
ZANZIBAR ROSEMARY LEAVES SPICES,,,,,,,,,Rosemary Leaves Spices,Powder
ZANZIBAR SPICES CAYENNE CHILLI POWDER,629.032,,9.67742,103.226,,16.129,,,Chilli Powder,
ZANZIBAR SPICES CLOVES POWDER,404,1690.34,7.7,64.8,,12.7,,,Cloves Powder,Powder
ZANZIBAR SPICES DHANA JEERA SPICE,324,,,22,,19,,,Dhana Jeera Powder,Powder
ZANZIBAR SPICES HERBS DE PROVENCE SPICE,,,,,,,,,Herbs De Provence,Powder
ZANZIBAR TEA MASALA SPICES,2.05882,8.61345,0.0420168,0.588235,,0.0420168,0.12605,0.000336134,Tea Masala Spices,Powder
ZANZIBAR TURMERIC POWDER SPICES,354,1481,8,65,3.2,10,21,0.038,Turmeric Powder Spices,Powder
ZAZA MAYONNAISE,,,,,,,,,,
ZED CANDY JAWBREAKER ON A STICK MONSTER 5 FLAVOURS LOLLIPOP,,,,,,,,,,
ZED CANDY JAWBREAKER STRAWBERRY HARD CANDY BALLS,,,,,,,,,,
ZED CANDY JUMBO JAWBREAKER SOUR HARD CANDY BALLS,370.46,1549.64,0,89.5884,0,0,0,,,
ZED CANDY SOUR JAWBREAKER HARD CANDY BALLS,370.46,1549.64,0,89.5884,0,0,0,,,
ZED FRUITS SALAD SOFT CHEWY CANDY,40,167.36,,9,8,,,,Chewy Candy,Solid
ZED FUNNY FACES SOFT CHEWY CANDY,40,167.36,,9,8,0.5,,,Chewy Candy,Solid
ZED GIANT FRUIT JELLY BEANS,380,1606,0,97,74,0,,,Jelly Beans,Solid
ZED MAGIC EGGS SOFT CHEWY CANDY,40,167.36,,9,8,0.5,,,Chewy Candy,Solid
ZESTA APRICOT JAM,48,200.832,1.4,11,9,0.4,2,0.001,Jam,Jelly
ZESTA BAKING POWDER,,,,,,,,,,Cream
ZESTA BICARBONATE SODA,,,,,,,,,Soda,Powder
ZESTA BROWN VINEGAR,50,209.2,,2.2,1,,,0.011,Vinegar,Liquid
ZESTA CASTER SUGAR,400,1673.6,0,100,100,0,0,0.0003,Caster Sugar,Solid
ZESTA CHILLI GARLIC SAUCE,,,,,,,,,,
ZESTA CHILLI MAYONNAISE,,,,,,,,,,
ZESTA CHILLI SAUCE,,,,,,,,,,
ZESTA CHILLI TAMARIND SAUCE,205,857.72,0,38,38,5.1,0,0.572,Sauce,Paste
ZESTA CHOMA SAUCE,138.08,577.72,0.99,33.53,29.48,,,0.84,Choma Sauce,Paste
ZESTA CORN FLOUR,357.2,1494,0.88,88.42,,0.01,,1.40E-05,Corn Flour,Powder
ZESTA CRUNCHY PEANUT BUTTER,642,2686.13,26,20,9,51,5,0.35,Peanut Butter,Paste
ZESTA DARK SOY SAUCE,,,,,,,,,,
ZESTA EGGLESS MAYONNAISE,580,2426.72,1,9,4,,,0.45,Mayonnaise,Paste
ZESTA FRUITY SPICY SAUCE,,,,,,,,,,
ZESTA GOOSEBERRY JAM,318.4,1332.18,1.2,78.41,,0.1,0.8,,Gooseberry Jam,Jelly
ZESTA GRAVY BROWNING,189,799,17.3,30.4,2.4,0.4,6.7,0,Gravy Browning,Liquid
ZESTA HOT&SWEET C/SAUCE,,,,,,,,,,
ZESTA HOT&SWEET SAUCE,,,,,,,,,,
ZESTA ICING SUGAR,400,1700,,100,97,,,,Icing Sugar,Powder
ZESTA KETCHUP,,,,,,,,,,
ZESTA LIGHT SOY SAUCE,,,,,,,,,,
ZESTA MANDAZI BORA BAKING POWDER,,,,,,,,,,
ZESTA MAYONNAISE BARBECUE SAUCE,,,,,,,,,,
ZESTA MIXED FRUIT JAM,320,1338.88,1,77,0,0,1,0,Jam,Paste
ZESTA ORANGE MARMALADE FRUIT JAM,245,1025.08,0.3,65,60,0.3,0.7,0.037,Jam,Jelly
ZESTA ORANGE MARMALADE JAM,317.2,1327.16,1,77.76,0,0.1,1.6,0,Jam,Paste
ZESTA PINEAPPLE JAM,270,1129.68,70,65,,10,,0.61,Jam,Jelly
ZESTA PREMIUM TOMATO KETCHUP,103,430.95,1.35,39.59,22.47,0.1,,0.00011,Ketchup,Paste
ZESTA PURE NATURAL HONEY SQUEEZE,333.333,1394.67,,80,80,,,0.0133333,Honey,Paste
ZESTA RASPBERRY JAM,232,970.68,0.5,56,0.3,0.5,3.9,0.007,Raspberry Jam,Jelly
ZESTA RED PLUM FRUIT JAM,280,1171.52,0.4,70,48.5,0.1,1.1,0.032,Jam,Jelly
ZESTA RED PLUM JAM,278,1163,0.35,69,0.6,0.15,1.2,0.0214,Jam,Jelly
ZESTA SAUCE 8PIECES GIFT,,,,,,,,,,
ZESTA SMOOTH PEANUT BUTTER,93,389.11,4,3,1,7,1.5,0.003,Peanut Butter,Paste
ZESTA STRAWBERRY JAM,318.4,1332.19,1.19,78,,0.1,0.8,,Jam,Jelly
ZESTA TESTED DOUBLE ACTION BAKING POWDER,110,460.2,,20,,,,4.6,Baking Powder,Powder
ZESTA TOMATO GARLIC SAUCE,,,,,,,,,,
ZESTA TOMATO KETCHUP,,,,,,,,,,
ZESTA TOMATO KETCHUP HOT,,,,,,,,,,
ZESTA TOMATO SAUCE,103,430.952,1,16,22,,5,,Tomato Sauce,Paste
ZESTA VANILLA ESSENCE,,,,,,,,,Essence,Liquid
ZESTA VERRY BERRY JAM,200,836.8,0,53.3,46.7,0,0,0,Jam,Jelly
ZESTA WHITE VINEGAR,,,,,,,,,White Vinegar,Liquid
ZESTA YELLOW MUSTARD,,,,,,,,,,
