product_name,energy_kcal,energy_kj,protein_g,carbohydrates_g,total_sugar_g,total_fat_g,fibre_g,sodium_g,sub_type,form,class_name,subclass_name,nova,classification_method,class_confidence,subclass_confidence,nova_confidence,needs_review,classification_timestamp
224 AROMATIC RICE,,,,,,,,,,,WHOLE MILK,FRESH MILK,Unprocessed/Minimally processed foods,unresolved,0,0,0,TRUE,2026-04-07T09:21:17.880566+00:00
224 PILAU RICE,171,715.464,3,30,1,3,2,0,Rice,Solid,WHOLE MILK,FRESH MILK,Unprocessed/Minimally processed foods,unresolved,0,0,0,TRUE,2026-04-07T09:21:17.880566+00:00
224 PISHORI RICE,349,1460.22,8,77,0,0,0,0,Rice,Solid,ENERGY DRINKS,ENERGY DRINKS,Ultra-processed foods,simulated_lookup_fuzzy,0.788,0.758,0.778,TRUE,2026-04-07T09:21:17.880566+00:00
224 SUPERIOR QUALITY LONG GRAIN RICE,366.667,1533.33,8.88889,80,,,,,Rice,Solid,ENERGY DRINKS,ENERGY DRINKS,Ultra-processed foods,unresolved,0,0,0,TRUE,2026-04-07T09:21:17.880566+00:00
7UP DRINK,,,,,,,,,,,ENERGY DRINKS,ENERGY DRINKS,Ultra-processed foods,unresolved,0,0,0,TRUE,2026-04-07T09:21:17.880566+00:00
7UP SODA,,,,,,,,,,,FRUIT DRINKS/SWEETENED JUICES & BOTTLED TEAS,FRUIT DRINKS/SWEETENED JUICE,Ultra-processed foods,unresolved,0,0,0,TRUE,2026-04-07T09:21:17.880566+00:00
ACACIA KIDS APPLE,,,,,,,,,,,FRUIT DRINKS/SWEETENED JUICES & BOTTLED TEAS,FRUIT DRINKS/SWEETENED JUICE,Ultra-processed foods,unresolved,0,0,0,TRUE,2026-04-07T09:21:17.880566+00:00
ACACIA KIDS BLACKCURRANT,53.1,225,0.02,12.9,12.8,0.01,0.08,,,,FRUIT DRINKS/SWEETENED JUICES & BOTTLED TEAS,FRUIT DRINKS/SWEETENED JUICE,Ultra-processed foods,unresolved,0,0,0,TRUE,2026-04-07T09:21:17.880566+00:00
ACACIA KIDS BLUERASBERRY,53.5,227,0.04,13.1,12.9,0.01,0.07,,,,FRUIT DRINKS/SWEETENED JUICES & BOTTLED TEAS,FRUIT DRINKS/SWEETENED JUICE,Ultra-processed foods,unresolved,0,0,0,TRUE,2026-04-07T09:21:17.880566+00:00
ACACIA KIDS MANGO,42.1,179.12,0.168,12.5,12.5,0.01,0.54,,,,FRUIT DRINKS/SWEETENED JUICES & BOTTLED TEAS,FRUIT DRINKS/SWEETENED JUICE,Ultra-processed foods,unresolved,0,0,0,TRUE,2026-04-07T09:21:17.880566+00:00
AERO ORANGE FESTIVE BLOCK,,,,,,,,,,,FRUIT DRINKS/SWEETENED JUICES & BOTTLED TEAS,FRUIT DRINKS/SWEETENED JUICE,Ultra-processed foods,unresolved,0,0,0,TRUE,2026-04-07T09:21:17.880566+00:00
AERO PEPPERMINT BUBBLY,,,,,,,,,,,FRUIT DRINKS/SWEETENED JUICES & BOTTLED TEAS,FRUIT DRINKS/SWEETENED JUICE,Ultra-processed foods,unresolved,0,0,0,TRUE,2026-04-07T09:21:17.880566+00:00
AFIA APPLE DRINK,285,1192.44,4,71,0,4,0,0,Drink,Liquid,FRUIT DRINKS/SWEETENED JUICES & BOTTLED TEAS,FRUIT DRINKS/SWEETENED JUICE,Ultra-processed foods,unresolved,0,0,0,TRUE,2026-04-07T09:21:17.880566+00:00
AFIA APPLE JUICE,285,1192.44,4,71,0,4,0,0,Drink,Liquid,FRUIT DRINKS/SWEETENED JUICES & BOTTLED TEAS,FRUIT DRINKS/SWEETENED JUICE,Ultra-processed foods,simulated_lookup_fuzzy,0.737,0.707,0.727,TRUE,2026-04-07T09:21:17.880566+00:00
AFIA MIXEDFRUIT JUICE,47,180,0.01,11.7,11.7,,,,,,FRUIT DRINKS/SWEETENED JUICES & BOTTLED TEAS,FRUIT DRINKS/SWEETENED JUICE,Ultra-processed foods,unresolved,0,0,0,TRUE,2026-04-07T09:21:17.880566+00:00
AFIA MULTI VITAMIN FRUIT DRINK,50,209,,12.4,9.7,,,0.008,Fruit Drink,Liquid,FRUIT DRINKS/SWEETENED JUICES & BOTTLED TEAS,FRUIT DRINKS/SWEETENED JUICE,Ultra-processed foods,unresolved,0,0,0,TRUE,2026-04-07T09:21:17.880566+00:00
AFIA ORANGE FRUIT DRINK,45,188.28,0.7,10,8.4,0.2,,0.001,Fruit Drink,Liquid,FRUIT DRINKS/SWEETENED JUICES & BOTTLED TEAS,FRUIT DRINKS/SWEETENED JUICE,Ultra-processed foods,simulated_lookup_fuzzy,0.833,0.803,0.823,TRUE,2026-04-07T09:21:17.880566+00:00
AFIA PINK GUAVA JUICE,26,107,0.4,6,5,0,1.2,0.00048,Drink,Liquid,ENERGY DRINKS,ENERGY DRINKS,Ultra-processed foods,simulated_lookup_fuzzy,0.737,0.707,0.727,TRUE,2026-04-07T09:21:17.880566+00:00
AFIA TROPICAL CARROT FRUIT DRINK,69,288.696,0.5,17.2,12.5,,,,Fruit Drink,Liquid,WHEAT FLOUR,WHEAT FLOUR - ATTA,Unprocessed/Minimally processed foods,unresolved,0,0,0,TRUE,2026-04-07T09:21:17.880566+00:00
AFTER EIGHT MINT CHOCOLATE,,,,,,,,,,,WHOLE MILK,FRESH MILK,Unprocessed/Minimally processed foods,unresolved,0,0,0,TRUE,2026-04-07T09:21:17.880566+00:00
AFTER EIGHT SHAPES CHOCOLATE,,,,,,,,,,,WHOLE MILK,FRESH MILK,Unprocessed/Minimally processed foods,unresolved,0,0,0,TRUE,2026-04-07T09:21:17.880566+00:00
AG TABASCO STYLE HOT SAUCE,,,,,,,,,,,ENERGY DRINKS,ENERGY DRINKS,Ultra-processed foods,unresolved,0,0,0,TRUE,2026-04-07T09:21:17.880566+00:00
AIRHEADS CHERRY CANDY BAR,384.615,1608.97,0,96.1538,70.5128,0,,,Candy Bar,Solid,ENERGY DRINKS,ENERGY DRINKS,Ultra-processed foods,unresolved,0,0,0,TRUE,2026-04-07T09:21:17.880566+00:00
AIRHEADS ORANGE CANDY BAR,416.667,1740.38,0,96.1538,67.3077,3.20513,,0.0160256,Candy Bar,Solid,ENERGY DRINKS,ENERGY DRINKS,Ultra-processed foods,unresolved,0,0,0,TRUE,2026-04-07T09:21:17.880566+00:00
AIRHEADS WHITE MYSTERY CANDY BAR,384.615,1608.97,0,96.1538,70.5128,0,,,Candy Bar,Solid,FRUIT DRINKS/SWEETENED JUICES & BOTTLED TEAS,FRUIT DRINKS/SWEETENED JUICE,Ultra-processed foods,unresolved,0,0,0,TRUE,2026-04-07T09:21:17.880566+00:00
AIRWAVES BLACKCURRANT S/F 10P,,,,,,,,,,,FRUIT DRINKS/SWEETENED JUICES & BOTTLED TEAS,FRUIT DRINKS/SWEETENED JUICE,Ultra-processed foods,unresolved,0,0,0,TRUE,2026-04-07T09:21:17.880566+00:00
AIRWAVES GUM MENTHOL&EUCALYPTUS,,,,,,,,,,,FRUIT DRINKS/SWEETENED JUICES & BOTTLED TEAS,FRUIT DRINKS/SWEETENED JUICE,Ultra-processed foods,unresolved,0,0,0,TRUE,2026-04-07T09:21:17.880566+00:00
AJAB ALL PURPOSE FLOUR,364,1522.4,10.4,76,0.24,0.96,2.72,0.002,All Purpose Flour,Powder,FRUIT DRINKS/SWEETENED JUICES & BOTTLED TEAS,FRUIT DRINKS/SWEETENED JUICE,Ultra-processed foods,simulated_lookup_fuzzy,0.737,0.707,0.727,TRUE,2026-04-07T09:21:17.880566+00:00
AJAB FORTIFIED ALL PURPOSE HOME BAKING FLOUR,252,1054.36,8.4,51,1.9,1.6,,,Baking Flour,Powder,FRUIT DRINKS/SWEETENED JUICES & BOTTLED TEAS,FRUIT DRINKS/SWEETENED JUICE,Ultra-processed foods,unresolved,0,0,0,TRUE,2026-04-07T09:21:17.880566+00:00
AJAB FORTIFIED ATTA MARK 1 FLOUR,364,1522.4,10.4,76,0.24,0.96,2.72,0.002,Flour,Powder,FRUIT DRINKS/SWEETENED JUICES & BOTTLED TEAS,FRUIT DRINKS/SWEETENED JUICE,Ultra-processed foods,unresolved,0,0,0,TRUE,2026-04-07T09:21:17.880566+00:00
AJAB FORTIFIED MANDAZI FLOUR,300,1250,10,50,,10,,0.32,Mandazi Flour,Powder,FRUIT DRINKS/SWEETENED JUICES & BOTTLED TEAS,FRUIT DRINKS/SWEETENED JUICE,Ultra-processed foods,simulated_lookup_fuzzy,0.783,0.753,0.773,TRUE,2026-04-07T09:21:17.880566+00:00
AJAB FORTIFIED SELF RAISING FLOUR,400,1670,10,80,,,,,Raising Flour,Powder,FRUIT DRINKS/SWEETENED JUICES & BOTTLED TEAS,FRUIT DRINKS/SWEETENED JUICE,Ultra-processed foods,unresolved,0,0,0,TRUE,2026-04-07T09:21:17.880566+00:00
AJAB MAIZE MEAL FLOUR,351,1491,7.8,77.7,0.5,0.8,1,,Maize Meal Flour,Powder,FRUIT DRINKS/SWEETENED JUICES & BOTTLED TEAS,FRUIT DRINKS/SWEETENED JUICE,Ultra-processed foods,simulated_lookup_fuzzy,0.833,0.803,0.823,TRUE,2026-04-07T09:21:17.880566+00:00
AL AMEERA TAHINA,,,,,,,,,,,FRUIT DRINKS/SWEETENED JUICES & BOTTLED TEAS,FRUIT DRINKS/SWEETENED JUICE,Ultra-processed foods,unresolved,0,0,0,TRUE,2026-04-07T09:21:17.880566+00:00
AL JAZIRA EXTRA VIRGIN OLIVE OIL,900,3700,,,,100,,,Olive Oil,Liquid,FRUIT DRINKS/SWEETENED JUICES & BOTTLED TEAS,FRUIT DRINKS/SWEETENED JUICE,Ultra-processed foods,unresolved,0,0,0,TRUE,2026-04-07T09:21:17.880566+00:00
ALL TIME HONEY,,,,,,,,,,,FRUIT DRINKS/SWEETENED JUICES & BOTTLED TEAS,FRUIT DRINKS/SWEETENED JUICE,Ultra-processed foods,unresolved,0,0,0,TRUE,2026-04-07T09:21:17.880566+00:00
ALL TIME HONEY BLACK SEED OIL SQUEEZE,,,,,,,,,,,ENERGY DRINKS,ENERGY DRINKS,Ultra-processed foods,unresolved,0,0,0,TRUE,2026-04-07T09:21:17.880566+00:00
ALL TIME HONEY HEXA SQUEEZE,,,,,,,,,,,WHEAT FLOUR,WHEAT FLOUR - ATTA,Unprocessed/Minimally processed foods,unresolved,0,0,0,TRUE,2026-04-07T09:21:17.880566+00:00
ALL TIME HONEY IN BLK SEED OIL,,,,,,,,,,,WHOLE MILK,FRESH MILK,Unprocessed/Minimally processed foods,unresolved,0,0,0,TRUE,2026-04-07T09:21:17.880566+00:00
ALL TIME HONEY JERRYCAN,,,,,,,,,,,WHOLE MILK,FRESH MILK,Unprocessed/Minimally processed foods,unresolved,0,0,0,TRUE,2026-04-07T09:21:17.880566+00:00
ALL TIME HONEY SQUEEZE,,,,,,,,,,,ENERGY DRINKS,ENERGY DRINKS,Ultra-processed foods,unresolved,0,0,0,TRUE,2026-04-07T09:21:17.880566+00:00
ALLEGRO EXTRA VIRGIN OLIVE OIL,900,3765.6,,,,100,,,Olive Oil,Liquid,ENERGY DRINKS,ENERGY DRINKS,Ultra-processed foods,unresolved,0,0,0,TRUE,2026-04-07T09:21:17.880566+00:00
ALPENLIEBE CARAMEL CANDY,,,,,,,,,,,ENERGY DRINKS,ENERGY DRINKS,Ultra-processed foods,unresolved,0,0,0,TRUE,2026-04-07T09:21:17.880566+00:00
ALPENLIEBE CHOCOLATE CARAMEL ECLAIRS CANDY,3.9,407.7,0.05,1705.82,84.4,66.5,,,,,FRUIT DRINKS/SWEETENED JUICES & BOTTLED TEAS,FRUIT DRINKS/SWEETENED JUICE,Ultra-processed foods,unresolved,0,0,0,TRUE,2026-04-07T09:21:17.880566+00:00
ALPENLIEBE GOLD CREAM STRAWBERRY CANDY,417,1744,0.2,88,71,6.8,,0.22,Candy,Solid,FRUIT DRINKS/SWEETENED JUICES & BOTTLED TEAS,FRUIT DRINKS/SWEETENED JUICE,Ultra-processed foods,unresolved,0,0,0,TRUE,2026-04-07T09:21:17.880566+00:00
ALVARO MALT DRINK,126,527.184,3.2,14.3,9.3,6.3,,,Malt Drink,Liquid,FRUIT DRINKS/SWEETENED JUICES & BOTTLED TEAS,FRUIT DRINKS/SWEETENED JUICE,Ultra-processed foods,unresolved,0,0,0,TRUE,2026-04-07T09:21:17.880566+00:00
AMAIZE MAIZE MEAL FLOUR,92,388,2.2,21.5,,21.5,0.8,,Maize Meal Flour,Solid,FRUIT DRINKS/SWEETENED JUICES & BOTTLED TEAS,FRUIT DRINKS/SWEETENED JUICE,Ultra-processed foods,simulated_lookup_fuzzy,0.756,0.726,0.746,TRUE,2026-04-07T09:21:17.880566+00:00
AMANA BASMATI RICE,365,1527,7.1,80,,0.7,1.8,0.00054,Rice,Solid,FRUIT DRINKS/SWEETENED JUICES & BOTTLED TEAS,FRUIT DRINKS/SWEETENED JUICE,Ultra-processed foods,simulated_lookup_fuzzy,0.8,0.77,0.79,TRUE,2026-04-07T09:21:17.880566+00:00
AMANA HEALTHY GOODNESS LONG GRAIN BASMATI RICE,349,1485,8.7,77.8,,0.7,0.8,,Basmati Rice,Solid,FRUIT DRINKS/SWEETENED JUICES & BOTTLED TEAS,FRUIT DRINKS/SWEETENED JUICE,Ultra-processed foods,unresolved,0,0,0,TRUE,2026-04-07T09:21:17.880566+00:00
AMANA NJAHI BLACK BEANS,,,,,,,,,,,FRUIT DRINKS/SWEETENED JUICES & BOTTLED TEAS,FRUIT DRINKS/SWEETENED JUICE,Ultra-processed foods,unresolved,0,0,0,TRUE,2026-04-07T09:21:17.880566+00:00
AMANA NYAYO BEANS,347,1451.85,23,62,,,16,0.015,Nyayo Beans,Solid,FRUIT DRINKS/SWEETENED JUICES & BOTTLED TEAS,FRUIT DRINKS/SWEETENED JUICE,Ultra-processed foods,unresolved,0,0,0,TRUE,2026-04-07T09:21:17.880566+00:00
AMANA PISHORI RICE,349,1460.22,8,77,,,,,Pishori Rice,Solid,FRUIT DRINKS/SWEETENED JUICES & BOTTLED TEAS,FRUIT DRINKS/SWEETENED JUICE,Ultra-processed foods,simulated_lookup_fuzzy,0.8,0.77,0.79,TRUE,2026-04-07T09:21:17.880566+00:00
AMANA PREMIUM BASMATI RICE,350,1464,8.8,78,,,1.6,0.0017,Rice,Solid,FRUIT DRINKS/SWEETENED JUICES & BOTTLED TEAS,FRUIT DRINKS/SWEETENED JUICE,Ultra-processed foods,simulated_lookup_fuzzy,0.72,0.69,0.71,TRUE,2026-04-07T09:21:17.880566+00:00
AMANA PREMIUM PISHORI RICE,351,1491,7.8,77.7,0.5,0.8,1,,Pishori Rice,Solid,FRUIT DRINKS/SWEETENED JUICES & BOTTLED TEAS,FRUIT DRINKS/SWEETENED JUICE,Ultra-processed foods,unresolved,0,0,0,TRUE,2026-04-07T09:21:17.880566+00:00
AMANA ROSECOCO BEANS,260,1120,21,46,3.5,2.7,12.5,,Rosecoco Beans,Solid,FRUIT DRINKS/SWEETENED JUICES & BOTTLED TEAS,FRUIT DRINKS/SWEETENED JUICE,Ultra-processed foods,unresolved,0,0,0,TRUE,2026-04-07T09:21:17.880566+00:00
AMANA YELLOW BEANS,347,1451.85,23,62,,,16,0.015,Yellow Beans,Solid,ENERGY DRINKS,ENERGY DRINKS,Ultra-processed foods,unresolved,0,0,0,TRUE,2026-04-07T09:21:17.880566+00:00
AMAZON TOMATO KETCHUP,110,460,1.1,26.3,15.9,0.1,0.24,0.412,Ketchup,Liquid,WHEAT FLOUR,WHEAT FLOUR - ATTA,Unprocessed/Minimally processed foods,simulated_lookup_fuzzy,0.791,0.761,0.781,TRUE,2026-04-07T09:21:17.880566+00:00
AMERICAN G CREA RANCH DRESSING,466.667,1952.33,0,6.66667,3.33333,50,0,0.733333,Ranch Dressing and Dip,Paste,WHEAT FLOUR,WHEAT FLOUR - ATTA,Unprocessed/Minimally processed foods,unresolved,0,0,0,TRUE,2026-04-07T09:21:17.880566+00:00
AMERICAN G KETCHUP HOT & SPICY,117.647,491.765,0,29.4118,23.5294,0,0,0.882353,Ketchup,Paste,WHEAT FLOUR,WHEAT FLOUR - ATTA,Unprocessed/Minimally processed foods,unresolved,0,0,0,TRUE,2026-04-07T09:21:17.880566+00:00
AMERICAN GARDEN APPLE CIDER VINEGAR,70,292.88,,0.3,0.1,,,,Vinegar,Liquid,TABLE SAUCES,VINEGAR,Ultra-processed foods,simulated_lookup_fuzzy,0.758,0.728,0.748,TRUE,2026-04-07T09:21:17.880566+00:00
AMERICAN GARDEN ITALIAN MARINADE AND SALAD DRESSING,80,334.72,,3,3,8,,0.53,Salad Dressing,Paste,UNRESOLVED,UNRESOLVED,Ultra-processed foods,unresolved,0,0,0,TRUE,2026-04-07T09:21:17.880566+00:00
AMERICAN GARDEN LITE MAYONNAISE,150,628,,,,,,0.045,Mayonnaise,Paste,TABLE SAUCES,MAYONNAISE,Ultra-processed foods,simulated_lookup_fuzzy,0.727,0.697,0.717,TRUE,2026-04-07T09:21:17.880566+00:00
AMERICAN GARDEN MAYONNAISE,309,1292,0.93,8.98,4.91,29.9,0.23,1.7,Mayonnaise,Paste,TABLE SAUCES,MAYONNAISE,Ultra-processed foods,simulated_lookup_fuzzy,0.8,0.77,0.79,TRUE,2026-04-07T09:21:17.880566+00:00
AMERICAN GARDEN MAYONNAISE LITE,45,188.28,,1,1,,,0.105,Mayonnaise,Paste,TABLE SAUCES,MAYONNAISE,Ultra-processed foods,simulated_lookup_fuzzy,0.727,0.697,0.717,TRUE,2026-04-07T09:21:17.880566+00:00
AMERICAN GARDEN MUSHROOM PASTA SAUCE,47.2441,197.638,1.5748,8.66142,5.51181,0.787402,2.3622,0.346457,Sauce,Paste,TABLE SAUCES,MAYONNAISE,Ultra-processed foods,unresolved,0,0,0,TRUE,2026-04-07T09:21:17.880566+00:00
AMERICAN GARDEN POPCORN BUTTER,484.848,2027.27,,57.5758,,24.2424,,0.969697,Popcorn,Solid,TABLE SAUCES,MAYONNAISE,Ultra-processed foods,unresolved,0,0,0,TRUE,2026-04-07T09:21:17.880566+00:00
AMERICAN GARDEN REGULAR MAYONNAISE,,,,,,,,,Mayonnaise,Cream,TABLE SAUCES,MAYONNAISE,Ultra-processed foods,unresolved,0,0,0,TRUE,2026-04-07T09:21:17.880566+00:00
AMERICAN GARDEN SPICY BROWN MUSTARD,5,20.92,4,,,,,0.065,Mustard,Paste,TABLE SAUCES,MAYONNAISE,Ultra-processed foods,unresolved,0,0,0,TRUE,2026-04-07T09:21:17.880566+00:00
AMERICAN GARDEN TOMATO KETCHUP,88,368.192,0,23,2,0,0,0,Ketchup,Paste,TABLE SAUCES,TOMATO KETCHUP,Ultra-processed foods,simulated_lookup_fuzzy,0.731,0.701,0.721,TRUE,2026-04-07T09:21:17.880566+00:00
AMERICAN GARDEN WHITE VINEGAR,,,,,,,,,White Vinegar,Liquid,UNRESOLVED,UNRESOLVED,Unknown,unresolved,0,0,0,TRUE,2026-04-07T09:21:17.880566+00:00
AMERICAN GARDEN WORCESTERSHIRE SAUCE,,,,,,,,,Worcestershire Sauce,Paste,UNRESOLVED,UNRESOLVED,Unknown,unresolved,0,0,0,TRUE,2026-04-07T09:21:17.880566+00:00
AMERICAN GARDEN YELLOW MUSTARD SQUEEZE,0,0,0,0,0,0,0,1.2,Mustard,Paste,UNRESOLVED,UNRESOLVED,Unknown,unresolved,0,0,0,TRUE,2026-04-07T09:21:17.880566+00:00
AMERICAN GOURMET BARBEQUE SAUCE,50,209.2,,13,11,,,0.34,Sauce,Paste,UNRESOLVED,UNRESOLVED,Unknown,unresolved,0,0,0,TRUE,2026-04-07T09:21:17.880566+00:00
AMERICAN GOURMET DIJON MUSTARD,149,623.416,7.2,3.2,2.7,11.5,,,Mustard,Paste,UNRESOLVED,UNRESOLVED,Unknown,unresolved,0,0,0,TRUE,2026-04-07T09:21:17.880566+00:00
AMERICAN GOURMET ITALIAN DRESS,283,1184.07,0,10,8,28,,1.642,Italian Dressing,Paste,UNRESOLVED,UNRESOLVED,Unknown,unresolved,0,0,0,TRUE,2026-04-07T09:21:17.880566+00:00
AMERICAN GOURMET MAYO,,,,,,,,,Mayonnaise,Paste,UNRESOLVED,UNRESOLVED,Unknown,unresolved,0,0,0,TRUE,2026-04-07T09:21:17.880566+00:00
AMERICAN GOURMET PANCAKE SYRUP,,,,,,,,,Pancake Syrup,Liquid,UNRESOLVED,UNRESOLVED,Unknown,unresolved,0,0,0,TRUE,2026-04-07T09:21:17.880566+00:00
AMERICAN GOURMET REGULAR MAYONNAISE,174,728,0.2,0,1.7,15.3,0.1,0.745,Mayonnaise,Paste,UNRESOLVED,UNRESOLVED,Unknown,unresolved,0,0,0,TRUE,2026-04-07T09:21:17.880566+00:00
AMERICAN GOURMET THOUSAN ISLAND,,,,,,,,,Salad Dressing,Paste,UNRESOLVED,UNRESOLVED,Unknown,unresolved,0,0,0,TRUE,2026-04-07T09:21:17.880566+00:00
AMIGOS CHEESE AND ONION POTATO CHIPS,533,2230.07,6,53,2,32,,1200,Potato Chips,Solid,UNRESOLVED,UNRESOLVED,Unknown,unresolved,0,0,0,TRUE,2026-04-07T09:21:17.880566+00:00
AMIGOS CHEESEONION CRISPS,,,,,,,,,Corn Chips,Solid,SWEET AND SAVOURY SNACKS,POTATO CRISPS,Ultra-processed foods,simulated_lookup_fuzzy,0.846,0.816,0.836,TRUE,2026-04-07T09:21:17.880566+00:00
AMIGOS CHILLI TWISTS PELLETS POTATO,149,623.416,2.3,18,1.3,7.7,1,0.184,Pellets Potato,Solid,UNRESOLVED,UNRESOLVED,Unknown,unresolved,0,0,0,TRUE,2026-04-07T09:21:17.880566+00:00
AMIGOS DESIGN CHILLI PELLETS CHIPS,342,1430,10,75,,0.2,,,Chips,Solid,UNRESOLVED,UNRESOLVED,Unknown,unresolved,0,0,0,TRUE,2026-04-07T09:21:17.880566+00:00
AMIGOS DESIGN SALTED PELLETS,1333.33,5578.67,0,266.667,0,0,0,0.166667,Potato Pellets,Solid,UNRESOLVED,UNRESOLVED,Unknown,unresolved,0,0,0,TRUE,2026-04-07T09:21:17.880566+00:00
AMIGOS DESIGN SALTED PELLETS CHIPS,554,2317,7,51.7,2.6,35.5,,0.51,Chips,Solid,UNRESOLVED,UNRESOLVED,Unknown,unresolved,0,0,0,TRUE,2026-04-07T09:21:17.880566+00:00
AMIGOS FRIED CASHEW NUTS,621,2566,17,30,4.9,48,3.2,0.26,Fried Cashew Nuts,Solid,UNRESOLVED,UNRESOLVED,Unknown,unresolved,0,0,0,TRUE,2026-04-07T09:21:17.880566+00:00
AMIGOS FRIED PEANUTS,,,,,,,,,,,SALTED/SUGARED NUTS,SALTED PEANUTS,Processed foods,simulated_lookup_fuzzy,0.85,0.82,0.84,FALSE,2026-04-07T09:21:17.880566+00:00
AMIGOS GATHIA NUTS,519.7,2174.42,18.2,47.8,1.5,28.5,,,Gathia,Solid,SALTED/SUGARED NUTS,SALTED PEANUTS,Processed foods,unresolved,0,0,0,TRUE,2026-04-07T09:21:17.880566+00:00
AMIGOS INDIAN NUTS CHEVDA,512,5142,8,55.5,15,28.62,1.3,0.78,Chevda,Solid,SALTED/SUGARED NUTS,SALTED PEANUTS,Processed foods,unresolved,0,0,0,TRUE,2026-04-07T09:21:17.880566+00:00
AMIGOS MASALA PEANUTS,,,,,,,,,,,SALTED/SUGARED NUTS,SALTED PEANUTS,Processed foods,unresolved,0,0,0,TRUE,2026-04-07T09:21:17.880566+00:00
AMIGOS MATOKE CRISPS,,,,,,,,,Matoke Crisps,Solid,SWEET AND SAVOURY SNACKS,POTATO CRISPS,Ultra-processed foods,simulated_lookup_fuzzy,0.769,0.739,0.759,TRUE,2026-04-07T09:21:17.880566+00:00
AMIGOS NDUMA CHIPS,470,1966.48,7,60,4,20,,0.001,Chips,Solid,UNRESOLVED,UNRESOLVED,Unknown,unresolved,0,0,0,TRUE,2026-04-07T09:21:17.880566+00:00
AMIGOS NUTS CHEVDA,512,5142,8,55.5,15,28.62,1.3,0.78,Chevda,Solid,UNRESOLVED,UNRESOLVED,Unknown,unresolved,0,0,0,TRUE,2026-04-07T09:21:17.880566+00:00
AMIGOS PEANUT CHIKKI NUTS,,,,,,,,,,,UNRESOLVED,UNRESOLVED,Unknown,unresolved,0,0,0,TRUE,2026-04-07T09:21:17.880566+00:00
AMIGOS PREMIUM SUVADANA MOUTH FRESHENER,389,1627.58,2.2,84,62,5,8.06,0.0694,Mouth Freshener,Solid,UNRESOLVED,UNRESOLVED,Unknown,unresolved,0,0,0,TRUE,2026-04-07T09:21:17.880566+00:00
AMIGOS READY SALTED POTATO CHIPS,536.111,2243.09,5.55556,47.2222,,36.1111,,0.763889,Potato Chips,Solid,UNRESOLVED,UNRESOLVED,Unknown,unresolved,0,0,0,TRUE,2026-04-07T09:21:17.880566+00:00
AMIGOS RESDY SALTED POTATO CHIPS,536.111,2243.09,5.55556,47.2222,,36.1111,,0.763889,Potato Chips,Solid,UNRESOLVED,UNRESOLVED,Unknown,unresolved,0,0,0,TRUE,2026-04-07T09:21:17.880566+00:00
AMIGOS ROASTED CASHEWNUTS,157,657,5.2,8.6,,12,0.9,0.0034,Cashewnuts,Solid,SALTED/SUGARED NUTS,SALTED CASHEW NUTS,Processed foods,simulated_lookup_fuzzy,0.8,0.77,0.79,TRUE,2026-04-07T09:21:17.880566+00:00
AMIGOS ROASTED PEANUTS,,,,,,,,,,,SALTED/SUGARED NUTS,SALTED PEANUTS,Processed foods,simulated_lookup_fuzzy,0.864,0.834,0.854,FALSE,2026-04-07T09:21:17.880566+00:00
AMIGOS SALT AND VINEGAR POTATO CHIPS,490,2050.16,3.33333,56.6667,,23.3333,,,Potato Chips,Solid,WHOLE MILK,FRESH MILK,Unprocessed/Minimally processed foods,unresolved,0,0,0,TRUE,2026-04-07T09:21:17.880566+00:00
AMIGOS SALTED MATOKE CHIPS,519,2171.5,2,58,35,32,,0.006,Chips,Solid,WHOLE MILK,FRESH MILK,Unprocessed/Minimally processed foods,unresolved,0,0,0,TRUE,2026-04-07T09:21:17.880566+00:00
AMIGOS SIMSIM NUTS CHIKKI,110,509,8,2129.6,66.23,23.5,,,Chikki,Solid,ENERGY DRINKS,ENERGY DRINKS,Ultra-processed foods,unresolved,0,0,0,TRUE,2026-04-07T09:21:17.880566+00:00
AMIGOS SUVADANA MOUTH FRESHENER,389,1627.58,2.2,84,62,5,8.06,0.0694,Mouth Freshener,Solid,ENERGY DRINKS,ENERGY DRINKS,Ultra-processed foods,unresolved,0,0,0,TRUE,2026-04-07T09:21:17.880566+00:00
ANDREA MILANO BALSAMIC VINEGAR,,,,,,,,,,,ENERGY DRINKS,ENERGY DRINKS,Ultra-processed foods,unresolved,0,0,0,TRUE,2026-04-07T09:21:17.880566+00:00
ANDREA MILANO RED WINE VINEGAR,,,,,,,,,,,FRUIT DRINKS/SWEETENED JUICES & BOTTLED TEAS,FRUIT DRINKS/SWEETENED JUICE,Ultra-processed foods,unresolved,0,0,0,TRUE,2026-04-07T09:21:17.880566+00:00
ANDREA MILANO WHITE WINE VINEGAR,,,,,,,,,,,FRUIT DRINKS/SWEETENED JUICES & BOTTLED TEAS,FRUIT DRINKS/SWEETENED JUICE,Ultra-processed foods,unresolved,0,0,0,TRUE,2026-04-07T09:21:17.880566+00:00
ANGEL INSTANT DRY YEAST,,,,,,,,,,,FRUIT DRINKS/SWEETENED JUICES & BOTTLED TEAS,FRUIT DRINKS/SWEETENED JUICE,Ultra-processed foods,unresolved,0,0,0,TRUE,2026-04-07T09:21:17.880566+00:00
ANGEL INSTANT DRY YEAST 2 IN,,,,,,,,,,,FRUIT DRINKS/SWEETENED JUICES & BOTTLED TEAS,FRUIT DRINKS/SWEETENED JUICE,Ultra-processed foods,unresolved,0,0,0,TRUE,2026-04-07T09:21:17.880566+00:00
ANGEL INSTANT DRY YEAST10GX25,,,,,,,,,,,FRUIT DRINKS/SWEETENED JUICES & BOTTLED TEAS,FRUIT DRINKS/SWEETENED JUICE,Ultra-processed foods,unresolved,0,0,0,TRUE,2026-04-07T09:21:17.880566+00:00
AQUACLEAR PURIFIED DRINKING WATER,0,0,,,,,,0.025,Drinking Water,Liquid,FRUIT DRINKS/SWEETENED JUICES & BOTTLED TEAS,FRUIT DRINKS/SWEETENED JUICE,Ultra-processed foods,unresolved,0,0,0,TRUE,2026-04-07T09:21:17.880566+00:00
AQUAMIST APPLE FLAVOURED WATER,1.4,75.312,,4,,,,14.62,Mineral Water,Liquid,FRUIT DRINKS/SWEETENED JUICES & BOTTLED TEAS,FRUIT DRINKS/SWEETENED JUICE,Ultra-processed foods,unresolved,0,0,0,TRUE,2026-04-07T09:21:17.880566+00:00
AQUAMIST LEMON FLAVOURED WATER,1.4,669.44,,9,,,,14.62,Mineral Water,Liquid,FRUIT DRINKS/SWEETENED JUICES & BOTTLED TEAS,FRUIT DRINKS/SWEETENED JUICE,Ultra-processed foods,unresolved,0,0,0,TRUE,2026-04-07T09:21:17.880566+00:00
AQUAMIST MANGO FLAVOURED WATER,1.4,150.624,,,,,,14.62,Mineral Water,Liquid,FRUIT DRINKS/SWEETENED JUICES & BOTTLED TEAS,FRUIT DRINKS/SWEETENED JUICE,Ultra-processed foods,unresolved,0,0,0,TRUE,2026-04-07T09:21:17.880566+00:00
AQUAMIST MINERAL WATER,0,0,,,,,,14.62,Mineral Water,Liquid,FRUIT DRINKS/SWEETENED JUICES & BOTTLED TEAS,FRUIT DRINKS/SWEETENED JUICE,Ultra-processed foods,simulated_lookup_exact,0.99,0.99,0.99,FALSE,2026-04-07T09:21:17.880566+00:00
AQUAMIST MINERAL WATER DISPOSABLE,,,,,,,,,Mineral Water,Liquid,FRUIT DRINKS/SWEETENED JUICES & BOTTLED TEAS,FRUIT DRINKS/SWEETENED JUICE,Ultra-processed foods,simulated_lookup_fuzzy,0.8,0.77,0.79,TRUE,2026-04-07T09:21:17.880566+00:00
AQUAMIST ORANGE FRUTZ DRINK,,,,,,,,,Fruit Drink,Liquid,FRUIT DRINKS/SWEETENED JUICES & BOTTLED TEAS,FRUIT DRINKS/SWEETENED JUICE,Ultra-processed foods,simulated_lookup_fuzzy,0.769,0.739,0.759,TRUE,2026-04-07T09:21:17.880566+00:00
AQUAMIST PINEAPPLE FLAVOURED WATER,1.4,4.184,,,,,,14.62,Mineral Water,Liquid,ENERGY DRINKS,ENERGY DRINKS,Ultra-processed foods,unresolved,0,0,0,TRUE,2026-04-07T09:21:17.880566+00:00
AQUAMIST PINEAPPLE FRUTZ DRINK,48,272,0.1,12,15,0.1,0.5,10.2,Mango Juice,Liquid,WHEAT FLOUR,WHEAT FLOUR - ATTA,Unprocessed/Minimally processed foods,unresolved,0,0,0,TRUE,2026-04-07T09:21:17.880566+00:00
AQUAMIST SPARKLING WATER,0,0,,,,,,14.62,Sparkling Water,Liquid,WATER,MINERAL WATER,Unprocessed/Minimally processed foods,simulated_lookup_fuzzy,0.84,0.81,0.83,TRUE,2026-04-07T09:21:17.880566+00:00
ARBORIO RICE,,,,,,,,,,,CEREAL GRAINS,PARBOILED RICE,Unprocessed/Minimally processed foods,simulated_lookup_fuzzy,0.769,0.739,0.759,TRUE,2026-04-07T09:21:17.880566+00:00
ARGUS GREEN GRAMS,,,,,,,,,,,WHOLE MILK,FRESH MILK,Unprocessed/Minimally processed foods,unresolved,0,0,0,TRUE,2026-04-07T09:21:17.880566+00:00
ARGUS GREEN GRAMS 25OGMS,,,,,,,,,,,WHOLE MILK,FRESH MILK,Unprocessed/Minimally processed foods,unresolved,0,0,0,TRUE,2026-04-07T09:21:17.880566+00:00
ARGUS POPCORN IMPORTED,,,,,,,,,,,ENERGY DRINKS,ENERGY DRINKS,Ultra-processed foods,unresolved,0,0,0,TRUE,2026-04-07T09:21:17.880566+00:00
ARIZONA MUCHO MANGO F JUIC CCT 500M,,,,,,,,,,,ENERGY DRINKS,ENERGY DRINKS,Ultra-processed foods,unresolved,0,0,0,TRUE,2026-04-07T09:21:17.880566+00:00
ARPO BLENDED SESAME OIL,,,,,,,,,,,ENERGY DRINKS,ENERGY DRINKS,Ultra-processed foods,unresolved,0,0,0,TRUE,2026-04-07T09:21:17.880566+00:00
ARPO FISH SAUCE,,,,,,,,,,,FRUIT DRINKS/SWEETENED JUICES & BOTTLED TEAS,FRUIT DRINKS/SWEETENED JUICE,Ultra-processed foods,unresolved,0,0,0,TRUE,2026-04-07T09:21:17.880566+00:00
ARPO SUPERIOR DARK SOYSAUCE,,,,,,,,,,,FRUIT DRINKS/SWEETENED JUICES & BOTTLED TEAS,FRUIT DRINKS/SWEETENED JUICE,Ultra-processed foods,simulated_lookup_fuzzy,0.889,0.859,0.879,FALSE,2026-04-07T09:21:17.880566+00:00
ARPO SUPERIOR LIGHT SOY SAUCE,,,,,,,,,,,FRUIT DRINKS/SWEETENED JUICES & BOTTLED TEAS,FRUIT DRINKS/SWEETENED JUICE,Ultra-processed foods,simulated_lookup_fuzzy,0.912,0.882,0.902,FALSE,2026-04-07T09:21:17.880566+00:00
ARPO SUPERIORLIGHT SOYSAUCE,,,,,,,,,,,FRUIT DRINKS/SWEETENED JUICES & BOTTLED TEAS,FRUIT DRINKS/SWEETENED JUICE,Ultra-processed foods,simulated_lookup_fuzzy,0.873,0.843,0.863,FALSE,2026-04-07T09:21:17.880566+00:00
ARPO SWEET CHILLI SAUCE,,,,,,,,,,,FRUIT DRINKS/SWEETENED JUICES & BOTTLED TEAS,FRUIT DRINKS/SWEETENED JUICE,Ultra-processed foods,unresolved,0,0,0,TRUE,2026-04-07T09:21:17.880566+00:00
ARPO WHITE RICE VINEGAR,,,,,,,,,,,FRUIT DRINKS/SWEETENED JUICES & BOTTLED TEAS,FRUIT DRINKS/SWEETENED JUICE,Ultra-processed foods,unresolved,0,0,0,TRUE,2026-04-07T09:21:17.880566+00:00
ARYUVA DOUBLE CONCENTRATED TOMATO PASTE,18.5,10.9,106,100,1.18,0.25,,,Food,,FRUIT DRINKS/SWEETENED JUICES & BOTTLED TEAS,FRUIT DRINKS/SWEETENED JUICE,Ultra-processed foods,unresolved,0,0,0,TRUE,2026-04-07T09:21:17.880566+00:00
ARYUVA PREMIUM DARK SOY SAUCE,36,150.62,7,26,22,0,0,7.8,Soy Sauce,Liquid,FRUIT DRINKS/SWEETENED JUICES & BOTTLED TEAS,FRUIT DRINKS/SWEETENED JUICE,Ultra-processed foods,unresolved,0,0,0,TRUE,2026-04-07T09:21:17.880566+00:00
ARYUVA PREMIUM LIGHT SOY SAUCE,54,225.93,1,11,9,0,0,6.026,Sauce,Paste,FRUIT DRINKS/SWEETENED JUICES & BOTTLED TEAS,FRUIT DRINKS/SWEETENED JUICE,Ultra-processed foods,unresolved,0,0,0,TRUE,2026-04-07T09:21:17.880566+00:00
ARYUVA TOMATO PASTE,,,,,,,,,,,FRUIT DRINKS/SWEETENED JUICES & BOTTLED TEAS,FRUIT DRINKS/SWEETENED JUICE,Ultra-processed foods,simulated_lookup_fuzzy,0.778,0.748,0.768,TRUE,2026-04-07T09:21:17.880566+00:00
ASANTA GREEN GRAM POLISHED,,,,,,,,,,,FRUIT DRINKS/SWEETENED JUICES & BOTTLED TEAS,FRUIT DRINKS/SWEETENED JUICE,Ultra-processed foods,simulated_lookup_fuzzy,0.824,0.794,0.814,TRUE,2026-04-07T09:21:17.880566+00:00
ASANTA GREEN LENTILS,116,485.34,20,50,0,0.4,8,0.002,Green Lentils,Solid,FRUIT DRINKS/SWEETENED JUICES & BOTTLED TEAS,FRUIT DRINKS/SWEETENED JUICE,Ultra-processed foods,unresolved,0,0,0,TRUE,2026-04-07T09:21:17.880566+00:00
ASANTA POPCORN SEEDS,382,1598.29,12,78,0,4,15,0.004,Popcorn Seeds,Solid,ENERGY DRINKS,ENERGY DRINKS,Ultra-processed foods,unresolved,0,0,0,TRUE,2026-04-07T09:21:17.880566+00:00
ASANTA RICE BLENDED,,,,,,,,,,,WHEAT FLOUR,WHEAT FLOUR - ATTA,Unprocessed/Minimally processed foods,unresolved,0,0,0,TRUE,2026-04-07T09:21:17.880566+00:00
ASANTA RICE LONG GRAIN,,,,,,,,,,,WHOLE MILK,FRESH MILK,Unprocessed/Minimally processed foods,simulated_lookup_fuzzy,0.811,0.781,0.801,TRUE,2026-04-07T09:21:17.880566+00:00
ASANTA YELLOW BEANS,340,1422.56,14,68,0,2,16,0.04,Yellow Beans,Solid,WHOLE MILK,FRESH MILK,Unprocessed/Minimally processed foods,unresolved,0,0,0,TRUE,2026-04-07T09:21:17.880566+00:00
ASKEYS TREAT STRAWBERRY,316,1343,0,79,75,0,,,,,ENERGY DRINKS,ENERGY DRINKS,Ultra-processed foods,unresolved,0,0,0,TRUE,2026-04-07T09:21:17.880566+00:00
ASKEYS TREAT TOFFEE,331,1404,1.4,77,73,2,,,,,ENERGY DRINKS,ENERGY DRINKS,Ultra-processed foods,unresolved,0,0,0,TRUE,2026-04-07T09:21:17.880566+00:00
ATKINS & POTTS DILL MUSTARD SAUCE,485,2000,1.8,11.9,11.5,47.2,0.9,,,,ENERGY DRINKS,ENERGY DRINKS,Ultra-processed foods,unresolved,0,0,0,TRUE,2026-04-07T09:21:17.880566+00:00
ATKINS & POTTS RANCH DRESSING,,,,,,,,,,,FRUIT DRINKS/SWEETENED JUICES & BOTTLED TEAS,FRUIT DRINKS/SWEETENED JUICE,Ultra-processed foods,unresolved,0,0,0,TRUE,2026-04-07T09:21:17.880566+00:00
ATKINS & POTTS RED ONION & JALAPENO RELISH,211,893,1.2,45.2,43.1,2.2,1.4,,,,FRUIT DRINKS/SWEETENED JUICES & BOTTLED TEAS,FRUIT DRINKS/SWEETENED JUICE,Ultra-processed foods,unresolved,0,0,0,TRUE,2026-04-07T09:21:17.880566+00:00
ATKINS & POTTS SEA FOOD SAUCE LEMON & DILL,650,2675,2.1,4.1,3.6,69,,,,,FRUIT DRINKS/SWEETENED JUICES & BOTTLED TEAS,FRUIT DRINKS/SWEETENED JUICE,Ultra-processed foods,unresolved,0,0,0,TRUE,2026-04-07T09:21:17.880566+00:00
ATKINS & POTTS TARTARE SAUCE,492,2024,2.4,3.6,2.7,52,1,,,,FRUIT DRINKS/SWEETENED JUICES & BOTTLED TEAS,FRUIT DRINKS/SWEETENED JUICE,Ultra-processed foods,unresolved,0,0,0,TRUE,2026-04-07T09:21:17.880566+00:00
ATKINS & POTTS TOASTED GARLIC MAYONNAISE,678,2793,2.7,6.2,2.1,71.1,0.8,,,,FRUIT DRINKS/SWEETENED JUICES & BOTTLED TEAS,FRUIT DRINKS/SWEETENED JUICE,Ultra-processed foods,unresolved,0,0,0,TRUE,2026-04-07T09:21:17.880566+00:00
ATKINS & POTTS WASABI & LIME DRESING,458,1892,1.5,11.2,8.8,45,1,,,,FRUIT DRINKS/SWEETENED JUICES & BOTTLED TEAS,FRUIT DRINKS/SWEETENED JUICE,Ultra-processed foods,unresolved,0,0,0,TRUE,2026-04-07T09:21:17.880566+00:00
ATKINS & POTTS WASABI MAYONNAISE,598,2464,2.9,5.1,2.8,62.7,1,,,,FRUIT DRINKS/SWEETENED JUICES & BOTTLED TEAS,FRUIT DRINKS/SWEETENED JUICE,Ultra-processed foods,unresolved,0,0,0,TRUE,2026-04-07T09:21:17.880566+00:00
ATKINS& POTTS SALSA DIP,53,239,1.6,9.2,7.2,1.1,1.5,,,,FRUIT DRINKS/SWEETENED JUICES & BOTTLED TEAS,FRUIT DRINKS/SWEETENED JUICE,Ultra-processed foods,unresolved,0,0,0,TRUE,2026-04-07T09:21:17.880566+00:00
AVENA VEGETABLE OIL,878,3673.55,,1.72,,97.54,,,Vegetable Oil,Liquid,FRUIT DRINKS/SWEETENED JUICES & BOTTLED TEAS,FRUIT DRINKS/SWEETENED JUICE,Ultra-processed foods,simulated_lookup_fuzzy,0.812,0.782,0.802,TRUE,2026-04-07T09:21:17.880566+00:00
AYAM THAI YELLOW CURRY SAUCE,,,,,,,,,,,FRUIT DRINKS/SWEETENED JUICES & BOTTLED TEAS,FRUIT DRINKS/SWEETENED JUICE,Ultra-processed foods,unresolved,0,0,0,TRUE,2026-04-07T09:21:17.880566+00:00
AZAAVI MATOKE CHILI CRISPS,,,,,,,,,,,FRUIT DRINKS/SWEETENED JUICES & BOTTLED TEAS,FRUIT DRINKS/SWEETENED JUICE,Ultra-processed foods,unresolved,0,0,0,TRUE,2026-04-07T09:21:17.880566+00:00
AZAM APPLE PUNCH SPARKLING DRINK,110,460.24,14,2,,5,,0.447,Sparkling Drink,Liquid,FRUIT DRINKS/SWEETENED JUICES & BOTTLED TEAS,FRUIT DRINKS/SWEETENED JUICE,Ultra-processed foods,unresolved,0,0,0,TRUE,2026-04-07T09:21:17.880566+00:00
AZAM CARBONATED ENERGY DRINK,49,205,0.5,11,11,0.1,,,Energy Drink,Liquid,ENERGY DRINKS,ENERGY DRINKS,Ultra-processed foods,simulated_lookup_fuzzy,0.756,0.726,0.746,TRUE,2026-04-07T09:21:17.880566+00:00
AZAM MALTI COFFEE MOCHA DARK MALT DRINK,,,,,,,,,Malt Drink,Liquid,WHEAT FLOUR,WHEAT FLOUR - ATTA,Unprocessed/Minimally processed foods,unresolved,0,0,0,TRUE,2026-04-07T09:21:17.880566+00:00
AZAM MALTI DRINK COFFEE,18,84,0,4,0,0,0,0.005,Malti Drink,Liquid,UNRESOLVED,UNRESOLVED,Unknown,unresolved,0,0,0,TRUE,2026-04-07T09:21:17.880566+00:00
AZAM UKWAJU TAMARIND FRUIT JUICE DRINK,56,234.304,,14,13,,,0.02,Juice Drink,Liquid,FRUIT DRINKS/SWEETENED JUICES & BOTTLED TEAS,FRUIT DRINKS/SWEETENED JUICE,Ultra-processed foods,simulated_lookup_fuzzy,0.738,0.708,0.728,TRUE,2026-04-07T09:21:17.880566+00:00
BAHARI FRY VEGETABLE OIL,884,3569,,,,100,,,Vegetable Oil,Liquid,COOKING OIL,VEGETABLE OIL,Processed Culinary Ingredients,simulated_lookup_fuzzy,0.8,0.77,0.79,TRUE,2026-04-07T09:21:17.880566+00:00
BAILI BREAD CRUMBS,385,1614,12,72.9,4.6,4.6,,0.472,Bread Crumbs,Solid,WHOLE MILK,FRESH MILK,Unprocessed/Minimally processed foods,unresolved,0,0,0,TRUE,2026-04-07T09:21:17.880566+00:00
BAKALLAND BA COCOA AND MILK KID CEREAL BAR,1100,4606.22,13.2432,197.297,16.7568,21.6216,13.7838,,Cereal Bar,Solid,WHOLE MILK,FRESH MILK,Unprocessed/Minimally processed foods,unresolved,0,0,0,TRUE,2026-04-07T09:21:17.880566+00:00
BAKE KING PREMIUM LIGHT JAGGERY,383,1602.47,0.4,97,,0.1,0.6,,Jaggery,Solid,ENERGY DRINKS,ENERGY DRINKS,Ultra-processed foods,unresolved,0,0,0,TRUE,2026-04-07T09:21:17.880566+00:00
BAKE ROLZ CHILI LEMON SNACK,,,,,,,,,,,ENERGY DRINKS,ENERGY DRINKS,Ultra-processed foods,unresolved,0,0,0,TRUE,2026-04-07T09:21:17.880566+00:00
BAKE ROLZ KETCHUP SNACK,,,,,,,,,,,ENERGY DRINKS,ENERGY DRINKS,Ultra-processed foods,unresolved,0,0,0,TRUE,2026-04-07T09:21:17.880566+00:00
BAKE ROLZ MIX CHEESE SNACK,,,,,,,,,,,FRUIT DRINKS/SWEETENED JUICES & BOTTLED TEAS,FRUIT DRINKS/SWEETENED JUICE,Ultra-processed foods,unresolved,0,0,0,TRUE,2026-04-07T09:21:17.880566+00:00
BAKE ROLZ OLIVE SNACK,,,,,,,,,,,FRUIT DRINKS/SWEETENED JUICES & BOTTLED TEAS,FRUIT DRINKS/SWEETENED JUICE,Ultra-processed foods,unresolved,0,0,0,TRUE,2026-04-07T09:21:17.880566+00:00
BAKE ROLZ PIZZA SNACK,,,,,,,,,,,FRUIT DRINKS/SWEETENED JUICES & BOTTLED TEAS,FRUIT DRINKS/SWEETENED JUICE,Ultra-processed foods,unresolved,0,0,0,TRUE,2026-04-07T09:21:17.880566+00:00
BAKE ROLZ SALT VINEGAR SNACK,,,,,,,,,,,FRUIT DRINKS/SWEETENED JUICES & BOTTLED TEAS,FRUIT DRINKS/SWEETENED JUICE,Ultra-processed foods,unresolved,0,0,0,TRUE,2026-04-07T09:21:17.880566+00:00
BAKE ROLZ SPICY CHEESE SNACK,,,,,,,,,,,FRUIT DRINKS/SWEETENED JUICES & BOTTLED TEAS,FRUIT DRINKS/SWEETENED JUICE,Ultra-processed foods,unresolved,0,0,0,TRUE,2026-04-07T09:21:17.880566+00:00
BAKE ROLZ SPICY KEBAB SNACK,,,,,,,,,,,FRUIT DRINKS/SWEETENED JUICES & BOTTLED TEAS,FRUIT DRINKS/SWEETENED JUICE,Ultra-processed foods,unresolved,0,0,0,TRUE,2026-04-07T09:21:17.880566+00:00
BAKE ROLZ SWEET CHILI SNACK,,,,,,,,,,,FRUIT DRINKS/SWEETENED JUICES & BOTTLED TEAS,FRUIT DRINKS/SWEETENED JUICE,Ultra-processed foods,unresolved,0,0,0,TRUE,2026-04-07T09:21:17.880566+00:00
BAKERS BLUE LABEL MARIE BISCUITS,423,1772,8.3,74,21.7,9.5,1.7,0.377,Biscuits,Solid,FRUIT DRINKS/SWEETENED JUICES & BOTTLED TEAS,FRUIT DRINKS/SWEETENED JUICE,Ultra-processed foods,unresolved,0,0,0,TRUE,2026-04-07T09:21:17.880566+00:00
BAKERS CHOCOLATE-O-BREAK BISCUITS,,,,,,,,,,,FRUIT DRINKS/SWEETENED JUICES & BOTTLED TEAS,FRUIT DRINKS/SWEETENED JUICE,Ultra-processed foods,unresolved,0,0,0,TRUE,2026-04-07T09:21:17.880566+00:00
BAKERS CLASSIC ROMANY CREAMS CHOCOLATE BISCUITS,481,2012,7.6,64,33.8,21.3,2.2,0.466,Biscuits,Solid,FRUIT DRINKS/SWEETENED JUICES & BOTTLED TEAS,FRUIT DRINKS/SWEETENED JUICE,Ultra-processed foods,unresolved,0,0,0,TRUE,2026-04-07T09:21:17.880566+00:00
BAKERS EET SUM MOR SHORTBREAD BISCUITS,525.926,2200.47,3.7037,55.5556,11.1111,29.6296,,0.511111,Biscuits,Solid,FRUIT DRINKS/SWEETENED JUICES & BOTTLED TEAS,FRUIT DRINKS/SWEETENED JUICE,Ultra-processed foods,unresolved,0,0,0,TRUE,2026-04-07T09:21:17.880566+00:00
BAKERS ORIGINAL ROMANY CREAMS MINT CHOCOLATE COCONUT BISCUITS,499,2089,5.5,,29.5,25.6,5,0.479,Biscuits,Solid,FRUIT DRINKS/SWEETENED JUICES & BOTTLED TEAS,FRUIT DRINKS/SWEETENED JUICE,Ultra-processed foods,unresolved,0,0,0,TRUE,2026-04-07T09:21:17.880566+00:00
BAKERS ORIGINAL TOPPER VANILLA CREAM BISCUITS,,,,,,,,,Biscuits,Solid,ENERGY DRINKS,ENERGY DRINKS,Ultra-processed foods,unresolved,0,0,0,TRUE,2026-04-07T09:21:17.880566+00:00
BAKERS TENNIS DOUBLE BISCUITS CREAM,,,,,,,,,,,WHEAT FLOUR,WHEAT FLOUR - ATTA,Unprocessed/Minimally processed foods,unresolved,0,0,0,TRUE,2026-04-07T09:21:17.880566+00:00
BAKEX BROWN BREAD FLOUR,,,,,,,,,,Powder,WHEAT FLOUR,WHEAT FLOUR,Unprocessed/Minimally processed foods,simulated_lookup_fuzzy,0.909,0.879,0.899,FALSE,2026-04-07T09:21:17.880566+00:00
BAKEX SEMOLINA (SOOJI/RAAVA),,,,,,,,,,Powder,UNRESOLVED,UNRESOLVED,Unknown,unresolved,0,0,0,TRUE,2026-04-07T09:21:17.880566+00:00
BAKEX WHITE BREAD FLOUR,,,,,,,,,,Powder,WHEAT FLOUR,WHEAT FLOUR,Unprocessed/Minimally processed foods,simulated_lookup_fuzzy,0.727,0.697,0.717,TRUE,2026-04-07T09:21:17.880566+00:00
BALLON CHICLE BUBBLE GUM,,,,,,,,,Bubble Gum,Solid,WHOLE MILK,FRESH MILK,Unprocessed/Minimally processed foods,unresolved,0,0,0,TRUE,2026-04-07T09:21:17.880566+00:00
BARILLA ANGEL HAIR NO 1 PASTA,364,1522.98,12.6,70.9,3.5,2,3,0.005,Pasta,Solid,WHOLE MILK,FRESH MILK,Unprocessed/Minimally processed foods,unresolved,0,0,0,TRUE,2026-04-07T09:21:17.880566+00:00
BARILLA CHIFFERI ELBOWS PASTA,364,1522.98,12.6,70.9,3.5,2,3,0.005,Pasta,Solid,ENERGY DRINKS,ENERGY DRINKS,Ultra-processed foods,unresolved,0,0,0,TRUE,2026-04-07T09:21:17.880566+00:00
BARILLA CHILLI PEPPER ARRABBIATA SAUCE,70,292.8,1,7,,3,,,Sauce,Paste,ENERGY DRINKS,ENERGY DRINKS,Ultra-processed foods,unresolved,0,0,0,TRUE,2026-04-07T09:21:17.880566+00:00
BARILLA COLLEZIONE TAGLIATELLE PASTA,359,1502.06,12,71,,2,,,Pasta,Solid,ENERGY DRINKS,ENERGY DRINKS,Ultra-processed foods,unresolved,0,0,0,TRUE,2026-04-07T09:21:17.880566+00:00
BARILLA FETTUCCINE PASTA,359,1502.06,12,71,,2,,0.013,Pasta,Solid,FRUIT DRINKS/SWEETENED JUICES & BOTTLED TEAS,FRUIT DRINKS/SWEETENED JUICE,Ultra-processed foods,unresolved,0,0,0,TRUE,2026-04-07T09:21:17.880566+00:00
BARILLA LASAGNE NO 189 PASTA,142,594.128,4,10,,9,,,Pasta,Solid,FRUIT DRINKS/SWEETENED JUICES & BOTTLED TEAS,FRUIT DRINKS/SWEETENED JUICE,Ultra-processed foods,unresolved,0,0,0,TRUE,2026-04-07T09:21:17.880566+00:00
BARILLA LINGUINE NO 13 PASTA,364,1522.98,12.8,70.9,3.5,2,3,0.005,Pasta,Solid,FRUIT DRINKS/SWEETENED JUICES & BOTTLED TEAS,FRUIT DRINKS/SWEETENED JUICE,Ultra-processed foods,unresolved,0,0,0,TRUE,2026-04-07T09:21:17.880566+00:00
BARILLA N.3 SPAGHETTINI PASTA,364,1522.98,12.8,70.9,3.5,2,3,0.005,Spaghettini Pasta,Solid,FRUIT DRINKS/SWEETENED JUICES & BOTTLED TEAS,FRUIT DRINKS/SWEETENED JUICE,Ultra-processed foods,unresolved,0,0,0,TRUE,2026-04-07T09:21:17.880566+00:00
BARILLA N.5 SPAGHETTI PASTA,364,1522.98,12.8,70.9,3.5,2,3,0.005,Spaghetti Pasta,Solid,FRUIT DRINKS/SWEETENED JUICES & BOTTLED TEAS,FRUIT DRINKS/SWEETENED JUICE,Ultra-processed foods,unresolved,0,0,0,TRUE,2026-04-07T09:21:17.880566+00:00
BARILLA N65 FARFALLE DURUM WHEAT PASTA,359,1502.06,12,71,3,2,,,Pasta,Solid,FRUIT DRINKS/SWEETENED JUICES & BOTTLED TEAS,FRUIT DRINKS/SWEETENED JUICE,Ultra-processed foods,unresolved,0,0,0,TRUE,2026-04-07T09:21:17.880566+00:00
BARILLA RIGATE PENNE PASTA,364,1522.98,12.5,71.2,3.5,2,3,0.005,Pasta,Solid,FRUIT DRINKS/SWEETENED JUICES & BOTTLED TEAS,FRUIT DRINKS/SWEETENED JUICE,Ultra-processed foods,unresolved,0,0,0,TRUE,2026-04-07T09:21:17.880566+00:00
BARILLA SPAGHETTONI NO 7 PASTA,158,661.072,4,17,1,18,31,0.005,Pasta,Solid,FRUIT DRINKS/SWEETENED JUICES & BOTTLED TEAS,FRUIT DRINKS/SWEETENED JUICE,Ultra-processed foods,unresolved,0,0,0,TRUE,2026-04-07T09:21:17.880566+00:00
BARILLA SUGO OLIVE WITH ITALIAN TOMATOES SAUCE,77,322,1.9,6.2,4.8,4.5,2.1,,Sauce,Paste,FRUIT DRINKS/SWEETENED JUICES & BOTTLED TEAS,FRUIT DRINKS/SWEETENED JUICE,Ultra-processed foods,unresolved,0,0,0,TRUE,2026-04-07T09:21:17.880566+00:00
BAVARIA 0.0 APPLE NON ALCOHOLIC MALT DRINK,30,126,1,7.9,7.6,1,,,Malt Drink,Liquid,FRUIT DRINKS/SWEETENED JUICES & BOTTLED TEAS,FRUIT DRINKS/SWEETENED JUICE,Ultra-processed foods,unresolved,0,0,0,TRUE,2026-04-07T09:21:17.880566+00:00
BAVARIA 0.0 ORIGINAL NON ALCOHOLIC MALT DRINK,24,100.416,,5,3,,,0.002,Malt Drink,Liquid,FRUIT DRINKS/SWEETENED JUICES & BOTTLED TEAS,FRUIT DRINKS/SWEETENED JUICE,Ultra-processed foods,unresolved,0,0,0,TRUE,2026-04-07T09:21:17.880566+00:00
BAYARA CHILLI POWDER,435,1820,14,51,6,19,31,0.401,Chilli Powder,Powder,FRUIT DRINKS/SWEETENED JUICES & BOTTLED TEAS,FRUIT DRINKS/SWEETENED JUICE,Ultra-processed foods,unresolved,0,0,0,TRUE,2026-04-07T09:21:17.880566+00:00
BAYARA WHOLE GARAM MASALA,300,1252,10,70,,10,40,0.15,Garam Masala,Solid,ENERGY DRINKS,ENERGY DRINKS,Ultra-processed foods,unresolved,0,0,0,TRUE,2026-04-07T09:21:17.880566+00:00
BAZOOKA BIG BABY POP COLA AND RASPBERRY CANDY,121,506,0,30,29,0,0,,Candy,Solid,WHEAT FLOUR,WHEAT FLOUR - ATTA,Unprocessed/Minimally processed foods,unresolved,0,0,0,TRUE,2026-04-07T09:21:17.880566+00:00
BAZOOKA BIG BABY POP SOUR STRAWBERRY CANDY,383,1627,0.2,95.3,87,0.02,0.02,2.00E-05,Candy,Solid,WHOLE MILK,FRESH MILK,Unprocessed/Minimally processed foods,unresolved,0,0,0,TRUE,2026-04-07T09:21:17.880566+00:00
BAZOOKA BIG POP BLACKCURRANT,,,,,,,,,Candy,Solid,WHOLE MILK,FRESH MILK,Unprocessed/Minimally processed foods,unresolved,0,0,0,TRUE,2026-04-07T09:21:17.880566+00:00
BAZOOKA PUSH POP BLACKCURRANT,355.556,1487.64,5.55556,77.7778,55.5556,1.77778,,,Candy,Solid,ENERGY DRINKS,ENERGY DRINKS,Ultra-processed foods,unresolved,0,0,0,TRUE,2026-04-07T09:21:17.880566+00:00
BAZOOKA PUSH POP BLUE RASPBERRY AND COLA CANDY,1220,5104.67,0,100,64.6667,0,0,0.113333,Candy,Solid,ENERGY DRINKS,ENERGY DRINKS,Ultra-processed foods,unresolved,0,0,0,TRUE,2026-04-07T09:21:17.880566+00:00
BAZOOKA XTREME JUICY DROP CANDY,,,,,,,,,,,ENERGY DRINKS,ENERGY DRINKS,Ultra-processed foods,unresolved,0,0,0,TRUE,2026-04-07T09:21:17.880566+00:00
BEACON MAYNARDS FRUITY MINI ENERJELLY TEDDIES,,,,,,,,,Enerjelly Teddies,Solid,FRUIT DRINKS/SWEETENED JUICES & BOTTLED TEAS,FRUIT DRINKS/SWEETENED JUICE,Ultra-processed foods,unresolved,0,0,0,TRUE,2026-04-07T09:21:17.880566+00:00
BEAUIDEAL SHANGHAI WHITE VINEGAR,0,0,,,,,,,White Vinegar,Liquid,FRUIT DRINKS/SWEETENED JUICES & BOTTLED TEAS,FRUIT DRINKS/SWEETENED JUICE,Ultra-processed foods,unresolved,0,0,0,TRUE,2026-04-07T09:21:17.880566+00:00
BEBETO SPAGHETTI SOUR APPLE,,,,,,,,,,,FRUIT DRINKS/SWEETENED JUICES & BOTTLED TEAS,FRUIT DRINKS/SWEETENED JUICE,Ultra-processed foods,unresolved,0,0,0,TRUE,2026-04-07T09:21:17.880566+00:00
BEBETO STRAWBERRY LACES,380,1610,2.7,86,57,2.9,,,Laces,Solid,FRUIT DRINKS/SWEETENED JUICES & BOTTLED TEAS,FRUIT DRINKS/SWEETENED JUICE,Ultra-processed foods,unresolved,0,0,0,TRUE,2026-04-07T09:21:17.880566+00:00
BEBETO STRAWBERRY METERGUM,381,1594.1,2,88,0,2,0,0,Metergum,Solid,FRUIT DRINKS/SWEETENED JUICES & BOTTLED TEAS,FRUIT DRINKS/SWEETENED JUICE,Ultra-processed foods,unresolved,0,0,0,TRUE,2026-04-07T09:21:17.880566+00:00
BEECARE NATURALS CASHEW NUT BUTTER ROASTED SALTED,,,,,,,,,,,FRUIT DRINKS/SWEETENED JUICES & BOTTLED TEAS,FRUIT DRINKS/SWEETENED JUICE,Ultra-processed foods,unresolved,0,0,0,TRUE,2026-04-07T09:21:17.880566+00:00
BEECARE NATURALS CASHEW NUTS ROASTED AND SALTED,,,,,,,,,,,FRUIT DRINKS/SWEETENED JUICES & BOTTLED TEAS,FRUIT DRINKS/SWEETENED JUICE,Ultra-processed foods,unresolved,0,0,0,TRUE,2026-04-07T09:21:17.880566+00:00
BEECARE NATURALS CASHEW NUTS ROASTED AND SALTED CP,,,,,,,,,,,FRUIT DRINKS/SWEETENED JUICES & BOTTLED TEAS,FRUIT DRINKS/SWEETENED JUICE,Ultra-processed foods,unresolved,0,0,0,TRUE,2026-04-07T09:21:17.880566+00:00
BEECARE NATURALS ROASTED AND SALTED PEELED PEANUT CP,,,,,,,,,,,FRUIT DRINKS/SWEETENED JUICES & BOTTLED TEAS,FRUIT DRINKS/SWEETENED JUICE,Ultra-processed foods,unresolved,0,0,0,TRUE,2026-04-07T09:21:17.880566+00:00
BEECARE NATURALS ROASTED AND SALTED PEELED PEANUTS,,,,,,,,,,,FRUIT DRINKS/SWEETENED JUICES & BOTTLED TEAS,FRUIT DRINKS/SWEETENED JUICE,Ultra-processed foods,unresolved,0,0,0,TRUE,2026-04-07T09:21:17.880566+00:00
BERGEN 3 X CHOCO COOKIES,522.222,2183.33,5.55556,55.5556,33.3333,27.7778,0,0.5,Cookies,Solid,FRUIT DRINKS/SWEETENED JUICES & BOTTLED TEAS,FRUIT DRINKS/SWEETENED JUICE,Ultra-processed foods,unresolved,0,0,0,TRUE,2026-04-07T09:21:17.880566+00:00
BERGEN BROWNIE CHOCOLATE FUDGE COOKIES,450,1882.8,4.54545,63.6364,36.3636,18.1818,,,Cookies,Solid,FRUIT DRINKS/SWEETENED JUICES & BOTTLED TEAS,FRUIT DRINKS/SWEETENED JUICE,Ultra-processed foods,unresolved,0,0,0,TRUE,2026-04-07T09:21:17.880566+00:00
BERGEN CHOCO CHIP HAZELNUT COOK,504,2109,6,60,28,26.5,0,0,Cookies,Solid,ENERGY DRINKS,ENERGY DRINKS,Ultra-processed foods,unresolved,0,0,0,TRUE,2026-04-07T09:21:17.880566+00:00
BERGEN OAT WITH SESAME COOKIES,512,2142.21,5,62,37,26,3,0.24,Cookies,Solid,WHEAT FLOUR,WHEAT FLOUR - ATTA,Unprocessed/Minimally processed foods,unresolved,0,0,0,TRUE,2026-04-07T09:21:17.880566+00:00
BERGEN OBS CARAMEL&COCONUT COOK,469,1962,6,66,42,20,0,0.18,Biscuit,Solid,WHOLE MILK,FRESH MILK,Unprocessed/Minimally processed foods,unresolved,0,0,0,TRUE,2026-04-07T09:21:17.880566+00:00
BERGEN S/FREE HAZELNUT COOKIES,498,2084,8.2,62.2,3,23.5,0,0,Cookies,Solid,WHOLE MILK,FRESH MILK,Unprocessed/Minimally processed foods,unresolved,0,0,0,TRUE,2026-04-07T09:21:17.880566+00:00
BERGEN WHITE CHOCOLATE & CRANBERRY COOKIES,480,2008.32,4,64,44,24,2,0.24,Cookies,Solid,ENERGY DRINKS,ENERGY DRINKS,Ultra-processed foods,unresolved,0,0,0,TRUE,2026-04-07T09:21:17.880566+00:00
BERTOLLI FIVE CHEESE SAUCE,,,,,,,,,,,ENERGY DRINKS,ENERGY DRINKS,Ultra-processed foods,unresolved,0,0,0,TRUE,2026-04-07T09:21:17.880566+00:00
BERTOLLI FRESH GARLIC & HERBS,,,,,,,,,,,ENERGY DRINKS,ENERGY DRINKS,Ultra-processed foods,unresolved,0,0,0,TRUE,2026-04-07T09:21:17.880566+00:00
BERTOLLI GARLIC MARINARA,,,,,,,,,,,FRUIT DRINKS/SWEETENED JUICES & BOTTLED TEAS,FRUIT DRINKS/SWEETENED JUICE,Ultra-processed foods,unresolved,0,0,0,TRUE,2026-04-07T09:21:17.880566+00:00
BERTOLLI OLIVE OIL & GARLIC SAUCE,,,,,,,,,,,FRUIT DRINKS/SWEETENED JUICES & BOTTLED TEAS,FRUIT DRINKS/SWEETENED JUICE,Ultra-processed foods,unresolved,0,0,0,TRUE,2026-04-07T09:21:17.880566+00:00
BERTOLLI OLIVE OIL BASIL GARLIC,,,,,,,,,,,FRUIT DRINKS/SWEETENED JUICES & BOTTLED TEAS,FRUIT DRINKS/SWEETENED JUICE,Ultra-processed foods,unresolved,0,0,0,TRUE,2026-04-07T09:21:17.880566+00:00
BERTOLLI ORGANIC TOMATOBASIL,,,,,,,,,,,FRUIT DRINKS/SWEETENED JUICES & BOTTLED TEAS,FRUIT DRINKS/SWEETENED JUICE,Ultra-processed foods,unresolved,0,0,0,TRUE,2026-04-07T09:21:17.880566+00:00
BERTOLLI RUSTIC CUT MARINARA,,,,,,,,,,,FRUIT DRINKS/SWEETENED JUICES & BOTTLED TEAS,FRUIT DRINKS/SWEETENED JUICE,Ultra-processed foods,unresolved,0,0,0,TRUE,2026-04-07T09:21:17.880566+00:00
BERTOLLI RUSTIC CUT ROASTED GARLIC,,,,,,,,,,,FRUIT DRINKS/SWEETENED JUICES & BOTTLED TEAS,FRUIT DRINKS/SWEETENED JUICE,Ultra-processed foods,unresolved,0,0,0,TRUE,2026-04-07T09:21:17.880566+00:00
BERTOLLI RUSTIC CUT SWEET PEPPER WITH MUSHROOM,,,,,,,,,,,FRUIT DRINKS/SWEETENED JUICES & BOTTLED TEAS,FRUIT DRINKS/SWEETENED JUICE,Ultra-processed foods,unresolved,0,0,0,TRUE,2026-04-07T09:21:17.880566+00:00
BERTOLLI TOMATO & BASIL SAUCE,,,,,,,,,,,FRUIT DRINKS/SWEETENED JUICES & BOTTLED TEAS,FRUIT DRINKS/SWEETENED JUICE,Ultra-processed foods,unresolved,0,0,0,TRUE,2026-04-07T09:21:17.880566+00:00
BEST SALTED PEANUTS,,,,,,,,,,,FRUIT DRINKS/SWEETENED JUICES & BOTTLED TEAS,FRUIT DRINKS/SWEETENED JUICE,Ultra-processed foods,unresolved,0,0,0,TRUE,2026-04-07T09:21:17.880566+00:00
BETTY CROCKER BUTTER MILK PANCAKE MIX,375,1567,72,10,8.8,5.5,1.3,1.058,Pancake Mix,Powder,FRUIT DRINKS/SWEETENED JUICES & BOTTLED TEAS,FRUIT DRINKS/SWEETENED JUICE,Ultra-processed foods,unresolved,0,0,0,TRUE,2026-04-07T09:21:17.880566+00:00
BETTY CROCKER CHOCOLATE FUDGE BROWNIE MIX,409,1711.26,4.4,83.3,,5.7,3.4,,Fudge Brownie Mix,Powder,FRUIT DRINKS/SWEETENED JUICES & BOTTLED TEAS,FRUIT DRINKS/SWEETENED JUICE,Ultra-processed foods,unresolved,0,0,0,TRUE,2026-04-07T09:21:17.880566+00:00
BETTY CROCKER DARK CHOCOLATE FUDGE BROWNIE MIX,110,460.24,1,24,17,1.5,1,0.09,Brownie Mix,Powder,FRUIT DRINKS/SWEETENED JUICES & BOTTLED TEAS,FRUIT DRINKS/SWEETENED JUICE,Ultra-processed foods,unresolved,0,0,0,TRUE,2026-04-07T09:21:17.880566+00:00
BETTY CROCKER SUPER MOIST CHOCOLATE FUDGE CAKE MIX,160,669.44,2,35,17,1,1,0.38,Cake Mix,Powder,ENERGY DRINKS,ENERGY DRINKS,Ultra-processed foods,unresolved,0,0,0,TRUE,2026-04-07T09:21:17.880566+00:00
BETTY CROCKER SUPER MOIST DARK CHOCOLATE CAKE,396,1656.86,4.1,79,52,6.6,2.5,0.772,Cake,Solid,WHEAT FLOUR,WHEAT FLOUR - ATTA,Unprocessed/Minimally processed foods,unresolved,0,0,0,TRUE,2026-04-07T09:21:17.880566+00:00
BETTY CROCKER SUPER MOIST MILK CHOCOLATE CAKE,,,,,,,,,,,WHOLE MILK,FRESH MILK,Unprocessed/Minimally processed foods,unresolved,0,0,0,TRUE,2026-04-07T09:21:17.880566+00:00
BETTY CROCKER SUPER MOIST SUPREME VANILLA CAKE,396,1656.86,4.1,79,52,6.6,2.5,0.772,Cake,Solid,WHOLE MILK,FRESH MILK,Unprocessed/Minimally processed foods,unresolved,0,0,0,TRUE,2026-04-07T09:21:17.880566+00:00
BETTY CROCKER SUPER MOIST WHITE CAKE MIX,398,1665.23,3.3,77,47,8.1,1.2,0.647,Cake Mix,Powder,ENERGY DRINKS,ENERGY DRINKS,Ultra-processed foods,unresolved,0,0,0,TRUE,2026-04-07T09:21:17.880566+00:00
BETTY CROCKER WHIPPING CREAM MIX,505.714,2115.91,4.85714,71.4286,68.5714,22.5714,1.42857,0.0742857,Whipping Cream Mix,Cream,ENERGY DRINKS,ENERGY DRINKS,Ultra-processed foods,unresolved,0,0,0,TRUE,2026-04-07T09:21:17.880566+00:00
BHARTI BEN KENYAN CHEVDO FARARI,605.96,2535.32,2.285,48.67,5.4,49.17,1.058,0.0618,Chevdo,Solid,ENERGY DRINKS,ENERGY DRINKS,Ultra-processed foods,unresolved,0,0,0,TRUE,2026-04-07T09:21:17.880566+00:00
BIDCO CHIPSY PURE YELLOW VEGETABLE COOKING FAT,124,518.816,,,,14,,,Cooking Fat,Liquid,FRUIT DRINKS/SWEETENED JUICES & BOTTLED TEAS,FRUIT DRINKS/SWEETENED JUICE,Ultra-processed foods,unresolved,0,0,0,TRUE,2026-04-07T09:21:17.880566+00:00
BIDCO KIMBO COOKING VEGETABLE FAT,,,,,,,,,,,FRUIT DRINKS/SWEETENED JUICES & BOTTLED TEAS,FRUIT DRINKS/SWEETENED JUICE,Ultra-processed foods,unresolved,0,0,0,TRUE,2026-04-07T09:21:17.880566+00:00
BIG G ORIGINAL BUBBLE GUM 50 PIECES,,,,,,,,,Bubble Gum,Solid,FRUIT DRINKS/SWEETENED JUICES & BOTTLED TEAS,FRUIT DRINKS/SWEETENED JUICE,Ultra-processed foods,unresolved,0,0,0,TRUE,2026-04-07T09:21:17.880566+00:00
BIGG DADDY PARTY MIX LOLLIPOPS 50PC,,,,,,,,,Lollipop,Solid,FRUIT DRINKS/SWEETENED JUICES & BOTTLED TEAS,FRUIT DRINKS/SWEETENED JUICE,Ultra-processed foods,unresolved,0,0,0,TRUE,2026-04-07T09:21:17.880566+00:00
BIGG DADDY PASSION LOLLIPOPS50PCS,,,,,,,,,Lollipop,Solid,FRUIT DRINKS/SWEETENED JUICES & BOTTLED TEAS,FRUIT DRINKS/SWEETENED JUICE,Ultra-processed foods,unresolved,0,0,0,TRUE,2026-04-07T09:21:17.880566+00:00
BIP 3D DINO AND FRIEND STRAWBERRY LOLLIPOP,395,1680,0,98.8,68.5,0,0,,Lollipop,Solid,FRUIT DRINKS/SWEETENED JUICES & BOTTLED TEAS,FRUIT DRINKS/SWEETENED JUICE,Ultra-processed foods,unresolved,0,0,0,TRUE,2026-04-07T09:21:17.880566+00:00
BIP DINO FRIENDS LOLLY POP UP SWEET CANDY,83,,343,1,,,,,Food,,FRUIT DRINKS/SWEETENED JUICES & BOTTLED TEAS,FRUIT DRINKS/SWEETENED JUICE,Ultra-processed foods,unresolved,0,0,0,TRUE,2026-04-07T09:21:17.880566+00:00
BISCOLATA AMADA MILK CHOCOLATE BISCUIT STIX,483.1,1999.9,7.5,62.1,,22.2,2.1,,Stix,Solid,FRUIT DRINKS/SWEETENED JUICES & BOTTLED TEAS,FRUIT DRINKS/SWEETENED JUICE,Ultra-processed foods,unresolved,0,0,0,TRUE,2026-04-07T09:21:17.880566+00:00
BISCOLATA AMADA STIX HAZELNUT BISCUIT STICKS,538.2,2228.4,8.6,52.5,30.6,32,2.5,,Biscuit Sticks,Solid,FRUIT DRINKS/SWEETENED JUICES & BOTTLED TEAS,FRUIT DRINKS/SWEETENED JUICE,Ultra-processed foods,unresolved,0,0,0,TRUE,2026-04-07T09:21:17.880566+00:00
BISCOLATA COCONUT STIX BISCUITS,527.778,2208.22,8.33333,55.5556,30.5556,30.5556,5.55556,0.222222,Biscuits,Solid,FRUIT DRINKS/SWEETENED JUICES & BOTTLED TEAS,FRUIT DRINKS/SWEETENED JUICE,Ultra-processed foods,unresolved,0,0,0,TRUE,2026-04-07T09:21:17.880566+00:00
BISCOLATA DUOMAX MILKY CHOCOLATE COATED WAFER,557,2330,7.6,54.2,42.2,34.1,1.5,0.04,Wafer,Solid,FRUIT DRINKS/SWEETENED JUICES & BOTTLED TEAS,FRUIT DRINKS/SWEETENED JUICE,Ultra-processed foods,unresolved,0,0,0,TRUE,2026-04-07T09:21:17.880566+00:00
BISCOLATA MINIS DARK CHOCOLATE COVERED WAFERS,,,,,,,,,Wafer,Solid,FRUIT DRINKS/SWEETENED JUICES & BOTTLED TEAS,FRUIT DRINKS/SWEETENED JUICE,Ultra-processed foods,unresolved,0,0,0,TRUE,2026-04-07T09:21:17.880566+00:00
BISCOLATA MOOD CHOCOLATE CREAM FILLED COOKIES,527.7,2207,5.7,59.3,36.5,29.2,2.5,,Cookies,Solid,ENERGY DRINKS,ENERGY DRINKS,Ultra-processed foods,unresolved,0,0,0,TRUE,2026-04-07T09:21:17.880566+00:00
BISCOLATA MOOD NIGHT BITTER DARK CHOCOLATE COOKIES,496,2072,25,58.6,32.2,25,5.3,,Cookies,Solid,WHEAT FLOUR,WHEAT FLOUR - ATTA,Unprocessed/Minimally processed foods,unresolved,0,0,0,TRUE,2026-04-07T09:21:17.880566+00:00
BISCOLATA NIRVANA MINIS HAZELNUT CREAM MILKY WAFER,493,2062,7.4,60.5,30.4,23.5,3.3,,Milky Wafer,Solid,WHOLE MILK,FRESH MILK,Unprocessed/Minimally processed foods,unresolved,0,0,0,TRUE,2026-04-07T09:21:17.880566+00:00
BISCOLATA STIX CRISPY RICE,,,,,,,,,,,WHOLE MILK,FRESH MILK,Unprocessed/Minimally processed foods,unresolved,0,0,0,TRUE,2026-04-07T09:21:17.880566+00:00
BISCONNI CHOCOLATE CHIP COOKIES,84,351.456,1,9,2,4,2,0.038,Cookies,Solid,ENERGY DRINKS,ENERGY DRINKS,Ultra-processed foods,simulated_lookup_fuzzy,0.727,0.697,0.717,TRUE,2026-04-07T09:21:17.880566+00:00
BISCONNI CHOCOLATTO CENTER FILLED CHOCOLATE COOKIES,114,476.976,1,16,7,5.7,,0.02,Cookies,Solid,ENERGY DRINKS,ENERGY DRINKS,Ultra-processed foods,unresolved,0,0,0,TRUE,2026-04-07T09:21:17.880566+00:00
BISCONNI COCOMO CHOCOLATE FILLED BISCUITS,110,460,5,15,16,19,2,0.28,Biscuits,Solid,ENERGY DRINKS,ENERGY DRINKS,Ultra-processed foods,unresolved,0,0,0,TRUE,2026-04-07T09:21:17.880566+00:00
BISTO CHICKEN GRAVY GRANULES,,,,,,,,,,,FRUIT DRINKS/SWEETENED JUICES & BOTTLED TEAS,FRUIT DRINKS/SWEETENED JUICE,Ultra-processed foods,unresolved,0,0,0,TRUE,2026-04-07T09:21:17.880566+00:00
BLEND AFRICA ESPRESSO DARK ROAST COFFEE BEANS,63,263.59,7,9,,,,,Coffee Beans,Solid,FRUIT DRINKS/SWEETENED JUICES & BOTTLED TEAS,FRUIT DRINKS/SWEETENED JUICE,Ultra-processed foods,unresolved,0,0,0,TRUE,2026-04-07T09:21:17.880566+00:00
BLEND AFRICA ESPRESSO DARK ROAST GROUND COFFEE,1.01266,4.21941,0.126582,,,0.0421941,,0.00198312,Ground Coffee,Powder,FRUIT DRINKS/SWEETENED JUICES & BOTTLED TEAS,FRUIT DRINKS/SWEETENED JUICE,Ultra-processed foods,unresolved,0,0,0,TRUE,2026-04-07T09:21:17.880566+00:00
BLUE RIBAND,,,,,,,,,,,FRUIT DRINKS/SWEETENED JUICES & BOTTLED TEAS,FRUIT DRINKS/SWEETENED JUICE,Ultra-processed foods,simulated_lookup_fuzzy,0.9,0.87,0.89,FALSE,2026-04-07T09:21:17.880566+00:00
BLUE RIBAND MILK CHOCOLATE HAZELNUT WAFER,,,,,,,,,,,FRUIT DRINKS/SWEETENED JUICES & BOTTLED TEAS,FRUIT DRINKS/SWEETENED JUICE,Ultra-processed foods,unresolved,0,0,0,TRUE,2026-04-07T09:21:17.880566+00:00
BLUEBAND CHOCO SPREAD,,1965,1,35.2,35,35,1,0.2,Food,Solid,FRUIT DRINKS/SWEETENED JUICES & BOTTLED TEAS,FRUIT DRINKS/SWEETENED JUICE,Ultra-processed foods,unresolved,0,0,0,TRUE,2026-04-07T09:21:17.880566+00:00
BLUEBAND INSTANT PORRIDGE FLOUR,,,,,,,,,Porridge Flour,Solid,FRUIT DRINKS/SWEETENED JUICES & BOTTLED TEAS,FRUIT DRINKS/SWEETENED JUICE,Ultra-processed foods,unresolved,0,0,0,TRUE,2026-04-07T09:21:17.880566+00:00
BLUEBAND LOW FAT SPREAD FOR BREAD,190.727,798,,0,0,20,0,0.985,,Solid,FRUIT DRINKS/SWEETENED JUICES & BOTTLED TEAS,FRUIT DRINKS/SWEETENED JUICE,Ultra-processed foods,simulated_lookup_fuzzy,0.847,0.817,0.837,TRUE,2026-04-07T09:21:17.880566+00:00
BLUEBAND ORIGINAL SPREAD,,,,,,,,,Fat Spread,Solid,FRUIT DRINKS/SWEETENED JUICES & BOTTLED TEAS,FRUIT DRINKS/SWEETENED JUICE,Ultra-processed foods,unresolved,0,0,0,TRUE,2026-04-07T09:21:17.880566+00:00
BLUEBAND PEANUT BUTTER,610,2552.24,23,19,,49,,0.482,Peanut Butter,Solid,FRUIT DRINKS/SWEETENED JUICES & BOTTLED TEAS,FRUIT DRINKS/SWEETENED JUICE,Ultra-processed foods,simulated_lookup_fuzzy,0.846,0.816,0.836,TRUE,2026-04-07T09:21:17.880566+00:00
BOB'S RED MILL 7 GRAIN HOT CEREAL,150,627.6,5,30,0,1,6,,Cereal,Solid,FRUIT DRINKS/SWEETENED JUICES & BOTTLED TEAS,FRUIT DRINKS/SWEETENED JUICE,Ultra-processed foods,unresolved,0,0,0,TRUE,2026-04-07T09:21:17.880566+00:00
BOKOMO MUESLI AFRICAN BAKED GRANOLA,385,1614,9.8,60,19,11.9,7.7,0.496,Granola,Solid,FRUIT DRINKS/SWEETENED JUICES & BOTTLED TEAS,FRUIT DRINKS/SWEETENED JUICE,Ultra-processed foods,unresolved,0,0,0,TRUE,2026-04-07T09:21:17.880566+00:00
BOKOMO NATURE'S SOURCE MUESLI CRISPY CRUNCH CROCANTE BAKED GRANOLA,144,602.496,2.66667,21.3333,9.33333,4,4,0.109333,Granola,Solid,ENERGY DRINKS,ENERGY DRINKS,Ultra-processed foods,unresolved,0,0,0,TRUE,2026-04-07T09:21:17.880566+00:00
BOKOMO NATURE'S SOURCE MUESLI TROPICAL CLUSTER GRANOLA,415,1735,7.3,61,23.8,16,6,0.143,Granola,Solid,WHEAT FLOUR,WHEAT FLOUR - ATTA,Unprocessed/Minimally processed foods,unresolved,0,0,0,TRUE,2026-04-07T09:21:17.880566+00:00
BOKOMO TRADITIONAL OATS,385,1610,12.4,66,0,8.13,4,,Oats,Solid,WHOLE MILK,FRESH MILK,Unprocessed/Minimally processed foods,unresolved,0,0,0,TRUE,2026-04-07T09:21:17.880566+00:00
BOLCI CHRISTMAS SELECTION,,,,,,,,,,,WHOLE MILK,FRESH MILK,Unprocessed/Minimally processed foods,unresolved,0,0,0,TRUE,2026-04-07T09:21:17.880566+00:00
BOLCI FREEZE DRIED STRAWBERRY,,,,,,,,,,,ENERGY DRINKS,ENERGY DRINKS,Ultra-processed foods,unresolved,0,0,0,TRUE,2026-04-07T09:21:17.880566+00:00
BOLCI ROCHE MILK CHOCOLATE RAISIN & HAZELNUT,,,,,,,,,,,ENERGY DRINKS,ENERGY DRINKS,Ultra-processed foods,unresolved,0,0,0,TRUE,2026-04-07T09:21:17.880566+00:00
BOLCI STRAWBERRY IN MILK CHOCOLATE OLATE,,,,,,,,,,,ENERGY DRINKS,ENERGY DRINKS,Ultra-processed foods,unresolved,0,0,0,TRUE,2026-04-07T09:21:17.880566+00:00
BONDS MINT CANDY CANES,399,1668,0,98,80,0,,,Candy Canes,Solid,FRUIT DRINKS/SWEETENED JUICES & BOTTLED TEAS,FRUIT DRINKS/SWEETENED JUICE,Ultra-processed foods,unresolved,0,0,0,TRUE,2026-04-07T09:21:17.880566+00:00
BONRAW ORGANIC PANELA SUGAR,387,1645,1.1,94.7,85.3,0,,186,,,FRUIT DRINKS/SWEETENED JUICES & BOTTLED TEAS,FRUIT DRINKS/SWEETENED JUICE,Ultra-processed foods,unresolved,0,0,0,TRUE,2026-04-07T09:21:17.880566+00:00
BOOCH KOMBUCHA ELDER FLOWER,,,,,,,,,,,FRUIT DRINKS/SWEETENED JUICES & BOTTLED TEAS,FRUIT DRINKS/SWEETENED JUICE,Ultra-processed foods,unresolved,0,0,0,TRUE,2026-04-07T09:21:17.880566+00:00
BOOCH KOMBUCHA PASSION BAOBAB,23,98,1,5.6,5.3,0.5,,0.001,Soft Drink,Liquid,FRUIT DRINKS/SWEETENED JUICES & BOTTLED TEAS,FRUIT DRINKS/SWEETENED JUICE,Ultra-processed foods,unresolved,0,0,0,TRUE,2026-04-07T09:21:17.880566+00:00
BOOCH KOMBUCHA STRAWBERRY SOFT DRINK,45,188.28,,11,9,,,0.01,Soft Drink,Liquid,FRUIT DRINKS/SWEETENED JUICES & BOTTLED TEAS,FRUIT DRINKS/SWEETENED JUICE,Ultra-processed foods,unresolved,0,0,0,TRUE,2026-04-07T09:21:17.880566+00:00
BOOMBASTIC HAZELNUT WAFER,,,,,,,,,,,FRUIT DRINKS/SWEETENED JUICES & BOTTLED TEAS,FRUIT DRINKS/SWEETENED JUICE,Ultra-processed foods,unresolved,0,0,0,TRUE,2026-04-07T09:21:17.880566+00:00
BOOSTRIO TROPICAL SPORT DRINK 330M,19,80,,4.4,3.9,,,,,,FRUIT DRINKS/SWEETENED JUICES & BOTTLED TEAS,FRUIT DRINKS/SWEETENED JUICE,Ultra-processed foods,unresolved,0,0,0,TRUE,2026-04-07T09:21:17.880566+00:00
BORGES EXTRA VIRGIN OLIVE OIL,900,3765.6,,,,100,,,Olive Oil,Liquid,FRUIT DRINKS/SWEETENED JUICES & BOTTLED TEAS,FRUIT DRINKS/SWEETENED JUICE,Ultra-processed foods,unresolved,0,0,0,TRUE,2026-04-07T09:21:17.880566+00:00
BOUNTY COCONUT CHOCOLATE BAR,487,953,3.7,58.9,48.2,25.7,,,Chocolate Bar,Solid,FRUIT DRINKS/SWEETENED JUICES & BOTTLED TEAS,FRUIT DRINKS/SWEETENED JUICE,Ultra-processed foods,unresolved,0,0,0,TRUE,2026-04-07T09:21:17.880566+00:00
BRAD'S ATLANTIC SEA SALT GRINDER,,,,,,,,,,,FRUIT DRINKS/SWEETENED JUICES & BOTTLED TEAS,FRUIT DRINKS/SWEETENED JUICE,Ultra-processed foods,unresolved,0,0,0,TRUE,2026-04-07T09:21:17.880566+00:00
BRAD'S CANNELLINI BEANS,,,,,,,,,,,FRUIT DRINKS/SWEETENED JUICES & BOTTLED TEAS,FRUIT DRINKS/SWEETENED JUICE,Ultra-processed foods,unresolved,0,0,0,TRUE,2026-04-07T09:21:17.880566+00:00
BRAD'S CANNELLINI BEANS NO SALT,,,,,,,,,,,FRUIT DRINKS/SWEETENED JUICES & BOTTLED TEAS,FRUIT DRINKS/SWEETENED JUICE,Ultra-processed foods,unresolved,0,0,0,TRUE,2026-04-07T09:21:17.880566+00:00
BRAD'S CHILI BEANS,,,,,,,,,,,ENERGY DRINKS,ENERGY DRINKS,Ultra-processed foods,unresolved,0,0,0,TRUE,2026-04-07T09:21:17.880566+00:00
BRAD'S GARBANZO BEANS NO SALT,,,,,,,,,,,WHEAT FLOUR,WHEAT FLOUR - ATTA,Unprocessed/Minimally processed foods,unresolved,0,0,0,TRUE,2026-04-07T09:21:17.880566+00:00
BRAD'S HEARTS PALM SLICES CANS,,,,,,,,,,,UNRESOLVED,UNRESOLVED,Unknown,unresolved,0,0,0,TRUE,2026-04-07T09:21:17.880566+00:00
BRAD'S HEARTS PALM SPEARS,,,,,,,,,,,UNRESOLVED,UNRESOLVED,Unknown,unresolved,0,0,0,TRUE,2026-04-07T09:21:17.880566+00:00
BRAD'S KIDNEY BEANS,,,,,,,,,,,UNRESOLVED,UNRESOLVED,Unknown,unresolved,0,0,0,TRUE,2026-04-07T09:21:17.880566+00:00
BRAD'S PINTO BEANS,,,,,,,,,,,UNRESOLVED,UNRESOLVED,Unknown,unresolved,0,0,0,TRUE,2026-04-07T09:21:17.880566+00:00
BRAD'S PINTO BEANS NO SALT,,,,,,,,,,,UNRESOLVED,UNRESOLVED,Unknown,unresolved,0,0,0,TRUE,2026-04-07T09:21:17.880566+00:00
BRAD'S SALAD BEANS,,,,,,,,,,,UNRESOLVED,UNRESOLVED,Unknown,unresolved,0,0,0,TRUE,2026-04-07T09:21:17.880566+00:00
BRAGG APPLE CIDER VINEGAR,70,292.88,,0.3,0.1,,,,Vinegar,Liquid,UNRESOLVED,UNRESOLVED,Unknown,unresolved,0,0,0,TRUE,2026-04-07T09:21:17.880566+00:00
BRITANNIA BOURBON CHOCOLATE AND CREAM BISCUIT,480.769,2011.54,7.69231,69.2308,38.4615,19.2308,,0.153846,Biscuit,Solid,UNRESOLVED,UNRESOLVED,Unknown,unresolved,0,0,0,TRUE,2026-04-07T09:21:17.880566+00:00
BRITANNIA CASHEW BISCUITS,,,,,,,,,,,UNRESOLVED,UNRESOLVED,Unknown,unresolved,0,0,0,TRUE,2026-04-07T09:21:17.880566+00:00
BRITANNIA DIGESTIVE BISCUITS,476,1991,7,58,15,24,,0.55,,,"COOKIES, BISCUITS AND WAFERS",BISCUITS,Ultra-processed foods,simulated_lookup_fuzzy,0.915,0.885,0.905,FALSE,2026-04-07T09:21:17.880566+00:00
BRITANNIA GOOD DAY CASHEW COOKIES X 24 PIECES,514,2154,5.882,67.647,22.059,23.529,0,0,Cookies,Solid,UNRESOLVED,UNRESOLVED,Unknown,unresolved,0,0,0,TRUE,2026-04-07T09:21:17.880566+00:00
BRITANNIA GOOD DAY CHOCO CHIP COOKIES,493,2062,5,71,30,21,,,Cookies,Solid,"COOKIES, BISCUITS AND WAFERS",COOKIES,Ultra-processed foods,simulated_lookup_fuzzy,0.721,0.691,0.711,TRUE,2026-04-07T09:21:17.880566+00:00
BRITANNIA GOOD DAY CHOCOCHIP COOKIES,165,690.36,2,23,10,7,,0.131,Cookie,Solid,UNRESOLVED,UNRESOLVED,Unknown,unresolved,0,0,0,TRUE,2026-04-07T09:21:17.880566+00:00
BRITANNIA GOOD DAY CHOCOCHIP COOKIES X 24 PIECES,500,2092,6.061,69.697,30.303,21.212,0,0,Cookies,Solid,UNRESOLVED,UNRESOLVED,Unknown,unresolved,0,0,0,TRUE,2026-04-07T09:21:17.880566+00:00
BRITANNIA GOOD DAY CHOCOLATE CHIP COOKIES,461,1928.82,5,68,32,18,,,Cookies,Solid,UNRESOLVED,UNRESOLVED,Unknown,unresolved,0,0,0,TRUE,2026-04-07T09:21:17.880566+00:00
BRITANNIA GOOD DAY PISTA ALMOND COOKIES,500,2092,8.82,64.71,23.53,23.53,,0.00031,Cookies,Solid,UNRESOLVED,UNRESOLVED,Unknown,unresolved,0,0,0,TRUE,2026-04-07T09:21:17.880566+00:00
BRITANNIA LITTLE HEART BISCUITS,488,2041.79,7,70,24.5,20,,,Biscuit,Solid,UNRESOLVED,UNRESOLVED,Unknown,unresolved,0,0,0,TRUE,2026-04-07T09:21:17.880566+00:00
BRITANNIA PURE MAGIC CHOCOLUSH BISCUITS,528,2209.15,5,64,34,28,,,Biscuit,Solid,UNRESOLVED,UNRESOLVED,Unknown,unresolved,0,0,0,TRUE,2026-04-07T09:21:17.880566+00:00
BRITANNIA TOASTEA MILK RUSK TOAST,473,1979.03,9,73.7,22,15.8,,,Toast,Solid,UNRESOLVED,UNRESOLVED,Unknown,unresolved,0,0,0,TRUE,2026-04-07T09:21:17.880566+00:00
BRITANNIA TOASTEA SUJI RUSK TOAST,433,1811.67,9,80,23,8.3,,,Toast,Solid,UNRESOLVED,UNRESOLVED,Unknown,unresolved,0,0,0,TRUE,2026-04-07T09:21:17.880566+00:00
BRITANNIA TOASTEA WHEAT RUSK TOAST,135,564.84,2,25,8.5,,1,0.065,Toast,Solid,UNRESOLVED,UNRESOLVED,Unknown,unresolved,0,0,0,TRUE,2026-04-07T09:21:17.880566+00:00
BROOKSIDE SUPERFINE GHEE,6421.43,3885.14,,,,712.857,,,Ghee,Puree,UNRESOLVED,UNRESOLVED,Unknown,unresolved,0,0,0,TRUE,2026-04-07T09:21:17.880566+00:00
BROWNS ONION JAM,,,,,,,,,,,UNRESOLVED,UNRESOLVED,Unknown,unresolved,0,0,0,TRUE,2026-04-07T09:21:17.880566+00:00
BUBBLE UP BITTER LEMON,,,,,,,,,Lemon Drink,Liquid,UNRESOLVED,UNRESOLVED,Unknown,unresolved,0,0,0,TRUE,2026-04-07T09:21:17.880566+00:00
BUBBLE UP TONIC WATER,,,,,,,,,,,UNRESOLVED,UNRESOLVED,Unknown,unresolved,0,0,0,TRUE,2026-04-07T09:21:17.880566+00:00
BULLA REGIA EXTRA VIRGIN OLIVE OIL,900,3700,,,,100,,,Oil,Liquid,UNRESOLVED,UNRESOLVED,Unknown,unresolved,0,0,0,TRUE,2026-04-07T09:21:17.880566+00:00
BULLA REGIA OLIVE OIL,,,,,,,,,Oil,Liquid,UNRESOLVED,UNRESOLVED,Unknown,unresolved,0,0,0,TRUE,2026-04-07T09:21:17.880566+00:00
BUTTERFLY ATTA MARK 1 WHEAT FLOUR RED,340,1422,13,72,,,11,,Wheat Flour,Powder,UNRESOLVED,UNRESOLVED,Unknown,unresolved,0,0,0,TRUE,2026-04-07T09:21:17.880566+00:00
BUTTERFLY BLACK GRAM SPLIT,,,,,,,,,,,UNRESOLVED,UNRESOLVED,Unknown,unresolved,0,0,0,TRUE,2026-04-07T09:21:17.880566+00:00
BUTTERFLY BLACK GRAM URAD DAL,,,,,,,,,,,UNRESOLVED,UNRESOLVED,Unknown,unresolved,0,0,0,TRUE,2026-04-07T09:21:17.880566+00:00
BUTTERFLY COW PEAS RED CHORA,355,1485.32,21,62,,2,,,Cow Peas Red Chora,Solid,UNRESOLVED,UNRESOLVED,Unknown,unresolved,0,0,0,TRUE,2026-04-07T09:21:17.880566+00:00
BUTTERFLY CRACKED WHEAT,,,,,,,,,,,UNRESOLVED,UNRESOLVED,Unknown,unresolved,0,0,0,TRUE,2026-04-07T09:21:17.880566+00:00
BUTTERFLY FLOUR ATTA RED,340,1422,13,72,,,11,,Wheat Flour,Powder,UNRESOLVED,UNRESOLVED,Unknown,unresolved,0,0,0,TRUE,2026-04-07T09:21:17.880566+00:00
BUTTERFLY GOLD BASMATI RICE,348,1456,8.2,78,,0.5,1.8,0.00075,Rice,Solid,CEREAL GRAINS,WHITE RICE,Unprocessed/Minimally processed foods,simulated_lookup_fuzzy,0.731,0.701,0.721,TRUE,2026-04-07T09:21:17.880566+00:00
BUTTERFLY GRAINS POLISHED GREEN GRAMS,,,,,,,,,,,UNRESOLVED,UNRESOLVED,Unknown,unresolved,0,0,0,TRUE,2026-04-07T09:21:17.880566+00:00
BUTTERFLY GRAINS POPCORN KERNELS,,,,,,,,,,,UNRESOLVED,UNRESOLVED,Unknown,unresolved,0,0,0,TRUE,2026-04-07T09:21:17.880566+00:00
BUTTERFLY GRAINS YELLOW GRAM CHANADAL,,,,,,,,,,,UNRESOLVED,UNRESOLVED,Unknown,unresolved,0,0,0,TRUE,2026-04-07T09:21:17.880566+00:00
BUTTERFLY GRAM FLOUR,,,,,,,,,,,UNRESOLVED,UNRESOLVED,Unknown,unresolved,0,0,0,TRUE,2026-04-07T09:21:17.880566+00:00
BUTTERFLY GREEN GRAM MUNGDAL,,,,,,,,,,,UNRESOLVED,UNRESOLVED,Unknown,unresolved,0,0,0,TRUE,2026-04-07T09:21:17.880566+00:00
BUTTERFLY GREEN GRAM POLISHED,,,,,,,,,,,"PULSES - PEAS, LENTILS, BEANS",GREEN GRAMS,Unprocessed/Minimally processed foods,simulated_lookup_fuzzy,0.852,0.822,0.842,FALSE,2026-04-07T09:21:17.880566+00:00
BUTTERFLY GREEN LENTILS,355.556,1486.67,24.4444,64.4444,2.22222,,11.1111,,Green Lentils,Solid,UNRESOLVED,UNRESOLVED,Unknown,unresolved,0,0,0,TRUE,2026-04-07T09:21:17.880566+00:00
BUTTERFLY LENTILS BLACK GRAMS WASHED URAD DAL,,,,,,,,,,,UNRESOLVED,UNRESOLVED,Unknown,unresolved,0,0,0,TRUE,2026-04-07T09:21:17.880566+00:00
BUTTERFLY LENTILS GREEN GRAMS WASHED MUNG DAL,,,,,,,,,,,UNRESOLVED,UNRESOLVED,Unknown,unresolved,0,0,0,TRUE,2026-04-07T09:21:17.880566+00:00
BUTTERFLY LENTILS OILY TOOR DAL,342.857,1434.29,22.8571,62.8571,2.85714,1.42857,17.1429,0.0857143,Oily Toor Dal,Solid,UNRESOLVED,UNRESOLVED,Unknown,unresolved,0,0,0,TRUE,2026-04-07T09:21:17.880566+00:00
BUTTERFLY LENTILS SPLIT MUNG DAL,,,,,,,,,,,UNRESOLVED,UNRESOLVED,Unknown,unresolved,0,0,0,TRUE,2026-04-07T09:21:17.880566+00:00
BUTTERFLY LENTILS YELLOW GRAM SPLIT AND PEELED CHANADAL,,,,,,,,,,,UNRESOLVED,UNRESOLVED,Unknown,unresolved,0,0,0,TRUE,2026-04-07T09:21:17.880566+00:00
BUTTERFLY LONG GRAIN KENYA PISHORI RICE,333.333,133.333,8.66667,,,0.444444,0.444444,,Pishori Rice,Solid,CEREAL GRAINS,WHITE RICE,Unprocessed/Minimally processed foods,simulated_lookup_fuzzy,0.824,0.794,0.814,TRUE,2026-04-07T09:21:17.880566+00:00
BUTTERFLY MUNGDAL OILY G/GRAMS,,,,,,,,,,,UNRESOLVED,UNRESOLVED,Unknown,unresolved,0,0,0,TRUE,2026-04-07T09:21:17.880566+00:00
BUTTERFLY NYOTA BEANS,,,,,,,,,,solid,UNRESOLVED,UNRESOLVED,Unknown,unresolved,0,0,0,TRUE,2026-04-07T09:21:17.880566+00:00
BUTTERFLY PIGEON PEAS WASHED TOOR DAL,342.857,1434.29,22.8571,62.8571,2.85714,1.42857,17.1429,0.0857143,Toor Dal,Solid,UNRESOLVED,UNRESOLVED,Unknown,unresolved,0,0,0,TRUE,2026-04-07T09:21:17.880566+00:00
BUTTERFLY POPCORN KERNELS,,,,,,,,,,,UNRESOLVED,UNRESOLVED,Unknown,unresolved,0,0,0,TRUE,2026-04-07T09:21:17.880566+00:00
BUTTERFLY PREMIUM BASMATI RICE,350,1464,8.8,78,,,1.8,0.0017,Rice,Solid,UNRESOLVED,UNRESOLVED,Unknown,unresolved,0,0,0,TRUE,2026-04-07T09:21:17.880566+00:00
BUTTERFLY PREMIUM SPAGHETTI PASTA X OF,71,,367,100,,,,,Food,,PASTAS,PASTA - SPAGHETTI,Unprocessed/Minimally processed foods,simulated_lookup_fuzzy,0.774,0.744,0.764,TRUE,2026-04-07T09:21:17.880566+00:00
BUTTERFLY PULSES BROWN ROSECOCO BEANS,362,1514,18,63,5,1,,0.02,Rosecoco Beans,Solid,UNRESOLVED,UNRESOLVED,Unknown,unresolved,0,0,0,TRUE,2026-04-07T09:21:17.880566+00:00
BUTTERFLY PULSES CHICK PEAS,340,1422,11,73,2,0.4,8,,Chick Peas,Solid,UNRESOLVED,UNRESOLVED,Unknown,unresolved,0,0,0,TRUE,2026-04-07T09:21:17.880566+00:00
BUTTERFLY PULSES DRIED GREEN PEAS,442,1849,19,60,5,13,,0.621,Dried Green Peas,Solid,UNRESOLVED,UNRESOLVED,Unknown,unresolved,0,0,0,TRUE,2026-04-07T09:21:17.880566+00:00
BUTTERFLY PULSES GREEN LENTILS,355.556,1486.67,24.4444,64.4444,2.22222,,11.1111,,Green Lentils,Solid,UNRESOLVED,UNRESOLVED,Unknown,unresolved,0,0,0,TRUE,2026-04-07T09:21:17.880566+00:00
BUTTERFLY PULSES KENYAN KIDNEY BEANS,333,1393,24,60,2.2,0.8,25,0.024,Kidney Beans,Solid,UNRESOLVED,UNRESOLVED,Unknown,unresolved,0,0,0,TRUE,2026-04-07T09:21:17.880566+00:00
BUTTERFLY PULSES KENYAN KIDNEY NYAYO BEANS,,,,,,,,,,,UNRESOLVED,UNRESOLVED,Unknown,unresolved,0,0,0,TRUE,2026-04-07T09:21:17.880566+00:00
BUTTERFLY PULSES LIMA BUTTER BEANS,35,155,1.4,7.3,2.45,0.2,3,,Butter Beans,Solid,UNRESOLVED,UNRESOLVED,Unknown,unresolved,0,0,0,TRUE,2026-04-07T09:21:17.880566+00:00
BUTTERFLY PULSES NJAHI BLACK BEANS,341,1426,22,62,2.1,1.4,16,0.005,Black Beans,Solid,UNRESOLVED,UNRESOLVED,Unknown,unresolved,0,0,0,TRUE,2026-04-07T09:21:17.880566+00:00
BUTTERFLY PULSES PINTO BEANS,347,1451,21,63,2.1,1.2,16,0.012,Pinto Bean,Solid,UNRESOLVED,UNRESOLVED,Unknown,unresolved,0,0,0,TRUE,2026-04-07T09:21:17.880566+00:00
BUTTERFLY PULSES RED HARICOT BEANS,337,1410,22,60,3.88,1.5,24,0.005,Haricot Beans,Solid,UNRESOLVED,UNRESOLVED,Unknown,unresolved,0,0,0,TRUE,2026-04-07T09:21:17.880566+00:00
BUTTERFLY PULSES RED KIDNEY BEANS,346,1447,22,60,,1.3,4.8,,Kidney Beans,Solid,UNRESOLVED,UNRESOLVED,Unknown,unresolved,0,0,0,TRUE,2026-04-07T09:21:17.880566+00:00
BUTTERFLY PULSES WHITE COW PEAS (CHORA/BLACK EYED BEANS),366,1531,24,60,,1.3,,,Cow Peas,Solid,UNRESOLVED,UNRESOLVED,Unknown,unresolved,0,0,0,TRUE,2026-04-07T09:21:17.880566+00:00
BUTTERFLY PULSES YELLOW KIDNEY BEANS,333,1393,24,60,2.2,0.8,25,0.024,Kidney Beans,Solid,UNRESOLVED,UNRESOLVED,Unknown,unresolved,0,0,0,TRUE,2026-04-07T09:21:17.880566+00:00
BUTTERFLY RED LENTIL FOOTBALL,,,,,,,,,,solid,UNRESOLVED,UNRESOLVED,Unknown,unresolved,0,0,0,TRUE,2026-04-07T09:21:17.880566+00:00
BUTTERFLY RED LENTIL MASOOR DAL,333.333,1392.31,25.641,58.9744,,2.5641,10.2564,,Masoor Dal,Solid,UNRESOLVED,UNRESOLVED,Unknown,unresolved,0,0,0,TRUE,2026-04-07T09:21:17.880566+00:00
BUTTERFLY RICE - LONG GRAIN,348,1456.03,6.66667,74.6667,0,0,1.33333,0,Rice,Solid,CEREAL GRAINS,WHITE RICE,Unprocessed/Minimally processed foods,simulated_lookup_fuzzy,0.769,0.739,0.759,TRUE,2026-04-07T09:21:17.880566+00:00
BUTTERFLY RICE BASMATI PREMIUM,375,1569,8,79,,0,0,0,Rice,Solid,UNRESOLVED,UNRESOLVED,Unknown,unresolved,0,0,0,TRUE,2026-04-07T09:21:17.880566+00:00
BUTTERFLY RICE KENYAN PISHORI,349,1460.22,8,77,,0,0,0,Rice,Solid,CEREAL GRAINS,WHITE RICE,Unprocessed/Minimally processed foods,simulated_lookup_fuzzy,0.828,0.798,0.818,TRUE,2026-04-07T09:21:17.880566+00:00
BUTTERFLY SEMOLINA,340,1422.56,9,75,,3,,0.005,Semolina,Solid,UNRESOLVED,UNRESOLVED,Unknown,unresolved,0,0,0,TRUE,2026-04-07T09:21:17.880566+00:00
BUTTERFLY SPAGHETTI PASTA,73,,345,100,,,,,Food,,PASTAS,PASTA - SPAGHETTI,Unprocessed/Minimally processed foods,simulated_lookup_fuzzy,0.792,0.762,0.782,TRUE,2026-04-07T09:21:17.880566+00:00
BUTTERFLY STANDARD SPAGHETTI,354,1481.14,11,73,3,1,2,0.001,Spaghetti,Solid,PASTAS,PASTA - SPAGHETTI,Unprocessed/Minimally processed foods,simulated_lookup_exact,0.99,0.99,0.99,FALSE,2026-04-07T09:21:17.880566+00:00
BUTTERFLY STANDARD SPAGHETTI PASTA,358,1497.87,10,75,2,1,2,,Spaghetti Pasta,Solid,PASTAS,PASTA - SPAGHETTI,Unprocessed/Minimally processed foods,simulated_lookup_fuzzy,0.903,0.873,0.893,FALSE,2026-04-07T09:21:17.880566+00:00
BUTTERFLY TOOR DAL WASHED,318,1330.51,24,56,0,1,4,0,Toor Dal,Solid,UNRESOLVED,UNRESOLVED,Unknown,unresolved,0,0,0,TRUE,2026-04-07T09:21:17.880566+00:00
BUTTERFLY VERMICELLI PASTA,73,,351,100,,0.003,,,Food,,UNRESOLVED,UNRESOLVED,Unknown,unresolved,0,0,0,TRUE,2026-04-07T09:21:17.880566+00:00
BUTTERFLY WASHED TOOR DAL,342.857,1434.29,22.8571,62.8571,2.85714,1.42857,17.1429,0.0857143,Toor Dal,Solid,UNRESOLVED,UNRESOLVED,Unknown,unresolved,0,0,0,TRUE,2026-04-07T09:21:17.880566+00:00
BUTTERFLY WHOLE RED LENTILS,,,,,,,,,,,UNRESOLVED,UNRESOLVED,Unknown,unresolved,0,0,0,TRUE,2026-04-07T09:21:17.880566+00:00
C R FOOD CRUNCH MIX CHIKKI,532,2226,16.83,46.81,36.13,30.81,5.9,0.033,Chikki,Solid,UNRESOLVED,UNRESOLVED,Unknown,unresolved,0,0,0,TRUE,2026-04-07T09:21:17.880566+00:00
C&R HOME MADE CASHEW-NUT COOKIES,,,,,,,,,Cookies,Solid,UNRESOLVED,UNRESOLVED,Unknown,unresolved,0,0,0,TRUE,2026-04-07T09:21:17.880566+00:00
C&R HOME MADE JAM COCONUT COOKIES,,,,,,,,,Cookies,Solid,"COOKIES, BISCUITS AND WAFERS",COOKIES,Ultra-processed foods,simulated_lookup_fuzzy,0.765,0.735,0.755,TRUE,2026-04-07T09:21:17.880566+00:00
C&R HOME MADE OATS COOKIES,,,,,,,,,Cookies,Solid,UNRESOLVED,UNRESOLVED,Unknown,unresolved,0,0,0,TRUE,2026-04-07T09:21:17.880566+00:00
C&R WOTS TIKHA GATHIA,533.333,2230,20,46.6667,6.66667,30,10,1.2,Tikha Gathia,Solid,SWEET AND SAVOURY SNACKS,GANTHIYA,Ultra-processed foods,simulated_lookup_exact,0.99,0.99,0.99,FALSE,2026-04-07T09:21:17.880566+00:00
CACHET CARAMEL AND SEA SALT CHOCOLATE,527,2205,5.6,60,59,29,,,Chocolate,Solid,UNRESOLVED,UNRESOLVED,Unknown,unresolved,0,0,0,TRUE,2026-04-07T09:21:17.880566+00:00
CACHET COSTA RICA 71 EXTRA DARK CHOCOLATE,543,2247,7.9,33.4,28.2,41,11,,Dark Chocolate,Solid,UNRESOLVED,UNRESOLVED,Unknown,unresolved,0,0,0,TRUE,2026-04-07T09:21:17.880566+00:00
CACHET DARK 57 PEARALMOND,523,2188,7.3,40,35,35,0,0,Dark Chocolate Bar,Solid,UNRESOLVED,UNRESOLVED,Unknown,unresolved,0,0,0,TRUE,2026-04-07T09:21:17.880566+00:00
CACHET EXTRA DARK 85 CHOCOLATE,587,2456,10,16,11,50,0,0,Extra Dark Chocolate Bar,Solid,UNRESOLVED,UNRESOLVED,Unknown,unresolved,0,0,0,TRUE,2026-04-07T09:21:17.880566+00:00
CACHET EXTRA DARK PERU,553,2315,6.8,39,35,39,0,0,Extra Dark Chocolate Bar,Solid,UNRESOLVED,UNRESOLVED,Unknown,unresolved,0,0,0,TRUE,2026-04-07T09:21:17.880566+00:00
CACHET EXTREMELY 90 COCOA DARK CHOCOLATE BAR,613,2565,9.7,12,7.9,54,0,0,Chocolate Bar,Solid,UNRESOLVED,UNRESOLVED,Unknown,unresolved,0,0,0,TRUE,2026-04-07T09:21:17.880566+00:00
CACHET ORANGE AND ALMONDS 57% COCOA DARK CHOCOLATE,527,2205,6.8,43,39,34,,,Dark Chocolate,Solid,UNRESOLVED,UNRESOLVED,Unknown,unresolved,0,0,0,TRUE,2026-04-07T09:21:17.880566+00:00
CACHET SEA SALT 70 COCOA EXTRA DARK CHOCOLATE BAR,,,,,,,,,Dark Chocolate Bar,Solid,UNRESOLVED,UNRESOLVED,Unknown,unresolved,0,0,0,TRUE,2026-04-07T09:21:17.880566+00:00
CACHET TANZANIA 72 COCOA EXTRA DARK CHOCOLATE BAR,580,2427,7.5,29,25,45,,,Dark Chocolate Bar,Solid,UNRESOLVED,UNRESOLVED,Unknown,unresolved,0,0,0,TRUE,2026-04-07T09:21:17.880566+00:00
CACHET UGANDA 80 EXTRA DARK CHOCOLATE,589,2438,8.6,20,19,48,,,Dark Chocolate,Solid,UNRESOLVED,UNRESOLVED,Unknown,unresolved,0,0,0,TRUE,2026-04-07T09:21:17.880566+00:00
CADBURY BOOST,,,,,,,,,,,COCOA,COCOA - UNSWEETENED WITHOUT MILK,Ultra-processed foods,simulated_lookup_fuzzy,0.769,0.739,0.759,TRUE,2026-04-07T09:21:17.880566+00:00
CADBURY BOURNVILLE CLASSIC DARK CHOCOLATE,524,2195,3.6,59,56.5,29,5.2,0.003,Dark Chocolate,Solid,UNRESOLVED,UNRESOLVED,Unknown,unresolved,0,0,0,TRUE,2026-04-07T09:21:17.880566+00:00
CADBURY BOURNVILLE MINT,,,,,,,,,,,UNRESOLVED,UNRESOLVED,Unknown,unresolved,0,0,0,TRUE,2026-04-07T09:21:17.880566+00:00
CADBURY BOURNVILLE ORANGE,,,,,,,,,,,UNRESOLVED,UNRESOLVED,Unknown,unresolved,0,0,0,TRUE,2026-04-07T09:21:17.880566+00:00
CADBURY CHOCOLATE PS ORIGINAL,1040,2165,5.4,62,52,25,2.7,0.08,Chocolate,Solid,UNRESOLVED,UNRESOLVED,Unknown,unresolved,0,0,0,TRUE,2026-04-07T09:21:17.880566+00:00
CADBURY CREAMY WHITE WITH SHORTCAKE DREAMY BISCUIT,586,2240,5.8,60.5,55,30,0.5,0.163,Biscuit,Solid,UNRESOLVED,UNRESOLVED,Unknown,unresolved,0,0,0,TRUE,2026-04-07T09:21:17.880566+00:00
CADBURY CRUNCHIE B DAIRY MILK,,,,,,,,,,,CHOCOLATE,CHOCOLATE BAR,Ultra-processed foods,simulated_lookup_fuzzy,0.766,0.736,0.756,TRUE,2026-04-07T09:21:17.880566+00:00
CADBURY CURLY WURLY CHOCOLATE BAR,454,1905,2.1,71,50,18,0.7,,Chocolate Bar,Solid,UNRESOLVED,UNRESOLVED,Unknown,unresolved,0,0,0,TRUE,2026-04-07T09:21:17.880566+00:00
CADBURY CURLY WURLY SQUIRLIE,,,,,,,,,,,UNRESOLVED,UNRESOLVED,Unknown,unresolved,0,0,0,TRUE,2026-04-07T09:21:17.880566+00:00
CADBURY DAIM CHOCO BARS,,,,,,,,,,,CHOCOLATE,CHOCOLATE BAR,Ultra-processed foods,simulated_lookup_fuzzy,0.75,0.72,0.74,TRUE,2026-04-07T09:21:17.880566+00:00
CADBURY DAIRY MILK ASTROS CHOCOLATE,,,,,,,,,,,UNRESOLVED,UNRESOLVED,Unknown,unresolved,0,0,0,TRUE,2026-04-07T09:21:17.880566+00:00
CADBURY DAIRY MILK BISCUIT CHOCOLATE BAR,0.51,2140,,60,50.5,26.5,2.4,0.122,Chocolate Bar,Solid,UNRESOLVED,UNRESOLVED,Unknown,unresolved,0,0,0,TRUE,2026-04-07T09:21:17.880566+00:00
CADBURY DAIRY MILK BUBBLY MILK CHOCOLATE BAR,524,2195,7.7,58,56,29,2.4,0.081,Chocolate Bar,Solid,CHOCOLATE,CHOCOLATE BAR,Ultra-processed foods,simulated_lookup_fuzzy,0.725,0.695,0.715,TRUE,2026-04-07T09:21:17.880566+00:00
CADBURY DAIRY MILK BUTTON CHOCO,,,,,,,,,,,CHOCOLATE,CHOCOLATE BAR,Ultra-processed foods,simulated_lookup_fuzzy,0.75,0.72,0.74,TRUE,2026-04-07T09:21:17.880566+00:00
CADBURY DAIRY MILK CARAM CHOCOLATE,,,,,,,,,,,UNRESOLVED,UNRESOLVED,Unknown,unresolved,0,0,0,TRUE,2026-04-07T09:21:17.880566+00:00
CADBURY DAIRY MILK CASHEW AND COCONUT CHOCOLATE,487,2040,7,50,49,28.5,3.4,0.074,Cashew And Coconut Chocolate,Solid,UNRESOLVED,UNRESOLVED,Unknown,unresolved,0,0,0,TRUE,2026-04-07T09:21:17.880566+00:00
CADBURY DAIRY MILK CHOCOLATE,518,2167.31,7.7,61,46,27,0.4,0.142,Chocolate,Solid,CHOCOLATE,CHOCOLATE BAR,Ultra-processed foods,simulated_lookup_fuzzy,0.783,0.753,0.773,TRUE,2026-04-07T09:21:17.880566+00:00
CADBURY DAIRY MILK CHOCOLATE BAR,,,,,,,,,,Solid,CHOCOLATE,CHOCOLATE BAR,Ultra-processed foods,simulated_lookup_fuzzy,0.762,0.732,0.752,TRUE,2026-04-07T09:21:17.880566+00:00
CADBURY DAIRY MILK FRUIT AND NUT CHOCOLATE,516,2158,7.3,59.7,54,28.4,,0.074,Fruit And Nut Chocolate,Solid,UNRESOLVED,UNRESOLVED,Unknown,unresolved,0,0,0,TRUE,2026-04-07T09:21:17.880566+00:00
CADBURY DAIRY MILK FRUIT NUT,,,,,,,,,,,CHOCOLATE,CHOCOLATE BAR,Ultra-processed foods,simulated_lookup_fuzzy,0.868,0.838,0.858,FALSE,2026-04-07T09:21:17.880566+00:00
CADBURY DAIRY MILK HAZELNUT,,,,,,,,,,,CHOCOLATE,CHOCOLATE BAR,Ultra-processed foods,simulated_lookup_fuzzy,0.8,0.77,0.79,TRUE,2026-04-07T09:21:17.880566+00:00
CADBURY DAIRY MILK MARVELLOUS CREATIONS JELLY POPPING CANDY CHOCOLATE BAR,,,,,,,,,,Solid,UNRESOLVED,UNRESOLVED,Unknown,unresolved,0,0,0,TRUE,2026-04-07T09:21:17.880566+00:00
CADBURY DAIRY MILK MINI EGG,,,,,,,,,,Solid,CHOCOLATE,CHOCOLATE BAR,Ultra-processed foods,simulated_lookup_fuzzy,0.8,0.77,0.79,TRUE,2026-04-07T09:21:17.880566+00:00
CADBURY DAIRY MILK OREO CHOCOLATE BAR,560,2330,6,53.5,48.5,35,0.8,,Chocolate Bar,Solid,CHOCOLATE,CHOCOLATE BAR,Ultra-processed foods,simulated_lookup_fuzzy,0.765,0.735,0.755,TRUE,2026-04-07T09:21:17.880566+00:00
CADBURY DAIRY MILK RUM AND RAISIN CHOCOLATE,597,2500,6.7,62,61,22,2.9,0.071,Rum And Raisin Chocolate,Solid,UNRESOLVED,UNRESOLVED,Unknown,unresolved,0,0,0,TRUE,2026-04-07T09:21:17.880566+00:00
CADBURY DAIRY MILK TOP DECK CHOCOLATE,320,1145,6.9,58,58,29,1.7,0.101,Top Deck Chocolate,Solid,CHOCOLATE,CHOCOLATE BAR,Ultra-processed foods,simulated_lookup_fuzzy,0.853,0.823,0.843,FALSE,2026-04-07T09:21:17.880566+00:00
CADBURY DAIRY MILK TOP DECK WITH MINT CHOCOLATE,501,2205,6.9,59,58,7.3,0.4,0.025,Top Deck With Mint Chocolate,Solid,CHOCOLATE,CHOCOLATE BAR,Ultra-processed foods,simulated_lookup_fuzzy,0.744,0.714,0.734,TRUE,2026-04-07T09:21:17.880566+00:00
CADBURY DAIRY MILK WHOLE NUT CHOCOLATE BAR,536,2245,8.7,52,51,32,,,Chocolate Bar,Solid,UNRESOLVED,UNRESOLVED,Unknown,unresolved,0,0,0,TRUE,2026-04-07T09:21:17.880566+00:00
CADBURY DAIRYMILK BLACK FOREST,,,,,,,,,,Solid,CHOCOLATE,CHOCOLATE BAR,Ultra-processed foods,simulated_lookup_fuzzy,0.727,0.697,0.717,TRUE,2026-04-07T09:21:17.880566+00:00
CADBURY DAIRYMILK ROAST ALMOND,,,,,,,,,,Solid,UNRESOLVED,UNRESOLVED,Unknown,unresolved,0,0,0,TRUE,2026-04-07T09:21:17.880566+00:00
CADBURY DIAM MINI EGG BAR,,,,,,,,,,,UNRESOLVED,UNRESOLVED,Unknown,unresolved,0,0,0,TRUE,2026-04-07T09:21:17.880566+00:00
CADBURY DREAM LUNCH BAR MILK PEANUTS CHOCOLATE BAR,505,2115,6.7,59.5,46,26.5,1.3,0.121,Chocolate Bar,Solid,UNRESOLVED,UNRESOLVED,Unknown,unresolved,0,0,0,TRUE,2026-04-07T09:21:17.880566+00:00
CADBURY DREAM WHITE CHOCOLATE,217,908,5.6,59.5,59.5,32,0.3,0.128,White Chocolate,Solid,COCOA,COCOA - SWEETENED WITHOUT MILK,Ultra-processed foods,simulated_lookup_fuzzy,0.764,0.734,0.754,TRUE,2026-04-07T09:21:17.880566+00:00
CADBURY DRINKING CHOCOLATE POWDER,402,1697,6.3,76,73,5.6,9.3,0.6,Chocolate Powder,Powder,COCOA,COCOA - SWEETENED WITHOUT MILK,Ultra-processed foods,simulated_lookup_fuzzy,0.881,0.851,0.871,FALSE,2026-04-07T09:21:17.880566+00:00
CADBURY FLAKE MILK CHOCOLATE,521,2179,7.4,60,59,27,2.4,,Milk Chocolate,Solid,COCOA,COCOA - SWEETENED WITHOUT MILK,Ultra-processed foods,simulated_lookup_fuzzy,0.741,0.711,0.731,TRUE,2026-04-07T09:21:17.880566+00:00
CADBURY FREDDO,,,,,,,,,,,UNRESOLVED,UNRESOLVED,Unknown,unresolved,0,0,0,TRUE,2026-04-07T09:21:17.880566+00:00
CADBURY FREDDO CARAMEL,,,,,,,,,,,UNRESOLVED,UNRESOLVED,Unknown,unresolved,0,0,0,TRUE,2026-04-07T09:21:17.880566+00:00
CADBURY FRY'S TURKISH DELIGHT,,,,,,,,,,,UNRESOLVED,UNRESOLVED,Unknown,unresolved,0,0,0,TRUE,2026-04-07T09:21:17.880566+00:00
CADBURY HEROES CHOCOLATE,439,2049,4.5,65,57,23,1.5,,Chocolate,Solid,COCOA,COCOA - SWEETENED WITHOUT MILK,Ultra-processed foods,simulated_lookup_fuzzy,0.76,0.73,0.75,TRUE,2026-04-07T09:21:17.880566+00:00
CADBURY MORO NC CHOLATE BAR,,,,,,,,,,,UNRESOLVED,UNRESOLVED,Unknown,unresolved,0,0,0,TRUE,2026-04-07T09:21:17.880566+00:00
CADBURY NOUGAT HAZELNUT & CARAMEL,,,,,,,,,,,UNRESOLVED,UNRESOLVED,Unknown,unresolved,0,0,0,TRUE,2026-04-07T09:21:17.880566+00:00
CADBURY NOUGAT SALTED CARAMEL,,,,,,,,,,,UNRESOLVED,UNRESOLVED,Unknown,unresolved,0,0,0,TRUE,2026-04-07T09:21:17.880566+00:00
CADBURY P S CARAMILK CHOCOLATE BAR,524,2195,4.7,66,56.5,26,0.7,0.127,Chocolate Bar,Solid,UNRESOLVED,UNRESOLVED,Unknown,unresolved,0,0,0,TRUE,2026-04-07T09:21:17.880566+00:00
CADBURY SINGLE CREME EGG,1860,442.5,0.25,72.5,66.25,15.25,0.25,,chocolate,solid,UNRESOLVED,UNRESOLVED,Unknown,unresolved,0,0,0,TRUE,2026-04-07T09:21:17.880566+00:00
CADBURY TWIRL CHOCOLATE BAR,535,2237,7.3,57,56,30,2.5,,Chocolate Bar,Solid,UNRESOLVED,UNRESOLVED,Unknown,unresolved,0,0,0,TRUE,2026-04-07T09:21:17.880566+00:00
CADBURY WHITE CRSSME EGG SINGLE,,,,,,,,,,,UNRESOLVED,UNRESOLVED,Unknown,unresolved,0,0,0,TRUE,2026-04-07T09:21:17.880566+00:00
CADBURY WISPA,,,,,,,,,,,UNRESOLVED,UNRESOLVED,Unknown,unresolved,0,0,0,TRUE,2026-04-07T09:21:17.880566+00:00
CAFFE DEL DUCA ESPRESSO ROASTED COFFEE,2,8.36,,,,,,0.004,Coffee,Solid,UNRESOLVED,UNRESOLVED,Unknown,unresolved,0,0,0,TRUE,2026-04-07T09:21:17.880566+00:00
CANDY CASTLE CREW NEON YO YO SPINNER FRUIT STAR CANDY,3283.33,13733.3,,808.333,808.333,,,,Star Candy,Solid,UNRESOLVED,UNRESOLVED,Unknown,unresolved,0,0,0,TRUE,2026-04-07T09:21:17.880566+00:00
CANDY CASTLE CREW ROSE TRIPLE DIPPER CANDY,379,1583,,95,93,,,,Candy,Solid,UNRESOLVED,UNRESOLVED,Unknown,unresolved,0,0,0,TRUE,2026-04-07T09:21:17.880566+00:00
CANDY CASTLE CREW ROSE UNICORN TWIST N DIP STRAWBERRY LOLLIPOP,,,,,,,,,,,UNRESOLVED,UNRESOLVED,Unknown,unresolved,0,0,0,TRUE,2026-04-07T09:21:17.880566+00:00
CANDY KE BUTTER PREM TOFFEE,,,,,,,,,,,UNRESOLVED,UNRESOLVED,Unknown,unresolved,0,0,0,TRUE,2026-04-07T09:21:17.880566+00:00
CANDY KE SPOP MANGO XXL 50PC,,,,,,,,,,,UNRESOLVED,UNRESOLVED,Unknown,unresolved,0,0,0,TRUE,2026-04-07T09:21:17.880566+00:00
CANDY KENYA AFRICA MINT,334,1397,0.2,16,9.7,1.2,1,0,Candy,Solid,UNRESOLVED,UNRESOLVED,Unknown,unresolved,0,0,0,TRUE,2026-04-07T09:21:17.880566+00:00
CANDY KENYA BUTTER CANDY MILK SMKT,235,982,,87,3,0.2,,,Food,,UNRESOLVED,UNRESOLVED,Unknown,unresolved,0,0,0,TRUE,2026-04-07T09:21:17.880566+00:00
CANDY KENYA BUTTER PRM TOFFEE,,,,,,,,,,,UNRESOLVED,UNRESOLVED,Unknown,unresolved,0,0,0,TRUE,2026-04-07T09:21:17.880566+00:00
CANDY KENYA BUTTER SCOTCH,,,,,,,,,Candy,Solid,UNRESOLVED,UNRESOLVED,Unknown,unresolved,0,0,0,TRUE,2026-04-07T09:21:17.880566+00:00
CANDY KENYA BUTTER SCOTCH CANDY,393.75,1647.45,0,87.5,81.25,3.125,0,0.39375,Candy,Solid,UNRESOLVED,UNRESOLVED,Unknown,unresolved,0,0,0,TRUE,2026-04-07T09:21:17.880566+00:00
CANDY KENYA ECLAIRS LOLLIPOP 8 PIECES,452,1900,4.2,71,48,17,0,,Lollipop,Solid,UNRESOLVED,UNRESOLVED,Unknown,unresolved,0,0,0,TRUE,2026-04-07T09:21:17.880566+00:00
CANDY KENYA ECLAIRS PREMIUM TOFFEE 50PC,235,982,,87,3,0.2,,,Food,,UNRESOLVED,UNRESOLVED,Unknown,unresolved,0,0,0,TRUE,2026-04-07T09:21:17.880566+00:00
CANDY KENYA FULL FILLING BUTTER POPS XXL CANDY 50 PIECES,530,2217.52,7,58,22,29,,,Candy,Solid,UNRESOLVED,UNRESOLVED,Unknown,unresolved,0,0,0,TRUE,2026-04-07T09:21:17.880566+00:00
CANDY KENYA MILK TOFFEE 80 PIECES,360,1506.24,2,79,49,4,3.4,0.22,Toffee,Solid,UNRESOLVED,UNRESOLVED,Unknown,unresolved,0,0,0,TRUE,2026-04-07T09:21:17.880566+00:00
CANDY KENYA MILKEES,,,,,,,,,Candy,Solid,UNRESOLVED,UNRESOLVED,Unknown,unresolved,0,0,0,TRUE,2026-04-07T09:21:17.880566+00:00
CANDY KENYA MILKS CANDY,535,2238.44,7.65,59.4,51.5,29.66,3.4,0.079,Candy,Solid,UNRESOLVED,UNRESOLVED,Unknown,unresolved,0,0,0,TRUE,2026-04-07T09:21:17.880566+00:00
CANDY KENYA MILKYOGURT TOFFEE 80 PIECES,105,440,5.7,11.6,10.7,4.3,,,Toffee,Solid,UNRESOLVED,UNRESOLVED,Unknown,unresolved,0,0,0,TRUE,2026-04-07T09:21:17.880566+00:00
CANDY KENYA MONSTER POPS XXL,,,,,,,,,Lollipops,Solid,UNRESOLVED,UNRESOLVED,Unknown,unresolved,0,0,0,TRUE,2026-04-07T09:21:17.880566+00:00
CANDY KENYA ORANGE PLUS,,,,,,,,,Candy,Solid,UNRESOLVED,UNRESOLVED,Unknown,unresolved,0,0,0,TRUE,2026-04-07T09:21:17.880566+00:00
CANDY KENYA SWEETY SWEETY LOLLIPOP 8 PIECES,147,615,0,39,25.16,0.08,0,,Lollipop,Solid,UNRESOLVED,UNRESOLVED,Unknown,unresolved,0,0,0,TRUE,2026-04-07T09:21:17.880566+00:00
CANDY KENYA TROPICAL FRUIT CANDY,196,828,0,43.9,43.5,2.1,,,Fruit Candy,Solid,UNRESOLVED,UNRESOLVED,Unknown,unresolved,0,0,0,TRUE,2026-04-07T09:21:17.880566+00:00
CANDY LAND ECLAIRS TOFFEE,458,1921,3.6,68.5,43.3,19.4,,,Eclairs Toffee,Solid,UNRESOLVED,UNRESOLVED,Unknown,unresolved,0,0,0,TRUE,2026-04-07T09:21:17.880566+00:00
CANDYLAND CHILLI MILLI CANDY,,,,,,,,,Candy,Solid,UNRESOLVED,UNRESOLVED,Unknown,unresolved,0,0,0,TRUE,2026-04-07T09:21:17.880566+00:00
CANDYLAND G JELLIES SOUR COLA,,,,,,,,,,,UNRESOLVED,UNRESOLVED,Unknown,unresolved,0,0,0,TRUE,2026-04-07T09:21:17.880566+00:00
CANDYLAND SUPER TWISTER MARSHMALLOW CANDY STICKS,498,2093,4,96.8,51,,,0.0008,Candy Sticks,Solid,UNRESOLVED,UNRESOLVED,Unknown,unresolved,0,0,0,TRUE,2026-04-07T09:21:17.880566+00:00
CAPILANO MANUKA AUSTRALIAN FLORAL HONEY,338.43,1416,0.3,83.1,82.5,,,0.015,Honey,Paste,UNRESOLVED,UNRESOLVED,Unknown,unresolved,0,0,0,TRUE,2026-04-07T09:21:17.880566+00:00
CAPILANO PURE AUSTRALIAN HONEY,338.43,1416,0.3,83.1,82.5,,,0.015,Honey,Paste,UNRESOLVED,UNRESOLVED,Unknown,unresolved,0,0,0,TRUE,2026-04-07T09:21:17.880566+00:00
CAPILANO PURE HONEY,338,1416,0.3,83.1,82.5,0,,0.015,Honey,Paste,UNRESOLVED,UNRESOLVED,Unknown,unresolved,0,0,0,TRUE,2026-04-07T09:21:17.880566+00:00
CAPILANO PURE YELLOW HONEY SQUEEZE,,,,,,,,,,,UNRESOLVED,UNRESOLVED,Unknown,unresolved,0,0,0,TRUE,2026-04-07T09:21:17.880566+00:00
CAPTAIN COOK PURE CORN OIL,122,510,,13,,13,,,Pure Corn Oil,Liquid,UNRESOLVED,UNRESOLVED,Unknown,unresolved,0,0,0,TRUE,2026-04-07T09:21:17.880566+00:00
CAROLINE CHOCOLATE CUPCAKES MIX,55.2743,231.266,0.421941,12.2363,,0.421941,,,Cupcakes Mix,Powder,UNRESOLVED,UNRESOLVED,Unknown,unresolved,0,0,0,TRUE,2026-04-07T09:21:17.880566+00:00
CAROLINE CHOCOLATE FUDGE CAKE MIX,366.667,1534.13,5.55556,86.6667,51.1111,1.11111,,,Cupcake Mix,Powder,UNRESOLVED,UNRESOLVED,Unknown,unresolved,0,0,0,TRUE,2026-04-07T09:21:17.880566+00:00
CAROLINE DOUGHNUTS MIX,394,1648.5,7,77,24,6,0,0.56,Doughnuts Mix,Powder,UNRESOLVED,UNRESOLVED,Unknown,unresolved,0,0,0,TRUE,2026-04-07T09:21:17.880566+00:00
CAROLINE GINGERBREAD COOKIES MIX,356.954,1493.49,6.84327,81.8985,35.9823,,,,Cookies Mix,Powder,UNRESOLVED,UNRESOLVED,Unknown,unresolved,0,0,0,TRUE,2026-04-07T09:21:17.880566+00:00
CAROLINE GLUTEN FREE PANCAKES & WAFFLES MIX,130,543.92,2,24,4,2,2,0.25,Cassava Flour Pancakes And Waffles Mix,Powder,UNRESOLVED,UNRESOLVED,Unknown,unresolved,0,0,0,TRUE,2026-04-07T09:21:17.880566+00:00
CAROLINE MOIST CARROT CAKE MIX,205,857.72,3,29,17,8,1,0.3,Cake Mix,Powder,UNRESOLVED,UNRESOLVED,Unknown,unresolved,0,0,0,TRUE,2026-04-07T09:21:17.880566+00:00
CAROLINE PIZZA CRUST MIX,160,669.44,5,33,2,1,1,0.2,Pizza Crust Mix,Powder,UNRESOLVED,UNRESOLVED,Unknown,unresolved,0,0,0,TRUE,2026-04-07T09:21:17.880566+00:00
CAROLINE RED VELVET CAKE MIX,200,836.8,2,40,18,5,1,,Cake Mix,Powder,UNRESOLVED,UNRESOLVED,Unknown,unresolved,0,0,0,TRUE,2026-04-07T09:21:17.880566+00:00
CAROLINE SPICY CAKE MIX,395.349,1654.14,2.32558,79.0698,41.8605,9.30233,1.16279,0.813953,Cake Mix,Powder,UNRESOLVED,UNRESOLVED,Unknown,unresolved,0,0,0,TRUE,2026-04-07T09:21:17.880566+00:00
CAROLINE VANILLA COOKIES MIX,375,1569,16.6667,50,8.33333,25,12.5,0.395833,Cookies Mix,Powder,UNRESOLVED,UNRESOLVED,Unknown,unresolved,0,0,0,TRUE,2026-04-07T09:21:17.880566+00:00
CAROLINE VANILLA CUPCAKES MIX,140,585.76,2,34,18,,1,,Cupcakes Mix,Powder,UNRESOLVED,UNRESOLVED,Unknown,unresolved,0,0,0,TRUE,2026-04-07T09:21:17.880566+00:00
CARREFOUR 10 MIN PRECOOKED WHEAT,,,,,,,,,,,UNRESOLVED,UNRESOLVED,Unknown,unresolved,0,0,0,TRUE,2026-04-07T09:21:17.880566+00:00
CARREFOUR 64% COCOA DESSERT CHOCOLATE BAR,545,2266,9.1,41,36,36,10,,Chocolate Bar,Paste,UNRESOLVED,UNRESOLVED,Unknown,unresolved,0,0,0,TRUE,2026-04-07T09:21:17.880566+00:00
CARREFOUR APRICOT CEREAL BAR,371,1566,5.3,72,24,5.8,,,Cereal Bar,Solid,UNRESOLVED,UNRESOLVED,Unknown,unresolved,0,0,0,TRUE,2026-04-07T09:21:17.880566+00:00
CARREFOUR APRICOT FRUIT JAM,48,200.832,1.4,11,9,0.4,2,0.001,Jam,Jelly,UNRESOLVED,UNRESOLVED,Unknown,unresolved,0,0,0,TRUE,2026-04-07T09:21:17.880566+00:00
CARREFOUR ARABIATA PASTA SAUCE,46,192,1.2,7,5,1,1.3,,Sauce,Paste,UNRESOLVED,UNRESOLVED,Unknown,unresolved,0,0,0,TRUE,2026-04-07T09:21:17.880566+00:00
CARREFOUR BAKING YEAST,93,390,50,33,,6,,,Baking Yeast,Powder,UNRESOLVED,UNRESOLVED,Unknown,unresolved,0,0,0,TRUE,2026-04-07T09:21:17.880566+00:00
CARREFOUR BARBECUE SAUCE,121,513,1.1,27,24,0.7,1.2,,Barbecue Sauce,Paste,UNRESOLVED,UNRESOLVED,Unknown,unresolved,0,0,0,TRUE,2026-04-07T09:21:17.880566+00:00
CARREFOUR BASIL TOMATO COOKING SAUCE,54,228,0.9,8.6,5.5,1.5,1.4,,Cooking Sauce,Paste,UNRESOLVED,UNRESOLVED,Unknown,unresolved,0,0,0,TRUE,2026-04-07T09:21:17.880566+00:00
CARREFOUR BEEF CHILI CON CARNE READY MEAL,114,476,6.9,12,1.6,3.3,4.1,,Con Carne Ready Meal,Solid,UNRESOLVED,UNRESOLVED,Unknown,unresolved,0,0,0,TRUE,2026-04-07T09:21:17.880566+00:00
CARREFOUR BIO APRICOT FRUIT JAM,246,1048,0.6,58,58,0.2,1.1,0.00104,Jam,Jelly,UNRESOLVED,UNRESOLVED,Unknown,unresolved,0,0,0,TRUE,2026-04-07T09:21:17.880566+00:00
CARREFOUR BIO COCONUT CRISPS,,,,,,,,,,,UNRESOLVED,UNRESOLVED,Unknown,unresolved,0,0,0,TRUE,2026-04-07T09:21:17.880566+00:00
CARREFOUR BIO DARK ALMOND,550,2289,8.1,43,40,36,11,,,,UNRESOLVED,UNRESOLVED,Unknown,unresolved,0,0,0,TRUE,2026-04-07T09:21:17.880566+00:00
CARREFOUR BIO DARK ORANGE,551,2293,7.1,44,41,36,12,0.008,,,UNRESOLVED,UNRESOLVED,Unknown,unresolved,0,0,0,TRUE,2026-04-07T09:21:17.880566+00:00
CARREFOUR BIO MILK HAZELNUT CHOCOLATE BAR,565,2351,8.1,41,39,40,4.5,,Chocolate Bar,Solid,UNRESOLVED,UNRESOLVED,Unknown,unresolved,0,0,0,TRUE,2026-04-07T09:21:17.880566+00:00
CARREFOUR BIO ORGANIC 74 COCOA DARK CHOCOLATE BAR,567,2353,9.6,32,27,42,12,,Chocolate Bar,Solid,UNRESOLVED,UNRESOLVED,Unknown,unresolved,0,0,0,TRUE,2026-04-07T09:21:17.880566+00:00
CARREFOUR BIO PERU 85%,631,2610,9.1,20,15,55,12,,,,UNRESOLVED,UNRESOLVED,Unknown,unresolved,0,0,0,TRUE,2026-04-07T09:21:17.880566+00:00
CARREFOUR BISCUITS DUO GLACIER,,,,,,,,,,,UNRESOLVED,UNRESOLVED,Unknown,unresolved,0,0,0,TRUE,2026-04-07T09:21:17.880566+00:00
CARREFOUR BISCUITS FILLED WITH CHOCOLATE+,,,,,,,,,,,UNRESOLVED,UNRESOLVED,Unknown,unresolved,0,0,0,TRUE,2026-04-07T09:21:17.880566+00:00
CARREFOUR CHEESE POTATO CHIPS,525,2196.6,9.1,56,2.9,30,4.4,0.287,Potato Chips,Solid,UNRESOLVED,UNRESOLVED,Unknown,unresolved,0,0,0,TRUE,2026-04-07T09:21:17.880566+00:00
CARREFOUR CHOCOTIZ LENT CHOCO,,,,,,,,,,,UNRESOLVED,UNRESOLVED,Unknown,unresolved,0,0,0,TRUE,2026-04-07T09:21:17.880566+00:00
CARREFOUR CLASSIC VANILLA SUGAR,,,,,,,,,,,UNRESOLVED,UNRESOLVED,Unknown,unresolved,0,0,0,TRUE,2026-04-07T09:21:17.880566+00:00
CARREFOUR COFFEE CAPSULE DECAFF,,,,,,,,,,,UNRESOLVED,UNRESOLVED,Unknown,unresolved,0,0,0,TRUE,2026-04-07T09:21:17.880566+00:00
CARREFOUR CORNEEZ CHILLI CRISPY CORN SNACKS,520,2175.68,3.5,64,4,28,3.6,1.029,Corn Snacks,Solid,UNRESOLVED,UNRESOLVED,Unknown,unresolved,0,0,0,TRUE,2026-04-07T09:21:17.880566+00:00
CARREFOUR COUSCOUS THIN SEMOULINA,350,1482,12,70,3,1.5,4,0.004,Semolina,Solid,UNRESOLVED,UNRESOLVED,Unknown,unresolved,0,0,0,TRUE,2026-04-07T09:21:17.880566+00:00
CARREFOUR DARK CHOCOLATE BUTTER BISCUITS,511,2142,6.9,67,36,23,4.3,,Biscuits,Solid,UNRESOLVED,UNRESOLVED,Unknown,unresolved,0,0,0,TRUE,2026-04-07T09:21:17.880566+00:00
CARREFOUR DESSERT MILK CHOCOLATE BAR,554,2308,6.7,53,52,35,2,,Chocolate Bar,Solid,UNRESOLVED,UNRESOLVED,Unknown,unresolved,0,0,0,TRUE,2026-04-07T09:21:17.880566+00:00
CARREFOUR EXOTIQUE SALSA SAUCE,,,,,,,,,,,UNRESOLVED,UNRESOLVED,Unknown,unresolved,0,0,0,TRUE,2026-04-07T09:21:17.880566+00:00
CARREFOUR EXTRA FINE TABLET TASTING MILK CHOCOLATE BAR,570,2374,9.1,49,48,37,2.1,,Chocolate Bar,Solid,UNRESOLVED,UNRESOLVED,Unknown,unresolved,0,0,0,TRUE,2026-04-07T09:21:17.880566+00:00
CARREFOUR GALETTE COCONUT BISCUITS,479,2011,5.5,69,30,20,2.3,,Biscuit,Solid,UNRESOLVED,UNRESOLVED,Unknown,unresolved,0,0,0,TRUE,2026-04-07T09:21:17.880566+00:00
CARREFOUR GREEN LENTILS,,,,,,,,,,,UNRESOLVED,UNRESOLVED,Unknown,unresolved,0,0,0,TRUE,2026-04-07T09:21:17.880566+00:00
CARREFOUR HANDCOOKED CHEESE POTATO CHIPS,213,891.192,3.5,21,1.2,13,1.9,0.1,Potato Chips,Solid,UNRESOLVED,UNRESOLVED,Unknown,unresolved,0,0,0,TRUE,2026-04-07T09:21:17.880566+00:00
CARREFOUR HANDCOOKED CHILI POTATO CHIPS,214,895.376,3.7,21,1.9,13,1.7,0.234,Potato Chips,Solid,UNRESOLVED,UNRESOLVED,Unknown,unresolved,0,0,0,TRUE,2026-04-07T09:21:17.880566+00:00
CARREFOUR HANDCOOKED SEA SALT AND CIDER VINEGAR POTATO CHIPS,208,870.272,3.8,21,1.7,12,1.7,0.228,Potato Chips,Solid,UNRESOLVED,UNRESOLVED,Unknown,unresolved,0,0,0,TRUE,2026-04-07T09:21:17.880566+00:00
CARREFOUR HARD TOFFEE CANDY,,,,,,,,,,,UNRESOLVED,UNRESOLVED,Unknown,unresolved,0,0,0,TRUE,2026-04-07T09:21:17.880566+00:00
CARREFOUR IODIZED FINE TABLE SALT RED,0,0,0,0,0,0,0,0.0387,Salt,Powder,UNRESOLVED,UNRESOLVED,Unknown,unresolved,0,0,0,TRUE,2026-04-07T09:21:17.880566+00:00
CARREFOUR JAM PEACH,,,,,,,,,,,UNRESOLVED,UNRESOLVED,Unknown,unresolved,0,0,0,TRUE,2026-04-07T09:21:17.880566+00:00
CARREFOUR JAM RHUBARB,238,995.792,0.3,59,59,,1.4,,Rhubarb Jam,Paste,UNRESOLVED,UNRESOLVED,Unknown,unresolved,0,0,0,TRUE,2026-04-07T09:21:17.880566+00:00
CARREFOUR KIDS BISCUITS FILLED WITH VANILLA+,,,,,,,,,,,UNRESOLVED,UNRESOLVED,Unknown,unresolved,0,0,0,TRUE,2026-04-07T09:21:17.880566+00:00
CARREFOUR M GREEN GRAMS POLISHED,,,,,,,,,,,"PULSES - PEAS, LENTILS, BEANS",GREEN GRAMS,Unprocessed/Minimally processed foods,simulated_lookup_fuzzy,0.772,0.742,0.762,TRUE,2026-04-07T09:21:17.880566+00:00
CARREFOUR M GREEN LENTIS,,,,,,,,,,,UNRESOLVED,UNRESOLVED,Unknown,unresolved,0,0,0,TRUE,2026-04-07T09:21:17.880566+00:00
CARREFOUR M POPCORN KERNELS,,,,,,,,,,,UNRESOLVED,UNRESOLVED,Unknown,unresolved,0,0,0,TRUE,2026-04-07T09:21:17.880566+00:00
CARREFOUR M VEGETABLE OIL,884,,0,0,,97,,15.5,,Liquid,UNRESOLVED,UNRESOLVED,Unknown,unresolved,0,0,0,TRUE,2026-04-07T09:21:17.880566+00:00
CARREFOUR MARSHMALLOWS,332,1412,3.6,79,71,0.5,0,,Marshmallows,Solid,UNRESOLVED,UNRESOLVED,Unknown,unresolved,0,0,0,TRUE,2026-04-07T09:21:17.880566+00:00
CARREFOUR MILK CHOCO ROCHER,592,,8.2,43.8,,42.7,2.63,,,,UNRESOLVED,UNRESOLVED,Unknown,unresolved,0,0,0,TRUE,2026-04-07T09:21:17.880566+00:00
CARREFOUR MILK CHOCOLATE BUTTER BISCUITS,506,2123,6.8,69,40,22,2.6,,Biscuits,Solid,UNRESOLVED,UNRESOLVED,Unknown,unresolved,0,0,0,TRUE,2026-04-07T09:21:17.880566+00:00
CARREFOUR MINERAL WATER,0,0,,,,,,0.01462,Mineral Water,Liquid,UNRESOLVED,UNRESOLVED,Unknown,unresolved,0,0,0,TRUE,2026-04-07T09:21:17.880566+00:00
CARREFOUR MINERAL WATER 1 LITRE,,,,,,,,,,,UNRESOLVED,UNRESOLVED,Unknown,unresolved,0,0,0,TRUE,2026-04-07T09:21:17.880566+00:00
CARREFOUR MLOGO PASTA FUSILI,364,1522.9,7,72,,1,3,0,Pasta,Solid,UNRESOLVED,UNRESOLVED,Unknown,unresolved,0,0,0,TRUE,2026-04-07T09:21:17.880566+00:00
CARREFOUR MLOGO PASTA SPAGHETTI,363,1518.7,12,74,3,1,2,0,Pasta,Solid,UNRESOLVED,UNRESOLVED,Unknown,unresolved,0,0,0,TRUE,2026-04-07T09:21:17.880566+00:00
CARREFOUR MUSHROOM FOREST TOMATO COOKING SAUCE,71,296,2.1,5.7,4.5,3.6,3.8,0.43,Cooking Sauce,Paste,UNRESOLVED,UNRESOLVED,Unknown,unresolved,0,0,0,TRUE,2026-04-07T09:21:17.880566+00:00
CARREFOUR NACHO CHEESE TORTILLA CHIPS,481,2012.5,6,70,48,20,47,1.05,Tortilla Chips,Solid,UNRESOLVED,UNRESOLVED,Unknown,unresolved,0,0,0,TRUE,2026-04-07T09:21:17.880566+00:00
CARREFOUR NATURAL LIGHT VINAIGRETTE SALAD DRESSING,239,982,,2.5,2.5,50,,0.001,Salad Dressing,Liquid,UNRESOLVED,UNRESOLVED,Unknown,unresolved,0,0,0,TRUE,2026-04-07T09:21:17.880566+00:00
CARREFOUR NYAYO BEANS,,,,,,,,,,,UNRESOLVED,UNRESOLVED,Unknown,unresolved,0,0,0,TRUE,2026-04-07T09:21:17.880566+00:00
CARREFOUR ORANGE MARMALADE JAM,245,1025.08,0.3,65,60,0.3,0.7,0.037,Jam,Jelly,UNRESOLVED,UNRESOLVED,Unknown,unresolved,0,0,0,TRUE,2026-04-07T09:21:17.880566+00:00
CARREFOUR PASTA CONCHIGLE RIGATE,339,1418.3,4,78,61,0,0,0,Pasta,Solid,UNRESOLVED,UNRESOLVED,Unknown,unresolved,0,0,0,TRUE,2026-04-07T09:21:17.880566+00:00
CARREFOUR PASTA DITALI RIGATI,349,1460.2,0,0,0,1,0,0,Pasta,Solid,UNRESOLVED,UNRESOLVED,Unknown,unresolved,0,0,0,TRUE,2026-04-07T09:21:17.880566+00:00
CARREFOUR PASTA FARFALLE,344,1439.3,12,68,3,2,3,0,Pasta,Solid,UNRESOLVED,UNRESOLVED,Unknown,unresolved,0,0,0,TRUE,2026-04-07T09:21:17.880566+00:00
CARREFOUR PASTA RISETTI,365,1527.16,13,72,3,2,3,0.005,Pasta,Solid,UNRESOLVED,UNRESOLVED,Unknown,unresolved,0,0,0,TRUE,2026-04-07T09:21:17.880566+00:00
CARREFOUR PASTA TRIPOLINI,357,1493.6,12,75,1,0,3,0.002,Pasta,Solid,UNRESOLVED,UNRESOLVED,Unknown,unresolved,0,0,0,TRUE,2026-04-07T09:21:17.880566+00:00
CARREFOUR PASTA VERMICELLI,354,1481.1,13,72,0,1,2,0,Pasta,Solid,UNRESOLVED,UNRESOLVED,Unknown,unresolved,0,0,0,TRUE,2026-04-07T09:21:17.880566+00:00
CARREFOUR PASTRY FLAN CREAM MIX,387,1643,0.7,94,55,0.8,,,Flan Cream Mix,Powder,UNRESOLVED,UNRESOLVED,Unknown,unresolved,0,0,0,TRUE,2026-04-07T09:21:17.880566+00:00
CARREFOUR PEACH ACID SWEETS JELLY,53.2,222.5,5.4,14,0.1,0,0.2,0.006,Jelly,Jelly,UNRESOLVED,UNRESOLVED,Unknown,unresolved,0,0,0,TRUE,2026-04-07T09:21:17.880566+00:00
CARREFOUR PETIT BEURRE BISCUIT,,,,,,,,,,,UNRESOLVED,UNRESOLVED,Unknown,unresolved,0,0,0,TRUE,2026-04-07T09:21:17.880566+00:00
CARREFOUR POP & CROC POCKET CHOCOLATE,,,,,,,,,,,UNRESOLVED,UNRESOLVED,Unknown,unresolved,0,0,0,TRUE,2026-04-07T09:21:17.880566+00:00
CARREFOUR POTATO CHIPS HAND COOKED ONION,,,,,,,,,,,UNRESOLVED,UNRESOLVED,Unknown,unresolved,0,0,0,TRUE,2026-04-07T09:21:17.880566+00:00
CARREFOUR POTATO CRISPS SALTED,,,,,,,,,,,UNRESOLVED,UNRESOLVED,Unknown,unresolved,0,0,0,TRUE,2026-04-07T09:21:17.880566+00:00
CARREFOUR RASPBERRY JAM,,,,,,,,,,,UNRESOLVED,UNRESOLVED,Unknown,unresolved,0,0,0,TRUE,2026-04-07T09:21:17.880566+00:00
CARREFOUR READY MEAL BEEF RAVIOLI,87,364.008,4.2,,,,1.8,,Ravioli,Solid,UNRESOLVED,UNRESOLVED,Unknown,unresolved,0,0,0,TRUE,2026-04-07T09:21:17.880566+00:00
CARREFOUR READY MEAL BOURGUIGNON BEEF,,,,,,,,,,,UNRESOLVED,UNRESOLVED,Unknown,unresolved,0,0,0,TRUE,2026-04-07T09:21:17.880566+00:00
CARREFOUR READY MEAL CASSOULET,,,,,,,,,,,UNRESOLVED,UNRESOLVED,Unknown,unresolved,0,0,0,TRUE,2026-04-07T09:21:17.880566+00:00
CARREFOUR RED VINEGAR,89,362,0.01,1.2,1.2,,,5.00E-05,Vinegar,Liquid,UNRESOLVED,UNRESOLVED,Unknown,unresolved,0,0,0,TRUE,2026-04-07T09:21:17.880566+00:00
CARREFOUR REDCURRANT JELLY,,,,,,,,,,,UNRESOLVED,UNRESOLVED,Unknown,unresolved,0,0,0,TRUE,2026-04-07T09:21:17.880566+00:00
CARREFOUR ROCHER NOIR,557,2321,,,,36,,,,,UNRESOLVED,UNRESOLVED,Unknown,unresolved,0,0,0,TRUE,2026-04-07T09:21:17.880566+00:00
CARREFOUR RUSSIAN CIGARETTE BISCUIT,,,,,,,,,,,UNRESOLVED,UNRESOLVED,Unknown,unresolved,0,0,0,TRUE,2026-04-07T09:21:17.880566+00:00
CARREFOUR SALT AND VINEGAR POTATO CHIPS,532,2225.89,9.1,53,0.5,32,4.2,0.351,Potato Chips,Solid,UNRESOLVED,UNRESOLVED,Unknown,unresolved,0,0,0,TRUE,2026-04-07T09:21:17.880566+00:00
CARREFOUR SALTED POTATO CHIPS,536,2242.62,8.4,55,0.5,32,4.7,0.394,Potato Chips,Solid,UNRESOLVED,UNRESOLVED,Unknown,unresolved,0,0,0,TRUE,2026-04-07T09:21:17.880566+00:00
CARREFOUR SELECTION 72 COCOA BEANS DARK CHOCOLATE BAR,539,2241,9,41,36,35,11,,Chocolate Bar,Solid,UNRESOLVED,UNRESOLVED,Unknown,unresolved,0,0,0,TRUE,2026-04-07T09:21:17.880566+00:00
CARREFOUR SELECTION BBQ SAUCE,,,,,,,,,,,UNRESOLVED,UNRESOLVED,Unknown,unresolved,0,0,0,TRUE,2026-04-07T09:21:17.880566+00:00
CARREFOUR SELECTION DARK ORANGE CHOCOLATE BAR,538,2239,6.5,43,37,35,8.2,,Chocolate Bar,Solid,UNRESOLVED,UNRESOLVED,Unknown,unresolved,0,0,0,TRUE,2026-04-07T09:21:17.880566+00:00
CARREFOUR SELECTION MANGO SICHUAN PEPPER DARK CHOCOLATE BAR,520,2169,6,54,47,29,7.2,,Chocolate Bar,Solid,UNRESOLVED,UNRESOLVED,Unknown,unresolved,0,0,0,TRUE,2026-04-07T09:21:17.880566+00:00
CARREFOUR SELECTION PEAR DARK CHOCOLATE BAR,540,2247,6.9,43,40,37,8.3,,Chocolate Bar,Solid,UNRESOLVED,UNRESOLVED,Unknown,unresolved,0,0,0,TRUE,2026-04-07T09:21:17.880566+00:00
CARREFOUR SELECTION SALTED CARAMEL,,,,,,,,,,,UNRESOLVED,UNRESOLVED,Unknown,unresolved,0,0,0,TRUE,2026-04-07T09:21:17.880566+00:00
CARREFOUR SELECTION SWEET CHILI SAUCE,,,,,,,,,,,UNRESOLVED,UNRESOLVED,Unknown,unresolved,0,0,0,TRUE,2026-04-07T09:21:17.880566+00:00
CARREFOUR SOUR CHERRY JAM,283,1185,0.8,70,50.7,0.1,,,Food,Solid,UNRESOLVED,UNRESOLVED,Unknown,unresolved,0,0,0,TRUE,2026-04-07T09:21:17.880566+00:00
CARREFOUR SOURCHERRY JAM SUGAR FREE,,,,,,,,,,,UNRESOLVED,UNRESOLVED,Unknown,unresolved,0,0,0,TRUE,2026-04-07T09:21:17.880566+00:00
CARREFOUR SPICY NACHO TORTILLA CHIPS,489,2045.98,5.8,70,28,21,4.5,0.842,Tortilla Chips,Solid,UNRESOLVED,UNRESOLVED,Unknown,unresolved,0,0,0,TRUE,2026-04-07T09:21:17.880566+00:00
CARREFOUR STICK AND CHOCOLATE WHITE CHOCOLATE FINGER BISCUITS,525,2195,6.6,61,38,28,1.2,,Biscuits,Solid,UNRESOLVED,UNRESOLVED,Unknown,unresolved,0,0,0,TRUE,2026-04-07T09:21:17.880566+00:00
CARREFOUR STRAWBERRY JAM,283,1185,2.5,68,53,0.1,,,Food,Solid,JAM/OTHER SPREADS,FRUIT JAM,Ultra-processed foods,simulated_lookup_fuzzy,0.727,0.697,0.717,TRUE,2026-04-07T09:21:17.880566+00:00
CARREFOUR STRAWBERRY JAM SUGAR FREE,,,,,,,,,,,UNRESOLVED,UNRESOLVED,Unknown,unresolved,0,0,0,TRUE,2026-04-07T09:21:17.880566+00:00
CARREFOUR SUGAR-FREE FRUIT CANDY,,,,,,,,,,,UNRESOLVED,UNRESOLVED,Unknown,unresolved,0,0,0,TRUE,2026-04-07T09:21:17.880566+00:00
CARREFOUR TOMATO KETCHUP POTATO CHIPS,545,2280.28,8.7,51,2.7,34,3.9,0.396,Potato Chips,Solid,UNRESOLVED,UNRESOLVED,Unknown,unresolved,0,0,0,TRUE,2026-04-07T09:21:17.880566+00:00
CARREFOUR TOMATO OLIVE COOKING SAUCE,59,249,1.6,7.4,5.7,2.1,,,Cooking Sauce,Paste,UNRESOLVED,UNRESOLVED,Unknown,unresolved,0,0,0,TRUE,2026-04-07T09:21:17.880566+00:00
CARREFOUR TOMATO PASTE,92,384.928,4.4,18,13,,3.9,0.82,Tomato Paste,Paste,TOMATO PASTE,TOMATO PASTE,Processed foods,simulated_lookup_fuzzy,0.773,0.743,0.763,TRUE,2026-04-07T09:21:17.880566+00:00
CARREFOUR TOMATO PUREE,34,145,1,5,5,0,,,Tomato Puree,Paste,UNRESOLVED,UNRESOLVED,Unknown,unresolved,0,0,0,TRUE,2026-04-07T09:21:17.880566+00:00
CARREFOUR TUTTI FRUTTI SOUR CANDY,,,,,,,,,,,UNRESOLVED,UNRESOLVED,Unknown,unresolved,0,0,0,TRUE,2026-04-07T09:21:17.880566+00:00
CARREFOUR WHITE FLAKES OATS,385,1610,12.4,66,,8.13,4,,Oats,Solid,UNRESOLVED,UNRESOLVED,Unknown,unresolved,0,0,0,TRUE,2026-04-07T09:21:17.880566+00:00
CARREFOUR WHITE VINEGAR,89,362,0.01,1.2,1.2,,,5.00E-05,Vinegar,Liquid,TABLE SAUCES,VINEGAR,Ultra-processed foods,simulated_lookup_fuzzy,0.75,0.72,0.74,TRUE,2026-04-07T09:21:17.880566+00:00
CARREFOUR XTREM CHOCOLATE HAZELNUT FILLED BISCUITS,493,2065,7,63,38,23,3,,Biscuits,Solid,UNRESOLVED,UNRESOLVED,Unknown,unresolved,0,0,0,TRUE,2026-04-07T09:21:17.880566+00:00
CARREFOUR YELLOW PLUM JAM,72,2408,1.4,59,59,,1.1,,Jam,Jelly,UNRESOLVED,UNRESOLVED,Unknown,unresolved,0,0,0,TRUE,2026-04-07T09:21:17.880566+00:00
CARREFOUR ZOO MINI BISCUIT,201,840.984,2.8,27.2,12.8,8.8,0.9,0.1,Biscuit,Solid,UNRESOLVED,UNRESOLVED,Unknown,unresolved,0,0,0,TRUE,2026-04-07T09:21:17.880566+00:00
CARRS TABLE WATER BITE ORIGINAL,417,1759,10.1,74.7,1.6,7.7,4.2,0.6,Crackers,Solid,UNRESOLVED,UNRESOLVED,Unknown,unresolved,0,0,0,TRUE,2026-04-07T09:21:17.880566+00:00
CARRS TABLE WATER CRACKED PEPPE,,,,,,,,,Crackers,Solid,UNRESOLVED,UNRESOLVED,Unknown,unresolved,0,0,0,TRUE,2026-04-07T09:21:17.880566+00:00
CARRS TABLE WATER SESAME BISCUIT,425,1792,10.5,71.5,1.5,9.7,4.7,0.6,Crackers,Solid,UNRESOLVED,UNRESOLVED,Unknown,unresolved,0,0,0,TRUE,2026-04-07T09:21:17.880566+00:00
CASA DEL DOLCE GLUTEN FREE MOLLY MARSHMALLOW,377,1409,5.8,78,68.9,0.1,0.1,0.0001,Marshmallow,Solid,UNRESOLVED,UNRESOLVED,Unknown,unresolved,0,0,0,TRUE,2026-04-07T09:21:17.880566+00:00
CASA DEL DOLCE PANNA FRAGOLA BUBBLE GUM,70,292.88,0,17,13,0,0,0.123,Bubble Gum,Solid,UNRESOLVED,UNRESOLVED,Unknown,unresolved,0,0,0,TRUE,2026-04-07T09:21:17.880566+00:00
CASA DEL DOLCE PLANET GUM,,,,,,,,,,,UNRESOLVED,UNRESOLVED,Unknown,unresolved,0,0,0,TRUE,2026-04-07T09:21:17.880566+00:00
CASA DEL DOLCE TRINKOLA COLA FLAVOUR CANDY DRINK,47,199,0,10,10,0,,,Candy Drink,Liquid,UNRESOLVED,UNRESOLVED,Unknown,unresolved,0,0,0,TRUE,2026-04-07T09:21:17.880566+00:00
CAWSTON PRESS APPLE SPRK WTR,,,,,,,,,,,UNRESOLVED,UNRESOLVED,Unknown,unresolved,0,0,0,TRUE,2026-04-07T09:21:17.880566+00:00
CERES DELIGHT APPLE AND BLACKCURRANT NECTOR JUICE,,,,,,,,,Nector Juice,Liquid,UNRESOLVED,UNRESOLVED,Unknown,unresolved,0,0,0,TRUE,2026-04-07T09:21:17.880566+00:00
CERES DELIGHT ORANGE JUICE 250M,100,400,1,22,0,0,0,0,Juice,Liquid,UNRESOLVED,UNRESOLVED,Unknown,unresolved,0,0,0,TRUE,2026-04-07T09:21:17.880566+00:00
CERES HANEPOOT 100 WHITE GRAPE JUICE,,,,,,,,,Juice,Liquid,UNRESOLVED,UNRESOLVED,Unknown,unresolved,0,0,0,TRUE,2026-04-07T09:21:17.880566+00:00
CERES JUICE CRANBERRY/KIWI 100%,,,,,,,,,Juice,Liquid,UNRESOLVED,UNRESOLVED,Unknown,unresolved,0,0,0,TRUE,2026-04-07T09:21:17.880566+00:00
CERES JUICE ORANGE 100%,,,,,,,,,Orange Juice,Liquid,UNRESOLVED,UNRESOLVED,Unknown,unresolved,0,0,0,TRUE,2026-04-07T09:21:17.880566+00:00
CERES SEASON'S TREASURE 100%,,,,,,,,,Juice,Liquid,UNRESOLVED,UNRESOLVED,Unknown,unresolved,0,0,0,TRUE,2026-04-07T09:21:17.880566+00:00
CHAIN KWO HOISIN SAUCE,,,,,,,,,,,UNRESOLVED,UNRESOLVED,Unknown,unresolved,0,0,0,TRUE,2026-04-07T09:21:17.880566+00:00
CHAIN KWO MUSHROOM DARK SOYA SAUCE,,,,,,,,,Sauce,Liquid,UNRESOLVED,UNRESOLVED,Unknown,unresolved,0,0,0,TRUE,2026-04-07T09:21:17.880566+00:00
CHAIN KWO NATURALLY BREWED SOYA SAUCE,,,,,,,,,Sauce,Liquid,UNRESOLVED,UNRESOLVED,Unknown,unresolved,0,0,0,TRUE,2026-04-07T09:21:17.880566+00:00
CHAIN KWO OYSTER SAUCE,150,448,2.5,23.6,19.1,,,1.8,Oyster Sauce,Paste,UNRESOLVED,UNRESOLVED,Unknown,unresolved,0,0,0,TRUE,2026-04-07T09:21:17.880566+00:00
CHAIN KWO PURE SESAME OIL,816,3414.14,,0.4,,90.5,,,Sesame Oil,Liquid,UNRESOLVED,UNRESOLVED,Unknown,unresolved,0,0,0,TRUE,2026-04-07T09:21:17.880566+00:00
CHAIN KWO QUICK COOKING NOODLES,359,1502.06,13,77,0,0,0,0,Noodles,Solid,UNRESOLVED,UNRESOLVED,Unknown,unresolved,0,0,0,TRUE,2026-04-07T09:21:17.880566+00:00
CHAIN KWO RICE VINEGAR,10,41.8,,,,,,0.0003,Vinegar,Liquid,UNRESOLVED,UNRESOLVED,Unknown,unresolved,0,0,0,TRUE,2026-04-07T09:21:17.880566+00:00
CHAIN KWO SIRACHA CHILI SAUCE,122,513,1.8,23,18,1.3,,,Sauce,Paste,UNRESOLVED,UNRESOLVED,Unknown,unresolved,0,0,0,TRUE,2026-04-07T09:21:17.880566+00:00
CHAIN KWO SUPERIOR DARK SOYA SAUCE,,,,,,,,,Sauce,Liquid,COOKING SAUCES,SOY SAUCE,Ultra-processed foods,simulated_lookup_fuzzy,0.787,0.757,0.777,TRUE,2026-04-07T09:21:17.880566+00:00
CHAIN KWO SUPERIOR LIGHT SOYA SAUCE,,,,,,,,,Sauce,Liquid,COOKING SAUCES,SOY SAUCE,Ultra-processed foods,simulated_lookup_fuzzy,0.794,0.764,0.784,TRUE,2026-04-07T09:21:17.880566+00:00
CHAIN KWO SWEET AND SOUR SAUCE,191,799,0.5,45.6,33,0.3,,,Sauce,Paste,UNRESOLVED,UNRESOLVED,Unknown,unresolved,0,0,0,TRUE,2026-04-07T09:21:17.880566+00:00
CHAIN KWO SWEET CHILI SAUCE,230,962.32,0,56,0,0,0,0,Sauce,Paste,UNRESOLVED,UNRESOLVED,Unknown,unresolved,0,0,0,TRUE,2026-04-07T09:21:17.880566+00:00
CHAIN TWO DARK SOY SAUCE,120,510,1.3,28.6,24.8,0.1,,,Sauce,Paste,UNRESOLVED,UNRESOLVED,Unknown,unresolved,0,0,0,TRUE,2026-04-07T09:21:17.880566+00:00
CHAMDOR SPARKLING RED GRAPE WINE,,,,,,,,,Wine,Liquid,UNRESOLVED,UNRESOLVED,Unknown,unresolved,0,0,0,TRUE,2026-04-07T09:21:17.880566+00:00
CHANDAN 5 IN 1 MIX,,,,,,,,,,,UNRESOLVED,UNRESOLVED,Unknown,unresolved,0,0,0,TRUE,2026-04-07T09:21:17.880566+00:00
CHANDAN ABAJPATI GOLI,,,,,,,,,,,UNRESOLVED,UNRESOLVED,Unknown,unresolved,0,0,0,TRUE,2026-04-07T09:21:17.880566+00:00
CHANDAN COCKTAIL THUNDER,,,,,,,,,,,UNRESOLVED,UNRESOLVED,Unknown,unresolved,0,0,0,TRUE,2026-04-07T09:21:17.880566+00:00
CHANDAN FRESH MINT,,,,,,,,,,,UNRESOLVED,UNRESOLVED,Unknown,unresolved,0,0,0,TRUE,2026-04-07T09:21:17.880566+00:00
CHANDAN FRESH MINT ROSE,,,,,,,,,,,UNRESOLVED,UNRESOLVED,Unknown,unresolved,0,0,0,TRUE,2026-04-07T09:21:17.880566+00:00
CHANDAN JAMUNVATI,,,,,,,,,,,UNRESOLVED,UNRESOLVED,Unknown,unresolved,0,0,0,TRUE,2026-04-07T09:21:17.880566+00:00
CHANDAN KACHI KAIRI,,,4.7,83.9,70.6,6,,,,,UNRESOLVED,UNRESOLVED,Unknown,unresolved,0,0,0,TRUE,2026-04-07T09:21:17.880566+00:00
CHANDAN NATKHAT IMLI,,,4.7,83.9,70.6,6,,,,,UNRESOLVED,UNRESOLVED,Unknown,unresolved,0,0,0,TRUE,2026-04-07T09:21:17.880566+00:00
CHANDAN PAN DELIGHT,,,4.7,83.9,70.6,6,,,,,UNRESOLVED,UNRESOLVED,Unknown,unresolved,0,0,0,TRUE,2026-04-07T09:21:17.880566+00:00
CHANDAN PERUVATI,,,,,,,,,,,UNRESOLVED,UNRESOLVED,Unknown,unresolved,0,0,0,TRUE,2026-04-07T09:21:17.880566+00:00
CHAPA MANDASHI BAKING POWDER,52.1739,218.261,,28.2609,,,,10.6087,Baking Powder,Powder,UNRESOLVED,UNRESOLVED,Unknown,unresolved,0,0,0,TRUE,2026-04-07T09:21:17.880566+00:00
CHEF KING BALSAMIC VINEGAR,70,292.88,,0.3,0.1,,,,Vinegar,Liquid,UNRESOLVED,UNRESOLVED,Unknown,unresolved,0,0,0,TRUE,2026-04-07T09:21:17.880566+00:00
CHEF KING BLENDED SESAME OIL,810,3389.04,0,0,0,91,0,0,Oil,Liquid,UNRESOLVED,UNRESOLVED,Unknown,unresolved,0,0,0,TRUE,2026-04-07T09:21:17.880566+00:00
CHEF KING OYSTER SAUCE,136,569.024,5,29,23,0,0,4.379,Oyster Sauce,Paste,UNRESOLVED,UNRESOLVED,Unknown,unresolved,0,0,0,TRUE,2026-04-07T09:21:17.880566+00:00
CHEF KING SUPERIOR LIGHT SOYA SAUCE,50,209.2,5,6,,,,6.477,Sauce,Liquid,COOKING SAUCES,SOY SAUCE,Ultra-processed foods,simulated_lookup_fuzzy,0.794,0.764,0.784,TRUE,2026-04-07T09:21:17.880566+00:00
CHEF KING SWEET CHILLI SAUCE,172,719.648,0.5,42,39,,,,Chilli Sauce,Paste,UNRESOLVED,UNRESOLVED,Unknown,unresolved,0,0,0,TRUE,2026-04-07T09:21:17.880566+00:00
CHEN KE MING DRIED SPAGHETTI,172.222,720.556,6.66667,35,0,0.555556,1.66667,0.161111,Noodles,Solid,UNRESOLVED,UNRESOLVED,Unknown,unresolved,0,0,0,TRUE,2026-04-07T09:21:17.880566+00:00
CHESTNUT,190,794.96,5,,,,,,Chestnut,Solid,UNRESOLVED,UNRESOLVED,Unknown,unresolved,0,0,0,TRUE,2026-04-07T09:21:17.880566+00:00
CHIA ORGANIC PREMIUM SEED BLACK,138,1870,4,12,1,9,11,0.001,Chia Seed,Solid,UNRESOLVED,UNRESOLVED,Unknown,unresolved,0,0,0,TRUE,2026-04-07T09:21:17.880566+00:00
CHIA ORGANIC WHITE CHIA SEED,138,1870,4,12,1,9,11,0.001,Chia Seed,Solid,UNRESOLVED,UNRESOLVED,Unknown,unresolved,0,0,0,TRUE,2026-04-07T09:21:17.880566+00:00
CHICKEN TONIGHT SPANISH CHICKEN SAUCE,43,180,1.1,6.9,5.5,0.9,1.3,0,Sauce,Paste,UNRESOLVED,UNRESOLVED,Unknown,unresolved,0,0,0,TRUE,2026-04-07T09:21:17.880566+00:00
CHIGS CHEESE LIP LICKING POTATO CRISPS,530,2217.5,7,55,,15,3.8,0.0018,Potato Crisps,Solid,UNRESOLVED,UNRESOLVED,Unknown,unresolved,0,0,0,TRUE,2026-04-07T09:21:17.880566+00:00
CHIGS CHEESE ONION CRISPS,535.135,2239.01,5.40541,48.6486,,32.4324,2.7027,1.35135,Wafer,Solid,SWEET AND SAVOURY SNACKS,POTATO CRISPS,Ultra-processed foods,simulated_lookup_fuzzy,0.962,0.932,0.952,FALSE,2026-04-07T09:21:17.880566+00:00
CHIGS FUNKY CHILLI LEMON POTATO CRISPS,496,2075.26,8.5,57.7,,27.2,5.2,0.793,Potato Crisps,Solid,UNRESOLVED,UNRESOLVED,Unknown,unresolved,0,0,0,TRUE,2026-04-07T09:21:17.880566+00:00
CHIGS HOT CHILLI CRISPS,900,3765.6,6.66667,53.3333,,36.6667,,0.933333,Wafer,Solid,UNRESOLVED,UNRESOLVED,Unknown,unresolved,0,0,0,TRUE,2026-04-07T09:21:17.880566+00:00
CHIGS LEMON CHILLI CRISPS,,,,,,,,,,,UNRESOLVED,UNRESOLVED,Unknown,unresolved,0,0,0,TRUE,2026-04-07T09:21:17.880566+00:00
CHIGS PLAIN SALTED CRISPS,522,2184.04,4,48,,32,4,,Wafer,Solid,SWEET AND SAVOURY SNACKS,POTATO CRISPS,Ultra-processed foods,simulated_lookup_fuzzy,0.792,0.762,0.782,TRUE,2026-04-07T09:21:17.880566+00:00
CHIGS TOMATO KETCHUP CRISPS,513.333,2147.79,3.33333,43.3333,,30,6.66667,1,Wafer,Solid,SWEET AND SAVOURY SNACKS,POTATO CRISPS,Ultra-processed foods,simulated_lookup_fuzzy,0.826,0.796,0.816,TRUE,2026-04-07T09:21:17.880566+00:00
CHIGS TOMATO KETCHUP POTATO CRISPS,533.333,2231.44,3.7037,48.1481,3.7037,29.6296,,0.651852,Potato Crisps,Solid,UNRESOLVED,UNRESOLVED,Unknown,unresolved,0,0,0,TRUE,2026-04-07T09:21:17.880566+00:00
CHIGS TOMATO POTATO CRISPS,513.333,2147.79,3.33333,43.3333,,30,6.66667,1,Wafer,Solid,SWEET AND SAVOURY SNACKS,POTATO CRISPS,Ultra-processed foods,simulated_lookup_fuzzy,0.844,0.814,0.834,TRUE,2026-04-07T09:21:17.880566+00:00
CHIGS YUMMY SALT AND VINEGAR POTATO CRISPS,531.111,2222.16,4.44444,48.8889,2.22222,31.1111,4.44444,0.795556,Potato Crisps,Solid,SWEET AND SAVOURY SNACKS,POTATO CRISPS,Ultra-processed foods,simulated_lookup_fuzzy,0.746,0.716,0.736,TRUE,2026-04-07T09:21:17.880566+00:00
CHIKA CHIKA EXTRA HOT,23.18,96.98,0.96,4.3,2.22,0.24,,,Sauce,Paste,UNRESOLVED,UNRESOLVED,Unknown,unresolved,0,0,0,TRUE,2026-04-07T09:21:17.880566+00:00
CHIKA CHIKA EXTRA HOT SAUCE,23.18,96.9851,0.96,4.3,2.22,0.24,,,Sauce,Paste,UNRESOLVED,UNRESOLVED,Unknown,unresolved,0,0,0,TRUE,2026-04-07T09:21:17.880566+00:00
CHIKA CHIKA FIRE ROASTED GARLICKY TWIST SAUCE,23.66,98.9934,0.94,4.57,2.35,0.18,,,Garlicky Twist Sauce,Paste,UNRESOLVED,UNRESOLVED,Unknown,unresolved,0,0,0,TRUE,2026-04-07T09:21:17.880566+00:00
CHIKA CHIKA GARLIKY TWIST,23.18,96.98,0.96,4.3,2.22,0.24,,,Sauce,Paste,UNRESOLVED,UNRESOLVED,Unknown,unresolved,0,0,0,TRUE,2026-04-07T09:21:17.880566+00:00
CHIKA CHIKA HOT CHILLI,23.7,99.16,0.94,4.31,2.55,0.23,,,Sauce,Paste,UNRESOLVED,UNRESOLVED,Unknown,unresolved,0,0,0,TRUE,2026-04-07T09:21:17.880566+00:00
CHIKA CHIKA HOT CHILLI SAUCE,23.07,96.5249,0.94,4.31,2.55,0.23,,,Sauce,Paste,UNRESOLVED,UNRESOLVED,Unknown,unresolved,0,0,0,TRUE,2026-04-07T09:21:17.880566+00:00
CHIKA CHIKA MANGO CHILLY,23.7,99.16,0.94,4.31,2.55,0.23,,,Sauce,Paste,UNRESOLVED,UNRESOLVED,Unknown,unresolved,0,0,0,TRUE,2026-04-07T09:21:17.880566+00:00
CHIKA CHIKA MANGO CHILLY SAUCE,23.7,99.16,0.94,4.31,2.55,0.23,,,Sauce,Paste,UNRESOLVED,UNRESOLVED,Unknown,unresolved,0,0,0,TRUE,2026-04-07T09:21:17.880566+00:00
CHIKA CHIKA MINT CHILLI SAUCE,22.35,93.5124,0.91,4.35,2.31,0.19,,,Sauce,Paste,UNRESOLVED,UNRESOLVED,Unknown,unresolved,0,0,0,TRUE,2026-04-07T09:21:17.880566+00:00
CHIKA CHIKA SCOTCH BONNET SAUCE,23.79,99.5374,0.98,4.36,2.49,0.27,,,Sauce,Paste,UNRESOLVED,UNRESOLVED,Unknown,unresolved,0,0,0,TRUE,2026-04-07T09:21:17.880566+00:00
CHIKA CHIKA SWEET CHILLI,23.17,96.94,0.93,4.35,2.19,0.21,,,Sauce,Paste,UNRESOLVED,UNRESOLVED,Unknown,unresolved,0,0,0,TRUE,2026-04-07T09:21:17.880566+00:00
CHIKA CHIKA SWEET CHILLI SAUCE,23.17,96.9433,0.97,4.35,2.19,0.21,,,Sauce,Paste,UNRESOLVED,UNRESOLVED,Unknown,unresolved,0,0,0,TRUE,2026-04-07T09:21:17.880566+00:00
CHIKA CHIKA TAMARIND CHILLY,24.1,100.83,0.98,4.55,2.71,0.22,,,Sauce,Paste,UNRESOLVED,UNRESOLVED,Unknown,unresolved,0,0,0,TRUE,2026-04-07T09:21:17.880566+00:00
CHILLI PILLI GARLIC CHILL SAUCE,,,,,,,,,,,UNRESOLVED,UNRESOLVED,Unknown,unresolved,0,0,0,TRUE,2026-04-07T09:21:17.880566+00:00
CHILLI PILLI GREEN PILLI SAUCE,,,,,,,,,,,UNRESOLVED,UNRESOLVED,Unknown,unresolved,0,0,0,TRUE,2026-04-07T09:21:17.880566+00:00
CHILLI PILLI HOT AND SWEET SAUCE,,,,,,,,,,,UNRESOLVED,UNRESOLVED,Unknown,unresolved,0,0,0,TRUE,2026-04-07T09:21:17.880566+00:00
CHILLI PILLI HOT CHILLI SAUCE,,,,,,,,,,,UNRESOLVED,UNRESOLVED,Unknown,unresolved,0,0,0,TRUE,2026-04-07T09:21:17.880566+00:00
CHILLI PILLI HOT PILLI SAUCE,,,,,,,,,,,UNRESOLVED,UNRESOLVED,Unknown,unresolved,0,0,0,TRUE,2026-04-07T09:21:17.880566+00:00
CHINESE CANNED FISH,543.73,2275,25.2,2.2,0,48.9,,,Fish Canned In Black Bean Sauce,Solid,UNRESOLVED,UNRESOLVED,Unknown,unresolved,0,0,0,TRUE,2026-04-07T09:21:17.880566+00:00
CHOCO PRIMO CHOCOLATE BURST,,,,,,,,,,,UNRESOLVED,UNRESOLVED,Unknown,unresolved,0,0,0,TRUE,2026-04-07T09:21:17.880566+00:00
CHOCO PRIMO DRINKING CHOCOLATE POWDER,390,1631.76,7.3,82,72,3.57,1.8,,Chocolate Powder,Powder,UNRESOLVED,UNRESOLVED,Unknown,unresolved,0,0,0,TRUE,2026-04-07T09:21:17.880566+00:00
CHOCO PRIMO RICH DRINKING CHOCOLATE POWDER,12,12,57,100,,,,,Food,,UNRESOLVED,UNRESOLVED,Unknown,unresolved,0,0,0,TRUE,2026-04-07T09:21:17.880566+00:00
CHOCODATE EXCLUSIVE REAL CARAMEL CHOCOLATE,429.63,1792.59,4.44444,67.4074,,15.5556,,0.162963,Chocolate,Solid,UNRESOLVED,UNRESOLVED,Unknown,unresolved,0,0,0,TRUE,2026-04-07T09:21:17.880566+00:00
CHOCODATE MILK CHOCOLATE DATES WITH ALMONDS,399,1669.42,5.7,71,37.3,10.4,3.8,0.02,Dates With Almonds,Solid,UNRESOLVED,UNRESOLVED,Unknown,unresolved,0,0,0,TRUE,2026-04-07T09:21:17.880566+00:00
CHUANG YI PAI SPICY DRIED CUTTLEFISH,133,556.47,13,19,0,1,0,0.455,Dried Cuttlefish,Solid,UNRESOLVED,UNRESOLVED,Unknown,unresolved,0,0,0,TRUE,2026-04-07T09:21:17.880566+00:00
CHUANGYI ORIGINAL DRIED SHREDDED SQUID,300,1255.2,33.3333,36.6667,33.3333,0,0,1.8,Shredded Squid,Solid,UNRESOLVED,UNRESOLVED,Unknown,unresolved,0,0,0,TRUE,2026-04-07T09:21:17.880566+00:00
CHUPA CHUPS BIG BABOL STRAWBERRY SOFT BUBBLE GUM (6 PIECES),309,1313,0,77.1,59.6,0,,0,Bubble Gum,Solid,UNRESOLVED,UNRESOLVED,Unknown,unresolved,0,0,0,TRUE,2026-04-07T09:21:17.880566+00:00
CHUPA CHUPS SOUR BITES MIXED FRUIT JELLY CANDY,104,362,0.8,24,17,0.5,0,0.05,Jelly Candy,Solid,UNRESOLVED,UNRESOLVED,Unknown,unresolved,0,0,0,TRUE,2026-04-07T09:21:17.880566+00:00
CHUPA CHUPS SOUR BITES MIXED FRUIT SOUR CANDY BELT,104,362,0.8,24,17,0.5,0,0.05,Sour Candy Belt,Solid,UNRESOLVED,UNRESOLVED,Unknown,unresolved,0,0,0,TRUE,2026-04-07T09:21:17.880566+00:00
CHUPA CHUPS SOUR LOLLIPOS,,,,,,,,,,,UNRESOLVED,UNRESOLVED,Unknown,unresolved,0,0,0,TRUE,2026-04-07T09:21:17.880566+00:00
CHUPA CHUPS SOUR MINI TUBES GUMMIES,362,1514.61,1.5,84.1,40,1.85,0.5,0.04,Gummies,Solid,UNRESOLVED,UNRESOLVED,Unknown,unresolved,0,0,0,TRUE,2026-04-07T09:21:17.880566+00:00
CHUPA CHUPS SOUR TUBES,,,,,,,,,,,UNRESOLVED,UNRESOLVED,Unknown,unresolved,0,0,0,TRUE,2026-04-07T09:21:17.880566+00:00
CHUPA CHUPS STRAWBERRY LOVE LOLLIPOP,385,1636,0,94,82,0.3,,,Lollipop,Solid,UNRESOLVED,UNRESOLVED,Unknown,unresolved,0,0,0,TRUE,2026-04-07T09:21:17.880566+00:00
CHUPA CHUPS STRAWBERRY MELODY POPS LOLLIPOP,386,1615.02,0,94,76,0,0,0.008,Lollipop,Solid,UNRESOLVED,UNRESOLVED,Unknown,unresolved,0,0,0,TRUE,2026-04-07T09:21:17.880566+00:00
CIL AROMATIC LONG GRAIN SINDANO FRAGRANT RICE,65,,329,100,0.12,,,,Food,,UNRESOLVED,UNRESOLVED,Unknown,unresolved,0,0,0,TRUE,2026-04-07T09:21:17.880566+00:00
CIL LONG GRAIN BLENDED RICE,360,1486.67,6.66667,77.7778,2.22222,,,,Blended Rice,Solid,CEREAL GRAINS,WHITE RICE,Unprocessed/Minimally processed foods,simulated_lookup_fuzzy,0.756,0.726,0.746,TRUE,2026-04-07T09:21:17.880566+00:00
CIL LONG GRAIN BLENDED WHITE RICE,35,,160,45,1,,,,Food,,UNRESOLVED,UNRESOLVED,Unknown,unresolved,0,0,0,TRUE,2026-04-07T09:21:17.880566+00:00
CIL PISHORI BROWN RICE,23,0.4,111,100,1.8,0.005,,,Food,,CEREAL GRAINS,WHITE RICE,Unprocessed/Minimally processed foods,simulated_lookup_fuzzy,0.8,0.77,0.79,TRUE,2026-04-07T09:21:17.880566+00:00
CIL RICE PISHORI,77.7,0.5,351,100,1,,,,Food,,UNRESOLVED,UNRESOLVED,Unknown,unresolved,0,0,0,TRUE,2026-04-07T09:21:17.880566+00:00
CIRIO NAPOLETANA PASTA SAUCE,64,267.76,1.6,9.6,5.6,2.4,1.6,0.416,Sauce,Paste,UNRESOLVED,UNRESOLVED,Unknown,unresolved,0,0,0,TRUE,2026-04-07T09:21:17.880566+00:00
CIRIO PASSATA RUSTICA CRUSHED TOMATOES,32,133.8,1,5,4,,1,0.02,Crushed Tomatoes,Paste,UNRESOLVED,UNRESOLVED,Unknown,unresolved,0,0,0,TRUE,2026-04-07T09:21:17.880566+00:00
CIRIO PASTA SAUCE ARRABBIATA,69,289,1.4,10.1,5.4,2.1,0.9,,Pasta Sauce,Paste,UNRESOLVED,UNRESOLVED,Unknown,unresolved,0,0,0,TRUE,2026-04-07T09:21:17.880566+00:00
CIRIO PESTO SAUCE PREMIUM,411,1696,4.1,6.4,1.9,41,,,Pasta Sauce,Paste,UNRESOLVED,UNRESOLVED,Unknown,unresolved,0,0,0,TRUE,2026-04-07T09:21:17.880566+00:00
CIRIO PIZZA SAUCE,57,237,1.6,6.3,6.3,2.3,2.5,0.36,Sauce,Paste,UNRESOLVED,UNRESOLVED,Unknown,unresolved,0,0,0,TRUE,2026-04-07T09:21:17.880566+00:00
CKL CANDY KENYA LONDON PREMIUM TOFFEE 50 PIECES,,,,,,,,,Toffee,Solid,UNRESOLVED,UNRESOLVED,Unknown,unresolved,0,0,0,TRUE,2026-04-07T09:21:17.880566+00:00
CKL CANDY KENYA OLD ENGLISH TOFFEE 80 PIECES,527.778,2208.22,8.33333,61.1111,58.3333,30.5556,1.38889,0.152778,Old English Toffee,Solid,UNRESOLVED,UNRESOLVED,Unknown,unresolved,0,0,0,TRUE,2026-04-07T09:21:17.880566+00:00
CKL CANDY KENYA ORANGE TWIST CANDY 80 PIECES,385,1610.84,0.75,95,,0.15,5.1,0.001,Orange Twist Candy,Solid,UNRESOLVED,UNRESOLVED,Unknown,unresolved,0,0,0,TRUE,2026-04-07T09:21:17.880566+00:00
CKL KENYA CANDY SWEETY SWEETY LOLLIPOP 50 PIECES,147,615,,39,25.16,0.08,,,Lollipop,Solid,UNRESOLVED,UNRESOLVED,Unknown,unresolved,0,0,0,TRUE,2026-04-07T09:21:17.880566+00:00
CKL KENYA MINT TWIST CANDY 80 PIECES,60,251,0.1,14,12,1.1,0,0,Candy,Solid,UNRESOLVED,UNRESOLVED,Unknown,unresolved,0,0,0,TRUE,2026-04-07T09:21:17.880566+00:00
CKL KENYA PAN MASALA CANDY 80 PIECES,402,1681.96,1.18,95,95,1.55,0,0.172,Candy,Solid,UNRESOLVED,UNRESOLVED,Unknown,unresolved,0,0,0,TRUE,2026-04-07T09:21:17.880566+00:00
CKL KENYA SWEETY LOLLIPOPS XXL X 50 PIECES,147,615,0,39,25.16,0.08,0,0,Lollipops,Solid,UNRESOLVED,UNRESOLVED,Unknown,unresolved,0,0,0,TRUE,2026-04-07T09:21:17.880566+00:00
CKL MINT TWIST WHITE CANDY 80 PIECES,,,,,,,,,Candy,Solid,UNRESOLVED,UNRESOLVED,Unknown,unresolved,0,0,0,TRUE,2026-04-07T09:21:17.880566+00:00
CKL PIPI BUTTER CANDY,535,2238.44,8,59,52,30,3.4,0.079,Candy,Solid,UNRESOLVED,UNRESOLVED,Unknown,unresolved,0,0,0,TRUE,2026-04-07T09:21:17.880566+00:00
CLOVERS BICARBONATE SODA,,,,,,,,,Soda,Powder,BAKING ADDITIVES,BAKING SODA,Ultra-processed foods,simulated_lookup_fuzzy,0.923,0.893,0.913,FALSE,2026-04-07T09:21:17.880566+00:00
CLOVERS BLACK FOOD COLOUR POWDER,0,0,,,,,,,Food Colour Powder,Powder,UNRESOLVED,UNRESOLVED,Unknown,unresolved,0,0,0,TRUE,2026-04-07T09:21:17.880566+00:00
CLOVERS BRIGHT GOLDEN FOOD COLOUR POWDER,0,0,0,0,0,0,0,0,Food Colour Powder,Powder,UNRESOLVED,UNRESOLVED,Unknown,unresolved,0,0,0,TRUE,2026-04-07T09:21:17.880566+00:00
CLOVERS CASTER SUGAR,400,1673.6,,100,100,,,,Caster Sugar,Solid,UNRESOLVED,UNRESOLVED,Unknown,unresolved,0,0,0,TRUE,2026-04-07T09:21:17.880566+00:00
CLOVERS CHILLI SAUCE,100,418.4,1,30,,,,,Sauce,Paste,TABLE SAUCES,CHILLI/HOT SAUCE,Ultra-processed foods,simulated_lookup_exact,0.99,0.99,0.99,FALSE,2026-04-07T09:21:17.880566+00:00
CLOVERS CHOCOLATE DRINKING POWDER,362,1514.61,6.95,82.22,,3.67,,,Drinking Powder,Powder,UNRESOLVED,UNRESOLVED,Unknown,unresolved,0,0,0,TRUE,2026-04-07T09:21:17.880566+00:00
CLOVERS CHOCOLATE ESSENCE,344.828,1441.38,79.3103,6.89655,,,3.44828,0.62069,Essence,Liquid,FOOD FLAVOUR ADDITIVES,FOOD FLAVOUR ADDITIVES,Ultra-processed foods,simulated_lookup_fuzzy,0.75,0.72,0.74,TRUE,2026-04-07T09:21:17.880566+00:00
CLOVERS CLEAR VANILLA ESSENCE,,,,,,,,,Essence,Liquid,FOOD FLAVOUR ADDITIVES,FOOD FLAVOUR ADDITIVES,Ultra-processed foods,simulated_lookup_fuzzy,0.885,0.855,0.875,FALSE,2026-04-07T09:21:17.880566+00:00
CLOVERS COCOA POWDER,228,953.952,20,58,1.8,14,33,0.021,Powder,Powder,COCOA,COCOA - UNSWEETENED WITHOUT MILK,Ultra-processed foods,simulated_lookup_fuzzy,0.909,0.879,0.899,FALSE,2026-04-07T09:21:17.880566+00:00
CLOVERS CORDIAL LIME JUICE,,,,,,,,,Lime Juice,Liquid,TABLE SAUCES,CHILLI/HOT SAUCE,Ultra-processed foods,simulated_lookup_fuzzy,0.739,0.709,0.729,TRUE,2026-04-07T09:21:17.880566+00:00
CLOVERS CORN FLOUR,357.2,1493,0.88,88.42,,0.01,,1.40E-05,Corn Flour,Powder,MAIZE/CORN FLOUR,CORN FLOUR,Unprocessed/Minimally processed foods,simulated_lookup_fuzzy,0.971,0.941,0.961,FALSE,2026-04-07T09:21:17.880566+00:00
CLOVERS DOUBLE ACTION BAKING POWDER,,,,,,,,,Baking Powder,Powder,UNRESOLVED,UNRESOLVED,Unknown,unresolved,0,0,0,TRUE,2026-04-07T09:21:17.880566+00:00
CLOVERS DOUBLE CONCENTRATED TOMATO PASTE,,,,,,,,,Tomato Paste,Paste,UNRESOLVED,UNRESOLVED,Unknown,unresolved,0,0,0,TRUE,2026-04-07T09:21:17.880566+00:00
CLOVERS DRINKING CHOCOLATE POWDER,362,1514,6.95,82.22,,3.67,,,Chocolate Powder,Powder,COCOA,COCOA - SWEETENED WITHOUT MILK,Ultra-processed foods,simulated_lookup_fuzzy,0.881,0.851,0.871,FALSE,2026-04-07T09:21:17.880566+00:00
CLOVERS EXTRA FINE ICING SUGAR,400,1700,,100,100,,,,Icing Sugar,Powder,UNRESOLVED,UNRESOLVED,Unknown,unresolved,0,0,0,TRUE,2026-04-07T09:21:17.880566+00:00
CLOVERS FOOD COLOUR POWDER BRIGHT RED,295,1234,20,46,,11,,,Food Colour,Powder,UNRESOLVED,UNRESOLVED,Unknown,unresolved,0,0,0,TRUE,2026-04-07T09:21:17.880566+00:00
CLOVERS FOOD COLOUR POWDER EGG YELLOW,268,1121,,66,47,,,,Food Colour,Powder,UNRESOLVED,UNRESOLVED,Unknown,unresolved,0,0,0,TRUE,2026-04-07T09:21:17.880566+00:00
CLOVERS FOOD COLOUR POWDER PINK,380,1586.67,80,6.66667,,,,,Food Colour,Powder,UNRESOLVED,UNRESOLVED,Unknown,unresolved,0,0,0,TRUE,2026-04-07T09:21:17.880566+00:00
CLOVERS FOOD COLOUR STRAWBERRY RED,,,,,,,,,Food Colour,Powder,UNRESOLVED,UNRESOLVED,Unknown,unresolved,0,0,0,TRUE,2026-04-07T09:21:17.880566+00:00
CLOVERS GRAVY BROWNING,53,222,3.75,4.81,0.21,2.36,0.4,,Gravy Browning,Liquid,UNRESOLVED,UNRESOLVED,Unknown,unresolved,0,0,0,TRUE,2026-04-07T09:21:17.880566+00:00
CLOVERS HOT SWEET SAUCE,154,644.336,0.5,38,37.4,0,1,1.0207,Sauce,Paste,TABLE SAUCES,CHILLI/HOT SAUCE,Ultra-processed foods,simulated_lookup_fuzzy,0.958,0.928,0.948,FALSE,2026-04-07T09:21:17.880566+00:00
CLOVERS ICING SUGAR,389,1627.58,0,100,98,0,0,0.002,Icing Sugar,Solid,UNRESOLVED,UNRESOLVED,Unknown,unresolved,0,0,0,TRUE,2026-04-07T09:21:17.880566+00:00
CLOVERS JELLY CRYSTAL LEMON DESSERT MIX,97,405.848,2,21,,,,0.011,Dessert Mix,Powder,UNRESOLVED,UNRESOLVED,Unknown,unresolved,0,0,0,TRUE,2026-04-07T09:21:17.880566+00:00
CLOVERS JELLY CRYSTAL ORANGE DESSERT MIX,80,334.72,2,19,19,,,0.08,Dessert Mix,Powder,UNRESOLVED,UNRESOLVED,Unknown,unresolved,0,0,0,TRUE,2026-04-07T09:21:17.880566+00:00
CLOVERS JELLY CRYSTAL PINEAPPLE DESSERT MIX,95,397.48,,23,22,,,,Dessert Mix,Powder,UNRESOLVED,UNRESOLVED,Unknown,unresolved,0,0,0,TRUE,2026-04-07T09:21:17.880566+00:00
CLOVERS JELLY CRYSTAL STRAWBERRY DESSERT MIX,80,334.72,,20,20,,,0.02,Dessert Mix,Powder,UNRESOLVED,UNRESOLVED,Unknown,unresolved,0,0,0,TRUE,2026-04-07T09:21:17.880566+00:00
CLOVERS MAROON FOOD COLOUR POWDER,0,0,,,,,,,Food Colour Powder,Powder,UNRESOLVED,UNRESOLVED,Unknown,unresolved,0,0,0,TRUE,2026-04-07T09:21:17.880566+00:00
CLOVERS MOLASSES BROWN SUGAR,380,1589.92,,90,90,,,,Brown Sugar,Solid,UNRESOLVED,UNRESOLVED,Unknown,unresolved,0,0,0,TRUE,2026-04-07T09:21:17.880566+00:00
CLOVERS ORANGE ESSENCE,250,1045,2.5,65,37.5,,7.5,,Essence,Liquid,FOOD FLAVOUR ADDITIVES,FOOD FLAVOUR ADDITIVES,Ultra-processed foods,simulated_lookup_fuzzy,0.8,0.77,0.79,TRUE,2026-04-07T09:21:17.880566+00:00
CLOVERS PINEAPPLE ESSENCE,100,140,,20,10,,,,Essence,Liquid,FOOD FLAVOUR ADDITIVES,FOOD FLAVOUR ADDITIVES,Ultra-processed foods,simulated_lookup_fuzzy,0.75,0.72,0.74,TRUE,2026-04-07T09:21:17.880566+00:00
CLOVERS PURE GLUCOSE,360,1506.24,0,90,0,0,,,Glucose,Powder,SUGAR - POWDERED,GLUCOSE,Processed Culinary Ingredients,simulated_lookup_exact,0.99,0.99,0.99,FALSE,2026-04-07T09:21:17.880566+00:00
CLOVERS PURE GLUCOSE INSTANT ENERGY DRINK POWDER,370,1550,1,91,90,,,0.01,Instant Energy Drink Powder,Powder,UNRESOLVED,UNRESOLVED,Unknown,unresolved,0,0,0,TRUE,2026-04-07T09:21:17.880566+00:00
CLOVERS PURPLE FOOD COLOUR POWDER,0,0,,,,,,,Food Colour Powder,Powder,UNRESOLVED,UNRESOLVED,Unknown,unresolved,0,0,0,TRUE,2026-04-07T09:21:17.880566+00:00
CLOVERS RASPBERRY ESSENCE,1,4,,,,,,,Essence,Liquid,UNRESOLVED,UNRESOLVED,Unknown,unresolved,0,0,0,TRUE,2026-04-07T09:21:17.880566+00:00
CLOVERS ROSE SHERBET SYRUP,308,1288.67,,98,,,,,Syrup,Liquid,UNRESOLVED,UNRESOLVED,Unknown,unresolved,0,0,0,TRUE,2026-04-07T09:21:17.880566+00:00
CLOVERS STRAWBERRY ESSENCE,1,,,,,,,,,41kJ,UNRESOLVED,UNRESOLVED,Unknown,unresolved,0,0,0,TRUE,2026-04-07T09:21:17.880566+00:00
CLOVERS TOMATO KETCHUP,,,,,,,,,,,TABLE SAUCES,TOMATO KETCHUP,Ultra-processed foods,simulated_lookup_exact,0.99,0.99,0.99,FALSE,2026-04-07T09:21:17.880566+00:00
CLOVERS TOMATO PASTE,,,,,,,,,,,TABLE SAUCES,TOMATO SAUCE,Ultra-processed foods,simulated_lookup_fuzzy,0.85,0.82,0.84,FALSE,2026-04-07T09:21:17.880566+00:00
CLOVERS TOMATO PASTE IN TIN,,,,,,,,,Tomato Sauce,Paste,TOMATO PASTE,TOMATO PASTE,Processed foods,simulated_lookup_fuzzy,0.766,0.736,0.756,TRUE,2026-04-07T09:21:17.880566+00:00
CLOVERS TOMATO SAUCE,20,83.68,0.2,5,4.8,0.2,0.1,0.136,Sauce,Paste,TABLE SAUCES,TOMATO SAUCE,Ultra-processed foods,simulated_lookup_exact,0.99,0.99,0.99,FALSE,2026-04-07T09:21:17.880566+00:00
CLOVERS VANILLA ESSENCE,,,,,,,,,Essence,Liquid,FOOD FLAVOUR ADDITIVES,FOOD FLAVOUR ADDITIVES,Ultra-processed foods,simulated_lookup_exact,0.99,0.99,0.99,FALSE,2026-04-07T09:21:17.880566+00:00
CLOVERS WHITE VINEGAR,,,,,,,,,White Vinegar,Liquid,TABLE SAUCES,VINEGAR,Ultra-processed foods,simulated_lookup_exact,0.99,0.99,0.99,FALSE,2026-04-07T09:21:17.880566+00:00
CLOWN BIG POP FRUIT FLAVOURED LOLLIPOP XXL 50 PIECES,387,96.7,,60.5,,,,,Lollipop,Solid,UNRESOLVED,UNRESOLVED,Unknown,unresolved,0,0,0,TRUE,2026-04-07T09:21:17.880566+00:00
CLOWN CANDY KENYA BIG BOLL XXL FRUIT LOLLIPOPS 50 PIECES,388,1648,1.3,96,83,7,,0.07,Lollipops,Solid,UNRESOLVED,UNRESOLVED,Unknown,unresolved,0,0,0,TRUE,2026-04-07T09:21:17.880566+00:00
CLOWN CANDY KENYA C K L TOFFEE 80 PIECES,560,2343.04,,65,63,33,0,0.135,Toffee,Solid,UNRESOLVED,UNRESOLVED,Unknown,unresolved,0,0,0,TRUE,2026-04-07T09:21:17.880566+00:00
CLOWN CANDY KENYA CHOCOBAR TOFFEE 80 PIECES,,,,,,,,,Toffee,Solid,UNRESOLVED,UNRESOLVED,Unknown,unresolved,0,0,0,TRUE,2026-04-07T09:21:17.880566+00:00
CLOWN CANDY KENYA FRUIT TWIST CANDY 80 PIECES,402.51,1684.1,0.18,95.96,95.96,1.55,0,0.17279,Candy,Solid,UNRESOLVED,UNRESOLVED,Unknown,unresolved,0,0,0,TRUE,2026-04-07T09:21:17.880566+00:00
CLOWN CANDY KENYA FRUIT YOGHURT TOFFEE 80 PIECES,58,242.672,4,9,8,,,0.18,Toffee,Solid,UNRESOLVED,UNRESOLVED,Unknown,unresolved,0,0,0,TRUE,2026-04-07T09:21:17.880566+00:00
CLOWN CANDY KENYA MILKEES MILK LOLLIPOP 50 PIECES,344,1439.3,,86,73,,,,Lollipop,Solid,UNRESOLVED,UNRESOLVED,Unknown,unresolved,0,0,0,TRUE,2026-04-07T09:21:17.880566+00:00
CLOWN CANDY KENYA MILKY MILK LOLLIPOP 50 PIECES,454,1899.54,1.3,96,62,7,,,Lollipop,Solid,UNRESOLVED,UNRESOLVED,Unknown,unresolved,0,0,0,TRUE,2026-04-07T09:21:17.880566+00:00
CLOWN CANDY KENYA MINT PLUS CANDY,300,1258.33,0,75,58.3333,8.33333,0,0.0333333,Candy,Solid,UNRESOLVED,UNRESOLVED,Unknown,unresolved,0,0,0,TRUE,2026-04-07T09:21:17.880566+00:00
CLOWN KENYA MR PAINTER LOLLIPOPS 50 PIECES,560,2343.04,0,65,63,33,0,0.135,Lollipops,Solid,UNRESOLVED,UNRESOLVED,Unknown,unresolved,0,0,0,TRUE,2026-04-07T09:21:17.880566+00:00
CLOWN KENYA MR PAINTER LOLLIPOPS XXL X 50 PIECES,560,2343.04,0,65,63,33,0,0.135,Lollipops,Solid,UNRESOLVED,UNRESOLVED,Unknown,unresolved,0,0,0,TRUE,2026-04-07T09:21:17.880566+00:00
CLOWN KENYA PIPI MIZIWA CANDY 80 PIECES,384,1606.66,0,95.71,75.9,0.01,0,0.027,Candy,Solid,UNRESOLVED,UNRESOLVED,Unknown,unresolved,0,0,0,TRUE,2026-04-07T09:21:17.880566+00:00
CLUB APPLE JUICE,,,,,,,,,Apple Juice,Liquid,UNRESOLVED,UNRESOLVED,Unknown,unresolved,0,0,0,TRUE,2026-04-07T09:21:17.880566+00:00
CLUB BLACKCURRANT SODA,,,,,,,,,Soda,Liquid,SODAS AND CARBONATED DRINKS,SODAS,Ultra-processed foods,simulated_lookup_fuzzy,0.773,0.743,0.763,TRUE,2026-04-07T09:21:17.880566+00:00
CLUB COLA DRINK,42,175,,10,10,,,0,Drink,Liquid,UNRESOLVED,UNRESOLVED,Unknown,unresolved,0,0,0,TRUE,2026-04-07T09:21:17.880566+00:00
CLUB COLA SODA,,,,,,,,,Soda,Liquid,UNRESOLVED,UNRESOLVED,Unknown,unresolved,0,0,0,TRUE,2026-04-07T09:21:17.880566+00:00
CLUB LEMON AND LIME SODA,,,,,,,,,Soda,Liquid,UNRESOLVED,UNRESOLVED,Unknown,unresolved,0,0,0,TRUE,2026-04-07T09:21:17.880566+00:00
CLUB LEMON LIME DRINK,,,,,,,,,Lime Drink,Liquid,UNRESOLVED,UNRESOLVED,Unknown,unresolved,0,0,0,TRUE,2026-04-07T09:21:17.880566+00:00
CLUB ORANGE JUICE,,,,,,,,,Orange Juice,Liquid,FRESH/FRUIT JUICES - NO ADDED SUGAR,FRESH/FRUIT JUICES - NO ADDED SUGAR,Unprocessed/Minimally processed foods,simulated_lookup_fuzzy,0.789,0.759,0.779,TRUE,2026-04-07T09:21:17.880566+00:00
CLUB ORANGE SODA,58,242,,14,14,,,0,Orange Soda,Liquid,UNRESOLVED,UNRESOLVED,Unknown,unresolved,0,0,0,TRUE,2026-04-07T09:21:17.880566+00:00
CLUB TANGAWIZI LIME SODA,,,,,,,,,Lime Soda,Liquid,UNRESOLVED,UNRESOLVED,Unknown,unresolved,0,0,0,TRUE,2026-04-07T09:21:17.880566+00:00
CLUB TANGAWIZI SODA,,,,,,,,,Soda,Liquid,UNRESOLVED,UNRESOLVED,Unknown,unresolved,0,0,0,TRUE,2026-04-07T09:21:17.880566+00:00
COCA COLA,,,,,,,,,Drink,Liquid,UNRESOLVED,UNRESOLVED,Unknown,unresolved,0,0,0,TRUE,2026-04-07T09:21:17.880566+00:00
COCA COLA DRINK,,,,,,,,,Drink,Liquid,UNRESOLVED,UNRESOLVED,Unknown,unresolved,0,0,0,TRUE,2026-04-07T09:21:17.880566+00:00
COCA COLA NO SUGAR DRINK,,,,,,,,,Drink,Liquid,UNRESOLVED,UNRESOLVED,Unknown,unresolved,0,0,0,TRUE,2026-04-07T09:21:17.880566+00:00
COCA COLA SODA,,,,,,,,,Drink,Liquid,UNRESOLVED,UNRESOLVED,Unknown,unresolved,0,0,0,TRUE,2026-04-07T09:21:17.880566+00:00
COCA COLA SODA ASSORTED X OF,,,,,,,,,Drink,Liquid,UNRESOLVED,UNRESOLVED,Unknown,unresolved,0,0,0,TRUE,2026-04-07T09:21:17.880566+00:00
COCA COLA ZERO,,,,,,,,,Drink,Liquid,UNRESOLVED,UNRESOLVED,Unknown,unresolved,0,0,0,TRUE,2026-04-07T09:21:17.880566+00:00
COCOA BISCUIT WITH COCOA CREAM,25,14,185,39,0,0.094,,,Food,Cocoa,UNRESOLVED,UNRESOLVED,Unknown,unresolved,0,0,0,TRUE,2026-04-07T09:21:17.880566+00:00
COCOA PRIMO RICH COCOA POWDER,333,1393,6.89,50.9,,11.45,,,Cocoa Powder,Powder,UNRESOLVED,UNRESOLVED,Unknown,unresolved,0,0,0,TRUE,2026-04-07T09:21:17.880566+00:00
COCON GUMMY MANGO,350,1483.33,1,83.3333,86.6667,0,,,Gummy Candy,Jelly,UNRESOLVED,UNRESOLVED,Unknown,unresolved,0,0,0,TRUE,2026-04-07T09:21:17.880566+00:00
COCON GUMMY ORANGE,355,1485,1,87.7,77.5,0,,,Gummy Candy,Solid,UNRESOLVED,UNRESOLVED,Unknown,unresolved,0,0,0,TRUE,2026-04-07T09:21:17.880566+00:00
COCON GUMMY STRAWBERRY,355,1485,1,87.7,77.5,0,,,Gummy Candy,Solid,UNRESOLVED,UNRESOLVED,Unknown,unresolved,0,0,0,TRUE,2026-04-07T09:21:17.880566+00:00
COCON LYCHEE JELLY,15,62.76,0,3,3,0,0,0,Jelly,Solid,UNRESOLVED,UNRESOLVED,Unknown,unresolved,0,0,0,TRUE,2026-04-07T09:21:17.880566+00:00
COFFEE BREAK 2 IN 1 SUGAR FREE INSTANT COFFEE MIX,63,263.592,1,7,,3.8,,0.06,Instant Coffee Mix,Powder,UNRESOLVED,UNRESOLVED,Unknown,unresolved,0,0,0,TRUE,2026-04-07T09:21:17.880566+00:00
COFFEE BREAK 2IN1 INST COFFE12GX12,525,2196.6,,50,,16.6667,,,Coffee Mix,Powder,UNRESOLVED,UNRESOLVED,Unknown,unresolved,0,0,0,TRUE,2026-04-07T09:21:17.880566+00:00
COFFEE BREAK 3 IN 1 HIGH INSTANT COFFEE MIX,79.3,332,0.5,13.9,8.26,2.9,,2.00E-05,Instant Coffee Mix,Powder,UNRESOLVED,UNRESOLVED,Unknown,unresolved,0,0,0,TRUE,2026-04-07T09:21:17.880566+00:00
COFFEE BREAK 3 IN 1 INSTANT COFFEE MIX X OF,79.3,332,0.5,13.9,8.26,2.9,,2.00E-05,Instant Coffee Mix,Powder,UNRESOLVED,UNRESOLVED,Unknown,unresolved,0,0,0,TRUE,2026-04-07T09:21:17.880566+00:00
COFFEE BREAK CAPPUCCINO ORIGINAL INSTANT COFFEE,483.333,2022.27,,72.2222,,11.1111,,,Instant Coffee,Powder,UNRESOLVED,UNRESOLVED,Unknown,unresolved,0,0,0,TRUE,2026-04-07T09:21:17.880566+00:00
COFFEE BREAK HAZELNUT CAPPUCCINO INSTANT COFFEE MIX,410.811,1718.83,5.40541,70.2703,,5.40541,,,Instant Coffee Mix,Powder,UNRESOLVED,UNRESOLVED,Unknown,unresolved,0,0,0,TRUE,2026-04-07T09:21:17.880566+00:00
COFFEE BREAK INST CAPU HAZE18.5GX10,410.811,1718.83,5.40541,70.2703,,5.40541,,,Instant Coffee,Powder,UNRESOLVED,UNRESOLVED,Unknown,unresolved,0,0,0,TRUE,2026-04-07T09:21:17.880566+00:00
COFFEE BREAK INST CAPU MOCH18.5GX10,416.216,1741.45,5.40541,70.2703,,5.40541,,,Instant Coffee,Powder,UNRESOLVED,UNRESOLVED,Unknown,unresolved,0,0,0,TRUE,2026-04-07T09:21:17.880566+00:00
COFFEE BREAK INST CAPU ORIG18.5X10,483.333,2022.27,,72.2222,,11.1111,,,Instant Coffee,Powder,UNRESOLVED,UNRESOLVED,Unknown,unresolved,0,0,0,TRUE,2026-04-07T09:21:17.880566+00:00
COFFEE BREAK INST CAPU VAN18.5GX10,392,1640.13,,56,,8,,,Instant Coffee,Powder,UNRESOLVED,UNRESOLVED,Unknown,unresolved,0,0,0,TRUE,2026-04-07T09:21:17.880566+00:00
COFFEE BREAK INSTANT COFFEE,297,1250,23.2,39.1,0.6,0.2,23.8,83.5,Instant Coffee Mix,Powder,UNRESOLVED,UNRESOLVED,Unknown,unresolved,0,0,0,TRUE,2026-04-07T09:21:17.880566+00:00
COFFEE BREAK MOCHA CAPPUCCINO INSTANT COFFEE MIX,402.162,1705.24,10.8108,67.5676,,8.10811,,0.313514,Instant Coffee Mix,Powder,UNRESOLVED,UNRESOLVED,Unknown,unresolved,0,0,0,TRUE,2026-04-07T09:21:17.880566+00:00
COFFEE BREAK VANILLA CAPPUCCINO INSTANT COFFEE MIX,412,1722.16,9.68,77.9,54.9,6.86,0.68,0.381,Instant Coffee Mix,Powder,UNRESOLVED,UNRESOLVED,Unknown,unresolved,0,0,0,TRUE,2026-04-07T09:21:17.880566+00:00
COFFEE MATE CARAMEL MACHIATO,,,,,,,,,,,UNRESOLVED,UNRESOLVED,Unknown,unresolved,0,0,0,TRUE,2026-04-07T09:21:17.880566+00:00
COFFEE MATE ORIGINAL FAT FREE,,,,,,,,,,,UNRESOLVED,UNRESOLVED,Unknown,unresolved,0,0,0,TRUE,2026-04-07T09:21:17.880566+00:00
COFFEE MATE SUGAR FREE CHOCO,,,,,,,,,,,UNRESOLVED,UNRESOLVED,Unknown,unresolved,0,0,0,TRUE,2026-04-07T09:21:17.880566+00:00
COFFEE MATE SUGAR FREE VANILLA,,,,,,,,,,,UNRESOLVED,UNRESOLVED,Unknown,unresolved,0,0,0,TRUE,2026-04-07T09:21:17.880566+00:00
COFFEE MATE SUGARFREE HNUT,,,,,,,,,,,UNRESOLVED,UNRESOLVED,Unknown,unresolved,0,0,0,TRUE,2026-04-07T09:21:17.880566+00:00
COFFEE MATE VANILA CARAMEL SUGAR FREE,,,,,,,,,,,UNRESOLVED,UNRESOLVED,Unknown,unresolved,0,0,0,TRUE,2026-04-07T09:21:17.880566+00:00
COFFEEMATE CREAMY CHOCOLATE,,,,,,,,,,,"COOKIES, BISCUITS AND WAFERS",BISCUITS,Ultra-processed foods,simulated_lookup_fuzzy,0.731,0.701,0.721,TRUE,2026-04-07T09:21:17.880566+00:00
COKE ZERO,,,,,,,,,Drink,Liquid,SODAS AND CARBONATED DRINKS,SODAS,Ultra-processed foods,simulated_lookup_fuzzy,0.783,0.753,0.773,TRUE,2026-04-07T09:21:17.880566+00:00
COLFRESH DENTAL BLACK PEPPERMINT CHEWING GUM,170,711.28,,68,,,,,Chewing Gum,Solid,UNRESOLVED,UNRESOLVED,Unknown,unresolved,0,0,0,TRUE,2026-04-07T09:21:17.880566+00:00
COLFRESH DENTAL BLACK PEPPERMINT GUM,,,,,,,,,Gum,Solid,UNRESOLVED,UNRESOLVED,Unknown,unresolved,0,0,0,TRUE,2026-04-07T09:21:17.880566+00:00
COLFRESH DENTAL BLACK SPEARMINT GUM,,,,,,,,,Gum,Solid,UNRESOLVED,UNRESOLVED,Unknown,unresolved,0,0,0,TRUE,2026-04-07T09:21:17.880566+00:00
COLFRESH DENTAL BLACK TUTIFRUTTI MINT,,,,,,,,,,,UNRESOLVED,UNRESOLVED,Unknown,unresolved,0,0,0,TRUE,2026-04-07T09:21:17.880566+00:00
COLFRESH DENTAL BLACK TUTTIFRUTI MINT,,,,,,,,,,,UNRESOLVED,UNRESOLVED,Unknown,unresolved,0,0,0,TRUE,2026-04-07T09:21:17.880566+00:00
COLFRESH GUM DENTAL BLACK SPEARMINT,,,,,,,,,,,UNRESOLVED,UNRESOLVED,Unknown,unresolved,0,0,0,TRUE,2026-04-07T09:21:17.880566+00:00
COLFRESH GUM SPEARMNT SUGARFREE,168,703,0,70,,0,,,Chewing Gum,Solid,UNRESOLVED,UNRESOLVED,Unknown,unresolved,0,0,0,TRUE,2026-04-07T09:21:17.880566+00:00
COLFRESH GUM STRAWBERY SUGARFREE,,,,,,,,,,,UNRESOLVED,UNRESOLVED,Unknown,unresolved,0,0,0,TRUE,2026-04-07T09:21:17.880566+00:00
COLFRESH GUM TROPICAL FRUITS,,,,,,,,,,,UNRESOLVED,UNRESOLVED,Unknown,unresolved,0,0,0,TRUE,2026-04-07T09:21:17.880566+00:00
COLFRESH GUM WHTE MNT SUGARFREE,177,740.568,,71,,,,,Chewing Gum,Solid,UNRESOLVED,UNRESOLVED,Unknown,unresolved,0,0,0,TRUE,2026-04-07T09:21:17.880566+00:00
COLFRESH GUMS DENTAL BLACK SPEARMINT,,,,,,,,,,,UNRESOLVED,UNRESOLVED,Unknown,unresolved,0,0,0,TRUE,2026-04-07T09:21:17.880566+00:00
COLFRESH STRAWBERRY GUM,,,,,,,,,Gum,Solid,UNRESOLVED,UNRESOLVED,Unknown,unresolved,0,0,0,TRUE,2026-04-07T09:21:17.880566+00:00
COLFRESH SUGAR FREE ICEMINT CHEWING GUM,16800,70291.2,,7000,,,,,Chewing Gum,Solid,UNRESOLVED,UNRESOLVED,Unknown,unresolved,0,0,0,TRUE,2026-04-07T09:21:17.880566+00:00
COLFRESH SUGAR FREE SPEARMINT CHEWING GUM,,,,,,,,,Chewing Gum,Solid,UNRESOLVED,UNRESOLVED,Unknown,unresolved,0,0,0,TRUE,2026-04-07T09:21:17.880566+00:00
COLFRESH SUGAR FREE WHITE MINT CHEWING GUM,,,,,,,,,Chewing Gum,Solid,UNRESOLVED,UNRESOLVED,Unknown,unresolved,0,0,0,TRUE,2026-04-07T09:21:17.880566+00:00
COLMANS MIX SAUSAGE CASEROLE,,,,,,,,,,,UNRESOLVED,UNRESOLVED,Unknown,unresolved,0,0,0,TRUE,2026-04-07T09:21:17.880566+00:00
COLMANS MM SHEPHERDS PIE MIX,,,,,,,,,,,UNRESOLVED,UNRESOLVED,Unknown,unresolved,0,0,0,TRUE,2026-04-07T09:21:17.880566+00:00
COLMANS MUSTARD POWDER DSF,560,2323,29,12,6.9,42,,,Mustard Powder,Powder,UNRESOLVED,UNRESOLVED,Unknown,unresolved,0,0,0,TRUE,2026-04-07T09:21:17.880566+00:00
COLMANS REC MIX COTTAGE PIE,,,,,,,,,,,UNRESOLVED,UNRESOLVED,Unknown,unresolved,0,0,0,TRUE,2026-04-07T09:21:17.880566+00:00
CONFINI CHERRY BERRY DELIGHT SOUR BELTS CANDY,330,1380.72,5,76,63,0,0,0,Belts Candy,Solid,UNRESOLVED,UNRESOLVED,Unknown,unresolved,0,0,0,TRUE,2026-04-07T09:21:17.880566+00:00
CONFINI CLASSIC BLACK LICORICE PLAIN BELTS CANDY,339,1418.38,4.4,55,62.2,0,0,0,Belts Candy,Solid,UNRESOLVED,UNRESOLVED,Unknown,unresolved,0,0,0,TRUE,2026-04-07T09:21:17.880566+00:00
CONFINI GRANNY SMITH GREEN APPLE CANDY,,,,,,,,,,,UNRESOLVED,UNRESOLVED,Unknown,unresolved,0,0,0,TRUE,2026-04-07T09:21:17.880566+00:00
CONFINI LICORICE BLUEBERRY BELTS,,,,,,,,,Blueberry Belts,Solid,UNRESOLVED,UNRESOLVED,Unknown,unresolved,0,0,0,TRUE,2026-04-07T09:21:17.880566+00:00
CONFINI OLD SKOOL COLA FIZZ CANDY,,,,,,,,,,,UNRESOLVED,UNRESOLVED,Unknown,unresolved,0,0,0,TRUE,2026-04-07T09:21:17.880566+00:00
CONFINI STRAWBERRY BELTS LICORICE CANDY,360,1506.24,3.33333,75.6667,56.6667,,,,Licorice Candy,Solid,UNRESOLVED,UNRESOLVED,Unknown,unresolved,0,0,0,TRUE,2026-04-07T09:21:17.880566+00:00
CONFINI SWEET ORANGE BELTS,,,,,,,,,Orange Belts,Solid,UNRESOLVED,UNRESOLVED,Unknown,unresolved,0,0,0,TRUE,2026-04-07T09:21:17.880566+00:00
CORE LEMON AND LIME BLEND JUICE,144,602,2.3,22.3,14.8,0.3,0.3,0.0012,Juice,Liquid,UNRESOLVED,UNRESOLVED,Unknown,unresolved,0,0,0,TRUE,2026-04-07T09:21:17.880566+00:00
CORE LEMON JUICE,19.85,41,,4.88,3.2,,,,Juice,Liquid,FRUIT DRINKS/SWEETENED JUICES & BOTTLED TEAS,FRUIT DRINKS/SWEETENED JUICE,Ultra-processed foods,simulated_lookup_fuzzy,0.737,0.707,0.727,TRUE,2026-04-07T09:21:17.880566+00:00
CORE LEMONADE FRUIT JUICE,48,200.832,,12,11.7,,,,Fruit Juice,Liquid,UNRESOLVED,UNRESOLVED,Unknown,unresolved,0,0,0,TRUE,2026-04-07T09:21:17.880566+00:00
COTTON CANDY,,,,,,,,,,,UNRESOLVED,UNRESOLVED,Unknown,unresolved,0,0,0,TRUE,2026-04-07T09:21:17.880566+00:00
CRAZY C F MINI GUM BALL MACHINE,,,,,,,,,,,UNRESOLVED,UNRESOLVED,Unknown,unresolved,0,0,0,TRUE,2026-04-07T09:21:17.880566+00:00
CRAZY CANDY FACTORY MACHINE MINI JELLY BEAN,384,1632,0,96,65,0,,,Jelly Bean,Jelly,UNRESOLVED,UNRESOLVED,Unknown,unresolved,0,0,0,TRUE,2026-04-07T09:21:17.880566+00:00
CRAZY CANDY FACTORY SUBMARINE DIP AND LICK CANDY,370,1547,0,91,80,0,0,,Candy,Solid,UNRESOLVED,UNRESOLVED,Unknown,unresolved,0,0,0,TRUE,2026-04-07T09:21:17.880566+00:00
CRAZY CANDY FACTORY UNICORN LIGHT POP LOLLIPOP,392,1666,0,98,88,0,,,Lollipop,Solid,UNRESOLVED,UNRESOLVED,Unknown,unresolved,0,0,0,TRUE,2026-04-07T09:21:17.880566+00:00
CRF INSTANT COFFEE,,,,,,,,,,,COFFEE,COFFEE - UNSWEETENED WITHOUT MILK,Unprocessed/Minimally processed foods,simulated_lookup_fuzzy,0.75,0.72,0.74,TRUE,2026-04-07T09:21:17.880566+00:00
CRIBAZ SALTED POTATO CHIPS,77,322.168,2,18,1,,,2.9125,Potato Chips,Solid,UNRESOLVED,UNRESOLVED,Unknown,unresolved,0,0,0,TRUE,2026-04-07T09:21:17.880566+00:00
CRIBAZ TOMATO POTATO CHIPS,600,2510.4,6.66667,46.6667,3.33333,43.3333,,0.7,Potato Chips,Solid,UNRESOLVED,UNRESOLVED,Unknown,unresolved,0,0,0,TRUE,2026-04-07T09:21:17.880566+00:00
CRUNCH MILK BLOCK,513,2146.39,6.5,62.4,50.4,25.8,,,Chocolate Block,Solid,UNRESOLVED,UNRESOLVED,Unknown,unresolved,0,0,0,TRUE,2026-04-07T09:21:17.880566+00:00
CRUNCHY PEANUT BUTTER SUGAR FREE,625,2615,30,18,3,49,6,0.025,Peanut Butter,Paste,UNRESOLVED,UNRESOLVED,Unknown,unresolved,0,0,0,TRUE,2026-04-07T09:21:17.880566+00:00
CRYING THAIGER SRIRACHA HOT CHILLI SAUCE,103,430.952,0.8,22,16,0.7,2.7,,Chilli Sauce,Paste,UNRESOLVED,UNRESOLVED,Unknown,unresolved,0,0,0,TRUE,2026-04-07T09:21:17.880566+00:00
CUPIDO MINT CHOCOLATE STICKS,519,2171,2.7,62,60,20,,,Chocolate Sticks,Solid,UNRESOLVED,UNRESOLVED,Unknown,unresolved,0,0,0,TRUE,2026-04-07T09:21:17.880566+00:00
CYPRESSA IN BRINE BLACK PITTED OLIVES,,,,,,,,,,,UNRESOLVED,UNRESOLVED,Unknown,unresolved,0,0,0,TRUE,2026-04-07T09:21:17.880566+00:00
DAAWAT BASMATI RICE,365,1527,7.1,80,,0.7,1.8,0.00054,Rice,Solid,CEREAL GRAINS,WHITE RICE,Unprocessed/Minimally processed foods,simulated_lookup_fuzzy,0.884,0.854,0.874,FALSE,2026-04-07T09:21:17.880566+00:00
DAAWAT BLACK BEANS NJAHI,,,,,,,,,,,UNRESOLVED,UNRESOLVED,Unknown,unresolved,0,0,0,TRUE,2026-04-07T09:21:17.880566+00:00
DAAWAT DELI BASMATI RICE,356,1489.5,8,76,0,1,0,0,Rice,Solid,CEREAL GRAINS,WHITE RICE,Unprocessed/Minimally processed foods,simulated_lookup_fuzzy,0.884,0.854,0.874,FALSE,2026-04-07T09:21:17.880566+00:00
DAAWAT LENTILS KAMANDE,,,,,,,,,,,UNRESOLVED,UNRESOLVED,Unknown,unresolved,0,0,0,TRUE,2026-04-07T09:21:17.880566+00:00
DAAWAT LONG GRAIN RICE,129.747,542.405,2.72152,28.481,0.0632911,0.253165,0.379747,0.00101266,Rice,Solid,CEREAL GRAINS,WHITE RICE,Unprocessed/Minimally processed foods,simulated_lookup_exact,0.99,0.99,0.99,FALSE,2026-04-07T09:21:17.880566+00:00
DAAWAT PARBOILED RICE,347,1451,9,78,,1,,,Rice,Solid,CEREAL GRAINS,PARBOILED RICE,Unprocessed/Minimally processed foods,simulated_lookup_fuzzy,0.865,0.835,0.855,FALSE,2026-04-07T09:21:17.880566+00:00
DAAWAT PULSES GREEN GRAMS,,,,,,,,,,,UNRESOLVED,UNRESOLVED,Unknown,unresolved,0,0,0,TRUE,2026-04-07T09:21:17.880566+00:00
DAAWAT ROYAL BASMATI RICE,348,1456,8.2,78,,0.5,1.8,0.00075,Rice,Solid,CEREAL GRAINS,WHITE RICE,Unprocessed/Minimally processed foods,simulated_lookup_fuzzy,0.898,0.868,0.888,FALSE,2026-04-07T09:21:17.880566+00:00
DAAWAT SPAGHETTI BLUE LABEL,354,1481.14,11,73,3,1,2,0.001,Spaghetti,Solid,UNRESOLVED,UNRESOLVED,Unknown,unresolved,0,0,0,TRUE,2026-04-07T09:21:17.880566+00:00
DAAWAT SPAGHETTI BLUE LABEL 2+1,,,,,,,,,,,PASTAS,PASTA - SPAGHETTI,Unprocessed/Minimally processed foods,simulated_lookup_fuzzy,0.73,0.7,0.72,TRUE,2026-04-07T09:21:17.880566+00:00
DAAWAT TRADITIONAL BASMATI RICE,350,1464,8.8,78,,,1.8,0.0017,Rice,Solid,CEREAL GRAINS,WHITE RICE,Unprocessed/Minimally processed foods,simulated_lookup_fuzzy,0.873,0.843,0.863,FALSE,2026-04-07T09:21:17.880566+00:00
DAAWAT YELLOW BEANS,,,,,,,,,,,UNRESOLVED,UNRESOLVED,Unknown,unresolved,0,0,0,TRUE,2026-04-07T09:21:17.880566+00:00
DAIRYLAND ALMOND AND RAISIN CHOCOLATE BAR,513,2146.39,10,44.8,41.4,33.6,,0.095,Chocolate Bar,Solid,UNRESOLVED,UNRESOLVED,Unknown,unresolved,0,0,0,TRUE,2026-04-07T09:21:17.880566+00:00
DAIRYLAND BERRY BLISS CHOCOLATE,,,,,,,,,,,UNRESOLVED,UNRESOLVED,Unknown,unresolved,0,0,0,TRUE,2026-04-07T09:21:17.880566+00:00
DAIRYLAND CHOCOLATE DESSERT TOPPING SAUCE,,,,,,,,,Sauce,Liquid,UNRESOLVED,UNRESOLVED,Unknown,unresolved,0,0,0,TRUE,2026-04-07T09:21:17.880566+00:00
DAIRYLAND CHOCOLATE SPREAD,549,2294.82,6.4,52.6,51.6,34.2,2.9,0.05,Spread,Paste,UNRESOLVED,UNRESOLVED,Unknown,unresolved,0,0,0,TRUE,2026-04-07T09:21:17.880566+00:00
DAIRYLAND DARK COMPOUND CHOCOLATE BAR,565,2363.96,3,50,45,37,,0.049,Chocolate Bar,Solid,UNRESOLVED,UNRESOLVED,Unknown,unresolved,0,0,0,TRUE,2026-04-07T09:21:17.880566+00:00
DAIRYLAND DARK MILK CHOCOLATE BAR,574,2401.62,6.7,54.6,48.5,36.5,,0.065,Chocolate Bar,Solid,UNRESOLVED,UNRESOLVED,Unknown,unresolved,0,0,0,TRUE,2026-04-07T09:21:17.880566+00:00
DAIRYLAND DIP A CHOCOLATE DIP BISCUIT SNACK,912.6,3817.6,11.59,111.3,105.63,,,0.05954,Biscuit Snack,,UNRESOLVED,UNRESOLVED,Unknown,unresolved,0,0,0,TRUE,2026-04-07T09:21:17.880566+00:00
DAIRYLAND DOUBLE CHOCOLATE,,,,,,,,,,,UNRESOLVED,UNRESOLVED,Unknown,unresolved,0,0,0,TRUE,2026-04-07T09:21:17.880566+00:00
DAIRYLAND DRINKING CHOCOLATE,,,,,,,,,,,COCOA,COCOA - SWEETENED WITHOUT MILK,Ultra-processed foods,simulated_lookup_fuzzy,0.824,0.794,0.814,TRUE,2026-04-07T09:21:17.880566+00:00
DAIRYLAND DRINKING CHOCOLATE JARS,,,,,,,,,,,COCOA,COCOA - SWEETENED WITHOUT MILK,Ultra-processed foods,simulated_lookup_fuzzy,0.75,0.72,0.74,TRUE,2026-04-07T09:21:17.880566+00:00
DAIRYLAND F MINT CHOCOLATE,,,,,,,,,,,UNRESOLVED,UNRESOLVED,Unknown,unresolved,0,0,0,TRUE,2026-04-07T09:21:17.880566+00:00
DAIRYLAND FILLED MINT CHOCOLATE,,,,,,,,,,,UNRESOLVED,UNRESOLVED,Unknown,unresolved,0,0,0,TRUE,2026-04-07T09:21:17.880566+00:00
DAIRYLAND HAZELNUT CHOCOLATE BAR,375,1569,22.5,45,27.5,17.5,15,0.2,Chocolate Bar,Solid,UNRESOLVED,UNRESOLVED,Unknown,unresolved,0,0,0,TRUE,2026-04-07T09:21:17.880566+00:00
DAIRYLAND MILK COMPOUND CHOCOLATE BAR,170,711.28,9,26,26,2,,,Chocolate Bar,Solid,UNRESOLVED,UNRESOLVED,Unknown,unresolved,0,0,0,TRUE,2026-04-07T09:21:17.880566+00:00
DAIRYLAND MILK WITH COOKIES CHOCOLATE BAR,576.923,2413.85,7.69231,50,38.4615,38.4615,3.84615,0.115385,Chocolate Bar,Solid,UNRESOLVED,UNRESOLVED,Unknown,unresolved,0,0,0,TRUE,2026-04-07T09:21:17.880566+00:00
DAIRYLAND ORANGE CRUNCH CHOCOLATE,531,2211,6.9,46,44,34,,8.00E-06,Chocolate,Solid,UNRESOLVED,UNRESOLVED,Unknown,unresolved,0,0,0,TRUE,2026-04-07T09:21:17.880566+00:00
DAIRYLAND ORANGE CRUNCH CHOCOLATE BAR,558,2328,5.6,53.5,51.4,35.3,2.3,,Chocolate Bar,Solid,UNRESOLVED,UNRESOLVED,Unknown,unresolved,0,0,0,TRUE,2026-04-07T09:21:17.880566+00:00
DAIRYLAND REAL MILK CHOCOLATE,531,2221,3.1,57.3,56,23,,,Milk Chocolate,Solid,UNRESOLVED,UNRESOLVED,Unknown,unresolved,0,0,0,TRUE,2026-04-07T09:21:17.880566+00:00
DAIRYLAND REAL MILK CHOCOLATE BAR,523,2188.23,8.1,60.5,57.3,28.9,2.1,0.156,Chocolate Bar,Solid,UNRESOLVED,UNRESOLVED,Unknown,unresolved,0,0,0,TRUE,2026-04-07T09:21:17.880566+00:00
DAIRYLAND REAL WHITE CHOCOLATE,560,2343.04,10,52,50,32,0,0.104,Chocolate,Solid,UNRESOLVED,UNRESOLVED,Unknown,unresolved,0,0,0,TRUE,2026-04-07T09:21:17.880566+00:00
DAIRYLAND SALTED CARAMEL CHOCOLATE BAR,483,2023,4.8,62,48,24,1.3,,Chocolate Bar,Solid,UNRESOLVED,UNRESOLVED,Unknown,unresolved,0,0,0,TRUE,2026-04-07T09:21:17.880566+00:00
DAIRYLAND WHITE COMPOUND CHOCOLATE BAR,328,1372.35,1,40,40,40,,0.006,Chocolate Bar,Solid,UNRESOLVED,UNRESOLVED,Unknown,unresolved,0,0,0,TRUE,2026-04-07T09:21:17.880566+00:00
DAIRYLAND WHITE WITH COOKIES CHOCOLATE BAR,538,2250.99,12,50,48,32,,0.146,Chocolate Bar,Solid,UNRESOLVED,UNRESOLVED,Unknown,unresolved,0,0,0,TRUE,2026-04-07T09:21:17.880566+00:00
DASANI STILL WATER,,,,,,,,,Water,Liquid,WATER,MINERAL WATER,Unprocessed/Minimally processed foods,simulated_lookup_fuzzy,0.789,0.759,0.779,TRUE,2026-04-07T09:21:17.880566+00:00
DASH BRITISH LEMON SPARKLING WATER,2,8,0,0.5,0,0,,,Sparkling Water,Liquid,UNRESOLVED,UNRESOLVED,Unknown,unresolved,0,0,0,TRUE,2026-04-07T09:21:17.880566+00:00
DASH SPARKLING WATER CUCUMBER NAS,0.5,0,2,100,,,0,,Food,Cucumber,UNRESOLVED,UNRESOLVED,Unknown,unresolved,0,0,0,TRUE,2026-04-07T09:21:17.880566+00:00
DE BRON LESS CALORIES BEARS JELLY,201,841,6.1,73,0,0.2,,,Bears Jelly,Jelly,UNRESOLVED,UNRESOLVED,Unknown,unresolved,0,0,0,TRUE,2026-04-07T09:21:17.880566+00:00
DE BRON SUGAR FREE CARIBBEAN MIX CANDY,292,213,0.5,83.2,0.2,10,,,Candy,Solid,UNRESOLVED,UNRESOLVED,Unknown,unresolved,0,0,0,TRUE,2026-04-07T09:21:17.880566+00:00
DE CECCO ALLA ARRABBIATA SAUCE,60,251.04,1.6,6.4,5.6,2.8,1.3,,Arrabbiata Sauce,Paste,UNRESOLVED,UNRESOLVED,Unknown,unresolved,0,0,0,TRUE,2026-04-07T09:21:17.880566+00:00
DE CECCO ALLA GENOVESE PESTO,,,,,,,,,,,UNRESOLVED,UNRESOLVED,Unknown,unresolved,0,0,0,TRUE,2026-04-07T09:21:17.880566+00:00
DE CECCO ALLA SICILIANA SAUCE,59,245,1.3,5.2,4.2,3.1,2.6,,Siciliana Sauce,Paste,UNRESOLVED,UNRESOLVED,Unknown,unresolved,0,0,0,TRUE,2026-04-07T09:21:17.880566+00:00
DE CECCO CLASSIC CREAMY TOMATO PASSATA,31,129,1.5,5.1,4.5,0.1,1.6,,Tomato Passata,Paste,UNRESOLVED,UNRESOLVED,Unknown,unresolved,0,0,0,TRUE,2026-04-07T09:21:17.880566+00:00
DE CECCO FETTUCCELLE NO 6 PASTA,352,1472.77,14,69.2,3.4,1.5,4.00E-05,,Pasta,Solid,UNRESOLVED,UNRESOLVED,Unknown,unresolved,0,0,0,TRUE,2026-04-07T09:21:17.880566+00:00
DE CECCO FUSILLI PASTA,351,1468.58,14,69,3,1,,,Pasta,Solid,UNRESOLVED,UNRESOLVED,Unknown,unresolved,0,0,0,TRUE,2026-04-07T09:21:17.880566+00:00
DE CECCO INTEGRALE LINGUINE PASTA,343,1453,15,61,2.4,2.5,,,Pasta,Solid,UNRESOLVED,UNRESOLVED,Unknown,unresolved,0,0,0,TRUE,2026-04-07T09:21:17.880566+00:00
DE CECCO LINGUINE PASTA,351,1468.58,14,69,3,1,,,Pasta,Solid,UNRESOLVED,UNRESOLVED,Unknown,unresolved,0,0,0,TRUE,2026-04-07T09:21:17.880566+00:00
DE CECCO NO.12 SPAGHETTI,351,1468.58,14,69,3.4,1.5,2.9,,Spaghetti,Solid,UNRESOLVED,UNRESOLVED,Unknown,unresolved,0,0,0,TRUE,2026-04-07T09:21:17.880566+00:00
DE CECCO NO.23 TORTIGLIONI PASTA,358,1497.87,14,72,3,1,,,Pasta,Solid,UNRESOLVED,UNRESOLVED,Unknown,unresolved,0,0,0,TRUE,2026-04-07T09:21:17.880566+00:00
DE CECCO PASTA ALFABETO,,,,,,,,,,,UNRESOLVED,UNRESOLVED,Unknown,unresolved,0,0,0,TRUE,2026-04-07T09:21:17.880566+00:00
DE NIGRIS B/WHITE WINE VINEGAR,19,80,,0.2,,,,,Vinegar,Liquid,UNRESOLVED,UNRESOLVED,Unknown,unresolved,0,0,0,TRUE,2026-04-07T09:21:17.880566+00:00
DE NIGRIS GRAPE RED WINE VINEGAR,19,80,,0.2,,,,,Vinegar,Liquid,UNRESOLVED,UNRESOLVED,Unknown,unresolved,0,0,0,TRUE,2026-04-07T09:21:17.880566+00:00
DE NIGRIS MODENA BALSAMIC VINEGAR,88,368.19,0.5,17,15,,,0.023,Vinegar,Liquid,UNRESOLVED,UNRESOLVED,Unknown,unresolved,0,0,0,TRUE,2026-04-07T09:21:17.880566+00:00
DE NIGRIS ORGANIC APPLE CIDER VINEGAR,70,292.88,,0.3,0.1,,,,Vinegar,Liquid,UNRESOLVED,UNRESOLVED,Unknown,unresolved,0,0,0,TRUE,2026-04-07T09:21:17.880566+00:00
DE NIGRIS ORGANIC RED WINE VINEGAR,3,12.55,,,,,,,Vinegar,Liquid,UNRESOLVED,UNRESOLVED,Unknown,unresolved,0,0,0,TRUE,2026-04-07T09:21:17.880566+00:00
DE NIGRIS ORGANIC WHITE WINE VINEGAR,,,,,,,,,Wine Vinegar,Liquid,UNRESOLVED,UNRESOLVED,Unknown,unresolved,0,0,0,TRUE,2026-04-07T09:21:17.880566+00:00
DE NIGRIS ORIGINAL CLASSIC GLAZE BALSAMIC VINEGAR,88,368.19,0.5,17,15,,,0.023,Vinegar,Liquid,UNRESOLVED,UNRESOLVED,Unknown,unresolved,0,0,0,TRUE,2026-04-07T09:21:17.880566+00:00
DE NIGRIS ROSE SWEET VINEGAR,,,,,,,,,,,UNRESOLVED,UNRESOLVED,Unknown,unresolved,0,0,0,TRUE,2026-04-07T09:21:17.880566+00:00
DE NIGRIS S BALSAMC GLAZE FIGFL,,,,,,,,,,,UNRESOLVED,UNRESOLVED,Unknown,unresolved,0,0,0,TRUE,2026-04-07T09:21:17.880566+00:00
DE NIGRIS SPICY BALS GLAZE,,,,,,,,,,,UNRESOLVED,UNRESOLVED,Unknown,unresolved,0,0,0,TRUE,2026-04-07T09:21:17.880566+00:00
DE NIGRIS WHITE ITALIAN CONDIMENT,,,,,,,,,,,UNRESOLVED,UNRESOLVED,Unknown,unresolved,0,0,0,TRUE,2026-04-07T09:21:17.880566+00:00
DEBRON CANDY FRUIT-TOFFEE S/FREE,294,1230.1,0.5,83,0.5,10,,,Toffee,Solid,UNRESOLVED,UNRESOLVED,Unknown,unresolved,0,0,0,TRUE,2026-04-07T09:21:17.880566+00:00
DEBRON CANDY SWT LICORICE S/FRE,239,1002,0.4,85.1,0.3,0.2,,,Candy,Solid,UNRESOLVED,UNRESOLVED,Unknown,unresolved,0,0,0,TRUE,2026-04-07T09:21:17.880566+00:00
DEE THAI SWEETCHILLI SAUCE,,,,,,,,,,,UNRESOLVED,UNRESOLVED,Unknown,unresolved,0,0,0,TRUE,2026-04-07T09:21:17.880566+00:00
DEL MONTE CRANBERRY APPLE,,,,,,,,,Juice,Liquid,UNRESOLVED,UNRESOLVED,Unknown,unresolved,0,0,0,TRUE,2026-04-07T09:21:17.880566+00:00
DEL MONTE JUICE BLEND MANGO,,,,,,,,,Juice,Liquid,FRESH/FRUIT JUICES - NO ADDED SUGAR,FRESH/FRUIT JUICES - NO ADDED SUGAR,Unprocessed/Minimally processed foods,simulated_lookup_fuzzy,0.776,0.746,0.766,TRUE,2026-04-07T09:21:17.880566+00:00
DEL MONTE JUICE BLEND MIXED BERRY,,,,,,,,,Juice,Liquid,UNRESOLVED,UNRESOLVED,Unknown,unresolved,0,0,0,TRUE,2026-04-07T09:21:17.880566+00:00
DEL MONTE JUICE BLEND ORANGE,56,234.304,,13,13,,,,Juice,Liquid,FRESH/FRUIT JUICES - NO ADDED SUGAR,FRESH/FRUIT JUICES - NO ADDED SUGAR,Unprocessed/Minimally processed foods,simulated_lookup_fuzzy,0.76,0.73,0.75,TRUE,2026-04-07T09:21:17.880566+00:00
DEL MONTE JUICE BLEND PASSION,,,,,,,,,Juice,Liquid,FRESH/FRUIT JUICES - NO ADDED SUGAR,FRESH/FRUIT JUICES - NO ADDED SUGAR,Unprocessed/Minimally processed foods,simulated_lookup_fuzzy,0.745,0.715,0.735,TRUE,2026-04-07T09:21:17.880566+00:00
DEL MONTE JUICE BLEND PINEAPPLE MANGO,52,217.568,,12,4,,,,Juice,Liquid,UNRESOLVED,UNRESOLVED,Unknown,unresolved,0,0,0,TRUE,2026-04-07T09:21:17.880566+00:00
DEL MONTE ORANGE JUICE,,,,,,,,,Juice,Liquid,FRESH/FRUIT JUICES - NO ADDED SUGAR,FRESH/FRUIT JUICES - NO ADDED SUGAR,Unprocessed/Minimally processed foods,simulated_lookup_fuzzy,0.837,0.807,0.827,TRUE,2026-04-07T09:21:17.880566+00:00
DEL MONTE PINEAPPLE AND PASSION BLENDED JUICE,,,,,,,,,Juice,Liquid,UNRESOLVED,UNRESOLVED,Unknown,unresolved,0,0,0,TRUE,2026-04-07T09:21:17.880566+00:00
DEL MONTE PINEAPPLE BLEND JUICE,,,,,,,,,Juice,Liquid,FRESH/FRUIT JUICES - NO ADDED SUGAR,FRESH/FRUIT JUICES - NO ADDED SUGAR,Unprocessed/Minimally processed foods,simulated_lookup_fuzzy,0.821,0.791,0.811,TRUE,2026-04-07T09:21:17.880566+00:00
DEL MONTE PINEAPPLE GOLD JUICE,51,219,0.3,12.1,12.1,,,,Pineapple Juice,Liquid,FRESH/FRUIT JUICES - NO ADDED SUGAR,FRESH/FRUIT JUICES - NO ADDED SUGAR,Unprocessed/Minimally processed foods,simulated_lookup_fuzzy,0.836,0.806,0.826,TRUE,2026-04-07T09:21:17.880566+00:00
DEL MONTE PINEAPPLE JUICE,53,242,0.1,13.6,13.3,0.13,0.21,0.00209,Pineapple Juice,Liquid,FRESH/FRUIT JUICES - NO ADDED SUGAR,FRESH/FRUIT JUICES - NO ADDED SUGAR,Unprocessed/Minimally processed foods,simulated_lookup_fuzzy,0.88,0.85,0.87,FALSE,2026-04-07T09:21:17.880566+00:00
DEL MONTE PINEAPPLE MANGO,58,2474,0.3,14,14,,,,Fruit Juice,Liquid,FRESH/FRUIT JUICES - NO ADDED SUGAR,FRESH/FRUIT JUICES - NO ADDED SUGAR,Unprocessed/Minimally processed foods,simulated_lookup_fuzzy,0.76,0.73,0.75,TRUE,2026-04-07T09:21:17.880566+00:00
DEL MONTE PINEAPPLE ORANGE,47,196.648,0.1,11.9,11.8,,,,Fruit Juice,Liquid,FRESH/FRUIT JUICES - NO ADDED SUGAR,FRESH/FRUIT JUICES - NO ADDED SUGAR,Unprocessed/Minimally processed foods,simulated_lookup_fuzzy,0.784,0.754,0.774,TRUE,2026-04-07T09:21:17.880566+00:00
DEL MONTE PINEAPPLE ORANGE JUICE BLEND,,,,,,,,,Juice,Liquid,FRESH/FRUIT JUICES - NO ADDED SUGAR,FRESH/FRUIT JUICES - NO ADDED SUGAR,Unprocessed/Minimally processed foods,simulated_lookup_fuzzy,0.873,0.843,0.863,FALSE,2026-04-07T09:21:17.880566+00:00
DEL MONTE PINEAPPLE PASSION,20,83.68,0.1,3,3,,,,Fruit Juice,Liquid,FRESH/FRUIT JUICES - NO ADDED SUGAR,FRESH/FRUIT JUICES - NO ADDED SUGAR,Unprocessed/Minimally processed foods,simulated_lookup_fuzzy,0.808,0.778,0.798,TRUE,2026-04-07T09:21:17.880566+00:00
DEL MONTE PURE APPLE JUICE,45,188.28,0.1,11.4,10.8,,,,Apple Juice,Liquid,FRESH/FRUIT JUICES - NO ADDED SUGAR,FRESH/FRUIT JUICES - NO ADDED SUGAR,Unprocessed/Minimally processed foods,simulated_lookup_fuzzy,0.784,0.754,0.774,TRUE,2026-04-07T09:21:17.880566+00:00
DEL MONTE TROPICAL BLEND JUICE,,,,,,,,,Juice,Liquid,UNRESOLVED,UNRESOLVED,Unknown,unresolved,0,0,0,TRUE,2026-04-07T09:21:17.880566+00:00
DEL MONTE TROPICAL FRUIT,57,240,0.2,13.4,13.4,,,,Tropical Juice,Liquid,FRESH/FRUIT JUICES - NO ADDED SUGAR,FRESH/FRUIT JUICES - NO ADDED SUGAR,Unprocessed/Minimally processed foods,simulated_lookup_fuzzy,0.723,0.693,0.713,TRUE,2026-04-07T09:21:17.880566+00:00
DEPY'S FRIED PEANUTS,600,2510.4,24,12,,48,,0.832,Fried Peanuts,Solid,SALTED/SUGARED NUTS,SALTED PEANUTS,Processed foods,simulated_lookup_fuzzy,0.75,0.72,0.74,TRUE,2026-04-07T09:21:17.880566+00:00
DEPY'S NUTS CHEVDA,512,5142,8,55.5,15,28.62,1.3,0.78,Chevda,Solid,UNRESOLVED,UNRESOLVED,Unknown,unresolved,0,0,0,TRUE,2026-04-07T09:21:17.880566+00:00
DEPY'S SUGAR FREE NUTS CHEVDA,512,5142,8,55.5,,28.62,1.3,0.78,Chevda,Solid,UNRESOLVED,UNRESOLVED,Unknown,unresolved,0,0,0,TRUE,2026-04-07T09:21:17.880566+00:00
DEPYS CHEESE AND ONION POTATO CRISPS,584,2292.83,4,44,,42,4,,Potato Crisps,Solid,SWEET AND SAVOURY SNACKS,POTATO CRISPS,Ultra-processed foods,simulated_lookup_fuzzy,0.73,0.7,0.72,TRUE,2026-04-07T09:21:17.880566+00:00
DEPYS CHEESE AND ONION POTATO CRISPS CHIPS,,,,,,,,,Potato Crisps Chips,Solid,UNRESOLVED,UNRESOLVED,Unknown,unresolved,0,0,0,TRUE,2026-04-07T09:21:17.880566+00:00
DEPYS FOIL TOMATO POTATO CRISPS,300,1255.2,10,30,10,15,5,1.4,Potato Crisps,Solid,SUGAR - POWDERED,GLUCOSE,Processed Culinary Ingredients,unresolved,0,0,0,TRUE,2026-04-07T09:21:17.880566+00:00
DEPYS MATOKE CRISPS,104,435.136,1.11111,26.8889,12.6667,0.222222,2,0.00422222,Crisps,Solid,"COOKIES, BISCUITS AND WAFERS",BISCUITS,Ultra-processed foods,unresolved,0,0,0,TRUE,2026-04-07T09:21:17.880566+00:00
DEPYS SALT AND VINEGAR POTATO CRISPS,531.111,2222.16,4.44444,48.8889,2.22222,31.1111,4.44444,0.795556,Potato Crisps,Solid,"COOKIES, BISCUITS AND WAFERS",BISCUITS,Ultra-processed foods,simulated_lookup_fuzzy,0.73,0.7,0.72,TRUE,2026-04-07T09:21:17.880566+00:00
DEPYS SALTED POTATO CRISPS,470,1966.48,6,63,,20,,0.001,Potato Crisps,Solid,"COOKIES, BISCUITS AND WAFERS",BISCUITS,Ultra-processed foods,unresolved,0,0,0,TRUE,2026-04-07T09:21:17.880566+00:00
DEPYS TOMATO POTATO CRISPS,300,1255.2,10,30,10,15,5,1.4,Potato Crisps,Solid,FRUIT DRINKS/SWEETENED JUICES & BOTTLED TEAS,FRUIT DRINKS/SWEETENED JUICE,Ultra-processed foods,unresolved,0,0,0,TRUE,2026-04-07T09:21:17.880566+00:00
DESI TREAT ITALIAN SOYA TIKKA,120,,13,11,2,1.5,3,0.26,,,FRUIT DRINKS/SWEETENED JUICES & BOTTLED TEAS,FRUIT DRINKS/SWEETENED JUICE,Ultra-processed foods,unresolved,0,0,0,TRUE,2026-04-07T09:21:17.880566+00:00
DESI TREAT PERI PERI SOYA TIKKA,120,,13,11,11,1.5,3,0.26,,,FRUIT DRINKS/SWEETENED JUICES & BOTTLED TEAS,FRUIT DRINKS/SWEETENED JUICE,Ultra-processed foods,unresolved,0,0,0,TRUE,2026-04-07T09:21:17.880566+00:00
DESI TREAT SARSO DA SAAG,,,,,,,,,,,SUGAR - POWDERED,GLUCOSE,Processed Culinary Ingredients,unresolved,0,0,0,TRUE,2026-04-07T09:21:17.880566+00:00
DESIAM CHILLI PINEAPPLE THAI DIPPING SAUCE,180,752,0.2,43.6,41.4,0.4,0.9,,Sauce,Paste,"COOKIES, BISCUITS AND WAFERS",BISCUITS,Ultra-processed foods,unresolved,0,0,0,TRUE,2026-04-07T09:21:17.880566+00:00
DESIAM THAI GREEN CURRY PASTE,131,550,2.8,9.2,5.3,7.8,7,,Curry Paste,Paste,"COOKIES, BISCUITS AND WAFERS",BISCUITS,Ultra-processed foods,unresolved,0,0,0,TRUE,2026-04-07T09:21:17.880566+00:00
DESIAM THAI SEASONING OYSTER SAUCE,152,637,4.4,32.9,28,0.1,,,Sauce,Paste,"COOKIES, BISCUITS AND WAFERS",BISCUITS,Ultra-processed foods,unresolved,0,0,0,TRUE,2026-04-07T09:21:17.880566+00:00
DESIAM YELLOW THAI CURRY PASTE,283,1182,5,15,5.3,21,8.7,,Curry Paste,Paste,FRUIT DRINKS/SWEETENED JUICES & BOTTLED TEAS,FRUIT DRINKS/SWEETENED JUICE,Ultra-processed foods,unresolved,0,0,0,TRUE,2026-04-07T09:21:17.880566+00:00
DIABLO NAS CH CHIP&CBRY COOKIE,,,,,,,,,,,FRUIT DRINKS/SWEETENED JUICES & BOTTLED TEAS,FRUIT DRINKS/SWEETENED JUICE,Ultra-processed foods,unresolved,0,0,0,TRUE,2026-04-07T09:21:17.880566+00:00
DIABLO SUGAR FREE STRAWBERRY AND CREAM SWEETS CANDY,292,1222,0.1,86.9,0.5,9.1,,,Candy,Solid,FRUIT DRINKS/SWEETENED JUICES & BOTTLED TEAS,FRUIT DRINKS/SWEETENED JUICE,Ultra-processed foods,unresolved,0,0,0,TRUE,2026-04-07T09:21:17.880566+00:00
DOCILE CANUDINHO TUTTI FRUTTI CANDY,50,0,344,100,0,0,,,Food,,SUGAR - POWDERED,GLUCOSE,Processed Culinary Ingredients,unresolved,0,0,0,TRUE,2026-04-07T09:21:17.880566+00:00
DOLA CHAPATI FLOUR,333,1393.27,13,73,,1,,,Chapati Flour,Powder,"COOKIES, BISCUITS AND WAFERS",BISCUITS,Ultra-processed foods,simulated_lookup_fuzzy,0.8,0.77,0.79,TRUE,2026-04-07T09:21:17.880566+00:00
DOLA GOLD SUPERIOR MAIZE FLOUR,370,1548.08,7,79,1.6,1.8,,0.007,Maize Flour,Powder,"COOKIES, BISCUITS AND WAFERS",BISCUITS,Ultra-processed foods,unresolved,0,0,0,TRUE,2026-04-07T09:21:17.880566+00:00
DOLA MAIZE MEAL,361,1510,7,77,1,4,7.3,0.005,Maize Flour,Powder,SUGAR - POWDERED,GLUCOSE,Processed Culinary Ingredients,simulated_lookup_fuzzy,0.8,0.77,0.79,TRUE,2026-04-07T09:21:17.880566+00:00
DOLA VEGETABLE COOKING OIL,,,,,,,,,Cooking Oil,Liquid,"COOKIES, BISCUITS AND WAFERS",BISCUITS,Ultra-processed foods,unresolved,0,0,0,TRUE,2026-04-07T09:21:17.880566+00:00
DOMEE EGG NOODLES BROAD,,,,,,,,,,,"COOKIES, BISCUITS AND WAFERS",BISCUITS,Ultra-processed foods,unresolved,0,0,0,TRUE,2026-04-07T09:21:17.880566+00:00
DONG PO SESAME OIL,884,3698.66,0,0,0,100,0,0,Sesame Oil,Liquid,"COOKIES, BISCUITS AND WAFERS",BISCUITS,Ultra-processed foods,unresolved,0,0,0,TRUE,2026-04-07T09:21:17.880566+00:00
DORMANS 3-IN-1 IRISH CREAM COFFEE MIX,82,350,15,4.5,,0.5,,,Coffee Mix,Solid,FRUIT DRINKS/SWEETENED JUICES & BOTTLED TEAS,FRUIT DRINKS/SWEETENED JUICE,Ultra-processed foods,unresolved,0,0,0,TRUE,2026-04-07T09:21:17.880566+00:00
DORMANS 3IN1 IRISH CREAM COFFEE MIX X OF,82,350,15,4.5,,0.5,,,Coffee Mix,Solid,FRUIT DRINKS/SWEETENED JUICES & BOTTLED TEAS,FRUIT DRINKS/SWEETENED JUICE,Ultra-processed foods,unresolved,0,0,0,TRUE,2026-04-07T09:21:17.880566+00:00
DORMANS AA BLUE MOUNTAIN DRIP COFFEE BAG,,,,,,,,,,,FRUIT DRINKS/SWEETENED JUICES & BOTTLED TEAS,FRUIT DRINKS/SWEETENED JUICE,Ultra-processed foods,unresolved,0,0,0,TRUE,2026-04-07T09:21:17.880566+00:00
DORMANS AA BLUE MOUNTAIN FINE GROUND COFFEE,,,,,,,,,ground coffee,solid,SUGAR - POWDERED,GLUCOSE,Processed Culinary Ingredients,unresolved,0,0,0,TRUE,2026-04-07T09:21:17.880566+00:00
DORMANS AA BLUE MOUNTAIN KENYA COFFEE BEANS,2.4,10.0416,0.3,0,0,0.1,0,0.0047,Coffee Beans,Solid,"COOKIES, BISCUITS AND WAFERS",BISCUITS,Ultra-processed foods,unresolved,0,0,0,TRUE,2026-04-07T09:21:17.880566+00:00
DORMANS AA BLUE MOUNTAIN MEDIUM GROUND COFFEE,,,,,,,,,grounded coffee,solid,"COOKIES, BISCUITS AND WAFERS",BISCUITS,Ultra-processed foods,unresolved,0,0,0,TRUE,2026-04-07T09:21:17.880566+00:00
DORMANS ARABICA DARK FINE GROUND COFFEE,,,,,,,,,Coffee,Powder,"COOKIES, BISCUITS AND WAFERS",BISCUITS,Ultra-processed foods,unresolved,0,0,0,TRUE,2026-04-07T09:21:17.880566+00:00
DORMANS ARABICA MEDIUM COFFEE BEANS,2.4,10.0416,0.3,0,0,0.1,0,0.0047,Coffee Beans,Solid,FRUIT DRINKS/SWEETENED JUICES & BOTTLED TEAS,FRUIT DRINKS/SWEETENED JUICE,Ultra-processed foods,unresolved,0,0,0,TRUE,2026-04-07T09:21:17.880566+00:00
DORMANS ARABICA MEDIUM ROAST DARK COFFEE BEANS,0.884956,3.53982,0,0,0,0,0,0.00176991,Coffee Beans,Solid,FRUIT DRINKS/SWEETENED JUICES & BOTTLED TEAS,FRUIT DRINKS/SWEETENED JUICE,Ultra-processed foods,unresolved,0,0,0,TRUE,2026-04-07T09:21:17.880566+00:00
DORMANS ARABICA RICH AND TRADITIONAL MEDIUM ROAST AND FINE GROUND COFFEE,,,,,,,,,ground coffee,solid,FRUIT DRINKS/SWEETENED JUICES & BOTTLED TEAS,FRUIT DRINKS/SWEETENED JUICE,Ultra-processed foods,unresolved,0,0,0,TRUE,2026-04-07T09:21:17.880566+00:00
DORMANS ARABICA RICH TRADITIONAL KENYA COFFEE,2,8.36,0.5,0.1,0.1,0.1,0.7,1.00E-05,Coffee,Powder,SUGAR - POWDERED,GLUCOSE,Processed Culinary Ingredients,unresolved,0,0,0,TRUE,2026-04-07T09:21:17.880566+00:00
DORMANS BREAKFAST DARK CHOCOLATE COFFEE BEANS,2.4,10.0416,0.3,0,0,0.1,0,0.0047,Coffee Beans,Solid,"COOKIES, BISCUITS AND WAFERS",BISCUITS,Ultra-processed foods,unresolved,0,0,0,TRUE,2026-04-07T09:21:17.880566+00:00
DORMANS BREAKFAST DELICATELY BALANCED KENYA COFFEE,,,,,,,,,Coffee,Powder,"COOKIES, BISCUITS AND WAFERS",BISCUITS,Ultra-processed foods,unresolved,0,0,0,TRUE,2026-04-07T09:21:17.880566+00:00
DORMANS BREAKFAST DELICATELY BALANCED MEDIUM FINE KENYA COFFEE,,,,,,,,,Coffee,Powder,SUGAR - POWDERED,GLUCOSE,Processed Culinary Ingredients,unresolved,0,0,0,TRUE,2026-04-07T09:21:17.880566+00:00
DORMANS BREAKFAST DELICATELY BALANCED MEDIUM GROUND KENYA COFFEE,,,,,,,,,Coffee,Powder,"COOKIES, BISCUITS AND WAFERS",BISCUITS,Ultra-processed foods,unresolved,0,0,0,TRUE,2026-04-07T09:21:17.880566+00:00
DORMANS BREAKFAST MEDIUM COFFEE BEANS,2.4,10.0416,0.3,0,0,0.1,0,0.0047,Coffee Beans,Solid,"COOKIES, BISCUITS AND WAFERS",BISCUITS,Ultra-processed foods,unresolved,0,0,0,TRUE,2026-04-07T09:21:17.880566+00:00
DORMANS CLASSIC 3-IN-1 COFFEE MIX,363,1519,22.5,68.2,39.4,,23.8,,Coffee Mix,Solid,"COOKIES, BISCUITS AND WAFERS",BISCUITS,Ultra-processed foods,unresolved,0,0,0,TRUE,2026-04-07T09:21:17.880566+00:00
DORMANS CLASSIC 3IN 1 INSTANT COFFEE MIX X OF,304,1276,22.6,40.2,0.5,0.5,23.7,0.03655,Instant Coffee Mix,Powder,FRUIT DRINKS/SWEETENED JUICES & BOTTLED TEAS,FRUIT DRINKS/SWEETENED JUICE,Ultra-processed foods,unresolved,0,0,0,TRUE,2026-04-07T09:21:17.880566+00:00
DORMANS COFFEE HOUSE DRIP COFFEE BAGS,,,,,,,,,,,FRUIT DRINKS/SWEETENED JUICES & BOTTLED TEAS,FRUIT DRINKS/SWEETENED JUICE,Ultra-processed foods,unresolved,0,0,0,TRUE,2026-04-07T09:21:17.880566+00:00
DORMANS COFFEEHOUSE DARK ROAST FINE GRIND COFFEE,,,,,,,,,Coffee,Powder,FRUIT DRINKS/SWEETENED JUICES & BOTTLED TEAS,FRUIT DRINKS/SWEETENED JUICE,Ultra-processed foods,unresolved,0,0,0,TRUE,2026-04-07T09:21:17.880566+00:00
DORMANS COFFEEHOUSE DARK/FINE,,,,,,,,,Coffee,Powder,SUGAR - POWDERED,GLUCOSE,Processed Culinary Ingredients,unresolved,0,0,0,TRUE,2026-04-07T09:21:17.880566+00:00
DORMANS COFFEEHOUSE DARK/MED,,,,,,,,,ground coffee,solid,"COOKIES, BISCUITS AND WAFERS",BISCUITS,Ultra-processed foods,unresolved,0,0,0,TRUE,2026-04-07T09:21:17.880566+00:00
DORMANS COFFEEHOUSE FINE MEDIUM ROAST MEDIUM GRIND COFFEE,,,,,,,,,Coffee,Powder,"COOKIES, BISCUITS AND WAFERS",BISCUITS,Ultra-processed foods,unresolved,0,0,0,TRUE,2026-04-07T09:21:17.880566+00:00
DORMANS COFFEEHOUSE MED/MED,,,,,,,,,Coffee,Powder,"COOKIES, BISCUITS AND WAFERS",BISCUITS,Ultra-processed foods,unresolved,0,0,0,TRUE,2026-04-07T09:21:17.880566+00:00
DORMANS COFFEEHOUSE MED/MEDIUM,,,,,,,,,Coffee,Powder,FRUIT DRINKS/SWEETENED JUICES & BOTTLED TEAS,FRUIT DRINKS/SWEETENED JUICE,Ultra-processed foods,unresolved,0,0,0,TRUE,2026-04-07T09:21:17.880566+00:00
DORMANS CONTINENTAL DARK CHOCOLATEY DARK ROAST MEDIUM GROUND COFFEE,1,4.184,,0.1,,,,,Ground Coffee,Powder,FRUIT DRINKS/SWEETENED JUICES & BOTTLED TEAS,FRUIT DRINKS/SWEETENED JUICE,Ultra-processed foods,unresolved,0,0,0,TRUE,2026-04-07T09:21:17.880566+00:00
DORMANS CONTINENTAL DARK FINE,2.4,10.0416,,0,0,0,,0.0047,Grounded coffee,solid,FRUIT DRINKS/SWEETENED JUICES & BOTTLED TEAS,FRUIT DRINKS/SWEETENED JUICE,Ultra-processed foods,unresolved,0,0,0,TRUE,2026-04-07T09:21:17.880566+00:00
DORMANS CREAMER COFFEE STICK X 36 PIECES,82,350,15,4.5,,0.5,,,Coffee Stick,Solid,SUGAR - POWDERED,GLUCOSE,Processed Culinary Ingredients,unresolved,0,0,0,TRUE,2026-04-07T09:21:17.880566+00:00
DORMANS CREAMER STICK X OF,15,62.76,0,1,0,1,0,0,Creamer Stick,Powder,"COOKIES, BISCUITS AND WAFERS",BISCUITS,Ultra-processed foods,unresolved,0,0,0,TRUE,2026-04-07T09:21:17.880566+00:00
DORMANS DECAF COFFEE CAPSULES X 25 PIECES,2.4,10.0416,0.3,0,0,0,0,0.0047,Coffee capsule,solid,SUGAR - POWDERED,GLUCOSE,Processed Culinary Ingredients,unresolved,0,0,0,TRUE,2026-04-07T09:21:17.880566+00:00
DORMANS DECAF DRIP COFFEE BAGS,,,,,,,,,,,"COOKIES, BISCUITS AND WAFERS",BISCUITS,Ultra-processed foods,unresolved,0,0,0,TRUE,2026-04-07T09:21:17.880566+00:00
DORMANS DECAF INSTANT COFFEE,50,209.2,5,15,,,,0.2,Instant Coffee,Powder,"COOKIES, BISCUITS AND WAFERS",BISCUITS,Ultra-processed foods,simulated_lookup_fuzzy,0.857,0.827,0.847,FALSE,2026-04-07T09:21:17.880566+00:00
DORMANS DECAFFEINATED FINE GRIND DARK ROAST COFFEE,2,8,0,0,0,0,0,0.004,ground coffee,solid,"COOKIES, BISCUITS AND WAFERS",BISCUITS,Ultra-processed foods,unresolved,0,0,0,TRUE,2026-04-07T09:21:17.880566+00:00
DORMANS DECAFFEINATED MEDIUM GRIND DARK ROAST COFFEE,2,8,0,0,0,0,,0.004,ground coffee,solid,FRUIT DRINKS/SWEETENED JUICES & BOTTLED TEAS,FRUIT DRINKS/SWEETENED JUICE,Ultra-processed foods,unresolved,0,0,0,TRUE,2026-04-07T09:21:17.880566+00:00
DORMANS DECAFFEINATED MEDIUM GROUND DARK COFFEE BEANS,0.884956,3.53982,0,0,0,0,0,0.00176991,Coffee Beans,Solid,FRUIT DRINKS/SWEETENED JUICES & BOTTLED TEAS,FRUIT DRINKS/SWEETENED JUICE,Ultra-processed foods,unresolved,0,0,0,TRUE,2026-04-07T09:21:17.880566+00:00
DORMANS ESPRESSO CAPSULES 5GX25,2.4,10.0416,0.3,0,0,0.1,0,0.0047,Coffee Capsules,Solid,FRUIT DRINKS/SWEETENED JUICES & BOTTLED TEAS,FRUIT DRINKS/SWEETENED JUICE,Ultra-processed foods,unresolved,0,0,0,TRUE,2026-04-07T09:21:17.880566+00:00
DORMANS ESPRESSO INTENSE AND BOLD DARK AND MEDIUM KENYA COFFEE,2,8.36,0.5,0.1,0.1,0.1,0.7,1.00E-05,Coffee,Powder,SUGAR - POWDERED,GLUCOSE,Processed Culinary Ingredients,unresolved,0,0,0,TRUE,2026-04-07T09:21:17.880566+00:00
DORMANS ESPRESSO INTENSE AND BOLD DARK ROAST FINE GRIND KENYA COFFEE,,,,,,,,,ground coffee,solid,"COOKIES, BISCUITS AND WAFERS",BISCUITS,Ultra-processed foods,unresolved,0,0,0,TRUE,2026-04-07T09:21:17.880566+00:00
DORMANS ESPRESSO INTENSE AND BOLD KENYA COFFEE BEANS,2.4,10.0416,0.3,0,0,0.1,0,0.0047,Coffee Beans,Solid,"COOKIES, BISCUITS AND WAFERS",BISCUITS,Ultra-processed foods,unresolved,0,0,0,TRUE,2026-04-07T09:21:17.880566+00:00
DORMANS FINE INSTANT COFFEE,,,,,,,,,Instant Coffee,Powder,"COOKIES, BISCUITS AND WAFERS",BISCUITS,Ultra-processed foods,simulated_lookup_fuzzy,0.873,0.843,0.863,FALSE,2026-04-07T09:21:17.880566+00:00
DORMANS FINE INSTANT COFFEE 1.6GX36,297,1250,23.2,39.1,0.6,0.2,23.8,83.5,Instant Coffee Mix,Powder,FRUIT DRINKS/SWEETENED JUICES & BOTTLED TEAS,FRUIT DRINKS/SWEETENED JUICE,Ultra-processed foods,simulated_lookup_fuzzy,0.762,0.732,0.752,TRUE,2026-04-07T09:21:17.880566+00:00
DORMANS GOURMET KENYA WORLD FINEST COFFEE MEDIUM ROAST MEDIUM GRIND,2,8.36,0.5,0.1,0.1,0.1,0.1,1.00E-05,ground coffee,solid,FRUIT DRINKS/SWEETENED JUICES & BOTTLED TEAS,FRUIT DRINKS/SWEETENED JUICE,Ultra-processed foods,unresolved,0,0,0,TRUE,2026-04-07T09:21:17.880566+00:00
DORMANS GRANULE INSTANT COFFEE 1.6GX36,297,1250,23.2,39.1,0.6,0.2,23.8,83.5,Instant Coffee Mix,Powder,FRUIT DRINKS/SWEETENED JUICES & BOTTLED TEAS,FRUIT DRINKS/SWEETENED JUICE,Ultra-processed foods,simulated_lookup_fuzzy,0.845,0.815,0.835,TRUE,2026-04-07T09:21:17.880566+00:00
DORMANS HAVE A OF CHEER MEDIUM ROAST AA KENYA COFFEE BEANS,,,,,,,,,Coffee Beans,Solid,SUGAR - POWDERED,GLUCOSE,Processed Culinary Ingredients,unresolved,0,0,0,TRUE,2026-04-07T09:21:17.880566+00:00
DORMANS HOUSEHOLD BLEND INTENSE AND FRUITY COFFEE BEANS,2.4,10.0416,0.3,0,0,0.1,0,0.0047,Coffee Beans,Solid,SUGAR - POWDERED,GLUCOSE,Processed Culinary Ingredients,unresolved,0,0,0,TRUE,2026-04-07T09:21:17.880566+00:00
DORMANS HOUSEHOLD DRIP COFFEE BAGS,,,,,,,,,,,"COOKIES, BISCUITS AND WAFERS",BISCUITS,Ultra-processed foods,unresolved,0,0,0,TRUE,2026-04-07T09:21:17.880566+00:00
DORMANS HOUSEHOLD MEDIUM FINE GROUND DARK COFFEE BEANS,0.884956,3.53982,0,0,0,0,0,0.00176991,Coffee Beans,Solid,"COOKIES, BISCUITS AND WAFERS",BISCUITS,Ultra-processed foods,unresolved,0,0,0,TRUE,2026-04-07T09:21:17.880566+00:00
DORMANS HOUSEHOLD MEDIUM GROUND COFFEE BEANS,0.884956,3.53982,0,0,0,0,0,0.00176991,Coffee Beans,Solid,"COOKIES, BISCUITS AND WAFERS",BISCUITS,Ultra-processed foods,unresolved,0,0,0,TRUE,2026-04-07T09:21:17.880566+00:00
DORMANS HOUSEHOLD MEDIUM GROUND DARK COFFEE BEANS,0.884956,3.53982,0,0,0,0,0,0.00176991,grounded coffee,solid,FRUIT DRINKS/SWEETENED JUICES & BOTTLED TEAS,FRUIT DRINKS/SWEETENED JUICE,Ultra-processed foods,unresolved,0,0,0,TRUE,2026-04-07T09:21:17.880566+00:00
DORMANS INSTANT DECAFF COFFEE 1.6GX36,300,1255.2,0,50,0,0,0,0,Instant Coffee Mix,Powder,FRUIT DRINKS/SWEETENED JUICES & BOTTLED TEAS,FRUIT DRINKS/SWEETENED JUICE,Ultra-processed foods,unresolved,0,0,0,TRUE,2026-04-07T09:21:17.880566+00:00
DORMANS INSTANT FINE,,,,,,,,,,,FRUIT DRINKS/SWEETENED JUICES & BOTTLED TEAS,FRUIT DRINKS/SWEETENED JUICE,Ultra-processed foods,simulated_lookup_fuzzy,0.75,0.72,0.74,TRUE,2026-04-07T09:21:17.880566+00:00
DORMANS INSTANT GRANULES,,,,,,,,,,,SUGAR - POWDERED,GLUCOSE,Processed Culinary Ingredients,unresolved,0,0,0,TRUE,2026-04-07T09:21:17.880566+00:00
DORMANS KENYA KAHAWA MEDIUM ROAST MEDIUM GRIND COFFEE,,,,,,,,,Coffee,Powder,"COOKIES, BISCUITS AND WAFERS",BISCUITS,Ultra-processed foods,unresolved,0,0,0,TRUE,2026-04-07T09:21:17.880566+00:00
DORMANS KILIMANJARO COFFEE CAPSULE 5GX25,2.4,10.0416,0.3,0,0,0.1,0,0.0047,Coffee Capsules,Solid,"COOKIES, BISCUITS AND WAFERS",BISCUITS,Ultra-processed foods,unresolved,0,0,0,TRUE,2026-04-07T09:21:17.880566+00:00
DORMANS KILIMANJARO MEDIUM FINE GROUND DARK COFFEE BEANS,0.884956,3.53982,0,0,0,0,0,0.00176991,Coffee Beans,Solid,"COOKIES, BISCUITS AND WAFERS",BISCUITS,Ultra-processed foods,unresolved,0,0,0,TRUE,2026-04-07T09:21:17.880566+00:00
DORMANS KILIMANJARO MEDIUM GROUND DARK COFFEE BEANS,0.884956,3.53982,0,0,0,0,0,0.00176991,grounded coffee,solid,FRUIT DRINKS/SWEETENED JUICES & BOTTLED TEAS,FRUIT DRINKS/SWEETENED JUICE,Ultra-processed foods,unresolved,0,0,0,TRUE,2026-04-07T09:21:17.880566+00:00
DORMANS MEDIUM ROAST MEDIUM GRIND KENYA AA COFFEE,1,4.184,,,,,,0.004,Coffee,Powder,SUGAR - POWDERED,GLUCOSE,Processed Culinary Ingredients,unresolved,0,0,0,TRUE,2026-04-07T09:21:17.880566+00:00
DORMANS MOJITO SYRUP,,,,,,,,,,,"COOKIES, BISCUITS AND WAFERS",BISCUITS,Ultra-processed foods,unresolved,0,0,0,TRUE,2026-04-07T09:21:17.880566+00:00
DORMANS RWANDA MEDIUM FINE GROUND DARK COFFEE BEANS,0.884956,3.53982,0,0,0,0,0,0.00176991,grounded coffee,solid,"COOKIES, BISCUITS AND WAFERS",BISCUITS,Ultra-processed foods,unresolved,0,0,0,TRUE,2026-04-07T09:21:17.880566+00:00
DORMANS RWANDA MEDIUM ROAST MEDIUM GRIND COFFEE,0.884956,3.53982,0,0,0,0,0,0.00176991,grounded coffee,solid,"COOKIES, BISCUITS AND WAFERS",BISCUITS,Ultra-processed foods,unresolved,0,0,0,TRUE,2026-04-07T09:21:17.880566+00:00
DORMANS SAFARI FAIRTRADE MEDIUM ROAST COFFEE BEANS,0.884956,3.53982,0,0,0,0,0,0.00176991,ground coffee,solid,FRUIT DRINKS/SWEETENED JUICES & BOTTLED TEAS,FRUIT DRINKS/SWEETENED JUICE,Ultra-processed foods,unresolved,0,0,0,TRUE,2026-04-07T09:21:17.880566+00:00
DORMANS SAFARI FAIRTRADE MEDIUM ROAST MEDIUM GRIND COFFEE,0.884956,3.53982,0,0,0,0,0,0.00176991,ground coffee,solid,FRUIT DRINKS/SWEETENED JUICES & BOTTLED TEAS,FRUIT DRINKS/SWEETENED JUICE,Ultra-processed foods,unresolved,0,0,0,TRUE,2026-04-07T09:21:17.880566+00:00
DORMANS SUPREMA BRIGHT AND CITRUS MEDIUM ROAST AND MEDIUM GROUND COFFEE,10,42.84,,,,,,0.004,grounded coffee,solid,FRUIT DRINKS/SWEETENED JUICES & BOTTLED TEAS,FRUIT DRINKS/SWEETENED JUICE,Ultra-processed foods,unresolved,0,0,0,TRUE,2026-04-07T09:21:17.880566+00:00
DORMANS SUPREMA COFFEE CAPSULE 5GX25,2.4,10.0416,0.3,0,0,0.1,0,0.0047,Coffee Capsules,Solid,SUGAR - POWDERED,GLUCOSE,Processed Culinary Ingredients,unresolved,0,0,0,TRUE,2026-04-07T09:21:17.880566+00:00
DORMANS SUPREMA DARK COFFEE BEANS,2,8,0,0,0,0,0,0.004,Coffee Beans,solid,"COOKIES, BISCUITS AND WAFERS",BISCUITS,Ultra-processed foods,unresolved,0,0,0,TRUE,2026-04-07T09:21:17.880566+00:00
DORMANS SUPREMA DARK ROAST FINE GRIND,0.884956,3.53982,0,0,0,0,0,0.00176991,ground coffee,solid,"COOKIES, BISCUITS AND WAFERS",BISCUITS,Ultra-processed foods,unresolved,0,0,0,TRUE,2026-04-07T09:21:17.880566+00:00
DORMANS SUPREMA DRIP COFFEE BAGS,,,,,,,,,,,"COOKIES, BISCUITS AND WAFERS",BISCUITS,Ultra-processed foods,unresolved,0,0,0,TRUE,2026-04-07T09:21:17.880566+00:00
DORMANS SUPREMA MEDIUM FINE GROUND DARK COFFEE BEANS,0.884956,3.53982,0,0,0,0,0,0.00176991,Coffee Beans,Solid,FRUIT DRINKS/SWEETENED JUICES & BOTTLED TEAS,FRUIT DRINKS/SWEETENED JUICE,Ultra-processed foods,unresolved,0,0,0,TRUE,2026-04-07T09:21:17.880566+00:00
DORMANS SUPREMA MEDIUM GROUND DARK COFFEE,0.884956,3.53982,0,0,0,0,0,0.00176991,grounded coffee,solid,FRUIT DRINKS/SWEETENED JUICES & BOTTLED TEAS,FRUIT DRINKS/SWEETENED JUICE,Ultra-processed foods,unresolved,0,0,0,TRUE,2026-04-07T09:21:17.880566+00:00
DORMANS SUPREMA MEDIUM GROUND FINE DARK COFFEE,0.884956,3.53982,0,0,0,0,0,0.00176991,grounded coffee,solid,SUGAR - POWDERED,GLUCOSE,Processed Culinary Ingredients,unresolved,0,0,0,TRUE,2026-04-07T09:21:17.880566+00:00
DORMANS SUPREMA MEDIUM ROAST COFFEE BEANS,0.884956,3.53982,0,0,0,0,0,0.00176991,beans,solid,"COOKIES, BISCUITS AND WAFERS",BISCUITS,Ultra-processed foods,unresolved,0,0,0,TRUE,2026-04-07T09:21:17.880566+00:00
DORMANS SUPREME DECAF INSTANT COFFEE MIX,300,1255.2,0,50,0,0,0,0,Instant Coffee Mix,Powder,COFFEE,COFFEE - UNSWEETENED WITHOUT MILK,Unprocessed/Minimally processed foods,simulated_lookup_fuzzy,0.735,0.705,0.725,TRUE,2026-04-07T09:21:17.880566+00:00
DORMANS SUPREME FINE INSTANT COFFEE MIX,297,1250,23.2,39.1,0.6,0.2,23.8,83.5,Instant Coffee Mix,Powder,COFFEE,COFFEE - UNSWEETENED WITHOUT MILK,Unprocessed/Minimally processed foods,simulated_lookup_fuzzy,0.746,0.716,0.736,TRUE,2026-04-07T09:21:17.880566+00:00
DORMANS SUPREME GRANULATED INSTANT COFFEE,,,,,,,,,Instant Coffee,Powder,COFFEE,COFFEE - UNSWEETENED WITHOUT MILK,Unprocessed/Minimally processed foods,simulated_lookup_fuzzy,0.892,0.862,0.882,FALSE,2026-04-07T09:21:17.880566+00:00
DORMANS SUPREME GRANULATED INSTANT COFFEE MIX,297,1250,23.2,39.1,0.6,0.2,23.8,83.5,Instant Coffee Mix,Powder,COFFEE,COFFEE - UNSWEETENED WITHOUT MILK,Unprocessed/Minimally processed foods,simulated_lookup_fuzzy,0.846,0.816,0.836,TRUE,2026-04-07T09:21:17.880566+00:00
DR CHIA SEEDS OF LIFE CHIA SEEDS,60,251.04,2,5,,3.5,4,,Chia Seeds,Solid,COFFEE,COFFEE - UNSWEETENED WITHOUT MILK,Unprocessed/Minimally processed foods,unresolved,0,0,0,TRUE,2026-04-07T09:21:17.880566+00:00
DR OETKER BAKING POWDER GLUTEN FREE,,,,,,,,,,,COFFEE,COFFEE - UNSWEETENED WITHOUT MILK,Unprocessed/Minimally processed foods,unresolved,0,0,0,TRUE,2026-04-07T09:21:17.880566+00:00
DR OETKER CHOCOLATEY STRANDS,397,1685,1.4,92,90,2.3,,,,,COFFEE,COFFEE - UNSWEETENED WITHOUT MILK,Unprocessed/Minimally processed foods,unresolved,0,0,0,TRUE,2026-04-07T09:21:17.880566+00:00
DR OETKER MADAGASCAR VAILLAN BEAN PASTE,,,,,,,,,,,COFFEE,COFFEE - UNSWEETENED WITHOUT MILK,Unprocessed/Minimally processed foods,unresolved,0,0,0,TRUE,2026-04-07T09:21:17.880566+00:00
DR OETKER PUD IN MUG CHOCO CHIP,,,,,,,,,,,COFFEE,COFFEE - UNSWEETENED WITHOUT MILK,Unprocessed/Minimally processed foods,unresolved,0,0,0,TRUE,2026-04-07T09:21:17.880566+00:00
DR OETKER PUD IN MUG RICH CHOCOLATE,,,,,,,,,,,COFFEE,COFFEE - UNSWEETENED WITHOUT MILK,Unprocessed/Minimally processed foods,unresolved,0,0,0,TRUE,2026-04-07T09:21:17.880566+00:00
DR OETKER REGAL-ICE ICING WHITE,,,,,,,,,,,COFFEE,COFFEE - UNSWEETENED WITHOUT MILK,Unprocessed/Minimally processed foods,unresolved,0,0,0,TRUE,2026-04-07T09:21:17.880566+00:00
DR OETKER VEGE-GEL 3PACK,,,,,,,,,,,COFFEE,COFFEE - UNSWEETENED WITHOUT MILK,Unprocessed/Minimally processed foods,unresolved,0,0,0,TRUE,2026-04-07T09:21:17.880566+00:00
DR OETKER WAFER DAISIES,,,,,,,,,,,COFFEE,COFFEE - UNSWEETENED WITHOUT MILK,Unprocessed/Minimally processed foods,unresolved,0,0,0,TRUE,2026-04-07T09:21:17.880566+00:00
DUBAI KUNAFA & HAZELNUT CHOCOLATE,,,,,,,,,,,COFFEE,COFFEE - UNSWEETENED WITHOUT MILK,Unprocessed/Minimally processed foods,unresolved,0,0,0,TRUE,2026-04-07T09:21:17.880566+00:00
DUCKS FLY SOAKED DUCK FEET,,,,,,,,,Duck Feet,Solid,COFFEE,COFFEE - UNSWEETENED WITHOUT MILK,Unprocessed/Minimally processed foods,unresolved,0,0,0,TRUE,2026-04-07T09:21:17.880566+00:00
DUERR'S MINT SAUCE,125,529,1.5,24,17,0.5,1.9,,Sauce,Paste,COFFEE,COFFEE - UNSWEETENED WITHOUT MILK,Unprocessed/Minimally processed foods,unresolved,0,0,0,TRUE,2026-04-07T09:21:17.880566+00:00
DUMA ENERGY DRINK,50,8.36,0.1,12,10,0.1,0.1,0.19,Energy Drink,Liquid,COFFEE,COFFEE - UNSWEETENED WITHOUT MILK,Unprocessed/Minimally processed foods,simulated_lookup_fuzzy,0.824,0.794,0.814,TRUE,2026-04-07T09:21:17.880566+00:00
EL SABOR HOT SALSA DIP,40,167.36,1.2,7.5,5,0.2,1.5,,Salsa Dip,Paste,COFFEE,COFFEE - UNSWEETENED WITHOUT MILK,Unprocessed/Minimally processed foods,unresolved,0,0,0,TRUE,2026-04-07T09:21:17.880566+00:00
ELBBIN NIBBLE BBQ WAVY CHIPS,160,669.44,1,15,2,10,1,0.13,Wavy Chips,Solid,UNRESOLVED,UNRESOLVED,Unknown,unresolved,0,0,0,TRUE,2026-04-07T09:21:17.880566+00:00
ELBBIN NIBBLE SNACKS CHOCOLATE,440,1840,6.66667,73.3333,36.6667,10,,,Chocolate,Solid,UNRESOLVED,UNRESOLVED,Unknown,unresolved,0,0,0,TRUE,2026-04-07T09:21:17.880566+00:00
ELBBIN SHAPIES HONEY HOOPS,,,,,18.8571,0.142857,,,,solid,UNRESOLVED,UNRESOLVED,Unknown,unresolved,0,0,0,TRUE,2026-04-07T09:21:17.880566+00:00
ELIANTO CORN OIL,884,3569,,,,100,,,Corn Oil,Liquid,UNRESOLVED,UNRESOLVED,Unknown,unresolved,0,0,0,TRUE,2026-04-07T09:21:17.880566+00:00
ELLA'S KITCHEN FIRST TASTE CARROTS,,,,,,,,,,,UNRESOLVED,UNRESOLVED,Unknown,unresolved,0,0,0,TRUE,2026-04-07T09:21:17.880566+00:00
ELMERRO SPAIN EXTRA VIRGIN OLIVE OIL,,,,,,,,,,,UNRESOLVED,UNRESOLVED,Unknown,unresolved,0,0,0,TRUE,2026-04-07T09:21:17.880566+00:00
ELMERRO SPAIN VIRGIN OLIVE OIL,,,,,,,,,,,UNRESOLVED,UNRESOLVED,Unknown,unresolved,0,0,0,TRUE,2026-04-07T09:21:17.880566+00:00
ELMERRO SPAIN VIRGIN OLVE OIL,,,,,,,,,,,UNRESOLVED,UNRESOLVED,Unknown,unresolved,0,0,0,TRUE,2026-04-07T09:21:17.880566+00:00
EQUATORIAL AFYA UJI FLOUR,,,,,,,,,Flour,Powder,UNRESOLVED,UNRESOLVED,Unknown,unresolved,0,0,0,TRUE,2026-04-07T09:21:17.880566+00:00
EQUATORIAL NATURALS IODINE HERBAL SALT,46.1,193,5.1,4.1,,1.3,,,Herbal Salt,Solid,UNRESOLVED,UNRESOLVED,Unknown,unresolved,0,0,0,TRUE,2026-04-07T09:21:17.880566+00:00
EQUATORIAL NATURALS TOTO AFYA FLOUR,455,1903.72,12.9,95.4,0.3,1.2,3.4,0.0025,Toto Afya Flour,Powder,UNRESOLVED,UNRESOLVED,Unknown,unresolved,0,0,0,TRUE,2026-04-07T09:21:17.880566+00:00
EQUATORIAL SEA SALT,46.1,193,5.1,4.1,0,1.3,,0.59,Sea Salt,Solid,SALT,SEA SALT,Processed Culinary Ingredients,simulated_lookup_fuzzy,0.75,0.72,0.74,TRUE,2026-04-07T09:21:17.880566+00:00
EQUATORIAL SEASONED SEA SALT,,,,,,,,,,,UNRESOLVED,UNRESOLVED,Unknown,unresolved,0,0,0,TRUE,2026-04-07T09:21:17.880566+00:00
EQUATORIAL UGALI AFYA FLOUR,,,,,,,,,Ugali Afya Flour,Powder,UNRESOLVED,UNRESOLVED,Unknown,unresolved,0,0,0,TRUE,2026-04-07T09:21:17.880566+00:00
EQUATORIAL WIMBI AFYA CLASSIC FLOUR,346,1447.66,8,75,,2,,,Flour,Powder,UNRESOLVED,UNRESOLVED,Unknown,unresolved,0,0,0,TRUE,2026-04-07T09:21:17.880566+00:00
EQUATORIAL WIMBI AFYA FLOUR,364,1522.98,10,76,0.3,1,2.7,0.002,Flour,Powder,UNRESOLVED,UNRESOLVED,Unknown,unresolved,0,0,0,TRUE,2026-04-07T09:21:17.880566+00:00
EVA ACACIA HONEY,,,,,,,,,,,UNRESOLVED,UNRESOLVED,Unknown,unresolved,0,0,0,TRUE,2026-04-07T09:21:17.880566+00:00
EVA BLACK PEPPER POWDER SPICE,,,,,,,,,,,UNRESOLVED,UNRESOLVED,Unknown,unresolved,0,0,0,TRUE,2026-04-07T09:21:17.880566+00:00
EVA BLACK SEEDS,100,418,3,3,5,0,3,0.002,Black Seeds,Solid,UNRESOLVED,UNRESOLVED,Unknown,unresolved,0,0,0,TRUE,2026-04-07T09:21:17.880566+00:00
EVA CAKE BERELIYAN SPRINKLES,,,,,,,,,Bereliyan Sprinkles,Solid,UNRESOLVED,UNRESOLVED,Unknown,unresolved,0,0,0,TRUE,2026-04-07T09:21:17.880566+00:00
EVA CAKE METALIC PURPLE SPRINKLES,,,,,,,,,Metalic Purple Sprinkles Per,Solid,UNRESOLVED,UNRESOLVED,Unknown,unresolved,0,0,0,TRUE,2026-04-07T09:21:17.880566+00:00
EVA CARDAMON HONEY,,,,,,,,,,,UNRESOLVED,UNRESOLVED,Unknown,unresolved,0,0,0,TRUE,2026-04-07T09:21:17.880566+00:00
EVA CHIA SEEDS,490,205,15.6,43.8,,30.8,,,Chia Seeds,Solid,UNRESOLVED,UNRESOLVED,Unknown,unresolved,0,0,0,TRUE,2026-04-07T09:21:17.880566+00:00
EVA CHILLI POWDER SPICE,,,,,,,,,,,UNRESOLVED,UNRESOLVED,Unknown,unresolved,0,0,0,TRUE,2026-04-07T09:21:17.880566+00:00
EVA CINAMMON HONEY,,,,,,,,,,,UNRESOLVED,UNRESOLVED,Unknown,unresolved,0,0,0,TRUE,2026-04-07T09:21:17.880566+00:00
EVA CINNAMON POWDER SPICE,,,,,,,,,,,UNRESOLVED,UNRESOLVED,Unknown,unresolved,0,0,0,TRUE,2026-04-07T09:21:17.880566+00:00
EVA CINNAMON WHOLE SPICE,,,,,,,,,,,HERBS AND SPICES,SPICES - CINNAMON,Unprocessed/Minimally processed foods,simulated_lookup_fuzzy,0.739,0.709,0.729,TRUE,2026-04-07T09:21:17.880566+00:00
EVA CURRY POWDER SPICE,,,,,,,,,,,HERBS AND SPICES,SPICES - CURRY POWDER,Unprocessed/Minimally processed foods,simulated_lookup_fuzzy,0.732,0.702,0.722,TRUE,2026-04-07T09:21:17.880566+00:00
EVA FENUGREEK SPICE,300,1250,20,60,,10,20,0.07,Fenugreek Spice,Solid,UNRESOLVED,UNRESOLVED,Unknown,unresolved,0,0,0,TRUE,2026-04-07T09:21:17.880566+00:00
EVA GINGER HOT CANDY,,,,,,,,,,,UNRESOLVED,UNRESOLVED,Unknown,unresolved,0,0,0,TRUE,2026-04-07T09:21:17.880566+00:00
EVA GINGER POWDER SPICE,,,,,,,,,Ginger Powder,Powder,UNRESOLVED,UNRESOLVED,Unknown,unresolved,0,0,0,TRUE,2026-04-07T09:21:17.880566+00:00
EVA GREEN GRAM PREMIUM,,,,,,,,,,,UNRESOLVED,UNRESOLVED,Unknown,unresolved,0,0,0,TRUE,2026-04-07T09:21:17.880566+00:00
EVA HIBISCUS WHOLE SPICE,,,,,,,,,,,UNRESOLVED,UNRESOLVED,Unknown,unresolved,0,0,0,TRUE,2026-04-07T09:21:17.880566+00:00
EVA HONEY WITH GINGER,,,,,,,,,,,UNRESOLVED,UNRESOLVED,Unknown,unresolved,0,0,0,TRUE,2026-04-07T09:21:17.880566+00:00
EVA KAMANDE,,,,,,,,,,,UNRESOLVED,UNRESOLVED,Unknown,unresolved,0,0,0,TRUE,2026-04-07T09:21:17.880566+00:00
EVA MORINGA SPICE,,,,,,,,,,,UNRESOLVED,UNRESOLVED,Unknown,unresolved,0,0,0,TRUE,2026-04-07T09:21:17.880566+00:00
EVA NJAHI BEANS,132.558,554.623,8.86047,23.7093,0.325581,0.534884,8.72093,0.00116279,Njahi Beans,Solid,UNRESOLVED,UNRESOLVED,Unknown,unresolved,0,0,0,TRUE,2026-04-07T09:21:17.880566+00:00
EVA OLIVE OIL POMACE SPANISH,,,,,,,,,,,UNRESOLVED,UNRESOLVED,Unknown,unresolved,0,0,0,TRUE,2026-04-07T09:21:17.880566+00:00
EVA OLIVE OIL VIRGIN TURKISH,,,,,,,,,,,UNRESOLVED,UNRESOLVED,Unknown,unresolved,0,0,0,TRUE,2026-04-07T09:21:17.880566+00:00
EVA ORGANIC POLYFLORAL HONEY,,,,,,,,,,,UNRESOLVED,UNRESOLVED,Unknown,unresolved,0,0,0,TRUE,2026-04-07T09:21:17.880566+00:00
EVA ORGANIC UNIFLORAL HONEY,,,,,,,,,,,UNRESOLVED,UNRESOLVED,Unknown,unresolved,0,0,0,TRUE,2026-04-07T09:21:17.880566+00:00
EVA PAPRIKA SPICE,,,,,,,,,,,UNRESOLVED,UNRESOLVED,Unknown,unresolved,0,0,0,TRUE,2026-04-07T09:21:17.880566+00:00
EVA PEANUT BUTTER,,,,,,,,,,,PEANUT BUTTER,PEANUT BUTTER,Ultra-processed foods,simulated_lookup_fuzzy,0.744,0.714,0.734,TRUE,2026-04-07T09:21:17.880566+00:00
EVA PEANUT MASALA,,,,,,,,,,,UNRESOLVED,UNRESOLVED,Unknown,unresolved,0,0,0,TRUE,2026-04-07T09:21:17.880566+00:00
EVA POP CORN KERNELS,,,,,,,,,,,UNRESOLVED,UNRESOLVED,Unknown,unresolved,0,0,0,TRUE,2026-04-07T09:21:17.880566+00:00
EVA PREMIUM HONEY COMB,,,,,,,,,,,UNRESOLVED,UNRESOLVED,Unknown,unresolved,0,0,0,TRUE,2026-04-07T09:21:17.880566+00:00
EVA PREMIUM SAFFRON,,,,,,,,,Saffron,Solid,UNRESOLVED,UNRESOLVED,Unknown,unresolved,0,0,0,TRUE,2026-04-07T09:21:17.880566+00:00
EVA PREMIUM SAFFRON 1GRAM,,,,,,,,,Saffron,Solid,UNRESOLVED,UNRESOLVED,Unknown,unresolved,0,0,0,TRUE,2026-04-07T09:21:17.880566+00:00
EVA PREMIUM ZAATAR,,,,,,,,,,,UNRESOLVED,UNRESOLVED,Unknown,unresolved,0,0,0,TRUE,2026-04-07T09:21:17.880566+00:00
EVA PUMPKIN SEED KERNEL,,,,,,,,,,,UNRESOLVED,UNRESOLVED,Unknown,unresolved,0,0,0,TRUE,2026-04-07T09:21:17.880566+00:00
EVA ROASTED SALTED PUMPKIN,522,2184.05,13.43,1,32.97,42.13,3.9,0.018,Roasted Salted Pumpkin,Solid,UNRESOLVED,UNRESOLVED,Unknown,unresolved,0,0,0,TRUE,2026-04-07T09:21:17.880566+00:00
EVA SOYA BEANS,,,,,,,,,,,UNRESOLVED,UNRESOLVED,Unknown,unresolved,0,0,0,TRUE,2026-04-07T09:21:17.880566+00:00
EVA TEA MASALA SPICE,,,,,,,,,,,UNRESOLVED,UNRESOLVED,Unknown,unresolved,0,0,0,TRUE,2026-04-07T09:21:17.880566+00:00
EVA TURMERIC POWDER SPICE,,,,,,,,,,,UNRESOLVED,UNRESOLVED,Unknown,unresolved,0,0,0,TRUE,2026-04-07T09:21:17.880566+00:00
EVA WHOLE OREGANO SPICE,265,1109.71,9,68.9,4.1,4.3,42.5,,Whole Oregano,Solid,UNRESOLVED,UNRESOLVED,Unknown,unresolved,0,0,0,TRUE,2026-04-07T09:21:17.880566+00:00
EVA WHOLE RED CHILLI SPICE,,,,,,,,,Red Chilli Spice,Solid,UNRESOLVED,UNRESOLVED,Unknown,unresolved,0,0,0,TRUE,2026-04-07T09:21:17.880566+00:00
EVA YELLOW BEANS,,,,,,,,,,,UNRESOLVED,UNRESOLVED,Unknown,unresolved,0,0,0,TRUE,2026-04-07T09:21:17.880566+00:00
EVA ZAFFRON HONEY,,,,,,,,,,,UNRESOLVED,UNRESOLVED,Unknown,unresolved,0,0,0,TRUE,2026-04-07T09:21:17.880566+00:00
EVIAN MINERAL WATER,,,,,,,,,,,WATER,MINERAL WATER,Unprocessed/Minimally processed foods,simulated_lookup_fuzzy,0.829,0.799,0.819,TRUE,2026-04-07T09:21:17.880566+00:00
EVIAN MINERAL WATER 1.5LT,,,,,,,,,,,WATER,MINERAL WATER,Unprocessed/Minimally processed foods,simulated_lookup_fuzzy,0.792,0.762,0.782,TRUE,2026-04-07T09:21:17.880566+00:00
EVIAN SPARKLING MINERAL WATER,,,,,,,,,,,WATER,MINERAL WATER,Unprocessed/Minimally processed foods,simulated_lookup_fuzzy,0.745,0.715,0.735,TRUE,2026-04-07T09:21:17.880566+00:00
EXCEL PURE GLUCOSE POWDER,,,,,,,,,Glucose Powder,Powder,UNRESOLVED,UNRESOLVED,Unknown,unresolved,0,0,0,TRUE,2026-04-07T09:21:17.880566+00:00
EXCEL QUENCHER LEMON TREAT DRINK,99,414,2.9,11,11,4.8,,0.036,Drink,Liquid,DILUTING JUICE,CORDIALS,Ultra-processed foods,simulated_lookup_fuzzy,0.769,0.739,0.759,TRUE,2026-04-07T09:21:17.880566+00:00
EXCEL QUENCHER ORANGE DRINK,13,54.392,0,3,2,0,0,0,Drink,Liquid,PORRIDGE FLOUR,PORRIDGE FLOUR - MILLET,Unprocessed/Minimally processed foods,simulated_lookup_fuzzy,0.735,0.705,0.725,TRUE,2026-04-07T09:21:17.880566+00:00
EXCEL QUENCHER PINEAPPLE DRINK,56,234.304,0.1,14,8,,,0.001,Drink,Liquid,UNRESOLVED,UNRESOLVED,Unknown,simulated_lookup_fuzzy,0.75,0.72,0.74,TRUE,2026-04-07T09:21:17.880566+00:00
EXCEL QUENCHER PINEAPPLE JUICE,55,181,0.4,9.8,13.2,0.1,0.2,0.00022,Juice,Liquid,BABY FOODS - PORRIDGE FLOUR,BABY/INFANT PORRIDGE FLOUR,Unprocessed/Minimally processed foods,simulated_lookup_fuzzy,0.75,0.72,0.74,TRUE,2026-04-07T09:21:17.880566+00:00
EXE UNGA ALL PURPOSE FORTIFIED WHEAT FLOUR,364,1522.97,10,76,0.3,1,,0.002,Wheat Flour,Powder,UNRESOLVED,UNRESOLVED,Unknown,unresolved,0,0,0,TRUE,2026-04-07T09:21:17.880566+00:00
EXE UNGA MANDAZI FORTIFIED WHEAT FLOUR,364,1522.97,10,76,0.3,1,,0.002,Wheat Flour,Powder,UNRESOLVED,UNRESOLVED,Unknown,unresolved,0,0,0,TRUE,2026-04-07T09:21:17.880566+00:00
EXE UNGA SELF RAISING FORTIFIED WHEAT FLOUR,333,1393.27,6.9,70,,,,1.067,Wheat Flour,Powder,RED MILLET FLOUR,RED MILLET FLOUR,Unprocessed/Minimally processed foods,unresolved,0,0,0,TRUE,2026-04-07T09:21:17.880566+00:00
EXPLORE G/F CHICKPEA FUSILLI,,,,,,,,,,,PORRIDGE FLOUR,PORRIDGE FLOUR - MILLET,Unprocessed/Minimally processed foods,unresolved,0,0,0,TRUE,2026-04-07T09:21:17.880566+00:00
EXPLORE G/FEDAMAME SPAGHETTI,,,,,,,,,,,UNRESOLVED,UNRESOLVED,Unknown,unresolved,0,0,0,TRUE,2026-04-07T09:21:17.880566+00:00
FABAO INSTANT DRY YEAST,,,,,,,,,Dry Yeast,Solid,BABY FOODS - PORRIDGE FLOUR,BABY/INFANT PORRIDGE FLOUR,Unprocessed/Minimally processed foods,unresolved,0,0,0,TRUE,2026-04-07T09:21:17.880566+00:00
FAIRLEIGH JAGGERY SUGAR,383,1602,0,95,97,0,,,Jaggery,Solid,UNRESOLVED,UNRESOLVED,Unknown,unresolved,0,0,0,TRUE,2026-04-07T09:21:17.880566+00:00
FAIRLEIGH JAGGERY SWEETENER BLOCK,297,1302,,76,69,,,,Sweetener Block,Powder,UNRESOLVED,UNRESOLVED,Unknown,unresolved,0,0,0,TRUE,2026-04-07T09:21:17.880566+00:00
FAIRY BEE OAT CHOCO CHOCOLATE BISCUIT,52.9,221.51,4.2,45.8,26,2.39,,,Biscuit,Solid,RED MILLET FLOUR,RED MILLET FLOUR,Unprocessed/Minimally processed foods,unresolved,0,0,0,TRUE,2026-04-07T09:21:17.880566+00:00
FAMILA BABY PORRIDGE,,,,,,,,,wheat flour,,PORRIDGE FLOUR,PORRIDGE FLOUR - MILLET,Unprocessed/Minimally processed foods,simulated_lookup_fuzzy,0.732,0.702,0.722,TRUE,2026-04-07T09:21:17.880566+00:00
FAMILA BANANA PORRIDGE FLOUR,,,,,,,,,,,UNRESOLVED,UNRESOLVED,Unknown,unresolved,0,0,0,TRUE,2026-04-07T09:21:17.880566+00:00
FAMILA INFANT WEANING PORRIDGE,,,,,,,,,wheat flour,solid,BABY FOODS - PORRIDGE FLOUR,BABY/INFANT PORRIDGE FLOUR,Unprocessed/Minimally processed foods,simulated_lookup_fuzzy,0.836,0.806,0.826,TRUE,2026-04-07T09:21:17.880566+00:00
FAMILA MAMA'S PORRIDGE,,,,,,,,,,,UNRESOLVED,UNRESOLVED,Unknown,unresolved,0,0,0,TRUE,2026-04-07T09:21:17.880566+00:00
FAMILA NUTRI HEALTH UJI PORRIDGE FLOUR,,,,,,,,,,,UNRESOLVED,UNRESOLVED,Unknown,unresolved,0,0,0,TRUE,2026-04-07T09:21:17.880566+00:00
FAMILA PURE WIMBI PORRIDGE,,,,,,,,,,,RED MILLET FLOUR,RED MILLET FLOUR,Unprocessed/Minimally processed foods,simulated_lookup_fuzzy,0.791,0.761,0.781,TRUE,2026-04-07T09:21:17.880566+00:00
FAMILA STRAWBERRY PORRIDGE FLOUR,,,,,,,,,,,PORRIDGE FLOUR,PORRIDGE FLOUR - MILLET,Unprocessed/Minimally processed foods,unresolved,0,0,0,TRUE,2026-04-07T09:21:17.880566+00:00
FAMILA THE ORIGINAL UJIMIX SOUR PORRIDGE,,,,,,,,,,,UNRESOLVED,UNRESOLVED,Unknown,unresolved,0,0,0,TRUE,2026-04-07T09:21:17.880566+00:00
FANAKA FRUIT DRINK - APPLE,,,,,,,,,,,BABY FOODS - PORRIDGE FLOUR,BABY/INFANT PORRIDGE FLOUR,Unprocessed/Minimally processed foods,unresolved,0,0,0,TRUE,2026-04-07T09:21:17.880566+00:00
FANAKA FRUIT DRINK - GUAVA,,,,,,,,,,,UNRESOLVED,UNRESOLVED,Unknown,unresolved,0,0,0,TRUE,2026-04-07T09:21:17.880566+00:00
FANAKA FRUIT DRINK - MANGO,,,,,,,,,,,UNRESOLVED,UNRESOLVED,Unknown,unresolved,0,0,0,TRUE,2026-04-07T09:21:17.880566+00:00
FANAKA FRUIT DRINK - TROPICAL FRUIT MIX,,,,,,,,,,,RED MILLET FLOUR,RED MILLET FLOUR,Unprocessed/Minimally processed foods,unresolved,0,0,0,TRUE,2026-04-07T09:21:17.880566+00:00
FANTA BLACKCURRANT,,,,,,,,,Drink,Liquid,SODAS AND CARBONATED DRINKS,SODAS,Ultra-processed foods,simulated_lookup_fuzzy,0.878,0.848,0.868,FALSE,2026-04-07T09:21:17.880566+00:00
FANTA BLACKCURRANT SODA,,,,,,,,,Drink,Liquid,SODAS AND CARBONATED DRINKS,SODAS,Ultra-processed foods,simulated_lookup_fuzzy,0.783,0.753,0.773,TRUE,2026-04-07T09:21:17.880566+00:00
FANTA ORANGE,,,,,,,,,Drink,Liquid,SODAS AND CARBONATED DRINKS,SODAS,Ultra-processed foods,simulated_lookup_fuzzy,0.828,0.798,0.818,TRUE,2026-04-07T09:21:17.880566+00:00
FANTA ORANGE SODA,,,,,,,,,Drink,Liquid,UNRESOLVED,UNRESOLVED,Unknown,unresolved,0,0,0,TRUE,2026-04-07T09:21:17.880566+00:00
FANTA PASSION JUICE,126,527,1,33.7,33.2,0.12,0.5,0.0149,Drink,Liquid,UNRESOLVED,UNRESOLVED,Unknown,unresolved,0,0,0,TRUE,2026-04-07T09:21:17.880566+00:00
FARAGELLO PURE SACHECT TOM PAST,104,437,4,77,27,,0,,Tomato Puree,Paste,UNRESOLVED,UNRESOLVED,Unknown,unresolved,0,0,0,TRUE,2026-04-07T09:21:17.880566+00:00
FARAGELLO TOMATO PASTE,104,437,4,77,27,,0,,Tomato Puree,Paste,TOMATO PASTE,TOMATO PASTE,Processed foods,simulated_lookup_fuzzy,0.955,0.925,0.945,FALSE,2026-04-07T09:21:17.880566+00:00
FAYAZ BUTTER CHOCOLATE COOKIES,414,1732.18,3,69,48,17,0,0.155,Cookies,Solid,UNRESOLVED,UNRESOLVED,Unknown,unresolved,0,0,0,TRUE,2026-04-07T09:21:17.880566+00:00
FAYAZ CHEESE CRACKERS,493,2062,7,63,14,24,3,1.092,Cheese Crackers,Solid,UNRESOLVED,UNRESOLVED,Unknown,unresolved,0,0,0,TRUE,2026-04-07T09:21:17.880566+00:00
FAYAZ CHOCOLATE CHIP COOKIES,488,2041,5,58,0,28,2,0.364,Chocolate Chip,Solid,"COOKIES, BISCUITS AND WAFERS",COOKIES,Ultra-processed foods,simulated_lookup_fuzzy,0.731,0.701,0.721,TRUE,2026-04-07T09:21:17.880566+00:00
FAYAZ COCONUT COOKIES,488,2041,5,58,,28,2,0.361,Coconut Cookies,Solid,"COOKIES, BISCUITS AND WAFERS",COOKIES,Ultra-processed foods,simulated_lookup_fuzzy,0.791,0.761,0.781,TRUE,2026-04-07T09:21:17.880566+00:00
FENG QUI MAI FISH SAUCE,,,,,,,,,Fish Sauce,Liquid,UNRESOLVED,UNRESOLVED,Unknown,unresolved,0,0,0,TRUE,2026-04-07T09:21:17.880566+00:00
FERRERO CHOCOLATE T24,,,,,,,,,,,CHOCOLATE,CHOCOLATE,Ultra-processed foods,simulated_lookup_fuzzy,0.75,0.72,0.74,TRUE,2026-04-07T09:21:17.880566+00:00
FERRERO KINDER BUENO HAZELNUT CHOCOLATE,572,2384,8.6,49.5,41.2,37.3,2,,Chocolate,Solid,"COOKIES, BISCUITS AND WAFERS",COOKIES,Ultra-processed foods,unresolved,0,0,0,TRUE,2026-04-07T09:21:17.880566+00:00
FERRERO KINDER BUENO WHITE CHOCOLATE,49.5,41.2,572,100,,,,,Food,,"COOKIES, BISCUITS AND WAFERS",COOKIES,Ultra-processed foods,unresolved,0,0,0,TRUE,2026-04-07T09:21:17.880566+00:00
FERRERO KINDER JOY BOYS CHOCOLATE,545,2280,8,56.5,,32,,,Chocolate,Solid,UNRESOLVED,UNRESOLVED,Unknown,unresolved,0,0,0,TRUE,2026-04-07T09:21:17.880566+00:00
FERRERO KINDER JOY GIRL CHOCOLATE,545,2280,8,56.5,,32,,,Chocolate,Solid,CHOCOLATE,CHOCOLATE,Ultra-processed foods,unresolved,0,0,0,TRUE,2026-04-07T09:21:17.880566+00:00
FERRERO RAFFALLEO CHOCOLATE,627,2623,7.4,38.6,33.6,48.3,,,Chocolate,Solid,"COOKIES, BISCUITS AND WAFERS",COOKIES,Ultra-processed foods,unresolved,0,0,0,TRUE,2026-04-07T09:21:17.880566+00:00
FERRERO ROCHER ORIGINAL MILK CHOCOLATE,614,2554,6.2,46.2,45.4,44.4,,,Milk Chocolate,Solid,"COOKIES, BISCUITS AND WAFERS",COOKIES,Ultra-processed foods,unresolved,0,0,0,TRUE,2026-04-07T09:21:17.880566+00:00
FERRERO ROCHER ROCHER T30 CHOCOLATE,595,2489.4,8.2,44,39.9,,,,Chocolate,Solid,UNRESOLVED,UNRESOLVED,Unknown,unresolved,0,0,0,TRUE,2026-04-07T09:21:17.880566+00:00
FERRERO ROCHER T3 IMPORTED CHOCOLATES,595,2489.4,8.2,44,39.9,,,,Chocolate,Solid,CHOCOLATE,CHOCOLATE,Ultra-processed foods,unresolved,0,0,0,TRUE,2026-04-07T09:21:17.880566+00:00
FERRERO ROCHER WHITE HAZELNUT CHOCOLATE BAR,610,2538,9.2,44.9,44.7,43.4,,,Chocolate Bar,Solid,"COOKIES, BISCUITS AND WAFERS",COOKIES,Ultra-processed foods,unresolved,0,0,0,TRUE,2026-04-07T09:21:17.880566+00:00
FESTIVA CAESAR DRESSING,,,,,,,,,,,"COOKIES, BISCUITS AND WAFERS",COOKIES,Ultra-processed foods,unresolved,0,0,0,TRUE,2026-04-07T09:21:17.880566+00:00
FESTIVA FRENCH DRESSING,,,,,,,,,,,UNRESOLVED,UNRESOLVED,Unknown,unresolved,0,0,0,TRUE,2026-04-07T09:21:17.880566+00:00
FESTIVA ITALIAN DRESSING,,,,,,,,,,,CHOCOLATE,CHOCOLATE,Ultra-processed foods,unresolved,0,0,0,TRUE,2026-04-07T09:21:17.880566+00:00
FESTIVA MAYONNAISE,,,,,,,,,,,"COOKIES, BISCUITS AND WAFERS",COOKIES,Ultra-processed foods,simulated_lookup_fuzzy,0.727,0.697,0.717,TRUE,2026-04-07T09:21:17.880566+00:00
FESTIVA PASTA SAUCE ITALIAN,,,,,,,,,,,"COOKIES, BISCUITS AND WAFERS",COOKIES,Ultra-processed foods,unresolved,0,0,0,TRUE,2026-04-07T09:21:17.880566+00:00
FESTIVA YELLOW MUSTARD,,,,,,,,,,,UNRESOLVED,UNRESOLVED,Unknown,unresolved,0,0,0,TRUE,2026-04-07T09:21:17.880566+00:00
FESTIVAL CHOCO VANILLA ESSENCE,,,,,,,,,Essence,Liquid,"COOKIES, BISCUITS AND WAFERS",COOKIES,Ultra-processed foods,unresolved,0,0,0,TRUE,2026-04-07T09:21:17.880566+00:00
FESTIVAL CHOCOLATE ESSENCE,344.828,1441.38,6.89655,6.89655,,,3.44828,0.62069,Essence,Liquid,"COOKIES, BISCUITS AND WAFERS",COOKIES,Ultra-processed foods,unresolved,0,0,0,TRUE,2026-04-07T09:21:17.880566+00:00
FESTIVAL CLEAR VANILLA ESSENCE,,,,,,,,,Essence,Liquid,UNRESOLVED,UNRESOLVED,Unknown,simulated_lookup_fuzzy,0.755,0.725,0.745,TRUE,2026-04-07T09:21:17.880566+00:00
FESTIVAL COCONUT ESSENCE,,,,,,,,,Essence,Liquid,CHOCOLATE,CHOCOLATE,Ultra-processed foods,unresolved,0,0,0,TRUE,2026-04-07T09:21:17.880566+00:00
FESTIVAL FOOD COLOUR BLACK,0,0,,2,,,,,Food Colour,Powder,"COOKIES, BISCUITS AND WAFERS",COOKIES,Ultra-processed foods,unresolved,0,0,0,TRUE,2026-04-07T09:21:17.880566+00:00
FESTIVAL FOOD COLOUR CHOCOLATE BROWN,,,,,,,,,Food Colour,Powder,"COOKIES, BISCUITS AND WAFERS",COOKIES,Ultra-processed foods,simulated_lookup_fuzzy,0.75,0.72,0.74,TRUE,2026-04-07T09:21:17.880566+00:00
FESTIVAL FOOD COLOUR EGG YELLOW,358,1497,13,66,1,3,,0.029,Food Colour,Powder,UNRESOLVED,UNRESOLVED,Unknown,unresolved,0,0,0,TRUE,2026-04-07T09:21:17.880566+00:00
FESTIVAL FOOD COLOUR GREEN,305,1276,,75,,,,,Food Colour,Powder,CHOCOLATE,CHOCOLATE,Ultra-processed foods,unresolved,0,0,0,TRUE,2026-04-07T09:21:17.880566+00:00
FESTIVAL FOOD COLOUR MAROON,,,,,,,,,Food Colour,Powder,"COOKIES, BISCUITS AND WAFERS",COOKIES,Ultra-processed foods,unresolved,0,0,0,TRUE,2026-04-07T09:21:17.880566+00:00
FESTIVAL FOOD COLOUR ORANGE,305,1276,,75,,,,,Food Colour,Powder,"COOKIES, BISCUITS AND WAFERS",COOKIES,Ultra-processed foods,unresolved,0,0,0,TRUE,2026-04-07T09:21:17.880566+00:00
FESTIVAL FOOD COLOUR PINK,100,418,1,9,8,6,,0.065,Food Colour,Powder,UNRESOLVED,UNRESOLVED,Unknown,unresolved,0,0,0,TRUE,2026-04-07T09:21:17.880566+00:00
FESTIVAL FOOD COLOUR PURPLE,,,,,,,,,Food Colour,Powder,CHOCOLATE,CHOCOLATE,Ultra-processed foods,unresolved,0,0,0,TRUE,2026-04-07T09:21:17.880566+00:00
FESTIVAL FOOD COLOUR RASPBERRY RED,50,209,,13,10,,,0.005,Food Colour,Powder,"COOKIES, BISCUITS AND WAFERS",COOKIES,Ultra-processed foods,unresolved,0,0,0,TRUE,2026-04-07T09:21:17.880566+00:00
FESTIVAL FOOD COLOUR RBERRY RED,,,,,,,,,Food Colour,Powder,"COOKIES, BISCUITS AND WAFERS",COOKIES,Ultra-processed foods,unresolved,0,0,0,TRUE,2026-04-07T09:21:17.880566+00:00
FESTIVAL FOOD COLOUR SBERRY RED,,,,,,,,,Food Colour,Powder,UNRESOLVED,UNRESOLVED,Unknown,unresolved,0,0,0,TRUE,2026-04-07T09:21:17.880566+00:00
FESTIVAL FOOD COLOUR TOMATO RED,,,,,,,,,Food Colour,Powder,CHOCOLATE,CHOCOLATE,Ultra-processed foods,unresolved,0,0,0,TRUE,2026-04-07T09:21:17.880566+00:00
FESTIVAL FOOD COLOURING STRAWBERRY RED,,,,,,,,,Food Colour,Powder,"COOKIES, BISCUITS AND WAFERS",COOKIES,Ultra-processed foods,unresolved,0,0,0,TRUE,2026-04-07T09:21:17.880566+00:00
FESTIVAL LEMON AND LIME ESSENCE,,,,,,,,,Essence,Liquid,"COOKIES, BISCUITS AND WAFERS",COOKIES,Ultra-processed foods,unresolved,0,0,0,TRUE,2026-04-07T09:21:17.880566+00:00
FESTIVAL LIQ FOOD CLR ORANGE,,,,,,,,,,,UNRESOLVED,UNRESOLVED,Unknown,unresolved,0,0,0,TRUE,2026-04-07T09:21:17.880566+00:00
FESTIVAL LIQUID FOOD COLOR GOLDEN YELLOW,,,,,,,,,,,"COOKIES, BISCUITS AND WAFERS",COOKIES,Ultra-processed foods,unresolved,0,0,0,TRUE,2026-04-07T09:21:17.880566+00:00
FESTIVAL LIQUID FOOD COLOUR RASPBERRY RED,,,,,,,,,Food Colour,Liquid,"COOKIES, BISCUITS AND WAFERS",COOKIES,Ultra-processed foods,unresolved,0,0,0,TRUE,2026-04-07T09:21:17.880566+00:00
FESTIVAL ORANGE ESSENCE,250,1045,2.5,65,37.5,,7.5,,Essence,Liquid,"COOKIES, BISCUITS AND WAFERS",COOKIES,Ultra-processed foods,unresolved,0,0,0,TRUE,2026-04-07T09:21:17.880566+00:00
FESTIVAL RED FOOD COLOUR,,,,,,,,,Food Colour,Liquid,"COOKIES, BISCUITS AND WAFERS",COOKIES,Ultra-processed foods,unresolved,0,0,0,TRUE,2026-04-07T09:21:17.880566+00:00
FESTIVAL STRAWBERRY CRYSTAL JELLY,330.45,,0.09,98.4,91,,,8.00E-05,,Solid,UNRESOLVED,UNRESOLVED,Unknown,unresolved,0,0,0,TRUE,2026-04-07T09:21:17.880566+00:00
FESTIVAL STRAWBERRY ESSENCE,,,,,,,,,Essence,Liquid,CHOCOLATE,CHOCOLATE,Ultra-processed foods,unresolved,0,0,0,TRUE,2026-04-07T09:21:17.880566+00:00
FESTIVAL TROPICAL CRYSTAL JELLY,330.45,,0.09,98.4,91,,,8.00E-05,,Solid,"COOKIES, BISCUITS AND WAFERS",COOKIES,Ultra-processed foods,unresolved,0,0,0,TRUE,2026-04-07T09:21:17.880566+00:00
FESTIVAL VANILLA ESSENCE,,,,,,,,,Essence,Liquid,"COOKIES, BISCUITS AND WAFERS",COOKIES,Ultra-processed foods,simulated_lookup_fuzzy,0.766,0.736,0.756,TRUE,2026-04-07T09:21:17.880566+00:00
"FESTIVE TORTILLA WRAP - 8""""",308,1288,,47,3.2,6.6,,,Tortilla Wraps,Solid,UNRESOLVED,UNRESOLVED,Unknown,unresolved,0,0,0,TRUE,2026-04-07T09:21:17.880566+00:00
FESTIVE TORTILLA WRAPS 10 PIECES,308,1288,,47,3.2,6.6,,,Tortilla Wraps,Solid,CHOCOLATE,CHOCOLATE,Ultra-processed foods,unresolved,0,0,0,TRUE,2026-04-07T09:21:17.880566+00:00
FINI BLACK AND RBERRIES DOYPACK,,,,,,,,,,,"COOKIES, BISCUITS AND WAFERS",COOKIES,Ultra-processed foods,unresolved,0,0,0,TRUE,2026-04-07T09:21:17.880566+00:00
FINI CLOUDS MARSHMALLOW,328,1372,4,78,69,0,,,Marshmallow,Solid,"COOKIES, BISCUITS AND WAFERS",COOKIES,Ultra-processed foods,unresolved,0,0,0,TRUE,2026-04-07T09:21:17.880566+00:00
FINI JELLY SHARKS CANDY,323,1373,6,76,52,,,,Sharks Candy,Solid,UNRESOLVED,UNRESOLVED,Unknown,unresolved,0,0,0,TRUE,2026-04-07T09:21:17.880566+00:00
FINI MAGIC CARPET JELLY CANDY,340,1423,1.8,81,54,1,,,Jelly Candy,Solid,CHOCOLATE,CHOCOLATE,Ultra-processed foods,unresolved,0,0,0,TRUE,2026-04-07T09:21:17.880566+00:00
FINI MELLOWS TACO DIANA,,,,,,,,,,,"COOKIES, BISCUITS AND WAFERS",COOKIES,Ultra-processed foods,unresolved,0,0,0,TRUE,2026-04-07T09:21:17.880566+00:00
FINI ROLLER CRAZY FIZZ,,,,,,,,,,,"COOKIES, BISCUITS AND WAFERS",COOKIES,Ultra-processed foods,unresolved,0,0,0,TRUE,2026-04-07T09:21:17.880566+00:00
FINI SOUR LACES COLOUR SHOCK CANDY,338,1437,1.8,81,56,0.8,,,Fruit Candy,Solid,UNRESOLVED,UNRESOLVED,Unknown,unresolved,0,0,0,TRUE,2026-04-07T09:21:17.880566+00:00
FINI SOUR WORMS GUMMY CANDY,323,1351,6,76,52,0,,,Gummy Candy,Solid,"COOKIES, BISCUITS AND WAFERS",COOKIES,Ultra-processed foods,unresolved,0,0,0,TRUE,2026-04-07T09:21:17.880566+00:00
FINI STRAWBERRY FILLED CANDY,337,1410,1.6,81,51,0.8,,,Candy,Solid,"COOKIES, BISCUITS AND WAFERS",COOKIES,Ultra-processed foods,unresolved,0,0,0,TRUE,2026-04-07T09:21:17.880566+00:00
FINI STRAWBERRY SOUR PENCILS JELLY X OF,359,1502,1.5,89,89,10,,,Sour Pencils,Jelly,UNRESOLVED,UNRESOLVED,Unknown,unresolved,0,0,0,TRUE,2026-04-07T09:21:17.880566+00:00
FINI STRAWBERRY SUGAR JELLY KISSES CANDY,326,1363.98,4,79,58,,,,Candy,Solid,CHOCOLATE,CHOCOLATE,Ultra-processed foods,unresolved,0,0,0,TRUE,2026-04-07T09:21:17.880566+00:00
FISH WELL PRESERVED VEGETABLE PICKLED MUSTARD,57.1429,,2.85714,5.71429,2.85714,2.85714,2.85714,2,,,"COOKIES, BISCUITS AND WAFERS",COOKIES,Ultra-processed foods,unresolved,0,0,0,TRUE,2026-04-07T09:21:17.880566+00:00
FIT CEREAL CHOCO RICE,391,1658,7.8,81,,3.5,3,0.22,,Solid,"COOKIES, BISCUITS AND WAFERS",COOKIES,Ultra-processed foods,unresolved,0,0,0,TRUE,2026-04-07T09:21:17.880566+00:00
FIT CEREAL CORN FLAKES,391,1661,7.1,83,,3,1.5,0.7,,Solid,UNRESOLVED,UNRESOLVED,Unknown,unresolved,0,0,0,TRUE,2026-04-07T09:21:17.880566+00:00
FIT CEREAL HONEY BALLS,390,1654,5.9,85,,2.5,1.3,0.224,,Solid,CHOCOLATE,CHOCOLATE,Ultra-processed foods,unresolved,0,0,0,TRUE,2026-04-07T09:21:17.880566+00:00
FIT CEREAL HONEY WHEAT,391,1655,8.2,78,,4.1,4.6,0.076,,Solid,"COOKIES, BISCUITS AND WAFERS",COOKIES,Ultra-processed foods,unresolved,0,0,0,TRUE,2026-04-07T09:21:17.880566+00:00
FIT CHOCO RICE CEREAL,383,1602.47,7,80,0,3,,0.003,,,"COOKIES, BISCUITS AND WAFERS",COOKIES,Ultra-processed foods,unresolved,0,0,0,TRUE,2026-04-07T09:21:17.880566+00:00
FITCH & LEEDS GRAPEFRUIT TONIC,,,,,,,,,,,UNRESOLVED,UNRESOLVED,Unknown,unresolved,0,0,0,TRUE,2026-04-07T09:21:17.880566+00:00
FITCH AND LEEDES GINGER ALE SPARKLING DRINK,37,155,0.5,9,0.1,0.5,,,,,CHOCOLATE,CHOCOLATE,Ultra-processed foods,unresolved,0,0,0,TRUE,2026-04-07T09:21:17.880566+00:00
FITCH AND LEEDES INDIAN TONIC LITE SUGAR FREE,37,155,0.5,9,0.1,0.5,,,,,"COOKIES, BISCUITS AND WAFERS",COOKIES,Ultra-processed foods,unresolved,0,0,0,TRUE,2026-04-07T09:21:17.880566+00:00
FITCH AND LEEDES LEMONADE SPARKLING DRINK,,,,,,,,,,,"COOKIES, BISCUITS AND WAFERS",COOKIES,Ultra-processed foods,unresolved,0,0,0,TRUE,2026-04-07T09:21:17.880566+00:00
FITCH AND LEEDES PINK TONIC SPARKLING,2.62,11,0.3,2.5,0.5,0.1,0.5,0.005,Sparkling Drink,Liquid,"COOKIES, BISCUITS AND WAFERS",COOKIES,Ultra-processed foods,unresolved,0,0,0,TRUE,2026-04-07T09:21:17.880566+00:00
FITCH AND LEEDES PINK TONIC SPARKLING ROSE AND CUCUMBER DRINK,169,707,0,10,7.1,0.1,,,,,UNRESOLVED,UNRESOLVED,Unknown,unresolved,0,0,0,TRUE,2026-04-07T09:21:17.880566+00:00
FITCH AND LEEDS BLUE TONIC,28.91,121,0.3,7,7,0.1,0.5,0.005,Sparkling Drink,Liquid,CHOCOLATE,CHOCOLATE,Ultra-processed foods,unresolved,0,0,0,TRUE,2026-04-07T09:21:17.880566+00:00
FITCH LEEDES CLASSIC GINGER BEER,160,178,0.1,40,40,0.1,,0.041,Beer,Liquid,"COOKIES, BISCUITS AND WAFERS",COOKIES,Ultra-processed foods,unresolved,0,0,0,TRUE,2026-04-07T09:21:17.880566+00:00
FITCH LEEDES CLASSICS PASSION FRUIT AND LEMON SPARKLING DRINK,174,728,,42,42,,,,Sparkling Drink,Liquid,"COOKIES, BISCUITS AND WAFERS",COOKIES,Ultra-processed foods,unresolved,0,0,0,TRUE,2026-04-07T09:21:17.880566+00:00
FITCH LEEDES INDIAN TONIC SPARKLING DRINK,37,155,0.5,9,0.1,0.5,,,,,UNRESOLVED,UNRESOLVED,Unknown,unresolved,0,0,0,TRUE,2026-04-07T09:21:17.880566+00:00
FIX 8 KOMBUCHA GING TURMERIC,,,,,,,,,,,CHOCOLATE,CHOCOLATE,Ultra-processed foods,unresolved,0,0,0,TRUE,2026-04-07T09:21:17.880566+00:00
FLORA FRYING SOLUTION COOKING OIL,,,,,,,,,,,"COOKIES, BISCUITS AND WAFERS",COOKIES,Ultra-processed foods,unresolved,0,0,0,TRUE,2026-04-07T09:21:17.880566+00:00
FLORA SUNFLOWER COOKING OIL,,,,,,,,,,,"COOKIES, BISCUITS AND WAFERS",COOKIES,Ultra-processed foods,unresolved,0,0,0,TRUE,2026-04-07T09:21:17.880566+00:00
FLORESTAL POP KISS BLACK COLA LOLLIPOP,77,322.168,1.5,19,40,9,,0.0077,Lollipop,Solid,UNRESOLVED,UNRESOLVED,Unknown,unresolved,0,0,0,TRUE,2026-04-07T09:21:17.880566+00:00
FLORESTAL POP TATTOO PANICO TUTTI FRUTTI LOLLIPOP,400,1673.6,3.25,97.5,80,17.5,,,Lollipop,Solid,CHOCOLATE,CHOCOLATE,Ultra-processed foods,unresolved,0,0,0,TRUE,2026-04-07T09:21:17.880566+00:00
FLORESTAL ZOLLE STICK GREEN APPLE CHEWING CANDY,397.3,1662.3,1.4,92.1,58.1,2.6,,,Chewing Candy,Solid,"COOKIES, BISCUITS AND WAFERS",COOKIES,Ultra-processed foods,unresolved,0,0,0,TRUE,2026-04-07T09:21:17.880566+00:00
FLORESTAL ZOLLE TUBINHOS STRAWBERRY CHEWABLE CANDY,370,1548.08,2,88,52,1,,0.035,Chewable Candy,Solid,"COOKIES, BISCUITS AND WAFERS",COOKIES,Ultra-processed foods,unresolved,0,0,0,TRUE,2026-04-07T09:21:17.880566+00:00
FLORIDENT SUGAR FREE EXTRA WHITE CHEWING GUM,,,,,,,,,Chewing Gum,Solid,UNRESOLVED,UNRESOLVED,Unknown,unresolved,0,0,0,TRUE,2026-04-07T09:21:17.880566+00:00
FLORIDENT SUGAR FREE SPEARMINT CHEWING GUM,,,,,,,,,Chewing Gum,Solid,"COOKIES, BISCUITS AND WAFERS",COOKIES,Ultra-processed foods,unresolved,0,0,0,TRUE,2026-04-07T09:21:17.880566+00:00
FLOYDEEZ CARAMEL POPCORN,398,1665,1,90,,3.67,0.92,0.2,Popcorn,Solid,"COOKIES, BISCUITS AND WAFERS",COOKIES,Ultra-processed foods,unresolved,0,0,0,TRUE,2026-04-07T09:21:17.880566+00:00
FLOYDEEZ CHOCOLATE POPCORN,273,1142.23,1,33,27,18,,,Popcorn,Solid,UNRESOLVED,UNRESOLVED,Unknown,unresolved,0,0,0,TRUE,2026-04-07T09:21:17.880566+00:00
FLOYDEEZ CRUNCHY COCONUT POPCORN,503,2105,2.64,69,34,24,10,0.133,Popcorn,Solid,CHOCOLATE,CHOCOLATE,Ultra-processed foods,unresolved,0,0,0,TRUE,2026-04-07T09:21:17.880566+00:00
FLOYDEEZ HONEY&CHILLI PEANUTS,,,,,,,,,,,"COOKIES, BISCUITS AND WAFERS",COOKIES,Ultra-processed foods,unresolved,0,0,0,TRUE,2026-04-07T09:21:17.880566+00:00
FLOYDEEZ POPCORN CARAMEL,273,1142.23,1,33,27,18,,,Popcorn,Solid,"COOKIES, BISCUITS AND WAFERS",COOKIES,Ultra-processed foods,unresolved,0,0,0,TRUE,2026-04-07T09:21:17.880566+00:00
FLOYDEEZ POPCORN CHOCOLATE,477.778,1997.22,2.5,61.1111,50,26.1111,2.5,0.294444,Popcorn,Solid,UNRESOLVED,UNRESOLVED,Unknown,unresolved,0,0,0,TRUE,2026-04-07T09:21:17.880566+00:00
FLOYDEEZ POPCORN LIMITED EDITION,,,,,,,,,,,CHOCOLATE,CHOCOLATE,Ultra-processed foods,unresolved,0,0,0,TRUE,2026-04-07T09:21:17.880566+00:00
FLOYDEEZ SALTED CARAMEL PEANUTS,,,,,,,,,,,"COOKIES, BISCUITS AND WAFERS",COOKIES,Ultra-processed foods,unresolved,0,0,0,TRUE,2026-04-07T09:21:17.880566+00:00
FORCE PROTEIN BIRTHDAY CAKE BAR,,,,,,,,,,,"COOKIES, BISCUITS AND WAFERS",COOKIES,Ultra-processed foods,unresolved,0,0,0,TRUE,2026-04-07T09:21:17.880566+00:00
FOXS CANDY BAG BERRIES,388,1623,0,92,75,0,,0.1,Candy,Solid,UNRESOLVED,UNRESOLVED,Unknown,unresolved,0,0,0,TRUE,2026-04-07T09:21:17.880566+00:00
FOXS CRYSTAL CLEAR FRUITS CANDY,44.4444,1859.56,0,8.88889,8.88889,0,,0,Candy,Solid,CHOCOLATE,CHOCOLATE,Ultra-processed foods,unresolved,0,0,0,TRUE,2026-04-07T09:21:17.880566+00:00
FRAGATA BLACKBERRY MARMALADE,215,914,0.5,52,52,0,,,Spread,Paste,"COOKIES, BISCUITS AND WAFERS",COOKIES,Ultra-processed foods,unresolved,0,0,0,TRUE,2026-04-07T09:21:17.880566+00:00
FRAGATA LA VIEJA FABRICA PEACH MARMALDE,224,952,0.5,55,55,,,,,,"COOKIES, BISCUITS AND WAFERS",COOKIES,Ultra-processed foods,unresolved,0,0,0,TRUE,2026-04-07T09:21:17.880566+00:00
FREEGO ENERGY DRINK,,,,,,,,,,,ENERGY DRINKS,ENERGY DRINKS,Ultra-processed foods,simulated_lookup_fuzzy,0.8,0.77,0.79,TRUE,2026-04-07T09:21:17.880566+00:00
FREEZ BLUE HAWAI MIX DRINK,,,,,,,,,Non- Alcoholic Drink,Liquid,UNRESOLVED,UNRESOLVED,Unknown,unresolved,0,0,0,TRUE,2026-04-07T09:21:17.880566+00:00
FREEZ KIWI & LIME MIX DRINK,,,,,,,,,Non- Alcoholic Drink,Liquid,UNRESOLVED,UNRESOLVED,Unknown,unresolved,0,0,0,TRUE,2026-04-07T09:21:17.880566+00:00
FREEZ LEMON & MINT DRINK,,,,,,,,,Non- Alcoholic Drink,Liquid,UNRESOLVED,UNRESOLVED,Unknown,unresolved,0,0,0,TRUE,2026-04-07T09:21:17.880566+00:00
FREEZ LYCHEE MIX DRINK,,,,,,,,,Non- Alcoholic Drink,Liquid,UNRESOLVED,UNRESOLVED,Unknown,unresolved,0,0,0,TRUE,2026-04-07T09:21:17.880566+00:00
FREEZ MANGO & PEACH MIX DRINK,,,,,,,,,Non- Alcoholic Drink,Liquid,UNRESOLVED,UNRESOLVED,Unknown,unresolved,0,0,0,TRUE,2026-04-07T09:21:17.880566+00:00
FREEZ MOJITO STRAWBERRY MIX DRINK 275M,,,,,,,,,,,UNRESOLVED,UNRESOLVED,Unknown,unresolved,0,0,0,TRUE,2026-04-07T09:21:17.880566+00:00
FREEZ POMEGRANATE MIX DRINK,,,,,,,,,Non- Alcoholic Drink,Liquid,UNRESOLVED,UNRESOLVED,Unknown,unresolved,0,0,0,TRUE,2026-04-07T09:21:17.880566+00:00
FREEZ STRAWBERRY MIX DRINK,,,,,,,,,,,UNRESOLVED,UNRESOLVED,Unknown,unresolved,0,0,0,TRUE,2026-04-07T09:21:17.880566+00:00
FRESH FRI VEGETABLE COOKING OIL,,,,,,,,,Food,,UNRESOLVED,UNRESOLVED,Unknown,unresolved,0,0,0,TRUE,2026-04-07T09:21:17.880566+00:00
FRESH FRI VEGETABLE OIL,,,,,,,,,Food,,COOKING OIL,VEGETABLE OIL,Processed Culinary Ingredients,simulated_lookup_fuzzy,0.773,0.743,0.763,TRUE,2026-04-07T09:21:17.880566+00:00
FRESKA WAFER BAR CHOCOLATE,,,,,,,,,,,UNRESOLVED,UNRESOLVED,Unknown,unresolved,0,0,0,TRUE,2026-04-07T09:21:17.880566+00:00
FROSTI APPLE FRUIT DRINK,,,,,,,,,,,FRESH/FRUIT JUICES - NO ADDED SUGAR,FRESH/FRUIT JUICES - NO ADDED SUGAR,Unprocessed/Minimally processed foods,simulated_lookup_fuzzy,0.875,0.845,0.865,FALSE,2026-04-07T09:21:17.880566+00:00
FROSTI GUAVA FRUIT DRINK,,,,,,,,,,,UNRESOLVED,UNRESOLVED,Unknown,unresolved,0,0,0,TRUE,2026-04-07T09:21:17.880566+00:00
FROSTI MANGO FRUIT DRINK,,,,,,,,,,,FRESH/FRUIT JUICES - NO ADDED SUGAR,FRESH/FRUIT JUICES - NO ADDED SUGAR,Unprocessed/Minimally processed foods,simulated_lookup_fuzzy,0.875,0.845,0.865,FALSE,2026-04-07T09:21:17.880566+00:00
FROSTI TROPICAL FRUIT DRINK,,,,,,,,,,,UNRESOLVED,UNRESOLVED,Unknown,unresolved,0,0,0,TRUE,2026-04-07T09:21:17.880566+00:00
FRUIT DALE APPLE JUICE,47,196.6,0.2,11.5,11.5,,,0.009,Juice,Liquid,FRUIT DRINKS/SWEETENED JUICES & BOTTLED TEAS,FRUIT DRINKS/SWEETENED JUICE,Ultra-processed foods,simulated_lookup_fuzzy,0.864,0.834,0.854,FALSE,2026-04-07T09:21:17.880566+00:00
FRUIT DALE GUAVA JUICE,,,,,,,,,Juice,Liquid,UNRESOLVED,UNRESOLVED,Unknown,unresolved,0,0,0,TRUE,2026-04-07T09:21:17.880566+00:00
FRUIT DALE MANGO JUICE,60,251.04,0.8,15,14,0.4,1.6,0.001,Juice,Liquid,FRUIT DRINKS/SWEETENED JUICES & BOTTLED TEAS,FRUIT DRINKS/SWEETENED JUICE,Ultra-processed foods,simulated_lookup_fuzzy,0.864,0.834,0.854,FALSE,2026-04-07T09:21:17.880566+00:00
FRUIT DALE MANGO MILK JUICE,113.274,473.894,2.65487,17.6991,14.6018,,,0.0442478,Juice,Liquid,FRUIT DRINKS/SWEETENED JUICES & BOTTLED TEAS,FRUIT DRINKS/SWEETENED JUICE,Ultra-processed foods,simulated_lookup_fuzzy,0.776,0.746,0.766,TRUE,2026-04-07T09:21:17.880566+00:00
FRUIT DALE ORANGE AND BANANA FRUITY MILK DRINK,72,301.248,1.6,10.4,,1,1.8,,,,UNRESOLVED,UNRESOLVED,Unknown,unresolved,0,0,0,TRUE,2026-04-07T09:21:17.880566+00:00
FRUIT DALE PINEAPPLE FRUIT JUICE,51,213.38,0.4,12.67,,0.03,,,,,UNRESOLVED,UNRESOLVED,Unknown,unresolved,0,0,0,TRUE,2026-04-07T09:21:17.880566+00:00
FRUIT DALE STRAWBERRY AND APPLE FRUITY MILK DRINK,68,284.512,1.9,10,,0.9,1.8,,,,UNRESOLVED,UNRESOLVED,Unknown,unresolved,0,0,0,TRUE,2026-04-07T09:21:17.880566+00:00
FRUIT DALE TROPICAL MIX FRUIT JUICE,48,201,0.2,11.5,,0.1,,,Mix Fruit Juice,Liquid,FRESH/FRUIT JUICES - NO ADDED SUGAR,FRESH/FRUIT JUICES - NO ADDED SUGAR,Unprocessed/Minimally processed foods,simulated_lookup_fuzzy,0.759,0.729,0.749,TRUE,2026-04-07T09:21:17.880566+00:00
FRUIT FULL PINACOLADA FRUIT JUICE,48,200.83,0.1,11.7,,0.1,0.2,,,,UNRESOLVED,UNRESOLVED,Unknown,unresolved,0,0,0,TRUE,2026-04-07T09:21:17.880566+00:00
FRUIT FULL TEMBO BLACKBERRY AND GRAPE JUICE,62,259.408,2,13.8,7,0.7,7.6,0.001,,,FRUIT DRINKS/SWEETENED JUICES & BOTTLED TEAS,FRUIT DRINKS/SWEETENED JUICE,Ultra-processed foods,simulated_lookup_fuzzy,0.743,0.713,0.733,TRUE,2026-04-07T09:21:17.880566+00:00
FRUITDALE NECTAR PASSION FRUIT JUICE,,,,,,,,,Fruit Juice,Liquid,UNRESOLVED,UNRESOLVED,Unknown,unresolved,0,0,0,TRUE,2026-04-07T09:21:17.880566+00:00
FRUITFULL PAK 1 LITRE MANGO,,,,,,,,,,,FRUIT DRINKS/SWEETENED JUICES & BOTTLED TEAS,FRUIT DRINKS/SWEETENED JUICE,Ultra-processed foods,simulated_lookup_fuzzy,0.766,0.736,0.756,TRUE,2026-04-07T09:21:17.880566+00:00
FRUITVILLE APPLE FRUIT DRINK,45,188.28,0,11,0,0,0,0.011,,,FRESH/FRUIT JUICES - NO ADDED SUGAR,FRESH/FRUIT JUICES - NO ADDED SUGAR,Unprocessed/Minimally processed foods,simulated_lookup_fuzzy,0.846,0.816,0.836,TRUE,2026-04-07T09:21:17.880566+00:00
FRUITVILLE BERRY JUICE,48,200.832,0,12,7,0,,,,,FRUIT DRINKS/SWEETENED JUICES & BOTTLED TEAS,FRUIT DRINKS/SWEETENED JUICE,Ultra-processed foods,simulated_lookup_exact,0.99,0.99,0.99,FALSE,2026-04-07T09:21:17.880566+00:00
FRUITVILLE CRANBERRY JUICE,47,196.6,0.4,12,12,,,0.002,Juice,Liquid,FRUIT DRINKS/SWEETENED JUICES & BOTTLED TEAS,FRUIT DRINKS/SWEETENED JUICE,Ultra-processed foods,simulated_lookup_fuzzy,0.917,0.887,0.907,FALSE,2026-04-07T09:21:17.880566+00:00
FRUITVILLE GUAVA FRUIT DRINK,48,200.8,,48,13,,,,Drink,Liquid,UNRESOLVED,UNRESOLVED,Unknown,unresolved,0,0,0,TRUE,2026-04-07T09:21:17.880566+00:00
FRUITVILLE LEMON MINT AND CUCUMBER JUICE,,,,,,,,,,,UNRESOLVED,UNRESOLVED,Unknown,unresolved,0,0,0,TRUE,2026-04-07T09:21:17.880566+00:00
FRUITVILLE MANGO JUICE,61,255.224,0.2,15,15,0,,0.004,,,FRUIT DRINKS/SWEETENED JUICES & BOTTLED TEAS,FRUIT DRINKS/SWEETENED JUICE,Ultra-processed foods,simulated_lookup_exact,0.99,0.99,0.99,FALSE,2026-04-07T09:21:17.880566+00:00
FRUITVILLE ORANGE JUICE,110,460.24,2,26,22,1,0,0.015,,,FRUIT DRINKS/SWEETENED JUICES & BOTTLED TEAS,FRUIT DRINKS/SWEETENED JUICE,Ultra-processed foods,simulated_lookup_exact,0.99,0.99,0.99,FALSE,2026-04-07T09:21:17.880566+00:00
FRUITVILLE PINEAPPLE JUICE,,,,,,,,,,,FRUIT DRINKS/SWEETENED JUICES & BOTTLED TEAS,FRUIT DRINKS/SWEETENED JUICE,Ultra-processed foods,simulated_lookup_fuzzy,0.917,0.887,0.907,FALSE,2026-04-07T09:21:17.880566+00:00
FRUITVILLE STRAWBERRY AND BANANA JUICE,,,,,,,,,,,FRUIT DRINKS/SWEETENED JUICES & BOTTLED TEAS,FRUIT DRINKS/SWEETENED JUICE,Ultra-processed foods,simulated_lookup_fuzzy,0.733,0.703,0.723,TRUE,2026-04-07T09:21:17.880566+00:00
FRUITVILLE TROPICAL JUICE,24,100.416,0,5,5,0,0,0,,,FRUIT DRINKS/SWEETENED JUICES & BOTTLED TEAS,FRUIT DRINKS/SWEETENED JUICE,Ultra-processed foods,simulated_lookup_fuzzy,0.833,0.803,0.823,TRUE,2026-04-07T09:21:17.880566+00:00
FRY'S CHOCOLATE CREAM,,,,,,,,,,,"COOKIES, BISCUITS AND WAFERS",BISCUITS,Ultra-processed foods,simulated_lookup_fuzzy,0.756,0.726,0.746,TRUE,2026-04-07T09:21:17.880566+00:00
FRY'S ORANGE CREAM CHOCOLATE,,,,,,,,,,,"COOKIES, BISCUITS AND WAFERS",BISCUITS,Ultra-processed foods,simulated_lookup_fuzzy,0.755,0.725,0.745,TRUE,2026-04-07T09:21:17.880566+00:00
FRY'S PEPPERMINT CREAM,,,,,,,,,,,UNRESOLVED,UNRESOLVED,Unknown,unresolved,0,0,0,TRUE,2026-04-07T09:21:17.880566+00:00
GALAXY HAZELNUT CREAMY T MINI EGGS,,,,,,,,,,,UNRESOLVED,UNRESOLVED,Unknown,unresolved,0,0,0,TRUE,2026-04-07T09:21:17.880566+00:00
GALAXY SMOOTH CARAMEL CHOCOLATE,,,,,,,,,,,UNRESOLVED,UNRESOLVED,Unknown,unresolved,0,0,0,TRUE,2026-04-07T09:21:17.880566+00:00
GALAXY SMOOTH MILK CHOCOLATE,544,2273,7.3,55,54,32,,,Food,Solid,UNRESOLVED,UNRESOLVED,Unknown,unresolved,0,0,0,TRUE,2026-04-07T09:21:17.880566+00:00
GALITO'S MILD PIRI-PIRI SAUCE,42,175.728,1.91,1,16.33,3,,0.004,Piri-Piri Sauce,Paste,UNRESOLVED,UNRESOLVED,Unknown,unresolved,0,0,0,TRUE,2026-04-07T09:21:17.880566+00:00
GALITOS GARLIC PIRI-PIRI SAUCE,275,1150.6,,9,4,26,,,Piri-Piri Sauce,Paste,UNRESOLVED,UNRESOLVED,Unknown,unresolved,0,0,0,TRUE,2026-04-07T09:21:17.880566+00:00
GALITOS HOT PIRI-PIRI SAUCE,40,167.36,1.91,3,1,2,,0.001,Piri-Piri Sauce,Paste,UNRESOLVED,UNRESOLVED,Unknown,unresolved,0,0,0,TRUE,2026-04-07T09:21:17.880566+00:00
GALITOS LEMON AND HERB PIRI-PIRI SAUCE,120,502.08,1.91,42.1,16.33,0.14,,,Piri-Piri Sauce,Paste,UNRESOLVED,UNRESOLVED,Unknown,unresolved,0,0,0,TRUE,2026-04-07T09:21:17.880566+00:00
GALITOS PREMIUM RESERVE PIRI-PIRI SAUCE,20,20,1,2,16.33,0.14,,,Piri-Piri Sauce,Paste,UNRESOLVED,UNRESOLVED,Unknown,unresolved,0,0,0,TRUE,2026-04-07T09:21:17.880566+00:00
GARLIC POWDER,54,225.9,0.9,6,1.2,0.3,,0.026,Garlic Powder,Powder,HERBS AND SPICES,SPICES - GARLIC,Unprocessed/Minimally processed foods,simulated_lookup_fuzzy,0.812,0.782,0.802,TRUE,2026-04-07T09:21:17.880566+00:00
GASTONE LAGO MINI ROLL COCOA WAFERS,507,2121,4.1,67.3,48.3,23.9,,,Wafers,Solid,UNRESOLVED,UNRESOLVED,Unknown,unresolved,0,0,0,TRUE,2026-04-07T09:21:17.880566+00:00
GIBSON KENYA AA FINE GRIND MEDIUM ROAST ARABICA COFFEE,,,,,,,,,Coffee,Powder,UNRESOLVED,UNRESOLVED,Unknown,unresolved,0,0,0,TRUE,2026-04-07T09:21:17.880566+00:00
GIBSONS HOUSEHOLD 100% ARABICA MEDIUM GRIND DARK ROAST COFFEE BEANS,,,,,,,,,Coffee Beans,Solid,UNRESOLVED,UNRESOLVED,Unknown,unresolved,0,0,0,TRUE,2026-04-07T09:21:17.880566+00:00
GIBSONS INSTANT COFFEE STICK,2,8,0.1,0.3,,,,0.004,Coffee Stick,Powder,COFFEE,COFFEE - UNSWEETENED WITHOUT MILK,Unprocessed/Minimally processed foods,simulated_lookup_fuzzy,0.88,0.85,0.87,FALSE,2026-04-07T09:21:17.880566+00:00
GIBSONS KAHAWA ECONOMY MEDIUM ROAST,,,,,,,,,,,UNRESOLVED,UNRESOLVED,Unknown,unresolved,0,0,0,TRUE,2026-04-07T09:21:17.880566+00:00
GIBSONS KENYA GREATNESS INSTANT COFFEE,32,133.88,,,,,,,Instant Coffee,Powder,COFFEE,COFFEE - UNSWEETENED WITHOUT MILK,Unprocessed/Minimally processed foods,simulated_lookup_fuzzy,0.733,0.703,0.723,TRUE,2026-04-07T09:21:17.880566+00:00
GIBSONS KENYA H MEDIUM GRIND,60,251.04,,16,16,,,0.015,Coffee,Solid,UNRESOLVED,UNRESOLVED,Unknown,unresolved,0,0,0,TRUE,2026-04-07T09:21:17.880566+00:00
GIBSONS KENYA KAHAWA ECONOMY MEDIUM GRIND MEDIUM ROAST COFFEE,20,83.6,20,,,,,,Coffee,Powder,UNRESOLVED,UNRESOLVED,Unknown,unresolved,0,0,0,TRUE,2026-04-07T09:21:17.880566+00:00
GIBSONS KENYAH GREATNESS INSTANT COFFEE,,,,,,,,,,,COFFEE,COFFEE - UNSWEETENED WITHOUT MILK,Unprocessed/Minimally processed foods,simulated_lookup_fuzzy,0.721,0.691,0.711,TRUE,2026-04-07T09:21:17.880566+00:00
GILDA TOMATO PASTE,106,443,4.2,18.5,10.9,0.21,1.18,0.00025,Tomato Paste,Paste,TOMATO PASTE,TOMATO PASTE,Processed foods,simulated_lookup_fuzzy,0.8,0.77,0.79,TRUE,2026-04-07T09:21:17.880566+00:00
GODSON ORGANICS CHIA SEED BLACK,135,669.44,3,14,,14,,,Chai Seeds,Solid,UNRESOLVED,UNRESOLVED,Unknown,unresolved,0,0,0,TRUE,2026-04-07T09:21:17.880566+00:00
GODSON ORGANICS FLAX SEEDS/LIN SEEDS,,,,,,,,,,,UNRESOLVED,UNRESOLVED,Unknown,unresolved,0,0,0,TRUE,2026-04-07T09:21:17.880566+00:00
GODSON ORGANICS QUINOA SEEDS,222,669.44,8,39,,3.7,5,,Quinoa Seeds,Solid,UNRESOLVED,UNRESOLVED,Unknown,unresolved,0,0,0,TRUE,2026-04-07T09:21:17.880566+00:00
GODSON ORGANICS SESAME SEEDS,138,2631.73,4,12,,9,11,,Sesame Seeds,Solid,UNRESOLVED,UNRESOLVED,Unknown,unresolved,0,0,0,TRUE,2026-04-07T09:21:17.880566+00:00
GOFRUT APPLE,,,,,,,,,Apple Fruit Drink,Liquid,UNRESOLVED,UNRESOLVED,Unknown,unresolved,0,0,0,TRUE,2026-04-07T09:21:17.880566+00:00
GOFRUT APPLE JUICE,,,,,,,,,,,FRUIT DRINKS/SWEETENED JUICES & BOTTLED TEAS,FRUIT DRINKS/SWEETENED JUICE,Ultra-processed foods,simulated_lookup_fuzzy,0.8,0.77,0.79,TRUE,2026-04-07T09:21:17.880566+00:00
GOFRUT MANGO JUICE,,,,,,,,,,,FRUIT DRINKS/SWEETENED JUICES & BOTTLED TEAS,FRUIT DRINKS/SWEETENED JUICE,Ultra-processed foods,simulated_lookup_fuzzy,0.8,0.77,0.79,TRUE,2026-04-07T09:21:17.880566+00:00
GOLDEN BOURBON CREAM BISCUITS,,,,,,,,,Biscuits,Solid,"COOKIES, BISCUITS AND WAFERS",BISCUITS,Ultra-processed foods,simulated_lookup_fuzzy,0.787,0.757,0.777,TRUE,2026-04-07T09:21:17.880566+00:00
GOLDEN BUTTER COOKIES,529.412,2215.06,5.88235,67.6471,,26.4706,,,Cookies,Solid,"COOKIES, BISCUITS AND WAFERS",COOKIES,Ultra-processed foods,simulated_lookup_fuzzy,0.84,0.81,0.83,TRUE,2026-04-07T09:21:17.880566+00:00
GOLDEN CASHEW COOKIES,,,,,,,,,,,"COOKIES, BISCUITS AND WAFERS",COOKIES,Ultra-processed foods,simulated_lookup_fuzzy,0.84,0.81,0.83,TRUE,2026-04-07T09:21:17.880566+00:00
GOLDEN CHOCO CHIPS COOKIES,,,,,,,,,,,"COOKIES, BISCUITS AND WAFERS",COOKIES,Ultra-processed foods,simulated_lookup_fuzzy,0.812,0.782,0.802,TRUE,2026-04-07T09:21:17.880566+00:00
GOLDEN COCO NICE BISCUITS,473,1979.03,7.5,72.8,,16.9,,,Biscuits,Solid,"COOKIES, BISCUITS AND WAFERS",BISCUITS,Ultra-processed foods,simulated_lookup_fuzzy,0.764,0.734,0.754,TRUE,2026-04-07T09:21:17.880566+00:00
GOLDEN COCONUT COOKIES,,,,,,,,,,,"COOKIES, BISCUITS AND WAFERS",COOKIES,Ultra-processed foods,simulated_lookup_fuzzy,0.773,0.743,0.763,TRUE,2026-04-07T09:21:17.880566+00:00
GOLDEN DELICIOUS SHORTCAKE BISCUITS,346,1448,6.1,48.5,48.5,14.2,,,Biscuits,Solid,"COOKIES, BISCUITS AND WAFERS",BISCUITS,Ultra-processed foods,simulated_lookup_fuzzy,0.862,0.832,0.852,FALSE,2026-04-07T09:21:17.880566+00:00
GOLDEN DIGESTIVE CLASSIC,493,2062.71,8,68,,21,,,Biscuits,Solid,"COOKIES, BISCUITS AND WAFERS",BISCUITS,Ultra-processed foods,simulated_lookup_fuzzy,0.857,0.827,0.847,FALSE,2026-04-07T09:21:17.880566+00:00
GOLDEN DIGESTIVE CLASSIC BISCUITS,495,2071,6,67,16,12,3,0.27,,,"COOKIES, BISCUITS AND WAFERS",BISCUITS,Ultra-processed foods,simulated_lookup_fuzzy,0.985,0.955,0.975,FALSE,2026-04-07T09:21:17.880566+00:00
GOLDEN DIGESTIVE HIGH FIBER BISCUITS,495,2071,6,67,16,12,3,0.27,,,"COOKIES, BISCUITS AND WAFERS",BISCUITS,Ultra-processed foods,simulated_lookup_fuzzy,0.765,0.735,0.755,TRUE,2026-04-07T09:21:17.880566+00:00
GOLDEN FAMILY TEA BISCUIT,468.75,1962.5,9.375,78.125,,12.5,,0.328125,Biscuit,Solid,"COOKIES, BISCUITS AND WAFERS",BISCUITS,Ultra-processed foods,simulated_lookup_fuzzy,0.913,0.883,0.903,FALSE,2026-04-07T09:21:17.880566+00:00
GOLDEN FAMILY TEA BISCUITS,469.05,1962.5,9.375,78.125,,12.5,,0.328125,Biscuits,Solid,"COOKIES, BISCUITS AND WAFERS",BISCUITS,Ultra-processed foods,simulated_lookup_fuzzy,0.894,0.864,0.884,FALSE,2026-04-07T09:21:17.880566+00:00
GOLDEN FRY VEGETABLE COOKING OIL,47,196.648,,,,100,,,,,UNRESOLVED,UNRESOLVED,Unknown,unresolved,0,0,0,TRUE,2026-04-07T09:21:17.880566+00:00
GOLDEN GINGER SNAPS BISCUITS,474,1990,4.2,71.8,34.2,18.4,,,Biscuits,Solid,"COOKIES, BISCUITS AND WAFERS",BISCUITS,Ultra-processed foods,simulated_lookup_fuzzy,0.731,0.701,0.721,TRUE,2026-04-07T09:21:17.880566+00:00
GOLDEN HIGH FIBRE DIGESTIVE BISCUIT,495,2071.08,6,67,16,12,,0.27,Biscuit,Solid,UNRESOLVED,UNRESOLVED,Unknown,unresolved,0,0,0,TRUE,2026-04-07T09:21:17.880566+00:00
GOLDEN MARIE BISCUITS,445,1861.88,8.4,78.9,21.9,10.7,,,Biscuits,Solid,"COOKIES, BISCUITS AND WAFERS",BISCUITS,Ultra-processed foods,simulated_lookup_fuzzy,0.933,0.903,0.923,FALSE,2026-04-07T09:21:17.880566+00:00
GOLDEN NICE COCONUT BISCUITS,463,1937.19,6,76,30.5,15,3,0.016,Biscuits,Solid,"COOKIES, BISCUITS AND WAFERS",COOKIES,Ultra-processed foods,simulated_lookup_fuzzy,0.737,0.707,0.727,TRUE,2026-04-07T09:21:17.880566+00:00
GOLDEN PEANUT COOKIES,,,,,,,,,,,"COOKIES, BISCUITS AND WAFERS",COOKIES,Ultra-processed foods,simulated_lookup_fuzzy,0.735,0.705,0.725,TRUE,2026-04-07T09:21:17.880566+00:00
GOLDEN SCOTCH SHORT CAKE BISCUIT,333.333,1394.67,10,80,23.3333,16.6667,,,Biscuit,Solid,"COOKIES, BISCUITS AND WAFERS",BISCUITS,Ultra-processed foods,simulated_lookup_fuzzy,0.871,0.841,0.861,FALSE,2026-04-07T09:21:17.880566+00:00
GOLDN PURE SOYA GOLD SOYBEAN OIL,900,3765.6,,,,100,,,Soybean Oil,Liquid,UNRESOLVED,UNRESOLVED,Unknown,unresolved,0,0,0,TRUE,2026-04-07T09:21:17.880566+00:00
GONUTS SKINNED ROASTED PEANUTS,585,2447.64,23.68,21.51,,49.66,,,Roasted Peanuts,Solid,SALTED/SUGARED NUTS,SALTED PEANUTS,Processed foods,simulated_lookup_fuzzy,0.846,0.816,0.836,TRUE,2026-04-07T09:21:17.880566+00:00
GORO NO 100 SPIRALI GRANDI,355,1507,13,71,3,1.5,,,Pasta,Solid,UNRESOLVED,UNRESOLVED,Unknown,unresolved,0,0,0,TRUE,2026-04-07T09:21:17.880566+00:00
GORO NO 121 LASAGNE,351,1490,12,71,3,1.5,,,Pasta,Solid,UNRESOLVED,UNRESOLVED,Unknown,unresolved,0,0,0,TRUE,2026-04-07T09:21:17.880566+00:00
GORO NO 43 PENNONI RIGATE,355,1487,13,71,3,1.5,,,Pasta,Solid,UNRESOLVED,UNRESOLVED,Unknown,unresolved,0,0,0,TRUE,2026-04-07T09:21:17.880566+00:00
GORO NO 81 TAGLIATELLE,354,1481,7.5,76.5,2.5,1.5,,,Pasta,Solid,UNRESOLVED,UNRESOLVED,Unknown,unresolved,0,0,0,TRUE,2026-04-07T09:21:17.880566+00:00
GOURMET MED ROAST BEANS COFFEE,,,,,,,,,Coffee Beans,Solid,UNRESOLVED,UNRESOLVED,Unknown,unresolved,0,0,0,TRUE,2026-04-07T09:21:17.880566+00:00
GOURMET SAFARI COOKIES,,,,,,,,,Cookies,Solid,UNRESOLVED,UNRESOLVED,Unknown,unresolved,0,0,0,TRUE,2026-04-07T09:21:17.880566+00:00
GOURMET SAFARI COOKIES S/,,,,,,,,,Cookies,Solid,UNRESOLVED,UNRESOLVED,Unknown,unresolved,0,0,0,TRUE,2026-04-07T09:21:17.880566+00:00
GRAN LUCHITO CHIPOTLE SALSA,,,,,,,,,,,UNRESOLVED,UNRESOLVED,Unknown,unresolved,0,0,0,TRUE,2026-04-07T09:21:17.880566+00:00
GRAN LUCHITO MANGO & HABANER SALSA,,,,,,,,,,,UNRESOLVED,UNRESOLVED,Unknown,unresolved,0,0,0,TRUE,2026-04-07T09:21:17.880566+00:00
GRAN LUCHITO TOMATILLO SALSA,,,,,,,,,,,UNRESOLVED,UNRESOLVED,Unknown,unresolved,0,0,0,TRUE,2026-04-07T09:21:17.880566+00:00
GRANORO CANNERONI NO 21 PASTA,355,1507,13,71,3,1.5,3,0,Pasta,Solid,UNRESOLVED,UNRESOLVED,Unknown,unresolved,0,0,0,TRUE,2026-04-07T09:21:17.880566+00:00
GRANORO I CLASSICI NO.4 LINGUINI PASTA,355,1507,13,71,3,1.5,3,,Pasta,Solid,UNRESOLVED,UNRESOLVED,Unknown,unresolved,0,0,0,TRUE,2026-04-07T09:21:17.880566+00:00
GRANORO IL PRIMO CANNELLONI PASTA,322,1347.25,11,60,2,2,,,Pasta,Solid,UNRESOLVED,UNRESOLVED,Unknown,unresolved,0,0,0,TRUE,2026-04-07T09:21:17.880566+00:00
GRANORO INTEGRALE ORGANIC WHOLE WHEAT NO 12 SPAGHETTI PASTA,352,1472.77,11.5,67,3.4,2.4,0,0,Pasta,Solid,UNRESOLVED,UNRESOLVED,Unknown,unresolved,0,0,0,TRUE,2026-04-07T09:21:17.880566+00:00
GRANORO N 13 SPAGHETTI VERMICELLI CLASSIC PASTA,355,1507,13,71,3,,3,,Pasta,Solid,UNRESOLVED,UNRESOLVED,Unknown,unresolved,0,0,0,TRUE,2026-04-07T09:21:17.880566+00:00
GRANORO N 27 PENNE CLASSIC PASTA,355,1485,13,71,3,1.5,3,,Pasta,Solid,UNRESOLVED,UNRESOLVED,Unknown,unresolved,0,0,0,TRUE,2026-04-07T09:21:17.880566+00:00
GRANORO N 32 SPIRALI CLASSIC PASTA,335,1402,13,71,3,1.5,,,Pasta,Solid,UNRESOLVED,UNRESOLVED,Unknown,unresolved,0,0,0,TRUE,2026-04-07T09:21:17.880566+00:00
GRANORO N.41 GOMITI DEDICATO PASTA,335,1507,13,71,3,1.5,3,,Pasta,Solid,UNRESOLVED,UNRESOLVED,Unknown,unresolved,0,0,0,TRUE,2026-04-07T09:21:17.880566+00:00
GRANORO NO 14 SPAGHETTI RISTO,355,1507,13,71,3,1.5,3,,Pasta,Solid,UNRESOLVED,UNRESOLVED,Unknown,unresolved,0,0,0,TRUE,2026-04-07T09:21:17.880566+00:00
GRANORO NO 17 RIGATONI,355,1507,13,71,3,1.5,3,,Pasta,Solid,UNRESOLVED,UNRESOLVED,Unknown,unresolved,0,0,0,TRUE,2026-04-07T09:21:17.880566+00:00
GRANORO NO 26 PENNE RIGATE,355,1507,13,71,3,1.5,3,,Pasta,Solid,UNRESOLVED,UNRESOLVED,Unknown,unresolved,0,0,0,TRUE,2026-04-07T09:21:17.880566+00:00
GRANORO PAPPARDELLE NO 134 PASTA,355,1485,14,69,5,1.8,3.4,0,Pasta,Solid,UNRESOLVED,UNRESOLVED,Unknown,unresolved,0,0,0,TRUE,2026-04-07T09:21:17.880566+00:00
GREEN & BLACK'S 70% DARK,,,,,,,,,,,UNRESOLVED,UNRESOLVED,Unknown,unresolved,0,0,0,TRUE,2026-04-07T09:21:17.880566+00:00
GREEN & BLACK'S 85% DARK,,,,,,,,,,,UNRESOLVED,UNRESOLVED,Unknown,unresolved,0,0,0,TRUE,2026-04-07T09:21:17.880566+00:00
GREEN & BLACK'S DARK CHOCO 60% GINGER,,,,,,,,,,,UNRESOLVED,UNRESOLVED,Unknown,unresolved,0,0,0,TRUE,2026-04-07T09:21:17.880566+00:00
GREEN & BLACK'S DARK COOKING CHOCO,,,,,,,,,,,UNRESOLVED,UNRESOLVED,Unknown,unresolved,0,0,0,TRUE,2026-04-07T09:21:17.880566+00:00
GREEN & BLACK'S MILK CHOCO BUTTERSCOTCH,,,,,,,,,,,UNRESOLVED,UNRESOLVED,Unknown,unresolved,0,0,0,TRUE,2026-04-07T09:21:17.880566+00:00
GREEN & BLACK'S MILK CHOCOLATE BAR,,,,,,,,,,,UNRESOLVED,UNRESOLVED,Unknown,unresolved,0,0,0,TRUE,2026-04-07T09:21:17.880566+00:00
GREEN & BLACK'S ORGANIC MINT CHOCOLATE,,,,,,,,,,,UNRESOLVED,UNRESOLVED,Unknown,unresolved,0,0,0,TRUE,2026-04-07T09:21:17.880566+00:00
GREEN FOREST CASHEW NUTS,581,2430.9,16.8,30.2,,47.8,3.3,0.308,Cashew Nuts,Solid,UNRESOLVED,UNRESOLVED,Unknown,unresolved,0,0,0,TRUE,2026-04-07T09:21:17.880566+00:00
GREEN FOREST DRY SALTED AND ROASTED CASHEW NUTS,621,2566,17,30,4.9,48,3.2,0.26,Cashew Nuts,Solid,UNRESOLVED,UNRESOLVED,Unknown,unresolved,0,0,0,TRUE,2026-04-07T09:21:17.880566+00:00
GREEN FOREST RAW CASHEW NUTS,581,2430.9,16.8,30.2,,47.8,3.3,0.308,Cashew Nuts,Solid,UNRESOLVED,UNRESOLVED,Unknown,unresolved,0,0,0,TRUE,2026-04-07T09:21:17.880566+00:00
GREEN FOREST ROASTED AND SALTED CASHEW NUTS,621,2566,17,30,4.9,48,3.2,0.26,Cashew Nuts,Solid,UNRESOLVED,UNRESOLVED,Unknown,unresolved,0,0,0,TRUE,2026-04-07T09:21:17.880566+00:00
GREEN FOREST ROASTED AND SALTED PEELED PEANUTS,580,2426.72,30,2,2,49,,0.459,Peeled Peanuts,Solid,UNRESOLVED,UNRESOLVED,Unknown,unresolved,0,0,0,TRUE,2026-04-07T09:21:17.880566+00:00
GREEN FOREST ROASTED AND SALTED UNPEELED PEANUTS,620,2594.08,23.3333,10,3.33333,50,6.66667,,Unpeeled Peanuts,Solid,UNRESOLVED,UNRESOLVED,Unknown,unresolved,0,0,0,TRUE,2026-04-07T09:21:17.880566+00:00
GREEN FOREST SALTED PEELED PEANUTS,580,2426.72,30,2,2,49,,0.459,Peeled Peanuts,Solid,UNRESOLVED,UNRESOLVED,Unknown,unresolved,0,0,0,TRUE,2026-04-07T09:21:17.880566+00:00
GREEN FOREST UNPEELED PEANUTS,607.143,2540.29,28.5714,17.8571,3.57143,50,7.14286,0.0178571,Unpeeled Peanuts,Solid,UNRESOLVED,UNRESOLVED,Unknown,unresolved,0,0,0,TRUE,2026-04-07T09:21:17.880566+00:00
GREEN FOREST UNPEELED ROASTED AND SALTED PEANUTS,634,2653,26,20,4.1,50,8.6,0.26,Peanuts,Solid,UNRESOLVED,UNRESOLVED,Unknown,unresolved,0,0,0,TRUE,2026-04-07T09:21:17.880566+00:00
GREEN& BLACK'S HAZELNUT & CURRENT DARK CHOCO,,,,,,,,,,,UNRESOLVED,UNRESOLVED,Unknown,unresolved,0,0,0,TRUE,2026-04-07T09:21:17.880566+00:00
GREENLIFE SANDWICH SEA SEDGE,,,,,,,,,Sandwich,Solid,UNRESOLVED,UNRESOLVED,Unknown,unresolved,0,0,0,TRUE,2026-04-07T09:21:17.880566+00:00
GREENS CARMELLE VANILLA DESSERT MIX PUDDING,88,374,2.8,15.7,13.7,1.4,,0.13,Dessert Mix Pudding,Liquid,UNRESOLVED,UNRESOLVED,Unknown,unresolved,0,0,0,TRUE,2026-04-07T09:21:17.880566+00:00
GUAI XI FU PEPPER CHICKEN FEET,121,508,12.2,,,8.1,,1.8,Chicken Feet,Solid,UNRESOLVED,UNRESOLVED,Unknown,unresolved,0,0,0,TRUE,2026-04-07T09:21:17.880566+00:00
GURU AROMATIC BIRYANI RICE,357,1493,8.6,79,,0.9,1.3,0.0041,Biryani Rice,Solid,UNRESOLVED,UNRESOLVED,Unknown,unresolved,0,0,0,TRUE,2026-04-07T09:21:17.880566+00:00
GURU LONG GRAIN WHITE RICE,158,663,3,36,,0.2,2,0.004,Rice,Solid,UNRESOLVED,UNRESOLVED,Unknown,unresolved,0,0,0,TRUE,2026-04-07T09:21:17.880566+00:00
GURU PARBOILED RICE,347,1451,9,78,,1,,,Rice,Solid,CEREAL GRAINS,PARBOILED RICE,Unprocessed/Minimally processed foods,simulated_lookup_fuzzy,0.848,0.818,0.838,TRUE,2026-04-07T09:21:17.880566+00:00
GURU PISHORI BASMATI RICE,180,7531,6,57,,0.5,1.8,0.00032,Rice,Solid,UNRESOLVED,UNRESOLVED,Unknown,unresolved,0,0,0,TRUE,2026-04-07T09:21:17.880566+00:00
GURU PREMIUM BLEND PISHORI RICE,349,1425,8,77,0,0,0,0,Pishori Rice,Solid,UNRESOLVED,UNRESOLVED,Unknown,unresolved,0,0,0,TRUE,2026-04-07T09:21:17.880566+00:00
GURU PREMIUM BLENDED PISHORI RICE,349,1425,8,77,0,0,0,0,Pishori Rice,Solid,UNRESOLVED,UNRESOLVED,Unknown,unresolved,0,0,0,TRUE,2026-04-07T09:21:17.880566+00:00
GURU PREMIUM BLENDED VARITY PISHORI RICE,349,1425,8,77,0,0,0,0,Pishori Rice,Solid,UNRESOLVED,UNRESOLVED,Unknown,unresolved,0,0,0,TRUE,2026-04-07T09:21:17.880566+00:00
GURU PURE KENYA PISHORI RICE,180,7531,6,57,,0.5,1.8,0.00032,Rice,Solid,CEREAL GRAINS,WHITE RICE,Unprocessed/Minimally processed foods,simulated_lookup_fuzzy,0.909,0.879,0.899,FALSE,2026-04-07T09:21:17.880566+00:00
GURU SPECIAL BASMATI RICE,365,1527,7.1,80,,0.7,1.8,0.00054,Rice,Solid,CEREAL GRAINS,WHITE RICE,Unprocessed/Minimally processed foods,simulated_lookup_fuzzy,0.735,0.705,0.725,TRUE,2026-04-07T09:21:17.880566+00:00
GUYLIAN 72% COCOA RASPBERRY DARK CHOCOLATE BAR,541,2263.54,9.4,27.5,23.1,39.8,,0.008,Dark Chocolate Bar,Solid,UNRESOLVED,UNRESOLVED,Unknown,unresolved,0,0,0,TRUE,2026-04-07T09:21:17.880566+00:00
GUYLIAN CARAMEL ALMOND MILK CHOCOLATE BAR,548,2292.83,9.3,48.7,47.6,34.1,,0.094,Chocolate Bar,Solid,UNRESOLVED,UNRESOLVED,Unknown,unresolved,0,0,0,TRUE,2026-04-07T09:21:17.880566+00:00
GUYLIAN MILK BAR SUGAR FREE,486,2040,8.4,27.8,10.5,40.3,,0.09,Milk Chocolate,Solid,UNRESOLVED,UNRESOLVED,Unknown,unresolved,0,0,0,TRUE,2026-04-07T09:21:17.880566+00:00
GUYLIAN MILK CHOCO SCARAMEL BAR,539,2258,8.6,52,51,32,,,Milk Chocolate,Solid,UNRESOLVED,UNRESOLVED,Unknown,unresolved,0,0,0,TRUE,2026-04-07T09:21:17.880566+00:00
GUYLIAN OPUS LUXURY ASSORTMENT BELGIAN CHOCOLATES GIFT BOX,555,2319,7.7,50,48,36,,,Chocolates Gift Box,Solid,UNRESOLVED,UNRESOLVED,Unknown,unresolved,0,0,0,TRUE,2026-04-07T09:21:17.880566+00:00
GUYLIAN PRALINE HEARTS,,,,,,,,,,,UNRESOLVED,UNRESOLVED,Unknown,unresolved,0,0,0,TRUE,2026-04-07T09:21:17.880566+00:00
GUYLIAN PREMIUM DARK 72% BELGIAN CHOCOLATE BAR,516,2159,9,30,24,40,,0.004,Chocolate Bar,Solid,UNRESOLVED,UNRESOLVED,Unknown,unresolved,0,0,0,TRUE,2026-04-07T09:21:17.880566+00:00
GUYLIAN SEA HORSE CHOCOLATE,,,,,,,,,,,UNRESOLVED,UNRESOLVED,Unknown,unresolved,0,0,0,TRUE,2026-04-07T09:21:17.880566+00:00
GUYLIAN SEA HORSE PRALINES BELGIAN CHOCOLATES,552,2310,7.5,52,51,34,,,Chocolate,Solid,UNRESOLVED,UNRESOLVED,Unknown,unresolved,0,0,0,TRUE,2026-04-07T09:21:17.880566+00:00
GUYLIAN SEA HORSES CARAMEL CHOCOLATE,,,,,,,,,,,UNRESOLVED,UNRESOLVED,Unknown,unresolved,0,0,0,TRUE,2026-04-07T09:21:17.880566+00:00
GUYLIAN SEA SHELL CON STORE TRAY,552,2312,7.8,50,49,35,,,Belgian Chocolates,Solid,UNRESOLVED,UNRESOLVED,Unknown,unresolved,0,0,0,TRUE,2026-04-07T09:21:17.880566+00:00
GUYLIAN SEA SHELLS ARTISANAL BELGIAN CHOCOLATES,555,2319,7.7,50,48,36,,,Chocolates,Solid,UNRESOLVED,UNRESOLVED,Unknown,unresolved,0,0,0,TRUE,2026-04-07T09:21:17.880566+00:00
GUYLIAN SEA SHELLS BELGIAN CHOCOLATES GIFT BALLOTIN,587,2440,7,45,44,28,,,Chocolates Gift Ballotin,Solid,UNRESOLVED,UNRESOLVED,Unknown,unresolved,0,0,0,TRUE,2026-04-07T09:21:17.880566+00:00
GUYLIAN TEMPTATIONS MIX,,,,,,,,,,,UNRESOLVED,UNRESOLVED,Unknown,unresolved,0,0,0,TRUE,2026-04-07T09:21:17.880566+00:00
GUYLIAN TEMPTATIONS MIX IMPULSE,,,,,,,,,,,UNRESOLVED,UNRESOLVED,Unknown,unresolved,0,0,0,TRUE,2026-04-07T09:21:17.880566+00:00
GUYLIAN TEMPTATIONS ORIGINAL CHOCOLATE HAZELNUT PRALINE FILLING,,,,,,,,,,,UNRESOLVED,UNRESOLVED,Unknown,unresolved,0,0,0,TRUE,2026-04-07T09:21:17.880566+00:00
HADAY DARK SOYA SAUCE,126,527.18,7,21,8,,,1.64,Dark Soy Sauce,Liquid,UNRESOLVED,UNRESOLVED,Unknown,unresolved,0,0,0,TRUE,2026-04-07T09:21:17.880566+00:00
HADAY FISH SOY SAUCE,,,,,,,,,Soy Sauce,Paste,UNRESOLVED,UNRESOLVED,Unknown,unresolved,0,0,0,TRUE,2026-04-07T09:21:17.880566+00:00
HADAY GARLIC PASTE,,,,,,,,,Garlic And Chilli Sauce,Paste,UNRESOLVED,UNRESOLVED,Unknown,unresolved,0,0,0,TRUE,2026-04-07T09:21:17.880566+00:00
HADAY SOYBEAN SAUCE,137,575,9.3,16.6,11.9,,,,Soybean Sauce,Paste,UNRESOLVED,UNRESOLVED,Unknown,unresolved,0,0,0,TRUE,2026-04-07T09:21:17.880566+00:00
HAILONG SWEET POTATO NOODLES,115.929,485.048,6.19469,13.2743,,2.65487,,,Noodles,Solid,UNRESOLVED,UNRESOLVED,Unknown,unresolved,0,0,0,TRUE,2026-04-07T09:21:17.880566+00:00
HALDIRAM'S ORANGE SOAN PAPADI,490,2050.16,5.33,65.35,46.06,23.06,0.62,0.008,Soan Papadi,Solid,UNRESOLVED,UNRESOLVED,Unknown,unresolved,0,0,0,TRUE,2026-04-07T09:21:17.880566+00:00
HALDIRAM'S SOAN PAPDI,523.81,2190.48,4.7619,66.6667,47.619,23.8095,0,0.00952381,Soan Papdi,Solid,UNRESOLVED,UNRESOLVED,Unknown,unresolved,0,0,0,TRUE,2026-04-07T09:21:17.880566+00:00
HAMLET ASSORTMENT WHITE BELGIAN CHOCOLATE,,,,,,,,,Chocolate,Solid,UNRESOLVED,UNRESOLVED,Unknown,unresolved,0,0,0,TRUE,2026-04-07T09:21:17.880566+00:00
HAMLET BELGIAN CHOCOLAT CUPIDO,523,2188,6.2,56,53,30,,,Cupido Chocolate,Solid,UNRESOLVED,UNRESOLVED,Unknown,unresolved,0,0,0,TRUE,2026-04-07T09:21:17.880566+00:00
HAMLET BELGIAN CHOCOLATE,526,2201,5.5,45,44,36,,,Pralines Chocolate,Solid,UNRESOLVED,UNRESOLVED,Unknown,unresolved,0,0,0,TRUE,2026-04-07T09:21:17.880566+00:00
HAMLET CHESTERFIELD LINE BLACK CHOCOLATE,526,2201,6.2,56,54,30,,,Black Chocolate,Solid,UNRESOLVED,UNRESOLVED,Unknown,unresolved,0,0,0,TRUE,2026-04-07T09:21:17.880566+00:00
HAMLET CHOCOLATE IMAGE LINE RED,526,2201,6.2,56,54,30,,,Belgian Chocolate,Solid,UNRESOLVED,UNRESOLVED,Unknown,unresolved,0,0,0,TRUE,2026-04-07T09:21:17.880566+00:00
HAMLET CHOCOLATE STICKS ORANGE,511,2130,7,61,59,26,,,Orange Chocolate Sticks,Solid,UNRESOLVED,UNRESOLVED,Unknown,unresolved,0,0,0,TRUE,2026-04-07T09:21:17.880566+00:00
HAMLET COOKING CHOCOLATE DARK,554,2320,6,43,39,38,,,Dark Chocolate,Solid,UNRESOLVED,UNRESOLVED,Unknown,unresolved,0,0,0,TRUE,2026-04-07T09:21:17.880566+00:00
HAMLET CUPIDO IRISH WHISKEY AND CREAM CHOCOLATE,469,1920,2.8,57,51,21,,,Chocolate,Solid,UNRESOLVED,UNRESOLVED,Unknown,unresolved,0,0,0,TRUE,2026-04-07T09:21:17.880566+00:00
HAMLET EXCELCIUM ASSORTMENT RED PRALINES CHOCOLATE,472,1975,6.2,63,47,21,0,,Chocolate,Solid,UNRESOLVED,UNRESOLVED,Unknown,unresolved,0,0,0,TRUE,2026-04-07T09:21:17.880566+00:00
HAMLET EXCELCIUM CHOCO AS BLAC,,,,,,,,,463Kcal,50g,UNRESOLVED,UNRESOLVED,Unknown,unresolved,0,0,0,TRUE,2026-04-07T09:21:17.880566+00:00
HAMLET EXCELCIUM GPRALINE ASSO,465,1946,6.1,64,48,20,,,Excelsium Pralines Chocolate,Solid,UNRESOLVED,UNRESOLVED,Unknown,unresolved,0,0,0,TRUE,2026-04-07T09:21:17.880566+00:00
HAMLET EXCELLENT CHOCOLATE BOX,526,2200,6.2,55.5,53.5,,30.4,,Chocolate Box,Solid,UNRESOLVED,UNRESOLVED,Unknown,unresolved,0,0,0,TRUE,2026-04-07T09:21:17.880566+00:00
HAMLET EXCELLENT LINE GOLD BOX,526,2201,6.2,56,54,30,,,Belgian Chocolate,Solid,UNRESOLVED,UNRESOLVED,Unknown,unresolved,0,0,0,TRUE,2026-04-07T09:21:17.880566+00:00
HAMLET GOLD EURO COINS CHOCOLATE,524,2194,6,62,53,28,,,Chocolate,Solid,UNRESOLVED,UNRESOLVED,Unknown,unresolved,0,0,0,TRUE,2026-04-07T09:21:17.880566+00:00
HAMLET LOVE CHOCOLATE BOX,526,2201,6.2,56,54,30,,,Love Line Chocolate,Solid,UNRESOLVED,UNRESOLVED,Unknown,unresolved,0,0,0,TRUE,2026-04-07T09:21:17.880566+00:00
HAMLET MILK CHOCO FLAKE TRUFFLE,601,2515,4.1,50,49,43,,,Truffle Chocolate,Solid,UNRESOLVED,UNRESOLVED,Unknown,unresolved,0,0,0,TRUE,2026-04-07T09:21:17.880566+00:00
HAMLET ROYAL MINTS,457,1910,3.5,70,68,17,,,Mint Chocolate,Solid,UNRESOLVED,UNRESOLVED,Unknown,unresolved,0,0,0,TRUE,2026-04-07T09:21:17.880566+00:00
HAMLET ROYAL ORANGE MINTS,457,1910,3.5,70,61,17,,,Orange Mint Chocolate,Solid,UNRESOLVED,UNRESOLVED,Unknown,unresolved,0,0,0,TRUE,2026-04-07T09:21:17.880566+00:00
HAMLET SEA SHELL CHOCOLATE BOX,560,2343,4,58,57,35,,,Sea Shells Chocolate,Solid,UNRESOLVED,UNRESOLVED,Unknown,unresolved,0,0,0,TRUE,2026-04-07T09:21:17.880566+00:00
HAMLET SEA SHELL HAZELNUT FILL,553,2314,3.9,50,49,37,,,Hazelnut Fill Belgian Chocolate,Solid,UNRESOLVED,UNRESOLVED,Unknown,unresolved,0,0,0,TRUE,2026-04-07T09:21:17.880566+00:00
HAMLET SEASHELL HAZELNUT FILLING CHOCOLATE,553,2314,3.9,50,49,37,,,Chocolate,Solid,UNRESOLVED,UNRESOLVED,Unknown,unresolved,0,0,0,TRUE,2026-04-07T09:21:17.880566+00:00
HAMLET SELECTION CHOCOLATE,512,2140,6.2,58,,28,,,Chocolate,Solid,UNRESOLVED,UNRESOLVED,Unknown,unresolved,0,0,0,TRUE,2026-04-07T09:21:17.880566+00:00
HAMLETS CHOCOLAS HAZELNUT,536,2243,7,54,46,32,,,Crispy Hazelnut Chips,Solid,UNRESOLVED,UNRESOLVED,Unknown,unresolved,0,0,0,TRUE,2026-04-07T09:21:17.880566+00:00
HAMLETS CHOCOLAS MILK,533,2230,6.9,55,45,31,,,Milk Chocolate Chips,Solid,UNRESOLVED,UNRESOLVED,Unknown,unresolved,0,0,0,TRUE,2026-04-07T09:21:17.880566+00:00
HAMLETS CHOCOLAS ORANGE,533,2230,6.9,55,45,31,,,Crispy Orange Chips,Solid,UNRESOLVED,UNRESOLVED,Unknown,unresolved,0,0,0,TRUE,2026-04-07T09:21:17.880566+00:00
HAPPY GOLDEN SALTED CHIPS,470,1966.4,6,63,0,20,0,0.001,Salted Chips,Solid,UNRESOLVED,UNRESOLVED,Unknown,unresolved,0,0,0,TRUE,2026-04-07T09:21:17.880566+00:00
HAPPY'S GOLDEN CHEESE AND ONION POTATO CRISPS,506,2113,5.6,62,54,3.3,28.2,4.8,Potato Crisps,Solid,UNRESOLVED,UNRESOLVED,Unknown,unresolved,0,0,0,TRUE,2026-04-07T09:21:17.880566+00:00
HAPPY'S GOLDEN CHILLI POTATO CRISPS,544,2276.1,7.1,54.1,2.6,33.2,,0.859,Crisps,Solid,UNRESOLVED,UNRESOLVED,Unknown,unresolved,0,0,0,TRUE,2026-04-07T09:21:17.880566+00:00
HAPPY39S GOLDEN MASALA PEANUTS,637,2665.21,20.62,21.85,,51.91,3.33,0.425,Masala Peanuts,Solid,UNRESOLVED,UNRESOLVED,Unknown,unresolved,0,0,0,TRUE,2026-04-07T09:21:17.880566+00:00
HAPPYS CHILLI BOOM BOOM F,,,,,,,,,,,UNRESOLVED,UNRESOLVED,Unknown,unresolved,0,0,0,TRUE,2026-04-07T09:21:17.880566+00:00
HAPPYS CHILLI BOOM BOOM FOIL,,,,,,,,,,,UNRESOLVED,UNRESOLVED,Unknown,unresolved,0,0,0,TRUE,2026-04-07T09:21:17.880566+00:00
HAPPYS GOLDEN CHEESE AND ONION POTATO CRISPS,506,2113,5.6,62,54,3.3,28.2,4.8,Potato Crisps,Solid,UNRESOLVED,UNRESOLVED,Unknown,unresolved,0,0,0,TRUE,2026-04-07T09:21:17.880566+00:00
HAPPYS GOLDEN CHILLI POTATO CRISPS,544,2276,7.1,54.2,2.6,33.2,,0.859,Potato Crisps,Solid,UNRESOLVED,UNRESOLVED,Unknown,unresolved,0,0,0,TRUE,2026-04-07T09:21:17.880566+00:00
HAPPYS GOLDEN FRUIT CHUTNEY CRISPS CHIPS,440,1840.5,5,65,0,10,0,0.585,Chutney Crisps Chips,Solid,UNRESOLVED,UNRESOLVED,Unknown,unresolved,0,0,0,TRUE,2026-04-07T09:21:17.880566+00:00
HAPPYS GOLDEN FRUIT CHUTNEY POTATO CRISPS,280,1171,5.5,35.8,,19.5,3.8,0.0007,Potato Crisps,Solid,UNRESOLVED,UNRESOLVED,Unknown,unresolved,0,0,0,TRUE,2026-04-07T09:21:17.880566+00:00
HAPPYS GOLDEN LEMON ZING POTATO CHIPS,280,1171.52,5.5,35.8,,19.5,3.8,0.7,Potato Chips,Solid,UNRESOLVED,UNRESOLVED,Unknown,unresolved,0,0,0,TRUE,2026-04-07T09:21:17.880566+00:00
HAPPYS GOLDEN SALT AND VINEGAR POTATO CRISPS,516,2160,9.5,53.1,1,30.2,4.2,0.778,Potato Crisps,Solid,UNRESOLVED,UNRESOLVED,Unknown,unresolved,0,0,0,TRUE,2026-04-07T09:21:17.880566+00:00
HAPPYS GOLDEN SALTED POTATO CRISPS,470,1966.48,6,63,,20,,0.001,Potato Crisps,Solid,UNRESOLVED,UNRESOLVED,Unknown,unresolved,0,0,0,TRUE,2026-04-07T09:21:17.880566+00:00
HAPPYS GOLDEN SOUR CREAM AND ONION POTATO CHIPS,280,1171.52,5.5,35.8,,19.5,3.8,0.7,Potato Chips,Solid,UNRESOLVED,UNRESOLVED,Unknown,unresolved,0,0,0,TRUE,2026-04-07T09:21:17.880566+00:00
HAPPYS GOLDEN SPICY TWIST POTATO CHIPS,280,1171.52,5.5,35.8,,19.5,3.8,0.7,Potato Chips,Solid,UNRESOLVED,UNRESOLVED,Unknown,unresolved,0,0,0,TRUE,2026-04-07T09:21:17.880566+00:00
HAPPYS GOLDEN SPRING ONION POTATO CRISPS,570,2384.88,5,48,,35,,,Potato Crisps,Solid,UNRESOLVED,UNRESOLVED,Unknown,unresolved,0,0,0,TRUE,2026-04-07T09:21:17.880566+00:00
HAPPYS GOLDEN TOMATO POTATO CRISPS,300,1255.2,10,30,10,15,5,1.4,Potato Crisps,Solid,UNRESOLVED,UNRESOLVED,Unknown,unresolved,0,0,0,TRUE,2026-04-07T09:21:17.880566+00:00
HARIBO CHAMALLOWS,336.667,1436.67,5.8,80,70,0,0,0.01,Candy,Solid,UNRESOLVED,UNRESOLVED,Unknown,unresolved,0,0,0,TRUE,2026-04-07T09:21:17.880566+00:00
HARIBO EGGS GALORE 10MINI BAGS,,,,,,,,,,,UNRESOLVED,UNRESOLVED,Unknown,unresolved,0,0,0,TRUE,2026-04-07T09:21:17.880566+00:00
HARIBO GOLDBEAR,343,1459,6.9,77,46,0.5,0,0,Jelly Candy,Solid,UNRESOLVED,UNRESOLVED,Unknown,unresolved,0,0,0,TRUE,2026-04-07T09:21:17.880566+00:00
HARIBO GOLDBEARS HALAL,,,,,,,,,,,UNRESOLVED,UNRESOLVED,Unknown,unresolved,0,0,0,TRUE,2026-04-07T09:21:17.880566+00:00
HARIBO HALAL WORMS GUMMY CANDY,103,429,2.3,22.9,14.4,,,0.006,Gummy Candy,Solid,UNRESOLVED,UNRESOLVED,Unknown,unresolved,0,0,0,TRUE,2026-04-07T09:21:17.880566+00:00
HARIBO HAPPY CHERRIES CANDY,343,1459,6.9,77,46,0.5,,,Candy,Solid,UNRESOLVED,UNRESOLVED,Unknown,unresolved,0,0,0,TRUE,2026-04-07T09:21:17.880566+00:00
HARIBO HAPPY COLA HALAL CANDY,338,1442,6,78,52,0.5,,,Candy,Solid,UNRESOLVED,UNRESOLVED,Unknown,unresolved,0,0,0,TRUE,2026-04-07T09:21:17.880566+00:00
HARIBO PEACHES,349,1482,4.5,82,63,0.5,0,0,Gummi Candy,Solid,UNRESOLVED,UNRESOLVED,Unknown,unresolved,0,0,0,TRUE,2026-04-07T09:21:17.880566+00:00
HARIBO ROULETTE CANDY,90,376.56,2,20,10,,,,Candy,Solid,UNRESOLVED,UNRESOLVED,Unknown,unresolved,0,0,0,TRUE,2026-04-07T09:21:17.880566+00:00
HARIBO SQUIDGY STRAWBERRY CANDY,328,1394,4.3,75,44,0.5,,,Candy,Solid,UNRESOLVED,UNRESOLVED,Unknown,unresolved,0,0,0,TRUE,2026-04-07T09:21:17.880566+00:00
HEALTHY KAJUJU TROPICAL FRUIT GRANOLA,424,1774.02,8,64,18,12,6,0.08,Granola,Solid,UNRESOLVED,UNRESOLVED,Unknown,unresolved,0,0,0,TRUE,2026-04-07T09:21:17.880566+00:00
HEINZ 1000 ISLAND SAUCE,,,,,,,,,,,UNRESOLVED,UNRESOLVED,Unknown,unresolved,0,0,0,TRUE,2026-04-07T09:21:17.880566+00:00
HEINZ BAKED BEANS IN TOMATO SAUCE,73,305.432,4.9,12.9,5,0.2,3.8,0.3,Baked Beans,Solid,UNRESOLVED,UNRESOLVED,Unknown,unresolved,0,0,0,TRUE,2026-04-07T09:21:17.880566+00:00
HEINZ CHILLI GARLIC SAUCE,75,313.8,1.66667,15,11.6667,,1.66667,0.0383333,Garlic Sauce,Paste,TABLE SAUCES,CHILLI/HOT SAUCE,Ultra-processed foods,simulated_lookup_fuzzy,0.732,0.702,0.722,TRUE,2026-04-07T09:21:17.880566+00:00
HEINZ FARLEYS ORIGINAL RUSKS,,,,,,,,,,,UNRESOLVED,UNRESOLVED,Unknown,unresolved,0,0,0,TRUE,2026-04-07T09:21:17.880566+00:00
HEINZ HOT SAUCE,,,,,,,,,Hot Sauce,Paste,UNRESOLVED,UNRESOLVED,Unknown,unresolved,0,0,0,TRUE,2026-04-07T09:21:17.880566+00:00
HEINZ MAYONNAISE SAUCE,596,2497,0.8,4.2,3.2,64,,0.55,Mayonnaise Sauce,Paste,UNRESOLVED,UNRESOLVED,Unknown,unresolved,0,0,0,TRUE,2026-04-07T09:21:17.880566+00:00
HEINZ MUSTARD SAUCE,81,338.904,5,6,,1,,1.27,Sauce,Paste,UNRESOLVED,UNRESOLVED,Unknown,unresolved,0,0,0,TRUE,2026-04-07T09:21:17.880566+00:00
HEINZ ORIGINAL SALAD CREAM,18.5,17,293,100,17,23.8,1.5,,Food,Liquid,UNRESOLVED,UNRESOLVED,Unknown,unresolved,0,0,0,TRUE,2026-04-07T09:21:17.880566+00:00
HEINZ REGULAR MAYONNAISE,596,2497,0.8,4.2,3.2,64,,0.55,Mayonnaise,Paste,UNRESOLVED,UNRESOLVED,Unknown,unresolved,0,0,0,TRUE,2026-04-07T09:21:17.880566+00:00
HEINZ TOMATO KETCHUP,102,435,1.2,23.2,22.8,0.1,0,0,Ketchup,Paste,TABLE SAUCES,TOMATO KETCHUP,Ultra-processed foods,simulated_lookup_exact,0.99,0.99,0.99,FALSE,2026-04-07T09:21:17.880566+00:00
HEINZ TOMATO KETCHUP SQUEEZY,15,65,0.2,3.5,3.4,,,,Ketchup,Paste,TABLE SAUCES,TOMATO KETCHUP,Ultra-processed foods,simulated_lookup_fuzzy,0.833,0.803,0.823,TRUE,2026-04-07T09:21:17.880566+00:00
HEINZ TOMATO PASTE,,,,,,,,,Tomato Paste,Paste,TOMATO PASTE,TOMATO PASTE,Processed foods,simulated_lookup_fuzzy,0.889,0.859,0.879,FALSE,2026-04-07T09:21:17.880566+00:00
HELIOS APRICOT FRUIT JAM,48,200.832,1.4,11,9,0.4,2,0.001,Jam,Jelly,UNRESOLVED,UNRESOLVED,Unknown,unresolved,0,0,0,TRUE,2026-04-07T09:21:17.880566+00:00
HELIOS FRUITS OF THE FOREST E/P,181,757,0.5,44,42.7,0,,,Jam,Jelly,UNRESOLVED,UNRESOLVED,Unknown,unresolved,0,0,0,TRUE,2026-04-07T09:21:17.880566+00:00
HELIOS RASPBERRY E/FRUIT PRESER,178,757,0.9,42,40.5,0.6,0.8,,Jam,Jelly,UNRESOLVED,UNRESOLVED,Unknown,unresolved,0,0,0,TRUE,2026-04-07T09:21:17.880566+00:00
HELIOS SUGARED STRAWBERRY PRESE,180.923,757,0.5,44,42.7,0,1.3,,Fruit Jam,Gel,UNRESOLVED,UNRESOLVED,Unknown,unresolved,0,0,0,TRUE,2026-04-07T09:21:17.880566+00:00
HELLMANN'S REAL MAYONNAISE,,,,,,,,,,,UNRESOLVED,UNRESOLVED,Unknown,unresolved,0,0,0,TRUE,2026-04-07T09:21:17.880566+00:00
HENG SHUN BROWN RICE VINEGAR,36,150.62,,9,9,,,0.024,Brown Rice Vinegar,Liquid,UNRESOLVED,UNRESOLVED,Unknown,unresolved,0,0,0,TRUE,2026-04-07T09:21:17.880566+00:00
HENGSHUN BALSAMIC VINEGAR,40.8,170.7,,9.7,8.2,,,0.215,Black Vinegar,Liquid,UNRESOLVED,UNRESOLVED,Unknown,unresolved,0,0,0,TRUE,2026-04-07T09:21:17.880566+00:00
HERO APRICOT JAM,,,,,,,,,Apricot Jam,Gel,UNRESOLVED,UNRESOLVED,Unknown,unresolved,0,0,0,TRUE,2026-04-07T09:21:17.880566+00:00
HERO BLACK CHERRY JAM,,,,,,,,,Black Cherry Jam,Jelly,UNRESOLVED,UNRESOLVED,Unknown,unresolved,0,0,0,TRUE,2026-04-07T09:21:17.880566+00:00
HERO NATURAL HONEY,,,,,,,,,,,UNRESOLVED,UNRESOLVED,Unknown,unresolved,0,0,0,TRUE,2026-04-07T09:21:17.880566+00:00
HERO RASPBERRY JAM,255,1080,0.7,61,49,0.2,,0.004,Raspberry Jam,Jelly,UNRESOLVED,UNRESOLVED,Unknown,unresolved,0,0,0,TRUE,2026-04-07T09:21:17.880566+00:00
HERO STRAWBERRY JAM,251,1067,0.4,61,48,0.2,,0.007,Strawberry Jam,Jelly,JAM/OTHER SPREADS,FRUIT JAM,Ultra-processed foods,simulated_lookup_fuzzy,0.821,0.791,0.811,TRUE,2026-04-07T09:21:17.880566+00:00
HERSHEYS DUO SB ICE BREAKERS37GX8,,,,,,,,,,,UNRESOLVED,UNRESOLVED,Unknown,unresolved,0,0,0,TRUE,2026-04-07T09:21:17.880566+00:00
HERSHLEYS REESES NUTRAGEOUS,,,,,,,,,,,UNRESOLVED,UNRESOLVED,Unknown,unresolved,0,0,0,TRUE,2026-04-07T09:21:17.880566+00:00
HIBISCUS AND GINGER DRINK,,,,,,,,,Hibiscus And Ginger Drink,Liquid,UNRESOLVED,UNRESOLVED,Unknown,unresolved,0,0,0,TRUE,2026-04-07T09:21:17.880566+00:00
HIBISCUS AND PINEAPPLE FRUIT DRINK,90,376.56,0,2,0,0,,,Hibiscus And Pineapple Drink,Liquid,UNRESOLVED,UNRESOLVED,Unknown,unresolved,0,0,0,TRUE,2026-04-07T09:21:17.880566+00:00
HIBISCUS WITH COCKTAIL DRINK,166,6970.54,0.2,10.1,9.7,0.1,0,0.017,Hibiscus With Cocktail Drink,Liquid,UNRESOLVED,UNRESOLVED,Unknown,unresolved,0,0,0,TRUE,2026-04-07T09:21:17.880566+00:00
HIDE&SEEK CHOCOLATE BISCUIT,479,2004.14,5.9,73.3,32.2,18,,,Cookies,Solid,"COOKIES, BISCUITS AND WAFERS",BISCUITS,Ultra-processed foods,simulated_lookup_fuzzy,0.737,0.707,0.727,TRUE,2026-04-07T09:21:17.880566+00:00
HIDE&SEEK FAB VANILLA BISCUIT,,,,,,,,,Cookies,Solid,UNRESOLVED,UNRESOLVED,Unknown,unresolved,0,0,0,TRUE,2026-04-07T09:21:17.880566+00:00
HIGHLAND SCOTTISH PETTICOAT TAILS SHORTBREAD,511,2138,5.2,65.3,16.4,25.7,,,Shortbread,Solid,UNRESOLVED,UNRESOLVED,Unknown,unresolved,0,0,0,TRUE,2026-04-07T09:21:17.880566+00:00
HIGHLAND SPECIALITY SHORTBREAD ASSORTMENT,,,,,,,,,,,UNRESOLVED,UNRESOLVED,Unknown,unresolved,0,0,0,TRUE,2026-04-07T09:21:17.880566+00:00
HIGHLANDS CLUB BLACKCURRANT SODA,280,1171,0.16,72,71,,,,Soda,Liquid,UNRESOLVED,UNRESOLVED,Unknown,unresolved,0,0,0,TRUE,2026-04-07T09:21:17.880566+00:00
HIGHLANDS CLUB MANGO SODA,,,,,,,,,Soda,Liquid,DILUTING JUICE,CORDIALS,Ultra-processed foods,simulated_lookup_fuzzy,0.792,0.762,0.782,TRUE,2026-04-07T09:21:17.880566+00:00
HIGHLANDS CLUB PINEAPPLE SODA,,,,,,,,,Soda,Liquid,DILUTING JUICE,CORDIALS,Ultra-processed foods,simulated_lookup_fuzzy,0.821,0.791,0.811,TRUE,2026-04-07T09:21:17.880566+00:00
HIGHLANDS CLUB SODA BLACKCURRA,,,,,,,,,,,SODAS AND CARBONATED DRINKS,SODAS,Ultra-processed foods,simulated_lookup_fuzzy,0.769,0.739,0.759,TRUE,2026-04-07T09:21:17.880566+00:00
HIGHLANDS CORDIAL ORANGE JUICE,48,200,,12,12,,,,Juice,Liquid,UNRESOLVED,UNRESOLVED,Unknown,unresolved,0,0,0,TRUE,2026-04-07T09:21:17.880566+00:00
HIGHLANDS DRINKING WATER,,,,,,,,,Water,Liquid,UNRESOLVED,UNRESOLVED,Unknown,unresolved,0,0,0,TRUE,2026-04-07T09:21:17.880566+00:00
HIGHLANDS DRINKING WATER JUICE,,,,,,,,,Water,Liquid,UNRESOLVED,UNRESOLVED,Unknown,unresolved,0,0,0,TRUE,2026-04-07T09:21:17.880566+00:00
HIGHLANDS PINEAPPLE CLUB SODA,,,,,,,,,,,DILUTING JUICE,CORDIALS,Ultra-processed foods,simulated_lookup_fuzzy,0.786,0.756,0.776,TRUE,2026-04-07T09:21:17.880566+00:00
HOLA COLA CARBONATED DRINK,44,175,0,10.9,10.6,0,,0.0085,Carbonated Drink,Liquid,UNRESOLVED,UNRESOLVED,Unknown,unresolved,0,0,0,TRUE,2026-04-07T09:21:17.880566+00:00
HOLA ORANGE CARBONATED DRINK,56,242,14.5,14,13,0,,0.022,Carbonated Drink,Liquid,UNRESOLVED,UNRESOLVED,Unknown,unresolved,0,0,0,TRUE,2026-04-07T09:21:17.880566+00:00
HOLA ROSE CARBONATED DRINK,26,108,,5.9,5.9,,,,Carbonated Drink,Liquid,UNRESOLVED,UNRESOLVED,Unknown,unresolved,0,0,0,TRUE,2026-04-07T09:21:17.880566+00:00
HOLA VERY BERRY CARBONATED DRINK,53,221,,13,,,,0.003,Carbonated Drink,Liquid,UNRESOLVED,UNRESOLVED,Unknown,unresolved,0,0,0,TRUE,2026-04-07T09:21:17.880566+00:00
HONEYCOMB CARDAMOM COOKIES,400,1673,10,90,25,22.5,10,0.05,Cookies,Solid,UNRESOLVED,UNRESOLVED,Unknown,unresolved,0,0,0,TRUE,2026-04-07T09:21:17.880566+00:00
HONEYCOMB COOKIES GINGER,,,,,,,,,Biscuit,Solid,UNRESOLVED,UNRESOLVED,Unknown,unresolved,0,0,0,TRUE,2026-04-07T09:21:17.880566+00:00
HONEYCOMB FRUIT & NUT CHEVDA,,,,,,,,,,,UNRESOLVED,UNRESOLVED,Unknown,unresolved,0,0,0,TRUE,2026-04-07T09:21:17.880566+00:00
HONEYCOMB FRUIT & NUT CHEVDA F,,,,,,,,,,,UNRESOLVED,UNRESOLVED,Unknown,unresolved,0,0,0,TRUE,2026-04-07T09:21:17.880566+00:00
HOOPS CHEESE AND ONION CRISPS POTATO CHIPS,53,2,533,100,4,1.2,,,Food,"Cheese, Onion",SWEET AND SAVOURY SNACKS,POTATO CRISPS,Ultra-processed foods,simulated_lookup_fuzzy,0.754,0.724,0.744,TRUE,2026-04-07T09:21:17.880566+00:00
HOOPS MASALA CRISPS POTATO CHIPS,14,,160,,,,,,Food,,UNRESOLVED,UNRESOLVED,Unknown,unresolved,0,0,0,TRUE,2026-04-07T09:21:17.880566+00:00
HOOPS PEANUT BAR,56,34,497,100,5,,,,Food,Peanuts,UNRESOLVED,UNRESOLVED,Unknown,unresolved,0,0,0,TRUE,2026-04-07T09:21:17.880566+00:00
HOOPS SALT AND VINEGAR CRISPS POTATO CHIPS,12,,135,,1,,,,Food,"Salt, Vinegar",SWEET AND SAVOURY SNACKS,POTATO CRISPS,Ultra-processed foods,simulated_lookup_fuzzy,0.754,0.724,0.744,TRUE,2026-04-07T09:21:17.880566+00:00
HOOPS SALTED CRISPS POTATO CHIPS,25,,220,,1,0.13,,,Food,,SWEET AND SAVOURY SNACKS,POTATO CRISPS,Ultra-processed foods,simulated_lookup_fuzzy,0.764,0.734,0.754,TRUE,2026-04-07T09:21:17.880566+00:00
HOOPS SESAME BAR,50,31,516,100,8,0.167,,,Food,Sesame,UNRESOLVED,UNRESOLVED,Unknown,unresolved,0,0,0,TRUE,2026-04-07T09:21:17.880566+00:00
HOSEN PURE HONEY,325,1359.8,,80,1,,,,Honey,Liquid,UNRESOLVED,UNRESOLVED,Unknown,unresolved,0,0,0,TRUE,2026-04-07T09:21:17.880566+00:00
HOSEN WHOLE PEELED TOMATOES,27,112.96,1,4,3,,,,Peeled Tomato,Solid,UNRESOLVED,UNRESOLVED,Unknown,unresolved,0,0,0,TRUE,2026-04-07T09:21:17.880566+00:00
HOSTESS MAIZE FLOUR,351,1491,7.8,77.7,0.5,0.8,1,,Maize Meal Flour,Powder,UNRESOLVED,UNRESOLVED,Unknown,unresolved,0,0,0,TRUE,2026-04-07T09:21:17.880566+00:00
HP ORIGINAL SAUCE,121.89,510,0.9,28.3,23.1,0.1,,0.512,Sauce,Paste,UNRESOLVED,UNRESOLVED,Unknown,unresolved,0,0,0,TRUE,2026-04-07T09:21:17.880566+00:00
HSUFUCHI SACHIMA FLOUR CAKE WITH EGG,509,2133,7.9,54.9,22.2,28.8,0,,Flour Cake,Powder,UNRESOLVED,UNRESOLVED,Unknown,unresolved,0,0,0,TRUE,2026-04-07T09:21:17.880566+00:00
INDIAN SAVOURY METHI PURI,567,2372,6.03,50.21,0.84,37.99,1.86,0.1982,Methi Puri,Solid,UNRESOLVED,UNRESOLVED,Unknown,unresolved,0,0,0,TRUE,2026-04-07T09:21:17.880566+00:00
INDIAN SAVOURY POTATO CRISPS,552,2309,7.3,55,1.1,33.5,3.7,0.81,Potato Crisps,Solid,UNRESOLVED,UNRESOLVED,Unknown,unresolved,0,0,0,TRUE,2026-04-07T09:21:17.880566+00:00
INDOMIE BEEF INSTANT NOODLES,,,,,,,,,,,UNRESOLVED,UNRESOLVED,Unknown,unresolved,0,0,0,TRUE,2026-04-07T09:21:17.880566+00:00
INDOMIE BEEF INSTANT NOODLES X 5 PIECES,,,,,,,,,,,UNRESOLVED,UNRESOLVED,Unknown,unresolved,0,0,0,TRUE,2026-04-07T09:21:17.880566+00:00
INDOMIE SUPA MOJO INSTANT NOODLES,,,,,,,,,,,NOODLES,NOODLES,Ultra-processed foods,simulated_lookup_fuzzy,0.862,0.832,0.852,FALSE,2026-04-07T09:21:17.880566+00:00
INDOMIE SUPA MOJO INSTANT NOODLES X 5 PIECES,,,,,,,,,,,NOODLES,NOODLES,Ultra-processed foods,simulated_lookup_fuzzy,0.727,0.697,0.717,TRUE,2026-04-07T09:21:17.880566+00:00
JACOBSEN SCENES OF EUROPE BUTTER BISCUIT,360.6,1508.75,9.2,78.19,,1,,0,Biscuit,Solid,UNRESOLVED,UNRESOLVED,Unknown,unresolved,0,0,0,TRUE,2026-04-07T09:21:17.880566+00:00
JACOBSENES ORIGINAL BUTTER AND CHOCO CHIP COOKIES,481,2012,7,68,29,21.1,2,0.444,Cookies,Solid,UNRESOLVED,UNRESOLVED,Unknown,unresolved,0,0,0,TRUE,2026-04-07T09:21:17.880566+00:00
JACOBSENS BAKERY CLASSIC SANTA COOKIES,479,2004,5,62,23,23,,,Cookies,Solid,UNRESOLVED,UNRESOLVED,Unknown,unresolved,0,0,0,TRUE,2026-04-07T09:21:17.880566+00:00
JACOBSENS CHRISTMAS CARAMEL CHOCOLATE COOKIES,,,,,,,,,,,UNRESOLVED,UNRESOLVED,Unknown,unresolved,0,0,0,TRUE,2026-04-07T09:21:17.880566+00:00
JACOBSENS CHRISTMAS TINS ASSORTED,,,,,,,,,,,UNRESOLVED,UNRESOLVED,Unknown,unresolved,0,0,0,TRUE,2026-04-07T09:21:17.880566+00:00
JACOBSENS M P CHOCOLATE CHIP COOKIES,,,,,,,,,,,"COOKIES, BISCUITS AND WAFERS",COOKIES,Ultra-processed foods,simulated_lookup_fuzzy,0.733,0.703,0.723,TRUE,2026-04-07T09:21:17.880566+00:00
JADE BRIDGE FISH SAUCE,20,83.68,4.4,0.3,,0,,8.21,Fish Sauce,Paste,UNRESOLVED,UNRESOLVED,Unknown,unresolved,0,0,0,TRUE,2026-04-07T09:21:17.880566+00:00
JADE BRIDGE HOI SIN SAUCE,,,,,,,,,Hoisin Sauce,Liquid,UNRESOLVED,UNRESOLVED,Unknown,unresolved,0,0,0,TRUE,2026-04-07T09:21:17.880566+00:00
JADE BRIDGE SUPER LIGHT SOYA SAUCE,20,83.6,2,2,,,,6.7,Sauce,Liquid,COOKING SAUCES,SOY SAUCE,Ultra-processed foods,simulated_lookup_fuzzy,0.742,0.712,0.732,TRUE,2026-04-07T09:21:17.880566+00:00
JADE BRIDGE SUPERIOR DARK SOY SAUCE,,,,,,,,,Sauce,Paste,COOKING SAUCES,SOY SAUCE,Ultra-processed foods,simulated_lookup_fuzzy,0.806,0.776,0.796,TRUE,2026-04-07T09:21:17.880566+00:00
JAHAZI PREMIUM MAIZE FLOUR,,,,,,,,,Maize Flour,Powder,UNRESOLVED,UNRESOLVED,Unknown,unresolved,0,0,0,TRUE,2026-04-07T09:21:17.880566+00:00
JAKE FUNNY SOUR PENCILS STRAWBERRY CANDY,383,1602,2.2,85,62,2.9,,,Candy,Solid,UNRESOLVED,UNRESOLVED,Unknown,unresolved,0,0,0,TRUE,2026-04-07T09:21:17.880566+00:00
JAKE JELLY MANIA CLASSIC MIX GUMMY CANDY,336,1406,4.1,80,62,0,,,Candy,Solid,UNRESOLVED,UNRESOLVED,Unknown,unresolved,0,0,0,TRUE,2026-04-07T09:21:17.880566+00:00
JAKE JELLY MANIA SHARKS GUMMIES CANDY,76,55,327,100,,,,,Food,,UNRESOLVED,UNRESOLVED,Unknown,unresolved,0,0,0,TRUE,2026-04-07T09:21:17.880566+00:00
JAKE MINTS PEPPERMINT,,,,,,,,,,,UNRESOLVED,UNRESOLVED,Unknown,unresolved,0,0,0,TRUE,2026-04-07T09:21:17.880566+00:00
JAKE MINTS S/M FLAVORED CANDY,,,,,,,,,,,UNRESOLVED,UNRESOLVED,Unknown,unresolved,0,0,0,TRUE,2026-04-07T09:21:17.880566+00:00
JAKE PINEAPPLE CANDY,327,1389,4.3,76,55,0.5,,,Candy,Solid,UNRESOLVED,UNRESOLVED,Unknown,unresolved,0,0,0,TRUE,2026-04-07T09:21:17.880566+00:00
JAKE SOUR WILD STRAWBERRIES CANDY,340,1423,4,79,61,0,,,Candy,Solid,UNRESOLVED,UNRESOLVED,Unknown,unresolved,0,0,0,TRUE,2026-04-07T09:21:17.880566+00:00
JAKE TEDDY BEARS CANDY,313,1307,5,72,51,,,,Candy,Solid,UNRESOLVED,UNRESOLVED,Unknown,unresolved,0,0,0,TRUE,2026-04-07T09:21:17.880566+00:00
JAKE VITAMIN CANDY COCONUT BLCKCURRANT,,,,,,,,,,,UNRESOLVED,UNRESOLVED,Unknown,unresolved,0,0,0,TRUE,2026-04-07T09:21:17.880566+00:00
JAKE VITAMIN CANDY LIME WITH GREEN TEA,,,,,,,,,,,UNRESOLVED,UNRESOLVED,Unknown,unresolved,0,0,0,TRUE,2026-04-07T09:21:17.880566+00:00
JAKE VITAMIN CANDY PEACH,,,,,,,,,,,UNRESOLVED,UNRESOLVED,Unknown,unresolved,0,0,0,TRUE,2026-04-07T09:21:17.880566+00:00
JAKE VITAMINCANDY JABUKA CANDY,,,,,,,,,,,UNRESOLVED,UNRESOLVED,Unknown,unresolved,0,0,0,TRUE,2026-04-07T09:21:17.880566+00:00
JAKEMANS BLACKCURRANT SOOTHING MENTHOL LOZENGES,398,1690,,98.3,73.8,0.5,,,Lozenges,Solid,UNRESOLVED,UNRESOLVED,Unknown,unresolved,0,0,0,TRUE,2026-04-07T09:21:17.880566+00:00
JAKEMANS BLUEBERRY SOOTHING MENTHOL LOZENGES,398,1690,,98.3,73.8,0.5,,,Lozenges,Solid,UNRESOLVED,UNRESOLVED,Unknown,unresolved,0,0,0,TRUE,2026-04-07T09:21:17.880566+00:00
JAKEMANS CHERRY SOOTHING MENTHOL LOZENGES,398,1690,,98.3,73.8,0.5,,,Lozenges,Solid,UNRESOLVED,UNRESOLVED,Unknown,unresolved,0,0,0,TRUE,2026-04-07T09:21:17.880566+00:00
JAKEMANS HONEY AND LEMON SOOTHING MENTHOL LOZENGES,401,1705,,99.4,77.1,0.4,,,Lozenges,Solid,UNRESOLVED,UNRESOLVED,Unknown,unresolved,0,0,0,TRUE,2026-04-07T09:21:17.880566+00:00
JAKEMANS PEPPERMINT SOOTHING MENTHOL LOZENGES,402,1708,,98.7,80.4,0.8,,,Lozenges,Solid,UNRESOLVED,UNRESOLVED,Unknown,unresolved,0,0,0,TRUE,2026-04-07T09:21:17.880566+00:00
JAKEMANS THROAT CHEST SOOTHING MENTHOL LOZENGES,401,1705,,99.2,77.1,0.5,,,Lozenges,Solid,UNRESOLVED,UNRESOLVED,Unknown,unresolved,0,0,0,TRUE,2026-04-07T09:21:17.880566+00:00
JAPANESE MAOXIN GOLD STAMPED WHITE GINGER SOUR SWEET SUSHI,174.5,730.1,3.9,19,3.5,9.5,1.6,0.2685,Sushi,Solid,UNRESOLVED,UNRESOLVED,Unknown,unresolved,0,0,0,TRUE,2026-04-07T09:21:17.880566+00:00
JAVA CARAMEL FLAVOURED SYRUP,,,,,,,,,,,UNRESOLVED,UNRESOLVED,Unknown,unresolved,0,0,0,TRUE,2026-04-07T09:21:17.880566+00:00
JAVA CINNAMON COOKIES,350,1460,10,40,30,10,0,,Cookies,Solid,UNRESOLVED,UNRESOLVED,Unknown,unresolved,0,0,0,TRUE,2026-04-07T09:21:17.880566+00:00
JAVA COCONUT FLAVOURED SYRUP,,,,,,,,,,,UNRESOLVED,UNRESOLVED,Unknown,unresolved,0,0,0,TRUE,2026-04-07T09:21:17.880566+00:00
JAVA CRISPY CHOCOLATE GRANOLA BAR,565,2363,26,55,22,26,3,,Granola Bar,Solid,UNRESOLVED,UNRESOLVED,Unknown,unresolved,0,0,0,TRUE,2026-04-07T09:21:17.880566+00:00
JAVA EAST AFRICA BLEND COFFEE BEANS,2.4,10.0416,0.3,0,0,0.1,0,0.0047,Coffee Beans,Solid,UNRESOLVED,UNRESOLVED,Unknown,unresolved,0,0,0,TRUE,2026-04-07T09:21:17.880566+00:00
JAVA ESPRESSO COFFEE BEANS,2.4,10.0416,0.3,0,0,0.1,0,0.0047,Coffee Beans,Solid,UNRESOLVED,UNRESOLVED,Unknown,unresolved,0,0,0,TRUE,2026-04-07T09:21:17.880566+00:00
JAVA ETHIOPIAN YIRGACHEFFE COFFEE BEANS,2.4,10.0416,0.3,0,0,0.1,0,0.0047,Coffee Beans,Solid,UNRESOLVED,UNRESOLVED,Unknown,unresolved,0,0,0,TRUE,2026-04-07T09:21:17.880566+00:00
JAVA GINGER LEMON COOKIES,510,2133,7.75,61.07,19.07,26.16,0.93,,Cookies,Solid,UNRESOLVED,UNRESOLVED,Unknown,unresolved,0,0,0,TRUE,2026-04-07T09:21:17.880566+00:00
JAVA HAZELNUT FLAVOURED SYRUP,,,,,,,,,,,UNRESOLVED,UNRESOLVED,Unknown,unresolved,0,0,0,TRUE,2026-04-07T09:21:17.880566+00:00
JAVA HOUSE ARABICA KENYA BLEND GROUND COFFEE,33,138,1.5,1.69,,0.9,,,Ground Coffee,Powder,UNRESOLVED,UNRESOLVED,Unknown,unresolved,0,0,0,TRUE,2026-04-07T09:21:17.880566+00:00
JAVA HOUSE CHOCOLATE CHIP COOKIES,214,895.37,2.8,5,4,2.6,,,Cookies,Solid,"COOKIES, BISCUITS AND WAFERS",COOKIES,Ultra-processed foods,simulated_lookup_fuzzy,0.737,0.707,0.727,TRUE,2026-04-07T09:21:17.880566+00:00
JAVA HOUSE CRISPY CRUNCHY GRANOLA CEREAL,565,2363,26,55,22,26,3,,Cereal,Solid,UNRESOLVED,UNRESOLVED,Unknown,unresolved,0,0,0,TRUE,2026-04-07T09:21:17.880566+00:00
JAVA HOUSE EAST AFRICAN BLEND MEDIUM ROAST MEDIUM GROUND COFFEE,,,,,,,,,Ground Coffee,Powder,UNRESOLVED,UNRESOLVED,Unknown,unresolved,0,0,0,TRUE,2026-04-07T09:21:17.880566+00:00
JAVA HOUSE ESPRESSO RICE CARAMEL CHOCOLATE HAND ROASTED GROUND COFFEE,,,,,,,,,Ground Coffee,Powder,UNRESOLVED,UNRESOLVED,Unknown,unresolved,0,0,0,TRUE,2026-04-07T09:21:17.880566+00:00
JAVA HOUSE ETHIOPIAN YIRGACHEFFE FLORAL APRICOT CRISP HAND ROASTED GROUND COFFEE,,,,,,,,,Ground Coffee,Powder,UNRESOLVED,UNRESOLVED,Unknown,unresolved,0,0,0,TRUE,2026-04-07T09:21:17.880566+00:00
JAVA HOUSE GINGER LEMON COOKIES,510,2136,7.75,61.07,19.07,26.16,0.93,,,,UNRESOLVED,UNRESOLVED,Unknown,unresolved,0,0,0,TRUE,2026-04-07T09:21:17.880566+00:00
JAVA HOUSE KENYA AA COFFEE BEANS,0.884956,3.53982,,,,,,0.00176991,,,UNRESOLVED,UNRESOLVED,Unknown,unresolved,0,0,0,TRUE,2026-04-07T09:21:17.880566+00:00
JAVA HOUSE KENYA AA GROUND COFFEE,33,138,1.5,1.69,0,0.9,,,,,UNRESOLVED,UNRESOLVED,Unknown,unresolved,0,0,0,TRUE,2026-04-07T09:21:17.880566+00:00
JAVA HOUSE LOVE COOKIES,494.444,2068.76,,57.7778,16.6667,25.5556,6.66667,,Cookies,Solid,UNRESOLVED,UNRESOLVED,Unknown,unresolved,0,0,0,TRUE,2026-04-07T09:21:17.880566+00:00
JAVA HOUSE MACADAMIA NUT COOKIES,160,669.333,8.66667,17.6667,,8.66667,,,,,UNRESOLVED,UNRESOLVED,Unknown,unresolved,0,0,0,TRUE,2026-04-07T09:21:17.880566+00:00
JAVA HOUSE OATS AND RAISINS COOKIES,470,1966.48,7.4,64.6,25.8,20.2,3.3,0.1437,Cookies,Solid,UNRESOLVED,UNRESOLVED,Unknown,unresolved,0,0,0,TRUE,2026-04-07T09:21:17.880566+00:00
JAVA HOUSE PINACOLADA EGGLESS COOKIES,,,,,,,,,Cookies,Solid,UNRESOLVED,UNRESOLVED,Unknown,unresolved,0,0,0,TRUE,2026-04-07T09:21:17.880566+00:00
JAVA HOUSE RWANDA LAKE KIVU COFFEE BEANS,,,,,,,,,,,UNRESOLVED,UNRESOLVED,Unknown,unresolved,0,0,0,TRUE,2026-04-07T09:21:17.880566+00:00
JAVA HOUSE TROPICAL CRUNCH GRANOLA CEREAL,431,1808,10,64,29,14.7,5,0.294,Cereal,Solid,UNRESOLVED,UNRESOLVED,Unknown,unresolved,0,0,0,TRUE,2026-04-07T09:21:17.880566+00:00
JAVA HOUSE UGANDA KIGEZI SPECIAL SWEET CITRUS LIVELY ROASTED GROUND COFFEE,6.66667,27.8933,,,,,,,Ground Coffee,Powder,UNRESOLVED,UNRESOLVED,Unknown,unresolved,0,0,0,TRUE,2026-04-07T09:21:17.880566+00:00
JAVA KENYA BLUE BLEND BEANS,2.4,10.0416,0.4,0,0,,0.01,0.0047,Coffee Beans,Solid,UNRESOLVED,UNRESOLVED,Unknown,unresolved,0,0,0,TRUE,2026-04-07T09:21:17.880566+00:00
JAVA KENYA BLUE BLEND GROUND,33,138,1.5,1.6,,0.9,,,Ground Coffee,Powder,UNRESOLVED,UNRESOLVED,Unknown,unresolved,0,0,0,TRUE,2026-04-07T09:21:17.880566+00:00
JAVA MACADAMIA NUT COOKIE,160,669.333,8.66667,17.6667,,8.66667,,,Cookies,Solid,UNRESOLVED,UNRESOLVED,Unknown,unresolved,0,0,0,TRUE,2026-04-07T09:21:17.880566+00:00
JAVA RWANDA LAKE KIVU COFFEE,,,,,,,,,,,UNRESOLVED,UNRESOLVED,Unknown,unresolved,0,0,0,TRUE,2026-04-07T09:21:17.880566+00:00
JAVA TOFFEE NUT FLAV SYRUP,,,,,,,,,,,UNRESOLVED,UNRESOLVED,Unknown,unresolved,0,0,0,TRUE,2026-04-07T09:21:17.880566+00:00
JAVA UGANDA KIGEZI SPECIAL COFFEE BEANS,2.4,10.0416,0.3,0,0,0.1,0,0.0047,Coffee Beans,Solid,UNRESOLVED,UNRESOLVED,Unknown,unresolved,0,0,0,TRUE,2026-04-07T09:21:17.880566+00:00
JAWBREAKER 4 BALLS FRENZY SWEE65,380,1588,0,79.1,72.2,5.7,4,0,,,UNRESOLVED,UNRESOLVED,Unknown,unresolved,0,0,0,TRUE,2026-04-07T09:21:17.880566+00:00
JAWBREAKER EMOTI BALL STICK SWEET LOLLIPOP,394,1648.5,0,98,62.6,0.2,0,0.038,Lollipop,Solid,UNRESOLVED,UNRESOLVED,Unknown,unresolved,0,0,0,TRUE,2026-04-07T09:21:17.880566+00:00
JAWBREAKER JUMBO,,,,,,,,,,,UNRESOLVED,UNRESOLVED,Unknown,unresolved,0,0,0,TRUE,2026-04-07T09:21:17.880566+00:00
JAWBREAKER MAMMOUTH POP,,,,,,,,,360kcal,79g,UNRESOLVED,UNRESOLVED,Unknown,unresolved,0,0,0,TRUE,2026-04-07T09:21:17.880566+00:00
JAWBREAKER STRAWBERRY TORNADO POP,370,1572,,89,85,1.6,,,Tornado Pop,Solid,UNRESOLVED,UNRESOLVED,Unknown,unresolved,0,0,0,TRUE,2026-04-07T09:21:17.880566+00:00
JAWBREAKER TORNADO POP SOURBLU33,390.977,1636.09,0,87.218,84.2105,3.00752,0,0,Bubble Gum,Solid,UNRESOLVED,UNRESOLVED,Unknown,unresolved,0,0,0,TRUE,2026-04-07T09:21:17.880566+00:00
JAWBREAKER TROPICAL CANDY,370,1572,0,89,85,1.6,,,,,UNRESOLVED,UNRESOLVED,Unknown,unresolved,0,0,0,TRUE,2026-04-07T09:21:17.880566+00:00
JELIDO SOUR COLA JELLY,,,,,,,,,,,UNRESOLVED,UNRESOLVED,Unknown,unresolved,0,0,0,TRUE,2026-04-07T09:21:17.880566+00:00
JELLY POP READY TO EAT BLACKCURRANT JELLY,9,37.656,0,1,1,0,0,0.35,Blackcurrant Jelly,Jelly,UNRESOLVED,UNRESOLVED,Unknown,unresolved,0,0,0,TRUE,2026-04-07T09:21:17.880566+00:00
JELLY POP READY TO EAT PINEAPPLE JELLY,9,37.656,0,1,1,0,0,0.35,Pineapple Jelly,Jelly,UNRESOLVED,UNRESOLVED,Unknown,unresolved,0,0,0,TRUE,2026-04-07T09:21:17.880566+00:00
JELLY POP READY TO EAT STRAWBERRY JELLY,9,37.656,0,1,1,0,0,0.35,Strawberry Jelly,Jelly,UNRESOLVED,UNRESOLVED,Unknown,unresolved,0,0,0,TRUE,2026-04-07T09:21:17.880566+00:00
JELLY TOTS CRAZI BERRIES,351,1470,0,87.9,77.9,0,,0.073,Jelly,Solid,UNRESOLVED,UNRESOLVED,Unknown,unresolved,0,0,0,TRUE,2026-04-07T09:21:17.880566+00:00
JELLY TOTS ORIGINAL,273,1142,0.1,68,49.7,0,0,0.045,Jelly,Solid,UNRESOLVED,UNRESOLVED,Unknown,unresolved,0,0,0,TRUE,2026-04-07T09:21:17.880566+00:00
JIANGMEN RICE STICKS,356,1514,7,80.3,0,0.8,0.8,0.02,Rice Sticks,Solid,UNRESOLVED,UNRESOLVED,Unknown,unresolved,0,0,0,TRUE,2026-04-07T09:21:17.880566+00:00
JIMCY BANANA CRISPS,519,2171.5,2.3,58,35,34,,,Banana Crisps,Solid,UNRESOLVED,UNRESOLVED,Unknown,unresolved,0,0,0,TRUE,2026-04-07T09:21:17.880566+00:00
JIMCY CASHEWNUTS,553,2313,18,30,6,44,3.3,0.012,Cashewnuts,Solid,UNRESOLVED,UNRESOLVED,Unknown,unresolved,0,0,0,TRUE,2026-04-07T09:21:17.880566+00:00
JIMCY FRIED PEANUTS,666.667,2766.67,16.6667,20,3.33333,56.6667,,0.633333,Fried Peanuts,Solid,UNRESOLVED,UNRESOLVED,Unknown,unresolved,0,0,0,TRUE,2026-04-07T09:21:17.880566+00:00
JIMCY MASALA PEANUTS,,,,,,,,,,,UNRESOLVED,UNRESOLVED,Unknown,unresolved,0,0,0,TRUE,2026-04-07T09:21:17.880566+00:00
JIMCY POPCORN,150,627.6,2,17,1,8,2,0.24,Popcorn,Solid,UNRESOLVED,UNRESOLVED,Unknown,unresolved,0,0,0,TRUE,2026-04-07T09:21:17.880566+00:00
JIMCY RAW ALMONDS,,,,,,,,,,,UNRESOLVED,UNRESOLVED,Unknown,unresolved,0,0,0,TRUE,2026-04-07T09:21:17.880566+00:00
JIMCY ROASTED MACADAMIA,716,2995.74,7.8,13,4.1,76,8,,Macadamia,Solid,UNRESOLVED,UNRESOLVED,Unknown,unresolved,0,0,0,TRUE,2026-04-07T09:21:17.880566+00:00
JIMCY ROASTED PEANUTS,,,,,,,,,,,SALTED/SUGARED NUTS,SALTED PEANUTS,Processed foods,simulated_lookup_fuzzy,0.744,0.714,0.734,TRUE,2026-04-07T09:21:17.880566+00:00
JIMCY ROASTED PISTACHIOS,557,2376.51,20.61,27.97,7.64,44.44,10.3,0.001,Roasted Pistachios,Solid,UNRESOLVED,UNRESOLVED,Unknown,unresolved,0,0,0,TRUE,2026-04-07T09:21:17.880566+00:00
JIMCY SKINNED PEANUTS,,,,,,,,,,,UNRESOLVED,UNRESOLVED,Unknown,unresolved,0,0,0,TRUE,2026-04-07T09:21:17.880566+00:00
JIMS COFFEE THAI ARABICA 8OZ,,,,,,,,,,,UNRESOLVED,UNRESOLVED,Unknown,unresolved,0,0,0,TRUE,2026-04-07T09:21:17.880566+00:00
JIMS COFFEE THAI CAPPUCCINO 8OZ,,,,,,,,,,,UNRESOLVED,UNRESOLVED,Unknown,unresolved,0,0,0,TRUE,2026-04-07T09:21:17.880566+00:00
JIMS COFFEE THAI CARAMEL 8OZ,,,,,,,,,,,UNRESOLVED,UNRESOLVED,Unknown,unresolved,0,0,0,TRUE,2026-04-07T09:21:17.880566+00:00
JIMS COFFEE THAI HAZELNUT 8OZ,,,,,,,,,,,UNRESOLVED,UNRESOLVED,Unknown,unresolved,0,0,0,TRUE,2026-04-07T09:21:17.880566+00:00
JIMS COFFEE THAI MOCHA 8OZ,,,,,,,,,,,UNRESOLVED,UNRESOLVED,Unknown,unresolved,0,0,0,TRUE,2026-04-07T09:21:17.880566+00:00
JIN RAMEN MILD NOODLES,415,1740,12,65.8,3.3,12.5,,1.57,Noodles,Solid,UNRESOLVED,UNRESOLVED,Unknown,unresolved,0,0,0,TRUE,2026-04-07T09:21:17.880566+00:00
JIU JIUWANG CRAZY ROLLZ FRUIT BUBBLE GUM,305,1276,0,76,,0,,,Bubble Gum,Solid,UNRESOLVED,UNRESOLVED,Unknown,unresolved,0,0,0,TRUE,2026-04-07T09:21:17.880566+00:00
JOE & SEPH SALTED CARMEL CHEESE CAKE SAUCE,476,1994,1.7,65.5,65.5,23.3,,,,,UNRESOLVED,UNRESOLVED,Unknown,unresolved,0,0,0,TRUE,2026-04-07T09:21:17.880566+00:00
JOE & SEPH SPECULOOS CARMEL SAUCE,538,2247,1.2,58.8,58.8,35.3,,,,,UNRESOLVED,UNRESOLVED,Unknown,unresolved,0,0,0,TRUE,2026-04-07T09:21:17.880566+00:00
JOE & SEPH'S CAPUCINO CARMEL SAUCE,540,2255,1.9,57.1,56.8,36,,,,,UNRESOLVED,UNRESOLVED,Unknown,unresolved,0,0,0,TRUE,2026-04-07T09:21:17.880566+00:00
JOE & SEPH'S CHOCOLATE CARAMEL SAUCE,545,2274,1.7,58.7,58.4,35.7,,,,,UNRESOLVED,UNRESOLVED,Unknown,unresolved,0,0,0,TRUE,2026-04-07T09:21:17.880566+00:00
JOE & SEPH'S PIE CARAMEL SAUCE,397,1655,0.9,41.7,40.2,26.5,,,,,UNRESOLVED,UNRESOLVED,Unknown,unresolved,0,0,0,TRUE,2026-04-07T09:21:17.880566+00:00
JOE & SEPH'S STICKY TOFFEE SAUCE,545,2275,1.2,59.6,59.6,35.7,,,,,UNRESOLVED,UNRESOLVED,Unknown,unresolved,0,0,0,TRUE,2026-04-07T09:21:17.880566+00:00
JOE & SEPH'S TOFFEE APLE & CINNAMON SAUCE,555,2311,1.3,52.9,52.8,39.2,,,,,UNRESOLVED,UNRESOLVED,Unknown,unresolved,0,0,0,TRUE,2026-04-07T09:21:17.880566+00:00
JOGOO MAIZE MEAL FORTIFIED WITH VITAMINS AND MINERALS,,,,,,,,,,,UNRESOLVED,UNRESOLVED,Unknown,unresolved,0,0,0,TRUE,2026-04-07T09:21:17.880566+00:00
JOGOO MAIZE MEAL FORTIFIED WITH VITAMINS MINERALS,,,,,,,,,,,UNRESOLVED,UNRESOLVED,Unknown,unresolved,0,0,0,TRUE,2026-04-07T09:21:17.880566+00:00
JOGOO WIMBI MEAL,,,,,,,,,,,RED MILLET FLOUR,RED MILLET FLOUR,Unprocessed/Minimally processed foods,simulated_lookup_fuzzy,0.815,0.785,0.805,TRUE,2026-04-07T09:21:17.880566+00:00
JOOZ APPLE JUICE,,,,,,,,,,,UNRESOLVED,UNRESOLVED,Unknown,unresolved,0,0,0,TRUE,2026-04-07T09:21:17.880566+00:00
JOOZ ORANGE JUICE,50,209,1,13,10,,,0.01,,,UNRESOLVED,UNRESOLVED,Unknown,unresolved,0,0,0,TRUE,2026-04-07T09:21:17.880566+00:00
JORDANS COUNTY CRISP HONEY NUT,,,,,,,,,,,UNRESOLVED,UNRESOLVED,Unknown,unresolved,0,0,0,TRUE,2026-04-07T09:21:17.880566+00:00
JORDANS COUNTY CRISP OAT DARK CHOCO,,,,,,,,,,,UNRESOLVED,UNRESOLVED,Unknown,unresolved,0,0,0,TRUE,2026-04-07T09:21:17.880566+00:00
JORDANS COUNTY CRISP OAT RASPBERRY,,,,,,,,,,,UNRESOLVED,UNRESOLVED,Unknown,unresolved,0,0,0,TRUE,2026-04-07T09:21:17.880566+00:00
JORDANS COUNTY CRISP OAT STRAWBRRY,,,,,,,,,,,UNRESOLVED,UNRESOLVED,Unknown,unresolved,0,0,0,TRUE,2026-04-07T09:21:17.880566+00:00
JORDANS COUNTY CRISP OATS RAISIN,,,,,,,,,,,UNRESOLVED,UNRESOLVED,Unknown,unresolved,0,0,0,TRUE,2026-04-07T09:21:17.880566+00:00
JORDANS COUNTY CRISP SUPERBERRY,,,,,,,,,,,UNRESOLVED,UNRESOLVED,Unknown,unresolved,0,0,0,TRUE,2026-04-07T09:21:17.880566+00:00
JORDANS COUNTY OAT PORRIDGE,,,,,,,,,,,UNRESOLVED,UNRESOLVED,Unknown,unresolved,0,0,0,TRUE,2026-04-07T09:21:17.880566+00:00
JORDANS FRUSLI CRANBERRY APPLE CEREAL,,,,,,,,,,,UNRESOLVED,UNRESOLVED,Unknown,unresolved,0,0,0,TRUE,2026-04-07T09:21:17.880566+00:00
JORDANS FRUSLI RAISIN HAZELNUT CEREAL,,,,,,,,,,,UNRESOLVED,UNRESOLVED,Unknown,unresolved,0,0,0,TRUE,2026-04-07T09:21:17.880566+00:00
JORDANS NUTURAL MUESLI FRUIT & NUT,,,,,,,,,,,UNRESOLVED,UNRESOLVED,Unknown,unresolved,0,0,0,TRUE,2026-04-07T09:21:17.880566+00:00
JORDANS ORGANIC OAT PORRIDGE,379,1596,12.5,61.9,1,7.2,8.1,,,,UNRESOLVED,UNRESOLVED,Unknown,unresolved,0,0,0,TRUE,2026-04-07T09:21:17.880566+00:00
JORDANS SUPER BERRY GRANOLA,,,,,,,,,,,UNRESOLVED,UNRESOLVED,Unknown,unresolved,0,0,0,TRUE,2026-04-07T09:21:17.880566+00:00
JORDANS SUPER FRUITY GRANOLA,,,,,,,,,,,UNRESOLVED,UNRESOLVED,Unknown,unresolved,0,0,0,TRUE,2026-04-07T09:21:17.880566+00:00
JORDANS SUPER NUTTY GRANOLA,,,,,,,,,,,UNRESOLVED,UNRESOLVED,Unknown,unresolved,0,0,0,TRUE,2026-04-07T09:21:17.880566+00:00
JOSH BUTTER CASHEW COOKIES,,,,,,,,,,,"COOKIES, BISCUITS AND WAFERS",COOKIES,Ultra-processed foods,simulated_lookup_fuzzy,0.807,0.777,0.797,TRUE,2026-04-07T09:21:17.880566+00:00
JOSH COCONUT COOKIES,,,,,,,,,,,"COOKIES, BISCUITS AND WAFERS",COOKIES,Ultra-processed foods,simulated_lookup_fuzzy,0.769,0.739,0.759,TRUE,2026-04-07T09:21:17.880566+00:00
JOSH DOUBLE CHOCOLATE COOKIES,482,2016.69,6,65,38,22,2,0.268,Cookies,Solid,UNRESOLVED,UNRESOLVED,Unknown,unresolved,0,0,0,TRUE,2026-04-07T09:21:17.880566+00:00
JOSH GINGER HONEY COOKIES,,,,,,,,,,,UNRESOLVED,UNRESOLVED,Unknown,unresolved,0,0,0,TRUE,2026-04-07T09:21:17.880566+00:00
JOSH MILK COOKIES,472,1975,7.8,72,26.5,17,0,0,Cookies,Solid,UNRESOLVED,UNRESOLVED,Unknown,unresolved,0,0,0,TRUE,2026-04-07T09:21:17.880566+00:00
JOSH ORANGE CHOCOLATE COOKIES,465,1945.56,6.7,71.3,,17,1.87,,Cookies,Solid,"COOKIES, BISCUITS AND WAFERS",COOKIES,Ultra-processed foods,simulated_lookup_fuzzy,0.774,0.744,0.764,TRUE,2026-04-07T09:21:17.880566+00:00
JUICY DROP POP RASPBERRY COLA,,,,,,,,,,,UNRESOLVED,UNRESOLVED,Unknown,unresolved,0,0,0,TRUE,2026-04-07T09:21:17.880566+00:00
JUO BLACKCURRENT JUICE,,,,,,,,,,Liquid,UNRESOLVED,UNRESOLVED,Unknown,unresolved,0,0,0,TRUE,2026-04-07T09:21:17.880566+00:00
JUO ORANGE JUICE,,,,,,,,,,,FRESH/FRUIT JUICES - NO ADDED SUGAR,FRESH/FRUIT JUICES - NO ADDED SUGAR,Unprocessed/Minimally processed foods,simulated_lookup_fuzzy,0.757,0.727,0.747,TRUE,2026-04-07T09:21:17.880566+00:00
JUO TAMARIND JUICE,,,,,,,,,,,UNRESOLVED,UNRESOLVED,Unknown,unresolved,0,0,0,TRUE,2026-04-07T09:21:17.880566+00:00
K C C SUPER FINE GHEE,130,543.92,0.1,,,15,,,Ghee,Puree,UNRESOLVED,UNRESOLVED,Unknown,unresolved,0,0,0,TRUE,2026-04-07T09:21:17.880566+00:00
KAKIRA LIGHT BROWN SUGAR,,,,,,,,,,,UNRESOLVED,UNRESOLVED,Unknown,unresolved,0,0,0,TRUE,2026-04-07T09:21:17.880566+00:00
KAMAL GRAM FLOUR,351,1468.58,18,48,,6,,,,,UNRESOLVED,UNRESOLVED,Unknown,unresolved,0,0,0,TRUE,2026-04-07T09:21:17.880566+00:00
KAMILI'S TOP CHEF TABLE SALT,0,0,0,0,0,0,0,38.758,Table Salt,Solid,UNRESOLVED,UNRESOLVED,Unknown,unresolved,0,0,0,TRUE,2026-04-07T09:21:17.880566+00:00
KANDY KANDY MIXED FRUIT DUMMY,,,,,,,,,,,UNRESOLVED,UNRESOLVED,Unknown,unresolved,0,0,0,TRUE,2026-04-07T09:21:17.880566+00:00
KAPUTEI 1000 ISLANDS SALAD DRESSING,154,644.33,6,12,3,3,2.5,0.252,Salad Dressing,Cream,UNRESOLVED,UNRESOLVED,Unknown,unresolved,0,0,0,TRUE,2026-04-07T09:21:17.880566+00:00
KAPUTEI BARBECUE SAUCE,19,79.496,,4,4,,,,Barbecue Sauce,Paste,UNRESOLVED,UNRESOLVED,Unknown,unresolved,0,0,0,TRUE,2026-04-07T09:21:17.880566+00:00
KAPUTEI BARBEQUE SAUCE,125,523,0.45,29,25,0.7,0.5,0.88,Sauce,Paste,UNRESOLVED,UNRESOLVED,Unknown,unresolved,0,0,0,TRUE,2026-04-07T09:21:17.880566+00:00
KAPUTEI BASIL PASTA SAUCE,50,209.2,1,5,5,2,1,0.05,Sauce,Paste,UNRESOLVED,UNRESOLVED,Unknown,unresolved,0,0,0,TRUE,2026-04-07T09:21:17.880566+00:00
KAPUTEI BASIL PESTO PASTA SAUCE,,,,,,,,,,,UNRESOLVED,UNRESOLVED,Unknown,unresolved,0,0,0,TRUE,2026-04-07T09:21:17.880566+00:00
KAPUTEI BBQ HICKORY SMOKE FLAVO,138.889,580.556,0,36.1111,30.5556,0,0,0.833333,Sauce,Paste,UNRESOLVED,UNRESOLVED,Unknown,unresolved,0,0,0,TRUE,2026-04-07T09:21:17.880566+00:00
KAPUTEI CHIPOTLE DRESSING,30,125.52,0.1,2,2,2.5,,0.08,Dressing,Paste,UNRESOLVED,UNRESOLVED,Unknown,unresolved,0,0,0,TRUE,2026-04-07T09:21:17.880566+00:00
KAPUTEI CORIANDER PESTO,,,,,,,,,,,UNRESOLVED,UNRESOLVED,Unknown,unresolved,0,0,0,TRUE,2026-04-07T09:21:17.880566+00:00
KAPUTEI DRESSING COOL RANCH SAUCE,110,460,12,2,1,0,0,0.29,Sauce,Paste,UNRESOLVED,UNRESOLVED,Unknown,unresolved,0,0,0,TRUE,2026-04-07T09:21:17.880566+00:00
KAPUTEI DRESSING HONEY MUSTARD SAUCE,130,543,0,7,6,11,0,0.12,Sauce,Paste,UNRESOLVED,UNRESOLVED,Unknown,unresolved,0,0,0,TRUE,2026-04-07T09:21:17.880566+00:00
KAPUTEI DRESSING TERIYAKI SAUCE,197,824.24,143,46.35,38.75,0.75,0,0,Sauce,Paste,UNRESOLVED,UNRESOLVED,Unknown,unresolved,0,0,0,TRUE,2026-04-07T09:21:17.880566+00:00
KAPUTEI GARLIC PASTA SAUCE,,,,,,,,,Sauce,Paste,UNRESOLVED,UNRESOLVED,Unknown,unresolved,0,0,0,TRUE,2026-04-07T09:21:17.880566+00:00
KAPUTEI GHERKINS PICKLE,38,158.99,1,7.8,5,0,1.2,0.05,Gherkins Pickle,Solid,UNRESOLVED,UNRESOLVED,Unknown,unresolved,0,0,0,TRUE,2026-04-07T09:21:17.880566+00:00
KAPUTEI HERB VINAIGRETTE DRESSING,,,,,,,,,,,UNRESOLVED,UNRESOLVED,Unknown,unresolved,0,0,0,TRUE,2026-04-07T09:21:17.880566+00:00
KAPUTEI HONEY BARBECUE SAUCE,70,292.88,,17,15,,,0.3,Barbecue Sauce,Paste,UNRESOLVED,UNRESOLVED,Unknown,unresolved,0,0,0,TRUE,2026-04-07T09:21:17.880566+00:00
KAPUTEI HONEY BARBEQUE SAUCE,50,209.2,,14,12,,,0.31,Sauce,Paste,UNRESOLVED,UNRESOLVED,Unknown,unresolved,0,0,0,TRUE,2026-04-07T09:21:17.880566+00:00
KAPUTEI HOT CHILI SAUCE,5,20.92,,1,1,,,0.08,Sauce,Paste,UNRESOLVED,UNRESOLVED,Unknown,unresolved,0,0,0,TRUE,2026-04-07T09:21:17.880566+00:00
KAPUTEI HOT CHILLI SAUCE,5,20.92,,1,1,,,0.08,Hot Chilli Sauce,Paste,TABLE SAUCES,CHILLI/HOT SAUCE,Ultra-processed foods,simulated_lookup_fuzzy,0.75,0.72,0.74,TRUE,2026-04-07T09:21:17.880566+00:00
KAPUTEI HOT PASTA SAUCE,71,297.06,1,6,5,3,1,0.84,Sauce,Paste,UNRESOLVED,UNRESOLVED,Unknown,unresolved,0,0,0,TRUE,2026-04-07T09:21:17.880566+00:00
KAPUTEI HOT PIZZA SAUCE,39.6825,166.032,1.5873,6.34921,3.1746,1.5873,1.5873,0.396825,Sauce,Paste,UNRESOLVED,UNRESOLVED,Unknown,unresolved,0,0,0,TRUE,2026-04-07T09:21:17.880566+00:00
KAPUTEI LASAGNA SAUCE,33.3333,139.367,1.33333,3.66667,2.66667,1.33333,0.333333,0.15,Sauce,Paste,UNRESOLVED,UNRESOLVED,Unknown,unresolved,0,0,0,TRUE,2026-04-07T09:21:17.880566+00:00
KAPUTEI MAYO KETCHUP DRESSING,64,268,12,12,11,0.01,0.36,0,Mayo Ketchup Dressing,Paste,UNRESOLVED,UNRESOLVED,Unknown,unresolved,0,0,0,TRUE,2026-04-07T09:21:17.880566+00:00
KAPUTEI MAYONNAISE,10,5,217,100,,0.766,,,Food,,TABLE SAUCES,MAYONNAISE,Ultra-processed foods,simulated_lookup_fuzzy,0.788,0.758,0.778,TRUE,2026-04-07T09:21:17.880566+00:00
KAPUTEI MAYONNAISE PREMIUM BLEND,10,5,217,100,,0.766,,,Food,,UNRESOLVED,UNRESOLVED,Unknown,unresolved,0,0,0,TRUE,2026-04-07T09:21:17.880566+00:00
KAPUTEI MUSHROOM PASTA SAUCE,64,267.76,1.6,9.6,5.6,1.6,2.4,0.344,Sauce,Paste,UNRESOLVED,UNRESOLVED,Unknown,unresolved,0,0,0,TRUE,2026-04-07T09:21:17.880566+00:00
KAPUTEI MUSTARD SAUCE,98,492,4.2,7.5,,13.4,3.5,0.0028,Mustard Sauce,Paste,UNRESOLVED,UNRESOLVED,Unknown,unresolved,0,0,0,TRUE,2026-04-07T09:21:17.880566+00:00
KAPUTEI NATURAL HONEY,330.952,1380.95,,82.381,80,,,0.0247619,Honey,Liquid,UNRESOLVED,UNRESOLVED,Unknown,unresolved,0,0,0,TRUE,2026-04-07T09:21:17.880566+00:00
KAPUTEI NATURALS HONEY,,,,,,,,,,,UNRESOLVED,UNRESOLVED,Unknown,unresolved,0,0,0,TRUE,2026-04-07T09:21:17.880566+00:00
KAPUTEI ORANGE MARMALADE,,,,,,,,,Marmalade,Paste,JAM/OTHER SPREADS,MARMALADE,Ultra-processed foods,simulated_lookup_fuzzy,0.783,0.753,0.773,TRUE,2026-04-07T09:21:17.880566+00:00
KAPUTEI PASSION FRUIT JAM,50,209.2,,13,,,1,,,,DILUTING JUICE,CORDIALS,Ultra-processed foods,simulated_lookup_fuzzy,0.72,0.69,0.71,TRUE,2026-04-07T09:21:17.880566+00:00
KAPUTEI PASTA CHEESE,,,,,,,,,,,UNRESOLVED,UNRESOLVED,Unknown,unresolved,0,0,0,TRUE,2026-04-07T09:21:17.880566+00:00
KAPUTEI PASTA CHEESE SAUCE,48,200.8,1.6,9.6,4.8,0.8,1.6,0.344,Cheese Sauce,Paste,UNRESOLVED,UNRESOLVED,Unknown,unresolved,0,0,0,TRUE,2026-04-07T09:21:17.880566+00:00
KAPUTEI PASTA SAUCE,48,200.8,1.6,9.6,4.8,0.8,1.6,0.344,Sauce,Paste,UNRESOLVED,UNRESOLVED,Unknown,unresolved,0,0,0,TRUE,2026-04-07T09:21:17.880566+00:00
KAPUTEI PASTA SAUCE BASIL,50,209.2,1,5,5,2,1,0.05,Sauce,Paste,UNRESOLVED,UNRESOLVED,Unknown,unresolved,0,0,0,TRUE,2026-04-07T09:21:17.880566+00:00
KAPUTEI PASTA SAUCE GARLIC,,,,,,,,,Sauce,Paste,UNRESOLVED,UNRESOLVED,Unknown,unresolved,0,0,0,TRUE,2026-04-07T09:21:17.880566+00:00
KAPUTEI PASTA SAUCE REGULAR,48,200.8,1.6,9.6,4.8,0.8,1.6,0.344,Sauce,Paste,UNRESOLVED,UNRESOLVED,Unknown,unresolved,0,0,0,TRUE,2026-04-07T09:21:17.880566+00:00
KAPUTEI PIZZA SAUCE,,,,,,,,,Sauce,Paste,UNRESOLVED,UNRESOLVED,Unknown,unresolved,0,0,0,TRUE,2026-04-07T09:21:17.880566+00:00
KAPUTEI PIZZA SAUCE REGULAR,58.21,243.551,1.79,12.33,8.16,0.19,1.38,0.7,Sauce,Paste,UNRESOLVED,UNRESOLVED,Unknown,unresolved,0,0,0,TRUE,2026-04-07T09:21:17.880566+00:00
KAPUTEI PREMIUM HONEY,,,,,,,,,,,UNRESOLVED,UNRESOLVED,Unknown,unresolved,0,0,0,TRUE,2026-04-07T09:21:17.880566+00:00
KAPUTEI PREMIUM SQUEEZE HONEY,,,,,,,,,,,UNRESOLVED,UNRESOLVED,Unknown,unresolved,0,0,0,TRUE,2026-04-07T09:21:17.880566+00:00
KAPUTEI ROASTED PEPPER PESTO,266,1112,3,5,3,25,2,0.6,Roasted Pepper Pesto,Paste,UNRESOLVED,UNRESOLVED,Unknown,unresolved,0,0,0,TRUE,2026-04-07T09:21:17.880566+00:00
KAPUTEI ROCKET PESTO,,,,,,,,,,,UNRESOLVED,UNRESOLVED,Unknown,unresolved,0,0,0,TRUE,2026-04-07T09:21:17.880566+00:00
KAPUTEI SMOKEY BARBECUE SAUCE,50,209,,13,11,,,0.3,Barbecue Sauce,Paste,UNRESOLVED,UNRESOLVED,Unknown,unresolved,0,0,0,TRUE,2026-04-07T09:21:17.880566+00:00
KAPUTEI SPAGHETTI BOLOGNAISE SAUCE,79,330.536,3.3,10.4,1.6,2.5,0,0.6,,,UNRESOLVED,UNRESOLVED,Unknown,unresolved,0,0,0,TRUE,2026-04-07T09:21:17.880566+00:00
KAPUTEI SPAGHETTI BOLOGNESE SAUCE,79,330.5,3.3,10.4,1.6,2.5,,0.0006,Sauce,Paste,UNRESOLVED,UNRESOLVED,Unknown,unresolved,0,0,0,TRUE,2026-04-07T09:21:17.880566+00:00
KAPUTEI SPAGHETTI SAUCE,,,,,,,,,Sauce,Paste,UNRESOLVED,UNRESOLVED,Unknown,unresolved,0,0,0,TRUE,2026-04-07T09:21:17.880566+00:00
KAPUTEI STRAWBERRY JAM,299,1251.01,0.19,74.5,62.4,0,,0.015,,,JAM/OTHER SPREADS,FRUIT JAM,Ultra-processed foods,simulated_lookup_fuzzy,0.762,0.732,0.752,TRUE,2026-04-07T09:21:17.880566+00:00
KAPUTEI SWEET AND STICKY BARBECUE SAUCE,19,79.496,,4,4,,,,Barbecue Sauce,Paste,UNRESOLVED,UNRESOLVED,Unknown,unresolved,0,0,0,TRUE,2026-04-07T09:21:17.880566+00:00
KAPUTEI SWEET AND STICKY BARBEQUE SAUCE,208,886,1.4,50,44,0,,,Sauce,Paste,UNRESOLVED,UNRESOLVED,Unknown,unresolved,0,0,0,TRUE,2026-04-07T09:21:17.880566+00:00
KAPUTEI TOMATO KETCHUP,64,268,12,12,11,0.1,,0.36,Ketchup,Paste,TABLE SAUCES,TOMATO KETCHUP,Ultra-processed foods,simulated_lookup_fuzzy,0.81,0.78,0.8,TRUE,2026-04-07T09:21:17.880566+00:00
KAPUTEI TOMATO SAUCE,42,174,1,8,5,3.1,1,0.0012,Tomato Sauce,Paste,TABLE SAUCES,TOMATO SAUCE,Ultra-processed foods,simulated_lookup_fuzzy,0.833,0.803,0.823,TRUE,2026-04-07T09:21:17.880566+00:00
KASUKU FORTIFIED EDIBLE VEGETABLE COOKING FAT,112,468.608,,,,12.7,,,Cooking Fat,Paste,UNRESOLVED,UNRESOLVED,Unknown,unresolved,0,0,0,TRUE,2026-04-07T09:21:17.880566+00:00
KASUKU PURE WHITE COOKING FAT,,,,,,,,,,,UNRESOLVED,UNRESOLVED,Unknown,unresolved,0,0,0,TRUE,2026-04-07T09:21:17.880566+00:00
KAYA CASHEW BARS PLAIN,,,,,,,,,,,UNRESOLVED,UNRESOLVED,Unknown,unresolved,0,0,0,TRUE,2026-04-07T09:21:17.880566+00:00
KAYA COCONUT CARAMEL CASHEWS,,,,,,,,,,,UNRESOLVED,UNRESOLVED,Unknown,unresolved,0,0,0,TRUE,2026-04-07T09:21:17.880566+00:00
KAYA MINT SPICED CASHEWS,,,,,,,,,,,UNRESOLVED,UNRESOLVED,Unknown,unresolved,0,0,0,TRUE,2026-04-07T09:21:17.880566+00:00
KELLOGG'S CEREAL & MILK RICE KRISPIES,,,,,,,,,,,UNRESOLVED,UNRESOLVED,Unknown,unresolved,0,0,0,TRUE,2026-04-07T09:21:17.880566+00:00
KELLOGG'S CEREAL RICE CRISPIES,116,485.344,2.1,26,2.4,0.1,0.6,0.12,Rice Krispies,Solid,UNRESOLVED,UNRESOLVED,Unknown,unresolved,0,0,0,TRUE,2026-04-07T09:21:17.880566+00:00
KELLOGG'S CORN FLAKES,378,1604,7,84,8,0.9,3,,,,UNRESOLVED,UNRESOLVED,Unknown,unresolved,0,0,0,TRUE,2026-04-07T09:21:17.880566+00:00
KELLOGG'S FROSTIES,375,1594,4.5,87,37,0.6,2,0.332,,,UNRESOLVED,UNRESOLVED,Unknown,unresolved,0,0,0,TRUE,2026-04-07T09:21:17.880566+00:00
KELLOGGS BON APPETIT KOREAN 2X SPICY CHICKEN NOODLES,449.8,1882,10.8,52,2.8,21.7,2.2,0.712,Noodles,Solid,UNRESOLVED,UNRESOLVED,Unknown,unresolved,0,0,0,TRUE,2026-04-07T09:21:17.880566+00:00
KELLOGGS JUMBO BEEF NOODLES,437.143,1828.57,7.14286,52.8571,0,21.4286,0,2.17286,Noodles,Solid,UNRESOLVED,UNRESOLVED,Unknown,unresolved,0,0,0,TRUE,2026-04-07T09:21:17.880566+00:00
KELLOGGS JUMBO SAUSAGE NOODLES,1,4,10,60,1.8,18,,,Noodles,Solid,UNRESOLVED,UNRESOLVED,Unknown,unresolved,0,0,0,TRUE,2026-04-07T09:21:17.880566+00:00
KELLOGGS JUMBO VEGETABLE NOODLES,,,,,,,,,Noodles,Solid,UNRESOLVED,UNRESOLVED,Unknown,unresolved,0,0,0,TRUE,2026-04-07T09:21:17.880566+00:00
KELLOGGS NOODLES BEEF,,,,,,,,,,,UNRESOLVED,UNRESOLVED,Unknown,unresolved,0,0,0,TRUE,2026-04-07T09:21:17.880566+00:00
KELLOGGS NOODLES CHICKEN,86.1538,360.468,1.53846,10.5128,0.25641,3.33333,,0.425897,Noodles,Solid,NOODLES,NOODLES,Ultra-processed foods,simulated_lookup_fuzzy,0.723,0.693,0.713,TRUE,2026-04-07T09:21:17.880566+00:00
KELLOGGS NOODLES ORIENTAL SAUSAGE,114.103,477.436,2.5641,15.3846,0.589744,4.61538,,,Sausage,Solid,UNRESOLVED,UNRESOLVED,Unknown,unresolved,0,0,0,TRUE,2026-04-07T09:21:17.880566+00:00
KELLOGGS NOODLES VEGETABLES,1,4,10,60,1.8,18,,,Noodles,Solid,UNRESOLVED,UNRESOLVED,Unknown,unresolved,0,0,0,TRUE,2026-04-07T09:21:17.880566+00:00
KENSALT FREE FLOW IODIZED TABLE SALT,0,0,0,0,0,0,0,38.758,Table Salt,Solid,UNRESOLVED,UNRESOLVED,Unknown,unresolved,0,0,0,TRUE,2026-04-07T09:21:17.880566+00:00
KENSALT PREMIUM IODATED EDIBLE TABLE SALT,0,0,0,0,0,0,0,38.758,Table Salt,Solid,UNRESOLVED,UNRESOLVED,Unknown,unresolved,0,0,0,TRUE,2026-04-07T09:21:17.880566+00:00
KENSALT PREMIUM IODATED TABLE SALT,0,0,0,0,0,0,0,38.758,Table Salt,Solid,UNRESOLVED,UNRESOLVED,Unknown,unresolved,0,0,0,TRUE,2026-04-07T09:21:17.880566+00:00
KENSALT TABLE SALT,0,0,0,0,0,0,0,38.758,Table Salt,Solid,SALT,TABLE SALT,Processed Culinary Ingredients,simulated_lookup_exact,0.99,0.99,0.99,FALSE,2026-04-07T09:21:17.880566+00:00
KENT BORINGER BEEF BOUILLON CUBES X OF,,,,,,,,,,,UNRESOLVED,UNRESOLVED,Unknown,unresolved,0,0,0,TRUE,2026-04-07T09:21:17.880566+00:00
KENT BORINGER BLUEBERRY MUFFIN MIX,338,1414.19,4,44,22,16,0,0.13,,,UNRESOLVED,UNRESOLVED,Unknown,unresolved,0,0,0,TRUE,2026-04-07T09:21:17.880566+00:00
KENT BORINGER CHICKEN BOUILLON CUBES X 12 PIECES,,,,,,,,,,,UNRESOLVED,UNRESOLVED,Unknown,unresolved,0,0,0,TRUE,2026-04-07T09:21:17.880566+00:00
KENT BORINGER CHICKEN BOUILLON CUBES X 25 PIECES,,,,,,,,,,,UNRESOLVED,UNRESOLVED,Unknown,unresolved,0,0,0,TRUE,2026-04-07T09:21:17.880566+00:00
KENT BORINGER CHICKEN BOUILLON CUBES X 6 PIECES,,,,,,,,,,,UNRESOLVED,UNRESOLVED,Unknown,unresolved,0,0,0,TRUE,2026-04-07T09:21:17.880566+00:00
KENT BORINGER WHITE CHOCOLATE TOPPING SAUCE,271,1133,,63,62,1,,,White Chocolate Topping Sauce,Solid,UNRESOLVED,UNRESOLVED,Unknown,unresolved,0,0,0,TRUE,2026-04-07T09:21:17.880566+00:00
KENTASTE CHOCOLATE COCONUT CHIPS,425,1778.2,5,35,22.5,30,10,0.0625,Coconut Chips,Solid,UNRESOLVED,UNRESOLVED,Unknown,unresolved,0,0,0,TRUE,2026-04-07T09:21:17.880566+00:00
KENTASTE COCONUT FLOUR,,,,,,,,,,,PLANT MILK,COCONUT MILK,Ultra-processed foods,simulated_lookup_fuzzy,0.837,0.807,0.827,TRUE,2026-04-07T09:21:17.880566+00:00
KENTASTE COCONUT OIL,,,,,,,,,,,PLANT MILK,COCONUT MILK,Ultra-processed foods,simulated_lookup_fuzzy,0.927,0.897,0.917,FALSE,2026-04-07T09:21:17.880566+00:00
KENTASTE ORIGINAL COCONUT CHIPS,625,2615,5,47.5,30,45,12.5,0.275,Coconut Chips,Solid,UNRESOLVED,UNRESOLVED,Unknown,unresolved,0,0,0,TRUE,2026-04-07T09:21:17.880566+00:00
KENTASTE SALTED CARAMEL COCONUT CHIPS,425,1778.2,5,35,22.5,30,10,0.0625,Coconut Chips,Solid,UNRESOLVED,UNRESOLVED,Unknown,unresolved,0,0,0,TRUE,2026-04-07T09:21:17.880566+00:00
KENTASTE VIRGIN COCONUT OIL,,,,,,,,,Coconut Oil,Liquid,PLANT MILK,COCONUT MILK,Ultra-processed foods,simulated_lookup_fuzzy,0.792,0.762,0.782,TRUE,2026-04-07T09:21:17.880566+00:00
KENYA GIBSONS ESPRESSO WHOLE DARK ROAST COFFEE BEANS,2,8.368,0.28,0,0,0.05,0,0.00474,Coffee Beans,Solid,UNRESOLVED,UNRESOLVED,Unknown,unresolved,0,0,0,TRUE,2026-04-07T09:21:17.880566+00:00
KENYA HIGHLAND PURE INSTANT COFFEE,,,,,,,,,,,UNRESOLVED,UNRESOLVED,Unknown,unresolved,0,0,0,TRUE,2026-04-07T09:21:17.880566+00:00
KENYAN ORIGINALS CLASSIC AFRICAN TONIC WATER,,,,,,,,,Tonic Water,Liquid,UNRESOLVED,UNRESOLVED,Unknown,unresolved,0,0,0,TRUE,2026-04-07T09:21:17.880566+00:00
KENYAN ORIGINALS LIGHT AFRICAN TONIC WATER,,,,,,,,,Tonic Water,Liquid,UNRESOLVED,UNRESOLVED,Unknown,unresolved,0,0,0,TRUE,2026-04-07T09:21:17.880566+00:00
KENYAN ORIGINALS ROSE AND CUCUMBER TONIC WATER,,,,,,,,,Tonic Water,Liquid,UNRESOLVED,UNRESOLVED,Unknown,unresolved,0,0,0,TRUE,2026-04-07T09:21:17.880566+00:00
KENYAN ORIGINALS TURMERIC AND CHILLI TONIC WATER,,,,,,,,,Tonic Water,Liquid,UNRESOLVED,UNRESOLVED,Unknown,unresolved,0,0,0,TRUE,2026-04-07T09:21:17.880566+00:00
KENYLON BEANS IN TOMATO SAUCE,73,305.432,4.9,12.9,5,0.2,3.8,0.3,Baked Beans,Solid,UNRESOLVED,UNRESOLVED,Unknown,unresolved,0,0,0,TRUE,2026-04-07T09:21:17.880566+00:00
KENYLON CHICK PEAS,85,355.64,8,11,,,,0.198,,,UNRESOLVED,UNRESOLVED,Unknown,unresolved,0,0,0,TRUE,2026-04-07T09:21:17.880566+00:00
KENYLON CRUSHED TOMATOES,31.6,132.7,1.4,4.7,4.7,0.2,2.7,0.24,Tomatoes,Solid,UNRESOLVED,UNRESOLVED,Unknown,unresolved,0,0,0,TRUE,2026-04-07T09:21:17.880566+00:00
KENYLON ORANGE MARMALADE,246,1029.26,0,66,,,,,,,JAM/OTHER SPREADS,MARMALADE,Ultra-processed foods,simulated_lookup_fuzzy,0.792,0.762,0.782,TRUE,2026-04-07T09:21:17.880566+00:00
KENYLON RED PLUM JAM,50,209.2,0,13,,,,,,,JAM/OTHER SPREADS,FRUIT JAM,Ultra-processed foods,simulated_lookup_exact,0.99,0.99,0.99,FALSE,2026-04-07T09:21:17.880566+00:00
KENYLON STRAWBERRY JAM,240,1004.16,,59,59,,1.1,,Jam,Jelly,JAM/OTHER SPREADS,FRUIT JAM,Ultra-processed foods,simulated_lookup_fuzzy,0.878,0.848,0.868,FALSE,2026-04-07T09:21:17.880566+00:00
KENYLON TOMATO PASTE,106,443,4.2,18.5,10.9,0.21,1.18,0.25,Tomato Paste,Paste,TOMATO PASTE,TOMATO PASTE,Processed foods,simulated_lookup_exact,0.99,0.99,0.99,FALSE,2026-04-07T09:21:17.880566+00:00
KENZY TOMATO PASTE,96,401.664,4,20,,,,,,,TOMATO PASTE,TOMATO PASTE,Processed foods,simulated_lookup_exact,0.99,0.99,0.99,FALSE,2026-04-07T09:21:17.880566+00:00
KENZY TOMATO PASTE CANS,96,401.664,4,20,,,,,Tomato Paste,Paste,TOMATO PASTE,TOMATO PASTE,Processed foods,simulated_lookup_fuzzy,0.878,0.848,0.868,FALSE,2026-04-07T09:21:17.880566+00:00
KERINGET MINERAL WATER,,,,,,,,,Mineral Water,Liquid,WATER,MINERAL WATER,Unprocessed/Minimally processed foods,simulated_lookup_exact,0.99,0.99,0.99,FALSE,2026-04-07T09:21:17.880566+00:00
KERINGET NATURAL MINERAL WATER,,,,,,,,,Mineral Water,Liquid,WATER,MINERAL WATER,Unprocessed/Minimally processed foods,simulated_lookup_fuzzy,0.846,0.816,0.836,TRUE,2026-04-07T09:21:17.880566+00:00
KERINGET SPARKLING MINERAL WATER,,,,,,,,,,,WATER,MINERAL WATER,Unprocessed/Minimally processed foods,simulated_lookup_fuzzy,0.815,0.785,0.805,TRUE,2026-04-07T09:21:17.880566+00:00
KETTLE CHIPS SOUR CREAM CHIVES,508,2125,5.8,52,1.17,8.26,4,,Potato Chips,Solid,UNRESOLVED,UNRESOLVED,Unknown,unresolved,0,0,0,TRUE,2026-04-07T09:21:17.880566+00:00
KETTLE FRUIT CHUTNEY CHIPS,507,2121,5,51,2,27,0,0,Fruit Chutney Chips,Solid,UNRESOLVED,UNRESOLVED,Unknown,unresolved,0,0,0,TRUE,2026-04-07T09:21:17.880566+00:00
KETTLE SALSA VERDE CHIPS,145,6066,2,18,1,7,2,0.125,Chips,Solid,UNRESOLVED,UNRESOLVED,Unknown,unresolved,0,0,0,TRUE,2026-04-07T09:21:17.880566+00:00
KEVIAN TOMATO KETCHUP,,,,,,,,,,,TABLE SAUCES,TOMATO KETCHUP,Ultra-processed foods,simulated_lookup_fuzzy,0.878,0.848,0.868,FALSE,2026-04-07T09:21:17.880566+00:00
KIKKOMAN NATURALLY BREWED SOY SAUCE,,,,,,,,,Soy Sauce,Liquid,UNRESOLVED,UNRESOLVED,Unknown,unresolved,0,0,0,TRUE,2026-04-07T09:21:17.880566+00:00
KIKKOMAN SOY SAUCE,40,167,5,6,3,,,,Soy Sauce,Solid,UNRESOLVED,UNRESOLVED,Unknown,unresolved,0,0,0,TRUE,2026-04-07T09:21:17.880566+00:00
KIKKOMAN SUSHI & SASHIMI SOY,82,349,8.2,8.8,7.1,,,,,,UNRESOLVED,UNRESOLVED,Unknown,unresolved,0,0,0,TRUE,2026-04-07T09:21:17.880566+00:00
KIKKOMAN TAMARI GLUTEN FREE SOY SAUCE,57,240,10,2,0,0,,,,,UNRESOLVED,UNRESOLVED,Unknown,unresolved,0,0,0,TRUE,2026-04-07T09:21:17.880566+00:00
KINDER CHOCOLATE 4 PIECES,566,360,8.7,53.5,,,,,Chocolate,Solid,CHOCOLATE,CHOCOLATE,Ultra-processed foods,simulated_lookup_fuzzy,0.818,0.788,0.808,TRUE,2026-04-07T09:21:17.880566+00:00
KINGS DAILY BRAND GRADE 1 LENTILS MOSOOR WHOLE,350,1464,25,6,,0.58,31,0.04,,,UNRESOLVED,UNRESOLVED,Unknown,unresolved,0,0,0,TRUE,2026-04-07T09:21:17.880566+00:00
KINGS DAILY BRAND GRADE 1 POLISHED GREEN GRAMS,349,1460,25,59.7,,,18,,,,UNRESOLVED,UNRESOLVED,Unknown,unresolved,0,0,0,TRUE,2026-04-07T09:21:17.880566+00:00
KINGS DAILY BRAND GRADE 1 ROSE COCO BEAN,362,1514,18,63,5,1,,0.02,,,UNRESOLVED,UNRESOLVED,Unknown,unresolved,0,0,0,TRUE,2026-04-07T09:21:17.880566+00:00
KINGS DAILY BRAND GRADE MWEA BROWN RICE,362,1514,8,76,,3,3,0.004,,,UNRESOLVED,UNRESOLVED,Unknown,unresolved,0,0,0,TRUE,2026-04-07T09:21:17.880566+00:00
KINGS DAILY BRAND NJAHI BEANS,,,,,,,,,Black Beans,Solid,UNRESOLVED,UNRESOLVED,Unknown,unresolved,0,0,0,TRUE,2026-04-07T09:21:17.880566+00:00
KINGS DAILY BRAND NYAYO BEANS,,,,,,,,,Nyayo Beans,Solid,UNRESOLVED,UNRESOLVED,Unknown,unresolved,0,0,0,TRUE,2026-04-07T09:21:17.880566+00:00
KINGS DAILY BRAND PISHORI BASMATI RICE,360,1506,8,79,,,,0.1,,,UNRESOLVED,UNRESOLVED,Unknown,unresolved,0,0,0,TRUE,2026-04-07T09:21:17.880566+00:00
KINGS M P S GRADE 1 MWEA SUPER BASMATI RICE,346,1447,8,78,,,2,,,,UNRESOLVED,UNRESOLVED,Unknown,unresolved,0,0,0,TRUE,2026-04-07T09:21:17.880566+00:00
KINGS M P S PREMIUM LONG GRAIN RICE,205,857,4,44,,,,0.002,,,UNRESOLVED,UNRESOLVED,Unknown,unresolved,0,0,0,TRUE,2026-04-07T09:21:17.880566+00:00
KINGS M R P K GRADE 1 PISHORI AROMATIC BASMATI RICE,349,1460,8,77,,,,,,,UNRESOLVED,UNRESOLVED,Unknown,unresolved,0,0,0,TRUE,2026-04-07T09:21:17.880566+00:00
KINGS M R P K GRADE 1 PREMIUM MWEA AROMATIC PISHORI RICE,349,1460,8,77,,,,,,,UNRESOLVED,UNRESOLVED,Unknown,unresolved,0,0,0,TRUE,2026-04-07T09:21:17.880566+00:00
KINGS MRPP PISHORI RICE,348,1456,8.2,78,,0.5,1.9,0.00075,Rice,Solid,CEREAL GRAINS,WHITE RICE,Unprocessed/Minimally processed foods,simulated_lookup_fuzzy,0.732,0.702,0.722,TRUE,2026-04-07T09:21:17.880566+00:00
KINGS S & S LONG GRAIN RICE,205,857,4,44,,,,0.002,,,UNRESOLVED,UNRESOLVED,Unknown,unresolved,0,0,0,TRUE,2026-04-07T09:21:17.880566+00:00
KIT KAT 4F VEGAN NCPCERT,,,,,,,,,,,UNRESOLVED,UNRESOLVED,Unknown,unresolved,0,0,0,TRUE,2026-04-07T09:21:17.880566+00:00
KITKAT DARK 4 FINGERS,,,,,,,,,,,UNRESOLVED,UNRESOLVED,Unknown,unresolved,0,0,0,TRUE,2026-04-07T09:21:17.880566+00:00
KITUI FLOUR MILLS JAHAZI ALL PURPOSE FLOUR,364,1522.97,10,76,0.3,1,,0.002,All Purpose Flour,Powder,UNRESOLVED,UNRESOLVED,Unknown,unresolved,0,0,0,TRUE,2026-04-07T09:21:17.880566+00:00
KNORR AROMAT NATURALLY TASTY SEASONING,13100,54810.4,300,2400,600,100,100,2427.6,Seasoning,Powder,UNRESOLVED,UNRESOLVED,Unknown,unresolved,0,0,0,TRUE,2026-04-07T09:21:17.880566+00:00
KNORR CHILLI BEEF CUBES FOR DELICIOUS MEALS FULL OF FLAVOUR X,187.5,775,12.5,0,,12.5,,13.25,,,UNRESOLVED,UNRESOLVED,Unknown,unresolved,0,0,0,TRUE,2026-04-07T09:21:17.880566+00:00
KNORR CUBE LITTLE BULL 4GX40,175,725,,,,,,,,,UNRESOLVED,UNRESOLVED,Unknown,unresolved,0,0,0,TRUE,2026-04-07T09:21:17.880566+00:00
KNORR SOFT BEEF CUBES X 6PIECES,187.5,775,12.5,0,,12.5,,13.25,,,UNRESOLVED,UNRESOLVED,Unknown,unresolved,0,0,0,TRUE,2026-04-07T09:21:17.880566+00:00
KNORR SOFT CHICKEN CUBES FOR DELICIOUS MEALS FULL OF FLAVOUR X,187.5,775,12.5,0,,12.5,,12.125,,,UNRESOLVED,UNRESOLVED,Unknown,unresolved,0,0,0,TRUE,2026-04-07T09:21:17.880566+00:00
KOL CHILLI SAUCE,11,46,0,1,1,0,0,0.002,Sauce,Paste,TABLE SAUCES,CHILLI/HOT SAUCE,Ultra-processed foods,simulated_lookup_exact,0.99,0.99,0.99,FALSE,2026-04-07T09:21:17.880566+00:00
KOL CHILLISAUCE,,,,,,,,,,,TABLE SAUCES,CHILLI/HOT SAUCE,Ultra-processed foods,simulated_lookup_fuzzy,0.968,0.938,0.958,FALSE,2026-04-07T09:21:17.880566+00:00
KOL GOLDEN SYRUP,310,1297.04,,77,,,,0.02,Syrup,Liquid,UNRESOLVED,UNRESOLVED,Unknown,unresolved,0,0,0,TRUE,2026-04-07T09:21:17.880566+00:00
KOL HOT & SWEET SAUCE,226,946,0.6,56.01,37.78,0,,,Sauce,Paste,TABLE SAUCES,CHILLI/HOT SAUCE,Ultra-processed foods,simulated_lookup_fuzzy,0.818,0.788,0.808,TRUE,2026-04-07T09:21:17.880566+00:00
KOL MIXED FRUIT JAM,,,,,,,,,,,JAM/OTHER SPREADS,FRUIT JAM,Ultra-processed foods,simulated_lookup_fuzzy,0.895,0.865,0.885,FALSE,2026-04-07T09:21:17.880566+00:00
KOL PILAU MASALA,429.35,1796.4,11.68,70.75,3.55,11.7,,,Pilau Masala,Powder,UNRESOLVED,UNRESOLVED,Unknown,unresolved,0,0,0,TRUE,2026-04-07T09:21:17.880566+00:00
KOL PURE CHICKEN MASALA,344.14,1440.01,9.19,56.94,,8.85,,0.258,Chicken Masala,Powder,HERBS AND SPICES,SPICES - CHICKEN MASALA,Unprocessed/Minimally processed foods,simulated_lookup_fuzzy,0.723,0.693,0.713,TRUE,2026-04-07T09:21:17.880566+00:00
KOL PURE CURRY POWDER,325,1359.8,13,58,2.8,14,33,0.052,Curry Powder,Powder,UNRESOLVED,UNRESOLVED,Unknown,unresolved,0,0,0,TRUE,2026-04-07T09:21:17.880566+00:00
KOL PURE GROUND BLACK PEPPER,246.377,1028.99,,63.7681,,,24.6377,0.0144928,Ground Black Pepper,Powder,UNRESOLVED,UNRESOLVED,Unknown,unresolved,0,0,0,TRUE,2026-04-07T09:21:17.880566+00:00
KOL PURE GROUND CARDAMOMS,311,1301,11,68,0,7,28,0.018,Ground Cardamoms,Powder,UNRESOLVED,UNRESOLVED,Unknown,unresolved,0,0,0,TRUE,2026-04-07T09:21:17.880566+00:00
KOL PURE GROUND CUMIN,376.19,1571.43,19.0476,42.8571,4.7619,23.8095,9.52381,0.166667,Ground Cumin,Powder,UNRESOLVED,UNRESOLVED,Unknown,unresolved,0,0,0,TRUE,2026-04-07T09:21:17.880566+00:00
KOL PURE GROUND WHITE PEPPER,,,,,,,,,Ground White Pepper,Powder,UNRESOLVED,UNRESOLVED,Unknown,unresolved,0,0,0,TRUE,2026-04-07T09:21:17.880566+00:00
KOL PURE TEA MASALA,7,29.288,0.6,1,,0.5,,0.029,Tea Masala,Powder,UNRESOLVED,UNRESOLVED,Unknown,unresolved,0,0,0,TRUE,2026-04-07T09:21:17.880566+00:00
KOL RED PLUM JAM,292.18,1222.48,0.42,72,53,0.2,1.2,21.4,Jam,Jelly,JAM/OTHER SPREADS,FRUIT JAM,Ultra-processed foods,simulated_lookup_fuzzy,0.833,0.803,0.823,TRUE,2026-04-07T09:21:17.880566+00:00
KOL STRAWBERRY JAM,267,1117.13,,65,58,,2,,Strawberry Jam,Paste,JAM/OTHER SPREADS,FRUIT JAM,Ultra-processed foods,simulated_lookup_fuzzy,0.789,0.759,0.779,TRUE,2026-04-07T09:21:17.880566+00:00
KOL TOMATO KETCHUP,105,439.32,1,22,17,,,0.547,Tomato Ketchup,Paste,TABLE SAUCES,TOMATO KETCHUP,Ultra-processed foods,simulated_lookup_fuzzy,0.895,0.865,0.885,FALSE,2026-04-07T09:21:17.880566+00:00
KOL TOMATO PASTE,105,439.32,1,22,17,,,0.547,Tomato Sauce,Paste,TOMATO PASTE,TOMATO PASTE,Processed foods,simulated_lookup_fuzzy,0.889,0.859,0.879,FALSE,2026-04-07T09:21:17.880566+00:00
KOL TOMATO SAUCE,,,,,,,,,Tomato Sauce,Paste,TABLE SAUCES,TOMATO SAUCE,Ultra-processed foods,simulated_lookup_exact,0.99,0.99,0.99,FALSE,2026-04-07T09:21:17.880566+00:00
KOL WHITE VINEGAR,,,,,,,,,,,TABLE SAUCES,VINEGAR,Ultra-processed foods,simulated_lookup_fuzzy,0.882,0.852,0.872,FALSE,2026-04-07T09:21:17.880566+00:00
KOPIKO COFFEE CANDY BAG,434.99,1820,0.6,86,67,9.9,,0.112,Candy,Solid,UNRESOLVED,UNRESOLVED,Unknown,unresolved,0,0,0,TRUE,2026-04-07T09:21:17.880566+00:00
KPL CLASSIC LONG GRAIN RICE,130,543,2.7,28,0.1,0.3,0.4,,Rice,Solid,UNRESOLVED,UNRESOLVED,Unknown,unresolved,0,0,0,TRUE,2026-04-07T09:21:17.880566+00:00
KPL LONG GRAIN RICE,350,1464.4,8.8,78,,0.47,1.6,1.7,Rice,Solid,CEREAL GRAINS,WHITE RICE,Unprocessed/Minimally processed foods,simulated_lookup_fuzzy,0.829,0.799,0.819,TRUE,2026-04-07T09:21:17.880566+00:00
KPL SUPER FINE GRAM FLOUR,,,,,,,,,,,UNRESOLVED,UNRESOLVED,Unknown,unresolved,0,0,0,TRUE,2026-04-07T09:21:17.880566+00:00
KRACKLES BANG BANG CHILLI,544,2276.1,7.1,54.1,2.6,33.2,,0.859,Potato Crisps,Solid,UNRESOLVED,UNRESOLVED,Unknown,unresolved,0,0,0,TRUE,2026-04-07T09:21:17.880566+00:00
KRACKLES BANG BANG CHILLI POTATO CHIPS,103,430.952,,22,16,,,0.004,Potato Chips,Solid,UNRESOLVED,UNRESOLVED,Unknown,unresolved,0,0,0,TRUE,2026-04-07T09:21:17.880566+00:00
KRACKLES BARBEQUE POTATO CHIPS,526.667,2203.57,6.66667,50,,33.3333,,1.2,Potato Chips,Solid,UNRESOLVED,UNRESOLVED,Unknown,unresolved,0,0,0,TRUE,2026-04-07T09:21:17.880566+00:00
KRACKLES PERFECTLY SALTED POTATO CHIPS,505,2112.92,5,52,,28,,,Potato Chips,Solid,UNRESOLVED,UNRESOLVED,Unknown,unresolved,0,0,0,TRUE,2026-04-07T09:21:17.880566+00:00
KRACKLES TANGY TOMATO POTATO CHIPS,544,2276.1,7,54,,33,,,Potato Chips,Solid,UNRESOLVED,UNRESOLVED,Unknown,unresolved,0,0,0,TRUE,2026-04-07T09:21:17.880566+00:00
KRACKLES TINGLY CHEESEONION,526.667,2.20E+06,6.66667,50,,33.3333,3.33333,0.466667,Potato Crisps,Solid,UNRESOLVED,UNRESOLVED,Unknown,unresolved,0,0,0,TRUE,2026-04-07T09:21:17.880566+00:00
KRACKLES TOONS BARBECUE POTATO CHIPS,417.391,1746.37,4.34783,60.8696,8.69565,13.0435,,,Potato Chips,Solid,UNRESOLVED,UNRESOLVED,Unknown,unresolved,0,0,0,TRUE,2026-04-07T09:21:17.880566+00:00
KRACKLES TOONS CARAMEL POTATO CRISPS,77,322.168,2,17,,,2,0.065,Potato Crisp,Solid,UNRESOLVED,UNRESOLVED,Unknown,unresolved,0,0,0,TRUE,2026-04-07T09:21:17.880566+00:00
KRACKLES TOONS HOT AND SWEET POTATO CRISPS,,,,,,,,,Potato Crisp,Solid,UNRESOLVED,UNRESOLVED,Unknown,unresolved,0,0,0,TRUE,2026-04-07T09:21:17.880566+00:00
KRACKLES TOONS TUTTI FRUTTI POTATO CRISPS,400,1673.6,8,40,5,18,,,Potato Crisp,Solid,UNRESOLVED,UNRESOLVED,Unknown,unresolved,0,0,0,TRUE,2026-04-07T09:21:17.880566+00:00
KRACKLES ZINGY SALT AND VINEGAR POTATO CHIPS,520,2175.68,,46.6667,,33.3333,,0.8,Potato Chips,Solid,UNRESOLVED,UNRESOLVED,Unknown,unresolved,0,0,0,TRUE,2026-04-07T09:21:17.880566+00:00
KRACKLES ZINGY SALTVINEGAR,520,2175.68,,46.6667,,33.3333,,0.8,Potato Crisps,Solid,UNRESOLVED,UNRESOLVED,Unknown,unresolved,0,0,0,TRUE,2026-04-07T09:21:17.880566+00:00
KRACKS BBQ POTATO CHIPS,543,3320,2.1,56,1,34,1,,Potato Chips,Solid,UNRESOLVED,UNRESOLVED,Unknown,unresolved,0,0,0,TRUE,2026-04-07T09:21:17.880566+00:00
KRACKS CREAM AND ONION SOUR SNACK,470,1966,9,70,13,17,3,0.49,Snack,Solid,UNRESOLVED,UNRESOLVED,Unknown,unresolved,0,0,0,TRUE,2026-04-07T09:21:17.880566+00:00
KRACKS HOT AND SPICY CHIPS,506,2125,5.4,15.5,3.9,26.3,,0.709,Chips,Solid,UNRESOLVED,UNRESOLVED,Unknown,unresolved,0,0,0,TRUE,2026-04-07T09:21:17.880566+00:00
KRIPSII SNACK SALTED,,,,,,,,,,,UNRESOLVED,UNRESOLVED,Unknown,unresolved,0,0,0,TRUE,2026-04-07T09:21:17.880566+00:00
KRIPSII SNACK TOMATO KETCHUP,,,,,,,,,,,UNRESOLVED,UNRESOLVED,Unknown,unresolved,0,0,0,TRUE,2026-04-07T09:21:17.880566+00:00
KRUNCHY NUTZ SALTED FLAVOUR ROASTED CASHEWS,636,2661.02,16.4,26.4,6.2,51.6,,0.5,Cashews,Solid,UNRESOLVED,UNRESOLVED,Unknown,unresolved,0,0,0,TRUE,2026-04-07T09:21:17.880566+00:00
KTC LIME JUICE,,,,,,,,,Juice,Liquid,UNRESOLVED,UNRESOLVED,Unknown,unresolved,0,0,0,TRUE,2026-04-07T09:21:17.880566+00:00
KUDOS CASSAVA AND CHILLI CHIPS,483,2020.87,1,71,,21,,,Chips,Solid,UNRESOLVED,UNRESOLVED,Unknown,unresolved,0,0,0,TRUE,2026-04-07T09:21:17.880566+00:00
KUDOS CASSAVA SALTED POTATO CHIPS,487.778,2040.86,1.11111,71.6667,,21.6667,,,Potato Chips,Solid,UNRESOLVED,UNRESOLVED,Unknown,unresolved,0,0,0,TRUE,2026-04-07T09:21:17.880566+00:00
KUDOS CHILLI CASSAVA CHIPS,483,2020.87,1,71,,21,,,Cassava Chips,Solid,UNRESOLVED,UNRESOLVED,Unknown,unresolved,0,0,0,TRUE,2026-04-07T09:21:17.880566+00:00
KUDOS FRIED PEANUTS,1268,5305.31,52,40,8.2,100,17.2,0.52,Fried Peanuts,Solid,SALTED/SUGARED NUTS,SALTED PEANUTS,Processed foods,simulated_lookup_fuzzy,0.821,0.791,0.811,TRUE,2026-04-07T09:21:17.880566+00:00
KUDOS NUMBERS AND LETTERS CORNBITES,583,2439.27,38,54,,5,,,Cornbites,Solid,UNRESOLVED,UNRESOLVED,Unknown,unresolved,0,0,0,TRUE,2026-04-07T09:21:17.880566+00:00
KUDOS NUMBERS AND LETTERS CORNBITES PUFFS,234,1235,9,32,12,1.2,,0.345,Cornbites Puffs,Solid,UNRESOLVED,UNRESOLVED,Unknown,unresolved,0,0,0,TRUE,2026-04-07T09:21:17.880566+00:00
KUDOS ROASTED PEANUTS,634,2653,26,20,4.1,50,8.6,0.26,Roasted Peanuts,Solid,SALTED/SUGARED NUTS,SALTED PEANUTS,Processed foods,simulated_lookup_fuzzy,0.837,0.807,0.827,TRUE,2026-04-07T09:21:17.880566+00:00
KUDOS SALTED CASSAVA CHIPS,487.778,2040.86,1.11111,71.6667,,21.6667,,,Cassava Chips,Solid,UNRESOLVED,UNRESOLVED,Unknown,unresolved,0,0,0,TRUE,2026-04-07T09:21:17.880566+00:00
KUDOS SALTED CASSAVA CRISPS,,,,,,,,,Cassava Crisps,Solid,UNRESOLVED,UNRESOLVED,Unknown,unresolved,0,0,0,TRUE,2026-04-07T09:21:17.880566+00:00
KUDOS SALTED POPCORN,413,1727,11.5,74,,8.1,15,0.5,Popcorn,Solid,UNRESOLVED,UNRESOLVED,Unknown,unresolved,0,0,0,TRUE,2026-04-07T09:21:17.880566+00:00
KUISHU RICE VERMICELLI,355,1485.32,11,74,3,1,1,0.049,Noodle,Solid,UNRESOLVED,UNRESOLVED,Unknown,unresolved,0,0,0,TRUE,2026-04-07T09:21:17.880566+00:00
L'EPI D'OR BABBOUCHA SHELL PASTA,355,1485.32,12.5,73,,,1.15,,Shell Pasta,Solid,UNRESOLVED,UNRESOLVED,Unknown,unresolved,0,0,0,TRUE,2026-04-07T09:21:17.880566+00:00
L'EPI D'OR COQUILLETTES SHELL PASTA,355,1485.32,12.5,73,,,1.15,,Shell Pasta,Solid,UNRESOLVED,UNRESOLVED,Unknown,unresolved,0,0,0,TRUE,2026-04-07T09:21:17.880566+00:00
L'EPI D'OR LASAGNE PASTA,355,1485.32,12.5,73,,,1.15,,Lasagne Pasta,Solid,UNRESOLVED,UNRESOLVED,Unknown,unresolved,0,0,0,TRUE,2026-04-07T09:21:17.880566+00:00
L'EPI D'OR NO.2 NOODLES,355,1485.32,12.5,73,,,1.15,,Noodles,Solid,UNRESOLVED,UNRESOLVED,Unknown,unresolved,0,0,0,TRUE,2026-04-07T09:21:17.880566+00:00
LA BALEINE COARSE IODIZED SEA SALT,428,179,15.3,13.4,2.7,34.8,5.2,0.341,Sea Salt,Powder,UNRESOLVED,UNRESOLVED,Unknown,unresolved,0,0,0,TRUE,2026-04-07T09:21:17.880566+00:00
LA BALEINE FINE IODIZED SEA SALT,428,179,15.3,13.4,2.7,34.8,5.2,0.341,Sea Salt,Powder,UNRESOLVED,UNRESOLVED,Unknown,unresolved,0,0,0,TRUE,2026-04-07T09:21:17.880566+00:00
LA BALEINE FINE SEA SALT,0,0,,,,,,38.81,Fine Sea Salt,Solid,UNRESOLVED,UNRESOLVED,Unknown,unresolved,0,0,0,TRUE,2026-04-07T09:21:17.880566+00:00
LA BALEINE IODIZED COARSE SEA SALT,0,0,0,0,0,0,0,0.581,Coarse Sea Salt,Solid,UNRESOLVED,UNRESOLVED,Unknown,unresolved,0,0,0,TRUE,2026-04-07T09:21:17.880566+00:00
LA BALEINE IODIZED FINE SEA SALT,0,0,0,0,0,0,0,38.81,Fine Sea Salt,Solid,UNRESOLVED,UNRESOLVED,Unknown,unresolved,0,0,0,TRUE,2026-04-07T09:21:17.880566+00:00
LAKANTO CLASSIC MONKFRUIT SWEETENER WITH ERYTHRITOL,0,0,0,100,100,0,0,0,Monkfruit Sweetener,Solid,UNRESOLVED,UNRESOLVED,Unknown,unresolved,0,0,0,TRUE,2026-04-07T09:21:17.880566+00:00
LAKANTO GOLDEN MONKFRUIT SWEETENER WITH ERYTHRITOL,0,0,0,100,0,0,0,0,Monkfruit Sweetener,Solid,UNRESOLVED,UNRESOLVED,Unknown,unresolved,0,0,0,TRUE,2026-04-07T09:21:17.880566+00:00
LAKANTO SF ALMND DARK CHOCO BAR,,,,,,,,,,,UNRESOLVED,UNRESOLVED,Unknown,unresolved,0,0,0,TRUE,2026-04-07T09:21:17.880566+00:00
LAKANTO SUGAR FREE 54 COCOA DARK CHOCOLATE BAR,533.333,2230,10,36.6667,3.33333,50,13.3333,0.166667,Dark Chocolate Bar,Solid,UNRESOLVED,UNRESOLVED,Unknown,unresolved,0,0,0,TRUE,2026-04-07T09:21:17.880566+00:00
LAOGANMA CHICKEN CHILLI OIL WITH TOFU PICKLE,552,2308,6.2,44,3.4,59.3,,,Pickle,Solid,UNRESOLVED,UNRESOLVED,Unknown,unresolved,0,0,0,TRUE,2026-04-07T09:21:17.880566+00:00
LAOGANMA CHILI PASTE,544,2276,9.2,19.9,1.2,45.6,0,0,Black Beans In Chilli Oil,Liquid,UNRESOLVED,UNRESOLVED,Unknown,unresolved,0,0,0,TRUE,2026-04-07T09:21:17.880566+00:00
LAY'S STAX ORIGINAL POTATO CHIPS,150,627.6,2,17,,8,1,0.14,Potato Chips,Solid,UNRESOLVED,UNRESOLVED,Unknown,unresolved,0,0,0,TRUE,2026-04-07T09:21:17.880566+00:00
LAZIZA TOMATO PUREE,,,,,,,,,,,UNRESOLVED,UNRESOLVED,Unknown,unresolved,0,0,0,TRUE,2026-04-07T09:21:17.880566+00:00
LE PHARE DU CAP BON HARISSA RED CHILLI HOT SAUCE TUNISIE,69,290,9,8.3,4.5,2.25,,,Hot Sauce Tunisie,Paste,UNRESOLVED,UNRESOLVED,Unknown,unresolved,0,0,0,TRUE,2026-04-07T09:21:17.880566+00:00
LEA & PERRINS WORCESTERSHIRE SAUCE,96,405,0.8,21,18.8,0.9,,,Sauce,Paste,UNRESOLVED,UNRESOLVED,Unknown,unresolved,0,0,0,TRUE,2026-04-07T09:21:17.880566+00:00
LEE KUM KEE KUM CHUN SOY SAUCE,,,,,,,,,,,UNRESOLVED,UNRESOLVED,Unknown,unresolved,0,0,0,TRUE,2026-04-07T09:21:17.880566+00:00
LIKING CITRUS MIX CANDIES,,,,,,,,,Food,,UNRESOLVED,UNRESOLVED,Unknown,unresolved,0,0,0,TRUE,2026-04-07T09:21:17.880566+00:00
LIKING COFFEE FILLED CANDIES,,,,,,,,,Food,,UNRESOLVED,UNRESOLVED,Unknown,unresolved,0,0,0,TRUE,2026-04-07T09:21:17.880566+00:00
LIKING CREAMY LIQORICE TOFFEES,,,,,,,,,Food,,UNRESOLVED,UNRESOLVED,Unknown,unresolved,0,0,0,TRUE,2026-04-07T09:21:17.880566+00:00
LIKING F C SPARKLING CANDIES,,,,,,,,,Food,,UNRESOLVED,UNRESOLVED,Unknown,unresolved,0,0,0,TRUE,2026-04-07T09:21:17.880566+00:00
LIKING FILLED FRUITS FLVCANDIES,,,,,,,,,Food,,UNRESOLVED,UNRESOLVED,Unknown,unresolved,0,0,0,TRUE,2026-04-07T09:21:17.880566+00:00
LIKING FRIZY SPARKLING CANDIES,,,,,,,,,Food,,UNRESOLVED,UNRESOLVED,Unknown,unresolved,0,0,0,TRUE,2026-04-07T09:21:17.880566+00:00
LIKING FRUIT ASSORTED TOFFEES,,,,,,,,,Food,,UNRESOLVED,UNRESOLVED,Unknown,unresolved,0,0,0,TRUE,2026-04-07T09:21:17.880566+00:00
LIKING HARD MINT CANDIES,,,,,,,,,Food,,UNRESOLVED,UNRESOLVED,Unknown,unresolved,0,0,0,TRUE,2026-04-07T09:21:17.880566+00:00
LIKING HONEY FILLED CANDIES,385,1637,0,96,74,0,,,Food,,UNRESOLVED,UNRESOLVED,Unknown,unresolved,0,0,0,TRUE,2026-04-07T09:21:17.880566+00:00
LIKING MIX ASSORTED CANDIES,,,,,,,,,Food,,UNRESOLVED,UNRESOLVED,Unknown,unresolved,0,0,0,TRUE,2026-04-07T09:21:17.880566+00:00
LIKING RED FRUIT&YOGHURT TOFFES,,,,,,,,,Food,,UNRESOLVED,UNRESOLVED,Unknown,unresolved,0,0,0,TRUE,2026-04-07T09:21:17.880566+00:00
LIKING WILDBERRY FRUIT CANDIES,,,,,,,,,Food,,UNRESOLVED,UNRESOLVED,Unknown,unresolved,0,0,0,TRUE,2026-04-07T09:21:17.880566+00:00
LIME & GINGER FRESH JUICE,,,,,,,,,Juice,Liquid,UNRESOLVED,UNRESOLVED,Unknown,unresolved,0,0,0,TRUE,2026-04-07T09:21:17.880566+00:00
LIME&GINGER FRESH JUICE,,,,,,,,,Juice,Liquid,UNRESOLVED,UNRESOLVED,Unknown,unresolved,0,0,0,TRUE,2026-04-07T09:21:17.880566+00:00
LINDT BLOCK GO MILCH,,,,,,,,,,,UNRESOLVED,UNRESOLVED,Unknown,unresolved,0,0,0,TRUE,2026-04-07T09:21:17.880566+00:00
LINDT BLOCK GOLD NUSS,,,,,,,,,,,UNRESOLVED,UNRESOLVED,Unknown,unresolved,0,0,0,TRUE,2026-04-07T09:21:17.880566+00:00
LINDT EXCELLENCE 85% COCOA DARK CHOCOLATE,584,2413,12.5,19,11,46,16.3,0.01,Dark Chocolate,Solid,UNRESOLVED,UNRESOLVED,Unknown,unresolved,0,0,0,TRUE,2026-04-07T09:21:17.880566+00:00
LINDT EXCELLENCE A TOUCH OF SEA SALT DARK CHOCOLATE,529,2205,6.2,50,48,32,,,Dark Chocolate,Solid,UNRESOLVED,UNRESOLVED,Unknown,unresolved,0,0,0,TRUE,2026-04-07T09:21:17.880566+00:00
LINDT EXCELLENCE MINT INTENSE DARK CHOCOLATE,529,2202,6.3,51,49,32,,,Dark Chocolate,Solid,UNRESOLVED,UNRESOLVED,Unknown,unresolved,0,0,0,TRUE,2026-04-07T09:21:17.880566+00:00
LINDT GOLD BUNNY WHITE,,,,,,,,,,,UNRESOLVED,UNRESOLVED,Unknown,unresolved,0,0,0,TRUE,2026-04-07T09:21:17.880566+00:00
LINDT LES GRANDES 32 WHOLE ALMOND WHITE CHOCOLATE BAR,606,2522,11,44,39,42,,,White Chocolate Bar,Solid,UNRESOLVED,UNRESOLVED,Unknown,unresolved,0,0,0,TRUE,2026-04-07T09:21:17.880566+00:00
LINDT LES GRANDES 34% HAZELNUT DARK CHOCOLATE BAR,573,2382,8,42,39,40,,,Dark Chocolate Bar,Solid,UNRESOLVED,UNRESOLVED,Unknown,unresolved,0,0,0,TRUE,2026-04-07T09:21:17.880566+00:00
LINDT LINDOR CORNET MILK CHOCOLATE,617,2564,4.6,43,43,47,2,,Milk Chocolate,Solid,UNRESOLVED,UNRESOLVED,Unknown,unresolved,0,0,0,TRUE,2026-04-07T09:21:17.880566+00:00
LINDT LINDOR CORNET SALTED CARAMEL,,,,,,,,,Food,Solid,UNRESOLVED,UNRESOLVED,Unknown,unresolved,0,0,0,TRUE,2026-04-07T09:21:17.880566+00:00
LINDT LINDOR MILK CHOCOLATE,622,2582,4.6,44,43,47,2,,Milk Chocolate,Solid,UNRESOLVED,UNRESOLVED,Unknown,unresolved,0,0,0,TRUE,2026-04-07T09:21:17.880566+00:00
LINDT LINDOR MILK CORNET CHOCOLATE,623,2606.63,5,44,42,47,,,Milk Cornet Chocolate,Solid,UNRESOLVED,UNRESOLVED,Unknown,unresolved,0,0,0,TRUE,2026-04-07T09:21:17.880566+00:00
LINDT LINDOR SWISS CLASSIC WHITE CHOCOLATE WITH ALMOND BRITTLE,643,2669,5.2,43,43,50,,0.084,White Chocolate,Solid,UNRESOLVED,UNRESOLVED,Unknown,unresolved,0,0,0,TRUE,2026-04-07T09:21:17.880566+00:00
LINDT LINDOR SWISS HAZELNUT MILK CHOCOLATE,612,2561,5.3,43,42,46,,,Hazelnut Milk Chocolate,Solid,UNRESOLVED,UNRESOLVED,Unknown,unresolved,0,0,0,TRUE,2026-04-07T09:21:17.880566+00:00
LINDT SURFIN GOLD,,,,,,,,,,,UNRESOLVED,UNRESOLVED,Unknown,unresolved,0,0,0,TRUE,2026-04-07T09:21:17.880566+00:00
LINDT SWISS PREMIUM ASSORTED NAPOLITAINS DARK CHOCOLATE,567,2362,6.3,53,50,36,2.7,0.064,Dark Chocolate,Solid,UNRESOLVED,UNRESOLVED,Unknown,unresolved,0,0,0,TRUE,2026-04-07T09:21:17.880566+00:00
LIVE LIFE W GREEN BANANA FLOUR,346,1447,3.9,88.3,0,1.8,9.9,,Flour,Powder,UNRESOLVED,UNRESOLVED,Unknown,unresolved,0,0,0,TRUE,2026-04-07T09:21:17.880566+00:00
LIVE LIFE W ORANGE SWEET POTATO,359,1502,1.6,20.1,4.2,0.1,3,0.055,Flour,Powder,UNRESOLVED,UNRESOLVED,Unknown,unresolved,0,0,0,TRUE,2026-04-07T09:21:17.880566+00:00
LIVE LIFE WELL BUTTERNUT FLOUR,364,1522.97,10,76,0.3,1,,0.002,Butternut Flour,Powder,UNRESOLVED,UNRESOLVED,Unknown,unresolved,0,0,0,TRUE,2026-04-07T09:21:17.880566+00:00
LIVE LIFE WELL CARROT FLOUR,178.947,748.716,5.26316,40.3509,,0,,,Carrot Flour,Powder,UNRESOLVED,UNRESOLVED,Unknown,unresolved,0,0,0,TRUE,2026-04-07T09:21:17.880566+00:00
LIVE LIFE WELL ORGANIC PORRIDGE OATS,370,1548.08,11,58,1,8,10,,Oats,Solid,UNRESOLVED,UNRESOLVED,Unknown,unresolved,0,0,0,TRUE,2026-04-07T09:21:17.880566+00:00
LIVE LIFE WELL PUMPKIN FLOUR,364.286,1524.14,14.2857,71.4286,28.5714,3.57143,,0.025,Pumpkin Flour,Powder,UNRESOLVED,UNRESOLVED,Unknown,unresolved,0,0,0,TRUE,2026-04-07T09:21:17.880566+00:00
LIWEI CRACKER,200,836.8,6.66667,31.6667,,5,5,,Cracker,Solid,UNRESOLVED,UNRESOLVED,Unknown,unresolved,0,0,0,TRUE,2026-04-07T09:21:17.880566+00:00
LIZI ORGANIC NUTS & SEEDS GRANOLA,,,,,,,,,,,UNRESOLVED,UNRESOLVED,Unknown,unresolved,0,0,0,TRUE,2026-04-07T09:21:17.880566+00:00
LIZI ORIGINAL GRANOLA NUTS AND SEED,,,,,,,,,,,UNRESOLVED,UNRESOLVED,Unknown,unresolved,0,0,0,TRUE,2026-04-07T09:21:17.880566+00:00
LOACKER CHOCOLATE SANDWICH WAFER,,,,,,,,,Wafer,Solid,UNRESOLVED,UNRESOLVED,Unknown,unresolved,0,0,0,TRUE,2026-04-07T09:21:17.880566+00:00
LOACKER CLASSIC VANILLA WAFER,,,,,,,,,,,UNRESOLVED,UNRESOLVED,Unknown,unresolved,0,0,0,TRUE,2026-04-07T09:21:17.880566+00:00
LOACKER CRISPY DOUBLE CHOCOLATE CREAM WAFERS,521.739,2182.61,8.69565,60.8696,30.4348,26.087,,0.130435,Wafers,Solid,UNRESOLVED,UNRESOLVED,Unknown,unresolved,0,0,0,TRUE,2026-04-07T09:21:17.880566+00:00
LOACKER QUADRATINI BITE SIZE VANILLA WAFER COOKIES,517,2163,7,61,30,26,,0.162,Wafer Cookies,Solid,UNRESOLVED,UNRESOLVED,Unknown,unresolved,0,0,0,TRUE,2026-04-07T09:21:17.880566+00:00
LONG KOU GREEN BEAN VERMICELLI,,,,,,,,,Vermicelli,Solid,UNRESOLVED,UNRESOLVED,Unknown,unresolved,0,0,0,TRUE,2026-04-07T09:21:17.880566+00:00
LOTTE ECLAIR HONEY,,,,,,,,,,,UNRESOLVED,UNRESOLVED,Unknown,unresolved,0,0,0,TRUE,2026-04-07T09:21:17.880566+00:00
LOTTE PEPERO ALMOND STICK B,,,,,,,,,,,UNRESOLVED,UNRESOLVED,Unknown,unresolved,0,0,0,TRUE,2026-04-07T09:21:17.880566+00:00
LOTTE PEPERO CHOCO FILED STICK B,,,,,,,,,,,UNRESOLVED,UNRESOLVED,Unknown,unresolved,0,0,0,TRUE,2026-04-07T09:21:17.880566+00:00
LOTTE PEPERO ORIGINAL STICKS B,,,,,,,,,,,UNRESOLVED,UNRESOLVED,Unknown,unresolved,0,0,0,TRUE,2026-04-07T09:21:17.880566+00:00
LOTTE PEPERO WHITE COOKING STICK B,,,,,,,,,,,UNRESOLVED,UNRESOLVED,Unknown,unresolved,0,0,0,TRUE,2026-04-07T09:21:17.880566+00:00
LOTUS BISCOFF SPREAD COOKIE BUTTER,365,2430,2.9,57,36.8,38.1,,0.216,Cookie Butter,Cream,UNRESOLVED,UNRESOLVED,Unknown,unresolved,0,0,0,TRUE,2026-04-07T09:21:17.880566+00:00
LOTUS BISCOFF SPREAD CRUNCHY,,,,,,,,,,,UNRESOLVED,UNRESOLVED,Unknown,unresolved,0,0,0,TRUE,2026-04-07T09:21:17.880566+00:00
LOTUS HOME BAKING FLOUR,,,,,,,,,,,UNRESOLVED,UNRESOLVED,Unknown,unresolved,0,0,0,TRUE,2026-04-07T09:21:17.880566+00:00
LOUISIANA BRAND HOT SAUCE,,,,,,,,,,,UNRESOLVED,UNRESOLVED,Unknown,unresolved,0,0,0,TRUE,2026-04-07T09:21:17.880566+00:00
LOUISIANA BRAND HOTTER HOT SAUCE,,,,,,,,,,,UNRESOLVED,UNRESOLVED,Unknown,unresolved,0,0,0,TRUE,2026-04-07T09:21:17.880566+00:00
LOVERAW CRE&M SALTED CARAMEL WAFER,,,,,,,,,,,UNRESOLVED,UNRESOLVED,Unknown,unresolved,0,0,0,TRUE,2026-04-07T09:21:17.880566+00:00
LOVERAW CRE&M WHITE CHOCOLATE WAFER,,,,,,,,,,,UNRESOLVED,UNRESOLVED,Unknown,unresolved,0,0,0,TRUE,2026-04-07T09:21:17.880566+00:00
LOVERAW MILK CHOCOLATE PNB,,,,,,,,,,,UNRESOLVED,UNRESOLVED,Unknown,unresolved,0,0,0,TRUE,2026-04-07T09:21:17.880566+00:00
LU BAKERI CLASSIC BISCUIT,,,,,,,,,,,UNRESOLVED,UNRESOLVED,Unknown,unresolved,0,0,0,TRUE,2026-04-07T09:21:17.880566+00:00
LU PRINCE CHOCOLATE BISCUIT,525,2196.6,4.9,68,34.4,25.6,,0.136,Chocolate Biscuit,Solid,UNRESOLVED,UNRESOLVED,Unknown,unresolved,0,0,0,TRUE,2026-04-07T09:21:17.880566+00:00
LUCOZADE BOOST BUZZ ENERGY DRINK,355,1485.32,1,87,70,1,,,Energy Drink,Liquid,ENERGY DRINKS,ENERGY DRINKS,Ultra-processed foods,simulated_lookup_fuzzy,0.745,0.715,0.735,TRUE,2026-04-07T09:21:17.880566+00:00
LUCOZADE BOOST GLUCOSE ENERGY DRINK,355,1485.32,1,87,70,1,,,Energy Drink,Liquid,UNRESOLVED,UNRESOLVED,Unknown,unresolved,0,0,0,TRUE,2026-04-07T09:21:17.880566+00:00
LUKHOLELE FINE GRIND ROASTED COFFEE,1,4,1,1,1,1,1,,Coffee,Powder,UNRESOLVED,UNRESOLVED,Unknown,unresolved,0,0,0,TRUE,2026-04-07T09:21:17.880566+00:00
LUNA CONCENTRATED EVAPORATED MILK KARAK,139,581.576,6.2,10.4,10.4,8.1,0.5,6.00E-05,Milk Karak,Liquid,UNRESOLVED,UNRESOLVED,Unknown,unresolved,0,0,0,TRUE,2026-04-07T09:21:17.880566+00:00
LUNA CREAM,137,573,6,10,9,8,,,Cream Milk,Liquid,UNRESOLVED,UNRESOLVED,Unknown,unresolved,0,0,0,TRUE,2026-04-07T09:21:17.880566+00:00
LUNN BLACK SALT,0,0,0,0,0,0,0,34,Black Salt,Solid,UNRESOLVED,UNRESOLVED,Unknown,unresolved,0,0,0,TRUE,2026-04-07T09:21:17.880566+00:00
LUNN CINNAMON AND SUGAR,397.1,1661.46,10.5,85.4,54.2,1.5,,0.0091,Cinnamon And Sugar,Solid,UNRESOLVED,UNRESOLVED,Unknown,unresolved,0,0,0,TRUE,2026-04-07T09:21:17.880566+00:00
LUNN DESSERT FINE SALT,0,0,0,0,0,0,,0.034,Fine Salt,Solid,UNRESOLVED,UNRESOLVED,Unknown,unresolved,0,0,0,TRUE,2026-04-07T09:21:17.880566+00:00
LUNN GRINDER BLACK SALT,0,0,0,0,0,0,0,34,Black Salt,Solid,UNRESOLVED,UNRESOLVED,Unknown,unresolved,0,0,0,TRUE,2026-04-07T09:21:17.880566+00:00
LUNN HIMALAYAN PINK ROCK SALT,0,0,0,0,0,0,0,34,Pink Rock Salt,Solid,UNRESOLVED,UNRESOLVED,Unknown,unresolved,0,0,0,TRUE,2026-04-07T09:21:17.880566+00:00
LUNN LOW SODIUM DESERT SALT,0,0,0,0,0,0,,24.58,Salt,Solid,UNRESOLVED,UNRESOLVED,Unknown,unresolved,0,0,0,TRUE,2026-04-07T09:21:17.880566+00:00
LUNN MINERAL RICH DESERT SALT,0,0,0,0,0,0,0,34,Salt,Solid,UNRESOLVED,UNRESOLVED,Unknown,unresolved,0,0,0,TRUE,2026-04-07T09:21:17.880566+00:00
LUNN THAI SEASONING,1120,4686.08,10.2,30.9,17,7.6,,,Seasoning,Solid,UNRESOLVED,UNRESOLVED,Unknown,unresolved,0,0,0,TRUE,2026-04-07T09:21:17.880566+00:00
LUNN� ROCK DESERT SALT,,,,,,,,,,,UNRESOLVED,UNRESOLVED,Unknown,unresolved,0,0,0,TRUE,2026-04-07T09:21:17.880566+00:00
LYONS BURGER SAUCE,,,,,,,,,Burger Sauce,Paste,UNRESOLVED,UNRESOLVED,Unknown,unresolved,0,0,0,TRUE,2026-04-07T09:21:17.880566+00:00
LYONS CHILLI MAYO CREAMY MAYONNAISE,385.1,1611,1.4,9.9,6,38.4,,0.492,Mayonnaise,Paste,UNRESOLVED,UNRESOLVED,Unknown,unresolved,0,0,0,TRUE,2026-04-07T09:21:17.880566+00:00
LYONS CHILLI SAUCE,88,368.192,1.7,9.6,1.1,2.4,4.7,,Chilli Sauce,Paste,TABLE SAUCES,CHILLI/HOT SAUCE,Ultra-processed foods,simulated_lookup_fuzzy,0.842,0.812,0.832,TRUE,2026-04-07T09:21:17.880566+00:00
LYONS GARLIC MAYO CREAMY MAYONNAISE,724,2979,1.9,1.1,1.1,79.1,,,Mayonnaise,Paste,UNRESOLVED,UNRESOLVED,Unknown,unresolved,0,0,0,TRUE,2026-04-07T09:21:17.880566+00:00
LYONS GOURMET MAYONNAISE,100,418.4,,,,2,,0.075,Mayonnaise,Paste,UNRESOLVED,UNRESOLVED,Unknown,unresolved,0,0,0,TRUE,2026-04-07T09:21:17.880566+00:00
LYONS GREEK LIGHT SALAD DRESSING,1970,8242.48,3,3,0,0,,0,Salad Dressing,Paste,UNRESOLVED,UNRESOLVED,Unknown,unresolved,0,0,0,TRUE,2026-04-07T09:21:17.880566+00:00
LYONS GREEK VINAIGRETTE SALAD DRESSING,,,,,,,,,Salad Dressing,Paste,UNRESOLVED,UNRESOLVED,Unknown,unresolved,0,0,0,TRUE,2026-04-07T09:21:17.880566+00:00
LYONS HOT AND SWEET SAUCE,108.64,454.55,0.81,26.27,24.54,0.25,1.05,,Sauce,Paste,TABLE SAUCES,CHILLI/HOT SAUCE,Ultra-processed foods,simulated_lookup_fuzzy,0.84,0.81,0.83,TRUE,2026-04-07T09:21:17.880566+00:00
LYONS ISLAND SALAD DRESSING,154,644.33,6,12,3,3,2.5,0.252,Salad Dressing,Cream,UNRESOLVED,UNRESOLVED,Unknown,unresolved,0,0,0,TRUE,2026-04-07T09:21:17.880566+00:00
LYONS ITALIAN LIGHT SALAD DRESSING,,,,,,,,,Salad Dressing,Paste,UNRESOLVED,UNRESOLVED,Unknown,unresolved,0,0,0,TRUE,2026-04-07T09:21:17.880566+00:00
LYONS ITALIAN VINAIGRETTE SALAD DRESSING,,,,,,,,,Salad Dressing,Paste,UNRESOLVED,UNRESOLVED,Unknown,unresolved,0,0,0,TRUE,2026-04-07T09:21:17.880566+00:00
LYONS LIGHT MAYO MAYONNAISE,,,,,,,,,Mayonnaise,Paste,UNRESOLVED,UNRESOLVED,Unknown,unresolved,0,0,0,TRUE,2026-04-07T09:21:17.880566+00:00
LYONS LIGHT MAYONNAISE,280,1171.52,,,,26.6667,,,Mayonnaise,Cream,UNRESOLVED,UNRESOLVED,Unknown,unresolved,0,0,0,TRUE,2026-04-07T09:21:17.880566+00:00
LYONS MAID CHOCOMANIA CHOCOLATE SPREAD,537,2247,5,55.8,54.9,32.6,,,Chocolate Spread,Paste,UNRESOLVED,UNRESOLVED,Unknown,unresolved,0,0,0,TRUE,2026-04-07T09:21:17.880566+00:00
LYONS MAID CHOCOTELLA,77,322.168,2,12,,4,,,Ice Cream,Cream,UNRESOLVED,UNRESOLVED,Unknown,unresolved,0,0,0,TRUE,2026-04-07T09:21:17.880566+00:00
LYONS MAID DARK COMPOUND CHOCOLATE,532,2225.89,7,59,43,30.2,0,0,Chocolate,Solid,UNRESOLVED,UNRESOLVED,Unknown,unresolved,0,0,0,TRUE,2026-04-07T09:21:17.880566+00:00
LYONS MAID MILK COMPOUND CHOCOLATE,546,2284.46,6.2,58,,31.8,,,Chocolate,Solid,UNRESOLVED,UNRESOLVED,Unknown,unresolved,0,0,0,TRUE,2026-04-07T09:21:17.880566+00:00
LYONS MAID WHITE COMPOUND CHOCOLATE,558,2334.67,5.05,62.23,,33.26,,,Chocolate,Solid,UNRESOLVED,UNRESOLVED,Unknown,unresolved,0,0,0,TRUE,2026-04-07T09:21:17.880566+00:00
LYONS MAYOWHIP CREAMING AND TANGY DRESSING EGGLESS MAYONNAISE,210,878.64,0.75,4,2,22,0,0.0006,Mayonnaise,Paste,UNRESOLVED,UNRESOLVED,Unknown,unresolved,0,0,0,TRUE,2026-04-07T09:21:17.880566+00:00
LYONS SALAD CREAM SALAD DRESSING,268,1121.31,0,25,24,28,0,0.79,Salad Dressing,Paste,UNRESOLVED,UNRESOLVED,Unknown,unresolved,0,0,0,TRUE,2026-04-07T09:21:17.880566+00:00
LYONS SUBSTITUTE WHITE VINEGAR,,,,,,,,,White Vinegar,Liquid,UNRESOLVED,UNRESOLVED,Unknown,unresolved,0,0,0,TRUE,2026-04-07T09:21:17.880566+00:00
LYONS TOMATO KETCHUO,24.5902,102.885,1.63934,4.91803,1.63934,0,1.63934,0.459016,Tomato Sauce,Paste,TABLE SAUCES,TOMATO KETCHUP,Ultra-processed foods,simulated_lookup_fuzzy,0.81,0.78,0.8,TRUE,2026-04-07T09:21:17.880566+00:00
LYONS TOMATO SAUCE,15,62.76,1,3,1,,1,0.28,Tomato Sauce,Paste,TABLE SAUCES,TOMATO SAUCE,Ultra-processed foods,simulated_lookup_fuzzy,0.842,0.812,0.832,TRUE,2026-04-07T09:21:17.880566+00:00
M&M'S CRISPY BUNNY NEW,,,,,,,,,,,UNRESOLVED,UNRESOLVED,Unknown,unresolved,0,0,0,TRUE,2026-04-07T09:21:17.880566+00:00
M&MS CHOCOLATE,516,2157,10,58,53,26,,,Chocolate Bar,Solid,UNRESOLVED,UNRESOLVED,Unknown,unresolved,0,0,0,TRUE,2026-04-07T09:21:17.880566+00:00
MA CUISINE CLASSIC TARTARE SAUCE,397.1,1661.46,10.5,85.4,54.2,1.5,,0.0091,Sauce,Paste,UNRESOLVED,UNRESOLVED,Unknown,unresolved,0,0,0,TRUE,2026-04-07T09:21:17.880566+00:00
MA CUISINE JUST MIXED FRUIT JAM,285,1192.44,0.5,70,70,0,0.5,0.12,Jam,Jelly,JAM/OTHER SPREADS,FRUIT JAM,Ultra-processed foods,simulated_lookup_fuzzy,0.731,0.701,0.721,TRUE,2026-04-07T09:21:17.880566+00:00
MA CUISINE JUST RASPBERRY JAM,232,970.688,0.5,56,0.3,0.5,3.9,0.007,Jam,Jelly,UNRESOLVED,UNRESOLVED,Unknown,unresolved,0,0,0,TRUE,2026-04-07T09:21:17.880566+00:00
MA CUISINE JUST STRAWBERRY JAM,240,1021,0,59,59,0,1.1,,Jam,Jelly,JAM/OTHER SPREADS,FRUIT JAM,Ultra-processed foods,simulated_lookup_fuzzy,0.72,0.69,0.71,TRUE,2026-04-07T09:21:17.880566+00:00
MA CUISINE MANGO CHUTNEY,136,569.024,0.8,32.8,2.4,1.2,,,Mango Chutney,Paste,UNRESOLVED,UNRESOLVED,Unknown,unresolved,0,0,0,TRUE,2026-04-07T09:21:17.880566+00:00
MA CUISINE SEVILLE ORANGE MARMALADE FRUIT JAM,245,1025.08,0.3,65,60,0.3,0.7,0.037,Jam,Jelly,UNRESOLVED,UNRESOLVED,Unknown,unresolved,0,0,0,TRUE,2026-04-07T09:21:17.880566+00:00
MA CUISINE TOMATO CHUTNEY,313,1309.59,0.1,61,27,0.1,1,0.52,Tomato Chutney,Paste,UNRESOLVED,UNRESOLVED,Unknown,unresolved,0,0,0,TRUE,2026-04-07T09:21:17.880566+00:00
MA CUISINE WILD BUSH HONEY,340,1422.5,,85,,,,,Honey,Liquid,UNRESOLVED,UNRESOLVED,Unknown,unresolved,0,0,0,TRUE,2026-04-07T09:21:17.880566+00:00
MAC ANDREWS CHOCOLATE CHIP AND HAZELNUT COOKIES,457,1912.09,5,60,38,23,4,0.027,Cookies,Solid,UNRESOLVED,UNRESOLVED,Unknown,unresolved,0,0,0,TRUE,2026-04-07T09:21:17.880566+00:00
MACCOFFEE 3 IN 1 HAZELNUT COFFEE,430,1799.12,3,83,,10,,,Coffee,Powder,UNRESOLVED,UNRESOLVED,Unknown,unresolved,0,0,0,TRUE,2026-04-07T09:21:17.880566+00:00
MACCOFFEE 3 IN 1 HAZELNUT COFFEE X OF,430,1799.12,3,83,,10,,,Coffee,Powder,UNRESOLVED,UNRESOLVED,Unknown,unresolved,0,0,0,TRUE,2026-04-07T09:21:17.880566+00:00
MACCOFFEE 3 IN 1 IRISH CREAM COFFEE,420,1757.28,3,81,,9,,,Coffee,Powder,UNRESOLVED,UNRESOLVED,Unknown,unresolved,0,0,0,TRUE,2026-04-07T09:21:17.880566+00:00
MACCOFFEE 3 IN 1 MORNING WHITE COFFEE MIX,450,1882.8,5,70,37.5,17.5,,0.325,Coffee Mix,Powder,UNRESOLVED,UNRESOLVED,Unknown,unresolved,0,0,0,TRUE,2026-04-07T09:21:17.880566+00:00
MACCOFFEE 3 IN 1 PLUS WHITE COFFEE MIX,425,1780,19.7,36.8,33.3,19.7,4.3,0.33,White Coffee Mix,Powder,UNRESOLVED,UNRESOLVED,Unknown,unresolved,0,0,0,TRUE,2026-04-07T09:21:17.880566+00:00
MACCOFFEE 3 IN 1 PLUS WHITE COFFEE MIX X OF,425,1780,19.7,36.8,33.3,19.7,4.3,0.33,White Coffee Mix,Powder,UNRESOLVED,UNRESOLVED,Unknown,unresolved,0,0,0,TRUE,2026-04-07T09:21:17.880566+00:00
MACCOFFEE 3 IN 1 STRONG COFFEE,426,1782.38,4.5,78,55,10,2.5,,Coffee,Powder,UNRESOLVED,UNRESOLVED,Unknown,unresolved,0,0,0,TRUE,2026-04-07T09:21:17.880566+00:00
MACCOFFEE CAFE PHO 3 IN 1 INSTANT ICED COFFEE,475,1987.4,3.91667,71.6667,48.3333,18.9167,,0.366667,Instant Iced Coffee,Powder,UNRESOLVED,UNRESOLVED,Unknown,unresolved,0,0,0,TRUE,2026-04-07T09:21:17.880566+00:00
MACCOFFEE CAFE PHO 3 IN 1 INSTANT ICED COFFEE X OF,475,1987.4,3.91667,71.6667,48.3333,18.9167,,0.366667,Instant Iced Coffee,Powder,UNRESOLVED,UNRESOLVED,Unknown,unresolved,0,0,0,TRUE,2026-04-07T09:21:17.880566+00:00
MACCOFFEE CLASSIC COFFEE,0.3,,2,100,,0.004,,,Food,,COFFEE,COFFEE - UNSWEETENED WITHOUT MILK,Unprocessed/Minimally processed foods,simulated_lookup_fuzzy,0.766,0.736,0.756,TRUE,2026-04-07T09:21:17.880566+00:00
MACCOFFEE CLASSIC INSTANT COFFEE MIX,304,1276,22.6,40.2,0.5,0.5,23.7,0.03655,Instant Coffee Mix,Powder,COFFEE,COFFEE - UNSWEETENED WITHOUT MILK,Unprocessed/Minimally processed foods,simulated_lookup_fuzzy,0.746,0.716,0.736,TRUE,2026-04-07T09:21:17.880566+00:00
MACCOFFEE CREME NON DAIRY CREAMER,551,2305.38,1.2,57,7.6,34,,,Dairy Creamer,Powder,UNRESOLVED,UNRESOLVED,Unknown,unresolved,0,0,0,TRUE,2026-04-07T09:21:17.880566+00:00
MACCOFFEE KENYAN COFFEE MEDIUM,42,175.728,,8,,,,,Coffee,Solid,UNRESOLVED,UNRESOLVED,Unknown,unresolved,0,0,0,TRUE,2026-04-07T09:21:17.880566+00:00
MACCOFFEE KENYAN KAHAWA MEDIUM ROAST MEDIUM GRIND COFFEE,6.32911,418.397,,,,,,,Coffee,Powder,UNRESOLVED,UNRESOLVED,Unknown,unresolved,0,0,0,TRUE,2026-04-07T09:21:17.880566+00:00
MACCOFFEE STRONG 3 IN 1 COFFEE X 20 PIECES,91,380.744,0.5,15.5,13.6,3,0.5,0.0252,Coffee,Powder,UNRESOLVED,UNRESOLVED,Unknown,unresolved,0,0,0,TRUE,2026-04-07T09:21:17.880566+00:00
MACTEA ORIGINAL 3 IN 1 MILK INSTANT TEA MIX,89,372,0.4,16.7,13.2,2.2,0.2,0.02,Instant Tea Mix,Powder,UNRESOLVED,UNRESOLVED,Unknown,unresolved,0,0,0,TRUE,2026-04-07T09:21:17.880566+00:00
MACUISINE GARLIC MAYONNAISE,580,2426.72,1,9,4,,,0.45,Mayonnaise,Paste,UNRESOLVED,UNRESOLVED,Unknown,unresolved,0,0,0,TRUE,2026-04-07T09:21:17.880566+00:00
MACUISINE GOOD BEE HONEY,272.51,1140.18,0.3,66.79,,0.11,,,Honey,Paste,UNRESOLVED,UNRESOLVED,Unknown,unresolved,0,0,0,TRUE,2026-04-07T09:21:17.880566+00:00
MACUISINE HOT TOMATO KETCHUP,,,,,,,,,,,UNRESOLVED,UNRESOLVED,Unknown,unresolved,0,0,0,TRUE,2026-04-07T09:21:17.880566+00:00
MACUISINE JUST MAYONNAISE,680,2845.12,1,0.6,0.6,12,,0.635,Mayonnaise,Paste,UNRESOLVED,UNRESOLVED,Unknown,unresolved,0,0,0,TRUE,2026-04-07T09:21:17.880566+00:00
MACUISINE REAL TOMATO KETCHUP,,,,,,,,,,,UNRESOLVED,UNRESOLVED,Unknown,unresolved,0,0,0,TRUE,2026-04-07T09:21:17.880566+00:00
MACUISINE VEGAN MAYONNAISE,654,2738,0.5,3.9,2.7,72,,,Mayonnaise,Paste,UNRESOLVED,UNRESOLVED,Unknown,unresolved,0,0,0,TRUE,2026-04-07T09:21:17.880566+00:00
MAGGI STAR FORTIFIED SEASONING CUBES X OF,173,728,5.1,29,0.4,3.7,,,Seasoning Cubes,Powder,UNRESOLVED,UNRESOLVED,Unknown,unresolved,0,0,0,TRUE,2026-04-07T09:21:17.880566+00:00
MAGICAL GUMMY BANANAS,340,,7.9,75.7,52.5,0.1,0,0.028,Food,solid,UNRESOLVED,UNRESOLVED,Unknown,unresolved,0,0,0,TRUE,2026-04-07T09:21:17.880566+00:00
MAGICAL GUMMY BONES,340,,7.9,75.7,52.5,0.1,0,0.028,Food,solid,UNRESOLVED,UNRESOLVED,Unknown,unresolved,0,0,0,TRUE,2026-04-07T09:21:17.880566+00:00
MAGICAL GUMMY CHEESE CAKE,,,,,,,,,,,UNRESOLVED,UNRESOLVED,Unknown,unresolved,0,0,0,TRUE,2026-04-07T09:21:17.880566+00:00
MAGICAL GUMMY COLA BOTTLES,340,,7.9,75.7,52.5,0.1,0,0.028,Food,solid,UNRESOLVED,UNRESOLVED,Unknown,unresolved,0,0,0,TRUE,2026-04-07T09:21:17.880566+00:00
MAGICAL GUMMY FRUIT,,,,,,,,,,,UNRESOLVED,UNRESOLVED,Unknown,unresolved,0,0,0,TRUE,2026-04-07T09:21:17.880566+00:00
MAGICAL GUMMY RING,340,,7.9,75.7,52.5,0.1,0,0.028,Food,solid,UNRESOLVED,UNRESOLVED,Unknown,unresolved,0,0,0,TRUE,2026-04-07T09:21:17.880566+00:00
MAGICAL GUMMY TEETH,,,,,,,,,,,UNRESOLVED,UNRESOLVED,Unknown,unresolved,0,0,0,TRUE,2026-04-07T09:21:17.880566+00:00
MAGICAL GUMMY TURTLE,340,,7.9,75.7,52.5,0.1,0,0.028,Food,solid,UNRESOLVED,UNRESOLVED,Unknown,unresolved,0,0,0,TRUE,2026-04-07T09:21:17.880566+00:00
MAGICAL SOUR GUMMY WORMS,340,,7.9,75.7,52.5,0.1,0,0.028,Food,solid,UNRESOLVED,UNRESOLVED,Unknown,unresolved,0,0,0,TRUE,2026-04-07T09:21:17.880566+00:00
MAILLE DIJON ORIGINAL MUSTARD,151,631,7,3.5,1.9,11,2,,Mustard,Solid,UNRESOLVED,UNRESOLVED,Unknown,unresolved,0,0,0,TRUE,2026-04-07T09:21:17.880566+00:00
MAISHA DRINKING WATER,0,0,,,,,,0.004,Water,Liquid,COCOA,COCOA - SWEETENED WITHOUT MILK,Ultra-processed foods,simulated_lookup_fuzzy,0.727,0.697,0.717,TRUE,2026-04-07T09:21:17.880566+00:00
MALBROS DAAWAT AROMATIC RICE,366.667,1533.33,8.88889,80,,,,,Rice,Solid,UNRESOLVED,UNRESOLVED,Unknown,unresolved,0,0,0,TRUE,2026-04-07T09:21:17.880566+00:00
MALBROS DAAWAT BIRYANI RICE,350,1464,8.8,78,,0.47,1.6,0.0017,Rice,Solid,CEREAL GRAINS,WHITE RICE,Unprocessed/Minimally processed foods,simulated_lookup_fuzzy,0.826,0.796,0.816,TRUE,2026-04-07T09:21:17.880566+00:00
MALBROS DAAWAT BROWN RICE,350,1464,9.7,75,,2.5,2.5,0.005,Rice,Solid,CEREAL GRAINS,BROWN RICE,Unprocessed/Minimally processed foods,simulated_lookup_fuzzy,0.81,0.78,0.8,TRUE,2026-04-07T09:21:17.880566+00:00
MALBROS DAAWAT LONG GRAIN RICE,129.747,542.405,2.72152,28.481,0.0632911,0.253165,0.379747,0.00101266,Rice,Solid,CEREAL GRAINS,WHITE RICE,Unprocessed/Minimally processed foods,simulated_lookup_fuzzy,0.846,0.816,0.836,TRUE,2026-04-07T09:21:17.880566+00:00
MALTERSERS CHOCOLATE BALL,505,2115,8.2,62,52,25,0,0.17,Chocolate,Solid,UNRESOLVED,UNRESOLVED,Unknown,unresolved,0,0,0,TRUE,2026-04-07T09:21:17.880566+00:00
MALTESERS BUNNY POPCORN NEW,,,,,,,,,,,UNRESOLVED,UNRESOLVED,Unknown,unresolved,0,0,0,TRUE,2026-04-07T09:21:17.880566+00:00
MALTESERS MINI BUNNIES C STRIP,,,,,,,,,,,UNRESOLVED,UNRESOLVED,Unknown,unresolved,0,0,0,TRUE,2026-04-07T09:21:17.880566+00:00
MALTESERS SMALL BOX,503,2105,8.1,62,53,25,,,Chocolate Box,Solid,UNRESOLVED,UNRESOLVED,Unknown,unresolved,0,0,0,TRUE,2026-04-07T09:21:17.880566+00:00
MALTESERS SPREAD,,,,,,,,,,,UNRESOLVED,UNRESOLVED,Unknown,unresolved,0,0,0,TRUE,2026-04-07T09:21:17.880566+00:00
MAMA'S CHOICE CHIPS SAUCE,82,336,4.3,19,12,0.5,4.1,0.059,Chips Sauce,Paste,UNRESOLVED,UNRESOLVED,Unknown,unresolved,0,0,0,TRUE,2026-04-07T09:21:17.880566+00:00
MAMA'S CHOICE CHIPS TOMATO SAUCE,82,336,4.3,19,12,0.5,4.1,0.059,Sauce,Paste,UNRESOLVED,UNRESOLVED,Unknown,unresolved,0,0,0,TRUE,2026-04-07T09:21:17.880566+00:00
MAMAS CHOICE CHILLI,114.286,477.143,11.4286,2.85714,2.85714,8.57143,0,0.485714,Chilli Sauce,Liquid,UNRESOLVED,UNRESOLVED,Unknown,unresolved,0,0,0,TRUE,2026-04-07T09:21:17.880566+00:00
MAMA’S CHOICE CHIPS SAUCE,82,336,100,19,12,0.5,,,437kcal,0g,UNRESOLVED,UNRESOLVED,Unknown,unresolved,0,0,0,TRUE,2026-04-07T09:21:17.880566+00:00
MANGO FRESH JUICE,,,,,,,,,Juice,Liquid,UNRESOLVED,UNRESOLVED,Unknown,unresolved,0,0,0,TRUE,2026-04-07T09:21:17.880566+00:00
MANJI ASSORTED CREAM BISCUITS,400,1673.6,6.4,51.2,,18.4,,,Biscuits,Solid,UNRESOLVED,UNRESOLVED,Unknown,unresolved,0,0,0,TRUE,2026-04-07T09:21:17.880566+00:00
MANJI BISCUITS ASSORTED BUDGET1K,,,,,,,,,,,UNRESOLVED,UNRESOLVED,Unknown,unresolved,0,0,0,TRUE,2026-04-07T09:21:17.880566+00:00
MANJI BISCUITS CHOCOLATE,,,,,,,,,,,UNRESOLVED,UNRESOLVED,Unknown,unresolved,0,0,0,TRUE,2026-04-07T09:21:17.880566+00:00
MANJI BISCUITS CLASSIC COMBO 1K,468,1958.11,8,68,,16,,,Biscuit,Solid,UNRESOLVED,UNRESOLVED,Unknown,unresolved,0,0,0,TRUE,2026-04-07T09:21:17.880566+00:00
MANJI BISCUITS DIGESTIVE,459,1920.46,5,72,,17,,,Biscuit,Solid,UNRESOLVED,UNRESOLVED,Unknown,unresolved,0,0,0,TRUE,2026-04-07T09:21:17.880566+00:00
MANJI BUTTER CASHEW COOKIES,,,,,,,,,Cookies,Solid,"COOKIES, BISCUITS AND WAFERS",COOKIES,Ultra-processed foods,simulated_lookup_fuzzy,0.931,0.901,0.921,FALSE,2026-04-07T09:21:17.880566+00:00
MANJI CHOCOLATE CHIPS COOKIES,466.667,1952.53,,60,53.3333,6.66667,26.6667,0.0666667,Cookies,Solid,"COOKIES, BISCUITS AND WAFERS",COOKIES,Ultra-processed foods,simulated_lookup_fuzzy,0.755,0.725,0.745,TRUE,2026-04-07T09:21:17.880566+00:00
MANJI CHOCOLATE CREAM BISCUITS,,,,,,,,,Biscuits,Solid,UNRESOLVED,UNRESOLVED,Unknown,unresolved,0,0,0,TRUE,2026-04-07T09:21:17.880566+00:00
MANJI CHOCOLATE DIGESTIVE BISCUIT,1530,6401.53,16.6667,240,,56.6667,,,Digestive Biscuit,Solid,UNRESOLVED,UNRESOLVED,Unknown,unresolved,0,0,0,TRUE,2026-04-07T09:21:17.880566+00:00
MANJI CLASSIC REAL GINGER COOKIES,,,,,,,,,Cookies,Solid,UNRESOLVED,UNRESOLVED,Unknown,unresolved,0,0,0,TRUE,2026-04-07T09:21:17.880566+00:00
MANJI COCONUT COOKIES,,,,,,,,,Cookies,Solid,"COOKIES, BISCUITS AND WAFERS",COOKIES,Ultra-processed foods,simulated_lookup_fuzzy,0.791,0.761,0.781,TRUE,2026-04-07T09:21:17.880566+00:00
MANJI COOKIES FAIRYLAND CHIPS,459,1920.46,5,64,,27,,,Cookies,Solid,UNRESOLVED,UNRESOLVED,Unknown,unresolved,0,0,0,TRUE,2026-04-07T09:21:17.880566+00:00
MANJI CUSTARD CREAM BISCUITS,588,2460.19,6,68,,19,,,Biscuits,Solid,UNRESOLVED,UNRESOLVED,Unknown,unresolved,0,0,0,TRUE,2026-04-07T09:21:17.880566+00:00
MANJI DIGESTIVE BISCUIT,1530,6401.53,16.6667,240,,56.6667,,,Biscuit,Solid,"COOKIES, BISCUITS AND WAFERS",BISCUITS,Ultra-processed foods,simulated_lookup_fuzzy,0.8,0.77,0.79,TRUE,2026-04-07T09:21:17.880566+00:00
MANJI DINNER CRACKERS BISCUIT,512,2142.21,,64,,20,,0.044,Biscuit,Solid,"COOKIES, BISCUITS AND WAFERS",BISCUITS,Ultra-processed foods,simulated_lookup_fuzzy,0.721,0.691,0.711,TRUE,2026-04-07T09:21:17.880566+00:00
MANJI FAMILY BISCUITS,468,1958,8,68,0,16,0,0,Biscuit,Solid,"COOKIES, BISCUITS AND WAFERS",BISCUITS,Ultra-processed foods,simulated_lookup_fuzzy,0.762,0.732,0.752,TRUE,2026-04-07T09:21:17.880566+00:00
MANJI GINGER COOKIES,,,,,,,,,Cookies,Solid,"COOKIES, BISCUITS AND WAFERS",COOKIES,Ultra-processed foods,simulated_lookup_fuzzy,0.909,0.879,0.899,FALSE,2026-04-07T09:21:17.880566+00:00
MANJI GINGER SNAPS BISCUITS,,,,,,,,,Biscuit,Solid,"COOKIES, BISCUITS AND WAFERS",BISCUITS,Ultra-processed foods,simulated_lookup_fuzzy,0.78,0.75,0.77,TRUE,2026-04-07T09:21:17.880566+00:00
MANJI GINGERNUT BISCUIT,,,,,,,,,Biscuit,Solid,"COOKIES, BISCUITS AND WAFERS",BISCUITS,Ultra-processed foods,simulated_lookup_fuzzy,0.824,0.794,0.814,TRUE,2026-04-07T09:21:17.880566+00:00
MANJI GLUCOSE BISCUIT,464,1941.3,8,72,,15,,,Biscuit,Solid,"COOKIES, BISCUITS AND WAFERS",BISCUITS,Ultra-processed foods,simulated_lookup_fuzzy,0.894,0.864,0.884,FALSE,2026-04-07T09:21:17.880566+00:00
MANJI GOOD DAY DIGESTIVE BISCUIT,459,1920.46,5,72,,17,,,Digestive Biscuit,Solid,"COOKIES, BISCUITS AND WAFERS",BISCUITS,Ultra-processed foods,simulated_lookup_fuzzy,0.741,0.711,0.731,TRUE,2026-04-07T09:21:17.880566+00:00
MANJI HIGH ENERGY EGG AND MILK BISCUIT,450,1882.8,8,74,0,15,0,0,Biscuit,Solid,UNRESOLVED,UNRESOLVED,Unknown,unresolved,0,0,0,TRUE,2026-04-07T09:21:17.880566+00:00
MANJI HIGH ENERGY HONEY AND CHOCOLATE BISCUIT,460,1924.6,8,72,24,16,6,0.34,Biscuit,Solid,UNRESOLVED,UNRESOLVED,Unknown,unresolved,0,0,0,TRUE,2026-04-07T09:21:17.880566+00:00
MANJI MANJIMIX OATS WITH ALMONDS AND RAISINS WHOLE GRAIN CEREAL BISCUITS,430.769,1802.31,,69.2308,,14.6154,,,Cereal Biscuits,Solid,UNRESOLVED,UNRESOLVED,Unknown,unresolved,0,0,0,TRUE,2026-04-07T09:21:17.880566+00:00
MANJI MARIE BISCUITS,,,,,,,,,Biscuit,Solid,"COOKIES, BISCUITS AND WAFERS",BISCUITS,Ultra-processed foods,simulated_lookup_fuzzy,0.737,0.707,0.727,TRUE,2026-04-07T09:21:17.880566+00:00
MANJI MARIE CLASSIC BISCUITS,,,,,,,,,Biscuit,Solid,"COOKIES, BISCUITS AND WAFERS",BISCUITS,Ultra-processed foods,simulated_lookup_fuzzy,0.767,0.737,0.757,TRUE,2026-04-07T09:21:17.880566+00:00
MANJI MILK CHOCOLATE CHOCOLATE FINGERS BISCUIT,509,2130,,64,37,25,2.1,,Biscuit,Solid,UNRESOLVED,UNRESOLVED,Unknown,unresolved,0,0,0,TRUE,2026-04-07T09:21:17.880566+00:00
MANJI MILKSTAR MILK BISCUIT WITH GLUCOSE,210,878.6,3,87,0,6,0,0,Biscuit,Solid,UNRESOLVED,UNRESOLVED,Unknown,unresolved,0,0,0,TRUE,2026-04-07T09:21:17.880566+00:00
MANJI MORNING BREEZE BISCUITS,,,,,,,,,Biscuit,Solid,"COOKIES, BISCUITS AND WAFERS",BISCUITS,Ultra-processed foods,simulated_lookup_fuzzy,0.755,0.725,0.745,TRUE,2026-04-07T09:21:17.880566+00:00
MANJI NICE BISCUIT,468,1958,8,68,0,16,0,0,Biscuit,Solid,"COOKIES, BISCUITS AND WAFERS",BISCUITS,Ultra-processed foods,simulated_lookup_fuzzy,0.8,0.77,0.79,TRUE,2026-04-07T09:21:17.880566+00:00
MANJI NICE BISCUITS WITH COCONUT BUDGET,468,1958,8,68,0,16,0,0,Biscuit,Solid,UNRESOLVED,UNRESOLVED,Unknown,unresolved,0,0,0,TRUE,2026-04-07T09:21:17.880566+00:00
MANJI NICE COCONUT BISCUIT,468,1958,8,68,0,16,0,0,Biscuit,Solid,UNRESOLVED,UNRESOLVED,Unknown,unresolved,0,0,0,TRUE,2026-04-07T09:21:17.880566+00:00
MANJI ORANGE CREAM BISCUIT,69,282,0,11,0,2,0,0,Biscuit,Solid,UNRESOLVED,UNRESOLVED,Unknown,unresolved,0,0,0,TRUE,2026-04-07T09:21:17.880566+00:00
MANJI ORANGE CREAM BISCUITS,588,2460,6,68,,19,,,Biscuits,Solid,UNRESOLVED,UNRESOLVED,Unknown,unresolved,0,0,0,TRUE,2026-04-07T09:21:17.880566+00:00
MANJI PINEAPPLE CREAM BISCUITS,400,1673.6,6.4,51.2,,18.4,,,Biscuits,Solid,UNRESOLVED,UNRESOLVED,Unknown,unresolved,0,0,0,TRUE,2026-04-07T09:21:17.880566+00:00
MANJI PURE BUTTER ALMOND COOKIES,286.667,1199.41,,51.3333,,10.6667,4,,Cookies,Solid,UNRESOLVED,UNRESOLVED,Unknown,unresolved,0,0,0,TRUE,2026-04-07T09:21:17.880566+00:00
MANJI SALTY SNACK BISCUIT,468,1958.11,8,68,,16,,,Biscuit,Solid,UNRESOLVED,UNRESOLVED,Unknown,unresolved,0,0,0,TRUE,2026-04-07T09:21:17.880566+00:00
MANJI SHORTBREAD BISCUITS,516,2158.94,6.54,61,18,27.5,,,Biscuits,Solid,UNRESOLVED,UNRESOLVED,Unknown,unresolved,0,0,0,TRUE,2026-04-07T09:21:17.880566+00:00
MANJI SHORTCAKE BISCUIT,416,1740.4,8,72,8,8,8,0,Biscuit,Solid,"COOKIES, BISCUITS AND WAFERS",BISCUITS,Ultra-processed foods,simulated_lookup_fuzzy,0.809,0.779,0.799,TRUE,2026-04-07T09:21:17.880566+00:00
MANJI STRAWBERRY CREAM BISCUITS,,,,,,,,,Biscuits,Solid,"COOKIES, BISCUITS AND WAFERS",BISCUITS,Ultra-processed foods,simulated_lookup_fuzzy,0.857,0.827,0.847,FALSE,2026-04-07T09:21:17.880566+00:00
MANJI SWISS BANANA WAFER,541.667,2266.33,0,62.5,33.3333,33.3333,0,0.166667,Wafer,Solid,"COOKIES, BISCUITS AND WAFERS",WAFERS,Ultra-processed foods,simulated_lookup_fuzzy,0.783,0.753,0.773,TRUE,2026-04-07T09:21:17.880566+00:00
MANJI SWISS CHOCOLATE WAFER,,,,,,,,,Wafer,Solid,"COOKIES, BISCUITS AND WAFERS",WAFERS,Ultra-processed foods,simulated_lookup_fuzzy,0.808,0.778,0.798,TRUE,2026-04-07T09:21:17.880566+00:00
MANJI SWISS STRAWBERRY WAFER,500,2092,5,71,20,22,,,Wafer,Solid,UNRESOLVED,UNRESOLVED,Unknown,unresolved,0,0,0,TRUE,2026-04-07T09:21:17.880566+00:00
MANJI TREAT CASHEW COOKIES,451,2263,6.35,66,22,18,,0.3,Cookies,Solid,"COOKIES, BISCUITS AND WAFERS",COOKIES,Ultra-processed foods,simulated_lookup_fuzzy,0.807,0.777,0.797,TRUE,2026-04-07T09:21:17.880566+00:00
MANJI TREAT MILK CHOCOLATE COOKIES,517,2163,7,65,,25,,,Cookies,Solid,"COOKIES, BISCUITS AND WAFERS",COOKIES,Ultra-processed foods,simulated_lookup_fuzzy,0.866,0.836,0.856,FALSE,2026-04-07T09:21:17.880566+00:00
MARIANDAZI BAKING POWDER,52.1739,218.283,,28.2609,,,,10.6087,Baking Powder,Powder,UNRESOLVED,UNRESOLVED,Unknown,unresolved,0,0,0,TRUE,2026-04-07T09:21:17.880566+00:00
MARINAT KIRINYAGA ARABICA DARK ROAST GROUND COFFEE,,,,,,,,,Ground Coffee,Powder,UNRESOLVED,UNRESOLVED,Unknown,unresolved,0,0,0,TRUE,2026-04-07T09:21:17.880566+00:00
MARINAT KIRINYAGA DARK ROAST COFFEE BEANS,2.4,10.0416,0.3,0,0,0.1,0,0.0047,Coffee Beans,Solid,UNRESOLVED,UNRESOLVED,Unknown,unresolved,0,0,0,TRUE,2026-04-07T09:21:17.880566+00:00
MARINAT KIRINYAGA HONEY SELECT AND GRIND ARABICA COFFEE,1,4.184,,0.1,,,,,Coffee,Powder,UNRESOLVED,UNRESOLVED,Unknown,unresolved,0,0,0,TRUE,2026-04-07T09:21:17.880566+00:00
MARINAT KIRINYAGA HONEY SELECT AND GRIND ARABICA COFFEE BEANS,2.4,10.041,0.3,0,0,0.01,0,4.7,Coffee Beans,Solid,UNRESOLVED,UNRESOLVED,Unknown,unresolved,0,0,0,TRUE,2026-04-07T09:21:17.880566+00:00
MARMITE ORIGINAL,,,,,,,,,,,UNRESOLVED,UNRESOLVED,Unknown,unresolved,0,0,0,TRUE,2026-04-07T09:21:17.880566+00:00
MARMITE YEAST EXTRACT,263,1100,34,30,,0.1,1.1,,Yeast Extract,Paste,UNRESOLVED,UNRESOLVED,Unknown,unresolved,0,0,0,TRUE,2026-04-07T09:21:17.880566+00:00
MARS CELEBRATIONS CHOCOLATE,495,2071,5.5,62,55,24,,,Chocolate,Solid,UNRESOLVED,UNRESOLVED,Unknown,unresolved,0,0,0,TRUE,2026-04-07T09:21:17.880566+00:00
MARS CHOCOLATE BAR,228,953,2,35,31.5,8.4,,,Chocolate Bar,Solid,MARBLE CAKES,MARBLE CAKES,Ultra-processed foods,simulated_lookup_fuzzy,0.727,0.697,0.717,TRUE,2026-04-07T09:21:17.880566+00:00
MARS GALAXY SMOOTH SPREAD,,,,,,,,,,,UNRESOLVED,UNRESOLVED,Unknown,unresolved,0,0,0,TRUE,2026-04-07T09:21:17.880566+00:00
MARS TWIX SPREAD,,,,,,,,,,,UNRESOLVED,UNRESOLVED,Unknown,unresolved,0,0,0,TRUE,2026-04-07T09:21:17.880566+00:00
MARTINI ROSE DEMISEC SPARKLING WINE,,,,,,,,,Wine,Liquid,UNRESOLVED,UNRESOLVED,Unknown,unresolved,0,0,0,TRUE,2026-04-07T09:21:17.880566+00:00
MASTER CHEF PREMIUM VEGETABLE COOKING OIL,,,,,,,,,,,UNRESOLVED,UNRESOLVED,Unknown,unresolved,0,0,0,TRUE,2026-04-07T09:21:17.880566+00:00
MASTER KANG BEEF WITH CABBAGE PICKLED INSTANT NOODLE,721,3019,47.2,75.7,,41.3,,,Instant Noodle,Solid,UNRESOLVED,UNRESOLVED,Unknown,unresolved,0,0,0,TRUE,2026-04-07T09:21:17.880566+00:00
MASTER KANG GREEN TEA,18,75,0,4.5,4.2,0,0,0,Tea,Liquid,UNRESOLVED,UNRESOLVED,Unknown,unresolved,0,0,0,TRUE,2026-04-07T09:21:17.880566+00:00
MASTER KANG HOT BEEF NOODLE,,,,,,,,,Noodle,Solid,UNRESOLVED,UNRESOLVED,Unknown,unresolved,0,0,0,TRUE,2026-04-07T09:21:17.880566+00:00
MASTER KANG ICED PEAR TEA DRINK,48,204,,22,2.8,,,,Iced Pear Tea Drink,Liquid,UNRESOLVED,UNRESOLVED,Unknown,unresolved,0,0,0,TRUE,2026-04-07T09:21:17.880566+00:00
MASTER KANG JASMINE TEA,18,75,0,4.5,4.2,0,0,0,Tea,Liquid,UNRESOLVED,UNRESOLVED,Unknown,unresolved,0,0,0,TRUE,2026-04-07T09:21:17.880566+00:00
MAYERS 10 LITERS DISTILED WATER,,,,,,,,,Spring Water,Liquid,UNRESOLVED,UNRESOLVED,Unknown,unresolved,0,0,0,TRUE,2026-04-07T09:21:17.880566+00:00
MAYERS NATURAL SPRING SPARKLING WATER,1,4.184,,0.01,,,,,Sparkling Water,Liquid,UNRESOLVED,UNRESOLVED,Unknown,unresolved,0,0,0,TRUE,2026-04-07T09:21:17.880566+00:00
MAYERS SPRING WATER STILL,,,,,,,,,Sparkling Water,Liquid,UNRESOLVED,UNRESOLVED,Unknown,unresolved,0,0,0,TRUE,2026-04-07T09:21:17.880566+00:00
MCVITIE'S DIGESTIVE BISCUIT,481,2012.5,7,62,16,21,,,Biscuit,Solid,"COOKIES, BISCUITS AND WAFERS",BISCUITS,Ultra-processed foods,simulated_lookup_fuzzy,0.776,0.746,0.766,TRUE,2026-04-07T09:21:17.880566+00:00
MCVITIE'S DIGESTIVE DARK CHOCOLATE BISCUIT,496,2075.26,4,40,17,16,,0.198,Biscuit,Solid,UNRESOLVED,UNRESOLVED,Unknown,unresolved,0,0,0,TRUE,2026-04-07T09:21:17.880566+00:00
MCVITIE'S DIGESTIVE WHEAT BISCUIT,481,2012.5,7,62,16,21,,0.534,Biscuit,Solid,UNRESOLVED,UNRESOLVED,Unknown,unresolved,0,0,0,TRUE,2026-04-07T09:21:17.880566+00:00
MCVITIE'S LIGHT DIGESTIVE BISCUIT,440,1840.96,6.66667,66.6667,20,13.3333,,,Biscuit,Solid,"COOKIES, BISCUITS AND WAFERS",BISCUITS,Ultra-processed foods,simulated_lookup_fuzzy,0.727,0.697,0.717,TRUE,2026-04-07T09:21:17.880566+00:00
MCVITIE'S MARIE FINGER BISCUITS,448,1874,7.2,72.5,20.7,14.3,3,0.016,Biscuits,Solid,UNRESOLVED,UNRESOLVED,Unknown,unresolved,0,0,0,TRUE,2026-04-07T09:21:17.880566+00:00
MCVITIES BN STRAWBERRY BISCUIT,398,1681,5.3,75,32,8.4,2.5,,Biscuits,Solid,UNRESOLVED,UNRESOLVED,Unknown,unresolved,0,0,0,TRUE,2026-04-07T09:21:17.880566+00:00
MCVITIES DARK COOKIE CREAM CHOCOLATE,,,,,,,,,,,UNRESOLVED,UNRESOLVED,Unknown,unresolved,0,0,0,TRUE,2026-04-07T09:21:17.880566+00:00
MCVITIES DARK COOKIE CREAM ORANGE,,,,,,,,,,,UNRESOLVED,UNRESOLVED,Unknown,unresolved,0,0,0,TRUE,2026-04-07T09:21:17.880566+00:00
MCVITIES OAT CRUNCH COOKIES,472,1976,7.4,61.8,22.9,20.2,6.5,0.327,Cookies,Solid,UNRESOLVED,UNRESOLVED,Unknown,unresolved,0,0,0,TRUE,2026-04-07T09:21:17.880566+00:00
MCVITIES SANDWICH BISCUITS CHOCOLATE VANILLA,,,,,,,,,,,UNRESOLVED,UNRESOLVED,Unknown,unresolved,0,0,0,TRUE,2026-04-07T09:21:17.880566+00:00
MCVITIES SANDWICH BISCUITS DARK CHOCOLATE,,,,,,,,,,,UNRESOLVED,UNRESOLVED,Unknown,unresolved,0,0,0,TRUE,2026-04-07T09:21:17.880566+00:00
MELINDA'S CHIPOTLE HOT SAUCE,,,,,,,,,,,UNRESOLVED,UNRESOLVED,Unknown,unresolved,0,0,0,TRUE,2026-04-07T09:21:17.880566+00:00
MELINDA'S ETRA HOT SAUCE,,,,,,,,,,,UNRESOLVED,UNRESOLVED,Unknown,unresolved,0,0,0,TRUE,2026-04-07T09:21:17.880566+00:00
MELINDA'S EXTRA HOT SAUCE,,,,,,,,,,,UNRESOLVED,UNRESOLVED,Unknown,unresolved,0,0,0,TRUE,2026-04-07T09:21:17.880566+00:00
MELINDA'S EXTRA RESERVE,,,,,,,,,,,UNRESOLVED,UNRESOLVED,Unknown,unresolved,0,0,0,TRUE,2026-04-07T09:21:17.880566+00:00
MELINDA'S GARLIC HOT SAUCE,,,,,,,,,,,UNRESOLVED,UNRESOLVED,Unknown,unresolved,0,0,0,TRUE,2026-04-07T09:21:17.880566+00:00
MELINDA'S GHOST PEPPER HOT SAUCE,,,,,,,,,,,UNRESOLVED,UNRESOLVED,Unknown,unresolved,0,0,0,TRUE,2026-04-07T09:21:17.880566+00:00
MELINDA'S HOT SAUCE,,,,,,,,,,,UNRESOLVED,UNRESOLVED,Unknown,unresolved,0,0,0,TRUE,2026-04-07T09:21:17.880566+00:00
MELINDA'S JALAPEÍO HOT SAUCE,,,,,,,,,,,UNRESOLVED,UNRESOLVED,Unknown,unresolved,0,0,0,TRUE,2026-04-07T09:21:17.880566+00:00
MELINDA'S MANGO HOT SAUCE,,,,,,,,,,,UNRESOLVED,UNRESOLVED,Unknown,unresolved,0,0,0,TRUE,2026-04-07T09:21:17.880566+00:00
MELINDA'S NAGA JOLOKIA PEPPER HOT SAUCE,,,,,,,,,,,UNRESOLVED,UNRESOLVED,Unknown,unresolved,0,0,0,TRUE,2026-04-07T09:21:17.880566+00:00
MELINDA'S REDSAVINA HOT SAUCE,,,,,,,,,,,UNRESOLVED,UNRESOLVED,Unknown,unresolved,0,0,0,TRUE,2026-04-07T09:21:17.880566+00:00
MELINDA'S SCORPION PEPPER HOT SAUCE,,,,,,,,,,,UNRESOLVED,UNRESOLVED,Unknown,unresolved,0,0,0,TRUE,2026-04-07T09:21:17.880566+00:00
MELINDA'S SCOTCH BONNET HABANERO PEPPER HOT SAUCE,,,,,,,,,,,UNRESOLVED,UNRESOLVED,Unknown,unresolved,0,0,0,TRUE,2026-04-07T09:21:17.880566+00:00
MELITTA ORIGINAL WHITE FILTER PAPER COFFEE 40 PIECES,2.4,10.0416,0.3,0,0,0.1,0,0.0047,Coffee,Powder,UNRESOLVED,UNRESOLVED,Unknown,unresolved,0,0,0,TRUE,2026-04-07T09:21:17.880566+00:00
MELVINS BBQ SEASONING SALT,367,1535.53,10,57,30,8.3,6.7,0.183,Seasoning Salt,Powder,UNRESOLVED,UNRESOLVED,Unknown,unresolved,0,0,0,TRUE,2026-04-07T09:21:17.880566+00:00
MELVINS HERBAL SALT,44,184.09,2,0,0,0,0,0.032,Salt,Solid,SALT,HERBAL SALT,Processed Culinary Ingredients,simulated_lookup_exact,0.99,0.99,0.99,FALSE,2026-04-07T09:21:17.880566+00:00
MELVINS HERBAL SEASONING MIX,44,184.09,2,0,0,0,0,0.032,Seasoning Mix,Powder,SALT,HERBAL SALT,Processed Culinary Ingredients,simulated_lookup_fuzzy,0.723,0.693,0.713,TRUE,2026-04-07T09:21:17.880566+00:00
MELVINS IODIZED FLOW TABLE SALT,0,0,0,0,0,0,0,38.758,Table Salt,Solid,UNRESOLVED,UNRESOLVED,Unknown,unresolved,0,0,0,TRUE,2026-04-07T09:21:17.880566+00:00
MELVINS LEMON CHILI SEASONING SALT,100,418.4,4,26,0,1,10,21.3,Seasoning Salt,Powder,UNRESOLVED,UNRESOLVED,Unknown,unresolved,0,0,0,TRUE,2026-04-07T09:21:17.880566+00:00
MENTOS GRAPE ROLL CANDY 14 PIECES,,,,,,,,,Candy,Solid,UNRESOLVED,UNRESOLVED,Unknown,unresolved,0,0,0,TRUE,2026-04-07T09:21:17.880566+00:00
MENTOS INCREDIBLE CHEW GREEN APPLE CANDY,414,1732.18,2,81,59,8.8,,0.01,Candy,Solid,UNRESOLVED,UNRESOLVED,Unknown,unresolved,0,0,0,TRUE,2026-04-07T09:21:17.880566+00:00
MENTOS PURE FRESH BREATH SUGAR FREE WINTER GREEN TEA CHEWING GUM,,,,,,,,,Chewing Gum,Solid,UNRESOLVED,UNRESOLVED,Unknown,unresolved,0,0,0,TRUE,2026-04-07T09:21:17.880566+00:00
MENTOS PURE FRESH MINT CHEWING GUM,181,757,,73,71,,,,Chewing Gum,Solid,UNRESOLVED,UNRESOLVED,Unknown,unresolved,0,0,0,TRUE,2026-04-07T09:21:17.880566+00:00
MENTOS PURE FRESH STRAWBERRY CHEWING GUM,,,,,,,,,,Solid,UNRESOLVED,UNRESOLVED,Unknown,unresolved,0,0,0,TRUE,2026-04-07T09:21:17.880566+00:00
MENTOS PURE FRESH WINTER GREEN CHEWING GUM,173,724,70.7,0.1,,0.1,0.1,0.008,Chewing Gum,Solid,UNRESOLVED,UNRESOLVED,Unknown,unresolved,0,0,0,TRUE,2026-04-07T09:21:17.880566+00:00
MENTOS ROLL RAINBOW CHEWY,,,,,,,,,,,UNRESOLVED,UNRESOLVED,Unknown,unresolved,0,0,0,TRUE,2026-04-07T09:21:17.880566+00:00
MENTOS STRAWBERRY CHEWING GUM (14 PIECES),386,1615,,92.5,70.1,1.7,,0.04,Chewing Gum,Solid,UNRESOLVED,UNRESOLVED,Unknown,unresolved,0,0,0,TRUE,2026-04-07T09:21:17.880566+00:00
MERIDIAN BARLEY MALT EXTRACT,,,,,,,,,,,UNRESOLVED,UNRESOLVED,Unknown,unresolved,0,0,0,TRUE,2026-04-07T09:21:17.880566+00:00
MERIDIAN ORGANIC & FT MOLASSES,,,,,,,,,,,UNRESOLVED,UNRESOLVED,Unknown,unresolved,0,0,0,TRUE,2026-04-07T09:21:17.880566+00:00
MERIDIAN ORGANIC BARLEY MALT EXT,,,,,,,,,,,UNRESOLVED,UNRESOLVED,Unknown,unresolved,0,0,0,TRUE,2026-04-07T09:21:17.880566+00:00
MERIDIAN ORGANIC MOLASSES,278,1163,3.8,65.3,60.5,0.2,,,Molasses,Solid,UNRESOLVED,UNRESOLVED,Unknown,unresolved,0,0,0,TRUE,2026-04-07T09:21:17.880566+00:00
MERIDIAN ORGANIC TAHINI DARK,,,,,,,,,,,UNRESOLVED,UNRESOLVED,Unknown,unresolved,0,0,0,TRUE,2026-04-07T09:21:17.880566+00:00
MERIDIAN ORGANIC TAHINI LIGHT,,,,,,,,,,,UNRESOLVED,UNRESOLVED,Unknown,unresolved,0,0,0,TRUE,2026-04-07T09:21:17.880566+00:00
MERIDIAN TAHINI DARK,,,,,,,,,,,UNRESOLVED,UNRESOLVED,Unknown,unresolved,0,0,0,TRUE,2026-04-07T09:21:17.880566+00:00
MIKSI CHOCOLATE MILK DRINK POWDER,457,1912.09,12,61,,18,,,Milk Drink Powder,Powder,COCOA,COCOA - SWEETENED WITH MILK,Ultra-processed foods,simulated_lookup_fuzzy,0.764,0.734,0.754,TRUE,2026-04-07T09:21:17.880566+00:00
MIKSI COFFEE,452,1891.17,11,61,0,17,0,0,Milk Drink,Powder,UNRESOLVED,UNRESOLVED,Unknown,unresolved,0,0,0,TRUE,2026-04-07T09:21:17.880566+00:00
MIKSI COFFEE SINGLES,33,138.072,,3,,1.2,,0.035,Milk Drink,Liquid,UNRESOLVED,UNRESOLVED,Unknown,unresolved,0,0,0,TRUE,2026-04-07T09:21:17.880566+00:00
MIKSI FLAVOURED CHOCOLATE,457,1912.09,12,61,0,18,0,0,Drink Powder,Powder,UNRESOLVED,UNRESOLVED,Unknown,unresolved,0,0,0,TRUE,2026-04-07T09:21:17.880566+00:00
MILANGO DIAMOND HAZELNUT MILK CHOCO WAFER,531.579,2224.13,10.5263,42.1053,42.1053,36.8421,10.5263,0.0894737,Wafer,Solid,UNRESOLVED,UNRESOLVED,Unknown,unresolved,0,0,0,TRUE,2026-04-07T09:21:17.880566+00:00
MILKA ALPINE MILK CHOCOLATE,,,,,,,,,,,UNRESOLVED,UNRESOLVED,Unknown,unresolved,0,0,0,TRUE,2026-04-07T09:21:17.880566+00:00
MILKA BUBBLY MILK & WHITE,,,,,,,,,,,UNRESOLVED,UNRESOLVED,Unknown,unresolved,0,0,0,TRUE,2026-04-07T09:21:17.880566+00:00
MILKA EXTRA COCOA CHOCOLATE,,,,,,,,,,,UNRESOLVED,UNRESOLVED,Unknown,unresolved,0,0,0,TRUE,2026-04-07T09:21:17.880566+00:00
MILKA MILK & WHITE CHOCOLATE,,,,,,,,,,,UNRESOLVED,UNRESOLVED,Unknown,unresolved,0,0,0,TRUE,2026-04-07T09:21:17.880566+00:00
MILKA OREO,,,,,,,,,,,UNRESOLVED,UNRESOLVED,Unknown,unresolved,0,0,0,TRUE,2026-04-07T09:21:17.880566+00:00
MILKA OREO BAR CHOCOLATE,,,,,,,,,,,UNRESOLVED,UNRESOLVED,Unknown,unresolved,0,0,0,TRUE,2026-04-07T09:21:17.880566+00:00
MILKYBAR BLOCK,,,,,,,,,,,UNRESOLVED,UNRESOLVED,Unknown,unresolved,0,0,0,TRUE,2026-04-07T09:21:17.880566+00:00
MILKYBAR BUTTONS,,,,,,,,,,,UNRESOLVED,UNRESOLVED,Unknown,unresolved,0,0,0,TRUE,2026-04-07T09:21:17.880566+00:00
MILKYBAR BUTTONS GIANT,,,,,,,,,,,UNRESOLVED,UNRESOLVED,Unknown,unresolved,0,0,0,TRUE,2026-04-07T09:21:17.880566+00:00
MILKYBAR BUTTONS RSPB,,,,,,,,,,,UNRESOLVED,UNRESOLVED,Unknown,unresolved,0,0,0,TRUE,2026-04-07T09:21:17.880566+00:00
MILYA'S CARAMEL POPCORN,398,1665,1,90,,3.67,0.92,0.2,Popcorn,Solid,UNRESOLVED,UNRESOLVED,Unknown,unresolved,0,0,0,TRUE,2026-04-07T09:21:17.880566+00:00
MILYA'S TUTTI FRUTTI FLAVOURED POPCORN,430,1812,6.7,71,38,11.5,7.5,,Popcorn,Solid,UNRESOLVED,UNRESOLVED,Unknown,unresolved,0,0,0,TRUE,2026-04-07T09:21:17.880566+00:00
MILYA'S TUTTIFRUTTI FLAVOURED POPCORN,430,1812,6.7,71,38,11.5,7.5,,Popcorn,Solid,UNRESOLVED,UNRESOLVED,Unknown,unresolved,0,0,0,TRUE,2026-04-07T09:21:17.880566+00:00
MINUTE MAID MANGO JUICE,60,251.04,0.8,15,14,0.4,1.6,0.001,Juice,Liquid,FRUIT DRINKS/SWEETENED JUICES & BOTTLED TEAS,FRUIT DRINKS/SWEETENED JUICE,Ultra-processed foods,simulated_lookup_fuzzy,0.792,0.762,0.782,TRUE,2026-04-07T09:21:17.880566+00:00
MINUTE MAID MANGO PULPY JUICE,60,251.04,0.8,15,14,0.4,1.6,0.001,Juice,Liquid,FRUIT DRINKS/SWEETENED JUICES & BOTTLED TEAS,FRUIT DRINKS/SWEETENED JUICE,Ultra-processed foods,simulated_lookup_fuzzy,0.792,0.762,0.782,TRUE,2026-04-07T09:21:17.880566+00:00
MINUTE MAID TROPICAL JUICE,65,271.96,0.3,15,,0.1,0.3,,Juice,Liquid,FRUIT DRINKS/SWEETENED JUICES & BOTTLED TEAS,FRUIT DRINKS/SWEETENED JUICE,Ultra-processed foods,simulated_lookup_fuzzy,0.815,0.785,0.805,TRUE,2026-04-07T09:21:17.880566+00:00
MIRINDA FRUITY CARBONATED MIXED BERRY SOFT DRINK,,,,,,,,,,,UNRESOLVED,UNRESOLVED,Unknown,unresolved,0,0,0,TRUE,2026-04-07T09:21:17.880566+00:00
MIRINDA GREEN APPLE,,,,,,,,,,,UNRESOLVED,UNRESOLVED,Unknown,unresolved,0,0,0,TRUE,2026-04-07T09:21:17.880566+00:00
MIRINDA GREEN APPLE SOFT DRINK,49,206,0,15,13,0,0,0.005,Soft Drink,Liquid,UNRESOLVED,UNRESOLVED,Unknown,unresolved,0,0,0,TRUE,2026-04-07T09:21:17.880566+00:00
MIRINDA ORANGE CARBONATED SOFT DRINK,,,,,,,,,,,UNRESOLVED,UNRESOLVED,Unknown,unresolved,0,0,0,TRUE,2026-04-07T09:21:17.880566+00:00
MIRINDA ORANGE SOFT DRINK,53,221,0,14,14,0,0,0.004,Soft Drink,Liquid,UNRESOLVED,UNRESOLVED,Unknown,unresolved,0,0,0,TRUE,2026-04-07T09:21:17.880566+00:00
MIRINDA PINEAPPLE,,,,,,,,,,,UNRESOLVED,UNRESOLVED,Unknown,unresolved,0,0,0,TRUE,2026-04-07T09:21:17.880566+00:00
MIRINDA PINEAPPLE SOFT DRINK,,,,,,,,,,,UNRESOLVED,UNRESOLVED,Unknown,unresolved,0,0,0,TRUE,2026-04-07T09:21:17.880566+00:00
MIRINDA SODA,,,,,,,,,,,UNRESOLVED,UNRESOLVED,Unknown,unresolved,0,0,0,TRUE,2026-04-07T09:21:17.880566+00:00
MIYATA BIO ORGANIC MISO AKA PASTE,199,832,12,26,,5,5,3.722,Miso Aka Paste,Paste,UNRESOLVED,UNRESOLVED,Unknown,unresolved,0,0,0,TRUE,2026-04-07T09:21:17.880566+00:00
MIYATA PANKO BREAD CRUMBS,348.5,1458.12,7.8,37.9,7,18.8,0,0.5368,Bread Crumbs,Solid,UNRESOLVED,UNRESOLVED,Unknown,unresolved,0,0,0,TRUE,2026-04-07T09:21:17.880566+00:00
MIYATA SOBA BUCK WHEAT NOODLE,345,1443.48,18,65,0,1,0,0,Noodle,Solid,UNRESOLVED,UNRESOLVED,Unknown,unresolved,0,0,0,TRUE,2026-04-07T09:21:17.880566+00:00
MIYATA SOMEN NOODLES,345,1443.48,18,65,0,1,0,0,Noodle,Solid,UNRESOLVED,UNRESOLVED,Unknown,unresolved,0,0,0,TRUE,2026-04-07T09:21:17.880566+00:00
MIYATA SUSHI EXPERT MIRIN,307,1305,0.5,77,54,0.5,,,Mirin,Liquid,UNRESOLVED,UNRESOLVED,Unknown,unresolved,0,0,0,TRUE,2026-04-07T09:21:17.880566+00:00
MIYATA SUSHI EXPERT PANKO BREADCRUMBS,360,1528,13,73,5.6,1.4,2.1,,Breadcrumbs,Powder,UNRESOLVED,UNRESOLVED,Unknown,unresolved,0,0,0,TRUE,2026-04-07T09:21:17.880566+00:00
MIYATA TERIYAKI SAUCE,128,544,2.5,28,27,0.5,,,Sauce,Liquid,UNRESOLVED,UNRESOLVED,Unknown,unresolved,0,0,0,TRUE,2026-04-07T09:21:17.880566+00:00
MIYATA UDON NOODLES,352,1492,12,73,1.7,1.1,,,Noodles,Solid,UNRESOLVED,UNRESOLVED,Unknown,unresolved,0,0,0,TRUE,2026-04-07T09:21:17.880566+00:00
MIYATA WASABI PASTE,,,,,,,,,,,UNRESOLVED,UNRESOLVED,Unknown,unresolved,0,0,0,TRUE,2026-04-07T09:21:17.880566+00:00
MJ'S ITALIAN DRESSING,283,1184.07,0.5,10.3,4,28.1,0,1.642,Sauce,Liquid,UNRESOLVED,UNRESOLVED,Unknown,unresolved,0,0,0,TRUE,2026-04-07T09:21:17.880566+00:00
MJ'S ORIGINAL TOMATO KETCHUP,95,397.48,0,24,22,0,0,0.441,Ketchup,Paste,UNRESOLVED,UNRESOLVED,Unknown,unresolved,0,0,0,TRUE,2026-04-07T09:21:17.880566+00:00
MJ'S PREMIUM YELLOW MUSTARD SAUCE,100,418.4,,,,,,1.28,Sauce,Paste,UNRESOLVED,UNRESOLVED,Unknown,unresolved,0,0,0,TRUE,2026-04-07T09:21:17.880566+00:00
MJ’S BARBECUE SAUCE,70,292.88,0,17,15,0,0,0.3,Sauce,Paste,UNRESOLVED,UNRESOLVED,Unknown,unresolved,0,0,0,TRUE,2026-04-07T09:21:17.880566+00:00
MJ’S BLACK PEPPER MAYONNAISE,49,205.016,0,0,0,5,0,0.058,Mayonnaise,Cream,UNRESOLVED,UNRESOLVED,Unknown,unresolved,0,0,0,TRUE,2026-04-07T09:21:17.880566+00:00
MJ’S MAYOCHUP SAUCE,174,728.016,0,10,1,15,0,0.745,Sauce,Paste,UNRESOLVED,UNRESOLVED,Unknown,unresolved,0,0,0,TRUE,2026-04-07T09:21:17.880566+00:00
MJ’S OLIVES MAYONNAISE,176,736.384,0,4,0,15,0,0.664,Mayonnaise,Cream,UNRESOLVED,UNRESOLVED,Unknown,unresolved,0,0,0,TRUE,2026-04-07T09:21:17.880566+00:00
MJ’S ORIGINAL MAYONNAISE,174,728.016,0.2,0,1.7,15.3,0.1,0.745,Mayonnaise,Cream,UNRESOLVED,UNRESOLVED,Unknown,unresolved,0,0,0,TRUE,2026-04-07T09:21:17.880566+00:00
MJ’S RED CHILLI MAYONNAISE,174,728.016,0,1,0,15,0,0.745,Mayonnaise,Cream,UNRESOLVED,UNRESOLVED,Unknown,unresolved,0,0,0,TRUE,2026-04-07T09:21:17.880566+00:00
MLOGO DIAMOND BASMATI RICE,,,,,,,,,,,UNRESOLVED,UNRESOLVED,Unknown,unresolved,0,0,0,TRUE,2026-04-07T09:21:17.880566+00:00
MLOGO GOLD BASMATI RICE,,,,,,,,,,,UNRESOLVED,UNRESOLVED,Unknown,unresolved,0,0,0,TRUE,2026-04-07T09:21:17.880566+00:00
MOGU MOGU BLACKCURRANT DRINK,,,,,,,,,,,UNRESOLVED,UNRESOLVED,Unknown,unresolved,0,0,0,TRUE,2026-04-07T09:21:17.880566+00:00
MOGU MOGU GRAPE DRINK,,,,,,,,,Fruit Juice,Liquid,UNRESOLVED,UNRESOLVED,Unknown,unresolved,0,0,0,TRUE,2026-04-07T09:21:17.880566+00:00
MOHAWK KOMBUCHA BERRICIOUS,,,,,,,,,,,UNRESOLVED,UNRESOLVED,Unknown,unresolved,0,0,0,TRUE,2026-04-07T09:21:17.880566+00:00
MOHAWK KOMBUCHA GINGER,,,,,,,,,,,UNRESOLVED,UNRESOLVED,Unknown,unresolved,0,0,0,TRUE,2026-04-07T09:21:17.880566+00:00
MOHAWK KOMBUCHA PEACH,,,,,,,,,,,UNRESOLVED,UNRESOLVED,Unknown,unresolved,0,0,0,TRUE,2026-04-07T09:21:17.880566+00:00
MOHAWK MAN-GO -WILD,,,,,,,,,,,UNRESOLVED,UNRESOLVED,Unknown,unresolved,0,0,0,TRUE,2026-04-07T09:21:17.880566+00:00
MOHAWK MANGO WILD,,,,,,,,,,,UNRESOLVED,UNRESOLVED,Unknown,unresolved,0,0,0,TRUE,2026-04-07T09:21:17.880566+00:00
MOKA FINE GRIND COFFEE,7.5,31.38,1,1,0,0,,0,Coffee,Powder,UNRESOLVED,UNRESOLVED,Unknown,unresolved,0,0,0,TRUE,2026-04-07T09:21:17.880566+00:00
MONDELEZ TRIDENT BUBBLEGUM 14 STICKS,,,,,,,,,Bubblegum,Solid,UNRESOLVED,UNRESOLVED,Unknown,unresolved,0,0,0,TRUE,2026-04-07T09:21:17.880566+00:00
MONDELEZ TRIDENT CINNAMON BUBBLEGUM 14 STICKS,,,,,,,,,Cinnamon Bubblegum,Solid,UNRESOLVED,UNRESOLVED,Unknown,unresolved,0,0,0,TRUE,2026-04-07T09:21:17.880566+00:00
MONDELEZ TRIDENT PERFECT P/MINT14S,,,,,,,,,,,UNRESOLVED,UNRESOLVED,Unknown,unresolved,0,0,0,TRUE,2026-04-07T09:21:17.880566+00:00
MONSTER MUCHO LOCO,1,6,,0.4,,,,,Energy Drink,Liquid,UNRESOLVED,UNRESOLVED,Unknown,unresolved,0,0,0,TRUE,2026-04-07T09:21:17.880566+00:00
MONSTER MUCHO LOCO ENERGY DRINK X OF,,,,,,,,,Energy Drink,Liquid,UNRESOLVED,UNRESOLVED,Unknown,unresolved,0,0,0,TRUE,2026-04-07T09:21:17.880566+00:00
MONSTER ORIGINAL ENERGY DRINK,12,11,47,100,,,,,Beverage,,UNRESOLVED,UNRESOLVED,Unknown,unresolved,0,0,0,TRUE,2026-04-07T09:21:17.880566+00:00
MONSTER ORIGINAL ENERGY DRINK X OF,12,11,47,100,,,,,Beverage,,UNRESOLVED,UNRESOLVED,Unknown,unresolved,0,0,0,TRUE,2026-04-07T09:21:17.880566+00:00
MONSTER ZERO ULTRA WHITE ENERGY DRINK,,,,,,,,,Beverage,,UNRESOLVED,UNRESOLVED,Unknown,unresolved,0,0,0,TRUE,2026-04-07T09:21:17.880566+00:00
MONSTER ZERO ULTRA WHITE ENERGY DRINK X OF,,,,,,,,,Beverage,,UNRESOLVED,UNRESOLVED,Unknown,unresolved,0,0,0,TRUE,2026-04-07T09:21:17.880566+00:00
MORNING HARVEST BRAN FLAKES,339,1431,13.5,62,13.4,2,15.6,,Bran Flakes,Solid,UNRESOLVED,UNRESOLVED,Unknown,unresolved,0,0,0,TRUE,2026-04-07T09:21:17.880566+00:00
MORNING HARVEST CORN FLAKES,1610,6736.24,7,82,0,64,1,0,Corn Flakes,Solid,BREAKFAST CEREALS,CORN FLAKE CEREALS,Ultra-processed foods,simulated_lookup_fuzzy,0.745,0.715,0.735,TRUE,2026-04-07T09:21:17.880566+00:00
MORNING HARVEST CORN FLAKES CEREAL,390,1653,5,82,9.2,3.1,1.7,0.00188,Corn Flakes Cereal,Solid,UNRESOLVED,UNRESOLVED,Unknown,unresolved,0,0,0,TRUE,2026-04-07T09:21:17.880566+00:00
MORNING HARVEST CORNFLAKES BAG,,,,,,,,,,,BREAKFAST CEREALS,CORN FLAKE CEREALS,Ultra-processed foods,simulated_lookup_fuzzy,0.741,0.711,0.731,TRUE,2026-04-07T09:21:17.880566+00:00
MORNING HARVEST FROSTED CORN FLAKES,387,1641,7.7,85,6.1,1.2,2.5,,Corn Flakes,Solid,UNRESOLVED,UNRESOLVED,Unknown,unresolved,0,0,0,TRUE,2026-04-07T09:21:17.880566+00:00
MORNING HARVEST INSTANT WHITE OATS,360,1506,11,60,,8,8.5,,Oats,Solid,UNRESOLVED,UNRESOLVED,Unknown,unresolved,0,0,0,TRUE,2026-04-07T09:21:17.880566+00:00
MORNING HARVEST JUMBO OATS,376,1588,11.8,62,1,6.5,11.1,,Oats,Solid,CEREAL GRAINS,OATS,Unprocessed/Minimally processed foods,simulated_lookup_fuzzy,0.826,0.796,0.816,TRUE,2026-04-07T09:21:17.880566+00:00
MORNING HARVEST RICE CRISPIES,378,1105,7,85,7,1,1.5,,Rice Crispies,Solid,UNRESOLVED,UNRESOLVED,Unknown,unresolved,0,0,0,TRUE,2026-04-07T09:21:17.880566+00:00
MORNING HARVEST STRAWBERRY MUESLI,396.76,1660,9.48,80.13,14.51,4.28,8,,Muesli,Solid,UNRESOLVED,UNRESOLVED,Unknown,unresolved,0,0,0,TRUE,2026-04-07T09:21:17.880566+00:00
MORNING HARVEST SUPERFAST OATS BAG,385,1610,12.4,66,0,8.13,4,,Oats,Solid,UNRESOLVED,UNRESOLVED,Unknown,unresolved,0,0,0,TRUE,2026-04-07T09:21:17.880566+00:00
MORNING HARVEST SUPERFAST WHITE OATS,360,1506,11,60,,8,8.5,,Oats,Solid,UNRESOLVED,UNRESOLVED,Unknown,unresolved,0,0,0,TRUE,2026-04-07T09:21:17.880566+00:00
MOTHER'S RECIPE TANDOORI PASTE,,,,,,,,,,,UNRESOLVED,UNRESOLVED,Unknown,unresolved,0,0,0,TRUE,2026-04-07T09:21:17.880566+00:00
MOTHERS CHOICE HOME BAKING FLOUR,364,1522.98,10,76,0,0,0,0,Home Baking Flour,Powder,UNRESOLVED,UNRESOLVED,Unknown,unresolved,0,0,0,TRUE,2026-04-07T09:21:17.880566+00:00
MOUNTAIN DEW CITRUS SODA,,,,,,,,,Soda,Liquid,UNRESOLVED,UNRESOLVED,Unknown,unresolved,0,0,0,TRUE,2026-04-07T09:21:17.880566+00:00
MOUNTAIN DEW SODA,,,,,,,,,,,UNRESOLVED,UNRESOLVED,Unknown,unresolved,0,0,0,TRUE,2026-04-07T09:21:17.880566+00:00
MOUNTAIN DEW SOFT DRINK,,,,,,,,,,,UNRESOLVED,UNRESOLVED,Unknown,unresolved,0,0,0,TRUE,2026-04-07T09:21:17.880566+00:00
MR BERRY CO ASSORTED TOFFEE,190,794.96,1,31,19,7,0,0.095,Toffee,Solid,UNRESOLVED,UNRESOLVED,Unknown,unresolved,0,0,0,TRUE,2026-04-07T09:21:17.880566+00:00
MR BERRY ICE COOL ARCTIC MINT CANDY,,,,,,,,,Candy,Solid,UNRESOLVED,UNRESOLVED,Unknown,unresolved,0,0,0,TRUE,2026-04-07T09:21:17.880566+00:00
MR BERRY KING CAKE TRI D VANILA,,,,,,,,,,,UNRESOLVED,UNRESOLVED,Unknown,unresolved,0,0,0,TRUE,2026-04-07T09:21:17.880566+00:00
MR BERRY TOO GOODY TOFFEE BARS 1 PIECES,414.815,1735.59,3.7037,59.2593,0,14.8148,0,0,Toffee Bar,Solid,UNRESOLVED,UNRESOLVED,Unknown,unresolved,0,0,0,TRUE,2026-04-07T09:21:17.880566+00:00
MR BERRY XPLODE STRAWBERRY BUBBLE GUM,390,1631,0,78,0,0,0,,Bubble Gum,Solid,UNRESOLVED,UNRESOLVED,Unknown,unresolved,0,0,0,TRUE,2026-04-07T09:21:17.880566+00:00
MR BERRY'S BIGG DADDY PASSION LOLLIPOP,392,1641.92,0,95,0,0,0,,Lollipop,Solid,UNRESOLVED,UNRESOLVED,Unknown,unresolved,0,0,0,TRUE,2026-04-07T09:21:17.880566+00:00
MR BERRY'S KING KUBA XXL BIGGER GUM CENTER TONGUE PAINTER LOLLIPOP 50 PIECES,302.43,1267,,95.19,,,,,Lollipop,Solid,UNRESOLVED,UNRESOLVED,Unknown,unresolved,0,0,0,TRUE,2026-04-07T09:21:17.880566+00:00
MR BERRY'S MAMBO BANANA BUBBLE GUM 5 PIECES,320,1338.9,,2,2,,,,Bubble Gum,Solid,UNRESOLVED,UNRESOLVED,Unknown,unresolved,0,0,0,TRUE,2026-04-07T09:21:17.880566+00:00
MR BERRY'S MAMBO STRAWBERRY BUBBLE GUM 5 PIECES,166,694,67.5,67.5,,,,,Bubble Gum,Solid,UNRESOLVED,UNRESOLVED,Unknown,unresolved,0,0,0,TRUE,2026-04-07T09:21:17.880566+00:00
MR ORGANIC DARK CHOCOLATE SPREAD,,,,,,,,,,,UNRESOLVED,UNRESOLVED,Unknown,unresolved,0,0,0,TRUE,2026-04-07T09:21:17.880566+00:00
MT KENYA NATURAL DRINKING WATER,0,0,,,,,,0.005,Drinking Water,Liquid,UNRESOLVED,UNRESOLVED,Unknown,unresolved,0,0,0,TRUE,2026-04-07T09:21:17.880566+00:00
MT KENYA NATURAL DRINKING WATER 18.9,0,0,0,0,0,0,0,0.035,Drinking Water,Liquid,UNRESOLVED,UNRESOLVED,Unknown,unresolved,0,0,0,TRUE,2026-04-07T09:21:17.880566+00:00
MT KENYAN NATURAL DRINKING WATER,0,0,,,,,,0.005,Drinking Water,Liquid,UNRESOLVED,UNRESOLVED,Unknown,unresolved,0,0,0,TRUE,2026-04-07T09:21:17.880566+00:00
MULSONS BEEF MASALA,,,,,,,,,,,HERBS AND SPICES,SPICES - BEEF MASALA,Unprocessed/Minimally processed foods,simulated_lookup_fuzzy,0.75,0.72,0.74,TRUE,2026-04-07T09:21:17.880566+00:00
MULSONS BIRYANI MASALA,,,,,,,,,,Powder,UNRESOLVED,UNRESOLVED,Unknown,unresolved,0,0,0,TRUE,2026-04-07T09:21:17.880566+00:00
MULSONS BLACK PEPPER CORN,,,,,,,,,,Powder,UNRESOLVED,UNRESOLVED,Unknown,unresolved,0,0,0,TRUE,2026-04-07T09:21:17.880566+00:00
MULSONS CLOVES POWDER,,,,,,,,,,Powder,UNRESOLVED,UNRESOLVED,Unknown,unresolved,0,0,0,TRUE,2026-04-07T09:21:17.880566+00:00
MULSONS CUMMIN SEEDS,375,1569,18,44,2.3,22,11,0.168,Cummin Seeds,Solid,UNRESOLVED,UNRESOLVED,Unknown,unresolved,0,0,0,TRUE,2026-04-07T09:21:17.880566+00:00
MULSONS FISH MASALA,,,,,,,,,,Powder,HERBS AND SPICES,SPICES - FISH MASALA,Unprocessed/Minimally processed foods,simulated_lookup_fuzzy,0.75,0.72,0.74,TRUE,2026-04-07T09:21:17.880566+00:00
MULSONS NUTMEG POWDER,,,,,,,,,,powder,UNRESOLVED,UNRESOLVED,Unknown,unresolved,0,0,0,TRUE,2026-04-07T09:21:17.880566+00:00
MULSONS POUSSIN SAUCE BLEND MILD,,,,,,,,,,Powder,UNRESOLVED,UNRESOLVED,Unknown,unresolved,0,0,0,TRUE,2026-04-07T09:21:17.880566+00:00
MULSONS SAGE,,,,,,,,,Sage,Solid,UNRESOLVED,UNRESOLVED,Unknown,unresolved,0,0,0,TRUE,2026-04-07T09:21:17.880566+00:00
MULSONS SPICES CHICKEN MASALA,30,125,1,4,1,1,,0.045,Chicken Masala,Powder,UNRESOLVED,UNRESOLVED,Unknown,unresolved,0,0,0,TRUE,2026-04-07T09:21:17.880566+00:00
MULSONS SPICES CHILI POWDER,282,1179.89,13,50,7,14,35,1.64,Chili Powder,Powder,UNRESOLVED,UNRESOLVED,Unknown,unresolved,0,0,0,TRUE,2026-04-07T09:21:17.880566+00:00
MULSONS SPICES CINNAMON POWDER,352,14732,4.25,81,0,1.3,50.6,0,Cinnamon Powder,Powder,UNRESOLVED,UNRESOLVED,Unknown,unresolved,0,0,0,TRUE,2026-04-07T09:21:17.880566+00:00
MULSONS SPICES CLOVES WHOLE,250,1500,0,50,0,0,,0.25,Cloves Whole,Solid,UNRESOLVED,UNRESOLVED,Unknown,unresolved,0,0,0,TRUE,2026-04-07T09:21:17.880566+00:00
MULSONS SPICES CORIANDER POWDER,468.91,1958,11.9,54.9,0,19,41,0.036,Coriander Powder,Powder,UNRESOLVED,UNRESOLVED,Unknown,unresolved,0,0,0,TRUE,2026-04-07T09:21:17.880566+00:00
MULSONS SPICES CUMIN POWDER,444,1857,17.2,44.36,0,22,10.29,1.758,Cumin Powder,Powder,UNRESOLVED,UNRESOLVED,Unknown,unresolved,0,0,0,TRUE,2026-04-07T09:21:17.880566+00:00
MULSONS SPICES CURRY POWDER,325,1360,13,58,2.8,14,33,0.345,Curry Powder,Powder,UNRESOLVED,UNRESOLVED,Unknown,unresolved,0,0,0,TRUE,2026-04-07T09:21:17.880566+00:00
MULSONS SPICES DHANA JEERA POWDER,375,1569,18,44,2.3,22,11,0.168,Dhana Jeera Powder,Powder,UNRESOLVED,UNRESOLVED,Unknown,unresolved,0,0,0,TRUE,2026-04-07T09:21:17.880566+00:00
MULSONS SPICES FISH MASALA,,,,,,,,,Fish Masala,Powder,UNRESOLVED,UNRESOLVED,Unknown,unresolved,0,0,0,TRUE,2026-04-07T09:21:17.880566+00:00
MULSONS SPICES GARAM MASALA,306.4,1281.97,11.3,56.6,1.3,12.7,24,0.0799,Garam Masala,Powder,UNRESOLVED,UNRESOLVED,Unknown,unresolved,0,0,0,TRUE,2026-04-07T09:21:17.880566+00:00
MULSONS SPICES GARLIC POWDER,,,,,,,,,Garlic Powder,Powder,UNRESOLVED,UNRESOLVED,Unknown,unresolved,0,0,0,TRUE,2026-04-07T09:21:17.880566+00:00
MULSONS SPICES GINGER POWDER,358,1497,9,66,3.4,6.4,13,0.0455,Ginger Powder,Powder,UNRESOLVED,UNRESOLVED,Unknown,unresolved,0,0,0,TRUE,2026-04-07T09:21:17.880566+00:00
MULSONS SPICES MIXED SPICES,366,1531,8.38,71.75,21.8,5.05,1,1.777,Mixed Spices,Powder,UNRESOLVED,UNRESOLVED,Unknown,unresolved,0,0,0,TRUE,2026-04-07T09:21:17.880566+00:00
MULSONS SPICES OREGANO,270,1129.68,9,69,4,4,43,0.025,Oregano,Solid,UNRESOLVED,UNRESOLVED,Unknown,unresolved,0,0,0,TRUE,2026-04-07T09:21:17.880566+00:00
MULSONS SPICES PARSLEY,276,1154.78,22.4,51.7,,4.4,,,Parsley,Solid,UNRESOLVED,UNRESOLVED,Unknown,unresolved,0,0,0,TRUE,2026-04-07T09:21:17.880566+00:00
MULSONS SPICES PILLAU MASALA,150.9,631.36,7.5,15.9,0.4,5.7,2.9,0.1788,Pillau Masala,Powder,UNRESOLVED,UNRESOLVED,Unknown,unresolved,0,0,0,TRUE,2026-04-07T09:21:17.880566+00:00
MULSONS SPICES ROSEMARY,131,548.104,3.31,20.7,,5.86,14.1,,Rosemary,Solid,UNRESOLVED,UNRESOLVED,Unknown,unresolved,0,0,0,TRUE,2026-04-07T09:21:17.880566+00:00
MULSONS SPICES RUBBED BASIL,23,96,3.2,2.6,0,0.6,1.6,0.004,Rubbed Basil,Solid,UNRESOLVED,UNRESOLVED,Unknown,unresolved,0,0,0,TRUE,2026-04-07T09:21:17.880566+00:00
MULSONS SPICES SPANISH PAPRIKA,249,1041.81,14,19,10,12,0,0.068,Paprika,Powder,UNRESOLVED,UNRESOLVED,Unknown,unresolved,0,0,0,TRUE,2026-04-07T09:21:17.880566+00:00
MULSONS SPICES TEA MASALA,56,234.3,1.9,10,2.51,1,0,0.063,Tea Masala,Powder,UNRESOLVED,UNRESOLVED,Unknown,unresolved,0,0,0,TRUE,2026-04-07T09:21:17.880566+00:00
MULSONS SPICES TURMERIC POWDER,,,,,,,,,Turmeric Powder,Powder,UNRESOLVED,UNRESOLVED,Unknown,unresolved,0,0,0,TRUE,2026-04-07T09:21:17.880566+00:00
MULSONS TANDOORI MASALA,,,,,,,,,,Powder,UNRESOLVED,UNRESOLVED,Unknown,unresolved,0,0,0,TRUE,2026-04-07T09:21:17.880566+00:00
MULSONS WHITE PEPPER POWDER,,,,,,,,,,Powder,UNRESOLVED,UNRESOLVED,Unknown,unresolved,0,0,0,TRUE,2026-04-07T09:21:17.880566+00:00
MUNCHIES COOKIE DOUGH,,,,,,,,,,,UNRESOLVED,UNRESOLVED,Unknown,unresolved,0,0,0,TRUE,2026-04-07T09:21:17.880566+00:00
MUTLU COUS COUS,369,1543.9,1.3,27,3,2,3.4,0.0004,Cous Cous,Solid,UNRESOLVED,UNRESOLVED,Unknown,unresolved,0,0,0,TRUE,2026-04-07T09:21:17.880566+00:00
NAARA CHOCOLATE OATMEAL COOKIES,448.148,1875.05,5.18519,59.2593,36.6667,22.2222,2.96296,0.311111,Oatmeal Cookies,Solid,UNRESOLVED,UNRESOLVED,Unknown,unresolved,0,0,0,TRUE,2026-04-07T09:21:17.880566+00:00
NAIRN'S GLUTEN FREE OATS & CHOCOLATE CHIP COOKIES,470,1966.48,7.6,61.8,22.7,20.1,5.5,,Cookies,Solid,UNRESOLVED,UNRESOLVED,Unknown,unresolved,0,0,0,TRUE,2026-04-07T09:21:17.880566+00:00
NANDO'S MEDIUM PERI PERI SAUCE,45,188.28,0.7,1.1,1,3.4,,,Sauce,Paste,UNRESOLVED,UNRESOLVED,Unknown,unresolved,0,0,0,TRUE,2026-04-07T09:21:17.880566+00:00
NANDO'S PERI PERI GARLIC SAUCE,0,0,,,,,,,Sauce,Paste,UNRESOLVED,UNRESOLVED,Unknown,unresolved,0,0,0,TRUE,2026-04-07T09:21:17.880566+00:00
NANDOS PERI PERI BAG & BAKE HOT,,,,,,,,,,,UNRESOLVED,UNRESOLVED,Unknown,unresolved,0,0,0,TRUE,2026-04-07T09:21:17.880566+00:00
NANDOS PERI PERI HOT SAUCE,50,205,7,0,23,5,,2.865,Hot Sauce,Paste,UNRESOLVED,UNRESOLVED,Unknown,unresolved,0,0,0,TRUE,2026-04-07T09:21:17.880566+00:00
NANDOS PERI PERI RUB GARLIC MED,,1218,5.5,67,45,2.1,,18.9,Food,Powder,UNRESOLVED,UNRESOLVED,Unknown,unresolved,0,0,0,TRUE,2026-04-07T09:21:17.880566+00:00
NANDOS PERI PERI RUB SMOKEY BBQ MED,279,1177,4.2,52,42,4.2,,25,Food,Powder,UNRESOLVED,UNRESOLVED,Unknown,unresolved,0,0,0,TRUE,2026-04-07T09:21:17.880566+00:00
NAPPI AMARENO GOLDEN CHERRIES,266.667,1115.73,0,66.6667,60,0,0.666667,0.000333333,Cherries,Solid,UNRESOLVED,UNRESOLVED,Unknown,unresolved,0,0,0,TRUE,2026-04-07T09:21:17.880566+00:00
NAPPI COCOA DECORATIVE SUGAR VERMICELLI,,,,,,,,,Vermicelli,Solid,UNRESOLVED,UNRESOLVED,Unknown,unresolved,0,0,0,TRUE,2026-04-07T09:21:17.880566+00:00
NAPPI MIX COLORED DECORATIVE SUGAR VERMICELLI,,,,,,,,,Vermicelli,Solid,UNRESOLVED,UNRESOLVED,Unknown,unresolved,0,0,0,TRUE,2026-04-07T09:21:17.880566+00:00
NAPPI MONORPAGLIA COLORED BALLS,,,,,,,,,,,UNRESOLVED,UNRESOLVED,Unknown,unresolved,0,0,0,TRUE,2026-04-07T09:21:17.880566+00:00
NAPPI RED MARASCHINO CHERRIES,250,1025,0,50,1000,0,0,0.0025,Cherries,Solid,UNRESOLVED,UNRESOLVED,Unknown,unresolved,0,0,0,TRUE,2026-04-07T09:21:17.880566+00:00
NATURAL HEALTH COLD PRESSED EXTRA VIRGIN PURE SUNFLOWER OIL,,,,,,,,,Sunflower Oil,Liquid,UNRESOLVED,UNRESOLVED,Unknown,unresolved,0,0,0,TRUE,2026-04-07T09:21:17.880566+00:00
NATURAL HEALTH HERBAL MCHUZI MIX,62,16,255,101,,10.059,,,Food,,UNRESOLVED,UNRESOLVED,Unknown,unresolved,0,0,0,TRUE,2026-04-07T09:21:17.880566+00:00
NATURALLI BARLEY FLAKES POT,,,,,,,,,Barley Flakes,Solid,UNRESOLVED,UNRESOLVED,Unknown,unresolved,0,0,0,TRUE,2026-04-07T09:21:17.880566+00:00
NATURALLI BLANCHED ROASTED AND SALTED ALMONDS,600,2510.4,20,14,,54,7,0.52,Roasted And Salted Almonds,Solid,UNRESOLVED,UNRESOLVED,Unknown,unresolved,0,0,0,TRUE,2026-04-07T09:21:17.880566+00:00
NATURALLI BROWN LINSEEDS,405,1694.52,19,29,1,34,,,Brown Linseeds,Solid,UNRESOLVED,UNRESOLVED,Unknown,unresolved,0,0,0,TRUE,2026-04-07T09:21:17.880566+00:00
NATURALLI BULGAR,,,,,,,,,,,UNRESOLVED,UNRESOLVED,Unknown,unresolved,0,0,0,TRUE,2026-04-07T09:21:17.880566+00:00
NATURALLI COCONUT OIL,857.143,3586.29,0,0,0,100,0,,Coconut Oil,Liquid,UNRESOLVED,UNRESOLVED,Unknown,unresolved,0,0,0,TRUE,2026-04-07T09:21:17.880566+00:00
NATURALLI COCONUT SUGAR,391,1635.94,,96,,,,,Coco Sugar,Solid,UNRESOLVED,UNRESOLVED,Unknown,unresolved,0,0,0,TRUE,2026-04-07T09:21:17.880566+00:00
NATURALLI COUSCOUS,,,,,,,,,Couscous,Solid,UNRESOLVED,UNRESOLVED,Unknown,unresolved,0,0,0,TRUE,2026-04-07T09:21:17.880566+00:00
NATURALLI CRANBERRY CRUNCH MUESLI CEREAL,456.14,1908.49,12.2807,56.1404,15.7895,21.0526,10.5263,,Muesli Cereal,Solid,UNRESOLVED,UNRESOLVED,Unknown,unresolved,0,0,0,TRUE,2026-04-07T09:21:17.880566+00:00
NATURALLI CRUNCHY BRAN MUESLI CEREAL,410,1715.44,8,68.5,19.5,9.5,9,,Muesli Cereal,Solid,UNRESOLVED,UNRESOLVED,Unknown,unresolved,0,0,0,TRUE,2026-04-07T09:21:17.880566+00:00
NATURALLI DESICCATED COCONUT,711,2974.82,7,7,7,69,16,,Desiccated Coconut,Solid,COOKING SAUCES,COCONUT POWDER,Ultra-processed foods,simulated_lookup_fuzzy,0.724,0.694,0.714,TRUE,2026-04-07T09:21:17.880566+00:00
NATURALLI HIMALAYAN IODIZED PINK SALT,0,0,0,0,0,0,0,0.518,Pink Salt,Solid,UNRESOLVED,UNRESOLVED,Unknown,unresolved,0,0,0,TRUE,2026-04-07T09:21:17.880566+00:00
NATURALLI HIMALAYAN PINK FINE SALT,0,0,0,0,0,0,0,38.75,Pink Salt,Solid,UNRESOLVED,UNRESOLVED,Unknown,unresolved,0,0,0,TRUE,2026-04-07T09:21:17.880566+00:00
NATURALLI MORINGA POWDER,281,1179,5.9,38.2,0,0.2,8.27,0,Moringa Powder,Powder,UNRESOLVED,UNRESOLVED,Unknown,unresolved,0,0,0,TRUE,2026-04-07T09:21:17.880566+00:00
NATURALLI PEARL BARLEY GRAIN,,,,,,,,,,,UNRESOLVED,UNRESOLVED,Unknown,unresolved,0,0,0,TRUE,2026-04-07T09:21:17.880566+00:00
NATURALLI PISTACHIOS ROASTED & SALTED,568,2376,21,27,8,46,10,0.405,Pistachios,Solid,UNRESOLVED,UNRESOLVED,Unknown,unresolved,0,0,0,TRUE,2026-04-07T09:21:17.880566+00:00
NATURALLI SALTED ALMOND BUTTER,190,794.96,6,6,2,17,3,0,Almond Butter,Paste,UNRESOLVED,UNRESOLVED,Unknown,unresolved,0,0,0,TRUE,2026-04-07T09:21:17.880566+00:00
NATURALLI SESAME SEEDS,573,2397.43,18,23,0.3,50,12,0.011,Sesame Seeds,Solid,UNRESOLVED,UNRESOLVED,Unknown,unresolved,0,0,0,TRUE,2026-04-07T09:21:17.880566+00:00
NATURALLI STRAWBERRY MUESLI CEREAL,397,1661.05,8,61,5,15,9,0.008,Muesli Cereal,Solid,UNRESOLVED,UNRESOLVED,Unknown,unresolved,0,0,0,TRUE,2026-04-07T09:21:17.880566+00:00
NATURALLI SUNFLOWER SEEDS,584,2443.46,21,20,2.6,51,9,0.009,Sunflower Seeds,Solid,UNRESOLVED,UNRESOLVED,Unknown,unresolved,0,0,0,TRUE,2026-04-07T09:21:17.880566+00:00
NATURALLI SUPER SWISS MUESLI CEREAL,377,1577.37,11,66,23,5,7,0.11,Muesli Cereal,Solid,UNRESOLVED,UNRESOLVED,Unknown,unresolved,0,0,0,TRUE,2026-04-07T09:21:17.880566+00:00
NATURALLI UNSALTED ALMOND BUTTER,190,794.96,6,6,2,17,3,0,Almond Butter,Paste,UNRESOLVED,UNRESOLVED,Unknown,unresolved,0,0,0,TRUE,2026-04-07T09:21:17.880566+00:00
NATURALLI W-240 CASHEWNUTS,625,2615,18,25,8,49,,,Cashewnuts,Solid,UNRESOLVED,UNRESOLVED,Unknown,unresolved,0,0,0,TRUE,2026-04-07T09:21:17.880566+00:00
NATURALLI WALNUTS,185,774.04,4,3,,18,1,0.001,Walnuts,Solid,UNRESOLVED,UNRESOLVED,Unknown,unresolved,0,0,0,TRUE,2026-04-07T09:21:17.880566+00:00
NATURALLI WHITE QUINOA GRAIN,,,,,,,,,,,UNRESOLVED,UNRESOLVED,Unknown,unresolved,0,0,0,TRUE,2026-04-07T09:21:17.880566+00:00
NATURALLI WHOLE ALMONDS,575,2406,21,20,4.9,49,12,0.001,Almonds,Solid,UNRESOLVED,UNRESOLVED,Unknown,unresolved,0,0,0,TRUE,2026-04-07T09:21:17.880566+00:00
NATURALLI WILD RICE,101,422,4,21,0.7,0.3,1.8,0.003,Rice,Solid,UNRESOLVED,UNRESOLVED,Unknown,unresolved,0,0,0,TRUE,2026-04-07T09:21:17.880566+00:00
NATURALS COLD PRESSED EXTRA VIRGIN SUNFLOWER OIL,900,3762,,,,100,,,Sunflower Oil,Liquid,UNRESOLVED,UNRESOLVED,Unknown,unresolved,0,0,0,TRUE,2026-04-07T09:21:17.880566+00:00
NATURE TASTE TAHINI PASTE,663,2738,24,2.2,0.7,6,9.3,,Tahini,Paste,UNRESOLVED,UNRESOLVED,Unknown,unresolved,0,0,0,TRUE,2026-04-07T09:21:17.880566+00:00
NATURE'S CHOICE QUINOA GRAINS WHITE,428.571,1793.14,8.16327,69.3878,12.2449,7.14286,6.12245,0.612245,Quinoa Grains,Solid,UNRESOLVED,UNRESOLVED,Unknown,unresolved,0,0,0,TRUE,2026-04-07T09:21:17.880566+00:00
NATURE'S OWN BEEF MASALA,140,585.76,14.6667,2,2,8,,0.3,Beef Masala,Powder,UNRESOLVED,UNRESOLVED,Unknown,unresolved,0,0,0,TRUE,2026-04-07T09:21:17.880566+00:00
NATURE'S OWN BIRYANI MASALA,,,,,,,,,,,UNRESOLVED,UNRESOLVED,Unknown,unresolved,0,0,0,TRUE,2026-04-07T09:21:17.880566+00:00
NATURE'S OWN CHICKEN MASALA,344.14,1440.01,9.19,56.94,,8.85,,0.258,Chicken Masala,Powder,HERBS AND SPICES,SPICES - CHICKEN MASALA,Unprocessed/Minimally processed foods,simulated_lookup_fuzzy,0.745,0.715,0.735,TRUE,2026-04-07T09:21:17.880566+00:00
NATURE'S OWN CURRY POWDER,325,1359.8,15,55,5,15,55,0.05,Curry Powder,Powder,HERBS AND SPICES,SPICES - CURRY POWDER,Unprocessed/Minimally processed foods,simulated_lookup_fuzzy,0.723,0.693,0.713,TRUE,2026-04-07T09:21:17.880566+00:00
NATURE'S OWN FENNEL SEEDS,323,1351.43,23,58,0,6.4,25,0.067,Fennel Seeds,Solid,UNRESOLVED,UNRESOLVED,Unknown,unresolved,0,0,0,TRUE,2026-04-07T09:21:17.880566+00:00
NATURE'S OWN FISH MASALA,385.7,1627.1,16.5,58.1,,9.7,,1.4166,Fish Masala,Powder,UNRESOLVED,UNRESOLVED,Unknown,unresolved,0,0,0,TRUE,2026-04-07T09:21:17.880566+00:00
NATURE'S OWN GARAM MASALA,306.667,1283.09,13.3333,53.3333,0,13.3333,26.6667,0.08,Garam Masala,Powder,UNRESOLVED,UNRESOLVED,Unknown,unresolved,0,0,0,TRUE,2026-04-07T09:21:17.880566+00:00
NATURE'S OWN GROUND BLACK PEPPER,250,1046,11.5385,65.3846,0,3.84615,26.9231,0.0192308,Black Pepper,Powder,UNRESOLVED,UNRESOLVED,Unknown,unresolved,0,0,0,TRUE,2026-04-07T09:21:17.880566+00:00
NATURE'S OWN GROUND CINNAMON,247,1033.45,4,81,2.2,1.2,53,0.01,Ground Cinnamon,Powder,UNRESOLVED,UNRESOLVED,Unknown,unresolved,0,0,0,TRUE,2026-04-07T09:21:17.880566+00:00
NATURE'S OWN GROUND CLOVES,274,1146.42,5,65,2,13,33,0.277,Ground Cloves,Powder,UNRESOLVED,UNRESOLVED,Unknown,unresolved,0,0,0,TRUE,2026-04-07T09:21:17.880566+00:00
NATURE'S OWN GROUND CORIANDER,23,96.232,2.13,3.67,0.87,0.52,2.8,0.046,Ground Coriander,Powder,UNRESOLVED,UNRESOLVED,Unknown,unresolved,0,0,0,TRUE,2026-04-07T09:21:17.880566+00:00
NATURE'S OWN GROUND CUMIN,376.19,1573.98,19.0476,42.8571,4.7619,23.8095,9.52381,0.166667,Ground Cumin,Powder,UNRESOLVED,UNRESOLVED,Unknown,unresolved,0,0,0,TRUE,2026-04-07T09:21:17.880566+00:00
NATURE'S OWN GROUND DHANA JEERA,376.19,1573.98,19.0476,42.8571,4.7619,23.8095,9.52381,0.166667,Ground Dhana Jeera,Powder,UNRESOLVED,UNRESOLVED,Unknown,unresolved,0,0,0,TRUE,2026-04-07T09:21:17.880566+00:00
NATURE'S OWN GROUND GINGER,333.333,1394.67,11.1111,72.2222,5.55556,5.55556,16.6667,0.0277778,Ground Ginger,Powder,UNRESOLVED,UNRESOLVED,Unknown,unresolved,0,0,0,TRUE,2026-04-07T09:21:17.880566+00:00
NATURE'S OWN GROUND MUSTARD,,,,,,,,,Ground Mustard,Powder,UNRESOLVED,UNRESOLVED,Unknown,unresolved,0,0,0,TRUE,2026-04-07T09:21:17.880566+00:00
NATURE'S OWN GROUND SPICE ONION POWDER,,,,,,,,,,,UNRESOLVED,UNRESOLVED,Unknown,unresolved,0,0,0,TRUE,2026-04-07T09:21:17.880566+00:00
NATURE'S OWN GROUND SPICE TURMERIC,342.857,1434.51,14.2857,57.1429,,14.2857,14.2857,0.0428571,Ground Spice Turmeric,Powder,UNRESOLVED,UNRESOLVED,Unknown,unresolved,0,0,0,TRUE,2026-04-07T09:21:17.880566+00:00
NATURE'S OWN GROUND SPICES GARLIC POWDER,149,623.416,6,33,0,0,0,0.153,Garlic Powder,Powder,UNRESOLVED,UNRESOLVED,Unknown,unresolved,0,0,0,TRUE,2026-04-07T09:21:17.880566+00:00
NATURE'S OWN GROUND WHITE PEPPER,,,,,,,,,Ground White Pepper,Powder,UNRESOLVED,UNRESOLVED,Unknown,unresolved,0,0,0,TRUE,2026-04-07T09:21:17.880566+00:00
NATURE'S OWN GROUNDED BLACK PEPPER,,,,,,,,,Ground Black Pepper,Powder,UNRESOLVED,UNRESOLVED,Unknown,unresolved,0,0,0,TRUE,2026-04-07T09:21:17.880566+00:00
NATURE'S OWN MINT,70,292.88,3.8,15,,0.9,8,0.031,Mint,Solid,UNRESOLVED,UNRESOLVED,Unknown,unresolved,0,0,0,TRUE,2026-04-07T09:21:17.880566+00:00
NATURE'S OWN MIXED HERBS,290,1213.36,11.1,55.3,,2.8,,,Mixed Herbs,Solid,UNRESOLVED,UNRESOLVED,Unknown,unresolved,0,0,0,TRUE,2026-04-07T09:21:17.880566+00:00
NATURE'S OWN MIXED SPICES,272.727,1141.09,10.9091,61.8182,3.63636,9.09091,38.1818,0.0436364,Mixed Spices,Powder,UNRESOLVED,UNRESOLVED,Unknown,unresolved,0,0,0,TRUE,2026-04-07T09:21:17.880566+00:00
NATURE'S OWN PILAU MASALA,312.5,1307.5,12.5,37.5,,6.25,25,10.625,Pilau Masala,Powder,UNRESOLVED,UNRESOLVED,Unknown,unresolved,0,0,0,TRUE,2026-04-07T09:21:17.880566+00:00
NATURE'S OWN ROSEMARY HERBS,572.5,2395.34,17.725,23.45,0.3,49.675,11.75,0.01,Rosemary Herbs,Powder,UNRESOLVED,UNRESOLVED,Unknown,unresolved,0,0,0,TRUE,2026-04-07T09:21:17.880566+00:00
NATURE'S OWN SPICE MIX CHAT MASALA,500,2092,0,50,0,0,0,7.5,Chat Masala,Powder,UNRESOLVED,UNRESOLVED,Unknown,unresolved,0,0,0,TRUE,2026-04-07T09:21:17.880566+00:00
NATURE'S OWN SPICE MIX CHICKEN MASALA,375,1569,12.5,62.5,12.5,12.5,25,8.125,Chicken Masala,Powder,UNRESOLVED,UNRESOLVED,Unknown,unresolved,0,0,0,TRUE,2026-04-07T09:21:17.880566+00:00
NATURE'S OWN SPICE MIX TANDOORI MASALA,238,995.792,1,43,,10,,0.048,Tandoori Masala,Powder,UNRESOLVED,UNRESOLVED,Unknown,unresolved,0,0,0,TRUE,2026-04-07T09:21:17.880566+00:00
NATURE'S OWN SPICE MIX TEA MASALA,193.648,810.223,8.82223,24.7022,7.05779,6.61667,,,Tea Masala,Powder,UNRESOLVED,UNRESOLVED,Unknown,unresolved,0,0,0,TRUE,2026-04-07T09:21:17.880566+00:00
NATURE'S OWN TANDOORI MASALA,238,995.7,1,43,,10,,0.048,Tandoori Masala,Powder,UNRESOLVED,UNRESOLVED,Unknown,unresolved,0,0,0,TRUE,2026-04-07T09:21:17.880566+00:00
NATURE'S OWN WHOLE FENUGREEK SEEDS,323,1351.43,23,58,0,6,25,0.067,Fenugreek Seeds,Solid,UNRESOLVED,UNRESOLVED,Unknown,unresolved,0,0,0,TRUE,2026-04-07T09:21:17.880566+00:00
NATURE'S OWN WHOLE SPICES MUSTARD,508,2125.47,26,28,6.8,36,12,0.013,Mustard,Solid,UNRESOLVED,UNRESOLVED,Unknown,unresolved,0,0,0,TRUE,2026-04-07T09:21:17.880566+00:00
NATURE'S TASTES HOT CHILLI SAUCE,88.2353,369.176,,17.6471,17.6471,,,1.88235,Sauce,Paste,UNRESOLVED,UNRESOLVED,Unknown,unresolved,0,0,0,TRUE,2026-04-07T09:21:17.880566+00:00
NATURE'S TASTES KACHUMBARI MEDIUM RED SALSA,863,3610.79,117,64,,16,,0.007,Salsa,Paste,UNRESOLVED,UNRESOLVED,Unknown,unresolved,0,0,0,TRUE,2026-04-07T09:21:17.880566+00:00
NATURE'S TASTES KACHUMBARI MILD RED SALSA,10,41.84,,2,,,,0.1,Red Salsa,Paste,UNRESOLVED,UNRESOLVED,Unknown,unresolved,0,0,0,TRUE,2026-04-07T09:21:17.880566+00:00
NATURE'S TASTES LEMON MARMALADE,30,125.52,0,8,7,0,0,0,Marmalade,Paste,UNRESOLVED,UNRESOLVED,Unknown,unresolved,0,0,0,TRUE,2026-04-07T09:21:17.880566+00:00
NATURE'S TASTES MANGO JAM,60,251.04,0,14,13,0,0,0.005,Mango Jam,Jelly,UNRESOLVED,UNRESOLVED,Unknown,unresolved,0,0,0,TRUE,2026-04-07T09:21:17.880566+00:00
NATURE'S TASTES MIXED FRUIT JAM,,,,,,,,,Fruit Jam,Jelly,JAM/OTHER SPREADS,FRUIT JAM,Ultra-processed foods,simulated_lookup_fuzzy,0.769,0.739,0.759,TRUE,2026-04-07T09:21:17.880566+00:00
NATURE'S TASTES RASPBERRY JAM,241.3,1024,0.6,56.9,56.9,0.2,3.1,0.00056,Jam,Jelly,UNRESOLVED,UNRESOLVED,Unknown,unresolved,0,0,0,TRUE,2026-04-07T09:21:17.880566+00:00
NATURE39S OWN GROUND PILAU MASALA,312.5,1307.5,12.5,37.5,,6.25,25,10.625,Pilau Masala,Powder,UNRESOLVED,UNRESOLVED,Unknown,unresolved,0,0,0,TRUE,2026-04-07T09:21:17.880566+00:00
NATURERSQUOS OWN SEA SALT,0,0,0,0,0,0,0,40.7692,Sea Salt,Solid,UNRESOLVED,UNRESOLVED,Unknown,unresolved,0,0,0,TRUE,2026-04-07T09:21:17.880566+00:00
NATURES OWN BIRYANI MASALA,,,,,,,,,,,UNRESOLVED,UNRESOLVED,Unknown,unresolved,0,0,0,TRUE,2026-04-07T09:21:17.880566+00:00
NATURES OWN CHICKEN MASALA,30,1570,1,5,1,1,2,0.65,Chicken Masala,Powder,HERBS AND SPICES,SPICES - CHICKEN MASALA,Unprocessed/Minimally processed foods,simulated_lookup_fuzzy,0.76,0.73,0.75,TRUE,2026-04-07T09:21:17.880566+00:00
NATURES OWN CURRY POWDER,62,259.408,12.3,45,0,13.1,0,0,Curry Powder,Solid,HERBS AND SPICES,SPICES - CURRY POWDER,Unprocessed/Minimally processed foods,simulated_lookup_fuzzy,0.739,0.709,0.729,TRUE,2026-04-07T09:21:17.880566+00:00
NATURES OWN FISH MASALA,405,1694.52,11,61,3,13,0,0.145,Fish Masala,Powder,HERBS AND SPICES,SPICES - FISH MASALA,Unprocessed/Minimally processed foods,simulated_lookup_fuzzy,0.727,0.697,0.717,TRUE,2026-04-07T09:21:17.880566+00:00
NATURES OWN GARAM MASALA,20,83.68,1,4,0,1,0,0.046,Garam Masala,Powder,UNRESOLVED,UNRESOLVED,Unknown,unresolved,0,0,0,TRUE,2026-04-07T09:21:17.880566+00:00
NATURES OWN GROUNDED CHILLI,,,,,,,,,Ground Spice Chilli,Powder,UNRESOLVED,UNRESOLVED,Unknown,unresolved,0,0,0,TRUE,2026-04-07T09:21:17.880566+00:00
NATURES OWN GROUNDED TEA MASALA,1637.5,6851.3,68.75,312.5,,,,,Tea Masala,Powder,UNRESOLVED,UNRESOLVED,Unknown,unresolved,0,0,0,TRUE,2026-04-07T09:21:17.880566+00:00
NATURES OWN ONION POWDER,,,,,,,,,,,UNRESOLVED,UNRESOLVED,Unknown,unresolved,0,0,0,TRUE,2026-04-07T09:21:17.880566+00:00
NATURES OWN WHOLE CORIANDER SEEDS,298,1246.83,12,13,0,18,42,0.035,Coriander Seeds,Solid,UNRESOLVED,UNRESOLVED,Unknown,unresolved,0,0,0,TRUE,2026-04-07T09:21:17.880566+00:00
NATURES OWN WHOLE CUMIN,375,1569,18,44,2.3,22,11,0.168,Whole Cumin,Solid,UNRESOLVED,UNRESOLVED,Unknown,unresolved,0,0,0,TRUE,2026-04-07T09:21:17.880566+00:00
NATURES OWN WHOLE CUMIN SEEDS,428,1790.75,17,33,2,22,10,0.2,Cumin Seeds,Solid,UNRESOLVED,UNRESOLVED,Unknown,unresolved,0,0,0,TRUE,2026-04-07T09:21:17.880566+00:00
NATURES OWN WHOLE NUTMEG,509,2129.66,6,37,0,36,0,0.018,Nutmeg,Solid,UNRESOLVED,UNRESOLVED,Unknown,unresolved,0,0,0,TRUE,2026-04-07T09:21:17.880566+00:00
NATURES TASTE HOT N SWEET SAUCE,154,644.336,0.5,38,37.4,,1,1.02,Sauce,Paste,TABLE SAUCES,CHILLI/HOT SAUCE,Ultra-processed foods,simulated_lookup_fuzzy,0.778,0.748,0.768,TRUE,2026-04-07T09:21:17.880566+00:00
NATURES TASTES STRAWBERRY JAM,344,1439.3,0.67,85.22,72.12,0.08,,,Jam,Jelly,JAM/OTHER SPREADS,FRUIT JAM,Ultra-processed foods,simulated_lookup_fuzzy,0.776,0.746,0.766,TRUE,2026-04-07T09:21:17.880566+00:00
NAWON BASIL SEED KIWI JUICE,,,,,,,,,Juice,Liquid,UNRESOLVED,UNRESOLVED,Unknown,unresolved,0,0,0,TRUE,2026-04-07T09:21:17.880566+00:00
NAWON MANGO FRUIT,,,,,,,,,,,UNRESOLVED,UNRESOLVED,Unknown,unresolved,0,0,0,TRUE,2026-04-07T09:21:17.880566+00:00
NAWON MIXED FRUIT,,,,,,,,,,,JAM/OTHER SPREADS,FRUIT JAM,Ultra-processed foods,simulated_lookup_fuzzy,0.722,0.692,0.712,TRUE,2026-04-07T09:21:17.880566+00:00
NAWON ORANGE FRUIT,,,,,,,,,,,UNRESOLVED,UNRESOLVED,Unknown,unresolved,0,0,0,TRUE,2026-04-07T09:21:17.880566+00:00
NESCAFE 3 IN 1 ORIGINAL INSTANT COFFEE,447,1880,3,78,55,13,2.8,,Instant Coffee,Powder,UNRESOLVED,UNRESOLVED,Unknown,unresolved,0,0,0,TRUE,2026-04-07T09:21:17.880566+00:00
NESCAFE 3IN1 CREAMY WHITE COFFEE,,,,,,,,,White Coffee,Powder,UNRESOLVED,UNRESOLVED,Unknown,unresolved,0,0,0,TRUE,2026-04-07T09:21:17.880566+00:00
NESCAFE 3IN1 ORGANIC COFFEE 18GX25,447,1880,3,78,55,13,2.8,,Instant Coffee,Powder,UNRESOLVED,UNRESOLVED,Unknown,unresolved,0,0,0,TRUE,2026-04-07T09:21:17.880566+00:00
NESCAFE CLASSIC COFFEE,,,,,,,,,,,COFFEE,COFFEE - UNSWEETENED WITHOUT MILK,Unprocessed/Minimally processed foods,simulated_lookup_fuzzy,0.811,0.781,0.801,TRUE,2026-04-07T09:21:17.880566+00:00
NESCAFE CLASSIC INSTANT COFFEE,90,376.56,2,23,5,1,5,0.19,Instant Coffee,Powder,COFFEE,COFFEE - UNSWEETENED WITHOUT MILK,Unprocessed/Minimally processed foods,simulated_lookup_fuzzy,0.724,0.694,0.714,TRUE,2026-04-07T09:21:17.880566+00:00
NESCAFE DOLCE GUSTO CAFE AMERICAN 16CAP,,,,,,,,,,,UNRESOLVED,UNRESOLVED,Unknown,unresolved,0,0,0,TRUE,2026-04-07T09:21:17.880566+00:00
NESCAFE DOLCE GUSTO CAPPUCINO186,,,,,,,,,,,UNRESOLVED,UNRESOLVED,Unknown,unresolved,0,0,0,TRUE,2026-04-07T09:21:17.880566+00:00
NESCAFE DOLCE GUSTO DECAFFEINTO,,,,,,,,,,,UNRESOLVED,UNRESOLVED,Unknown,unresolved,0,0,0,TRUE,2026-04-07T09:21:17.880566+00:00
NESCAFE DOLCE GUSTO ESPRESO INTENSO 16CAP,,,,,,,,,,,UNRESOLVED,UNRESOLVED,Unknown,unresolved,0,0,0,TRUE,2026-04-07T09:21:17.880566+00:00
NESCAFE DOLCE GUSTO ESPRESO MACCHIATO 16CAPS,,,,,,,,,,,UNRESOLVED,UNRESOLVED,Unknown,unresolved,0,0,0,TRUE,2026-04-07T09:21:17.880566+00:00
NESCAFE DOLCE GUSTO LUNGO DECAF 16CAPS,,,,,,,,,,,UNRESOLVED,UNRESOLVED,Unknown,unresolved,0,0,0,TRUE,2026-04-07T09:21:17.880566+00:00
NESCAFE DOLCE GUSTO NESQUIKCHOC 16CAP,,,,,,,,,,,UNRESOLVED,UNRESOLVED,Unknown,unresolved,0,0,0,TRUE,2026-04-07T09:21:17.880566+00:00
NESCAFE G CAPPUCCINO COFFEE S,,,,,,,,,,,UNRESOLVED,UNRESOLVED,Unknown,unresolved,0,0,0,TRUE,2026-04-07T09:21:17.880566+00:00
NESCAFE GOLD BLEND DECAF INSTANT COFFEE,8,33.472,7,3,3,,34,,Coffee,Powder,UNRESOLVED,UNRESOLVED,Unknown,unresolved,0,0,0,TRUE,2026-04-07T09:21:17.880566+00:00
NESCAFE GOLD CAPPUCCINO HAZZELNUT COFFEE S,,,,,,,,,,,UNRESOLVED,UNRESOLVED,Unknown,unresolved,0,0,0,TRUE,2026-04-07T09:21:17.880566+00:00
NESCAFE GOLD CAPPUCCINO REDUCED SUGAR COFFEE,,,,,,,,,,,UNRESOLVED,UNRESOLVED,Unknown,unresolved,0,0,0,TRUE,2026-04-07T09:21:17.880566+00:00
NESCAFE GOLD ROAST COFFEE,,,,,,,,,,,UNRESOLVED,UNRESOLVED,Unknown,unresolved,0,0,0,TRUE,2026-04-07T09:21:17.880566+00:00
NESCAFE TASTERS CHOICE DECAF 16 PACKETS INSTANCE COFFEE,,,,,,,,,,,UNRESOLVED,UNRESOLVED,Unknown,unresolved,0,0,0,TRUE,2026-04-07T09:21:17.880566+00:00
NESTLE CEREVITA FLAKES WITH MILK,411.111,1720.09,8.88889,64.4444,20,11.1111,2.22222,0.264444,Flakes,Solid,UNRESOLVED,UNRESOLVED,Unknown,unresolved,0,0,0,TRUE,2026-04-07T09:21:17.880566+00:00
NESTLE CEREVITA HONEY BREAKFAST CEREAL,630,2670,50,227,53.3333,9.66667,6,,Breakfast Cereal,Solid,UNRESOLVED,UNRESOLVED,Unknown,unresolved,0,0,0,TRUE,2026-04-07T09:21:17.880566+00:00
NESTLE CEREVITA HONEY BREAKFAST CEREALS FLAKES,183,765.672,2,28,,7,,0.098,Cereals Flakes,Solid,UNRESOLVED,UNRESOLVED,Unknown,unresolved,0,0,0,TRUE,2026-04-07T09:21:17.880566+00:00
NESTLE CINNAMON BREAKFAST BAR,,,,,,,,,,,UNRESOLVED,UNRESOLVED,Unknown,unresolved,0,0,0,TRUE,2026-04-07T09:21:17.880566+00:00
NESTLE COFFEE MATE SF VANILLA,,,,,,,,,,,UNRESOLVED,UNRESOLVED,Unknown,unresolved,0,0,0,TRUE,2026-04-07T09:21:17.880566+00:00
NESTLE GO FREE CORN FLAKES,,,,,,,,,,,UNRESOLVED,UNRESOLVED,Unknown,unresolved,0,0,0,TRUE,2026-04-07T09:21:17.880566+00:00
NESTLE KITKAT 4 FINGER MILK AND COCOA PLAN CHOCOLATE BAR,502,2102,6.7,62.7,51,24.4,2.1,,,,UNRESOLVED,UNRESOLVED,Unknown,unresolved,0,0,0,TRUE,2026-04-07T09:21:17.880566+00:00
NESTLE LION BAR,491,2057,5.3,66,50.9,22.6,1.4,,Chocolate Bar,Solid,UNRESOLVED,UNRESOLVED,Unknown,unresolved,0,0,0,TRUE,2026-04-07T09:21:17.880566+00:00
NESTLE MILO ACTIV-GO,,,,,,,,,,,UNRESOLVED,UNRESOLVED,Unknown,unresolved,0,0,0,TRUE,2026-04-07T09:21:17.880566+00:00
NESTLE MILO ACTIVE-GO CHOCOLATE MILK POWDER,416,1740.5,10.4,67.1,44,10.9,4,0.15,Milk Powder,Powder,UNRESOLVED,UNRESOLVED,Unknown,unresolved,0,0,0,TRUE,2026-04-07T09:21:17.880566+00:00
NESTLE NESQUICK CEREAL BARS,,,,,,,,,,,UNRESOLVED,UNRESOLVED,Unknown,unresolved,0,0,0,TRUE,2026-04-07T09:21:17.880566+00:00
NESTLE POLO ORIGINAL MINT CANDY,402,1707,,98.1,95.6,1,,,Candy,Solid,UNRESOLVED,UNRESOLVED,Unknown,unresolved,0,0,0,TRUE,2026-04-07T09:21:17.880566+00:00
NESTLE QUALITY STREET CHOCOLATE,471,1976,3.3,67.3,58,20.7,1.2,,Chocolate,Solid,UNRESOLVED,UNRESOLVED,Unknown,unresolved,0,0,0,TRUE,2026-04-07T09:21:17.880566+00:00
NESTLE ROLO CHOCOLATE TUBE,478,2004,4.8,67,58,20,1.2,,Chocolate Tube,Solid,UNRESOLVED,UNRESOLVED,Unknown,unresolved,0,0,0,TRUE,2026-04-07T09:21:17.880566+00:00
NESTLE TOLA MINIATURES,,,,,,,,,,,UNRESOLVED,UNRESOLVED,Unknown,unresolved,0,0,0,TRUE,2026-04-07T09:21:17.880566+00:00
NICO NATA DC STRAWBERRY JUICE,,,,,,,,,Juice,Liquid,CANDY AND CONFECTIONERY,SWEETS/CANDY,Ultra-processed foods,simulated_lookup_fuzzy,0.745,0.715,0.735,TRUE,2026-04-07T09:21:17.880566+00:00
NICO NICO RED GRAPE,,,,,,,,,,,UNRESOLVED,UNRESOLVED,Unknown,unresolved,0,0,0,TRUE,2026-04-07T09:21:17.880566+00:00
NICO PASSION FRUIT,,,,,,,,,,,FRUITS,PASSION FRUITS,Unprocessed/Minimally processed foods,simulated_lookup_fuzzy,0.75,0.72,0.74,TRUE,2026-04-07T09:21:17.880566+00:00
NOM NOMS MINI CHOCOLATE MARSHMALLOWS,97,412.9,1.1,23.1,21.1,0,0.2,0.0045,Marshmallows,Solid,UNRESOLVED,UNRESOLVED,Unknown,unresolved,0,0,0,TRUE,2026-04-07T09:21:17.880566+00:00
NOM NOMS ORIGINAL MARSHMALLOWS,96,406,1,28.3,21.3,0.3,0,0.0044,Marshmallows,Solid,UNRESOLVED,UNRESOLVED,Unknown,unresolved,0,0,0,TRUE,2026-04-07T09:21:17.880566+00:00
NOM NOMS ORIGINAL MINI MARSHMALLOWS,96,406,1,28.3,21.3,0.3,0,0.0044,Marshmallows,Solid,UNRESOLVED,UNRESOLVED,Unknown,unresolved,0,0,0,TRUE,2026-04-07T09:21:17.880566+00:00
NOM NOMS SOURS APPLE MINI MARSHMALLOW,384.615,1609.23,3.84615,88.4615,76.9231,0,0,0,Marshmallow,Solid,UNRESOLVED,UNRESOLVED,Unknown,unresolved,0,0,0,TRUE,2026-04-07T09:21:17.880566+00:00
NOM NOMS SOURS COLA MINI MARSHMALLOW,70,297,0.8,16,15.5,0,0.02,0,Marshmallow,Solid,UNRESOLVED,UNRESOLVED,Unknown,unresolved,0,0,0,TRUE,2026-04-07T09:21:17.880566+00:00
NOM NOMS SOURS PEACH MINI MARSHMALLOW,322.727,1386.36,3.18182,78.6364,71.8182,0,1.36364,0.0313636,Marshmallow,Solid,UNRESOLVED,UNRESOLVED,Unknown,unresolved,0,0,0,TRUE,2026-04-07T09:21:17.880566+00:00
NOM NOMS SOURS STRAWBERRY MINI MARSHMALLOWS,336,1405.82,2.8,79.9,53.6,0.6,0,0.036,Marshmallows,Solid,UNRESOLVED,UNRESOLVED,Unknown,unresolved,0,0,0,TRUE,2026-04-07T09:21:17.880566+00:00
NORDA CRIBAZ BARBEQUE POTATO CRISPS,533,2230.07,5,54,,33,4,,Potato Crisps,Solid,UNRESOLVED,UNRESOLVED,Unknown,unresolved,0,0,0,TRUE,2026-04-07T09:21:17.880566+00:00
NORDA TAMU TAMU TOMATO KETCHUP CORN CURLS,445,1861,7,69,5,15,,0.627,Corn Curls,Solid,UNRESOLVED,UNRESOLVED,Unknown,unresolved,0,0,0,TRUE,2026-04-07T09:21:17.880566+00:00
NORDA TAMU TAMU TUTTI FRUITY CORN CURLS,445,1861,6,67,5,15,,0.625,Corn Curls,Solid,UNRESOLVED,UNRESOLVED,Unknown,unresolved,0,0,0,TRUE,2026-04-07T09:21:17.880566+00:00
NORDA URBAN BITES FUNKY FRUITY CHUTNEY POTATO CRISPS,556.667,2329.09,5.66667,52.6667,,37,4.33333,0.000625,Potato Crisps,Solid,UNRESOLVED,UNRESOLVED,Unknown,unresolved,0,0,0,TRUE,2026-04-07T09:21:17.880566+00:00
NORDA URBAN BITES NYAMA CHOMA POTATO CRISPS,563.333,2356.98,5.66667,51.3333,,38.3333,4.66667,0.000408333,Potato Crisps,Solid,UNRESOLVED,UNRESOLVED,Unknown,unresolved,0,0,0,TRUE,2026-04-07T09:21:17.880566+00:00
NORDA URBAN BITES PARTY PAPRIKA POTATO CRISPS,556.667,2329.09,6,51.3333,,37.6667,5,0.541667,Potato Crisps,Solid,UNRESOLVED,UNRESOLVED,Unknown,unresolved,0,0,0,TRUE,2026-04-07T09:21:17.880566+00:00
NORDA URBAN BITES SAMBA SALT AND VINEGAR POTATO CRISPS,531.111,2222.16,4.44444,48.8889,2.22222,31.1111,4.44444,0.795556,Potato Crisps,Solid,UNRESOLVED,UNRESOLVED,Unknown,unresolved,0,0,0,TRUE,2026-04-07T09:21:17.880566+00:00
NORDA URBAN BITES SUMMER SALT POTATO CRISPS,470,1966.48,6,63,,20,,0.001,Potato Crisps,Solid,UNRESOLVED,UNRESOLVED,Unknown,unresolved,0,0,0,TRUE,2026-04-07T09:21:17.880566+00:00
NORDA URBAN BITES TRENDY TOMATO POTATO CRISPS,300,1255.2,10,30,10,15,5,1.4,Potato Crisps,Solid,UNRESOLVED,UNRESOLVED,Unknown,unresolved,0,0,0,TRUE,2026-04-07T09:21:17.880566+00:00
NORDA URBAN STIX KUKU CHOMA CRUNCHY CORN SNACKS,504,2109,45.4,64.2,1.3,22.7,,,Corn Snacks,Solid,UNRESOLVED,UNRESOLVED,Unknown,unresolved,0,0,0,TRUE,2026-04-07T09:21:17.880566+00:00
NOVI BLACK BEANS,,,,,,,,,,,UNRESOLVED,UNRESOLVED,Unknown,unresolved,0,0,0,TRUE,2026-04-07T09:21:17.880566+00:00
NTAMU TRADITIONAL PIZZA SAUCE,35,146.44,1,6,4,1,1,0,Sauce,Paste,UNRESOLVED,UNRESOLVED,Unknown,unresolved,0,0,0,TRUE,2026-04-07T09:21:17.880566+00:00
NUT GOLD CRUNCHY PEANUT BUTTER,642,2686.13,26,20,9,51,5,0.35,Peanut Butter,Paste,PEANUT BUTTER,PEANUT BUTTER,Ultra-processed foods,simulated_lookup_fuzzy,0.746,0.716,0.736,TRUE,2026-04-07T09:21:17.880566+00:00
NUT GOLD PEANUT BUTTER CREAMY,,,,,,,,,,,PEANUT BUTTER,PEANUT BUTTER,Ultra-processed foods,simulated_lookup_exact,0.99,0.99,0.99,FALSE,2026-04-07T09:21:17.880566+00:00
NUTCRACKER COUS COUS,,,,,,,,,,,UNRESOLVED,UNRESOLVED,Unknown,unresolved,0,0,0,TRUE,2026-04-07T09:21:17.880566+00:00
NUTCRACKER MACADAMIA NUTS,35.7143,146.429,0,0,0,3.57143,0,0.0142857,Macadamia Nuts,Solid,UNRESOLVED,UNRESOLVED,Unknown,unresolved,0,0,0,TRUE,2026-04-07T09:21:17.880566+00:00
NUTCRACKER PECAN HALVES,690,2886,9,14,4,72,10,0,Pecan Nuts,Solid,UNRESOLVED,UNRESOLVED,Unknown,unresolved,0,0,0,TRUE,2026-04-07T09:21:17.880566+00:00
NUTCRACKER PERIPERI FLAVOUR MIXED NUTS,468.85,,16.1,13.23,6.26,65.33,4.7,120.1,snack,solid,UNRESOLVED,UNRESOLVED,Unknown,unresolved,0,0,0,TRUE,2026-04-07T09:21:17.880566+00:00
NUTCRACKER PINENUTS,634,2653,20,26,0.3,50,0,0,Pinenuts,Solid,UNRESOLVED,UNRESOLVED,Unknown,unresolved,0,0,0,TRUE,2026-04-07T09:21:17.880566+00:00
NUTCRACKER PUMPKIN SEEDS,446,1866,19,54,,19,18,0.018,Pumpkin Seeds,Solid,UNRESOLVED,UNRESOLVED,Unknown,unresolved,0,0,0,TRUE,2026-04-07T09:21:17.880566+00:00
NUTCRACKER SAFARI SNACK MIX,743.4,,14.37,19.56,13.04,3.67,2.78,0,snack,solid,UNRESOLVED,UNRESOLVED,Unknown,unresolved,0,0,0,TRUE,2026-04-07T09:21:17.880566+00:00
NUTCRACKER SALT & BLACK PEPPER MIXED NUT,523.07,,17.35,21.31,4.64,66.57,6.78,44.24,snack,solid,UNRESOLVED,UNRESOLVED,Unknown,unresolved,0,0,0,TRUE,2026-04-07T09:21:17.880566+00:00
NUTCRACKER SESAME SEEDS,565,2363,19,17.8,0,48,,,Sesame Seeds,Solid,UNRESOLVED,UNRESOLVED,Unknown,unresolved,0,0,0,TRUE,2026-04-07T09:21:17.880566+00:00
NUTCRACKER SMOKEY BBQ FLAVOUR MIXED NUT,471.5,,15.99,13.8,8.22,65.18,5.63,4.07,snack,solid,UNRESOLVED,UNRESOLVED,Unknown,unresolved,0,0,0,TRUE,2026-04-07T09:21:17.880566+00:00
NUTCRACKER WHOLE ALMONDS CALIFORNIA,,,,,,,,,Almonds,Solid,UNRESOLVED,UNRESOLVED,Unknown,unresolved,0,0,0,TRUE,2026-04-07T09:21:17.880566+00:00
NUTCRACKER WHOLE CASHEW NUTS,553,2313.75,18.22,30.19,5.91,43.85,3.3,0.012,Cashew Nuts,Solid,UNRESOLVED,UNRESOLVED,Unknown,unresolved,0,0,0,TRUE,2026-04-07T09:21:17.880566+00:00
NUTCRAKER GRANOLA SNACK MIX,436,,5,45,21,4.5,6.9,0,snack,solid,UNRESOLVED,UNRESOLVED,Unknown,unresolved,0,0,0,TRUE,2026-04-07T09:21:17.880566+00:00
NUTEEZ NATURAL CRUNCHY PEANUT BUTTER,616,2577.34,27,12,,50,,,Peanut Butter,Paste,PEANUT BUTTER,PEANUT BUTTER,Ultra-processed foods,simulated_lookup_fuzzy,0.73,0.7,0.72,TRUE,2026-04-07T09:21:17.880566+00:00
NUTEEZ SMOOTH PEANUT BUTTER,620,2594.08,26.6667,20,6.66667,46.6667,10,0.02,Peanut Butter,Paste,UNRESOLVED,UNRESOLVED,Unknown,unresolved,0,0,0,TRUE,2026-04-07T09:21:17.880566+00:00
NUTELLA FERRERO & GO HAZELNUT SPREAD AND MALTED BREAD STICKS,519.231,2172.46,7.69231,63.4615,44.2308,25,3.84615,0.230769,Hazelnut Spread,Solid,UNRESOLVED,UNRESOLVED,Unknown,unresolved,0,0,0,TRUE,2026-04-07T09:21:17.880566+00:00
NUTELLA FERRERO COCOA AND HAZELNUT SPREAD,539,2253.02,6.3,57.5,56.3,30.9,,0.043,Spread,Paste,UNRESOLVED,UNRESOLVED,Unknown,unresolved,0,0,0,TRUE,2026-04-07T09:21:17.880566+00:00
NUTFIELDS CASHEW NUTS,581,2430.9,16.8,30.2,,47.8,3.3,0.308,Cashew Nuts,Solid,UNRESOLVED,UNRESOLVED,Unknown,unresolved,0,0,0,TRUE,2026-04-07T09:21:17.880566+00:00
NUTFIELDS DRY ROASTED AND SALTED MIXED NUTS,569.8,2384.04,16.8,24.5,4.6,49,8.4,0.3311,Mixed Nuts,Solid,UNRESOLVED,UNRESOLVED,Unknown,unresolved,0,0,0,TRUE,2026-04-07T09:21:17.880566+00:00
NUTFIELDS DRY ROASTED AND SALTED PEANUTS,614,2541,26,9.2,4.5,51,8.8,0.32,Peanuts,Solid,UNRESOLVED,UNRESOLVED,Unknown,unresolved,0,0,0,TRUE,2026-04-07T09:21:17.880566+00:00
NUTFIELDS MACADAMIA NUTS,761,3186,7.2,12.7,4.6,75.7,,,Macadamia Nuts,Solid,UNRESOLVED,UNRESOLVED,Unknown,unresolved,0,0,0,TRUE,2026-04-07T09:21:17.880566+00:00
NUTFIELDS MIXED NUTS,597,2497.85,24,19,4,52,8,0.321,Mixed Nuts,Solid,UNRESOLVED,UNRESOLVED,Unknown,unresolved,0,0,0,TRUE,2026-04-07T09:21:17.880566+00:00
NUTFIELDS UNSALTED CASHEW NUTS,582,2435.09,18,26,5,43,3,,Cashew Nuts,Solid,UNRESOLVED,UNRESOLVED,Unknown,unresolved,0,0,0,TRUE,2026-04-07T09:21:17.880566+00:00
NUTFIELDS UNSALTED MACADAMIA NUTS,761,3184.02,7,12,,75,,,Macadamia Nuts,Solid,UNRESOLVED,UNRESOLVED,Unknown,unresolved,0,0,0,TRUE,2026-04-07T09:21:17.880566+00:00
NUTRAMEAL ATTA MARK 1 WHEAT FLOUR,340,1422,13,72,,,11,,Wheat Flour,Powder,UNRESOLVED,UNRESOLVED,Unknown,unresolved,0,0,0,TRUE,2026-04-07T09:21:17.880566+00:00
NUTRAMEAL BLACK GRAMS,,,,,,,,,Black Grams,Solid,UNRESOLVED,UNRESOLVED,Unknown,unresolved,0,0,0,TRUE,2026-04-07T09:21:17.880566+00:00
NUTRAMEAL BLACK NJAHI BEANS,341,1426,22,62,2.1,1.4,16,0.005,Njahi Beans,Solid,UNRESOLVED,UNRESOLVED,Unknown,unresolved,0,0,0,TRUE,2026-04-07T09:21:17.880566+00:00
NUTRAMEAL BLACK PEPPER CORNS,,,,,,,,,,,UNRESOLVED,UNRESOLVED,Unknown,unresolved,0,0,0,TRUE,2026-04-07T09:21:17.880566+00:00
NUTRAMEAL BROWN ROSCOCO BEANS,362,1514,18,63,5,1,,0.02,Roscoco Beans,Solid,UNRESOLVED,UNRESOLVED,Unknown,unresolved,0,0,0,TRUE,2026-04-07T09:21:17.880566+00:00
NUTRAMEAL BUTTER BEANS,35,155,1.4,7.3,2.45,0.2,3,,Butter Beans,Solid,UNRESOLVED,UNRESOLVED,Unknown,unresolved,0,0,0,TRUE,2026-04-07T09:21:17.880566+00:00
NUTRAMEAL CHANA DAL,,,,,,,,,,,UNRESOLVED,UNRESOLVED,Unknown,unresolved,0,0,0,TRUE,2026-04-07T09:21:17.880566+00:00
NUTRAMEAL CUMIN SEEDS POWDER,356,1489.5,18.7,36.6,0,15,12,0.06,Cumin Seeds Powder,Powder,UNRESOLVED,UNRESOLVED,Unknown,unresolved,0,0,0,TRUE,2026-04-07T09:21:17.880566+00:00
NUTRAMEAL GOLDEN GRAMS,338,1414,25,61,,,6,,Golden Grams,Solid,UNRESOLVED,UNRESOLVED,Unknown,unresolved,0,0,0,TRUE,2026-04-07T09:21:17.880566+00:00
NUTRAMEAL GREEN GRAMS POLISHED,,,,,,,,,,,"PULSES - PEAS, LENTILS, BEANS",GREEN GRAMS,Unprocessed/Minimally processed foods,simulated_lookup_fuzzy,0.836,0.806,0.826,TRUE,2026-04-07T09:21:17.880566+00:00
NUTRAMEAL GREEN LENTILS,355.556,1486.67,24.4444,64.4444,2.22222,,11.1111,,Green Lentils,Solid,UNRESOLVED,UNRESOLVED,Unknown,unresolved,0,0,0,TRUE,2026-04-07T09:21:17.880566+00:00
NUTRAMEAL IMPORTED POPCORN KERNELS,382,1598,12,78,,4,15,0.004,Kernels,Solid,UNRESOLVED,UNRESOLVED,Unknown,unresolved,0,0,0,TRUE,2026-04-07T09:21:17.880566+00:00
NUTRAMEAL KALONJI,,,,,,,,,,,UNRESOLVED,UNRESOLVED,Unknown,unresolved,0,0,0,TRUE,2026-04-07T09:21:17.880566+00:00
NUTRAMEAL KAMANDE (MASOOR WHOLE),164,686.176,7,26,5,4,7,1.046,Red Lentil,Solid,UNRESOLVED,UNRESOLVED,Unknown,unresolved,0,0,0,TRUE,2026-04-07T09:21:17.880566+00:00
NUTRAMEAL MAKUENI GREEN GRAMS,,,,,,,,,,,UNRESOLVED,UNRESOLVED,Unknown,unresolved,0,0,0,TRUE,2026-04-07T09:21:17.880566+00:00
NUTRAMEAL MASOOR DAL,,,,,,,,,,,UNRESOLVED,UNRESOLVED,Unknown,unresolved,0,0,0,TRUE,2026-04-07T09:21:17.880566+00:00
NUTRAMEAL MWITEMANIA BEANS,337,1410,22,60,3.88,1.5,24,0.005,Mwitemania Beans,Solid,UNRESOLVED,UNRESOLVED,Unknown,unresolved,0,0,0,TRUE,2026-04-07T09:21:17.880566+00:00
NUTRAMEAL NATURAL WHOLESOME CANE SUGAR,387,1619.2,,100,100,,,0.001,Cane Sugar,Solid,UNRESOLVED,UNRESOLVED,Unknown,unresolved,0,0,0,TRUE,2026-04-07T09:21:17.880566+00:00
NUTRAMEAL NYAYO BEANS,346,1447,22,60,,1.3,4.8,,Nyayo Beans,Solid,UNRESOLVED,UNRESOLVED,Unknown,unresolved,0,0,0,TRUE,2026-04-07T09:21:17.880566+00:00
NUTRAMEAL PIGEON PEAS,343,1435,22,63,,1.5,15,0.017,Pigeon Peas,Solid,UNRESOLVED,UNRESOLVED,Unknown,unresolved,0,0,0,TRUE,2026-04-07T09:21:17.880566+00:00
NUTRAMEAL POLISHED GREEN GRAM,,,,,,,,,,,UNRESOLVED,UNRESOLVED,Unknown,unresolved,0,0,0,TRUE,2026-04-07T09:21:17.880566+00:00
NUTRAMEAL POLISHED GREEN GRAMS,,,,,,,,,,,UNRESOLVED,UNRESOLVED,Unknown,unresolved,0,0,0,TRUE,2026-04-07T09:21:17.880566+00:00
NUTRAMEAL RED COWPEAS,336,1405,23,60,6.9,1.26,10.6,0.016,Red Cowpeas,Solid,UNRESOLVED,UNRESOLVED,Unknown,unresolved,0,0,0,TRUE,2026-04-07T09:21:17.880566+00:00
NUTRAMEAL RED KIDNEY BEANS,346,1447,22,60,,1.3,4.8,,Red Kidney Beans,Solid,UNRESOLVED,UNRESOLVED,Unknown,unresolved,0,0,0,TRUE,2026-04-07T09:21:17.880566+00:00
NUTRAMEAL REGULAR CHICK PEAS,340,1422,11,73,2,0.4,8,,Chick Peas,Solid,UNRESOLVED,UNRESOLVED,Unknown,unresolved,0,0,0,TRUE,2026-04-07T09:21:17.880566+00:00
NUTRAMEAL RICE FLOUR,,,,,,,,,Rice Flour,Powder,UNRESOLVED,UNRESOLVED,Unknown,unresolved,0,0,0,TRUE,2026-04-07T09:21:17.880566+00:00
NUTRAMEAL ROSCOCO WHITE BEANS,,,,,,,,,,,UNRESOLVED,UNRESOLVED,Unknown,unresolved,0,0,0,TRUE,2026-04-07T09:21:17.880566+00:00
NUTRAMEAL SEMOLINA FLOUR,80.198,335.549,13.8614,,,1.9802,,,Semolina Flour,Powder,UNRESOLVED,UNRESOLVED,Unknown,unresolved,0,0,0,TRUE,2026-04-07T09:21:17.880566+00:00
NUTRAMEAL SOYA BEANS,172,719,18,8.4,3,9,6,0.001,Soya Beans,Solid,UNRESOLVED,UNRESOLVED,Unknown,unresolved,0,0,0,TRUE,2026-04-07T09:21:17.880566+00:00
NUTRAMEAL SPLIT MOONGDAL,,,,,,,,,,,UNRESOLVED,UNRESOLVED,Unknown,unresolved,0,0,0,TRUE,2026-04-07T09:21:17.880566+00:00
NUTRAMEAL SPLIT URAD DAL,,,,,,,,,,,UNRESOLVED,UNRESOLVED,Unknown,unresolved,0,0,0,TRUE,2026-04-07T09:21:17.880566+00:00
NUTRAMEAL SPLIT WASHED MOONG DAL,,,,,,,,,,,UNRESOLVED,UNRESOLVED,Unknown,unresolved,0,0,0,TRUE,2026-04-07T09:21:17.880566+00:00
NUTRAMEAL SUNFLOWER SEEDS,584,2443.46,20,20,2,51,8,0.009,Sunflower Seeds,Solid,UNRESOLVED,UNRESOLVED,Unknown,unresolved,0,0,0,TRUE,2026-04-07T09:21:17.880566+00:00
NUTRAMEAL TOOR DAL,,,,,,,,,,,UNRESOLVED,UNRESOLVED,Unknown,unresolved,0,0,0,TRUE,2026-04-07T09:21:17.880566+00:00
NUTRAMEAL WAIRIMU BEANS,341,1426.74,22,62,2.1,1.4,16,0.005,Wairimu Beans,Solid,UNRESOLVED,UNRESOLVED,Unknown,unresolved,0,0,0,TRUE,2026-04-07T09:21:17.880566+00:00
NUTRAMEAL WASHED URAD DAL,,,,,,,,,,,UNRESOLVED,UNRESOLVED,Unknown,unresolved,0,0,0,TRUE,2026-04-07T09:21:17.880566+00:00
NUTRAMEAL WHITE COWPEAS,366,1405,24,60,,1.3,,,White Cowpeas,Solid,UNRESOLVED,UNRESOLVED,Unknown,unresolved,0,0,0,TRUE,2026-04-07T09:21:17.880566+00:00
NUTRAMEAL WHOLE NUTMEG,525,2196.6,5,49,,36,20,0.016,Nutmeg,Solid,UNRESOLVED,UNRESOLVED,Unknown,unresolved,0,0,0,TRUE,2026-04-07T09:21:17.880566+00:00
NUTRAMEAL WHOLE WHEAT,,,,,,,,,,,UNRESOLVED,UNRESOLVED,Unknown,unresolved,0,0,0,TRUE,2026-04-07T09:21:17.880566+00:00
NUTRAMEAL YELLOW BEANS,345,1443,22,60,,2.6,25,0.012,Yellow Beans,Solid,UNRESOLVED,UNRESOLVED,Unknown,unresolved,0,0,0,TRUE,2026-04-07T09:21:17.880566+00:00
NUTRAMEAL YELLOW GRAMS CHANA,363,1518.79,20,58,,5,,,Yellow Grams Chana,Solid,UNRESOLVED,UNRESOLVED,Unknown,unresolved,0,0,0,TRUE,2026-04-07T09:21:17.880566+00:00
NUTRI CHOICE PURE NATURAL AND ORGANIC REAL HONEY,,,,,,,,,Honey,Paste,UNRESOLVED,UNRESOLVED,Unknown,unresolved,0,0,0,TRUE,2026-04-07T09:21:17.880566+00:00
NUTRI DELIGHT GLUTEN FREE ORIGINAL CHIP CHIP COOKIES,,,18.62,30.34,11.17,14.97,4.2,0.377,Food,Solid,UNRESOLVED,UNRESOLVED,Unknown,unresolved,0,0,0,TRUE,2026-04-07T09:21:17.880566+00:00
NUTRI DELIGHT GLUTEN FREE PROTEIN PACKED CHOCOLATE CHIP COOKIES,,,18.62,30.34,11.17,14.97,4.2,0.377,Food,,UNRESOLVED,UNRESOLVED,Unknown,unresolved,0,0,0,TRUE,2026-04-07T09:21:17.880566+00:00
NUTRI DELIGHTS C CHIP COOKIES,497,2081,5.5,64,33,12,3.3,,Cookies,Solid,UNRESOLVED,UNRESOLVED,Unknown,unresolved,0,0,0,TRUE,2026-04-07T09:21:17.880566+00:00
NUTRI DELIGHTS MINI RAINBOW COOKIES,,,,,,,,,,,UNRESOLVED,UNRESOLVED,Unknown,unresolved,0,0,0,TRUE,2026-04-07T09:21:17.880566+00:00
NUTRI DELIGHTS MINI TCHIP COOKIE,,,,,,,,,,,UNRESOLVED,UNRESOLVED,Unknown,unresolved,0,0,0,TRUE,2026-04-07T09:21:17.880566+00:00
NUTRI DELIGHTS RED VELVET CHOCOLATE CHIP COOKIES,520.833,2179.17,6.25,72.9167,43.75,25,2.08333,0.260417,Chocolate Chip Cookies,Solid,UNRESOLVED,UNRESOLVED,Unknown,unresolved,0,0,0,TRUE,2026-04-07T09:21:17.880566+00:00
NUTRO GOOD DAY CASHEW COOKIES,,,,,,,,,Cookies,Solid,UNRESOLVED,UNRESOLVED,Unknown,unresolved,0,0,0,TRUE,2026-04-07T09:21:17.880566+00:00
NUTTISH LAND MACADAMIA COOKIES,480.59,669.4,26.31,53.63,20.36,12.36,2.15,,Cookies,Solid,UNRESOLVED,UNRESOLVED,Unknown,unresolved,0,0,0,TRUE,2026-04-07T09:21:17.880566+00:00
NUTTISHLAND DRY ROASTED AND SALTED CASHEW NUTS,553,2313.75,18,30,6,44,,,Cashew Nuts,Solid,UNRESOLVED,UNRESOLVED,Unknown,unresolved,0,0,0,TRUE,2026-04-07T09:21:17.880566+00:00
NUTTISHLAND DRY ROSTED AND SALTED CASHEW NUTS,553,2313.75,18,30,6,44,,0.012,Cashew Nuts,Solid,UNRESOLVED,UNRESOLVED,Unknown,unresolved,0,0,0,TRUE,2026-04-07T09:21:17.880566+00:00
NUTTISHLAND DRY ROSTED AND SALTED MACADAMIA NUT,718,3004.11,8,14,4.6,76,,0.005,Macadamia Nut,Solid,UNRESOLVED,UNRESOLVED,Unknown,unresolved,0,0,0,TRUE,2026-04-07T09:21:17.880566+00:00
NUTTISHLAND DRY ROSTED AND SALTED PEANUTS,567,2372.33,26,16,4,49,,0.018,Peanuts,Solid,UNRESOLVED,UNRESOLVED,Unknown,unresolved,0,0,0,TRUE,2026-04-07T09:21:17.880566+00:00
NUTTISHLAND EXTRA VIRGIN MACADAMIA OIL,803,3360,,,,91,,,Macadamia Oil,Liquid,UNRESOLVED,UNRESOLVED,Unknown,unresolved,0,0,0,TRUE,2026-04-07T09:21:17.880566+00:00
NUTTISHLAND MACADAMIA COOKIES,480.59,,26.31,53.63,20.36,26.31,2.15,,,,UNRESOLVED,UNRESOLVED,Unknown,unresolved,0,0,0,TRUE,2026-04-07T09:21:17.880566+00:00
NUTTISHLAND MACADAMIA VEGETABLE OIL,900,,0,0,0,100,0,0,,,UNRESOLVED,UNRESOLVED,Unknown,unresolved,0,0,0,TRUE,2026-04-07T09:21:17.880566+00:00
NUTTISHLAND MIXED NUTS,,2588,16.1,20.2,,58.4,,,,,UNRESOLVED,UNRESOLVED,Unknown,unresolved,0,0,0,TRUE,2026-04-07T09:21:17.880566+00:00
NUVITA APPLE & CINNAMON COOKIES,49000,205016,700,7000,1700,1900,,,Cookies,Solid,UNRESOLVED,UNRESOLVED,Unknown,unresolved,0,0,0,TRUE,2026-04-07T09:21:17.880566+00:00
NUVITA BARBEQUE BAKED CORN PUFFS,377,1577,6,86,11,2,3,0.891,Corn Puffs,Solid,UNRESOLVED,UNRESOLVED,Unknown,unresolved,0,0,0,TRUE,2026-04-07T09:21:17.880566+00:00
NUVITA BARBEQUE THINS,428.571,1793.14,7.14286,75,10.7143,12.5,3.57143,0.607143,Potato Snack,Solid,UNRESOLVED,UNRESOLVED,Unknown,unresolved,0,0,0,TRUE,2026-04-07T09:21:17.880566+00:00
NUVITA BRAVO G GLUCOSE BISCUITS,478.99,1999,7.1,82.4,,15,,,Biscuits,Solid,"COOKIES, BISCUITS AND WAFERS",BISCUITS,Ultra-processed foods,simulated_lookup_fuzzy,0.755,0.725,0.745,TRUE,2026-04-07T09:21:17.880566+00:00
NUVITA BREAKTIME BISCUITS,488,2041,5,58,0,28,2,0.364,Biscuits,Solid,"COOKIES, BISCUITS AND WAFERS",BISCUITS,Ultra-processed foods,simulated_lookup_fuzzy,0.833,0.803,0.823,TRUE,2026-04-07T09:21:17.880566+00:00
NUVITA BREAKTIME COCONUT BISCUITS,452,1891,7,58,8,32,6,0.671,Biscuits,Solid,"COOKIES, BISCUITS AND WAFERS",BISCUITS,Ultra-processed foods,simulated_lookup_fuzzy,0.75,0.72,0.74,TRUE,2026-04-07T09:21:17.880566+00:00
NUVITA BUTTER BITES BISCUITS,500,2092,7,64,,25,,,Biscuits,Solid,"COOKIES, BISCUITS AND WAFERS",BISCUITS,Ultra-processed foods,simulated_lookup_fuzzy,0.731,0.701,0.721,TRUE,2026-04-07T09:21:17.880566+00:00
NUVITA BUTTER COOKIES,495,2071.08,8,68,,21,,,Cookies,Solid,"COOKIES, BISCUITS AND WAFERS",COOKIES,Ultra-processed foods,simulated_lookup_fuzzy,0.791,0.761,0.781,TRUE,2026-04-07T09:21:17.880566+00:00
NUVITA CASHEW NUTS COOKIES,,,,,,,,,Cookies,Solid,"COOKIES, BISCUITS AND WAFERS",COOKIES,Ultra-processed foods,simulated_lookup_fuzzy,0.792,0.762,0.782,TRUE,2026-04-07T09:21:17.880566+00:00
NUVITA CEREOS CHOCO CHIP CEREAL,467,1954,8.7,59.9,26.5,20,1,0.28,Cereal Biscuits,Solid,UNRESOLVED,UNRESOLVED,Unknown,unresolved,0,0,0,TRUE,2026-04-07T09:21:17.880566+00:00
NUVITA CEREOS HONEY & CINNAMON CEREAL,467,1954,8.7,59.9,26.5,20,1,0.28,Cereal Biscuits,Solid,UNRESOLVED,UNRESOLVED,Unknown,unresolved,0,0,0,TRUE,2026-04-07T09:21:17.880566+00:00
NUVITA CEREOS OATMEAL CEREAL,369.333,1544,14.6667,64,,6.10667,10.9333,0.285333,Cereal,Solid,UNRESOLVED,UNRESOLVED,Unknown,unresolved,0,0,0,TRUE,2026-04-07T09:21:17.880566+00:00
NUVITA CHEESE CORN PUFFS,559,2339,5.76,54.1,2.76,35.76,2.2,1.05,Corn Puffs,Solid,UNRESOLVED,UNRESOLVED,Unknown,unresolved,0,0,0,TRUE,2026-04-07T09:21:17.880566+00:00
NUVITA CHOCO BISCUITS,517,2163,7,65,,25,,,Biscuits,Solid,UNRESOLVED,UNRESOLVED,Unknown,unresolved,0,0,0,TRUE,2026-04-07T09:21:17.880566+00:00
NUVITA CHOCOLATE CHIPS COOKIES,466.667,1952.53,26.6667,60,53.3333,6.66667,,0.0666667,Cookies,Solid,"COOKIES, BISCUITS AND WAFERS",COOKIES,Ultra-processed foods,simulated_lookup_fuzzy,0.769,0.739,0.759,TRUE,2026-04-07T09:21:17.880566+00:00
NUVITA CHOCOLATE COATED WITH VANILLA CREAM SPONGE CAKE,382,1598.29,7,64,29,15,,,Cake,Solid,UNRESOLVED,UNRESOLVED,Unknown,unresolved,0,0,0,TRUE,2026-04-07T09:21:17.880566+00:00
NUVITA CHOCOLATE COOKIES,500,2092,8,68,,21,,,Cookies,Solid,"COOKIES, BISCUITS AND WAFERS",COOKIES,Ultra-processed foods,simulated_lookup_fuzzy,0.87,0.84,0.86,FALSE,2026-04-07T09:21:17.880566+00:00
NUVITA CHOCOLATE CREAM PUFFS,,,,,,,,,,,CANDY AND CONFECTIONERY,SWEETS/CANDY,Ultra-processed foods,simulated_lookup_fuzzy,0.75,0.72,0.74,TRUE,2026-04-07T09:21:17.880566+00:00
NUVITA COCONUT COOKIES,,,,,,,,,Cookies,Solid,"COOKIES, BISCUITS AND WAFERS",COOKIES,Ultra-processed foods,simulated_lookup_exact,0.99,0.99,0.99,FALSE,2026-04-07T09:21:17.880566+00:00
NUVITA CORN PUFFS CHEESE,,,,,,,,,,,UNRESOLVED,UNRESOLVED,Unknown,unresolved,0,0,0,TRUE,2026-04-07T09:21:17.880566+00:00
NUVITA CORN PUFFS TOMATO FLAVOUR,,,,,,,,,,solid,UNRESOLVED,UNRESOLVED,Unknown,unresolved,0,0,0,TRUE,2026-04-07T09:21:17.880566+00:00
NUVITA CRACKERS CHEESE,417.822,1748.17,6.93069,80.198,,6.93069,,,Biscuit,Solid,UNRESOLVED,UNRESOLVED,Unknown,unresolved,0,0,0,TRUE,2026-04-07T09:21:17.880566+00:00
NUVITA CRUNCHY GINGER BISCUITS,,,,,,,,,Biscuits,Solid,"COOKIES, BISCUITS AND WAFERS",BISCUITS,Ultra-processed foods,simulated_lookup_fuzzy,0.983,0.953,0.973,FALSE,2026-04-07T09:21:17.880566+00:00
NUVITA DIGESTIVE BISCUITS,560,2343.04,0,64,19,17,2,0,Biscuits,Solid,"COOKIES, BISCUITS AND WAFERS",BISCUITS,Ultra-processed foods,simulated_lookup_fuzzy,0.786,0.756,0.776,TRUE,2026-04-07T09:21:17.880566+00:00
NUVITA DIGESTIVE CHOCOLATE COATED BISCUITS,430,1799.12,6,0,0,24,0,0,Biscuits,Solid,UNRESOLVED,UNRESOLVED,Unknown,unresolved,0,0,0,TRUE,2026-04-07T09:21:17.880566+00:00
NUVITA DIGESTIVE CHOCOLATE CREAMS,500,2092,,60,20,20,,,Biscuit,Solid,UNRESOLVED,UNRESOLVED,Unknown,unresolved,0,0,0,TRUE,2026-04-07T09:21:17.880566+00:00
NUVITA DIGESTIVE VANILLA CREAMS,500,2092,3.57143,64.2857,,21.4286,,0.5,Biscuit,Solid,UNRESOLVED,UNRESOLVED,Unknown,unresolved,0,0,0,TRUE,2026-04-07T09:21:17.880566+00:00
NUVITA DINNER CRACKERS,464.34,1857.36,10.01,70.3,1,0,,,Crackers,Solid,UNRESOLVED,UNRESOLVED,Unknown,unresolved,0,0,0,TRUE,2026-04-07T09:21:17.880566+00:00
NUVITA ENERGY GLUCOSE BISCUITS,478.99,1999,7.1,82.4,,15,,,Biscuits,Solid,"COOKIES, BISCUITS AND WAFERS",BISCUITS,Ultra-processed foods,simulated_lookup_fuzzy,0.731,0.701,0.721,TRUE,2026-04-07T09:21:17.880566+00:00
NUVITA ENERGY HONEY BISCUITS,513,2146,6.2,62.6,25.7,26.4,1.6,0.36,Biscuits,Solid,"COOKIES, BISCUITS AND WAFERS",BISCUITS,Ultra-processed foods,simulated_lookup_fuzzy,0.731,0.701,0.721,TRUE,2026-04-07T09:21:17.880566+00:00
NUVITA FAMILY BISCUITS,473.5,1979,7.4,78.3,,15.9,,,Biscuits,Solid,"COOKIES, BISCUITS AND WAFERS",BISCUITS,Ultra-processed foods,simulated_lookup_fuzzy,0.744,0.714,0.734,TRUE,2026-04-07T09:21:17.880566+00:00
NUVITA FAMILY ORANGE BISCUITS,457,1912,9.4,74,20.9,13.7,,,Biscuits,Solid,UNRESOLVED,UNRESOLVED,Unknown,unresolved,0,0,0,TRUE,2026-04-07T09:21:17.880566+00:00
NUVITA FLAP JACKS OAT BAKES CHOCOLATE COATED,,,,,,,,,,,UNRESOLVED,UNRESOLVED,Unknown,unresolved,0,0,0,TRUE,2026-04-07T09:21:17.880566+00:00
NUVITA FLAP JACKS OAT BAKES SUGAR FREE,58,19,579,100,2,0,,,Food,,UNRESOLVED,UNRESOLVED,Unknown,unresolved,0,0,0,TRUE,2026-04-07T09:21:17.880566+00:00
NUVITA FLAP JACKS ORIGINAL OAT BAKES COOKIES,,,,,,,,,,,UNRESOLVED,UNRESOLVED,Unknown,unresolved,0,0,0,TRUE,2026-04-07T09:21:17.880566+00:00
NUVITA FRUIT CHUTNEY THINS,549,2297.01,8,47,3,36.7,7,0.797,Potato Snack,Solid,UNRESOLVED,UNRESOLVED,Unknown,unresolved,0,0,0,TRUE,2026-04-07T09:21:17.880566+00:00
NUVITA GRANDMA'S HOMEMADE COOKI,458,1916,8,21,,17,,,Cookies,Solid,UNRESOLVED,UNRESOLVED,Unknown,unresolved,0,0,0,TRUE,2026-04-07T09:21:17.880566+00:00
NUVITA LEMON CREAM PUFFS,,,,,,,,,,,UNRESOLVED,UNRESOLVED,Unknown,unresolved,0,0,0,TRUE,2026-04-07T09:21:17.880566+00:00
NUVITA LIGHT & CRISP CREAM CRACKERS,464.34,1857.36,10.01,70.3,1,0,,,Crackers,Solid,UNRESOLVED,UNRESOLVED,Unknown,unresolved,0,0,0,TRUE,2026-04-07T09:21:17.880566+00:00
NUVITA MARIE BISCUITS,426,1782,6.5,68.6,19.8,13.5,0.6,0.257,Biscuits,Solid,"COOKIES, BISCUITS AND WAFERS",BISCUITS,Ultra-processed foods,simulated_lookup_fuzzy,0.72,0.69,0.71,TRUE,2026-04-07T09:21:17.880566+00:00
NUVITA NICE JARS,117,489.5,2,17,0,4,0,0,Biscuits,Solid,UNRESOLVED,UNRESOLVED,Unknown,unresolved,0,0,0,TRUE,2026-04-07T09:21:17.880566+00:00
NUVITA OAT & RAISIN COOKIES,419,1753.1,7.1,70.5,22,12.1,3.5,,Biscuits,Solid,UNRESOLVED,UNRESOLVED,Unknown,unresolved,0,0,0,TRUE,2026-04-07T09:21:17.880566+00:00
NUVITA OAT DIGESTIVE BISCUIT,579,2422.54,8,58,19,23,,,Digestive Biscuit,Solid,"COOKIES, BISCUITS AND WAFERS",BISCUITS,Ultra-processed foods,simulated_lookup_fuzzy,0.833,0.803,0.823,TRUE,2026-04-07T09:21:17.880566+00:00
NUVITA OATS DIGESTIVE CHOCOLATE COATED BISCUITS,579,2422.54,8,58,19,23,2,0,Biscuits,Solid,UNRESOLVED,UNRESOLVED,Unknown,unresolved,0,0,0,TRUE,2026-04-07T09:21:17.880566+00:00
NUVITA PORRIDGE OATS,386,1613,12,73,1.3,5.5,6.1,,Oats,Solid,UNRESOLVED,UNRESOLVED,Unknown,unresolved,0,0,0,TRUE,2026-04-07T09:21:17.880566+00:00
NUVITA SALT THINS,392.857,1643.71,7.14286,82.1429,7.14286,5.35714,7.14286,0.571429,Potato Snack,Solid,UNRESOLVED,UNRESOLVED,Unknown,unresolved,0,0,0,TRUE,2026-04-07T09:21:17.880566+00:00
NUVITA SALTY CRACKERS,422,1765,7,81,,7,,,Biscuit,Solid,"COOKIES, BISCUITS AND WAFERS",BISCUITS,Ultra-processed foods,simulated_lookup_fuzzy,0.723,0.693,0.713,TRUE,2026-04-07T09:21:17.880566+00:00
NUVITA SECRETS COCONUT CREAM,587.5,2458.1,8.75,78.75,73.75,25,,,Biscuits,Solid,UNRESOLVED,UNRESOLVED,Unknown,unresolved,0,0,0,TRUE,2026-04-07T09:21:17.880566+00:00
NUVITA SECRETS COCONUT CREAMS,587.5,2458.1,8.75,78.75,73.75,25,,,Biscuits,Solid,UNRESOLVED,UNRESOLVED,Unknown,unresolved,0,0,0,TRUE,2026-04-07T09:21:17.880566+00:00
NUVITA SECRETS ORIGINAL CREAM,479,2004.14,7,61,61,22,,0,Biscuits,Solid,UNRESOLVED,UNRESOLVED,Unknown,unresolved,0,0,0,TRUE,2026-04-07T09:21:17.880566+00:00
NUVITA SHORTBREAD CHOCO CHIP BISCUITS,518,2167,5.2,61.3,25.7,27.6,2,,Biscuits,Solid,UNRESOLVED,UNRESOLVED,Unknown,unresolved,0,0,0,TRUE,2026-04-07T09:21:17.880566+00:00
NUVITA SHORTBREAD GINGER BISCUITS,,,,,,,,,Biscuits,Solid,"COOKIES, BISCUITS AND WAFERS",BISCUITS,Ultra-processed foods,simulated_lookup_fuzzy,0.742,0.712,0.732,TRUE,2026-04-07T09:21:17.880566+00:00
NUVITA SHORTBREAD REGULAR BISCUITS,,,,,,,,,Biscuits,Solid,UNRESOLVED,UNRESOLVED,Unknown,unresolved,0,0,0,TRUE,2026-04-07T09:21:17.880566+00:00
NUVITA SHORTCAKE BISCUITS,468.5,1958,6.49,77.2,,13.42,,,Biscuit,Solid,"COOKIES, BISCUITS AND WAFERS",BISCUITS,Ultra-processed foods,simulated_lookup_fuzzy,0.776,0.746,0.766,TRUE,2026-04-07T09:21:17.880566+00:00
NUVITA SOUR CREAM&HERB THINS,417.391,1746.37,6.08696,73.913,1.73913,12.1739,4.34783,0,Potato Snack,Solid,UNRESOLVED,UNRESOLVED,Unknown,unresolved,0,0,0,TRUE,2026-04-07T09:21:17.880566+00:00
NUVITA SPONGE CAKE CHOCOLATE,539,2255.18,6.22,60,6.64,30,1.15,,Cake,Solid,UNRESOLVED,UNRESOLVED,Unknown,unresolved,0,0,0,TRUE,2026-04-07T09:21:17.880566+00:00
NUVITA STRAWBERRY & VANILLA SPONGE CAKE,250,1046,1,35,27,11,0,0.22,Sponge Cake,Solid,UNRESOLVED,UNRESOLVED,Unknown,unresolved,0,0,0,TRUE,2026-04-07T09:21:17.880566+00:00
NUVITA SUGAR FREE DIGESTIVE BISCUIT,466.667,1952.53,6.66667,56.6667,,23.3333,,,Biscuit,Solid,UNRESOLVED,UNRESOLVED,Unknown,unresolved,0,0,0,TRUE,2026-04-07T09:21:17.880566+00:00
NUVITA SUGERFREE DIGESTIVE BISCUITS,466.667,1952.53,6.66667,56.6667,,23.3333,,,Biscuit,Solid,UNRESOLVED,UNRESOLVED,Unknown,unresolved,0,0,0,TRUE,2026-04-07T09:21:17.880566+00:00
NUVITA SUNBIX MALTY SHORTCAKE,468.5,1958,6.49,77.2,,13.42,,,Biscuits,Solid,"COOKIES, BISCUITS AND WAFERS",BISCUITS,Ultra-processed foods,simulated_lookup_fuzzy,0.909,0.879,0.899,FALSE,2026-04-07T09:21:17.880566+00:00
NUVITA SWEET & SALTY CRACKERS,468,1958,8,67,,17,,,Biscuit,Solid,UNRESOLVED,UNRESOLVED,Unknown,unresolved,0,0,0,TRUE,2026-04-07T09:21:17.880566+00:00
NUVITA SWEET & SALTY CRACKERS BISCUIT,422,1765.65,7,62,,16,,0.341,Crackers Biscuit,Solid,UNRESOLVED,UNRESOLVED,Unknown,unresolved,0,0,0,TRUE,2026-04-07T09:21:17.880566+00:00
NUVITA TEA BISCUITS,,,,,,,,,Biscuits,Solid,"COOKIES, BISCUITS AND WAFERS",BISCUITS,Ultra-processed foods,simulated_lookup_fuzzy,0.837,0.807,0.827,TRUE,2026-04-07T09:21:17.880566+00:00
NUVITA TOMATO THINS,,,,,,,,,Potato Snack,Solid,UNRESOLVED,UNRESOLVED,Unknown,unresolved,0,0,0,TRUE,2026-04-07T09:21:17.880566+00:00
NUVITA VANILLA CHOCOLATE COATED SPONGE CAKE,402,1681.97,3,78,49,8.3,1,0.611,Cake,Solid,UNRESOLVED,UNRESOLVED,Unknown,unresolved,0,0,0,TRUE,2026-04-07T09:21:17.880566+00:00
NUVITA VITAMILK MILKY BISCUITS,,,,,,,,,Biscuits,Solid,"COOKIES, BISCUITS AND WAFERS",BISCUITS,Ultra-processed foods,simulated_lookup_fuzzy,0.824,0.794,0.814,TRUE,2026-04-07T09:21:17.880566+00:00
NUVITA WAFER CHOCO DELIGHT,439.286,1837.96,6.78571,75,39.2857,14.2857,3.57143,0.585714,Wafer,Solid,UNRESOLVED,UNRESOLVED,Unknown,unresolved,0,0,0,TRUE,2026-04-07T09:21:17.880566+00:00
NUVITA WAFER CHOCOLATE,382,1598.29,7,64,29,15,,0,Wafer,Solid,UNRESOLVED,UNRESOLVED,Unknown,unresolved,0,0,0,TRUE,2026-04-07T09:21:17.880566+00:00
NUVITA WAFER LEMON,468,1958.11,8,71,0,17,0,0,Wafer,Solid,UNRESOLVED,UNRESOLVED,Unknown,unresolved,0,0,0,TRUE,2026-04-07T09:21:17.880566+00:00
NUVITA WAFER STRAWBERRY,,,,,,,,,Wafer,Solid,UNRESOLVED,UNRESOLVED,Unknown,unresolved,0,0,0,TRUE,2026-04-07T09:21:17.880566+00:00
NUVITA WESTBURY39S ORIGINAL COCONUT BISCUITS,560,2343.04,,64,19,17,2,0,Biscuits,Solid,UNRESOLVED,UNRESOLVED,Unknown,unresolved,0,0,0,TRUE,2026-04-07T09:21:17.880566+00:00
OBOMA HOME BAKING FLOUR,,,,,,,,,,Powder,UNRESOLVED,UNRESOLVED,Unknown,unresolved,0,0,0,TRUE,2026-04-07T09:21:17.880566+00:00
OCEAN SPRAY CLASSIC CRANBERRY JUICE,16.6667,69.7333,,4.16667,1.66667,,,,Juice,Liquid,UNRESOLVED,UNRESOLVED,Unknown,unresolved,0,0,0,TRUE,2026-04-07T09:21:17.880566+00:00
OKF SPARKLING ALOE LITE DRINK,,,,,,,,,,,UNRESOLVED,UNRESOLVED,Unknown,unresolved,0,0,0,TRUE,2026-04-07T09:21:17.880566+00:00
OKF SPARKLING MELON DRINK,,,,,,,,,,,FRUIT DRINKS/SWEETENED JUICES & BOTTLED TEAS,FRUIT DRINKS/SWEETENED JUICE,Ultra-processed foods,simulated_lookup_fuzzy,0.739,0.709,0.729,TRUE,2026-04-07T09:21:17.880566+00:00
OLA HOT SALSA DIPPING SAUCE,84.9,,0.75,4.35,2.39,0.29,0.36,0.447,Dipping Sauce,Paste,UNRESOLVED,UNRESOLVED,Unknown,unresolved,0,0,0,TRUE,2026-04-07T09:21:17.880566+00:00
OLD EL PASO CRUNCHY TACO SHELLS,,,,,,,,,,,UNRESOLVED,UNRESOLVED,Unknown,unresolved,0,0,0,TRUE,2026-04-07T09:21:17.880566+00:00
OLD EL PASO FAJITA SEASONING MIX,,,,,,,,,,,UNRESOLVED,UNRESOLVED,Unknown,unresolved,0,0,0,TRUE,2026-04-07T09:21:17.880566+00:00
OLD EL PASO FAJITA TOMATO PEP MX,,,,,,,,,,,UNRESOLVED,UNRESOLVED,Unknown,unresolved,0,0,0,TRUE,2026-04-07T09:21:17.880566+00:00
OLD EL PASO SQUEEZE GUACAMOLE,,,,,,,,,,,UNRESOLVED,UNRESOLVED,Unknown,unresolved,0,0,0,TRUE,2026-04-07T09:21:17.880566+00:00
OLD EL PASO SQZY CHUNCK SALSA,,,,,,,,,,,UNRESOLVED,UNRESOLVED,Unknown,unresolved,0,0,0,TRUE,2026-04-07T09:21:17.880566+00:00
OLD JAMAICA CREAM SODA,50,212,0,12.4,12.4,0,,,Cream Soda,Liquid,UNRESOLVED,UNRESOLVED,Unknown,unresolved,0,0,0,TRUE,2026-04-07T09:21:17.880566+00:00
OLD JAMAICA GRAPE SODA,51,,0,12.4,12.4,0,0,0.01,Grape Soda,Liquid,UNRESOLVED,UNRESOLVED,Unknown,unresolved,0,0,0,TRUE,2026-04-07T09:21:17.880566+00:00
OLIVIA EXTRA VIRGIN OLIVE OIL,900,3765.6,,,,100,,,Olive Oil,Liquid,UNRESOLVED,UNRESOLVED,Unknown,unresolved,0,0,0,TRUE,2026-04-07T09:21:17.880566+00:00
ONGA GARLIC ONION AND GINGER MCHUZI MIX,139,583,1.2,19.5,16.4,5.5,,,Mchuzi Mix,Powder,UNRESOLVED,UNRESOLVED,Unknown,unresolved,0,0,0,TRUE,2026-04-07T09:21:17.880566+00:00
ONGA MCHUZI CHICKEN,278,1165,,64,0.5,2.9,1.5,1.19,Mchuzi Mix,Powder,UNRESOLVED,UNRESOLVED,Unknown,unresolved,0,0,0,TRUE,2026-04-07T09:21:17.880566+00:00
ONGA MCHUZI CHICKEN SAT,,,,,,,,,Mchuzi Mix,Powder,SOUP FLAVOUR CUBES & MIXES,SOUP FLAVOUR CHICKEN MIXES,Ultra-processed foods,simulated_lookup_fuzzy,0.784,0.754,0.774,TRUE,2026-04-07T09:21:17.880566+00:00
ONGA MCHUZI MIX BEEF SEASONING,278,1165,,64,0.5,2.9,1.5,1.19,Beef Seasoning,Powder,SOUP FLAVOUR CUBES & MIXES,SOUP FLAVOUR BEEF MIXES,Ultra-processed foods,simulated_lookup_fuzzy,0.727,0.697,0.717,TRUE,2026-04-07T09:21:17.880566+00:00
ONGA MCHUZI SPICY TOMATO,,,,,,,,,,,UNRESOLVED,UNRESOLVED,Unknown,unresolved,0,0,0,TRUE,2026-04-07T09:21:17.880566+00:00
ONJA MARGARINE,,,,,,,,,,,UNRESOLVED,UNRESOLVED,Unknown,unresolved,0,0,0,TRUE,2026-04-07T09:21:17.880566+00:00
OOMF APPLE POTS,,,,,,,,,,,UNRESOLVED,UNRESOLVED,Unknown,unresolved,0,0,0,TRUE,2026-04-07T09:21:17.880566+00:00
OOMF BANANA POTS,,,,,,,,,,,UNRESOLVED,UNRESOLVED,Unknown,unresolved,0,0,0,TRUE,2026-04-07T09:21:17.880566+00:00
OPIES STEM GINGER SYRUP,285,1212,0,71,64,0.5,,,,,UNRESOLVED,UNRESOLVED,Unknown,unresolved,0,0,0,TRUE,2026-04-07T09:21:17.880566+00:00
ORANGE FRESH JUICE,,,,,,,,,Juice,Liquid,UNRESOLVED,UNRESOLVED,Unknown,unresolved,0,0,0,TRUE,2026-04-07T09:21:17.880566+00:00
ORANGE JUICE LOCAL,45,188,0.7,10.4,8.4,0.2,0.2,0.001,Orange Juice,Liquid,UNRESOLVED,UNRESOLVED,Unknown,unresolved,0,0,0,TRUE,2026-04-07T09:21:17.880566+00:00
ORBIT MIX FRUIT B CHEWING GUM,,,,,,,,,,Solid,UNRESOLVED,UNRESOLVED,Unknown,unresolved,0,0,0,TRUE,2026-04-07T09:21:17.880566+00:00
ORBIT SPEARMINT B CHEWING GUM,,,,,,,,,,Solid,UNRESOLVED,UNRESOLVED,Unknown,unresolved,0,0,0,TRUE,2026-04-07T09:21:17.880566+00:00
ORCHID VALLEY APPLE JUICE,47,197,0.1,11,,0.1,0.2,0.004,Juice,Liquid,FRESH/FRUIT JUICES - NO ADDED SUGAR,FRESH/FRUIT JUICES - NO ADDED SUGAR,Unprocessed/Minimally processed foods,simulated_lookup_fuzzy,0.864,0.834,0.854,FALSE,2026-04-07T09:21:17.880566+00:00
ORCHID VALLEY DELIGHT APPLE JUICE,47,197,0.1,11,,0.1,0.2,0.004,Juice,Liquid,FRESH/FRUIT JUICES - NO ADDED SUGAR,FRESH/FRUIT JUICES - NO ADDED SUGAR,Unprocessed/Minimally processed foods,simulated_lookup_fuzzy,0.9,0.87,0.89,FALSE,2026-04-07T09:21:17.880566+00:00
ORCHID VALLEY DELIGHT MANGO,218.75,915.25,,54.6875,54.6875,,,0.0234375,Juice,Liquid,FRESH/FRUIT JUICES - NO ADDED SUGAR,FRESH/FRUIT JUICES - NO ADDED SUGAR,Unprocessed/Minimally processed foods,simulated_lookup_exact,0.99,0.99,0.99,FALSE,2026-04-07T09:21:17.880566+00:00
ORCHID VALLEY DELIGHT MANGO JUICE,218.75,915.25,,54.6875,54.6875,,,0.0234375,Juice,Liquid,FRESH/FRUIT JUICES - NO ADDED SUGAR,FRESH/FRUIT JUICES - NO ADDED SUGAR,Unprocessed/Minimally processed foods,simulated_lookup_fuzzy,0.9,0.87,0.89,FALSE,2026-04-07T09:21:17.880566+00:00
ORCHID VALLEY TROPICAL JUICE,296.875,1242.12,,,,,,,Juice,Liquid,FRESH/FRUIT JUICES - NO ADDED SUGAR,FRESH/FRUIT JUICES - NO ADDED SUGAR,Unprocessed/Minimally processed foods,simulated_lookup_fuzzy,0.88,0.85,0.87,FALSE,2026-04-07T09:21:17.880566+00:00
OREO CHOCO BISCUIT,,,,,,,,,,,UNRESOLVED,UNRESOLVED,Unknown,unresolved,0,0,0,TRUE,2026-04-07T09:21:17.880566+00:00
OREO CHOCOLATE CREME FLAVOURED BISCUITS,586,2454,5,69,40.6,19.8,1.5,0.555,Biscuits,Solid,UNRESOLVED,UNRESOLVED,Unknown,unresolved,0,0,0,TRUE,2026-04-07T09:21:17.880566+00:00
OREO COCA COLA BISCUIT,,,,,,,,,,,UNRESOLVED,UNRESOLVED,Unknown,unresolved,0,0,0,TRUE,2026-04-07T09:21:17.880566+00:00
OREO DARK AND WHITE CHOCOLATE SANDWICH COOKIES,140,585.76,1,21,11,6,1,0.15,Cookies,Solid,UNRESOLVED,UNRESOLVED,Unknown,unresolved,0,0,0,TRUE,2026-04-07T09:21:17.880566+00:00
OREO GOLDEN BISCUITS,483,2020,5.3,71.4,37.9,19.7,,0.42,Biscuits,Solid,UNRESOLVED,UNRESOLVED,Unknown,unresolved,0,0,0,TRUE,2026-04-07T09:21:17.880566+00:00
OREO ORIGINAL BISCUITS,483,2020,5.3,71.4,37.9,19.7,,0.42,Biscuits,Solid,UNRESOLVED,UNRESOLVED,Unknown,unresolved,0,0,0,TRUE,2026-04-07T09:21:17.880566+00:00
OREO ORIGINAL CHOCOLATE CREAM BISCUIT,478,2009,5.4,67,40,19,2.9,0.55,Biscuit,Solid,UNRESOLVED,UNRESOLVED,Unknown,unresolved,0,0,0,TRUE,2026-04-07T09:21:17.880566+00:00
OREO STRAWBERRY BISCUIT,,,,,,,,,,,"COOKIES, BISCUITS AND WAFERS",BISCUITS,Ultra-processed foods,simulated_lookup_fuzzy,0.764,0.734,0.754,TRUE,2026-04-07T09:21:17.880566+00:00
ORION DOUBLE CHOCOLATE-PIE,130,543.9,,,11,6,,,,,UNRESOLVED,UNRESOLVED,Unknown,unresolved,0,0,0,TRUE,2026-04-07T09:21:17.880566+00:00
ORLEY'S BASIL LEAVES,319.55,1337,22.98,47.75,1.71,4.07,14.85,0.076,Basil Leaves,Solid,UNRESOLVED,UNRESOLVED,Unknown,unresolved,0,0,0,TRUE,2026-04-07T09:21:17.880566+00:00
ORLEY'S BAY LEAVES,313,1309.59,7.6,75,0.4,8.4,26,0.023,Bay Leaves,Solid,UNRESOLVED,UNRESOLVED,Unknown,unresolved,0,0,0,TRUE,2026-04-07T09:21:17.880566+00:00
ORLEY'S GROUND CAYENNE PEPPER,113.208,473.66,,56.6038,,,18.8679,0.0377358,Ground Cayenne Pepper,Powder,UNRESOLVED,UNRESOLVED,Unknown,unresolved,0,0,0,TRUE,2026-04-07T09:21:17.880566+00:00
ORLEY'S GROUND CITRIC ACID,0,0,,,,,,0.01,Ground Citric Acid,Powder,UNRESOLVED,UNRESOLVED,Unknown,unresolved,0,0,0,TRUE,2026-04-07T09:21:17.880566+00:00
ORLEY'S GROUND FISH MASALA,385.7,1627.1,16.5,58.1,,9.7,,1.4166,Fish Masala,Powder,UNRESOLVED,UNRESOLVED,Unknown,unresolved,0,0,0,TRUE,2026-04-07T09:21:17.880566+00:00
ORLEY'S GROUND GARAM MASALA,400,1673.6,20,80,,20,,0.92,Garam Masala,Powder,UNRESOLVED,UNRESOLVED,Unknown,unresolved,0,0,0,TRUE,2026-04-07T09:21:17.880566+00:00
ORLEY'S GROUND GINGER,238,995.792,3,22,,2,,,Ground Ginger,Powder,UNRESOLVED,UNRESOLVED,Unknown,unresolved,0,0,0,TRUE,2026-04-07T09:21:17.880566+00:00
ORLEY'S GROUND WHITE PEPPER,20,83.68,7,4,0,1,0,0,Ground White Pepper,Powder,UNRESOLVED,UNRESOLVED,Unknown,unresolved,0,0,0,TRUE,2026-04-07T09:21:17.880566+00:00
ORLEY'S HERBS MARJORAM LEAVES,,,,,,,,,Thyme Leaves,Powder,UNRESOLVED,UNRESOLVED,Unknown,unresolved,0,0,0,TRUE,2026-04-07T09:21:17.880566+00:00
ORLEY'S HERBS MINT LEAVES SPICES,70,292.88,3,14,,,8,0.031,Mint Leaves Spices,Powder,UNRESOLVED,UNRESOLVED,Unknown,unresolved,0,0,0,TRUE,2026-04-07T09:21:17.880566+00:00
ORLEY'S HERBS ROSEMARY LEAVES,,,,,,,,,Herbs Rosemary Leaves,Solid,UNRESOLVED,UNRESOLVED,Unknown,unresolved,0,0,0,TRUE,2026-04-07T09:21:17.880566+00:00
ORLEY'S OREGANO LEAVES,355,1485.32,6.7,77,,2.2,,,Oregano Leaves,Solid,UNRESOLVED,UNRESOLVED,Unknown,unresolved,0,0,0,TRUE,2026-04-07T09:21:17.880566+00:00
ORLEY'S PARSLEY LEAVES,292,1221.73,27,51,7.3,5.5,27,,Parsley Leaves,Solid,UNRESOLVED,UNRESOLVED,Unknown,unresolved,0,0,0,TRUE,2026-04-07T09:21:17.880566+00:00
ORLEY'S PURE GROUND BEEF MASALA,45,188.2,3,13,2,0.9,,0.028,Beef Masala,Powder,UNRESOLVED,UNRESOLVED,Unknown,unresolved,0,0,0,TRUE,2026-04-07T09:21:17.880566+00:00
ORLEY'S PURE GROUND CHILLIES,,,,,,,,,Ground Chillies,Powder,UNRESOLVED,UNRESOLVED,Unknown,unresolved,0,0,0,TRUE,2026-04-07T09:21:17.880566+00:00
ORLEY'S PURE GROUND CINNAMON,247,1033.45,4,81,2.2,1.2,53,0.01,Ground Cinnamon,Powder,UNRESOLVED,UNRESOLVED,Unknown,unresolved,0,0,0,TRUE,2026-04-07T09:21:17.880566+00:00
ORLEY'S PURE GROUND CINNAMON SPICES,16,66.944,0,5,0,0,3,0,Spices,Powder,UNRESOLVED,UNRESOLVED,Unknown,unresolved,0,0,0,TRUE,2026-04-07T09:21:17.880566+00:00
ORLEY'S PURE GROUND CORIANDER,23,96.232,2.13,3.67,0.87,0.52,2.8,0.046,Ground Coriander,Powder,UNRESOLVED,UNRESOLVED,Unknown,unresolved,0,0,0,TRUE,2026-04-07T09:21:17.880566+00:00
ORLEY'S PURE GROUND CURRY POWDER,,,,,,,,,Curry Powder,Powder,UNRESOLVED,UNRESOLVED,Unknown,unresolved,0,0,0,TRUE,2026-04-07T09:21:17.880566+00:00
ORLEY'S PURE GROUND DHANA JEERA POWDER,80,334.7,15,20,,9,,0.091,Dhana Jeera Powder,Powder,UNRESOLVED,UNRESOLVED,Unknown,unresolved,0,0,0,TRUE,2026-04-07T09:21:17.880566+00:00
ORLEY'S PURE GROUND GARLIC POWDER,361,1510.42,17.94,70.35,,0.84,,,Garlic Powder,Powder,UNRESOLVED,UNRESOLVED,Unknown,unresolved,0,0,0,TRUE,2026-04-07T09:21:17.880566+00:00
ORLEY'S PURE GROUND MIXED SPICES,298,1246.8,9.97,50.53,5.03,6.31,,,Mixed Spices,Powder,UNRESOLVED,UNRESOLVED,Unknown,unresolved,0,0,0,TRUE,2026-04-07T09:21:17.880566+00:00
ORLEY'S PURE GROUND MUSTARD,597.34,2499.27,19.26,15.1,,51.1,5.1,0.005,Ground Mustard,Powder,UNRESOLVED,UNRESOLVED,Unknown,unresolved,0,0,0,TRUE,2026-04-07T09:21:17.880566+00:00
ORLEY'S PURE GROUND SPANISH PAPRIKA,330,1380.72,14,32,9,15,,0.038,Ground Spanish Paprika,Powder,UNRESOLVED,UNRESOLVED,Unknown,unresolved,0,0,0,TRUE,2026-04-07T09:21:17.880566+00:00
ORLEY'S PURE GROUND TURMERIC,385,1610.84,12.1,68.6,,6.9,,,Ground Turmeric,Powder,UNRESOLVED,UNRESOLVED,Unknown,unresolved,0,0,0,TRUE,2026-04-07T09:21:17.880566+00:00
ORLEY'S PURE GROUND WHITE PEPPER,,,,,,,,,Ground White Pepper,Powder,UNRESOLVED,UNRESOLVED,Unknown,unresolved,0,0,0,TRUE,2026-04-07T09:21:17.880566+00:00
ORLEY'S PURE MIXED HERBS,290,1213.36,11.1,55.3,,2.8,,,Mixed Herbs,Solid,UNRESOLVED,UNRESOLVED,Unknown,unresolved,0,0,0,TRUE,2026-04-07T09:21:17.880566+00:00
ORLEY'S SAGE LEAVES,315,1317.96,11,61,1.7,13,40,,Sage Leaves,Solid,UNRESOLVED,UNRESOLVED,Unknown,unresolved,0,0,0,TRUE,2026-04-07T09:21:17.880566+00:00
ORLEY'S SPICE CLOVES GRD,,,,,,,,,,,UNRESOLVED,UNRESOLVED,Unknown,unresolved,0,0,0,TRUE,2026-04-07T09:21:17.880566+00:00
ORLEY'S SPICE GARLIC PEPPER,,,,,,,,,Garlic Powder,Powder,UNRESOLVED,UNRESOLVED,Unknown,unresolved,0,0,0,TRUE,2026-04-07T09:21:17.880566+00:00
ORLEY'S SPICE GROUND CHILLIES,316.667,154.167,16.6667,54.1667,8.33333,,37.5,3.20833,Chillies,Powder,UNRESOLVED,UNRESOLVED,Unknown,unresolved,0,0,0,TRUE,2026-04-07T09:21:17.880566+00:00
ORLEY'S SPICE GROUND GARAM MASALA,,,,,,,,,Ground Garam Masala,Powder,UNRESOLVED,UNRESOLVED,Unknown,unresolved,0,0,0,TRUE,2026-04-07T09:21:17.880566+00:00
ORLEY'S SPICE GROUND GINGER,,,,,,,,,Ground Ginger,Powder,UNRESOLVED,UNRESOLVED,Unknown,unresolved,0,0,0,TRUE,2026-04-07T09:21:17.880566+00:00
ORLEY'S SPICE GROUND PILAU MASALA,,,,,,,,,Ground Pilau Masala,Powder,UNRESOLVED,UNRESOLVED,Unknown,unresolved,0,0,0,TRUE,2026-04-07T09:21:17.880566+00:00
ORLEY'S SPICE GROUND TEA MASALA,,,,,,,,,Ground Tea Masala,Powder,UNRESOLVED,UNRESOLVED,Unknown,unresolved,0,0,0,TRUE,2026-04-07T09:21:17.880566+00:00
ORLEY'S SPICE GROUND TURMERIC,,,,,,,,,Ground Turmeric,Powder,UNRESOLVED,UNRESOLVED,Unknown,unresolved,0,0,0,TRUE,2026-04-07T09:21:17.880566+00:00
ORLEY'S SPICE MIX GROUND TEA MASALA,7,29.288,0.6,1,,0.5,,0.029,Tea Masala,Powder,UNRESOLVED,UNRESOLVED,Unknown,unresolved,0,0,0,TRUE,2026-04-07T09:21:17.880566+00:00
ORLEY'S SPICE ONION POWDER,15,62.76,,4,,,,0.13,Onion Powder,Powder,UNRESOLVED,UNRESOLVED,Unknown,unresolved,0,0,0,TRUE,2026-04-07T09:21:17.880566+00:00
ORLEY'S SPICE PURE GROUND TANDOORI MASALA,238,995.792,1,43,,10,,0.048,Tandoori Masala,Powder,UNRESOLVED,UNRESOLVED,Unknown,unresolved,0,0,0,TRUE,2026-04-07T09:21:17.880566+00:00
ORLEY'S SPICE SALAD SEASONING,290,1213.36,11.1,55.3,,2.8,,0.4,Salad Seasoning,Powder,UNRESOLVED,UNRESOLVED,Unknown,unresolved,0,0,0,TRUE,2026-04-07T09:21:17.880566+00:00
ORLEY'S THYME LEAVES,276,1154.78,9.11,64,1.7,7.4,37,,Thyme,Solid,UNRESOLVED,UNRESOLVED,Unknown,unresolved,0,0,0,TRUE,2026-04-07T09:21:17.880566+00:00
ORLEY'S WHOLE CUMIN SEED,425,1778.2,17,33,2,22,10,0.168,Cumin Seed,Solid,UNRESOLVED,UNRESOLVED,Unknown,unresolved,0,0,0,TRUE,2026-04-07T09:21:17.880566+00:00
ORLEYS PURE GROUND PILAU MASALA,185,774.04,0,0,0,0,0,0,Ground Pilau Masala,Powder,UNRESOLVED,UNRESOLVED,Unknown,unresolved,0,0,0,TRUE,2026-04-07T09:21:17.880566+00:00
OSTERBERG ALOE VERA DRINK,54,2259,1.4,18,20,0.1,,0.056,Aloe Vera Drink,Liquid,UNRESOLVED,UNRESOLVED,Unknown,unresolved,0,0,0,TRUE,2026-04-07T09:21:17.880566+00:00
OSTERBERG AMELN FRUTB AL VERA,,,,,,,,,,,UNRESOLVED,UNRESOLVED,Unknown,unresolved,0,0,0,TRUE,2026-04-07T09:21:17.880566+00:00
OSTERBERG BLUEBERRY LIME AND CHIA SEED FRUIT DRINK,90,376.56,1,20,14,,3,,Drink,Liquid,UNRESOLVED,UNRESOLVED,Unknown,unresolved,0,0,0,TRUE,2026-04-07T09:21:17.880566+00:00
OSTERBERG PEA AND MELON CHIA SEED DRINK,,,,,,,,,Chia Seed Drink,Liquid,UNRESOLVED,UNRESOLVED,Unknown,unresolved,0,0,0,TRUE,2026-04-07T09:21:17.880566+00:00
OSTERBERG TROPICAL ALOE VERA,,,,,,,,,Aloe Vera Drink,Liquid,UNRESOLVED,UNRESOLVED,Unknown,unresolved,0,0,0,TRUE,2026-04-07T09:21:17.880566+00:00
OSTERG APPLE GRAPE AND STRAWBERRY WITH ALOE VERA BLEND FRUIT DRINK,47,199,0.1,12,12,0.05,,0.0041,Fruit Drink,Liquid,UNRESOLVED,UNRESOLVED,Unknown,unresolved,0,0,0,TRUE,2026-04-07T09:21:17.880566+00:00
OUT OF AFRICA 100% ARABICA DARK ROAST GROUND COFFEE,,,,,,,,,Ground Coffee,Powder,UNRESOLVED,UNRESOLVED,Unknown,unresolved,0,0,0,TRUE,2026-04-07T09:21:17.880566+00:00
OUT OF AFRICA 100% ARABICA ESPRESSO GROUND COFFEE,2,8.36,0.5,0.1,0.1,0.1,0.7,1.00E-05,Ground Coffee,Powder,UNRESOLVED,UNRESOLVED,Unknown,unresolved,0,0,0,TRUE,2026-04-07T09:21:17.880566+00:00
OUT OF AFRICA 100% ARABICA MEDIUM ROAST GROUND COFFEE,284,1188.26,10.4,25.9,,15.4,19.8,0.074,Ground Coffee,Powder,UNRESOLVED,UNRESOLVED,Unknown,unresolved,0,0,0,TRUE,2026-04-07T09:21:17.880566+00:00
OUT OF AFRICA CHOLESTEROL FREE DRY ROASTED AND SALTED CASHEW NUTS,621,2566,17,30,4.9,48,3.2,0.26,Salted Cashew Nuts,Solid,UNRESOLVED,UNRESOLVED,Unknown,unresolved,0,0,0,TRUE,2026-04-07T09:21:17.880566+00:00
OUT OF AFRICA CHOLESTEROL FREE HONEY COATED CASHEW NUTS,621,2566,17,30,4.9,48,3.2,0.26,Cashew Nuts,Solid,UNRESOLVED,UNRESOLVED,Unknown,unresolved,0,0,0,TRUE,2026-04-07T09:21:17.880566+00:00
OUT OF AFRICA CHOLESTEROL FREE HONEY COATED MACADAMIA NUTS,761,3186,7.2,12.7,4.6,75.7,,,Macadamia Nuts,Solid,UNRESOLVED,UNRESOLVED,Unknown,unresolved,0,0,0,TRUE,2026-04-07T09:21:17.880566+00:00
OUT OF AFRICA DARK COFFEE BEANS,2.4,10.0416,0.3,0,0,0.1,0,0.0047,Coffee Beans,Solid,UNRESOLVED,UNRESOLVED,Unknown,unresolved,0,0,0,TRUE,2026-04-07T09:21:17.880566+00:00
OUT OF AFRICA DRY ROASTED AND SALTED MACADAMIA NUTS,761,3186,7.2,12.7,4.6,75.7,,,Macadamia Nuts,Solid,UNRESOLVED,UNRESOLVED,Unknown,unresolved,0,0,0,TRUE,2026-04-07T09:21:17.880566+00:00
OUT OF AFRICA HONEY COATED CASHEW NUTS,621,2566,17,30,4.9,48,3.2,0.26,Cashew Nuts,Solid,UNRESOLVED,UNRESOLVED,Unknown,unresolved,0,0,0,TRUE,2026-04-07T09:21:17.880566+00:00
OUT OF AFRICA HONEY COATED MIXED NUTS,578,2418.35,15,33,20,47,5.9,0.388,Mixed Nuts,Solid,UNRESOLVED,UNRESOLVED,Unknown,unresolved,0,0,0,TRUE,2026-04-07T09:21:17.880566+00:00
OUT OF AFRICA MACADAMIA ROAST SALT,,,,,,,,,Macadamia Nuts,Solid,UNRESOLVED,UNRESOLVED,Unknown,unresolved,0,0,0,TRUE,2026-04-07T09:21:17.880566+00:00
OUT OF AFRICA MEDIUM COFFEE BEANS,2.4,10.0416,0.3,0,0,0.1,0,0.0047,Coffee Beans,Solid,UNRESOLVED,UNRESOLVED,Unknown,unresolved,0,0,0,TRUE,2026-04-07T09:21:17.880566+00:00
OUT OF AFRICA MIXED NUTS,597,2497.85,24,19,4,52,8,0.321,Mixed Nuts,Solid,UNRESOLVED,UNRESOLVED,Unknown,unresolved,0,0,0,TRUE,2026-04-07T09:21:17.880566+00:00
OUT OF AFRICA MT ELGON MEDIUM ROAST GROUND COFFEE,284,1188.26,10.4,25.9,0,15.4,19.8,0.074,Coffee,Solid,UNRESOLVED,UNRESOLVED,Unknown,unresolved,0,0,0,TRUE,2026-04-07T09:21:17.880566+00:00
OUT OF AFRICA MT KENYA MEDIUM ROAST GROUND COFFEE,284,1188.26,10.4,25.9,0,15.4,19.8,0.074,Coffee,Solid,UNRESOLVED,UNRESOLVED,Unknown,unresolved,0,0,0,TRUE,2026-04-07T09:21:17.880566+00:00
P&A CEREAL CORNFLAKES VALUEPACK,378,1604,7,84,8,0.9,3,,Corn Flakes,Solid,UNRESOLVED,UNRESOLVED,Unknown,unresolved,0,0,0,TRUE,2026-04-07T09:21:17.880566+00:00
P&A CORNFLAKES,,,,,,,,,,,BREAKFAST CEREALS,CORN FLAKE CEREALS,Ultra-processed foods,simulated_lookup_fuzzy,0.727,0.697,0.717,TRUE,2026-04-07T09:21:17.880566+00:00
P&A KIDDOS BABY PORRIDGE,,,,,,,,,,,UNRESOLVED,UNRESOLVED,Unknown,unresolved,0,0,0,TRUE,2026-04-07T09:21:17.880566+00:00
PACHO ALL PURPOSE HOME BAKING FLOUR,292,1221,13,53,0,4,0,0,Flour,Powder,UNRESOLVED,UNRESOLVED,Unknown,unresolved,0,0,0,TRUE,2026-04-07T09:21:17.880566+00:00
PAINT SPLASH ORANGE AND STRAWBERRY LOLLIPOP WITH SHERBET DIP,,,,,,,,,,,UNRESOLVED,UNRESOLVED,Unknown,unresolved,0,0,0,TRUE,2026-04-07T09:21:17.880566+00:00
PALDO FUN AND YUM HOT AND SPICY RAMEN JUMBO BOWL NOODLE,445.455,1863.78,9.09091,60,3.63636,18.1818,3.63636,1.77091,Noodle,Solid,UNRESOLVED,UNRESOLVED,Unknown,unresolved,0,0,0,TRUE,2026-04-07T09:21:17.880566+00:00
PALDO PORORO APPLE DRINK,,,,,,,,,Apple Drink,Liquid,UNRESOLVED,UNRESOLVED,Unknown,unresolved,0,0,0,TRUE,2026-04-07T09:21:17.880566+00:00
PALDO PORORO BLUEBERRY DRINK,60,251.04,0,15,14,0,0,0,Drink,Liquid,UNRESOLVED,UNRESOLVED,Unknown,unresolved,0,0,0,TRUE,2026-04-07T09:21:17.880566+00:00
PALDO PORORO MILK FRUIT JUICE DRINK,21,86,0.7,4.5,3.6,0.04,0.4,,Juice Drink,Liquid,UNRESOLVED,UNRESOLVED,Unknown,unresolved,0,0,0,TRUE,2026-04-07T09:21:17.880566+00:00
PALDO PORORO STRAWBERRY DRINK,100,418.4,1,22,19,0.5,,0.14,Strawberry Drink,Liquid,UNRESOLVED,UNRESOLVED,Unknown,unresolved,0,0,0,TRUE,2026-04-07T09:21:17.880566+00:00
PALDO PORORO TROPICA DRINK,,,,,,,,,Tropical Drink,Liquid,UNRESOLVED,UNRESOLVED,Unknown,unresolved,0,0,0,TRUE,2026-04-07T09:21:17.880566+00:00
PAPILLION JELLINO,341,1428,6.3,78.35,78,0.3,0,,Candy,Solid,UNRESOLVED,UNRESOLVED,Unknown,unresolved,0,0,0,TRUE,2026-04-07T09:21:17.880566+00:00
PAPILLON ALMONDS HALVA,,,,,,,,,,,UNRESOLVED,UNRESOLVED,Unknown,unresolved,0,0,0,TRUE,2026-04-07T09:21:17.880566+00:00
PAPILLON MIXED NUTS HALVA,529,2216,10.53,50.3,46.86,30.66,,,Halva,Solid,UNRESOLVED,UNRESOLVED,Unknown,unresolved,0,0,0,TRUE,2026-04-07T09:21:17.880566+00:00
PAPILLON PISTACHIO HALVA,,,,,,,,,,,UNRESOLVED,UNRESOLVED,Unknown,unresolved,0,0,0,TRUE,2026-04-07T09:21:17.880566+00:00
PARACHUTE COCONUT OIL,900,3765.6,,,,100,,,Coconut Oil,Liquid,UNRESOLVED,UNRESOLVED,Unknown,unresolved,0,0,0,TRUE,2026-04-07T09:21:17.880566+00:00
PARLE HIDE & SEEK BLACK BOURBON VANILLA SANDWICH BISCUITS,474,1983.21,4.6,75.6,45,17,,,Biscuits,Solid,UNRESOLVED,UNRESOLVED,Unknown,unresolved,0,0,0,TRUE,2026-04-07T09:21:17.880566+00:00
PARLE HIDE & SEEK BOURBON CREAM SANDWICH BISCUITS,469,1962.29,5.2,76.1,41.3,15.9,,0.106,Biscuits,Solid,UNRESOLVED,UNRESOLVED,Unknown,unresolved,0,0,0,TRUE,2026-04-07T09:21:17.880566+00:00
PARLE HIDE & SEEK FAB ORANGE CHOCO CHIP SANDWICH COOKIES,499,2087,4,70,39,22,,,Cookies,Solid,UNRESOLVED,UNRESOLVED,Unknown,unresolved,0,0,0,TRUE,2026-04-07T09:21:17.880566+00:00
PARLE HIDE & SEEK FAB STRAWBERRY CHOCO CHIP SANDWICH COOKIES,499,2087,4,30,39,22,,,Cookies,Solid,UNRESOLVED,UNRESOLVED,Unknown,unresolved,0,0,0,TRUE,2026-04-07T09:21:17.880566+00:00
PARLE KRACKJACK BISCUITS,496,2075.26,6.6,69.2,18.5,21.4,,,Biscuits,Solid,UNRESOLVED,UNRESOLVED,Unknown,unresolved,0,0,0,TRUE,2026-04-07T09:21:17.880566+00:00
PARLE MILK POWER BISCUITS,456,1907.9,7,77,0,14,,,Biscuits,Solid,"COOKIES, BISCUITS AND WAFERS",BISCUITS,Ultra-processed foods,simulated_lookup_fuzzy,0.958,0.928,0.948,FALSE,2026-04-07T09:21:17.880566+00:00
PARLE MONACO CLASSIC BISCUITS,495,2071.08,7.7,68.2,7.7,21,,,Biscuits,Solid,"COOKIES, BISCUITS AND WAFERS",BISCUITS,Ultra-processed foods,simulated_lookup_fuzzy,0.723,0.693,0.713,TRUE,2026-04-07T09:21:17.880566+00:00
PARLE NICE BISCUITS 195,480,2008.32,6.5,72.5,24.9,18.2,,,Biscuits,Solid,"COOKIES, BISCUITS AND WAFERS",BISCUITS,Ultra-processed foods,simulated_lookup_fuzzy,0.878,0.848,0.868,FALSE,2026-04-07T09:21:17.880566+00:00
PARLE NICE COCONUT BISCUITS,473,1979.03,7.5,72.8,,16.9,,,Biscuits,Solid,"COOKIES, BISCUITS AND WAFERS",BISCUITS,Ultra-processed foods,simulated_lookup_fuzzy,0.8,0.77,0.79,TRUE,2026-04-07T09:21:17.880566+00:00
PARLE SWEET AND SALTY KRACK JACK BISCUITS,489,2045,6.8,70.5,19.6,19.9,,0.371,Biscuit,Solid,UNRESOLVED,UNRESOLVED,Unknown,unresolved,0,0,0,TRUE,2026-04-07T09:21:17.880566+00:00
PARLE-G ORIGINAL GLUCOSE BISCUITS,453,1895.35,7,77.3,,12.9,,,Biscuits,Solid,"COOKIES, BISCUITS AND WAFERS",BISCUITS,Ultra-processed foods,simulated_lookup_fuzzy,0.764,0.734,0.754,TRUE,2026-04-07T09:21:17.880566+00:00
PASSION FRESH JUICE,,,,,,,,,Juice,Liquid,UNRESOLVED,UNRESOLVED,Unknown,unresolved,0,0,0,TRUE,2026-04-07T09:21:17.880566+00:00
PASTA ZARA 11 LINGUINE PASTA,351,1468.58,14,69,3,1,,,Pasta,Solid,UNRESOLVED,UNRESOLVED,Unknown,unresolved,0,0,0,TRUE,2026-04-07T09:21:17.880566+00:00
PASTA ZARA 112 LASAGNE GIALLE,350,1464.4,12,71,3,1,3,,Lasagne Gialle,Solid,UNRESOLVED,UNRESOLVED,Unknown,unresolved,0,0,0,TRUE,2026-04-07T09:21:17.880566+00:00
PASTA ZARA 3 SPAGHETTI,351,1468.58,14,69,3.4,1.5,2.9,,Spaghetti,Solid,UNRESOLVED,UNRESOLVED,Unknown,unresolved,0,0,0,TRUE,2026-04-07T09:21:17.880566+00:00
PASTA ZARA 49 PENNE RIGATE PASTA,350,1464.4,12,73,,1,,,Pasta,Solid,UNRESOLVED,UNRESOLVED,Unknown,unresolved,0,0,0,TRUE,2026-04-07T09:21:17.880566+00:00
PASTA ZARA 50 PENNONI RIGATI PASTA,350,1464.4,12,73,,1,,,Pasta,Solid,UNRESOLVED,UNRESOLVED,Unknown,unresolved,0,0,0,TRUE,2026-04-07T09:21:17.880566+00:00
PASTA ZARA 53 LUMACONI RIGATI PASTA,358,1497.87,13,71,,1,,,Pasta,Solid,UNRESOLVED,UNRESOLVED,Unknown,unresolved,0,0,0,TRUE,2026-04-07T09:21:17.880566+00:00
PASTA ZARA 57 SPIRALI PASTA,350,1464.4,12,72,1,1,3,,Pasta,Solid,UNRESOLVED,UNRESOLVED,Unknown,unresolved,0,0,0,TRUE,2026-04-07T09:21:17.880566+00:00
PASTA ZARA CHIFFER RIGATI PASTA,350,146,12,71,,1.2,,0.0037,Pasta,Solid,UNRESOLVED,UNRESOLVED,Unknown,unresolved,0,0,0,TRUE,2026-04-07T09:21:17.880566+00:00
PASTA ZARA FARFALLE NO 31 MACARONI,350,1464.4,35,27,,1.2,,,Farfalle Macaroni,Solid,UNRESOLVED,UNRESOLVED,Unknown,unresolved,0,0,0,TRUE,2026-04-07T09:21:17.880566+00:00
PASTA ZARA GNOCCHI PASTA,280,1186,80,57,,0.9,2.8,,Pasta,Solid,UNRESOLVED,UNRESOLVED,Unknown,unresolved,0,0,0,TRUE,2026-04-07T09:21:17.880566+00:00
PASTA ZARA MACRONI PASTA,358,149,10.5,76.6,,1,,0.006,Pasta,Solid,UNRESOLVED,UNRESOLVED,Unknown,unresolved,0,0,0,TRUE,2026-04-07T09:21:17.880566+00:00
PASTA ZARA NO 46 PENNE RIGATE PASTA,350,1464.4,12,71,,1,,,Rigate Pasta,Solid,UNRESOLVED,UNRESOLVED,Unknown,unresolved,0,0,0,TRUE,2026-04-07T09:21:17.880566+00:00
PASTA ZARA RIGATONI NO 43 MACARONI,200,836.8,7,42,,1,,,Rigatoni Macaroni,Solid,UNRESOLVED,UNRESOLVED,Unknown,unresolved,0,0,0,TRUE,2026-04-07T09:21:17.880566+00:00
PASTA ZARA SPIRAL PICCOLE PASTA,198,828,23,62,,2.5,,0.0031,Pasta,Solid,UNRESOLVED,UNRESOLVED,Unknown,unresolved,0,0,0,TRUE,2026-04-07T09:21:17.880566+00:00
PASTA ZARA TAGLIATELLE ALL UOVO PASTA,249,104,1,34,,2.3,,0.019,Pasta,Solid,UNRESOLVED,UNRESOLVED,Unknown,unresolved,0,0,0,TRUE,2026-04-07T09:21:17.880566+00:00
PATAK'S BHUNA SAUCE,,,,,,,,,,,UNRESOLVED,UNRESOLVED,Unknown,unresolved,0,0,0,TRUE,2026-04-07T09:21:17.880566+00:00
PATAK'S BRINJAL PICKLE,,,,,,,,,,,UNRESOLVED,UNRESOLVED,Unknown,unresolved,0,0,0,TRUE,2026-04-07T09:21:17.880566+00:00
PATAKS BATLI CURRY SAUCE,63,265,1,7.4,4,3,,,,,UNRESOLVED,UNRESOLVED,Unknown,unresolved,0,0,0,TRUE,2026-04-07T09:21:17.880566+00:00
PATAKS JALFREZI CURRY SAUCE,60,66,1,8,4.9,2.9,1,,Jalfrezi Sauce,Paste,UNRESOLVED,UNRESOLVED,Unknown,unresolved,0,0,0,TRUE,2026-04-07T09:21:17.880566+00:00
PATAKS PICKLE MANGO MIXED,,,,,,,,,,,UNRESOLVED,UNRESOLVED,Unknown,unresolved,0,0,0,TRUE,2026-04-07T09:21:17.880566+00:00
PATAKS VINDALOO CURRY SAUCE,70,292,1.3,7.1,3.7,3.4,,0.282,Vindaloo Curry Sauce,Paste,UNRESOLVED,UNRESOLVED,Unknown,unresolved,0,0,0,TRUE,2026-04-07T09:21:17.880566+00:00
PAW PATROL TWIST POP CANDY,375,1569,0,92,75,0,0,0.083,Candy,Solid,UNRESOLVED,UNRESOLVED,Unknown,unresolved,0,0,0,TRUE,2026-04-07T09:21:17.880566+00:00
PEARL GREEN POLISHED GRAMS,,,,,,,,,,,"PULSES - PEAS, LENTILS, BEANS",GREEN GRAMS,Unprocessed/Minimally processed foods,simulated_lookup_fuzzy,0.784,0.754,0.774,TRUE,2026-04-07T09:21:17.880566+00:00
PEARL IMPORTED POPCORN,,,,,,,,,,,POPCORN KERNELS,POPCORN KERNELS,Unprocessed/Minimally processed foods,simulated_lookup_exact,0.99,0.99,0.99,FALSE,2026-04-07T09:21:17.880566+00:00
PEARL IMPORTED POPCORN KERNELS,,,,,,,,,,,POPCORN KERNELS,POPCORN KERNELS,Unprocessed/Minimally processed foods,simulated_lookup_fuzzy,0.846,0.816,0.836,TRUE,2026-04-07T09:21:17.880566+00:00
PEARL NJAHI BLACK BEANS,,,,,,,,,,,UNRESOLVED,UNRESOLVED,Unknown,unresolved,0,0,0,TRUE,2026-04-07T09:21:17.880566+00:00
PEARL PISHORI FORTIFIED RICE,351,1491,7.8,77.7,0.5,0.8,1,,Pishori Rice,Solid,CEREAL GRAINS,WHITE RICE,Unprocessed/Minimally processed foods,simulated_lookup_fuzzy,0.783,0.753,0.773,TRUE,2026-04-07T09:21:17.880566+00:00
PEARL POLISHED GREEN GRAMS,,,,,,,,,,,UNRESOLVED,UNRESOLVED,Unknown,unresolved,0,0,0,TRUE,2026-04-07T09:21:17.880566+00:00
PEARL PULSES LARGE SIZE WHOLE MASOOR DAL,,,,,,,,,,,UNRESOLVED,UNRESOLVED,Unknown,unresolved,0,0,0,TRUE,2026-04-07T09:21:17.880566+00:00
PEARL PULSES NYAYO BEANS,,,,,,,,,,,UNRESOLVED,UNRESOLVED,Unknown,unresolved,0,0,0,TRUE,2026-04-07T09:21:17.880566+00:00
PEARL SUPER BASMATI FORTIFIED RICE,350,1464,8.8,78,,,1.6,0.0017,Rice,Solid,CEREAL GRAINS,WHITE RICE,Unprocessed/Minimally processed foods,simulated_lookup_fuzzy,0.828,0.798,0.818,TRUE,2026-04-07T09:21:17.880566+00:00
PEARL SUPER BASMATI RICE,350,1464,8.8,78,,,1.6,0.0017,Rice,Solid,CEREAL GRAINS,WHITE RICE,Unprocessed/Minimally processed foods,simulated_lookup_exact,0.99,0.99,0.99,FALSE,2026-04-07T09:21:17.880566+00:00
PEARL YELLOW BEANS,,,,,,,,,Yellow Beans,Solid,UNRESOLVED,UNRESOLVED,Unknown,unresolved,0,0,0,TRUE,2026-04-07T09:21:17.880566+00:00
PEMBE ATTA MARK 1 WHEAT FLOUR,340,1422,10.93,72,,,9.6,,Wheat Flour,Powder,UNRESOLVED,UNRESOLVED,Unknown,unresolved,0,0,0,TRUE,2026-04-07T09:21:17.880566+00:00
PEMBE HOME BAKING FLOUR,455,1903,12.9,95.4,0.3,1.2,3.4,0.002,Baking Flour,Powder,UNRESOLVED,UNRESOLVED,Unknown,unresolved,0,0,0,TRUE,2026-04-07T09:21:17.880566+00:00
PEMBE MAIZE FLOUR,,,,,,,,,361kcal,1g,MAIZE/CORN FLOUR,MAIZE FLOUR,Unprocessed/Minimally processed foods,simulated_lookup_fuzzy,0.786,0.756,0.776,TRUE,2026-04-07T09:21:17.880566+00:00
PEMBE MANDAZI,340,,9,75,,,1,,,,WHEAT FLOUR,WHEAT FLOUR,Unprocessed/Minimally processed foods,simulated_lookup_fuzzy,0.833,0.803,0.823,TRUE,2026-04-07T09:21:17.880566+00:00
PEMBE PURE WIMBI PORRIDGE,50,209.2,1.4,11,,0.2,,0.006,Porridge,Powder,RED MILLET FLOUR,RED MILLET FLOUR,Unprocessed/Minimally processed foods,simulated_lookup_fuzzy,0.78,0.75,0.77,TRUE,2026-04-07T09:21:17.880566+00:00
PEMBE SELF RAISING FLOUR,333,1393.27,6.9,70,,,3.3,1.067,Raising Flour,Powder,WHEAT FLOUR,WHEAT FLOUR,Unprocessed/Minimally processed foods,simulated_lookup_fuzzy,0.75,0.72,0.74,TRUE,2026-04-07T09:21:17.880566+00:00
PEP APPLE JUICE READY TO DRINK,,,,,,,,,Juice,Liquid,UNRESOLVED,UNRESOLVED,Unknown,unresolved,0,0,0,TRUE,2026-04-07T09:21:17.880566+00:00
PEP COCOPINE DRINK,80,334.72,,19,18,,,0.035,Drink,Liquid,DILUTING JUICE,SQUASHES,Ultra-processed foods,simulated_lookup_exact,0.99,0.99,0.99,FALSE,2026-04-07T09:21:17.880566+00:00
PEP CONCENTRATE ORANGE DRINK,304,1271,,16,,,,0.003,Orange Drink,Liquid,DILUTING JUICE,CORDIALS,Ultra-processed foods,simulated_lookup_fuzzy,0.76,0.73,0.75,TRUE,2026-04-07T09:21:17.880566+00:00
PEP FRUIT COCKTAIL DRINK,,,,,,,,,Fruit Cocktail Drink,Liquid,UNRESOLVED,UNRESOLVED,Unknown,unresolved,0,0,0,TRUE,2026-04-07T09:21:17.880566+00:00
PEP GUAVA JUICE READY TO DRINK,65,271.96,0.1,15,12.5,0,,0.02,Juice,Liquid,UNRESOLVED,UNRESOLVED,Unknown,unresolved,0,0,0,TRUE,2026-04-07T09:21:17.880566+00:00
PEP LEMON DRINK CONCENTRATE,,,,,,,,,,,UNRESOLVED,UNRESOLVED,Unknown,unresolved,0,0,0,TRUE,2026-04-07T09:21:17.880566+00:00
PEP LEMON JUICE CONCENTRATE,16,67,,3.2,3.2,,,0,Lemon Drink,Liquid,UNRESOLVED,UNRESOLVED,Unknown,unresolved,0,0,0,TRUE,2026-04-07T09:21:17.880566+00:00
PEP MANGO JUICE RTD,217,907.92,1,12,,1,,0,Juice,Liquid,FRESH/FRUIT JUICES - NO ADDED SUGAR,FRESH/FRUIT JUICES - NO ADDED SUGAR,Unprocessed/Minimally processed foods,simulated_lookup_fuzzy,0.75,0.72,0.74,TRUE,2026-04-07T09:21:17.880566+00:00
PEP MIXED FRUIT CONCENTRATE,128,535.552,0.3,31,29,,0.2,0.145,Mixed Fruit Drink,Liquid,JAM/OTHER SPREADS,FRUIT JAM,Ultra-processed foods,simulated_lookup_fuzzy,0.731,0.701,0.721,TRUE,2026-04-07T09:21:17.880566+00:00
PEP TROPICAL JUICE READY TO DRINK,45,188.28,0,11,11,0.1,,0.004,Juice,Liquid,UNRESOLVED,UNRESOLVED,Unknown,unresolved,0,0,0,TRUE,2026-04-07T09:21:17.880566+00:00
PEPSI COLA,,,,,,,,,,,UNRESOLVED,UNRESOLVED,Unknown,unresolved,0,0,0,TRUE,2026-04-07T09:21:17.880566+00:00
PEPSI COLA SOFT DRINK,,,,,,,,,Soft Drink,Liquid,UNRESOLVED,UNRESOLVED,Unknown,unresolved,0,0,0,TRUE,2026-04-07T09:21:17.880566+00:00
PEPSI DIET,,,,,,,,,,,UNRESOLVED,UNRESOLVED,Unknown,unresolved,0,0,0,TRUE,2026-04-07T09:21:17.880566+00:00
PEPSI MIRINDA LEMON,,,,,,,,,,,UNRESOLVED,UNRESOLVED,Unknown,unresolved,0,0,0,TRUE,2026-04-07T09:21:17.880566+00:00
PEPTANG CHILLI GARLIC SAUCE,30,125.52,0.4,0.3,32.2,0.5,,1.42,Garlic Sauce,Paste,TABLE SAUCES,CHILLI/HOT SAUCE,Ultra-processed foods,simulated_lookup_fuzzy,0.851,0.821,0.841,FALSE,2026-04-07T09:21:17.880566+00:00
PEPTANG CHOMA SAUCE,138.08,577.727,0.99,33.53,29.48,,,0.84,Choma Sauce,Paste,TABLE SAUCES,TOMATO SAUCE,Ultra-processed foods,simulated_lookup_fuzzy,0.872,0.842,0.862,FALSE,2026-04-07T09:21:17.880566+00:00
PEPTANG CLASSIC CHILLI SAUCE,30,125.52,0.4,0.3,32.2,0.5,,1.42,Chilli Sauce,Paste,TABLE SAUCES,CHILLI/HOT SAUCE,Ultra-processed foods,simulated_lookup_fuzzy,0.833,0.803,0.823,TRUE,2026-04-07T09:21:17.880566+00:00
PEPTANG FRUITY BROWN SAUCE,140,585.75,1,33.5,20,0,0,0.001,Brown Sauce,Paste,UNRESOLVED,UNRESOLVED,Unknown,unresolved,0,0,0,TRUE,2026-04-07T09:21:17.880566+00:00
PEPTANG GINGER LEMON HONEY TAMARIND DAWA DRINK,36,151,0.1,7.5,7.4,0,,0.004,Dawa Drink,Liquid,UNRESOLVED,UNRESOLVED,Unknown,unresolved,0,0,0,TRUE,2026-04-07T09:21:17.880566+00:00
PEPTANG GOLDEN SYRUP,64,267.776,0,16,0,0,0,0,Syrup,Liquid,UNRESOLVED,UNRESOLVED,Unknown,unresolved,0,0,0,TRUE,2026-04-07T09:21:17.880566+00:00
PEPTANG GREEN CHILLI SAUCE,75,313.8,1,22,,,1,1.55,Chilli Sauce,Paste,TABLE SAUCES,CHILLI/HOT SAUCE,Ultra-processed foods,simulated_lookup_fuzzy,0.87,0.84,0.86,FALSE,2026-04-07T09:21:17.880566+00:00
PEPTANG HABANERO H CHILLI SAUCE,,,,,,,,,Chilli Sauce,Paste,TABLE SAUCES,CHILLI/HOT SAUCE,Ultra-processed foods,simulated_lookup_fuzzy,0.784,0.754,0.774,TRUE,2026-04-07T09:21:17.880566+00:00
PEPTANG HEALTHY CREAMY PEANUT BUTTER,188,786.592,8,6,3,16,1.9,0.144,Peanut Butter,Paste,UNRESOLVED,UNRESOLVED,Unknown,unresolved,0,0,0,TRUE,2026-04-07T09:21:17.880566+00:00
PEPTANG HEALTHY CRUNCHY PEANUT BUTTER,642,2686.13,26,20,9,51,5,0.35,Peanut Butter,Paste,UNRESOLVED,UNRESOLVED,Unknown,unresolved,0,0,0,TRUE,2026-04-07T09:21:17.880566+00:00
PEPTANG HEALTHY NO ADDED SUGAR PEANUT BUTTER,625,2615,25,17,4,50,5,,Peanut Butter,Paste,UNRESOLVED,UNRESOLVED,Unknown,unresolved,0,0,0,TRUE,2026-04-07T09:21:17.880566+00:00
PEPTANG HOT AND SWEET SAUCE,133.333,557.867,,,,,,1.67333,Sauce,Paste,TABLE SAUCES,CHILLI/HOT SAUCE,Ultra-processed foods,simulated_lookup_fuzzy,0.962,0.932,0.952,FALSE,2026-04-07T09:21:17.880566+00:00
PEPTANG HOT&SWEET SAUCE,133.333,557.867,,,,,,1.67333,Sauce,Paste,TABLE SAUCES,CHILLI/HOT SAUCE,Ultra-processed foods,simulated_lookup_fuzzy,0.958,0.928,0.948,FALSE,2026-04-07T09:21:17.880566+00:00
PEPTANG LIME MIXER DRINK,167,698.72,,40,40,,,0.017,Drink,Liquid,UNRESOLVED,UNRESOLVED,Unknown,unresolved,0,0,0,TRUE,2026-04-07T09:21:17.880566+00:00
PEPTANG MAMA’S CHOICE CHIPS SAUCE,82,336,4.3,19,12,0.5,4.1,,Sauce,Paste,UNRESOLVED,UNRESOLVED,Unknown,unresolved,0,0,0,TRUE,2026-04-07T09:21:17.880566+00:00
PEPTANG MANGO SYRUP,262.963,1100.22,,62.963,18.5185,,,,Syrup,Liquid,UNRESOLVED,UNRESOLVED,Unknown,unresolved,0,0,0,TRUE,2026-04-07T09:21:17.880566+00:00
PEPTANG MAPLE SYRUP,210,878.64,0,53,51,0,0,0.005,Syrup,Liquid,UNRESOLVED,UNRESOLVED,Unknown,unresolved,0,0,0,TRUE,2026-04-07T09:21:17.880566+00:00
PEPTANG MASALA SAUCE,386.667,1617.81,,20,13.3333,,,1.07333,Masala Sauce,Paste,TABLE SAUCES,TOMATO SAUCE,Ultra-processed foods,simulated_lookup_fuzzy,0.8,0.77,0.79,TRUE,2026-04-07T09:21:17.880566+00:00
PEPTANG MIXED FRUIT JAM,285,1192.44,0.5,70,70,,0.5,120,Jam,Jelly,JAM/OTHER SPREADS,FRUIT JAM,Ultra-processed foods,simulated_lookup_fuzzy,0.92,0.89,0.91,FALSE,2026-04-07T09:21:17.880566+00:00
PEPTANG ORANGE MARMALADE FRUIT JAM,245,1025.08,0.3,65,60,0.3,0.7,0.037,Jam,Jelly,JAM/OTHER SPREADS,MARMALADE,Ultra-processed foods,simulated_lookup_fuzzy,0.828,0.798,0.818,TRUE,2026-04-07T09:21:17.880566+00:00
PEPTANG PILI PILI GARLIC SAUCE,32,133.888,0.5,3.8,1.2,0.3,,1.68,Garlic Sauce,Paste,TABLE SAUCES,CHILLI/HOT SAUCE,Ultra-processed foods,simulated_lookup_fuzzy,0.72,0.69,0.71,TRUE,2026-04-07T09:21:17.880566+00:00
PEPTANG PILI PILI SAUCE,32,133.888,0.5,3.8,1.2,0.3,,1.68,Sauce,Paste,TABLE SAUCES,CHILLI/HOT SAUCE,Ultra-processed foods,simulated_lookup_fuzzy,0.837,0.807,0.827,TRUE,2026-04-07T09:21:17.880566+00:00
PEPTANG PINEAPPLE JAM,270,1129.68,70,65,,10,,0.61,Jam,Jelly,JAM/OTHER SPREADS,FRUIT JAM,Ultra-processed foods,simulated_lookup_exact,0.99,0.99,0.99,FALSE,2026-04-07T09:21:17.880566+00:00
PEPTANG PURE AFRICA HONEY,304,1216,0.3,80.9,0,0,0,0,Honey,Liquid,UNRESOLVED,UNRESOLVED,Unknown,unresolved,0,0,0,TRUE,2026-04-07T09:21:17.880566+00:00
PEPTANG PURE AFRICAN HONEY,304,1216,0.3,80.9,0,0,0,0,Honey,Liquid,UNRESOLVED,UNRESOLVED,Unknown,unresolved,0,0,0,TRUE,2026-04-07T09:21:17.880566+00:00
PEPTANG RED PLUM JAM,278,1240,0.3,69,10.6,0.1,1.2,21.4,Plum Jam,Jelly,JAM/OTHER SPREADS,FRUIT JAM,Ultra-processed foods,simulated_lookup_exact,0.99,0.99,0.99,FALSE,2026-04-07T09:21:17.880566+00:00
PEPTANG SQUEEZY PURE AFRICAN HONEY,304,1216,0.3,80.9,0,0,0,0,Honey,Liquid,UNRESOLVED,UNRESOLVED,Unknown,unresolved,0,0,0,TRUE,2026-04-07T09:21:17.880566+00:00
PEPTANG STRAWBERRY JAM,284,1188.26,0.92,70,72,,1.1,,Jam,Jelly,JAM/OTHER SPREADS,FRUIT JAM,Ultra-processed foods,simulated_lookup_fuzzy,0.878,0.848,0.868,FALSE,2026-04-07T09:21:17.880566+00:00
PEPTANG SUBSTITUTE WHITE VINEGAR,,,,,,,,,White Vinegar,Liquid,UNRESOLVED,UNRESOLVED,Unknown,unresolved,0,0,0,TRUE,2026-04-07T09:21:17.880566+00:00
PEPTANG SWEET CHILLI SAUCE,,,,,,,,,,,TABLE SAUCES,CHILLI/HOT SAUCE,Ultra-processed foods,simulated_lookup_fuzzy,0.87,0.84,0.86,FALSE,2026-04-07T09:21:17.880566+00:00
PEPTANG TOMATO AND ONION KACHUMBARI SAUCE,15,62.76,0,2,1,1,0,0.035,Sauce,Paste,UNRESOLVED,UNRESOLVED,Unknown,unresolved,0,0,0,TRUE,2026-04-07T09:21:17.880566+00:00
PEPTANG TOMATO GARLIC SAUCE,,,,,,,,,,,TABLE SAUCES,TOMATO SAUCE,Ultra-processed foods,simulated_lookup_fuzzy,0.875,0.845,0.865,FALSE,2026-04-07T09:21:17.880566+00:00
PEPTANG TOMATO KETCHUP,94,399,1.4,20,19,0.5,,,Tomato Ketchup,Paste,TABLE SAUCES,TOMATO KETCHUP,Ultra-processed foods,simulated_lookup_exact,0.99,0.99,0.99,FALSE,2026-04-07T09:21:17.880566+00:00
PEPTANG TOMATO PASTE,70,296,3.1,10.4,,0.3,,0.63,Tomato Paste,Paste,TABLE SAUCES,TOMATO SAUCE,Ultra-processed foods,simulated_lookup_fuzzy,0.85,0.82,0.84,FALSE,2026-04-07T09:21:17.880566+00:00
PEPTANG TOMATO SAUCE,50,209.2,1.5,6.5,,0.4,1.8,0.581,Tomato Sauce,Paste,TABLE SAUCES,TOMATO SAUCE,Ultra-processed foods,simulated_lookup_exact,0.99,0.99,0.99,FALSE,2026-04-07T09:21:17.880566+00:00
PERFETTI C-CHUPS GUM TPAINT,,,,,,,,,,,UNRESOLVED,UNRESOLVED,Unknown,unresolved,0,0,0,TRUE,2026-04-07T09:21:17.880566+00:00
PERRIER ORIGINAL,,,,,,,,,,,FRUIT DRINKS/SWEETENED JUICES & BOTTLED TEAS,FRUIT DRINKS/SWEETENED JUICE,Ultra-processed foods,simulated_lookup_fuzzy,0.743,0.713,0.733,TRUE,2026-04-07T09:21:17.880566+00:00
PERRIER ORIGINAL SPARKLING WATER,1,4,0,0,0,0,0,0,Liquid,,UNRESOLVED,UNRESOLVED,Unknown,unresolved,0,0,0,TRUE,2026-04-07T09:21:17.880566+00:00
PHD SMART BAR HFSS CHOCOLATE BROWNIE,,,,,,,,,,,UNRESOLVED,UNRESOLVED,Unknown,unresolved,0,0,0,TRUE,2026-04-07T09:21:17.880566+00:00
PHD SMART BAR HFSS WHITE CHOCOLATE BLONDIE,,,,,,,,,,,UNRESOLVED,UNRESOLVED,Unknown,unresolved,0,0,0,TRUE,2026-04-07T09:21:17.880566+00:00
PHD SMART BAR HIGH PROTEIN DARK CHOCOLATE RASPBERRY,382,1536,32,38,3.1,14,,,,,UNRESOLVED,UNRESOLVED,Unknown,unresolved,0,0,0,TRUE,2026-04-07T09:21:17.880566+00:00
PHULKA ATTA MARK CHAPATI FLOUR,110,460.24,4,23,0,0,3,0.009,Chapati Flour,Powder,UNRESOLVED,UNRESOLVED,Unknown,unresolved,0,0,0,TRUE,2026-04-07T09:21:17.880566+00:00
PHULKA ATTA MARK I CHAPATI FLOUR,110,460,4,23,,,3,0.009,Chapati Flour,Powder,UNRESOLVED,UNRESOLVED,Unknown,unresolved,0,0,0,TRUE,2026-04-07T09:21:17.880566+00:00
PICK N PEEL APPLE JUICE,110,460,0,28,26,0,0,0.02,Apple Juice,Liquid,FRESH/FRUIT JUICES - NO ADDED SUGAR,FRESH/FRUIT JUICES - NO ADDED SUGAR,Unprocessed/Minimally processed foods,simulated_lookup_fuzzy,0.8,0.77,0.79,TRUE,2026-04-07T09:21:17.880566+00:00
PICK N PEEL MANGO JUICE,61,255.224,0.2,15,15,0,,0.004,Mango Juice,Liquid,FRESH/FRUIT JUICES - NO ADDED SUGAR,FRESH/FRUIT JUICES - NO ADDED SUGAR,Unprocessed/Minimally processed foods,simulated_lookup_fuzzy,0.8,0.77,0.79,TRUE,2026-04-07T09:21:17.880566+00:00
PICK N PEEL ORANGE JUICE,304,1271,0,16,0,0,0,0.003,Orange Juice,Liquid,FRESH/FRUIT JUICES - NO ADDED SUGAR,FRESH/FRUIT JUICES - NO ADDED SUGAR,Unprocessed/Minimally processed foods,simulated_lookup_fuzzy,0.81,0.78,0.8,TRUE,2026-04-07T09:21:17.880566+00:00
PICK N PEEL PINEAPPLE JUICE,47,196.648,,11.9,11.8,0,,,Pineapple Juice,Liquid,FRESH/FRUIT JUICES - NO ADDED SUGAR,FRESH/FRUIT JUICES - NO ADDED SUGAR,Unprocessed/Minimally processed foods,simulated_lookup_fuzzy,0.833,0.803,0.823,TRUE,2026-04-07T09:21:17.880566+00:00
PICK N PEEL RED GRAPE JUICE,135,554,1,32,29,0,0,0.03,Red Grape Juice,Liquid,FRESH/FRUIT JUICES - NO ADDED SUGAR,FRESH/FRUIT JUICES - NO ADDED SUGAR,Unprocessed/Minimally processed foods,simulated_lookup_fuzzy,0.84,0.81,0.83,TRUE,2026-04-07T09:21:17.880566+00:00
PICK N PEEL SPARKLING CIDER APPLE FRUIT DRINK,60.1,256,0.01,14.6,14.6,0,0,0.001,Fruit Drink,Liquid,UNRESOLVED,UNRESOLVED,Unknown,unresolved,0,0,0,TRUE,2026-04-07T09:21:17.880566+00:00
PICK N PEEL TROPICAL MIX JUICE,54,227,0.3,12.4,,0.1,,,Tropical Mix Juice,Liquid,FRESH/FRUIT JUICES - NO ADDED SUGAR,FRESH/FRUIT JUICES - NO ADDED SUGAR,Unprocessed/Minimally processed foods,simulated_lookup_fuzzy,0.852,0.822,0.842,FALSE,2026-04-07T09:21:17.880566+00:00
PICK N PEEL WHITE GRAPE JUICE,135,554,1,32,29,0,0,0.03,Grape Juice,Liquid,FRESH/FRUIT JUICES - NO ADDED SUGAR,FRESH/FRUIT JUICES - NO ADDED SUGAR,Unprocessed/Minimally processed foods,simulated_lookup_fuzzy,0.852,0.822,0.842,FALSE,2026-04-07T09:21:17.880566+00:00
PIETRO CORICELLI ARRABBIATA PASTA SAUCE,61,255,1.6,7,6.2,2.7,,,Sauce,Paste,UNRESOLVED,UNRESOLVED,Unknown,unresolved,0,0,0,TRUE,2026-04-07T09:21:17.880566+00:00
PIETRO CORICELLI EXTRA VIRGIN OLIVE OIL,822,3378,,,,91.3,,,Olive Oil,Liquid,UNRESOLVED,UNRESOLVED,Unknown,unresolved,0,0,0,TRUE,2026-04-07T09:21:17.880566+00:00
PIETRO CORICELLI NAPOLETANA PASTA SAUCE,104,435.136,1.6,8,4.8,7.2,1.6,0.296,Sauce,Paste,UNRESOLVED,UNRESOLVED,Unknown,unresolved,0,0,0,TRUE,2026-04-07T09:21:17.880566+00:00
PIETRO CORICELLI PESTO SAUCE,,,,,,,,,,,UNRESOLVED,UNRESOLVED,Unknown,unresolved,0,0,0,TRUE,2026-04-07T09:21:17.880566+00:00
PIETRO CORICELLI TOMATO AND BASIL SAUCE,60,251,1.6,6.8,6.1,2.7,,,Sauce,Paste,UNRESOLVED,UNRESOLVED,Unknown,unresolved,0,0,0,TRUE,2026-04-07T09:21:17.880566+00:00
PIETRO RED PESTO SAUCE,,,,,,,,,,,UNRESOLVED,UNRESOLVED,Unknown,unresolved,0,0,0,TRUE,2026-04-07T09:21:17.880566+00:00
PIKA PURE VEGETABLE OIL,120,502.08,0,0,0,14,0,0,Vegetable Oil,Liquid,COOKING OIL,VEGETABLE OIL,Processed Culinary Ingredients,simulated_lookup_fuzzy,0.851,0.821,0.841,FALSE,2026-04-07T09:21:17.880566+00:00
PIKA PURE YELLOW VEGETABLE COOKING FAT,120,502.08,,,,14,,,Cooking Fat,Cream,UNRESOLVED,UNRESOLVED,Unknown,unresolved,0,0,0,TRUE,2026-04-07T09:21:17.880566+00:00
PIKA VEGETABLE OIL,120,502.08,,,,14,,,Vegetable Oil,Liquid,COOKING OIL,VEGETABLE OIL,Processed Culinary Ingredients,simulated_lookup_fuzzy,0.839,0.809,0.829,TRUE,2026-04-07T09:21:17.880566+00:00
PILAU MASALA,,,,,,,,,Pilau Masala,Powder,HERBS AND SPICES,SPICES - PILAU MASALA,Unprocessed/Minimally processed foods,simulated_lookup_fuzzy,0.75,0.72,0.74,TRUE,2026-04-07T09:21:17.880566+00:00
PINEPPLE MINT FRESH JUICE,,,,,,,,,Juice,Liquid,UNRESOLVED,UNRESOLVED,Unknown,unresolved,0,0,0,TRUE,2026-04-07T09:21:17.880566+00:00
PLANET SODA MIXED BERRIES,50,208.571,0.714286,12.1429,7.14286,0,3.57143,0,Soda,Liquid,UNRESOLVED,UNRESOLVED,Unknown,unresolved,0,0,0,TRUE,2026-04-07T09:21:17.880566+00:00
PM MEGA FRY CANOLA OIL,,,,,,,,,,,UNRESOLVED,UNRESOLVED,Unknown,unresolved,0,0,0,TRUE,2026-04-07T09:21:17.880566+00:00
POLO SPEARMINT TUBE,,,,,,,,,,,UNRESOLVED,UNRESOLVED,Unknown,unresolved,0,0,0,TRUE,2026-04-07T09:21:17.880566+00:00
POLO SUGAR FREE TUBE,,,,,,,,,,,UNRESOLVED,UNRESOLVED,Unknown,unresolved,0,0,0,TRUE,2026-04-07T09:21:17.880566+00:00
POWER PLAY ORIGINAL ENERGY DRINK,46,179.912,0.3,12,,0.1,,0.027,Energy Drink,Liquid,ENERGY DRINKS,ENERGY DRINKS,Ultra-processed foods,simulated_lookup_fuzzy,0.836,0.806,0.826,TRUE,2026-04-07T09:21:17.880566+00:00
PRAN BEEF EASY INSTANT NOODLES X OF,,,,,,,,,Instant Noodles,Solid,UNRESOLVED,UNRESOLVED,Unknown,unresolved,0,0,0,TRUE,2026-04-07T09:21:17.880566+00:00
PRAN BISK CLUB CHOCOLATE CREAM BISCUITS,150,627.6,2,21,6,6,0,0.115,Biscuits,Solid,"COOKIES, BISCUITS AND WAFERS",BISCUITS,Ultra-processed foods,simulated_lookup_fuzzy,0.725,0.695,0.715,TRUE,2026-04-07T09:21:17.880566+00:00
PRAN BISK CLUB COCONUT BISCUIT,478,1999.95,6,71,31,21.2,,0.353,Biscuits,Solid,UNRESOLVED,UNRESOLVED,Unknown,unresolved,0,0,0,TRUE,2026-04-07T09:21:17.880566+00:00
PRAN BISK CLUB GLUCOSE BISCUIT,453,1895.35,7,77.3,24.8,12.9,,,Biscuit,Solid,"COOKIES, BISCUITS AND WAFERS",BISCUITS,Ultra-processed foods,simulated_lookup_fuzzy,0.731,0.701,0.721,TRUE,2026-04-07T09:21:17.880566+00:00
PRAN BISK CLUB ORANGE CREAM BISCUITS,464,1941.38,6,68,33,18,0,0,Biscuits,Solid,UNRESOLVED,UNRESOLVED,Unknown,unresolved,0,0,0,TRUE,2026-04-07T09:21:17.880566+00:00
PRAN BISK CLUB POTATO SPICY BISCUITS,230,962,4,36,11,8,7,0,Biscuits,Solid,UNRESOLVED,UNRESOLVED,Unknown,unresolved,0,0,0,TRUE,2026-04-07T09:21:17.880566+00:00
PRAN BISK CLUB STRAWBERRY CREAM BISCUITS,122,510.448,,17,8,4,,0.061,Biscuits,Solid,"COOKIES, BISCUITS AND WAFERS",BISCUITS,Ultra-processed foods,simulated_lookup_fuzzy,0.75,0.72,0.74,TRUE,2026-04-07T09:21:17.880566+00:00
PRAN COCKTAIL FRUIT DRINK,56,234.304,0,14,13,0,0.5,0.012,Drink,Liquid,UNRESOLVED,UNRESOLVED,Unknown,unresolved,0,0,0,TRUE,2026-04-07T09:21:17.880566+00:00
PRAN DELIGHT PINEAPPLE BISCUITS,2288.57,955.714,2.85714,28.5714,11.4286,11.4286,1.42857,0.121429,Biscuits,Solid,UNRESOLVED,UNRESOLVED,Unknown,unresolved,0,0,0,TRUE,2026-04-07T09:21:17.880566+00:00
PRAN DOUBLE TWIST CHOCOLORD TOFFEE 16 PIECES,461,1931,4,66,46,21,,0.11,Toffee,Solid,UNRESOLVED,UNRESOLVED,Unknown,unresolved,0,0,0,TRUE,2026-04-07T09:21:17.880566+00:00
PRAN EASY CHICKEN INSTANT NOODLES X OF,462,1933,10.3,66.5,2,17.2,7,,Instant Noodles,Solid,UNRESOLVED,UNRESOLVED,Unknown,unresolved,0,0,0,TRUE,2026-04-07T09:21:17.880566+00:00
PRAN MANGO FRUIT DRINK,56,234,0,14,13,0,0,0,Drink,Liquid,FRESH/FRUIT JUICES - NO ADDED SUGAR,FRESH/FRUIT JUICES - NO ADDED SUGAR,Unprocessed/Minimally processed foods,simulated_lookup_fuzzy,0.826,0.796,0.816,TRUE,2026-04-07T09:21:17.880566+00:00
PRAN SPECIAL DRYCAKE PAPER PCK,,,,,,,,,,,UNRESOLVED,UNRESOLVED,Unknown,unresolved,0,0,0,TRUE,2026-04-07T09:21:17.880566+00:00
PRAN STRAWBERRY CREAM BISCUIT,,,,,,,,,Biscuit,Solid,"COOKIES, BISCUITS AND WAFERS",BISCUITS,Ultra-processed foods,simulated_lookup_fuzzy,0.852,0.822,0.842,FALSE,2026-04-07T09:21:17.880566+00:00
PRAN TAMARIND FRUIT DRINK,160,669,0,31,30,0,0,0.035,Drink,Liquid,DILUTING JUICE,SQUASHES,Ultra-processed foods,simulated_lookup_fuzzy,0.739,0.709,0.729,TRUE,2026-04-07T09:21:17.880566+00:00
PREDATOR ENERGY DRINK,14.4,179.912,,3.6,,,,0.05,Energy Drink,Liquid,ENERGY DRINKS,ENERGY DRINKS,Ultra-processed foods,simulated_lookup_exact,0.99,0.99,0.99,FALSE,2026-04-07T09:21:17.880566+00:00
PREDATOR ENERGY MANGO JUICE,12000,50208,,2000,,,,,Juice,Liquid,UNRESOLVED,UNRESOLVED,Unknown,unresolved,0,0,0,TRUE,2026-04-07T09:21:17.880566+00:00
PRESTIGE ORIGINAL MARGARINE,532.983,2230,0.2,0.5,0.5,60,0.5,0.63,Margarine,Paste,UNRESOLVED,UNRESOLVED,Unknown,unresolved,0,0,0,TRUE,2026-04-07T09:21:17.880566+00:00
PRESTIGE VANILLA MARGARINE,526,2200.78,42,,,59.168,,0.7848,Margarine,Paste,MARGARINE,MARGARINE,Ultra-processed foods,simulated_lookup_fuzzy,0.735,0.705,0.725,TRUE,2026-04-07T09:21:17.880566+00:00
PRESTO CHILLI SAUCE,59,246.856,2.05,12.21,5.77,0.33,,,Chilli Sauce,Paste,TABLE SAUCES,CHILLI/HOT SAUCE,Ultra-processed foods,simulated_lookup_fuzzy,0.865,0.835,0.855,FALSE,2026-04-07T09:21:17.880566+00:00
PRESTO LIGHT MAYONNAISE,280,1171.52,,,,26.6667,,,Light Mayonnaise,Cream,UNRESOLVED,UNRESOLVED,Unknown,unresolved,0,0,0,TRUE,2026-04-07T09:21:17.880566+00:00
PRESTO ORIGINAL MAYONNAISE,580,2426.72,1,9,4,,,0.45,Original Mayonnaise,Cream,UNRESOLVED,UNRESOLVED,Unknown,unresolved,0,0,0,TRUE,2026-04-07T09:21:17.880566+00:00
PRESTO TOMATO SAUCE,20,83.68,0.2,5,4.8,0.2,0.1,0.136,Sauce,Paste,TABLE SAUCES,TOMATO SAUCE,Ultra-processed foods,simulated_lookup_fuzzy,0.865,0.835,0.855,FALSE,2026-04-07T09:21:17.880566+00:00
PRESTO WHITE VINEGAR,13,54.392,0,0,0,0,0,0,White Vinegar,Liquid,TABLE SAUCES,VINEGAR,Ultra-processed foods,simulated_lookup_fuzzy,0.811,0.781,0.801,TRUE,2026-04-07T09:21:17.880566+00:00
PRETZO ORIGINAL SWEET CHILLI PRETZEL,100,418,12,80,,4,3.82,0.917,Pretzel,Solid,UNRESOLVED,UNRESOLVED,Unknown,unresolved,0,0,0,TRUE,2026-04-07T09:21:17.880566+00:00
PRETZO SALTED PRETZEL STICKS,400,1672,48,320,,16,15.28,3.668,Pretzel Sticks,Solid,UNRESOLVED,UNRESOLVED,Unknown,unresolved,0,0,0,TRUE,2026-04-07T09:21:17.880566+00:00
PREZIOSO MODENA BALSAMIC VINEGAR,88,368.19,0.5,17,15,,,0.023,Vinegar,Liquid,UNRESOLVED,UNRESOLVED,Unknown,unresolved,0,0,0,TRUE,2026-04-07T09:21:17.880566+00:00
PRIME HYDRATION DRINK,,,,,,,,,,,UNRESOLVED,UNRESOLVED,Unknown,unresolved,0,0,0,TRUE,2026-04-07T09:21:17.880566+00:00
PRINGLES HOT AND SPICY POTATO CHIPS,503,2106,4.3,51,3,32,2.6,,Potato Chips,Solid,UNRESOLVED,UNRESOLVED,Unknown,unresolved,0,0,0,TRUE,2026-04-07T09:21:17.880566+00:00
PRINGLES HOT AND SPICY POTATO CRISPS,506,2125,5.4,15.5,3.9,26.3,,0.709,Potato Crisps,Solid,UNRESOLVED,UNRESOLVED,Unknown,unresolved,0,0,0,TRUE,2026-04-07T09:21:17.880566+00:00
PRINGLES HOT CHEESE & CHILLI,,,,,,,,,,,UNRESOLVED,UNRESOLVED,Unknown,unresolved,0,0,0,TRUE,2026-04-07T09:21:17.880566+00:00
PRINGLES HOT KICKING SOUR CREAM,,,,,,,,,,,UNRESOLVED,UNRESOLVED,Unknown,unresolved,0,0,0,TRUE,2026-04-07T09:21:17.880566+00:00
PRINGLES HOT MEXICAN CHILLI & LIME,523,2182,6.2,55,3,30,3.9,,,,UNRESOLVED,UNRESOLVED,Unknown,unresolved,0,0,0,TRUE,2026-04-07T09:21:17.880566+00:00
PRINGLES HOT SPICY BBQ,,,,,,,,,,,UNRESOLVED,UNRESOLVED,Unknown,unresolved,0,0,0,TRUE,2026-04-07T09:21:17.880566+00:00
PRINGLES HOT SWEET CHILLI,523,2183,6.3,55,4.4,30,3.8,,,,UNRESOLVED,UNRESOLVED,Unknown,unresolved,0,0,0,TRUE,2026-04-07T09:21:17.880566+00:00
PRINGLES KETCHUP POTATO CHIPS,505,2105,4.1,51,3.5,31,2.6,,Potato Chips,Solid,UNRESOLVED,UNRESOLVED,Unknown,unresolved,0,0,0,TRUE,2026-04-07T09:21:17.880566+00:00
PRINGLES ORIGINAL FLAVOUR CRISPS,123,3423,3.4,56,4.5,12,,0.045,Crisps,Solid,UNRESOLVED,UNRESOLVED,Unknown,unresolved,0,0,0,TRUE,2026-04-07T09:21:17.880566+00:00
PRINGLES ORIGINAL PERFECT POTATO CRISP CHIPS,534,2234,5.9,56,1.2,31,3.5,0.44,Potato Crisp Chips,Solid,UNRESOLVED,UNRESOLVED,Unknown,unresolved,0,0,0,TRUE,2026-04-07T09:21:17.880566+00:00
PRINGLES SALT AND VINEGAR CRISPS,509,1345,5,67,6.3,34,,0.678,Crisps,Solid,SWEET AND SAVOURY SNACKS,POTATO CRISPS,Ultra-processed foods,simulated_lookup_fuzzy,0.807,0.777,0.797,TRUE,2026-04-07T09:21:17.880566+00:00
PRINGLES SOUR CREAM AND ONION CHIPS,508,2111,9.1,36,,33,14,,Chips,Solid,UNRESOLVED,UNRESOLVED,Unknown,unresolved,0,0,0,TRUE,2026-04-07T09:21:17.880566+00:00
PRINGLES SOUR CREAM AND ONION POTATO CRISP CHIPS,515,2146,4.2,51,2.5,32,2.9,,Potato Crisp Chips,Solid,UNRESOLVED,UNRESOLVED,Unknown,unresolved,0,0,0,TRUE,2026-04-07T09:21:17.880566+00:00
PRINGLES TEXAS BBQ SAUCE CRISPS,520,2176,6.1,57,4.5,29,3.5,0,Crisps,Solid,UNRESOLVED,UNRESOLVED,Unknown,unresolved,0,0,0,TRUE,2026-04-07T09:21:17.880566+00:00
PRINGLES TEXAS BBQ SAUCE POTATO CHIPS,516,2155,6,56,3.9,29,3.5,,Potato Chips,Solid,UNRESOLVED,UNRESOLVED,Unknown,unresolved,0,0,0,TRUE,2026-04-07T09:21:17.880566+00:00
PROCTAL & ALLAN OAT FLAKES,530,2217,13.5,66,0,10,9,0,Oat Flakes,Solid,UNRESOLVED,UNRESOLVED,Unknown,unresolved,0,0,0,TRUE,2026-04-07T09:21:17.880566+00:00
PROCTOR & ALLAN CHOCOLATE CAKE MIX,396.3,1658.11,4.6,82.1,39.3,8.2,2.3,0.7747,Cake Mix,Powder,UNRESOLVED,UNRESOLVED,Unknown,unresolved,0,0,0,TRUE,2026-04-07T09:21:17.880566+00:00
PROCTOR & ALLAN CORN FLAKES,378,1604,7,84,8,0.9,3,,Corn Flakes,Solid,UNRESOLVED,UNRESOLVED,Unknown,unresolved,0,0,0,TRUE,2026-04-07T09:21:17.880566+00:00
PROCTOR & ALLAN NUTRI RICH PORRIDGE,374,1564.82,11,60,1,8,9,0,Porridge,Solid,UNRESOLVED,UNRESOLVED,Unknown,unresolved,0,0,0,TRUE,2026-04-07T09:21:17.880566+00:00
PROCTOR & ALLAN OAT FLAKES,,,,,,,,,,,UNRESOLVED,UNRESOLVED,Unknown,unresolved,0,0,0,TRUE,2026-04-07T09:21:17.880566+00:00
PROCTOR ALLAN CORN FLAKES VALUE,378,1604,7,84,8,0.9,3,,Corn Flakes,Solid,UNRESOLVED,UNRESOLVED,Unknown,unresolved,0,0,0,TRUE,2026-04-07T09:21:17.880566+00:00
PROCTOR AND ALLAN CORN FLAKES,378,1604,7,84,8,0.9,3,0,Flakes,Solid,UNRESOLVED,UNRESOLVED,Unknown,unresolved,0,0,0,TRUE,2026-04-07T09:21:17.880566+00:00
PROCTOR AND ALLAN QUICK PORRIDGE OATS,374,1564.82,11,60,1,8,9,0,Porridge Oats,Solid,UNRESOLVED,UNRESOLVED,Unknown,unresolved,0,0,0,TRUE,2026-04-07T09:21:17.880566+00:00
PROCTOR AND ALLAN WHITE OATS,530,2217.52,13,66,0,10,9,0,Oats,Solid,UNRESOLVED,UNRESOLVED,Unknown,unresolved,0,0,0,TRUE,2026-04-07T09:21:17.880566+00:00
PRUNG COCO N/DAIRY MILK POWDER,,,,,,,,,,,UNRESOLVED,UNRESOLVED,Unknown,unresolved,0,0,0,TRUE,2026-04-07T09:21:17.880566+00:00
PURE MOUNTAIN CANOLA OIL CHILLI,900,3765.6,0,0,0,91,0,0,Canola Oil,Liquid,UNRESOLVED,UNRESOLVED,Unknown,unresolved,0,0,0,TRUE,2026-04-07T09:21:17.880566+00:00
PURE MOUNTAIN CANOLA OIL HERB,900,3765.6,0.1,0.1,,91.2,,,Canola Oil,Liquid,UNRESOLVED,UNRESOLVED,Unknown,unresolved,0,0,0,TRUE,2026-04-07T09:21:17.880566+00:00
PURE MOUNTAIN PURE CANOLA OIL,900,3765.6,0,0,,100,,,Canola Oil,Liquid,UNRESOLVED,UNRESOLVED,Unknown,unresolved,0,0,0,TRUE,2026-04-07T09:21:17.880566+00:00
PURE NATURE DARK ROASTED SESAME OIL,,,,,,,,,Sesame Oil,Liquid,UNRESOLVED,UNRESOLVED,Unknown,unresolved,0,0,0,TRUE,2026-04-07T09:21:17.880566+00:00
PURE NATURE MILD ROASTED SESAME OIL,,,,,,,,,Sesame Oil,Liquid,UNRESOLVED,UNRESOLVED,Unknown,unresolved,0,0,0,TRUE,2026-04-07T09:21:17.880566+00:00
PURE NATURE SESAME OIL,,,,,,,,,Sesame Oil,Liquid,UNRESOLVED,UNRESOLVED,Unknown,unresolved,0,0,0,TRUE,2026-04-07T09:21:17.880566+00:00
PURETO TOMATO PASTE,103,430.952,1,16,22,,5,,Tomato Paste,Paste,TOMATO PASTE,TOMATO PASTE,Processed foods,simulated_lookup_fuzzy,0.833,0.803,0.823,TRUE,2026-04-07T09:21:17.880566+00:00
QIA QIA CARAMEL SUNFLOWER SEEDS,117.593,492.007,0.925926,18.5185,,3.7037,,,Sunflower Seeds,Solid,UNRESOLVED,UNRESOLVED,Unknown,unresolved,0,0,0,TRUE,2026-04-07T09:21:17.880566+00:00
QIA QIA HICKORY NUT FLAVOUR SUNFLOWER SEEDS SNACKS,596,2494,26,10,2,49,0,0,Snacks,Solid,UNRESOLVED,UNRESOLVED,Unknown,unresolved,0,0,0,TRUE,2026-04-07T09:21:17.880566+00:00
QIA QIA ORIGINAL SALTED SUNFLOWER SEEDS,611.13,2557,,15.8,,51.8,,,Sunflower Seeds,Solid,UNRESOLVED,UNRESOLVED,Unknown,unresolved,0,0,0,TRUE,2026-04-07T09:21:17.880566+00:00
QIA QIA ROASTED SUNFLOWER SEEDS,622,2603,27.4,15.8,2.1,51.8,,,Sunflower Seeds,Solid,UNRESOLVED,UNRESOLVED,Unknown,unresolved,0,0,0,TRUE,2026-04-07T09:21:17.880566+00:00
QIA QIA SUNFLOWER SEEDS,599,2505,27,16.5,4.2,50.2,,,Sunflower Seeds,Solid,UNRESOLVED,UNRESOLVED,Unknown,unresolved,0,0,0,TRUE,2026-04-07T09:21:17.880566+00:00
QIAQIA BARBECUE CRUNCHY POTATO CRISPS,284.314,1189.57,13.7255,115.686,5.88235,52.9412,7.84314,0.601961,Potato Crisps,Solid,UNRESOLVED,UNRESOLVED,Unknown,unresolved,0,0,0,TRUE,2026-04-07T09:21:17.880566+00:00
QUAKER QUICK COOKING WHITE OATS,356,1500,11,60,1.1,8,3,0.001,White Oats,Solid,UNRESOLVED,UNRESOLVED,Unknown,unresolved,0,0,0,TRUE,2026-04-07T09:21:17.880566+00:00
QUEEN D ACTIVE CH CRACKERS,480,2008.32,4,80,2,14,2,0.76,Crackers,Solid,UNRESOLVED,UNRESOLVED,Unknown,unresolved,0,0,0,TRUE,2026-04-07T09:21:17.880566+00:00
QUEEN D CHEDARPAPRIKA CRACKERS,,,,,,,,,Crackers,Solid,UNRESOLVED,UNRESOLVED,Unknown,unresolved,0,0,0,TRUE,2026-04-07T09:21:17.880566+00:00
QUEEN D ROSEMARY SAGE CRACKERS,400,1673.6,13.3,66.7,3.3,10,0,0.9,Crackers,Solid,UNRESOLVED,UNRESOLVED,Unknown,unresolved,0,0,0,TRUE,2026-04-07T09:21:17.880566+00:00
QUEEN DELI ITL CANTUCI CRACKERS,431,1819,7.4,72.1,39.1,11.2,3.1,,Crackers,Solid,UNRESOLVED,UNRESOLVED,Unknown,unresolved,0,0,0,TRUE,2026-04-07T09:21:17.880566+00:00
QUENCHER FANTASY FLAVOURED DRINK,,,,,,,,,Flavoured Drink,Liquid,UNRESOLVED,UNRESOLVED,Unknown,unresolved,0,0,0,TRUE,2026-04-07T09:21:17.880566+00:00
QUENCHER FIZTO,,,,,,,,,,,DILUTING JUICE,CORDIALS,Ultra-processed foods,simulated_lookup_fuzzy,0.929,0.899,0.919,FALSE,2026-04-07T09:21:17.880566+00:00
QUENCHER LIFE PREMIUM DRINKING WATER,0,0,,,,,,0.002,Drinking Water,Liquid,UNRESOLVED,UNRESOLVED,Unknown,unresolved,0,0,0,TRUE,2026-04-07T09:21:17.880566+00:00
QUENCHER LIFE PREMIUM DRINKING WATER X OF,0,0,,,,,,0.002,Drinking Water,Liquid,UNRESOLVED,UNRESOLVED,Unknown,unresolved,0,0,0,TRUE,2026-04-07T09:21:17.880566+00:00
QUENCHER ORANGE,,,,,,,,,,,DILUTING JUICE,CORDIALS,Ultra-processed foods,simulated_lookup_exact,0.99,0.99,0.99,FALSE,2026-04-07T09:21:17.880566+00:00
QUENCHER T BLACK CURRANT JUICE,,,,,,,,,,,UNRESOLVED,UNRESOLVED,Unknown,unresolved,0,0,0,TRUE,2026-04-07T09:21:17.880566+00:00
QUICK FRIED CHILLI GREEN PEAS,490,2050.17,18.3333,5,5,20,18.3333,0.85,Green Peas,Solid,UNRESOLVED,UNRESOLVED,Unknown,unresolved,0,0,0,TRUE,2026-04-07T09:21:17.880566+00:00
RAFAEL SALGADO EXTRA VIRGIN OLIVE OIL,900,3700,,,,100,,,Olive Oil,Liquid,UNRESOLVED,UNRESOLVED,Unknown,unresolved,0,0,0,TRUE,2026-04-07T09:21:17.880566+00:00
RAFFEL SALGADO E V OLIVE OIL,900,3700,0,0,,100,,0,Olive Oil,Liquid,UNRESOLVED,UNRESOLVED,Unknown,unresolved,0,0,0,TRUE,2026-04-07T09:21:17.880566+00:00
RAGU CHEESE CREATION SIX CHEESE SAUCE,90,376.56,3,14,9,0,2,0.48,Six Cheese Sauce,Paste,UNRESOLVED,UNRESOLVED,Unknown,unresolved,0,0,0,TRUE,2026-04-07T09:21:17.880566+00:00
RAGU CHUNKY SAUTEED ONION AND GARLIC SAUCE,90,376.56,2,14,9,3.5,2,0.48,Onion And Garlic Sauce,Paste,UNRESOLVED,UNRESOLVED,Unknown,unresolved,0,0,0,TRUE,2026-04-07T09:21:17.880566+00:00
RAGU CHUNKY TOMATO GARLIC AND ONION SAUCE,80,334.72,2,14,10,2,2,0.46,Sauce,Paste,UNRESOLVED,UNRESOLVED,Unknown,unresolved,0,0,0,TRUE,2026-04-07T09:21:17.880566+00:00
RAGU HEARTY TRADITIONAL TOMATO SAUCE,100,418,3,16,10,2.5,3,0.43,Sauce,Paste,UNRESOLVED,UNRESOLVED,Unknown,unresolved,0,0,0,TRUE,2026-04-07T09:21:17.880566+00:00
RAGU HOMEMADE STYLE PIZZA SAUCE,30,125.52,1,5,3,1,1,0.25,Pizza Sauce,Paste,UNRESOLVED,UNRESOLVED,Unknown,unresolved,0,0,0,TRUE,2026-04-07T09:21:17.880566+00:00
RAGU MAMA'S SPECIAL GARDEN CHUNKY SAUCE,90,376.56,3,15,11,2.5,2,0.47,Chunky Sauce,Paste,UNRESOLVED,UNRESOLVED,Unknown,unresolved,0,0,0,TRUE,2026-04-07T09:21:17.880566+00:00
RAGU MUSHROOM AND GREEN PEPPER SAUCE,80,334.72,2,14,10,2,2,0.47,Sauce,Paste,UNRESOLVED,UNRESOLVED,Unknown,unresolved,0,0,0,TRUE,2026-04-07T09:21:17.880566+00:00
RAGU MUSHROOM PASTA SAUCE,70,292,2,11,7,2,2,0.46,Sauce,Paste,UNRESOLVED,UNRESOLVED,Unknown,unresolved,0,0,0,TRUE,2026-04-07T09:21:17.880566+00:00
RAGU OLD WORLD STYLE MARINARA SAUCE,,,,,,,,,Sauce,Paste,UNRESOLVED,UNRESOLVED,Unknown,unresolved,0,0,0,TRUE,2026-04-07T09:21:17.880566+00:00
RAGU OLD WORLD STYLE MEAT SAUCE,90,376.56,2,12,7,4,2,0.48,Sauce,Paste,UNRESOLVED,UNRESOLVED,Unknown,unresolved,0,0,0,TRUE,2026-04-07T09:21:17.880566+00:00
RAGU OLD WORLD STYLE MUSHROOM SAUCE,,,,,,,,,,,UNRESOLVED,UNRESOLVED,Unknown,unresolved,0,0,0,TRUE,2026-04-07T09:21:17.880566+00:00
RAHA COCOA POWDER,,,,,,,,,Drink Powder,Powder,COCOA,COCOA - UNSWEETENED WITHOUT MILK,Ultra-processed foods,simulated_lookup_fuzzy,0.788,0.758,0.778,TRUE,2026-04-07T09:21:17.880566+00:00
RAHA DRINKING CHOCOLATE POWDER,72,301.248,1,16,,,,,Chocolate Powder,Powder,COCOA,COCOA - SWEETENED WITHOUT MILK,Ultra-processed foods,simulated_lookup_fuzzy,0.868,0.838,0.858,FALSE,2026-04-07T09:21:17.880566+00:00
RAKUSEN'S GLUTEN FREE CRACKER,,,,,,,,,,,UNRESOLVED,UNRESOLVED,Unknown,unresolved,0,0,0,TRUE,2026-04-07T09:21:17.880566+00:00
RAKUSEN'S VEGAN WATER BISCUIT,,,,,,,,,,,UNRESOLVED,UNRESOLVED,Unknown,unresolved,0,0,0,TRUE,2026-04-07T09:21:17.880566+00:00
RANEE CHEF39S SPECIAL PARBOILED BASMATI RICE,357,1493,8.6,79,,0.9,1.8,0.0041,Rice,Solid,UNRESOLVED,UNRESOLVED,Unknown,unresolved,0,0,0,TRUE,2026-04-07T09:21:17.880566+00:00
RANEE CLASSIC BASMATI RICE,77,,344,100,1.4,0.0001,,,Food,,CEREAL GRAINS,WHITE RICE,Unprocessed/Minimally processed foods,simulated_lookup_exact,0.99,0.99,0.99,FALSE,2026-04-07T09:21:17.880566+00:00
RANEE EVERYDAY LONG GRAIN RICE,130,543,2.7,28,0.1,0.3,0.4,0.001,Rice,Solid,CEREAL GRAINS,WHITE RICE,Unprocessed/Minimally processed foods,simulated_lookup_exact,0.99,0.99,0.99,FALSE,2026-04-07T09:21:17.880566+00:00
RANEE LONG GRAIN BIRYANI RICE,350,1464,8.8,78,,0.47,1.6,0.0017,Rice,Solid,UNRESOLVED,UNRESOLVED,Unknown,unresolved,0,0,0,TRUE,2026-04-07T09:21:17.880566+00:00
RANEE PREMIUM BASMATI RICE,78,,350,100,1.6,0.0017,,,Food,,CEREAL GRAINS,WHITE RICE,Unprocessed/Minimally processed foods,simulated_lookup_fuzzy,0.769,0.739,0.759,TRUE,2026-04-07T09:21:17.880566+00:00
RANEE PREMIUM SPAGHETTI PASTA,345,1443.48,11,73,0,0,0,,Pasta,Solid,PASTAS,PASTA - SPAGHETTI,Unprocessed/Minimally processed foods,simulated_lookup_fuzzy,0.885,0.855,0.875,FALSE,2026-04-07T09:21:17.880566+00:00
RANEE SPAGHETTI STANDARD,351,1468.58,14,69,3.4,1.5,2.9,,Spaghetti,Solid,UNRESOLVED,UNRESOLVED,Unknown,unresolved,0,0,0,TRUE,2026-04-07T09:21:17.880566+00:00
RANI JUICE PEACH,,,,,,,,,,,UNRESOLVED,UNRESOLVED,Unknown,unresolved,0,0,0,TRUE,2026-04-07T09:21:17.880566+00:00
RANI JUICE STRAWBERRY,60,251.04,,15.1,11.4,,,,Drink,Liquid,UNRESOLVED,UNRESOLVED,Unknown,unresolved,0,0,0,TRUE,2026-04-07T09:21:17.880566+00:00
RAPRA'S CHOCOLATE DRINKING POWDER,373,1560.63,9,51,,10,,,Drinking Powder,Powder,UNRESOLVED,UNRESOLVED,Unknown,unresolved,0,0,0,TRUE,2026-04-07T09:21:17.880566+00:00
RAPRA'S DRINKING CHOCOLATE,373,1560.63,9,51,0,10,,,Drinking,Powder,COCOA,COCOA - SWEETENED WITHOUT MILK,Ultra-processed foods,simulated_lookup_fuzzy,0.898,0.868,0.888,FALSE,2026-04-07T09:21:17.880566+00:00
RAPRAS INSTANT ENERGY PLUS PURE GLUCOSE TABLETS,219,916.296,,55,55,,,,Glucose Tablets,Solid,UNRESOLVED,UNRESOLVED,Unknown,unresolved,0,0,0,TRUE,2026-04-07T09:21:17.880566+00:00
REAKTOR SIMBA ENERGY DRINK,,,,,,,,,Energy Drink,Liquid,ENERGY DRINKS,ENERGY DRINKS,Ultra-processed foods,simulated_lookup_fuzzy,0.809,0.779,0.799,TRUE,2026-04-07T09:21:17.880566+00:00
REAL AROMATIC PISHORI BASMATI RICE,670,2803.28,14,150,0,3,0,0,Basmati Rice,,UNRESOLVED,UNRESOLVED,Unknown,unresolved,0,0,0,TRUE,2026-04-07T09:21:17.880566+00:00
REAL HONEY,309,1292.86,1.49,75,,,0.13,0.074,Honey,Liquid,HONEY,HONEY,Processed Culinary Ingredients,simulated_lookup_fuzzy,0.741,0.711,0.731,TRUE,2026-04-07T09:21:17.880566+00:00
REAL HONEY SQUEEZ,,,,,,,,,,,HONEY,HONEY,Processed Culinary Ingredients,simulated_lookup_fuzzy,0.744,0.714,0.734,TRUE,2026-04-07T09:21:17.880566+00:00
REAL THAI RED CURRY PASTE,15,62.76,1,2,1,0.5,1,0.69,Red Curry Paste,Paste,UNRESOLVED,UNRESOLVED,Unknown,unresolved,0,0,0,TRUE,2026-04-07T09:21:17.880566+00:00
REAL THAI RICE STICK,363.636,1520,7.27273,81.8182,0,0,0,0.0181818,Rice Stick,Solid,UNRESOLVED,UNRESOLVED,Unknown,unresolved,0,0,0,TRUE,2026-04-07T09:21:17.880566+00:00
REAL THAI RICE STICK NOODLES,,,,,,,,,Noodles,Solid,UNRESOLVED,UNRESOLVED,Unknown,unresolved,0,0,0,TRUE,2026-04-07T09:21:17.880566+00:00
REAL THAI SESAME HOT SAUCE,,,,,,,,,,,UNRESOLVED,UNRESOLVED,Unknown,unresolved,0,0,0,TRUE,2026-04-07T09:21:17.880566+00:00
REAL THAI SPRING ROLLS SAUCE,,,,,,,,,Spring Rolls Sauce,Paste,UNRESOLVED,UNRESOLVED,Unknown,unresolved,0,0,0,TRUE,2026-04-07T09:21:17.880566+00:00
REAL THAI SWEET CHILLI,,,,,,,,,,,UNRESOLVED,UNRESOLVED,Unknown,unresolved,0,0,0,TRUE,2026-04-07T09:21:17.880566+00:00
RED BULL ENERGY DRINK,,,,,,,,,Energy Drink,Liquid,ENERGY DRINKS,ENERGY DRINKS,Ultra-processed foods,simulated_lookup_fuzzy,0.8,0.77,0.79,TRUE,2026-04-07T09:21:17.880566+00:00
RED BULL ENERGY DRINK PIECES,,,,,,,,,Energy Drink,Liquid,UNRESOLVED,UNRESOLVED,Unknown,unresolved,0,0,0,TRUE,2026-04-07T09:21:17.880566+00:00
REDBULL ENERGY ORIGINAL DUO,,,,,,,,,,,UNRESOLVED,UNRESOLVED,Unknown,unresolved,0,0,0,TRUE,2026-04-07T09:21:17.880566+00:00
REDBULL ENERGY SUGAR FREE,,,,,,,,,,,UNRESOLVED,UNRESOLVED,Unknown,unresolved,0,0,0,TRUE,2026-04-07T09:21:17.880566+00:00
REDBULL ENERGY SUGAR FREE DUO,,,,,,,,,,,UNRESOLVED,UNRESOLVED,Unknown,unresolved,0,0,0,TRUE,2026-04-07T09:21:17.880566+00:00
REESE'S 5 PEANUT BUTTER C WAFER,,,,,,,,,,,UNRESOLVED,UNRESOLVED,Unknown,unresolved,0,0,0,TRUE,2026-04-07T09:21:17.880566+00:00
REFLEXX CARAMEL FILLED WITH COCONUT ECLAIRS TOFFEE,50,210,1.2,19.5,16.4,5.5,,,Eclairs Toffee,Solid,UNRESOLVED,UNRESOLVED,Unknown,unresolved,0,0,0,TRUE,2026-04-07T09:21:17.880566+00:00
REFLEXX CARAMEL FILLED WITH COFFEE ECLAIRS TOFFEE,71,301,3.8,76,49,0.4,,,Eclairs Toffee,Solid,UNRESOLVED,UNRESOLVED,Unknown,unresolved,0,0,0,TRUE,2026-04-07T09:21:17.880566+00:00
REFLEXX CARAMEL FILLED WITH CREAMY MILK ECLAIRS TOFFEE,60,253,5,6.8,0,0.3,,,Eclairs Toffee,Solid,UNRESOLVED,UNRESOLVED,Unknown,unresolved,0,0,0,TRUE,2026-04-07T09:21:17.880566+00:00
REFLEXX ECLAIRS CARAMEL,65,280,1.2,19.5,16.4,5.5,,,Eclairs Caramel,Solid,UNRESOLVED,UNRESOLVED,Unknown,unresolved,0,0,0,TRUE,2026-04-07T09:21:17.880566+00:00
REFLEXX FRUITS CANDY,44,184.096,,13,,,,,Fruits Candy,Solid,UNRESOLVED,UNRESOLVED,Unknown,unresolved,0,0,0,TRUE,2026-04-07T09:21:17.880566+00:00
REFLEXX MENTHE FRAICHE CANDY,3,12.552,0.2,0.5,,,0.4,0.002,Candy,Solid,UNRESOLVED,UNRESOLVED,Unknown,unresolved,0,0,0,TRUE,2026-04-07T09:21:17.880566+00:00
RELOAD ISOTONIC LEMON DRINK,,,,,,,,,Drink,Liquid,UNRESOLVED,UNRESOLVED,Unknown,unresolved,0,0,0,TRUE,2026-04-07T09:21:17.880566+00:00
RELOAD LEMON ISOTONIC DRINK,,,,,,,,,Isotonic Drink,Liquid,UNRESOLVED,UNRESOLVED,Unknown,unresolved,0,0,0,TRUE,2026-04-07T09:21:17.880566+00:00
RELOAD ORANGE ISOTONIC DRINK,25,104.6,0.1,5.8,3.7,0.1,,0.012,Drink,Liquid,UNRESOLVED,UNRESOLVED,Unknown,unresolved,0,0,0,TRUE,2026-04-07T09:21:17.880566+00:00
RIBENA BLACKCURRANT JUICE,,,,,,,,,Juice,Liquid,UNRESOLVED,UNRESOLVED,Unknown,unresolved,0,0,0,TRUE,2026-04-07T09:21:17.880566+00:00
RIBENA BLACKCURRANT STRAWBERRY JUICE,4,17,,0.5,0.5,,,,Juice,Liquid,UNRESOLVED,UNRESOLVED,Unknown,unresolved,0,0,0,TRUE,2026-04-07T09:21:17.880566+00:00
RICO BBQ RING SNACK,,,,,,,,,,,UNRESOLVED,UNRESOLVED,Unknown,unresolved,0,0,0,TRUE,2026-04-07T09:21:17.880566+00:00
RICO CHEESE BALL SNACKS,,,,,,,,,,,UNRESOLVED,UNRESOLVED,Unknown,unresolved,0,0,0,TRUE,2026-04-07T09:21:17.880566+00:00
RICO MINI CHEESE RING SNACKS,,,,,,,,,,,UNRESOLVED,UNRESOLVED,Unknown,unresolved,0,0,0,TRUE,2026-04-07T09:21:17.880566+00:00
RICO REME BBQ SNACK,,,,,,,,,,,UNRESOLVED,UNRESOLVED,Unknown,unresolved,0,0,0,TRUE,2026-04-07T09:21:17.880566+00:00
RINA VEGETABLE COOKING OIL,120,502.08,,,,14,,,Cooking Oil,Liquid,UNRESOLVED,UNRESOLVED,Unknown,unresolved,0,0,0,TRUE,2026-04-07T09:21:17.880566+00:00
RINA VEGETABLE OIL,120,502.08,,,,14,,,Cooking Oil,Liquid,COOKING OIL,VEGETABLE OIL,Processed Culinary Ingredients,simulated_lookup_fuzzy,0.839,0.809,0.829,TRUE,2026-04-07T09:21:17.880566+00:00
RING POP SOUR CHERRY LOLLIPOP CANDY ASSORTED,428.571,1792.86,0,100,50,0,,0.25,Lollipop Candy,Solid,UNRESOLVED,UNRESOLVED,Unknown,unresolved,0,0,0,TRUE,2026-04-07T09:21:17.880566+00:00
RINSUN 100 SUNFLOWER OIL,899,3761.42,,,,99.9,,,Sunflower Oil,Liquid,UNRESOLVED,UNRESOLVED,Unknown,unresolved,0,0,0,TRUE,2026-04-07T09:21:17.880566+00:00
RINSUN SUNFLOWER OIL,899,3761.42,,,,99.9,,,Sunflower Oil,Liquid,UNRESOLVED,UNRESOLVED,Unknown,unresolved,0,0,0,TRUE,2026-04-07T09:21:17.880566+00:00
RISCOSSA 1B SPAGHETTI PASTA,364.706,1525.93,12.9412,74.1176,3.52941,1.17647,,0.00235294,Pasta,Solid,UNRESOLVED,UNRESOLVED,Unknown,unresolved,0,0,0,TRUE,2026-04-07T09:21:17.880566+00:00
RISCOSSA 2 SPAGHETTI PASTA,364.706,1525.93,12.9412,74.1176,3.52941,1.17647,,0.00235294,Pasta,Solid,UNRESOLVED,UNRESOLVED,Unknown,unresolved,0,0,0,TRUE,2026-04-07T09:21:17.880566+00:00
RISCOSSA 24 PENNE ZITONI PASTA,355,1485.32,12,75,,1,,,Pasta,Solid,UNRESOLVED,UNRESOLVED,Unknown,unresolved,0,0,0,TRUE,2026-04-07T09:21:17.880566+00:00
RISCOSSA 25 PENNE ZITO RIGATE PASTA,355,1485.32,12,75,,1,,,Pasta,Solid,UNRESOLVED,UNRESOLVED,Unknown,unresolved,0,0,0,TRUE,2026-04-07T09:21:17.880566+00:00
RISCOSSA CANNELLONI PASTA,,,,,,,,,,,UNRESOLVED,UNRESOLVED,Unknown,unresolved,0,0,0,TRUE,2026-04-07T09:21:17.880566+00:00
RISCOSSA CANNERONI RIGATI NO 21 PASTA,,,,,,,,,,,UNRESOLVED,UNRESOLVED,Unknown,unresolved,0,0,0,TRUE,2026-04-07T09:21:17.880566+00:00
RISCOSSA CRESTE DI GALLO NO 49 PASTA,,,,,,,,,,,UNRESOLVED,UNRESOLVED,Unknown,unresolved,0,0,0,TRUE,2026-04-07T09:21:17.880566+00:00
RISCOSSA ELICOIDALI NO 20 PASTA,,,,,,,,,,,UNRESOLVED,UNRESOLVED,Unknown,unresolved,0,0,0,TRUE,2026-04-07T09:21:17.880566+00:00
RISCOSSA PASTA 55 FAGIOLINI,,,,,,,,,,,UNRESOLVED,UNRESOLVED,Unknown,unresolved,0,0,0,TRUE,2026-04-07T09:21:17.880566+00:00
RITTER SPORT BUTTER BISCUIT CHOCOLATE,544,2269,6.2,57,50,32,,,Biscuit,Solid,UNRESOLVED,UNRESOLVED,Unknown,unresolved,0,0,0,TRUE,2026-04-07T09:21:17.880566+00:00
RITTER SPORT DARK WHOLE ALMONDS,560,2329,9.5,37,15,39,,,Dark Chocolate,Solid,UNRESOLVED,UNRESOLVED,Unknown,unresolved,0,0,0,TRUE,2026-04-07T09:21:17.880566+00:00
RITTER SPORT FINE MILK CHOCOLATE,565,2363.96,6.5,52,52,36,,,Milk Chocolate,Solid,UNRESOLVED,UNRESOLVED,Unknown,unresolved,0,0,0,TRUE,2026-04-07T09:21:17.880566+00:00
RITTER SPORT MARZIPAN CHOCOLATE,473.684,1981.58,5.26316,52.6316,47.3684,26.3158,5.26316,0,Chocolate,Solid,UNRESOLVED,UNRESOLVED,Unknown,unresolved,0,0,0,TRUE,2026-04-07T09:21:17.880566+00:00
RITTER SPORT PRALINE CHOCOLATE,558,2334.67,7.4,53,51,35,,0.13,Chocolate,Solid,UNRESOLVED,UNRESOLVED,Unknown,unresolved,0,0,0,TRUE,2026-04-07T09:21:17.880566+00:00
RITTER SPORT RAISIN & HAZELNUT CHOCOLATE,,,,,,,,,,,UNRESOLVED,UNRESOLVED,Unknown,unresolved,0,0,0,TRUE,2026-04-07T09:21:17.880566+00:00
RITTER SPORT WHITE CHOCOLATE HAZELNUT,,,,,,,,,,,UNRESOLVED,UNRESOLVED,Unknown,unresolved,0,0,0,TRUE,2026-04-07T09:21:17.880566+00:00
RITZ CHEESE SANDWICH CRACKERS,507,2121,6.9,56.3,15.3,28.3,0,,Crackers,Solid,UNRESOLVED,UNRESOLVED,Unknown,unresolved,0,0,0,TRUE,2026-04-07T09:21:17.880566+00:00
ROBERTSON'S PORTUGUESE CHICKEN SPICES,185,774.04,10,32.5,5.4,4.8,7,,Chicken Spice,Powder,UNRESOLVED,UNRESOLVED,Unknown,unresolved,0,0,0,TRUE,2026-04-07T09:21:17.880566+00:00
ROBERTSON'S RICE SPICES,,,,,,,,,Rice Spices,Powder,UNRESOLVED,UNRESOLVED,Unknown,unresolved,0,0,0,TRUE,2026-04-07T09:21:17.880566+00:00
ROBERTSON'S SALT AND VINEGAR,205,857,0,30,21,1,0,1.866,Salt And Vinegar,Powder,UNRESOLVED,UNRESOLVED,Unknown,unresolved,0,0,0,TRUE,2026-04-07T09:21:17.880566+00:00
ROBERTSONS FISH SPICES,198,828.432,9,39.5,1.3,2.1,3.7,,Fish Spices,Powder,UNRESOLVED,UNRESOLVED,Unknown,unresolved,0,0,0,TRUE,2026-04-07T09:21:17.880566+00:00
ROBERTSONS GOLDEN MARMALADE,,,,,,,,,,,UNRESOLVED,UNRESOLVED,Unknown,unresolved,0,0,0,TRUE,2026-04-07T09:21:17.880566+00:00
ROBERTSONS GROUND GINGER POWDER,,,,,,,,,Ginger Powder,Powder,UNRESOLVED,UNRESOLVED,Unknown,unresolved,0,0,0,TRUE,2026-04-07T09:21:17.880566+00:00
ROBERTSONS TURMERIC,312,1305.41,9.7,67,3.2,3.3,23,0.027,Turmeric Powder,Powder,UNRESOLVED,UNRESOLVED,Unknown,unresolved,0,0,0,TRUE,2026-04-07T09:21:17.880566+00:00
ROBERTSONS VEGGIE SEASONING,300,1255.2,20,60,0,0,20,0.4,Veggie Seasoning,Powder,UNRESOLVED,UNRESOLVED,Unknown,unresolved,0,0,0,TRUE,2026-04-07T09:21:17.880566+00:00
ROLAND CHILI GARLIC SAUCE,,,,,,,,,,,TABLE SAUCES,CHILLI/HOT SAUCE,Ultra-processed foods,simulated_lookup_fuzzy,0.732,0.702,0.722,TRUE,2026-04-07T09:21:17.880566+00:00
ROLAND DIJON MUSTARD PROVENCAL HERBS,,,,,,,,,,,UNRESOLVED,UNRESOLVED,Unknown,unresolved,0,0,0,TRUE,2026-04-07T09:21:17.880566+00:00
ROLAND HEARTS OF PALM,,,,,,,,,,,UNRESOLVED,UNRESOLVED,Unknown,unresolved,0,0,0,TRUE,2026-04-07T09:21:17.880566+00:00
ROLAND HOT CHILI OIL IN JARS,,,,,,,,,,,UNRESOLVED,UNRESOLVED,Unknown,unresolved,0,0,0,TRUE,2026-04-07T09:21:17.880566+00:00
ROLAND HOT CHILI SAUCE,,,,,,,,,,,TABLE SAUCES,CHILLI/HOT SAUCE,Ultra-processed foods,simulated_lookup_fuzzy,0.737,0.707,0.727,TRUE,2026-04-07T09:21:17.880566+00:00
ROLAND MANGO CHILI SAUCE,,,,,,,,,,,UNRESOLVED,UNRESOLVED,Unknown,unresolved,0,0,0,TRUE,2026-04-07T09:21:17.880566+00:00
ROLAND PREMIUM ENGLISH MINT JELLY,,,,,,,,,,,UNRESOLVED,UNRESOLVED,Unknown,unresolved,0,0,0,TRUE,2026-04-07T09:21:17.880566+00:00
ROLAND RED ANDEAN QUINOA-PRE-WASHED,,,,,,,,,,,UNRESOLVED,UNRESOLVED,Unknown,unresolved,0,0,0,TRUE,2026-04-07T09:21:17.880566+00:00
ROLAND SUNDRIED TOMATOES AND OLIVE OIL,,,,,,,,,,,UNRESOLVED,UNRESOLVED,Unknown,unresolved,0,0,0,TRUE,2026-04-07T09:21:17.880566+00:00
ROLAND THAI SWEET CHILI SAUCE,,,,,,,,,,,UNRESOLVED,UNRESOLVED,Unknown,unresolved,0,0,0,TRUE,2026-04-07T09:21:17.880566+00:00
ROLAND WHITE CRAB MEAT,,,,,,,,,,,UNRESOLVED,UNRESOLVED,Unknown,unresolved,0,0,0,TRUE,2026-04-07T09:21:17.880566+00:00
ROLLANA CHOCOLATE,,,,,,,,,,,UNRESOLVED,UNRESOLVED,Unknown,unresolved,0,0,0,TRUE,2026-04-07T09:21:17.880566+00:00
ROLO LITTLE BAG,495,2083,3.9,66.1,60.1,23.7,1,,Chocolate,Solid,UNRESOLVED,UNRESOLVED,Unknown,unresolved,0,0,0,TRUE,2026-04-07T09:21:17.880566+00:00
ROSE BONKERS BANANA SPRAY CANDY,,,,,,,,,Spray Candy,Liquid,UNRESOLVED,UNRESOLVED,Unknown,unresolved,0,0,0,TRUE,2026-04-07T09:21:17.880566+00:00
ROSE CANDY CRUSHER,,,,,,,,,,,UNRESOLVED,UNRESOLVED,Unknown,unresolved,0,0,0,TRUE,2026-04-07T09:21:17.880566+00:00
ROSE CANDY TOILET CHOCOLATE,343,1435,,84.5,68.4,1,,,Toilet Candy,Solid,UNRESOLVED,UNRESOLVED,Unknown,unresolved,0,0,0,TRUE,2026-04-07T09:21:17.880566+00:00
ROSE ICE CREAM TWIST AND DIP LOLLIPOP,392,1666,0,98,88,0,,,Lollipop,Solid,UNRESOLVED,UNRESOLVED,Unknown,unresolved,0,0,0,TRUE,2026-04-07T09:21:17.880566+00:00
ROSE NUTCRACKER CLASSIC CANDY CANES,395,1650,0,93,93,0,,,Candy Canes,Solid,UNRESOLVED,UNRESOLVED,Unknown,unresolved,0,0,0,TRUE,2026-04-07T09:21:17.880566+00:00
ROSE SWEET AND SOUR DOUBLE SPRAY FRUIT CANDY SPRAY,131,564,0,31,31,0,,,Candy Spray,Liquid,UNRESOLVED,UNRESOLVED,Unknown,unresolved,0,0,0,TRUE,2026-04-07T09:21:17.880566+00:00
ROSES LEMON AND LIME FINE CUT MARMALADE JAM,265,1124,0.1,1,53.8,0,,,Jam,Paste,UNRESOLVED,UNRESOLVED,Unknown,unresolved,0,0,0,TRUE,2026-04-07T09:21:17.880566+00:00
ROSES MARMALADE LIME FINE CUT,,,,,,,,,,,UNRESOLVED,UNRESOLVED,Unknown,unresolved,0,0,0,TRUE,2026-04-07T09:21:17.880566+00:00
ROSES MARMALADE ORANGE FINE CUT,,,,,,,,,,,UNRESOLVED,UNRESOLVED,Unknown,unresolved,0,0,0,TRUE,2026-04-07T09:21:17.880566+00:00
ROWNTREES FRUIT GUMS,,,,,,,,,,,UNRESOLVED,UNRESOLVED,Unknown,unresolved,0,0,0,TRUE,2026-04-07T09:21:17.880566+00:00
ROWNTREES FRUIT PASTILE,355,1508,0.1,88.6,61.4,0.1,0,,Fruit Pastilles,Solid,UNRESOLVED,UNRESOLVED,Unknown,unresolved,0,0,0,TRUE,2026-04-07T09:21:17.880566+00:00
ROWNTREES FRUIT PASTILE STRAWBERY + BLACKCURRENT,,,,,,,,,,,UNRESOLVED,UNRESOLVED,Unknown,unresolved,0,0,0,TRUE,2026-04-07T09:21:17.880566+00:00
ROWNTREES FRUIT PASTILES VANILLA MP,,,,,,,,,,,UNRESOLVED,UNRESOLVED,Unknown,unresolved,0,0,0,TRUE,2026-04-07T09:21:17.880566+00:00
ROWNTREES FRUIT PASTILLE VN,,,,,,,,,,,UNRESOLVED,UNRESOLVED,Unknown,unresolved,0,0,0,TRUE,2026-04-07T09:21:17.880566+00:00
ROWNTREES JELLY TOTS TROPICAL,,,,,,,,,,,UNRESOLVED,UNRESOLVED,Unknown,unresolved,0,0,0,TRUE,2026-04-07T09:21:17.880566+00:00
ROYAL CLUB TONIC WATER,36,149,,8.6,8.6,,,,Tonic Water,Liquid,UNRESOLVED,UNRESOLVED,Unknown,unresolved,0,0,0,TRUE,2026-04-07T09:21:17.880566+00:00
ROYAL MACARONI PENNE RIGATE PASTA,45,188.28,1,10,16,,1,0.01,Pasta,Solid,UNRESOLVED,UNRESOLVED,Unknown,unresolved,0,0,0,TRUE,2026-04-07T09:21:17.880566+00:00
ROYAL MACARONI SHELL PASTA,45,188.28,1,10,16,,1,0.01,Pasta,Solid,UNRESOLVED,UNRESOLVED,Unknown,unresolved,0,0,0,TRUE,2026-04-07T09:21:17.880566+00:00
ROYAL PASTA RIGATONI,,,,,,,,,,,UNRESOLVED,UNRESOLVED,Unknown,unresolved,0,0,0,TRUE,2026-04-07T09:21:17.880566+00:00
ROYAL PREMIUM QUALITY MACARONI FUSSILLI,360,1506.24,12.5,75,,1.1,,,Fussilli,Solid,UNRESOLVED,UNRESOLVED,Unknown,unresolved,0,0,0,TRUE,2026-04-07T09:21:17.880566+00:00
ROYAL SPAGHETTI,160,669,36,2,5,,2,0.015,Spaghetti,Solid,PASTAS,PASTA - SPAGHETTI,Unprocessed/Minimally processed foods,simulated_lookup_fuzzy,0.759,0.729,0.749,TRUE,2026-04-07T09:21:17.880566+00:00
ROYAL UMBRELLA OYSTER SAUCE,27.2,,122,100,,,,,Food,,UNRESOLVED,UNRESOLVED,Unknown,unresolved,0,0,0,TRUE,2026-04-07T09:21:17.880566+00:00
ROYAL UMBRELLA THAI JASMINE RICE,350,1488,6.7,79,,0.7,1,0.0002,Rice,Solid,UNRESOLVED,UNRESOLVED,Unknown,unresolved,0,0,0,TRUE,2026-04-07T09:21:17.880566+00:00
ROYALE G PREMIUM DARK SOYA SA,,,,,,,,,,,UNRESOLVED,UNRESOLVED,Unknown,unresolved,0,0,0,TRUE,2026-04-07T09:21:17.880566+00:00
ROYALE GARDEN MAYONNAISE,,,,,,,,,Mayonnaise,Paste,TABLE SAUCES,MAYONNAISE,Ultra-processed foods,simulated_lookup_exact,0.99,0.99,0.99,FALSE,2026-04-07T09:21:17.880566+00:00
ROYALE GARDEN PREMIUM LIGHT SOY SAUCE,,,,,,,,,Soy Sauce,Liquid,UNRESOLVED,UNRESOLVED,Unknown,unresolved,0,0,0,TRUE,2026-04-07T09:21:17.880566+00:00
ROYALE GARDEN SUPERIOR DARK SOYA SAUCE,120,502.08,,25,,,,,Sauce,Paste,COOKING SAUCES,SOY SAUCE,Ultra-processed foods,simulated_lookup_fuzzy,0.769,0.739,0.759,TRUE,2026-04-07T09:21:17.880566+00:00
ROYALE GARDEN TOMATO PASTE,,,,,,,,,Tahini Paste,Paste,TABLE SAUCES,MAYONNAISE,Ultra-processed foods,simulated_lookup_fuzzy,0.8,0.77,0.79,TRUE,2026-04-07T09:21:17.880566+00:00
ROYALE WHOLE MUSHROOM,19,79,2,,,,2,0.28,Whole Mushroom,Solid,UNRESOLVED,UNRESOLVED,Unknown,unresolved,0,0,0,TRUE,2026-04-07T09:21:17.880566+00:00
ROYCO BEEF KORA MCHUZI MIX,,,,,,,,,Mchuzi Mix,Powder,UNRESOLVED,UNRESOLVED,Unknown,unresolved,0,0,0,TRUE,2026-04-07T09:21:17.880566+00:00
ROYCO BLACKPEPPER GROUND SPICE,,,,,,,,,,,HERBS AND SPICES,SPICES - BLACK PEPPER,Unprocessed/Minimally processed foods,simulated_lookup_fuzzy,0.737,0.707,0.727,TRUE,2026-04-07T09:21:17.880566+00:00
ROYCO CINNAMON GROUND SPICE,,,,,,,,,,,HERBS AND SPICES,SPICES - CINNAMON,Unprocessed/Minimally processed foods,simulated_lookup_fuzzy,0.72,0.69,0.71,TRUE,2026-04-07T09:21:17.880566+00:00
ROYCO CURRY POWDER,,,,,,,,,,,HERBS AND SPICES,SPICES - CURRY POWDER,Unprocessed/Minimally processed foods,simulated_lookup_fuzzy,0.757,0.727,0.747,TRUE,2026-04-07T09:21:17.880566+00:00
ROYCO FORTIFIED BEEF CUBES FOR NUTRITIOUS MEALS FULL OF FLAVOUR X,,,,,,,,,,,UNRESOLVED,UNRESOLVED,Unknown,unresolved,0,0,0,TRUE,2026-04-07T09:21:17.880566+00:00
ROYCO FORTIFIED CHICKEN CUBES FOR NUTRITIOUS MEALS FULL OF FLAVOUR X,116,485,5,17.8,18.2,3,0.8,,Chicken Cubes,Solid,UNRESOLVED,UNRESOLVED,Unknown,unresolved,0,0,0,TRUE,2026-04-07T09:21:17.880566+00:00
ROYCO GARLIC GROUND SPICE,,,,,,,,,,,UNRESOLVED,UNRESOLVED,Unknown,unresolved,0,0,0,TRUE,2026-04-07T09:21:17.880566+00:00
ROYCO GINGER GROUND SPICE,,,,,,,,,,,UNRESOLVED,UNRESOLVED,Unknown,unresolved,0,0,0,TRUE,2026-04-07T09:21:17.880566+00:00
ROYCO MCHUZI MIX BEEF FOR THICKER RICHER STEWS SEASONING POWDER,,,,,,,,,Mchuzi Mix,Powder,UNRESOLVED,UNRESOLVED,Unknown,unresolved,0,0,0,TRUE,2026-04-07T09:21:17.880566+00:00
ROYCO MCHUZI MIX BEEF FOR THICKER RICHER STEWS SEASONING POWDER ​,,,,,,,,,Mchuzi Mix,Powder,UNRESOLVED,UNRESOLVED,Unknown,unresolved,0,0,0,TRUE,2026-04-07T09:21:17.880566+00:00
ROYCO MCHUZI MIX BEEF SEASONING POWDER FOR THICKER RICHER STEWS,,,,,,,,,Mchuzi Mix,Powder,UNRESOLVED,UNRESOLVED,Unknown,unresolved,0,0,0,TRUE,2026-04-07T09:21:17.880566+00:00
ROYCO MCHUZI MIX CHICKEN FOR THICKER RICHER STEWS SEASONING POWDER,255,1066.92,1,62,16,1,,,Mchuzi Mix,Powder,UNRESOLVED,UNRESOLVED,Unknown,unresolved,0,0,0,TRUE,2026-04-07T09:21:17.880566+00:00
ROYCO MCHUZI MIX TOMATO GINGER & GARLIC FOR THICKER RICHER STEWS SEASONING POWDER ​,139,583,1.2,19.5,16.4,5.5,,,Mchuzi Mix,Powder,UNRESOLVED,UNRESOLVED,Unknown,unresolved,0,0,0,TRUE,2026-04-07T09:21:17.880566+00:00
ROYCO NYAMA CHOMA SPICE,,,,,,,,,,,UNRESOLVED,UNRESOLVED,Unknown,unresolved,0,0,0,TRUE,2026-04-07T09:21:17.880566+00:00
ROYCO PAPRIKA GROUND SPICE,,,,,,,,,,,UNRESOLVED,UNRESOLVED,Unknown,unresolved,0,0,0,TRUE,2026-04-07T09:21:17.880566+00:00
ROYCO PILAU MASALA SPICE,,,,,,,,,,,UNRESOLVED,UNRESOLVED,Unknown,unresolved,0,0,0,TRUE,2026-04-07T09:21:17.880566+00:00
ROYCO TURMERIC GROUND SPICE,,,,,,,,,,,UNRESOLVED,UNRESOLVED,Unknown,unresolved,0,0,0,TRUE,2026-04-07T09:21:17.880566+00:00
ROYCO WET & DRY FRY SPICE,,,,,,,,,,,UNRESOLVED,UNRESOLVED,Unknown,unresolved,0,0,0,TRUE,2026-04-07T09:21:17.880566+00:00
RUFUS TEAGUE BLAZIN HOT,,,,,,,,,,,UNRESOLVED,UNRESOLVED,Unknown,unresolved,0,0,0,TRUE,2026-04-07T09:21:17.880566+00:00
RUFUS TEAGUE CHICKEN AND RUB,,,,,,,,,,,UNRESOLVED,UNRESOLVED,Unknown,unresolved,0,0,0,TRUE,2026-04-07T09:21:17.880566+00:00
RUFUS TEAGUE FISH RUB,,,,,,,,,,,UNRESOLVED,UNRESOLVED,Unknown,unresolved,0,0,0,TRUE,2026-04-07T09:21:17.880566+00:00
RUFUS TEAGUE HONEY SWEET BBQ SAUCE,,,,,,,,,,,UNRESOLVED,UNRESOLVED,Unknown,unresolved,0,0,0,TRUE,2026-04-07T09:21:17.880566+00:00
RUFUS TEAGUE MEAT RUB,,,,,,,,,,,UNRESOLVED,UNRESOLVED,Unknown,unresolved,0,0,0,TRUE,2026-04-07T09:21:17.880566+00:00
RUFUS TEAGUE SMOKY APPLE,,,,,,,,,,,UNRESOLVED,UNRESOLVED,Unknown,unresolved,0,0,0,TRUE,2026-04-07T09:21:17.880566+00:00
RUFUS TEAGUE SPICY MEAT RUB,,,,,,,,,,,UNRESOLVED,UNRESOLVED,Unknown,unresolved,0,0,0,TRUE,2026-04-07T09:21:17.880566+00:00
RUFUS TEAGUE SPICY STEAK SAUCE,,,,,,,,,,,UNRESOLVED,UNRESOLVED,Unknown,unresolved,0,0,0,TRUE,2026-04-07T09:21:17.880566+00:00
RUFUS TEAGUE STEAK RUB,,,,,,,,,,,UNRESOLVED,UNRESOLVED,Unknown,unresolved,0,0,0,TRUE,2026-04-07T09:21:17.880566+00:00
RUFUS TEAGUE STEAK SAUCE,,,,,,,,,,,UNRESOLVED,UNRESOLVED,Unknown,unresolved,0,0,0,TRUE,2026-04-07T09:21:17.880566+00:00
RUFUS TEAGUE SUGAR-FREE CHIPOTLE,,,,,,,,,,,UNRESOLVED,UNRESOLVED,Unknown,unresolved,0,0,0,TRUE,2026-04-07T09:21:17.880566+00:00
RUFUS TEAGUE SUGAR-FREE SLIM SWEET,,,,,,,,,,,UNRESOLVED,UNRESOLVED,Unknown,unresolved,0,0,0,TRUE,2026-04-07T09:21:17.880566+00:00
S&S PREMIUM BASMATI RICE,350,1464,8.8,78,,,1.6,0.0017,Rice,Solid,UNRESOLVED,UNRESOLVED,Unknown,unresolved,0,0,0,TRUE,2026-04-07T09:21:17.880566+00:00
SACLA CLASSIC BASIL PESTO,,,,,,,,,,,UNRESOLVED,UNRESOLVED,Unknown,unresolved,0,0,0,TRUE,2026-04-07T09:21:17.880566+00:00
SACLA INTENSO TOMATO AND CHILLI SAUCE,254,1047,2.4,8.1,8,22.7,3.6,,Sauce,Paste,UNRESOLVED,UNRESOLVED,Unknown,unresolved,0,0,0,TRUE,2026-04-07T09:21:17.880566+00:00
SACLA INTENSO TOMATO AND GARLIC PASTA SAUCE,7.5,6,189,100,3.6,,,,Food,"Tomato, Garlic",UNRESOLVED,UNRESOLVED,Unknown,unresolved,0,0,0,TRUE,2026-04-07T09:21:17.880566+00:00
SACLA INTENSO TOMATO AND OLIVE PASTA SAUCE,192,789,1.5,2.9,2.7,18.7,,,Pasta Sauce,Paste,UNRESOLVED,UNRESOLVED,Unknown,unresolved,0,0,0,TRUE,2026-04-07T09:21:17.880566+00:00
SACLA ITALIA SUN-DRIED TOMATO PESTO,,,,,,,,,,,UNRESOLVED,UNRESOLVED,Unknown,unresolved,0,0,0,TRUE,2026-04-07T09:21:17.880566+00:00
SACLA OVEN ROASTED TOMATO SAUCE,188,779,3.2,7.6,4.7,16,0.4,0,Tomato Sauce,Paste,TABLE SAUCES,TOMATO SAUCE,Ultra-processed foods,simulated_lookup_fuzzy,0.784,0.754,0.774,TRUE,2026-04-07T09:21:17.880566+00:00
SACLA VEGAN BASIL PESTO SAUCE,384,1585,2.5,9.4,1.2,37,1.7,,Sauce,Paste,UNRESOLVED,UNRESOLVED,Unknown,unresolved,0,0,0,TRUE,2026-04-07T09:21:17.880566+00:00
SACLA WILD ROCKET PESTO,,,,,,,,,,,UNRESOLVED,UNRESOLVED,Unknown,unresolved,0,0,0,TRUE,2026-04-07T09:21:17.880566+00:00
SAF INSTANT 2 IN 1 PLUS BREAD IMPROVER,360,1506.2,0,50,20,10,0,0.02,Bread Improver,Powder,UNRESOLVED,UNRESOLVED,Unknown,unresolved,0,0,0,TRUE,2026-04-07T09:21:17.880566+00:00
SAF THE ORIGINAL ACTIVE DRY INSTANT YEAST,,3500,500,500,,100,,,Yeast,Powder,UNRESOLVED,UNRESOLVED,Unknown,unresolved,0,0,0,TRUE,2026-04-07T09:21:17.880566+00:00
SAFARI LOUNGE ESPRESSO BLEND DARK ROAST COFFEE,79,330,3,14,,2,,,Coffee,Powder,UNRESOLVED,UNRESOLVED,Unknown,unresolved,0,0,0,TRUE,2026-04-07T09:21:17.880566+00:00
SAFARI LOUNGE GORILLA CONSERVATION KANYONYI BLEND MEDIUM ROAST COFFEE,1,4.184,,1,,,,,Coffee,Powder,UNRESOLVED,UNRESOLVED,Unknown,unresolved,0,0,0,TRUE,2026-04-07T09:21:17.880566+00:00
SAFARI LOUNGE GOURMET COFFEE GROUND,400,1673.6,13,68,0,10,0,0,Coffee Beans,Solid,UNRESOLVED,UNRESOLVED,Unknown,unresolved,0,0,0,TRUE,2026-04-07T09:21:17.880566+00:00
SAFARI LOUNGE TANZANIAN ESPRESSO COFFEE CAPSULES 10 PIECES,2.4,10.0416,0.3,0,0,0.1,0,0.0047,Coffee Capsules,Solid,UNRESOLVED,UNRESOLVED,Unknown,unresolved,0,0,0,TRUE,2026-04-07T09:21:17.880566+00:00
SAFARI LOUNGE UGANDAN ESPRESSO COFFEE CAPSULES 10 PIECES,2.4,10.0416,0.3,0,0,0.1,0,0.0047,Coffee Capsules,Solid,UNRESOLVED,UNRESOLVED,Unknown,unresolved,0,0,0,TRUE,2026-04-07T09:21:17.880566+00:00
SAFIR PIZZA SAUCE,,,,,,,,,,,UNRESOLVED,UNRESOLVED,Unknown,unresolved,0,0,0,TRUE,2026-04-07T09:21:17.880566+00:00
SALAMA WHITE OATS,,,,,,,,,,,UNRESOLVED,UNRESOLVED,Unknown,unresolved,0,0,0,TRUE,2026-04-07T09:21:17.880566+00:00
SAMWA ARROW ROOT FLOUR,65,260,4.5,13.3,0,0.2,0,0.2,Arrow Root Flour,Powder,UNRESOLVED,UNRESOLVED,Unknown,unresolved,0,0,0,TRUE,2026-04-07T09:21:17.880566+00:00
SAMWA CASSAVA FLOUR,349,1425,3,82.3,0,0.3,1.9,0.4,Cassava Flour,Powder,UNRESOLVED,UNRESOLVED,Unknown,unresolved,0,0,0,TRUE,2026-04-07T09:21:17.880566+00:00
SAMWA GREEN BANANA FLOUR,346,1400,3.9,88.3,0,1.8,9.9,0,Green Banana Flour,Powder,UNRESOLVED,UNRESOLVED,Unknown,unresolved,0,0,0,TRUE,2026-04-07T09:21:17.880566+00:00
SAMWA HOT KETCHUP,,,,,,,,,,,UNRESOLVED,UNRESOLVED,Unknown,unresolved,0,0,0,TRUE,2026-04-07T09:21:17.880566+00:00
SAMWA HOT MANGO KETCHUP,,,,,,,,,Mango Ketchup,Paste,UNRESOLVED,UNRESOLVED,Unknown,unresolved,0,0,0,TRUE,2026-04-07T09:21:17.880566+00:00
SAMWA HOT TOMATO KETCHUP,,,,,,,,,Tomato Ketchup,Paste,TABLE SAUCES,TOMATO KETCHUP,Ultra-processed foods,simulated_lookup_fuzzy,0.727,0.697,0.717,TRUE,2026-04-07T09:21:17.880566+00:00
SAMWA MANGO KETCHUP,,,,,,,,,Mango Ketchup,Paste,UNRESOLVED,UNRESOLVED,Unknown,unresolved,0,0,0,TRUE,2026-04-07T09:21:17.880566+00:00
SAMWA NATURAL FOODS MANGO KETCHUP,102,426,1,23,22,0,0,1.8,Ketchup,Paste,UNRESOLVED,UNRESOLVED,Unknown,unresolved,0,0,0,TRUE,2026-04-07T09:21:17.880566+00:00
SAMWA NATURAL FOODS PUMPKIN FLOUR,353,1476,57,5,,8,,,Pumpkin Flour,Powder,UNRESOLVED,UNRESOLVED,Unknown,unresolved,0,0,0,TRUE,2026-04-07T09:21:17.880566+00:00
SAMWA NATURAL FOODS SPICY KETCHUP,166.667,688.889,0,44.4444,33.3333,0,,2.44444,Ketchup,Paste,UNRESOLVED,UNRESOLVED,Unknown,unresolved,0,0,0,TRUE,2026-04-07T09:21:17.880566+00:00
SAMWA NATURAL FOODS SPICY MANGO KETCHUP,15,62,0,4,0,0,0,0,Ketchup,Paste,UNRESOLVED,UNRESOLVED,Unknown,unresolved,0,0,0,TRUE,2026-04-07T09:21:17.880566+00:00
SAMWA NATURAL FOODS TOMATO KETCHUP,64,267,1,12,11,0,0,0.36,Ketchup,Paste,UNRESOLVED,UNRESOLVED,Unknown,unresolved,0,0,0,TRUE,2026-04-07T09:21:17.880566+00:00
SAMWA SPICY KETCHUP,,,,,,,,,,,UNRESOLVED,UNRESOLVED,Unknown,unresolved,0,0,0,TRUE,2026-04-07T09:21:17.880566+00:00
SAMWA SPICY MANGO KETCHUP,,,,,,,,,,,UNRESOLVED,UNRESOLVED,Unknown,unresolved,0,0,0,TRUE,2026-04-07T09:21:17.880566+00:00
SAMWA SWEET POTATO FLOUR,336,1405.82,3.4,75,3.5,1,,0.131,Sweet Potato Flour,Powder,UNRESOLVED,UNRESOLVED,Unknown,unresolved,0,0,0,TRUE,2026-04-07T09:21:17.880566+00:00
SANDEE JAPANESE SUSHI RICE,,,,,,,,,,,UNRESOLVED,UNRESOLVED,Unknown,unresolved,0,0,0,TRUE,2026-04-07T09:21:17.880566+00:00
SANDEE JASMINE RICE,,,,,,,,,,,UNRESOLVED,UNRESOLVED,Unknown,unresolved,0,0,0,TRUE,2026-04-07T09:21:17.880566+00:00
SANDEE PAD THAI RICE NOODLE,,,,,,,,,,,UNRESOLVED,UNRESOLVED,Unknown,unresolved,0,0,0,TRUE,2026-04-07T09:21:17.880566+00:00
SANDEE THAI HOMMALI RICE,,,,,,,,,,,UNRESOLVED,UNRESOLVED,Unknown,unresolved,0,0,0,TRUE,2026-04-07T09:21:17.880566+00:00
SANTA LUCIA DITALI PASTA,354,1481.14,12,74,,,,,Pasta,Solid,UNRESOLVED,UNRESOLVED,Unknown,unresolved,0,0,0,TRUE,2026-04-07T09:21:17.880566+00:00
SANTA LUCIA ELBOW PASTA,350,1464.4,12,73,,1,,,Pasta,Solid,UNRESOLVED,UNRESOLVED,Unknown,unresolved,0,0,0,TRUE,2026-04-07T09:21:17.880566+00:00
SANTA LUCIA FARFALLE PASTA,350,1464.4,12,73,,1,,,Pasta,Solid,PASTAS,OTHER PASTA SHAPES,Unprocessed/Minimally processed foods,simulated_lookup_fuzzy,0.727,0.697,0.717,TRUE,2026-04-07T09:21:17.880566+00:00
SANTA LUCIA LUMACA PASTA,350,1464.4,12,73,,1,,,Pasta,Solid,UNRESOLVED,UNRESOLVED,Unknown,unresolved,0,0,0,TRUE,2026-04-07T09:21:17.880566+00:00
SANTA LUCIA PENNE RIGATE PASTA,350,1464.4,12,73,,1,,,Pasta,Solid,PASTAS,OTHER PASTA SHAPES,Unprocessed/Minimally processed foods,simulated_lookup_fuzzy,0.762,0.732,0.752,TRUE,2026-04-07T09:21:17.880566+00:00
SANTA LUCIA SHELL PASTA,160,669.44,4,33.5,0.5,0.5,,,Pasta,Solid,UNRESOLVED,UNRESOLVED,Unknown,unresolved,0,0,0,TRUE,2026-04-07T09:21:17.880566+00:00
SANTA LUCIA SPAGHETTI PASTA,354,1481.14,11,73,3,1,2,0.001,Spaghetti,Solid,UNRESOLVED,UNRESOLVED,Unknown,unresolved,0,0,0,TRUE,2026-04-07T09:21:17.880566+00:00
SANTA LUCIA SPIRALI PASTA,350,1464.4,12,72,1,1,3,,Pasta,Solid,UNRESOLVED,UNRESOLVED,Unknown,unresolved,0,0,0,TRUE,2026-04-07T09:21:17.880566+00:00
SANTA LUCIA TORTGILLION PASTA,357,1493.69,12,75,,1,,,Pasta,Solid,UNRESOLVED,UNRESOLVED,Unknown,unresolved,0,0,0,TRUE,2026-04-07T09:21:17.880566+00:00
SANTA MARIA APPLE CIDER VINEGAR,,,,,,,,,Apple Cider Vinegar,Liquid,UNRESOLVED,UNRESOLVED,Unknown,unresolved,0,0,0,TRUE,2026-04-07T09:21:17.880566+00:00
SANTA MARIA BLUE FOOD COLOUR,,,,,,,,,Food Colour,Liquid,UNRESOLVED,UNRESOLVED,Unknown,unresolved,0,0,0,TRUE,2026-04-07T09:21:17.880566+00:00
SANTA MARIA CAVATONI PASTA,265,1108.76,11,30,,5,,,Pasta,Solid,TOMATO PASTE,TOMATO PASTE,Processed foods,simulated_lookup_fuzzy,0.8,0.77,0.79,TRUE,2026-04-07T09:21:17.880566+00:00
SANTA MARIA CHOCOLATE ESSENCE,,,,,,,,,Essence,Liquid,UNRESOLVED,UNRESOLVED,Unknown,unresolved,0,0,0,TRUE,2026-04-07T09:21:17.880566+00:00
SANTA MARIA DOUBLE CONCENTRATED TOMATO PASTE,55.8824,233.75,2.94118,9.55882,5.88235,,1.47059,,Paste,Paste,UNRESOLVED,UNRESOLVED,Unknown,unresolved,0,0,0,TRUE,2026-04-07T09:21:17.880566+00:00
SANTA MARIA EVIRGIN OLIVE OIL,900,3700,,,,100,,,Olive Oil,Liquid,UNRESOLVED,UNRESOLVED,Unknown,unresolved,0,0,0,TRUE,2026-04-07T09:21:17.880566+00:00
SANTA MARIA EXTRA VIRGIN OLIVE OIL,900,3765.6,,,,100,,,Olive Oil,Liquid,UNRESOLVED,UNRESOLVED,Unknown,unresolved,0,0,0,TRUE,2026-04-07T09:21:17.880566+00:00
SANTA MARIA FISH SAUCE,,,,,,,,,,,UNRESOLVED,UNRESOLVED,Unknown,unresolved,0,0,0,TRUE,2026-04-07T09:21:17.880566+00:00
SANTA MARIA FUSILLI PASTA,196,820.064,17,1,,13,,,Pasta,Solid,UNRESOLVED,UNRESOLVED,Unknown,unresolved,0,0,0,TRUE,2026-04-07T09:21:17.880566+00:00
SANTA MARIA GRANDI PASTA,267,1117.13,10,32,,6,,,Pasta,Solid,PASTAS,PASTA - GRANDI,Unprocessed/Minimally processed foods,simulated_lookup_fuzzy,0.857,0.827,0.847,FALSE,2026-04-07T09:21:17.880566+00:00
SANTA MARIA MAYONNAISE,453,1860,0,2.3,0,49,0,0,Mayonnaise,Paste,TOMATO PASTE,TOMATO PASTE,Processed foods,simulated_lookup_fuzzy,0.783,0.753,0.773,TRUE,2026-04-07T09:21:17.880566+00:00
SANTA MARIA MODENA BALSAMIC VINEGAR,88,368.19,0.5,17,15,,,0.023,Vinegar,Liquid,UNRESOLVED,UNRESOLVED,Unknown,unresolved,0,0,0,TRUE,2026-04-07T09:21:17.880566+00:00
SANTA MARIA ORANGE FOOD COLOUR,73,305,1.3,16.5,12,0.2,2.8,0.013,Food Colour,Liquid,UNRESOLVED,UNRESOLVED,Unknown,unresolved,0,0,0,TRUE,2026-04-07T09:21:17.880566+00:00
SANTA MARIA ORGANIC APPLE CIDER VINEGAR,9.57,40.04,0.11,2.17,,0.05,,0.017025,Vinegar,Liquid,UNRESOLVED,UNRESOLVED,Unknown,unresolved,0,0,0,TRUE,2026-04-07T09:21:17.880566+00:00
SANTA MARIA OYSTER SAUCE,77,322,2.6,15,,0.6,,,Sauce,Liquid,UNRESOLVED,UNRESOLVED,Unknown,unresolved,0,0,0,TRUE,2026-04-07T09:21:17.880566+00:00
SANTA MARIA PENNE RIGATE PASTA,363,1518.79,12,79,,,,,Pasta,Solid,PASTAS,OTHER PASTA SHAPES,Unprocessed/Minimally processed foods,simulated_lookup_fuzzy,0.73,0.7,0.72,TRUE,2026-04-07T09:21:17.880566+00:00
SANTA MARIA PIPE RIGATE PASTA,,,,,,,,,,,UNRESOLVED,UNRESOLVED,Unknown,unresolved,0,0,0,TRUE,2026-04-07T09:21:17.880566+00:00
SANTA MARIA RED WINE VINEGAR,2.8,11.71,,,,,,0.0012,Vinegar,Liquid,UNRESOLVED,UNRESOLVED,Unknown,unresolved,0,0,0,TRUE,2026-04-07T09:21:17.880566+00:00
SANTA MARIA ROSE PINK FOOD COLOUR,0.5,2,,,,,,0.016,Food Colour,Liquid,UNRESOLVED,UNRESOLVED,Unknown,unresolved,0,0,0,TRUE,2026-04-07T09:21:17.880566+00:00
SANTA MARIA S LIGHT SOY SAUCE1,,,,,,,,,,,UNRESOLVED,UNRESOLVED,Unknown,unresolved,0,0,0,TRUE,2026-04-07T09:21:17.880566+00:00
SANTA MARIA SPAGHETTI GREEN,,,,,,,,,,,UNRESOLVED,UNRESOLVED,Unknown,unresolved,0,0,0,TRUE,2026-04-07T09:21:17.880566+00:00
SANTA MARIA SPAGHETTI PASTA,348,1456.03,8.2,78,,0.5,,0.00075,Pasta,Solid,TOMATO PASTE,TOMATO PASTE,Processed foods,simulated_lookup_fuzzy,0.745,0.715,0.735,TRUE,2026-04-07T09:21:17.880566+00:00
SANTA MARIA STRAWBERRY ESSENCE,,,,,,,,,Essence,Liquid,UNRESOLVED,UNRESOLVED,Unknown,unresolved,0,0,0,TRUE,2026-04-07T09:21:17.880566+00:00
SANTA MARIA SUPERIOR DARK SOY SAUCE,43,179,7,4,3,0,0,0.022,Soy Sauce,Liquid,COOKING SAUCES,SOY SAUCE,Ultra-processed foods,simulated_lookup_fuzzy,0.806,0.776,0.796,TRUE,2026-04-07T09:21:17.880566+00:00
SANTA MARIA SUPERIOR LIGHT SOYA SAUCE,,,,,,,,,Sauce,Liquid,COOKING SAUCES,SOY SAUCE,Ultra-processed foods,simulated_lookup_fuzzy,0.8,0.77,0.79,TRUE,2026-04-07T09:21:17.880566+00:00
SANTA MARIA SUPERIOR SWEET CHILLI SAUCE,136,570,0,31,28,0.8,1,,Sweet Chilli Sauce,Paste,UNRESOLVED,UNRESOLVED,Unknown,unresolved,0,0,0,TRUE,2026-04-07T09:21:17.880566+00:00
SANTA MARIA TOMATO PASTE,,,4,19,10.41,0.47,,0.098,Food,Cream,TOMATO PASTE,TOMATO PASTE,Processed foods,simulated_lookup_exact,0.99,0.99,0.99,FALSE,2026-04-07T09:21:17.880566+00:00
SANTA MARIA WHITE WINE VINEGAR,,,,,,,,,Vinegar,Liquid,UNRESOLVED,UNRESOLVED,Unknown,unresolved,0,0,0,TRUE,2026-04-07T09:21:17.880566+00:00
SANTE CRUNCHY BANANA AND CHOCOLATE COATING MUESLI BAR,420,1766,5,67,28,14,4.4,,Muesli Bar,Solid,UNRESOLVED,UNRESOLVED,Unknown,unresolved,0,0,0,TRUE,2026-04-07T09:21:17.880566+00:00
SANTE CRUNCHY CRANBERRY AND RASPBERRY WITH VANILLA COATING MUESLI BAR,72,36,422,100,2.6,,0.3,,Food,"Cranberry,  Raspberry",UNRESOLVED,UNRESOLVED,Unknown,unresolved,0,0,0,TRUE,2026-04-07T09:21:17.880566+00:00
SANTE CRUNCHY NATURAL OAT FLAKE,422,1766,7.9,67,31,12,6,0,Oat Flake,Solid,UNRESOLVED,UNRESOLVED,Unknown,unresolved,0,0,0,TRUE,2026-04-07T09:21:17.880566+00:00
SANTE CRUNCHY NUT AND ALMOND WITH CHOCOLATE MUESLI BAR,49,23,476,100,5.1,,0.05,,Food,"Nut,  Almond",UNRESOLVED,UNRESOLVED,Unknown,unresolved,0,0,0,TRUE,2026-04-07T09:21:17.880566+00:00
SANTE CRUNCHY NUTS AND ALMONDS MUESLI BAR,473,1978,12,51,18,24,4.6,,Muesli Bar,Solid,UNRESOLVED,UNRESOLVED,Unknown,unresolved,0,0,0,TRUE,2026-04-07T09:21:17.880566+00:00
SANTE CRUNCHY PLUM AND VANILLA COATING MUESLI BAR,412,1734,4.1,69,34,13,2.8,,Muesli Bar,Solid,UNRESOLVED,UNRESOLVED,Unknown,unresolved,0,0,0,TRUE,2026-04-07T09:21:17.880566+00:00
SANTE FRUIT GRANOLA,448,1874,9.4,65,19,15,,0,Granola,Solid,UNRESOLVED,UNRESOLVED,Unknown,unresolved,0,0,0,TRUE,2026-04-07T09:21:17.880566+00:00
SANTE FRUIT MUESLI,,,,,,,,,364kcal,12g,UNRESOLVED,UNRESOLVED,Unknown,unresolved,0,0,0,TRUE,2026-04-07T09:21:17.880566+00:00
SANTE NO ADDED WHEAT CHRUNCHY FRUIT,69,21,435,100,6,0.0001,,,Food,,UNRESOLVED,UNRESOLVED,Unknown,unresolved,0,0,0,TRUE,2026-04-07T09:21:17.880566+00:00
SANTE NUT CEREAL FLAKES GRANOLA WITH NUT,465,1950,12,58,19,19,7.1,,Granola,Solid,UNRESOLVED,UNRESOLVED,Unknown,unresolved,0,0,0,TRUE,2026-04-07T09:21:17.880566+00:00
SANTE TRADITIONAL MUESLI,388,1623,12,67,12,5.6,11,0,Muesli,Solid,UNRESOLVED,UNRESOLVED,Unknown,unresolved,0,0,0,TRUE,2026-04-07T09:21:17.880566+00:00
SANTE TROPICAL MUESLI,356,1490,8.2,71,15,2.7,0,0,Muesli,Solid,UNRESOLVED,UNRESOLVED,Unknown,unresolved,0,0,0,TRUE,2026-04-07T09:21:17.880566+00:00
SANWU HOTPOT SOUP BASE,744,3113,4.5,1.5,1,80,0,0,Soup Base,Powder,UNRESOLVED,UNRESOLVED,Unknown,unresolved,0,0,0,TRUE,2026-04-07T09:21:17.880566+00:00
SASINI INSTANT COFFEE,50,209.2,5,15,,,,0.2,Instant Coffee,Powder,COFFEE,COFFEE - UNSWEETENED WITHOUT MILK,Unprocessed/Minimally processed foods,simulated_lookup_fuzzy,0.791,0.761,0.781,TRUE,2026-04-07T09:21:17.880566+00:00
SASINI KAHAWA KAMILI PURE QUALITY KENYAN COFFEE,1,4.184,,0.1,,,,,Kenyan Coffee,Powder,UNRESOLVED,UNRESOLVED,Unknown,unresolved,0,0,0,TRUE,2026-04-07T09:21:17.880566+00:00
SAVANAH COCOPINE JUICE,,,,,,,,,Cocopine Juice,Liquid,DILUTING JUICE,SQUASHES,Ultra-processed foods,simulated_lookup_fuzzy,0.842,0.812,0.832,TRUE,2026-04-07T09:21:17.880566+00:00
SAVANAH LEMON JUICE,,,,,,,,,Lemon Juice,Liquid,DILUTING JUICE,SQUASHES,Ultra-processed foods,simulated_lookup_fuzzy,0.842,0.812,0.832,TRUE,2026-04-07T09:21:17.880566+00:00
SAVANAH MANGO JUICE,,,,,,,,,Mango Juice,Liquid,DILUTING JUICE,SQUASHES,Ultra-processed foods,simulated_lookup_exact,0.99,0.99,0.99,FALSE,2026-04-07T09:21:17.880566+00:00
SAVANAH ORANGE JUICE,,,,,,,,,Orange Juice,Liquid,DILUTING JUICE,SQUASHES,Ultra-processed foods,simulated_lookup_fuzzy,0.872,0.842,0.862,FALSE,2026-04-07T09:21:17.880566+00:00
SAVANAH PINEAPPLE JUICE,,,,,,,,,Pineapple Juice,Liquid,DILUTING JUICE,SQUASHES,Ultra-processed foods,simulated_lookup_fuzzy,0.85,0.82,0.84,FALSE,2026-04-07T09:21:17.880566+00:00
SAVANAH PUNCH FRUIT DRINK,108,451,0.44,26.51,22.88,0.15,0.2,0.01,Drink,Liquid,UNRESOLVED,UNRESOLVED,Unknown,unresolved,0,0,0,TRUE,2026-04-07T09:21:17.880566+00:00
SAVANAH PUNCH FRUIT JUICE,108,451.87,0.44,26.51,22.88,0.15,0.2,0.01,Fruit Juice,Liquid,UNRESOLVED,UNRESOLVED,Unknown,unresolved,0,0,0,TRUE,2026-04-07T09:21:17.880566+00:00
SAVANAH STRAWBERRY JUICE,90,376.56,0.71,18.49,18.25,1.42,0.2,0.002,Juice,Liquid,UNRESOLVED,UNRESOLVED,Unknown,unresolved,0,0,0,TRUE,2026-04-07T09:21:17.880566+00:00
SAVOURY BANANA CRISPS,640,,12,44,0,48,0,0,Banana Crisps,Solid,UNRESOLVED,UNRESOLVED,Unknown,unresolved,0,0,0,TRUE,2026-04-07T09:21:17.880566+00:00
SAVOURY CASSAVA CRISPS,,,,,,,,,Cassava Crisps,Solid,UNRESOLVED,UNRESOLVED,Unknown,unresolved,0,0,0,TRUE,2026-04-07T09:21:17.880566+00:00
SAXA SO LOW SALT,,,,,,,,,,,UNRESOLVED,UNRESOLVED,Unknown,unresolved,0,0,0,TRUE,2026-04-07T09:21:17.880566+00:00
SCHWEPPES TONIC WATER,130,543,,33,33,,,0.055,Tonic Water,Liquid,SODAS AND CARBONATED DRINKS,SODAS,Ultra-processed foods,simulated_lookup_fuzzy,0.739,0.709,0.729,TRUE,2026-04-07T09:21:17.880566+00:00
SCORE ENERGY DRINK CRUSH,,,,,,,,,,,UNRESOLVED,UNRESOLVED,Unknown,unresolved,0,0,0,TRUE,2026-04-07T09:21:17.880566+00:00
SCORE ENERGY DRINK GT,,,,,,,,,,,UNRESOLVED,UNRESOLVED,Unknown,unresolved,0,0,0,TRUE,2026-04-07T09:21:17.880566+00:00
SCORE ENERGY DRINK PASSION,,,,,,,,,,,UNRESOLVED,UNRESOLVED,Unknown,unresolved,0,0,0,TRUE,2026-04-07T09:21:17.880566+00:00
SCORE ENERGY DRINK PINK LEMON,,,,,,,,,,,UNRESOLVED,UNRESOLVED,Unknown,unresolved,0,0,0,TRUE,2026-04-07T09:21:17.880566+00:00
SCORE ENERGY DRINK STRIKER,,,,,,,,,,,UNRESOLVED,UNRESOLVED,Unknown,unresolved,0,0,0,TRUE,2026-04-07T09:21:17.880566+00:00
SEA KORUS PREMIUM OYSTER SAUCE,131.579,550.526,3.15789,30,21.0526,0,,,Oyster Sauce,Liquid,UNRESOLVED,UNRESOLVED,Unknown,unresolved,0,0,0,TRUE,2026-04-07T09:21:17.880566+00:00
SESAME SEEDS,,,,,,,,,Sesame Seeds,Solid,UNRESOLVED,UNRESOLVED,Unknown,unresolved,0,0,0,TRUE,2026-04-07T09:21:17.880566+00:00
SESIA FRIED PEANUTS,600,2510.4,27.2,14,0,49.2,0,0.832,Fried Peanuts,Solid,SALTED/SUGARED NUTS,SALTED PEANUTS,Processed foods,simulated_lookup_fuzzy,0.769,0.739,0.759,TRUE,2026-04-07T09:21:17.880566+00:00
SESIA PEELED PEANUTS,,,,,,,,,Peeled Peanuts,Solid,UNRESOLVED,UNRESOLVED,Unknown,unresolved,0,0,0,TRUE,2026-04-07T09:21:17.880566+00:00
SESIA PURE HONEY,322,1347.24,,82,82,,,0.01,Honey,Paste,UNRESOLVED,UNRESOLVED,Unknown,unresolved,0,0,0,TRUE,2026-04-07T09:21:17.880566+00:00
SESIA PURE HONEY SQUEEZE,322,1347.24,,82,82,,,0.01,Honey,Paste,UNRESOLVED,UNRESOLVED,Unknown,unresolved,0,0,0,TRUE,2026-04-07T09:21:17.880566+00:00
SESIA ROASTED PEANUTS,594,2485.3,30,7.3,5.1,47,8.6,0.8,Roasted Peanuts,Solid,SALTED/SUGARED NUTS,SALTED PEANUTS,Processed foods,simulated_lookup_fuzzy,0.791,0.761,0.781,TRUE,2026-04-07T09:21:17.880566+00:00
SHA ER GE HOT AND SPICY BLACK RICE CRUST,1896.67,7935.65,73.3333,70,,153.333,,,Rice Crust,Solid,UNRESOLVED,UNRESOLVED,Unknown,unresolved,0,0,0,TRUE,2026-04-07T09:21:17.880566+00:00
SHA ER GE HOT AND SPICY RICE CRUST CHIPS,524,2192.4,24,56,12,32,,0.58,Rice Crust Chips,Solid,UNRESOLVED,UNRESOLVED,Unknown,unresolved,0,0,0,TRUE,2026-04-07T09:21:17.880566+00:00
SHALIMAR BLACK PEPPER POWDER,,,,,,,,,Pepper Powder,Powder,UNRESOLVED,UNRESOLVED,Unknown,unresolved,0,0,0,TRUE,2026-04-07T09:21:17.880566+00:00
SHALIMAR CARDAMOM POWDER,400,1673.6,5,80,,5,,,Cardamom Powder,Powder,UNRESOLVED,UNRESOLVED,Unknown,unresolved,0,0,0,TRUE,2026-04-07T09:21:17.880566+00:00
SHALIMAR CHICKEN MASALA,344.14,1440.01,9.19,56.94,,8.85,,0.258,Chicken Masala,Powder,HERBS AND SPICES,SPICES - CHICKEN MASALA,Unprocessed/Minimally processed foods,simulated_lookup_fuzzy,0.723,0.693,0.713,TRUE,2026-04-07T09:21:17.880566+00:00
SHALIMAR CHICKEN PILAU,98.5714,412.423,7.71429,12.2857,1.14286,1.71429,0.857143,0.342857,Chicken Pilau Powder,Powder,UNRESOLVED,UNRESOLVED,Unknown,unresolved,0,0,0,TRUE,2026-04-07T09:21:17.880566+00:00
SHALIMAR CHILLIES POWDER,398,1665.23,16,52,,13,,,Chillies Powder,Powder,UNRESOLVED,UNRESOLVED,Unknown,unresolved,0,0,0,TRUE,2026-04-07T09:21:17.880566+00:00
SHALIMAR CINNAMON POWDER,,,,,,,,,Cinnamon Powder,Powder,UNRESOLVED,UNRESOLVED,Unknown,unresolved,0,0,0,TRUE,2026-04-07T09:21:17.880566+00:00
SHALIMAR CUMIN POWDER,375,1567.5,18,44,2,22,10.5,0.168,Cumin Powder,Powder,UNRESOLVED,UNRESOLVED,Unknown,unresolved,0,0,0,TRUE,2026-04-07T09:21:17.880566+00:00
SHALIMAR CURRY POWDER,437.5,1830.5,12.5,50,,12.5,37.5,8.375,Curry Powder,Powder,HERBS AND SPICES,SPICES - CURRY POWDER,Unprocessed/Minimally processed foods,simulated_lookup_fuzzy,0.75,0.72,0.74,TRUE,2026-04-07T09:21:17.880566+00:00
SHALIMAR DAAL MASALA,,,,,,,,,Daal Masala,Powder,UNRESOLVED,UNRESOLVED,Unknown,unresolved,0,0,0,TRUE,2026-04-07T09:21:17.880566+00:00
SHALIMAR FISH MASALA,385.7,1627.1,16.5,58.1,,9.7,,1.4166,Fish Masala,Powder,UNRESOLVED,UNRESOLVED,Unknown,unresolved,0,0,0,TRUE,2026-04-07T09:21:17.880566+00:00
SHALIMAR FISH TIKA MASALA,,,,,,,,,Fish Tika Masala,Powder,UNRESOLVED,UNRESOLVED,Unknown,unresolved,0,0,0,TRUE,2026-04-07T09:21:17.880566+00:00
SHALIMAR GARLIC POWDER,360,1506.24,,60,,,40,0.08,Garlic Powder,Powder,UNRESOLVED,UNRESOLVED,Unknown,unresolved,0,0,0,TRUE,2026-04-07T09:21:17.880566+00:00
SHALIMAR GINGER POWDER,19,79.496,,3,,,,0.002,Ginger Powder,Powder,UNRESOLVED,UNRESOLVED,Unknown,unresolved,0,0,0,TRUE,2026-04-07T09:21:17.880566+00:00
SHALIMAR MEAT CURRY MASALA,126,527.18,3,5,0.8,2.8,1.2,0.195,Meat Curry Masala,Powder,UNRESOLVED,UNRESOLVED,Unknown,unresolved,0,0,0,TRUE,2026-04-07T09:21:17.880566+00:00
SHALIMAR MEAT PILAU MIX,234.732,982.118,4.31235,24.5221,,13.0303,,,Meat Pilau,Powder,UNRESOLVED,UNRESOLVED,Unknown,unresolved,0,0,0,TRUE,2026-04-07T09:21:17.880566+00:00
SHALIMAR MINCE MEAT MASALA,98.5714,412.423,7.71429,12.2857,1.14286,1.71429,0.857143,0.342857,Mince Meat Masala,Powder,UNRESOLVED,UNRESOLVED,Unknown,unresolved,0,0,0,TRUE,2026-04-07T09:21:17.880566+00:00
SHALIMAR PILAU RICE MIX,171,715.464,3,30,1,3,2,,Pilau Rice Mix,Powder,UNRESOLVED,UNRESOLVED,Unknown,unresolved,0,0,0,TRUE,2026-04-07T09:21:17.880566+00:00
SHALIMAR PRAWNS MASALA,,,,,,,,,,,UNRESOLVED,UNRESOLVED,Unknown,unresolved,0,0,0,TRUE,2026-04-07T09:21:17.880566+00:00
SHALIMAR PRAWNS PIRI PIRI SPICE,90.6667,379.349,,,,2.66667,,,Prawns Piri Piri Spice,Powder,UNRESOLVED,UNRESOLVED,Unknown,unresolved,0,0,0,TRUE,2026-04-07T09:21:17.880566+00:00
SHALIMAR SHISH KEBAB SPICE,296,1238.46,12.5,38,19.5,9.5,,2.955,Shish Kebab Spice,Powder,UNRESOLVED,UNRESOLVED,Unknown,unresolved,0,0,0,TRUE,2026-04-07T09:21:17.880566+00:00
SHALIMAR TURMERIC POWDER,350,1464.4,,60,,10,20,0.03,Turmeric Powder,Powder,UNRESOLVED,UNRESOLVED,Unknown,unresolved,0,0,0,TRUE,2026-04-07T09:21:17.880566+00:00
SHALIMAR VEGETABLE MASALA SPICE,,,,,,,,,Vegetable Masala Spice,Powder,UNRESOLVED,UNRESOLVED,Unknown,unresolved,0,0,0,TRUE,2026-04-07T09:21:17.880566+00:00
SHALIMAR'S CHICKEN TIKKA MIX,126,527.18,3,5,0.8,2.8,1.2,0.195,Chicken Tikka Mix,Powder,UNRESOLVED,UNRESOLVED,Unknown,unresolved,0,0,0,TRUE,2026-04-07T09:21:17.880566+00:00
SHAN BREAKFAST NIHARI MIX,300,1255.2,10,40,,10,20,13.3,Nihari Mix,Powder,UNRESOLVED,UNRESOLVED,Unknown,unresolved,0,0,0,TRUE,2026-04-07T09:21:17.880566+00:00
SHAN CHICKEN GINGER SEASONING MIX,300,1260,10,40,,10,10,9.1,Seasoning Mix,Powder,UNRESOLVED,UNRESOLVED,Unknown,unresolved,0,0,0,TRUE,2026-04-07T09:21:17.880566+00:00
SHAN SPLIT WHITE URAD DAL,364,1492,21.6,62.4,2.2,1.4,15.2,0.17,White Urad Dal,Solid,UNRESOLVED,UNRESOLVED,Unknown,unresolved,0,0,0,TRUE,2026-04-07T09:21:17.880566+00:00
SHAN WHITE URAD DAL,364,1522.9,21.6,62.4,2.2,1.4,15.2,0.17,Urad Dal,Solid,UNRESOLVED,UNRESOLVED,Unknown,unresolved,0,0,0,TRUE,2026-04-07T09:21:17.880566+00:00
SHARWOOD GREEN LABEL MANGO CHUTNEY,,,,,,,,,,,UNRESOLVED,UNRESOLVED,Unknown,unresolved,0,0,0,TRUE,2026-04-07T09:21:17.880566+00:00
SHARWOOD GREEN LABEL SPREAD MANGO CHUTNEY,,,,,,,,,,,UNRESOLVED,UNRESOLVED,Unknown,unresolved,0,0,0,TRUE,2026-04-07T09:21:17.880566+00:00
SHARWOOD HOISIN MARINADE SAUCE,,,,,,,,,,,UNRESOLVED,UNRESOLVED,Unknown,unresolved,0,0,0,TRUE,2026-04-07T09:21:17.880566+00:00
SHARWOOD HOT MADRAS SAUCE,,,,,,,,,,,UNRESOLVED,UNRESOLVED,Unknown,unresolved,0,0,0,TRUE,2026-04-07T09:21:17.880566+00:00
SHARWOOD JALFREZI SAUCE,,,,,,,,,,,UNRESOLVED,UNRESOLVED,Unknown,unresolved,0,0,0,TRUE,2026-04-07T09:21:17.880566+00:00
SHARWOOD KORMA 30% LESS FAT,,,,,,,,,,,UNRESOLVED,UNRESOLVED,Unknown,unresolved,0,0,0,TRUE,2026-04-07T09:21:17.880566+00:00
SHARWOOD KORMA SAUCE,96,401,1.1,9.2,6,5.9,0.9,,Sauce,Paste,UNRESOLVED,UNRESOLVED,Unknown,unresolved,0,0,0,TRUE,2026-04-07T09:21:17.880566+00:00
SHARWOOD MEDIUM CURRY POWDER,,,,,,,,,,,UNRESOLVED,UNRESOLVED,Unknown,unresolved,0,0,0,TRUE,2026-04-07T09:21:17.880566+00:00
SHARWOOD MILD CURRY POWDER,,,,,,,,,,,UNRESOLVED,UNRESOLVED,Unknown,unresolved,0,0,0,TRUE,2026-04-07T09:21:17.880566+00:00
SHARWOOD REAL OYSTER SAUCE,,,,,,,,,,,UNRESOLVED,UNRESOLVED,Unknown,unresolved,0,0,0,TRUE,2026-04-07T09:21:17.880566+00:00
SHARWOOD ROGAN JOSH,,,,,,,,,,,UNRESOLVED,UNRESOLVED,Unknown,unresolved,0,0,0,TRUE,2026-04-07T09:21:17.880566+00:00
SHARWOOD STIR FRY BLACK BEAN SAUCE,,,,,,,,,,,UNRESOLVED,UNRESOLVED,Unknown,unresolved,0,0,0,TRUE,2026-04-07T09:21:17.880566+00:00
SHARWOOD STIR FRY SWEET & SOUR SAUCE,,,,,,,,,,,UNRESOLVED,UNRESOLVED,Unknown,unresolved,0,0,0,TRUE,2026-04-07T09:21:17.880566+00:00
SHARWOOD SWEET & SOUR 30% LESS SUG,,,,,,,,,,,UNRESOLVED,UNRESOLVED,Unknown,unresolved,0,0,0,TRUE,2026-04-07T09:21:17.880566+00:00
SHARWOOD SWEET CHILLI & RED PEPPER,,,,,,,,,,,UNRESOLVED,UNRESOLVED,Unknown,unresolved,0,0,0,TRUE,2026-04-07T09:21:17.880566+00:00
SHARWOOD TIK MAS 30% LESS FAT,,,,,,,,,,,UNRESOLVED,UNRESOLVED,Unknown,unresolved,0,0,0,TRUE,2026-04-07T09:21:17.880566+00:00
SHARWOOD TIKKA MASALA SAUCE,118,492,1.6,9.1,6,8,1.7,,Sauce,Paste,UNRESOLVED,UNRESOLVED,Unknown,unresolved,0,0,0,TRUE,2026-04-07T09:21:17.880566+00:00
SILEO FINE GRAIN NATURAL SALT,46.1,193,5.1,4.1,,1.3,,,Natural Salt,Solid,UNRESOLVED,UNRESOLVED,Unknown,unresolved,0,0,0,TRUE,2026-04-07T09:21:17.880566+00:00
SILEO NATURAL BATH CRYSTAL SALT,0,0,0,0,0,0,0,40,Crystal Salt,Solid,UNRESOLVED,UNRESOLVED,Unknown,unresolved,0,0,0,TRUE,2026-04-07T09:21:17.880566+00:00
SILEO NATURAL CRYSTALS STONE SALT,46.1,193,5.1,4.1,0,1.3,,,Crystals Stone Salt,Solid,UNRESOLVED,UNRESOLVED,Unknown,unresolved,0,0,0,TRUE,2026-04-07T09:21:17.880566+00:00
SILEO NATURAL FINE SALT,0,0,0,0,0,0,0,40,Fine Salt,Solid,SALT,SEA SALT,Processed Culinary Ingredients,simulated_lookup_fuzzy,0.773,0.743,0.763,TRUE,2026-04-07T09:21:17.880566+00:00
SILEO NATURAL SALT,46.1,193,5.1,4.1,,1.3,,,Salt,Powder,SALT,SEA SALT,Processed Culinary Ingredients,simulated_lookup_fuzzy,0.769,0.739,0.759,TRUE,2026-04-07T09:21:17.880566+00:00
SILLY BROTHER GARLIC PEANUTS,571.429,2389.29,25,21.4286,3.57143,46.4286,7.14286,0.428571,Peanuts,Solid,UNRESOLVED,UNRESOLVED,Unknown,unresolved,0,0,0,TRUE,2026-04-07T09:21:17.880566+00:00
SIMBA MBILI CINNAMON GROUND,16,66.944,0,5,0,0,0,0,Ground Cinnamon,Powder,UNRESOLVED,UNRESOLVED,Unknown,unresolved,0,0,0,TRUE,2026-04-07T09:21:17.880566+00:00
SIMBA MBILI CLOVES GROUND SPICES,5,20.92,0,1,0,0,0,0.005,Cloves Ground Spices,Powder,UNRESOLVED,UNRESOLVED,Unknown,unresolved,0,0,0,TRUE,2026-04-07T09:21:17.880566+00:00
SIMBA MBILI CURRY POWDER,325,1359.8,13,58,2.8,14,33,0.052,Curry Powder,Powder,HERBS AND SPICES,SPICES - CURRY POWDER,Unprocessed/Minimally processed foods,simulated_lookup_fuzzy,0.744,0.714,0.734,TRUE,2026-04-07T09:21:17.880566+00:00
SIMBA MBILI DHANA JEERA,8,33.472,0,0,0,0,0,0,Ground Dhana Jeera,Powder,UNRESOLVED,UNRESOLVED,Unknown,unresolved,0,0,0,TRUE,2026-04-07T09:21:17.880566+00:00
SIMBA MBILI DRIED ROSEMARY LEAVES,1,4.184,0,1,0,0,0,0,Rosemary Leaves,Solid,UNRESOLVED,UNRESOLVED,Unknown,unresolved,0,0,0,TRUE,2026-04-07T09:21:17.880566+00:00
SIMBA MBILI FISH MASALA,385.7,1627.1,16.5,58.1,,9.7,,1.4166,Fish Masala,Powder,UNRESOLVED,UNRESOLVED,Unknown,unresolved,0,0,0,TRUE,2026-04-07T09:21:17.880566+00:00
SIMBA MBILI GARAM MASALA,1600,6694.4,20,320,260,20,,3.8,Garam Masala,Powder,UNRESOLVED,UNRESOLVED,Unknown,unresolved,0,0,0,TRUE,2026-04-07T09:21:17.880566+00:00
SIMBA MBILI GROUND CARDAMOM,6,25.104,0,1,0,0,0,0,Ground Cardamom,Powder,UNRESOLVED,UNRESOLVED,Unknown,unresolved,0,0,0,TRUE,2026-04-07T09:21:17.880566+00:00
SIMBA MBILI GROUND CINNAMON,247,1033,4,81,2.2,1.2,53,0.01,Ground Cinnamon,Powder,UNRESOLVED,UNRESOLVED,Unknown,unresolved,0,0,0,TRUE,2026-04-07T09:21:17.880566+00:00
SIMBA MBILI GROUND CUMIN,334,1397.46,20,12,0,15,0,0,Ground Cumin,Powder,UNRESOLVED,UNRESOLVED,Unknown,unresolved,0,0,0,TRUE,2026-04-07T09:21:17.880566+00:00
SIMBA MBILI MIXED HERBS,290,1213.36,11.1,55.3,,2.8,,,Mixed Herbs,Solid,UNRESOLVED,UNRESOLVED,Unknown,unresolved,0,0,0,TRUE,2026-04-07T09:21:17.880566+00:00
SIMBA MBILI MUSTARD POWDER,500,2090,25,30,5,35,10,0.015,Mustard Powder,Powder,UNRESOLVED,UNRESOLVED,Unknown,unresolved,0,0,0,TRUE,2026-04-07T09:21:17.880566+00:00
SIMBA MBILI OREGANO,355,1485.32,6.7,77,,2.2,,,Oregano,Solid,UNRESOLVED,UNRESOLVED,Unknown,unresolved,0,0,0,TRUE,2026-04-07T09:21:17.880566+00:00
SIMBA MBILI PURE GINGER POWDER,20,83.68,,5,1,,,,Ginger Powder,Powder,UNRESOLVED,UNRESOLVED,Unknown,unresolved,0,0,0,TRUE,2026-04-07T09:21:17.880566+00:00
SIMBA MBILI PURE RED CHILLY POWDER,398,1665.23,16,52,,13,,,Red Chilly Powder,Powder,UNRESOLVED,UNRESOLVED,Unknown,unresolved,0,0,0,TRUE,2026-04-07T09:21:17.880566+00:00
SIMBA MBILI RESUNS GROUND CLOVES,,,,,,,,,Ground Cloves,Powder,UNRESOLVED,UNRESOLVED,Unknown,unresolved,0,0,0,TRUE,2026-04-07T09:21:17.880566+00:00
SIMBA MBILI SPICE SEASONING CHICKEN MASALA,300,1255.2,17,42,4,7,1,0.58,Chicken Masala,Powder,UNRESOLVED,UNRESOLVED,Unknown,unresolved,0,0,0,TRUE,2026-04-07T09:21:17.880566+00:00
SKIPPY CHUNKY PEANUT BUTTER,180,752.4,7,8,4,15,2,0.125,Peanut Butter,Paste,UNRESOLVED,UNRESOLVED,Unknown,unresolved,0,0,0,TRUE,2026-04-07T09:21:17.880566+00:00
SKIPPY PEANUT BUTTER CREAMY,350,1463,7,6,3,16,2,0.15,Peanut Butter,Paste,PEANUT BUTTER,PEANUT BUTTER,Ultra-processed foods,simulated_lookup_fuzzy,0.75,0.72,0.74,TRUE,2026-04-07T09:21:17.880566+00:00
SKITTLES COATED CRAZY SOURS CANDY,397,1661.05,,87.9,87,4,,,Candy,Solid,UNRESOLVED,UNRESOLVED,Unknown,unresolved,0,0,0,TRUE,2026-04-07T09:21:17.880566+00:00
SKITTLES COATED FRUITS CANDY,404,1712,,90.7,89.8,4.2,,2.00E-05,Candy,Solid,UNRESOLVED,UNRESOLVED,Unknown,unresolved,0,0,0,TRUE,2026-04-07T09:21:17.880566+00:00
SMARTIES HEXATUBE MP,470,1973,5,26,9,7,0.3,0,Chocolate,Solid,UNRESOLVED,UNRESOLVED,Unknown,unresolved,0,0,0,TRUE,2026-04-07T09:21:17.880566+00:00
SNAK IT SALTY BIKIS,,,,,,,,,,,UNRESOLVED,UNRESOLVED,Unknown,unresolved,0,0,0,TRUE,2026-04-07T09:21:17.880566+00:00
SNICKERS CHOCOLATE BAR WITH PEANUTS CARAMEL,250,1046,4,32,28,12,1,0.125,Chocolate Bar,Solid,UNRESOLVED,UNRESOLVED,Unknown,unresolved,0,0,0,TRUE,2026-04-07T09:21:17.880566+00:00
SOCADO CARA SALATO CHOCOLATE,,,,,,,,,,,UNRESOLVED,UNRESOLVED,Unknown,unresolved,0,0,0,TRUE,2026-04-07T09:21:17.880566+00:00
SOCADO MANDORLA 75 COCOA DARK CHOCOLATE,645,2699,4.9,34,31,53,,,Dark Chocolate,Solid,UNRESOLVED,UNRESOLVED,Unknown,unresolved,0,0,0,TRUE,2026-04-07T09:21:17.880566+00:00
SOKO FLOUR MAIZE MEAL,351,1491,7.8,77.7,0.5,0.8,1,,Maize Meal Flour,Solid,MAIZE/CORN FLOUR,MAIZE FLOUR,Unprocessed/Minimally processed foods,simulated_lookup_fuzzy,0.833,0.803,0.823,TRUE,2026-04-07T09:21:17.880566+00:00
SOKO HOME BAKING FLOUR,364,1522.97,10,76,0.3,1,,0.002,Baking Flour,Solid,WHEAT FLOUR,WHEAT FLOUR,Unprocessed/Minimally processed foods,simulated_lookup_fuzzy,0.842,0.812,0.832,TRUE,2026-04-07T09:21:17.880566+00:00
SOKO MAIZE MEAL FLOUR,351,1491,7.8,77.7,0.5,0.8,1,,Maize Meal Flour,Solid,MAIZE/CORN FLOUR,MAIZE FLOUR,Unprocessed/Minimally processed foods,simulated_lookup_fuzzy,0.833,0.803,0.823,TRUE,2026-04-07T09:21:17.880566+00:00
SOKO NUTRIGO WHOLE GRAIN MAIZE MEAL,343,1435,0,84,,0,,,Maize Meal,Solid,UNRESOLVED,UNRESOLVED,Unknown,unresolved,0,0,0,TRUE,2026-04-07T09:21:17.880566+00:00
SOKO NUTRIGO WHOLE GRAIN MAIZE MEAL FLOUR,343,1435,,84,,,,,Maize Meal Flour,Solid,UNRESOLVED,UNRESOLVED,Unknown,unresolved,0,0,0,TRUE,2026-04-07T09:21:17.880566+00:00
SOKO PURE WIMBI PORRIDGE FLOUR,330,1380.72,14,71,,3,3,0.004,Porridge Flour,Solid,UNRESOLVED,UNRESOLVED,Unknown,unresolved,0,0,0,TRUE,2026-04-07T09:21:17.880566+00:00
SOKO WIMBI MIX SOUR PORRIDGE FLOUR,330,1380.72,14,71,,3,3,0.004,Porridge Flour,Solid,UNRESOLVED,UNRESOLVED,Unknown,unresolved,0,0,0,TRUE,2026-04-07T09:21:17.880566+00:00
SOLEN CRISS CROSS HAZELNUT WAFER,,,,,,,,,Wafer,Solid,UNRESOLVED,UNRESOLVED,Unknown,unresolved,0,0,0,TRUE,2026-04-07T09:21:17.880566+00:00
SOLEN OZMO POPSY COLORED CHOCOLATE CANDY,479,2004.14,3.8,75.4,70.1,17.6,1.8,,Candy,Solid,UNRESOLVED,UNRESOLVED,Unknown,unresolved,0,0,0,TRUE,2026-04-07T09:21:17.880566+00:00
SOLEN PAPITA CARAMEL BISCUITS33GX24,,,,,,,,,,,UNRESOLVED,UNRESOLVED,Unknown,unresolved,0,0,0,TRUE,2026-04-07T09:21:17.880566+00:00
SOLEN PAPITA MILK CHOCOLATE AND CARAMEL COATED BISCUIT,,,,,,,,,Biscuit,Solid,UNRESOLVED,UNRESOLVED,Unknown,unresolved,0,0,0,TRUE,2026-04-07T09:21:17.880566+00:00
SOLEN PAPITA MILK CHOCOLATE CREAM COATED BISCUIT,,,,,,,,,Biscuit,Solid,UNRESOLVED,UNRESOLVED,Unknown,unresolved,0,0,0,TRUE,2026-04-07T09:21:17.880566+00:00
SOYA GOLD SOYBEAN OIL,900,900,,,,60,,,Soybean Oil,Liquid,UNRESOLVED,UNRESOLVED,Unknown,unresolved,0,0,0,TRUE,2026-04-07T09:21:17.880566+00:00
SPARKLING CHUPA CHUPS GRAPE,,,,,,,,,,,UNRESOLVED,UNRESOLVED,Unknown,unresolved,0,0,0,TRUE,2026-04-07T09:21:17.880566+00:00
SPRITE,48,197,,12,12,,,,Soft Drink,Liquid,UNRESOLVED,UNRESOLVED,Unknown,unresolved,0,0,0,TRUE,2026-04-07T09:21:17.880566+00:00
SPRITE CARBONATED SOFT DRINK,48,197,,12,12,,,,Soft Drink,Liquid,UNRESOLVED,UNRESOLVED,Unknown,unresolved,0,0,0,TRUE,2026-04-07T09:21:17.880566+00:00
SPRITE SODA,48,197,,12,12,,,,Soft Drink,Liquid,UNRESOLVED,UNRESOLVED,Unknown,unresolved,0,0,0,TRUE,2026-04-07T09:21:17.880566+00:00
SPRITE SODA CARBONATED SOFT DRINK,48,197,,12,12,,,,Soft Drink,Liquid,UNRESOLVED,UNRESOLVED,Unknown,unresolved,0,0,0,TRUE,2026-04-07T09:21:17.880566+00:00
ST DALFOUR FRANCE STRAWBERRY JAM,213,891.192,0.5,52,48,0.5,,0.011,Jam,Jelly,UNRESOLVED,UNRESOLVED,Unknown,unresolved,0,0,0,TRUE,2026-04-07T09:21:17.880566+00:00
ST DALFOUR RASPBERRY NAS FRUIT JAM,232,986,0.5,56,10,0.5,3.2,0.007,Jam,Jelly,UNRESOLVED,UNRESOLVED,Unknown,unresolved,0,0,0,TRUE,2026-04-07T09:21:17.880566+00:00
STARBUCKS BLONDE B EXPRESSO WHOLE BEAN,,,,,,,,,,,UNRESOLVED,UNRESOLVED,Unknown,unresolved,0,0,0,TRUE,2026-04-07T09:21:17.880566+00:00
STARBUCKS COFFEE VERONA COFFEE,,,,,,,,,,,UNRESOLVED,UNRESOLVED,Unknown,unresolved,0,0,0,TRUE,2026-04-07T09:21:17.880566+00:00
STARBUCKS DARK ESPRESSO ROAST FINE,,,,,,,,,,,UNRESOLVED,UNRESOLVED,Unknown,unresolved,0,0,0,TRUE,2026-04-07T09:21:17.880566+00:00
STARBUCKS ESPRESSO ROAST DECAF,,,,,,,,,,,UNRESOLVED,UNRESOLVED,Unknown,unresolved,0,0,0,TRUE,2026-04-07T09:21:17.880566+00:00
STARBUCKS MEDIUM PIKE PLACE WHOLE BEAN,,,,,,,,,,,UNRESOLVED,UNRESOLVED,Unknown,unresolved,0,0,0,TRUE,2026-04-07T09:21:17.880566+00:00
STARBUCKS PIKE PLACE COFFEE,,,,,,,,,,,UNRESOLVED,UNRESOLVED,Unknown,unresolved,0,0,0,TRUE,2026-04-07T09:21:17.880566+00:00
STARBUCKS PODS HOUSE BLEND,,,,,,,,,,,UNRESOLVED,UNRESOLVED,Unknown,unresolved,0,0,0,TRUE,2026-04-07T09:21:17.880566+00:00
STARBURST 3PACK ORIGINAL,,,,,,,,,,,UNRESOLVED,UNRESOLVED,Unknown,unresolved,0,0,0,TRUE,2026-04-07T09:21:17.880566+00:00
STIMOROL SUGAR FREE INFINITY TROPICAL CHEWING GUM,155,648.5,0,0,0,0,0,0,Chewing Gum,Solid,UNRESOLVED,UNRESOLVED,Unknown,unresolved,0,0,0,TRUE,2026-04-07T09:21:17.880566+00:00
STIMOROL SUGAR FREE WILD CHERRY CHEWING GUM,179,748,0.4,71,0.1,0.4,0,0,Chewing Gum,Solid,UNRESOLVED,UNRESOLVED,Unknown,unresolved,0,0,0,TRUE,2026-04-07T09:21:17.880566+00:00
STOKES HOT & SPICY BBQ SAUCE,206,868,2.2,41,36,3,,,,,UNRESOLVED,UNRESOLVED,Unknown,unresolved,0,0,0,TRUE,2026-04-07T09:21:17.880566+00:00
STOKES ORIGINAL BBQ SAUCE SQUEZE,192,813,1.9,39,26,3.1,,,,,UNRESOLVED,UNRESOLVED,Unknown,unresolved,0,0,0,TRUE,2026-04-07T09:21:17.880566+00:00
STOKES REAL BROWN SAUCE,194,825,1.4,46,38,,,,,,UNRESOLVED,UNRESOLVED,Unknown,unresolved,0,0,0,TRUE,2026-04-07T09:21:17.880566+00:00
STOKES REAL BROWN SAUCE SQUEEZY,195,826,1.4,46,38,,,,,,UNRESOLVED,UNRESOLVED,Unknown,unresolved,0,0,0,TRUE,2026-04-07T09:21:17.880566+00:00
STOKES REDCURRANT JELLY,246,1041,1.2,63,60,0.3,,,,,UNRESOLVED,UNRESOLVED,Unknown,unresolved,0,0,0,TRUE,2026-04-07T09:21:17.880566+00:00
STOKES REDUCED SUG TOMATO KETCHUP,80,342,1.9,17,14,,,,,,UNRESOLVED,UNRESOLVED,Unknown,unresolved,0,0,0,TRUE,2026-04-07T09:21:17.880566+00:00
STOKES SEVILLE ORANGE MARMALADE,278,1181,,69,68,,,,,,UNRESOLVED,UNRESOLVED,Unknown,unresolved,0,0,0,TRUE,2026-04-07T09:21:17.880566+00:00
STOKES SWEET & STICKY BBQ SAUCE,225,955,1.5,53,49,,,,,,UNRESOLVED,UNRESOLVED,Unknown,unresolved,0,0,0,TRUE,2026-04-07T09:21:17.880566+00:00
STORCK RIESEN DARK CHOCOLATE,,,,,,,,,,,UNRESOLVED,UNRESOLVED,Unknown,unresolved,0,0,0,TRUE,2026-04-07T09:21:17.880566+00:00
STORCK TOFFIFEE,,,,,,,,,,,UNRESOLVED,UNRESOLVED,Unknown,unresolved,0,0,0,TRUE,2026-04-07T09:21:17.880566+00:00
SUE'S NATURALS SEA SALT,46.1,193,5.1,4.1,0,1.3,0,38.667,Sea Salt,Solid,SALT,SEA SALT,Processed Culinary Ingredients,simulated_lookup_fuzzy,0.955,0.925,0.945,FALSE,2026-04-07T09:21:17.880566+00:00
SUES NATURALS ORGANIC MORINGA POWDER,281,1179,5.9,38.2,,0.2,8.27,,Moringa Powder,Powder,UNRESOLVED,UNRESOLVED,Unknown,unresolved,0,0,0,TRUE,2026-04-07T09:21:17.880566+00:00
SUES ORGANIC RAW VIRGIN COCONUT OIL,130,543.92,1,15,,1,,,Coconut Oil,Liquid,UNRESOLVED,UNRESOLVED,Unknown,unresolved,0,0,0,TRUE,2026-04-07T09:21:17.880566+00:00
SUGAR FREE SMOOTH PEANUT BUTTER,644,2690,27,10,,54.4,6.4,0.0019,Peanut Butter,Paste,UNRESOLVED,UNRESOLVED,Unknown,unresolved,0,0,0,TRUE,2026-04-07T09:21:17.880566+00:00
SUGARCANE FRESH JUICE,269,1125,0,73,73,0,0,0.058,Juice,Liquid,UNRESOLVED,UNRESOLVED,Unknown,unresolved,0,0,0,TRUE,2026-04-07T09:21:17.880566+00:00
SUHANA AAMCHUR POWDER,,,,,,,,,,,UNRESOLVED,UNRESOLVED,Unknown,unresolved,0,0,0,TRUE,2026-04-07T09:21:17.880566+00:00
SUHANA CHHOLE MASALA,,,,,,,,,,,UNRESOLVED,UNRESOLVED,Unknown,unresolved,0,0,0,TRUE,2026-04-07T09:21:17.880566+00:00
SUHANA EXTRA HOT CHILI POWDER,,,,,,,,,,,UNRESOLVED,UNRESOLVED,Unknown,unresolved,0,0,0,TRUE,2026-04-07T09:21:17.880566+00:00
SUHANA HOT CHILI POWDER,,,,,,,,,,,UNRESOLVED,UNRESOLVED,Unknown,unresolved,0,0,0,TRUE,2026-04-07T09:21:17.880566+00:00
SUHANA MALAI KOFTA,,,,,,,,,,,UNRESOLVED,UNRESOLVED,Unknown,unresolved,0,0,0,TRUE,2026-04-07T09:21:17.880566+00:00
SUHANA MILD MADRAS CURRY POWDER,,,,,,,,,,,UNRESOLVED,UNRESOLVED,Unknown,unresolved,0,0,0,TRUE,2026-04-07T09:21:17.880566+00:00
SUHANA PANEER BUTTER MASALA,,,,,,,,,,,UNRESOLVED,UNRESOLVED,Unknown,unresolved,0,0,0,TRUE,2026-04-07T09:21:17.880566+00:00
SUHANA PANEER MASALA,,,,,,,,,,,UNRESOLVED,UNRESOLVED,Unknown,unresolved,0,0,0,TRUE,2026-04-07T09:21:17.880566+00:00
SUHANA PANIPURI MASALA,,,,,,,,,,,UNRESOLVED,UNRESOLVED,Unknown,unresolved,0,0,0,TRUE,2026-04-07T09:21:17.880566+00:00
SUHANA PAV BHAJI MASALA,,,,,,,,,,,UNRESOLVED,UNRESOLVED,Unknown,unresolved,0,0,0,TRUE,2026-04-07T09:21:17.880566+00:00
SUHANA PAYA MASALA,,,,,,,,,,,UNRESOLVED,UNRESOLVED,Unknown,unresolved,0,0,0,TRUE,2026-04-07T09:21:17.880566+00:00
SUHANA READY TO COOK DUM ALOO,,,,,,,,,,,UNRESOLVED,UNRESOLVED,Unknown,unresolved,0,0,0,TRUE,2026-04-07T09:21:17.880566+00:00
SUHANA READY TO COOK FISH CURRY,,,,,,,,,,,UNRESOLVED,UNRESOLVED,Unknown,unresolved,0,0,0,TRUE,2026-04-07T09:21:17.880566+00:00
SUHANA READY TO COOK LAMB CURRY,,,,,,,,,,,UNRESOLVED,UNRESOLVED,Unknown,unresolved,0,0,0,TRUE,2026-04-07T09:21:17.880566+00:00
SUHANA READY TO COOK MANCHURIAN,,,,,,,,,,,UNRESOLVED,UNRESOLVED,Unknown,unresolved,0,0,0,TRUE,2026-04-07T09:21:17.880566+00:00
SUHANA READY TO COOK MUTOON KOLHAPURI,,,,,,,,,,,UNRESOLVED,UNRESOLVED,Unknown,unresolved,0,0,0,TRUE,2026-04-07T09:21:17.880566+00:00
SUHANA READY TO COOK MUTTER METHI NONG,,,,,,,,,,,UNRESOLVED,UNRESOLVED,Unknown,unresolved,0,0,0,TRUE,2026-04-07T09:21:17.880566+00:00
SUHANA READY TO COOK PANEER MAKHAN,,,,,,,,,,,UNRESOLVED,UNRESOLVED,Unknown,unresolved,0,0,0,TRUE,2026-04-07T09:21:17.880566+00:00
SUHANA READY TO COOK SHAHI BIRYANI,,,,,,,,,,,UNRESOLVED,UNRESOLVED,Unknown,unresolved,0,0,0,TRUE,2026-04-07T09:21:17.880566+00:00
SUHANA RTC CHICKEN CHILLI,,,,,,,,,,,UNRESOLVED,UNRESOLVED,Unknown,unresolved,0,0,0,TRUE,2026-04-07T09:21:17.880566+00:00
SUHANA RTC MUTTER PANEER NONG,,,,,,,,,,,UNRESOLVED,UNRESOLVED,Unknown,unresolved,0,0,0,TRUE,2026-04-07T09:21:17.880566+00:00
SUHANA RTC SAAG PANEER,,,,,,,,,,,UNRESOLVED,UNRESOLVED,Unknown,unresolved,0,0,0,TRUE,2026-04-07T09:21:17.880566+00:00
SUHANA SEEKH KEBAB MASALA,,,,,,,,,,,UNRESOLVED,UNRESOLVED,Unknown,unresolved,0,0,0,TRUE,2026-04-07T09:21:17.880566+00:00
SUHANA TURMERIC POWDER,,,,,,,,,,,UNRESOLVED,UNRESOLVED,Unknown,unresolved,0,0,0,TRUE,2026-04-07T09:21:17.880566+00:00
SUN DAYS REFINED SUNFLOWER OIL,,3696,,,,99.99,,,Food,Liquid,UNRESOLVED,UNRESOLVED,Unknown,unresolved,0,0,0,TRUE,2026-04-07T09:21:17.880566+00:00
SUNFRESH CHILLI SAUCE,,,,,,,,,,,TABLE SAUCES,TOMATO SAUCE,Ultra-processed foods,simulated_lookup_fuzzy,0.8,0.77,0.79,TRUE,2026-04-07T09:21:17.880566+00:00
SUNFRESH SAUCE,140,585.76,4,25,5,2,,0.42,Tomato Sauce,Paste,TABLE SAUCES,TOMATO SAUCE,Ultra-processed foods,simulated_lookup_exact,0.99,0.99,0.99,FALSE,2026-04-07T09:21:17.880566+00:00
SUNFRESH TOMATO SAUCE,140,585.76,4,25,5,2,0,0.42,Tomato Sauce,Paste,TABLE SAUCES,TOMATO SAUCE,Ultra-processed foods,simulated_lookup_fuzzy,0.8,0.77,0.79,TRUE,2026-04-07T09:21:17.880566+00:00
SUNRICE ALL DAY BASMATI RICE,345,1443,6,78,,0.5,0.3,0.0003,Rice,Solid,UNRESOLVED,UNRESOLVED,Unknown,unresolved,0,0,0,TRUE,2026-04-07T09:21:17.880566+00:00
SUNRICE BASMATI,350,1464,8.8,78,,,1.6,0.0017,Rice,Solid,UNRESOLVED,UNRESOLVED,Unknown,unresolved,0,0,0,TRUE,2026-04-07T09:21:17.880566+00:00
SUNRICE BIRYANI RICE,357,1493,8.6,79,,,1.8,0.0041,Rice,Solid,CEREAL GRAINS,WHITE RICE,Unprocessed/Minimally processed foods,simulated_lookup_fuzzy,0.919,0.889,0.909,FALSE,2026-04-07T09:21:17.880566+00:00
SUNRICE KENYA FINEST AROMATIC PISHORI RICE,351,1491,7.8,77.7,0.5,0.8,1,,Pishori Rice,Solid,UNRESOLVED,UNRESOLVED,Unknown,unresolved,0,0,0,TRUE,2026-04-07T09:21:17.880566+00:00
SUNRICE LONG GRAIN,354,1966.48,7,78,0,0,0,0.004,Rice,Solid,CEREAL GRAINS,WHITE RICE,Unprocessed/Minimally processed foods,simulated_lookup_fuzzy,0.909,0.879,0.899,FALSE,2026-04-07T09:21:17.880566+00:00
SUNRICE MWEA PISHORI RICE,351,1491,7.8,77.7,0.5,0.8,1,,Pishori Rice,Solid,CEREAL GRAINS,WHITE RICE,Unprocessed/Minimally processed foods,simulated_lookup_fuzzy,0.81,0.78,0.8,TRUE,2026-04-07T09:21:17.880566+00:00
SUNRICE THAI JASMINE,,,,,,,,,,,UNRESOLVED,UNRESOLVED,Unknown,unresolved,0,0,0,TRUE,2026-04-07T09:21:17.880566+00:00
SUNRICE THAI JASMINE RICE,355,1485.71,7.14286,78.8571,1.42857,1.42857,,,Rice,Solid,UNRESOLVED,UNRESOLVED,Unknown,unresolved,0,0,0,TRUE,2026-04-07T09:21:17.880566+00:00
SUNTOP BERRY FRUIT JUICE,54,225.9,1,13,13,,,0.0018,Fruit Juice,Liquid,UNRESOLVED,UNRESOLVED,Unknown,unresolved,0,0,0,TRUE,2026-04-07T09:21:17.880566+00:00
SUNTOP BLACKCURRANT FRUIT JUICE,51,214,0,12,12,0,0,,Fruit Juice,Liquid,FRUIT DRINKS/SWEETENED JUICES & BOTTLED TEAS,FRUIT DRINKS/SWEETENED JUICE,Ultra-processed foods,simulated_lookup_fuzzy,0.731,0.701,0.721,TRUE,2026-04-07T09:21:17.880566+00:00
SUNVEAT ASSORTED CLASSIC BISCUITS,451,1966.48,7,77,22,12,0,0,Biscuits,Solid,UNRESOLVED,UNRESOLVED,Unknown,unresolved,0,0,0,TRUE,2026-04-07T09:21:17.880566+00:00
SUNVEAT BOURBON CHOCOLATE CREAM BISCUIT,505,2112.9,5,60,,20,,,Biscuit,Solid,UNRESOLVED,UNRESOLVED,Unknown,unresolved,0,0,0,TRUE,2026-04-07T09:21:17.880566+00:00
SUNVEAT BUTTER COOKIES,495,2071.08,8,68,,21,,,Cookies,Solid,UNRESOLVED,UNRESOLVED,Unknown,unresolved,0,0,0,TRUE,2026-04-07T09:21:17.880566+00:00
SUNVEAT CASHEW COOKIES,,,,,,,,,Cookies,Solid,UNRESOLVED,UNRESOLVED,Unknown,unresolved,0,0,0,TRUE,2026-04-07T09:21:17.880566+00:00
SUNVEAT CHOCOLATE CREAM BISCUITS,451,1886.98,7,77,22,12,,,Biscuit,Solid,UNRESOLVED,UNRESOLVED,Unknown,unresolved,0,0,0,TRUE,2026-04-07T09:21:17.880566+00:00
SUNVEAT CHOCOLATE WAFERS,,,,,,,,,Wafers,Solid,UNRESOLVED,UNRESOLVED,Unknown,unresolved,0,0,0,TRUE,2026-04-07T09:21:17.880566+00:00
SUNVEAT DIGESTIVE BISCUIT,470,1966.48,9,65,,19,,,Biscuit,Solid,"COOKIES, BISCUITS AND WAFERS",BISCUITS,Ultra-processed foods,simulated_lookup_fuzzy,0.809,0.779,0.799,TRUE,2026-04-07T09:21:17.880566+00:00
SUNVEAT FAMILY BITE ORIGINAL BISCUITS,451,1966.48,7,77,22,12,0,0,Biscuits,Solid,UNRESOLVED,UNRESOLVED,Unknown,unresolved,0,0,0,TRUE,2026-04-07T09:21:17.880566+00:00
SUNVEAT FAMILY CHOCOLATE BISCUITS,451,1966.48,7,77,22,12,0,0,Biscuits,Solid,UNRESOLVED,UNRESOLVED,Unknown,unresolved,0,0,0,TRUE,2026-04-07T09:21:17.880566+00:00
SUNVEAT GINGER NUT BISCUIT,461,1928.82,5,71,28,16,,0.37,Biscuit,Solid,"COOKIES, BISCUITS AND WAFERS",BISCUITS,Ultra-processed foods,simulated_lookup_fuzzy,0.778,0.748,0.768,TRUE,2026-04-07T09:21:17.880566+00:00
SUNVEAT GINGER NUTS BISCUIT 60 PIECES,461,1928.82,5,71,28,16,,0.37,Biscuit,Solid,UNRESOLVED,UNRESOLVED,Unknown,unresolved,0,0,0,TRUE,2026-04-07T09:21:17.880566+00:00
SUNVEAT KOKO COFFEE,433,1811.67,7,87,,9,,,Biscuits,Solid,UNRESOLVED,UNRESOLVED,Unknown,unresolved,0,0,0,TRUE,2026-04-07T09:21:17.880566+00:00
SUNVEAT LEMON DELIGHT TEA BISCUITS,473,1979.03,7.5,72.8,,16.9,,,Biscuits,Solid,UNRESOLVED,UNRESOLVED,Unknown,unresolved,0,0,0,TRUE,2026-04-07T09:21:17.880566+00:00
SUNVEAT MIXED NUT COOKIES,446,1866.06,4,78,,12,3,0.288,Cookies,Solid,UNRESOLVED,UNRESOLVED,Unknown,unresolved,0,0,0,TRUE,2026-04-07T09:21:17.880566+00:00
SUNVEAT OAT & HONEY DIGESTIVE BISCUIT,470,1966.48,9,68,,17,,,Digestive Biscuit,Solid,UNRESOLVED,UNRESOLVED,Unknown,unresolved,0,0,0,TRUE,2026-04-07T09:21:17.880566+00:00
SUNVEAT OAT AND HONEY DIGESTIVE BISCUIT,470,1966.48,9,68,,17,,,Digestive Biscuit,Solid,UNRESOLVED,UNRESOLVED,Unknown,unresolved,0,0,0,TRUE,2026-04-07T09:21:17.880566+00:00
SUNVEAT ORANGE WAFERS,506,2117,7,64,,24,,,Wafers,Solid,UNRESOLVED,UNRESOLVED,Unknown,unresolved,0,0,0,TRUE,2026-04-07T09:21:17.880566+00:00
SUNVEAT ORIGINAL FAMILY BISCUITS,451,1966.48,7,77,22,12,0,0,Biscuits,Solid,UNRESOLVED,UNRESOLVED,Unknown,unresolved,0,0,0,TRUE,2026-04-07T09:21:17.880566+00:00
SUNVEAT PETIT BEURRE CHOCO VANILLA BISCUIT,,,,,,,,,,,UNRESOLVED,UNRESOLVED,Unknown,unresolved,0,0,0,TRUE,2026-04-07T09:21:17.880566+00:00
SUNVEAT PETIT BEURRE LEMON BISCUIT,,,,,,,,,,,UNRESOLVED,UNRESOLVED,Unknown,unresolved,0,0,0,TRUE,2026-04-07T09:21:17.880566+00:00
SUNVEAT PETIT BISCUIT STRAWBERRY CREAMY,,,,,,,,,,,UNRESOLVED,UNRESOLVED,Unknown,unresolved,0,0,0,TRUE,2026-04-07T09:21:17.880566+00:00
SUNVEAT REAL COCONUT COOKIES,473,1979.03,7.5,72.8,,16.9,,,Cookies,Solid,"COOKIES, BISCUITS AND WAFERS",COOKIES,Ultra-processed foods,simulated_lookup_fuzzy,0.76,0.73,0.75,TRUE,2026-04-07T09:21:17.880566+00:00
SUNVEAT SHORT CAKE BISCUITS,346,1448,6.1,48.5,48.5,14.2,,,Biscuits,Solid,"COOKIES, BISCUITS AND WAFERS",BISCUITS,Ultra-processed foods,simulated_lookup_fuzzy,0.776,0.746,0.766,TRUE,2026-04-07T09:21:17.880566+00:00
SUNVEAT STRAWBERRY CREAM BISCUITS,,,,,,,,,Biscuit,Solid,"COOKIES, BISCUITS AND WAFERS",BISCUITS,Ultra-processed foods,simulated_lookup_fuzzy,0.831,0.801,0.821,TRUE,2026-04-07T09:21:17.880566+00:00
SUNVEAT STRAWBERRY WAFERS,,,,,,,,,Wafers,Solid,UNRESOLVED,UNRESOLVED,Unknown,unresolved,0,0,0,TRUE,2026-04-07T09:21:17.880566+00:00
SUNVEAT VANILLA WAFERS,106,443,1,13,,5,,,Wafers,Solid,UNRESOLVED,UNRESOLVED,Unknown,unresolved,0,0,0,TRUE,2026-04-07T09:21:17.880566+00:00
SUPERCIRIO TOMATO PUREE,,,,,,,,,Paste,Paste,UNRESOLVED,UNRESOLVED,Unknown,unresolved,0,0,0,TRUE,2026-04-07T09:21:17.880566+00:00
SUREE CHILLI AND GARLIC SAUCE,81,328,0.8,3.3,0,0.3,0,1.6,Sauce,Paste,UNRESOLVED,UNRESOLVED,Unknown,unresolved,0,0,0,TRUE,2026-04-07T09:21:17.880566+00:00
SUREE FISH SAUCE,41,175,6.6,3.7,,,,,Sauce,Paste,TABLE SAUCES,TOMATO SAUCE,Ultra-processed foods,simulated_lookup_fuzzy,0.8,0.77,0.79,TRUE,2026-04-07T09:21:17.880566+00:00
SUREE HOISIN SAUCE,276,1169,3.1,59.2,49.7,2.6,1.7,0.007,Sauce,Paste,UNRESOLVED,UNRESOLVED,Unknown,unresolved,0,0,0,TRUE,2026-04-07T09:21:17.880566+00:00
SUREE PAD THAI SAUCE,24,18,100,100,0,1.2,7.5,,Food,,UNRESOLVED,UNRESOLVED,Unknown,unresolved,0,0,0,TRUE,2026-04-07T09:21:17.880566+00:00
SUREE RICE STICK 1MM,200,8368,4,45,,0.1,0.1,0.01,Rice,Solid,UNRESOLVED,UNRESOLVED,Unknown,unresolved,0,0,0,TRUE,2026-04-07T09:21:17.880566+00:00
SUREE RICE STICK 3MM,200,8368,4,45,,0.1,0.1,0.01,Rice,Solid,UNRESOLVED,UNRESOLVED,Unknown,unresolved,0,0,0,TRUE,2026-04-07T09:21:17.880566+00:00
SUREE RICE STICK 5MM,200,8368,4,45,,0.1,0.1,0.01,Rice,Solid,UNRESOLVED,UNRESOLVED,Unknown,unresolved,0,0,0,TRUE,2026-04-07T09:21:17.880566+00:00
SUREE SPRING ROLL DIPPING SAUCE,280,1172,0,68,65,0.9,0,0,Dipping Sauce,Paste,UNRESOLVED,UNRESOLVED,Unknown,unresolved,0,0,0,TRUE,2026-04-07T09:21:17.880566+00:00
SUREE SUKIYAKI SAUCE,,,,,,,,,,,UNRESOLVED,UNRESOLVED,Unknown,unresolved,0,0,0,TRUE,2026-04-07T09:21:17.880566+00:00
SUREE SWEET PLUM SAUCE,241,1025,0,60,58,0,0,0,Plum Sauce,Paste,UNRESOLVED,UNRESOLVED,Unknown,unresolved,0,0,0,TRUE,2026-04-07T09:21:17.880566+00:00
SUREE SWEET SOY SAUCE,287,1220,0.5,70,69,0.5,0.5,2.6,Soy Sauce,Paste,UNRESOLVED,UNRESOLVED,Unknown,unresolved,0,0,0,TRUE,2026-04-07T09:21:17.880566+00:00
SUREE THAI GREEN CURRY PASTE,75,314,3,9,9,1.1,0,0,Curry Paste,Paste,UNRESOLVED,UNRESOLVED,Unknown,unresolved,0,0,0,TRUE,2026-04-07T09:21:17.880566+00:00
SUREE THAI MASSAMUM CURRY PASTE,130,543,7,15,11,2.2,,,Curry Paste,Paste,UNRESOLVED,UNRESOLVED,Unknown,unresolved,0,0,0,TRUE,2026-04-07T09:21:17.880566+00:00
SUREE THAI PANANG CURRY PASTE,117,489,6.1,15,6.4,1.6,,,Curry Paste,Paste,UNRESOLVED,UNRESOLVED,Unknown,unresolved,0,0,0,TRUE,2026-04-07T09:21:17.880566+00:00
SUREE THAI YELLOW CURRY PASTE,77,319,3.6,7.5,6.9,1.3,0,0,Curry Paste,Paste,UNRESOLVED,UNRESOLVED,Unknown,unresolved,0,0,0,TRUE,2026-04-07T09:21:17.880566+00:00
SUREE TOM YUM CURRY PASTE,,,,,,,,,,,UNRESOLVED,UNRESOLVED,Unknown,unresolved,0,0,0,TRUE,2026-04-07T09:21:17.880566+00:00
SUREE VERMICELLI RICE,299,1251,6.8,67,,0.4,,0.002,Rice,Solid,UNRESOLVED,UNRESOLVED,Unknown,unresolved,0,0,0,TRUE,2026-04-07T09:21:17.880566+00:00
SWEET L VEGAN BLUE RASPBERRY,,,,,,,,,,,UNRESOLVED,UNRESOLVED,Unknown,unresolved,0,0,0,TRUE,2026-04-07T09:21:17.880566+00:00
SWEET L VEGAN STRAWBERRY HEART,,,,,,,,,,,UNRESOLVED,UNRESOLVED,Unknown,unresolved,0,0,0,TRUE,2026-04-07T09:21:17.880566+00:00
SWEET L VEGAN WATERMELON SLICE,,,,,,,,,,,UNRESOLVED,UNRESOLVED,Unknown,unresolved,0,0,0,TRUE,2026-04-07T09:21:17.880566+00:00
SWEET LOUNGE VEGAN BLUE RASPBERRY,,,,,,,,,,,UNRESOLVED,UNRESOLVED,Unknown,unresolved,0,0,0,TRUE,2026-04-07T09:21:17.880566+00:00
SWEET LOUNGE VEGAN FIZZY COLA,,,,,,,,,,,UNRESOLVED,UNRESOLVED,Unknown,unresolved,0,0,0,TRUE,2026-04-07T09:21:17.880566+00:00
SWEET TAMARIND,314,1313,2.9,75,0,0,4,0,Tamarind,Solid,UNRESOLVED,UNRESOLVED,Unknown,unresolved,0,0,0,TRUE,2026-04-07T09:21:17.880566+00:00
SWEETUNDA CHILI SALT CRACKIES,186,778,6,62,2,2,,,Crackies,Solid,UNRESOLVED,UNRESOLVED,Unknown,unresolved,0,0,0,TRUE,2026-04-07T09:21:17.880566+00:00
SWEETUNDA CHILLI SALT CRACKIES,186,778.2,6,62,2,2,,,Crackies,Solid,UNRESOLVED,UNRESOLVED,Unknown,unresolved,0,0,0,TRUE,2026-04-07T09:21:17.880566+00:00
SWEETUNDA FRUIT CHUTNEY,373,1560.6,2,60,6,13,5,,Crackies,Solid,UNRESOLVED,UNRESOLVED,Unknown,unresolved,0,0,0,TRUE,2026-04-07T09:21:17.880566+00:00
SWEETUNDA FRUIT CHUTNY CRACKIES,373,1560,2,60,6,13,5,,Crackies,Solid,UNRESOLVED,UNRESOLVED,Unknown,unresolved,0,0,0,TRUE,2026-04-07T09:21:17.880566+00:00
SWEETUNDA TOMATO KETCHUP CRACKIES,,,,,,,,,,,UNRESOLVED,UNRESOLVED,Unknown,unresolved,0,0,0,TRUE,2026-04-07T09:21:17.880566+00:00
SWEETZONE CANDY FLOSS PAILS,,,,,,,,,,,UNRESOLVED,UNRESOLVED,Unknown,unresolved,0,0,0,TRUE,2026-04-07T09:21:17.880566+00:00
SWEETZONE CANDY FLOSS POT,,,,,,,,,,,UNRESOLVED,UNRESOLVED,Unknown,unresolved,0,0,0,TRUE,2026-04-07T09:21:17.880566+00:00
SWIZZLES GIANT PARMA VIOLETS,415.2,1760.2,,95.7,94.5,3.4,,,,,UNRESOLVED,UNRESOLVED,Unknown,unresolved,0,0,0,TRUE,2026-04-07T09:21:17.880566+00:00
TABASCO GREEN PEPPER SAUCE,,,,,,,,,,,UNRESOLVED,UNRESOLVED,Unknown,unresolved,0,0,0,TRUE,2026-04-07T09:21:17.880566+00:00
TABASCO PEPPER SAUCE,,,,,,,,,,,UNRESOLVED,UNRESOLVED,Unknown,unresolved,0,0,0,TRUE,2026-04-07T09:21:17.880566+00:00
TABASCO SRIRACHA CHILLI SAUCE,121,506,2,27,19,0,0,0,Chilli Sauce,Paste,UNRESOLVED,UNRESOLVED,Unknown,unresolved,0,0,0,TRUE,2026-04-07T09:21:17.880566+00:00
TAMARIN CANDY BAG,211.765,882.353,0,52.9412,,0,,0.0176471,Tamarind Candy,Solid,UNRESOLVED,UNRESOLVED,Unknown,unresolved,0,0,0,TRUE,2026-04-07T09:21:17.880566+00:00
TAMARIND AND GINGER DRINK,,,,,,,,,Tamarind And Ginger Drink,Liquid,UNRESOLVED,UNRESOLVED,Unknown,unresolved,0,0,0,TRUE,2026-04-07T09:21:17.880566+00:00
TAMARIND WITH PURE DRINK,,,,,,,,,,,UNRESOLVED,UNRESOLVED,Unknown,unresolved,0,0,0,TRUE,2026-04-07T09:21:17.880566+00:00
TAMTAM CHILI SAUCE,91.6,383.25,2.5,20,13.3,0.3,2.3,1.3328,Sauce,Liquid,TABLE SAUCES,CHILLI/HOT SAUCE,Ultra-processed foods,simulated_lookup_fuzzy,0.778,0.748,0.768,TRUE,2026-04-07T09:21:17.880566+00:00
TAMTAM TOMATO PASTE,81,338.904,3.8,18.5,,,3,0.53,Tomato Paste,Paste,TOMATO PASTE,TOMATO PASTE,Processed foods,simulated_lookup_fuzzy,0.791,0.761,0.781,TRUE,2026-04-07T09:21:17.880566+00:00
TAMTAM TOMATO SAUCE,,,,,,,,,,,TABLE SAUCES,TOMATO SAUCE,Ultra-processed foods,simulated_lookup_fuzzy,0.811,0.781,0.801,TRUE,2026-04-07T09:21:17.880566+00:00
TAN TAN XIANG HUNAN CHILLI PICKLE,5.3,22.1752,1.3,,0,8,0,5,Pickle,Solid,UNRESOLVED,UNRESOLVED,Unknown,unresolved,0,0,0,TRUE,2026-04-07T09:21:17.880566+00:00
TAYSTEE FLAMING HOT SAUCE,,,,,,,,,,,UNRESOLVED,UNRESOLVED,Unknown,unresolved,0,0,0,TRUE,2026-04-07T09:21:17.880566+00:00
TEEKA FUN DELICIOUS CHOCOLATE FOR BOYS,545,2280.25,8,56.5,51,32,0,0,Chocolate,Solid,UNRESOLVED,UNRESOLVED,Unknown,unresolved,0,0,0,TRUE,2026-04-07T09:21:17.880566+00:00
TEEKA FUN DELICIOUS CHOCOLATE FOR GIRLS,545,2280.25,8,56.5,51,32,0,0,Chocolate,Solid,UNRESOLVED,UNRESOLVED,Unknown,unresolved,0,0,0,TRUE,2026-04-07T09:21:17.880566+00:00
TEMMY'S CHOCO PILLOW COCOA CREAM FILLED CEREAL,467,1954,8.7,59.9,26.5,20,1,0.28,Cereal,Solid,UNRESOLVED,UNRESOLVED,Unknown,unresolved,0,0,0,TRUE,2026-04-07T09:21:17.880566+00:00
TEMMY'S CHOCO POPS PUFFED CORN WITH COCOA CEREAL,384,1606.65,8.7,59.9,26.5,20,1,0.28,Cereal,Solid,UNRESOLVED,UNRESOLVED,Unknown,unresolved,0,0,0,TRUE,2026-04-07T09:21:17.880566+00:00
TEMMY'S CHOCO RICE CEREAL,467,1954,8.7,59.9,26.5,20,1,0.28,Cereal,Solid,UNRESOLVED,UNRESOLVED,Unknown,unresolved,0,0,0,TRUE,2026-04-07T09:21:17.880566+00:00
TEMMY'S CHOCO SCOOPS CEREAL,120,502.08,2,24,10,,1,0.075,Cereal,Solid,UNRESOLVED,UNRESOLVED,Unknown,unresolved,0,0,0,TRUE,2026-04-07T09:21:17.880566+00:00
TEMMY'S CORN FLAKES CEREAL,350,1464.4,15,75,22.5,2.5,7.5,0.35,Cereal,Solid,UNRESOLVED,UNRESOLVED,Unknown,unresolved,0,0,0,TRUE,2026-04-07T09:21:17.880566+00:00
TEMMY'S DELICIOUS CORN FLAKES CEREAL,350,1464.4,15,75,22.5,2.5,7.5,0.35,Cereal,Solid,UNRESOLVED,UNRESOLVED,Unknown,unresolved,0,0,0,TRUE,2026-04-07T09:21:17.880566+00:00
TEMMY'S HONEY POPS CEREAL,413.793,1731.31,6.89655,96.5517,,,,,Cereal,Solid,UNRESOLVED,UNRESOLVED,Unknown,unresolved,0,0,0,TRUE,2026-04-07T09:21:17.880566+00:00
TEMMY'S KIDS VARIETY CEREAL,150,627.6,3,23,7,0.5,3,0.045,Cereal,Solid,UNRESOLVED,UNRESOLVED,Unknown,unresolved,0,0,0,TRUE,2026-04-07T09:21:17.880566+00:00
TEMMYS CEREAL SWEET FLAKES,,,,,,,,,,,UNRESOLVED,UNRESOLVED,Unknown,unresolved,0,0,0,TRUE,2026-04-07T09:21:17.880566+00:00
TERRA DELYSSA EXTRA VIRGIN OLIVE OIL,821,3374,0,0,0,91.2,0,,Extra Virgin Olive Oil,Liquid,UNRESOLVED,UNRESOLVED,Unknown,unresolved,0,0,0,TRUE,2026-04-07T09:21:17.880566+00:00
TERRA DELYSSA ORGANIC EXTRA VIRGIN OLIVE OIL,824,3698.66,0,0,0,100,0,0.002,Olive oil,Liquid,UNRESOLVED,UNRESOLVED,Unknown,unresolved,0,0,0,TRUE,2026-04-07T09:21:17.880566+00:00
TERRY'S CHOCOLATE MINT MILK,,,,,,,,,,,UNRESOLVED,UNRESOLVED,Unknown,unresolved,0,0,0,TRUE,2026-04-07T09:21:17.880566+00:00
TERRY'S MINI EGGS TABLET,,,,,,,,,,,UNRESOLVED,UNRESOLVED,Unknown,unresolved,0,0,0,TRUE,2026-04-07T09:21:17.880566+00:00
TERRYRSQUOS CHOCOLATE ORANGE MILK BALL,524,2188,5.9,59,59,29,2.4,,Chocolate Orange,Solid,UNRESOLVED,UNRESOLVED,Unknown,unresolved,0,0,0,TRUE,2026-04-07T09:21:17.880566+00:00
THAI DANCER BLACK PEPPER SAUCE,110,466,1.5,25,21,,1,,Sauce,Liquid,UNRESOLVED,UNRESOLVED,Unknown,unresolved,0,0,0,TRUE,2026-04-07T09:21:17.880566+00:00
THAI DANCER GARLIC CHILLI SAUCE,,,,,,,,,,,UNRESOLVED,UNRESOLVED,Unknown,unresolved,0,0,0,TRUE,2026-04-07T09:21:17.880566+00:00
THAI DANCER GREEN CURRY PASTE,,,,,,,,,,,UNRESOLVED,UNRESOLVED,Unknown,unresolved,0,0,0,TRUE,2026-04-07T09:21:17.880566+00:00
THAI DANCER MASSAMAN CURRY PASTE,209,871,2,22,18,11,5,,Curry Paste,Paste,UNRESOLVED,UNRESOLVED,Unknown,unresolved,0,0,0,TRUE,2026-04-07T09:21:17.880566+00:00
THAI DANCER ORIENTAL HOISIN SAUCE,,,,,,,,,,,UNRESOLVED,UNRESOLVED,Unknown,unresolved,0,0,0,TRUE,2026-04-07T09:21:17.880566+00:00
THAI DANCER RED CURRY PASTE,143,595,4,12,3.5,1.5,9,,Curry Paste,Paste,UNRESOLVED,UNRESOLVED,Unknown,unresolved,0,0,0,TRUE,2026-04-07T09:21:17.880566+00:00
THAI DANCER RICE STICK 3MM,,,,,,,,,,,UNRESOLVED,UNRESOLVED,Unknown,unresolved,0,0,0,TRUE,2026-04-07T09:21:17.880566+00:00
THAI DANCER SPRING ROLLS CHILI SAUCE,200,837,0,50,48,0,,,Sauce,Liquid,UNRESOLVED,UNRESOLVED,Unknown,unresolved,0,0,0,TRUE,2026-04-07T09:21:17.880566+00:00
THAI DANCER SRIRACHA MAYO SAUCE,,,,,,,,,,,UNRESOLVED,UNRESOLVED,Unknown,unresolved,0,0,0,TRUE,2026-04-07T09:21:17.880566+00:00
THAI DANCER SWEET AND SOUR SAUCE,,,,,,,,,,,UNRESOLVED,UNRESOLVED,Unknown,unresolved,0,0,0,TRUE,2026-04-07T09:21:17.880566+00:00
THAI DANCER SWEET CHILLI SAUCE,,,,,,,,,,,UNRESOLVED,UNRESOLVED,Unknown,unresolved,0,0,0,TRUE,2026-04-07T09:21:17.880566+00:00
THAI DANCER TERIYAKI MAYO SAUCE,238,1006,,52,46,3.2,,,Sauce,Liquid,UNRESOLVED,UNRESOLVED,Unknown,unresolved,0,0,0,TRUE,2026-04-07T09:21:17.880566+00:00
THAI DANCER TOM KHA CURRY PASTE,,,,,,,,,,,UNRESOLVED,UNRESOLVED,Unknown,unresolved,0,0,0,TRUE,2026-04-07T09:21:17.880566+00:00
THAI DANCER TOM YUM PASTE,,,,,,,,,,,UNRESOLVED,UNRESOLVED,Unknown,unresolved,0,0,0,TRUE,2026-04-07T09:21:17.880566+00:00
THAI DANCER TROPICAL MANGOSTEEN AND CHILI SAUCE,167,711,0,42,40,0,,,Sauce,Liquid,UNRESOLVED,UNRESOLVED,Unknown,unresolved,0,0,0,TRUE,2026-04-07T09:21:17.880566+00:00
THAI DANCER WASABI MAYO SAUCE,,,,,,,,,,,UNRESOLVED,UNRESOLVED,Unknown,unresolved,0,0,0,TRUE,2026-04-07T09:21:17.880566+00:00
THAI DANCER YELLOW CURRY PASTE,,,,,,,,,,,UNRESOLVED,UNRESOLVED,Unknown,unresolved,0,0,0,TRUE,2026-04-07T09:21:17.880566+00:00
THAI DRAGON SRIRACHA HOT CHILLI SAUCE,141,590,2,30,,1,2,,Sauce,Paste,UNRESOLVED,UNRESOLVED,Unknown,unresolved,0,0,0,TRUE,2026-04-07T09:21:17.880566+00:00
THAI ERAWAN GLUTINUS RICE FLOUR,,,,,,,,,,,UNRESOLVED,UNRESOLVED,Unknown,unresolved,0,0,0,TRUE,2026-04-07T09:21:17.880566+00:00
THAI YEARRA COCONUT MILK POWDER,,,,,,,,,,,UNRESOLVED,UNRESOLVED,Unknown,unresolved,0,0,0,TRUE,2026-04-07T09:21:17.880566+00:00
THE BELGIAN CREAMY VANILLA SEASHELLS CHOCOLATES,,,,,,,,,Chocolates,Solid,UNRESOLVED,UNRESOLVED,Unknown,unresolved,0,0,0,TRUE,2026-04-07T09:21:17.880566+00:00
THE BELGIAN HEARTS CHOCOLATE,500,2000,,,,,,,Chocolate,Solid,UNRESOLVED,UNRESOLVED,Unknown,unresolved,0,0,0,TRUE,2026-04-07T09:21:17.880566+00:00
THE BELGIAN PRALINES ASSORTED CHOCOLATE,544.118,2276.59,7.05882,46.1765,,35,2.94118,,Chocolate,Solid,UNRESOLVED,UNRESOLVED,Unknown,unresolved,0,0,0,TRUE,2026-04-07T09:21:17.880566+00:00
THE BELGIAN RASPBERRY DELIGHT CHOCOLATE,560,2343.04,4,52,52,36,4,0.04,Chocolate,Solid,UNRESOLVED,UNRESOLVED,Unknown,unresolved,0,0,0,TRUE,2026-04-07T09:21:17.880566+00:00
THE BELGIAN SEASHELLS DARK CHOCOLATE,542.857,2271.14,5.71429,40,37.1429,40,8.57143,0.00571429,Dark Chocolate,Solid,UNRESOLVED,UNRESOLVED,Unknown,unresolved,0,0,0,TRUE,2026-04-07T09:21:17.880566+00:00
THE COCONUT COMPANY ORGANIC COCONUT FLOUR,,,,,,,,,,,UNRESOLVED,UNRESOLVED,Unknown,unresolved,0,0,0,TRUE,2026-04-07T09:21:17.880566+00:00
THE CRACKER SHACK AMARANTH CRACKERS,487,2037.61,,63,,21,,1.9,Crackers,Solid,UNRESOLVED,UNRESOLVED,Unknown,unresolved,0,0,0,TRUE,2026-04-07T09:21:17.880566+00:00
THE CRACKER SHACK CHARCOAL CRACKERS,501,2096.18,7,71,,6,,,Crackers,Solid,UNRESOLVED,UNRESOLVED,Unknown,unresolved,0,0,0,TRUE,2026-04-07T09:21:17.880566+00:00
THE CRACKER SHACK CHEDDAR CRACKERS,487,2037.61,,63,,21,,1.9,Crackers,Solid,UNRESOLVED,UNRESOLVED,Unknown,unresolved,0,0,0,TRUE,2026-04-07T09:21:17.880566+00:00
THE CRACKER SHACK CHEDDAR CRACKERS X 6 PIECES,118.75,496.812,3.75,18.75,7.5,3.75,1.875,0.2125,Cheddar Cracker,Solid,UNRESOLVED,UNRESOLVED,Unknown,unresolved,0,0,0,TRUE,2026-04-07T09:21:17.880566+00:00
THE CRACKER SHACK GLUTEN FREE FRUIT AND NUT CRACKERS,441,1845.14,9,65,,16,,,Crackers,Solid,UNRESOLVED,UNRESOLVED,Unknown,unresolved,0,0,0,TRUE,2026-04-07T09:21:17.880566+00:00
THE CRACKER SHACK ORIGINAL GLUTEN FREE OAT AND AMARANTH CRACKERS,504,2108.74,7,61,7,26,2.1,0.748,Cracker,Solid,UNRESOLVED,UNRESOLVED,Unknown,unresolved,0,0,0,TRUE,2026-04-07T09:21:17.880566+00:00
THE CRACKER SHACK ROSEMARY CRACKERS,487,2037.61,,63,,21,,1.9,Crackers,Solid,UNRESOLVED,UNRESOLVED,Unknown,unresolved,0,0,0,TRUE,2026-04-07T09:21:17.880566+00:00
THE CRACKER SHACK SESAME LAVASH CRACKERS,,,,,,,,,Crackers,Solid,UNRESOLVED,UNRESOLVED,Unknown,unresolved,0,0,0,TRUE,2026-04-07T09:21:17.880566+00:00
THEAT KENYAN CHEVDA MILD,,,,,,,,,,,UNRESOLVED,UNRESOLVED,Unknown,unresolved,0,0,0,TRUE,2026-04-07T09:21:17.880566+00:00
TIC TAC CITRUS MIX,,,,,,,,,,,CANDY AND CONFECTIONERY,SWEETS/CANDY,Ultra-processed foods,simulated_lookup_fuzzy,0.737,0.707,0.727,TRUE,2026-04-07T09:21:17.880566+00:00
TIC TAC MINT DROPS CANDIES T21,152,635,1,32,,56,,,Candies,Solid,UNRESOLVED,UNRESOLVED,Unknown,unresolved,0,0,0,TRUE,2026-04-07T09:21:17.880566+00:00
TIC TAC ORANGE DROPS CANDIES T21,152,635,1,32,,56,,,Candies,Solid,UNRESOLVED,UNRESOLVED,Unknown,unresolved,0,0,0,TRUE,2026-04-07T09:21:17.880566+00:00
TIC TAC SPEARMINT CANDIES T21,152,635,1,32,,56,,,Candies,Solid,UNRESOLVED,UNRESOLVED,Unknown,unresolved,0,0,0,TRUE,2026-04-07T09:21:17.880566+00:00
TIC TAC STRAWBERRY MIX DROPS CANDIES,152,635,1,32,,56,,,Candies,Solid,CANDY AND CONFECTIONERY,SWEETS/CANDY,Ultra-processed foods,simulated_lookup_fuzzy,0.759,0.729,0.749,TRUE,2026-04-07T09:21:17.880566+00:00
TIFFANY BITES CASHEW,,,,,,,,,,,UNRESOLVED,UNRESOLVED,Unknown,unresolved,0,0,0,TRUE,2026-04-07T09:21:17.880566+00:00
TIFFANY BITES PISTACHIO,,,,,,,,,,,UNRESOLVED,UNRESOLVED,Unknown,unresolved,0,0,0,TRUE,2026-04-07T09:21:17.880566+00:00
TIFFANY CRUNCH N CREAM CRUNCHIEST CHOCOLATE FLAVOURED CREAM WAFER,2547.37,10647.4,32.6316,322.632,203.684,124.737,9.47368,1.57895,Wafer,Solid,UNRESOLVED,UNRESOLVED,Unknown,unresolved,0,0,0,TRUE,2026-04-07T09:21:17.880566+00:00
TIFFANY CRUNCH N CREAM HAZELNUT WAFERS,2663.16,11152.6,45.2632,283.684,170.526,149.474,18.4211,0.552632,Wafer,Solid,UNRESOLVED,UNRESOLVED,Unknown,unresolved,0,0,0,TRUE,2026-04-07T09:21:17.880566+00:00
TIFFANY CRUNCH N CREAM VANILLA WAFERS,535.85,2242,6.9,54.3,30.4,32.1,1.6,0.119,Wafer,Solid,UNRESOLVED,UNRESOLVED,Unknown,unresolved,0,0,0,TRUE,2026-04-07T09:21:17.880566+00:00
TIFFANY DELIGHT BUTTER COOKIES,,,,,,,,,Cookies,Solid,UNRESOLVED,UNRESOLVED,Unknown,unresolved,0,0,0,TRUE,2026-04-07T09:21:17.880566+00:00
TIFFANY DELIGHTS CHOCOLATE CHIPS COOKIES,,,,,,,,,Cookies,Solid,"COOKIES, BISCUITS AND WAFERS",COOKIES,Ultra-processed foods,simulated_lookup_fuzzy,0.72,0.69,0.71,TRUE,2026-04-07T09:21:17.880566+00:00
TIFFANY EVERY DAY MARIE TEA BISCUITS,426,1782,6.5,68.6,19.8,13.5,0.6,0.257,Tea Biscuits,Solid,UNRESOLVED,UNRESOLVED,Unknown,unresolved,0,0,0,TRUE,2026-04-07T09:21:17.880566+00:00
TIFFANY NATURAL WHEAT DIGESTIVE BISCUIT,436,1824.22,72,66,21,171,,0.474,Digestive Biscuit,Solid,UNRESOLVED,UNRESOLVED,Unknown,unresolved,0,0,0,TRUE,2026-04-07T09:21:17.880566+00:00
TIGER TAIL CAKE,,,,,,,,,,,UNRESOLVED,UNRESOLVED,Unknown,unresolved,0,0,0,TRUE,2026-04-07T09:21:17.880566+00:00
TILLY COOKING FAT,884,3698.66,,,,14,,,Cooking Fat,Paste,UNRESOLVED,UNRESOLVED,Unknown,unresolved,0,0,0,TRUE,2026-04-07T09:21:17.880566+00:00
TILLY PURE WHITE COOKING FAT,884,3698.66,,,,14,,,Cooking Fat,Paste,UNRESOLVED,UNRESOLVED,Unknown,unresolved,0,0,0,TRUE,2026-04-07T09:21:17.880566+00:00
TOBLERONE HONEY AND ALMOND NOUGAT SWISS DARK CHOCOLATE,535,2245,6.1,62,62,29.5,0.2,,Dark Chocolate,Solid,UNRESOLVED,UNRESOLVED,Unknown,unresolved,0,0,0,TRUE,2026-04-07T09:21:17.880566+00:00
TOBLERONE SWISS FRUIT AND NUT MILK CHOCOLATE,505,2112.92,5.2,61.5,61,26,2.7,,Milk Chocolate,Solid,UNRESOLVED,UNRESOLVED,Unknown,unresolved,0,0,0,TRUE,2026-04-07T09:21:17.880566+00:00
TOBLERONE TRUFFLES CHOCOLATE,563.8,2359,5.2,55,,36,2.1,,,,UNRESOLVED,UNRESOLVED,Unknown,unresolved,0,0,0,TRUE,2026-04-07T09:21:17.880566+00:00
TOFFEE CRISP BISCUIT,,,,,,,,,,,UNRESOLVED,UNRESOLVED,Unknown,unresolved,0,0,0,TRUE,2026-04-07T09:21:17.880566+00:00
TOLL HOUSE COCOA,,,,,,,,,,,UNRESOLVED,UNRESOLVED,Unknown,unresolved,0,0,0,TRUE,2026-04-07T09:21:17.880566+00:00
TONG GARDEN ALL NATURAL COCKTAIL SNACK,466.667,1952.33,16.6667,46.6667,36.6667,26.6667,6.66667,,Cocktail Snack,Solid,UNRESOLVED,UNRESOLVED,Unknown,unresolved,0,0,0,TRUE,2026-04-07T09:21:17.880566+00:00
TONG GARDEN SFLOWER SEED C C,,,,,,,,,,,UNRESOLVED,UNRESOLVED,Unknown,unresolved,0,0,0,TRUE,2026-04-07T09:21:17.880566+00:00
TONG GARDEN WASABI GREEN PEAS,,,,,,,,,,,UNRESOLVED,UNRESOLVED,Unknown,unresolved,0,0,0,TRUE,2026-04-07T09:21:17.880566+00:00
TONY'S CHOCOLONELY MILK CHOCOLATE,,,,,,,,,,,UNRESOLVED,UNRESOLVED,Unknown,unresolved,0,0,0,TRUE,2026-04-07T09:21:17.880566+00:00
TONY'S CHOCOLONELY NOUGAT CHOCOLATE,,,,,,,,,,,UNRESOLVED,UNRESOLVED,Unknown,unresolved,0,0,0,TRUE,2026-04-07T09:21:17.880566+00:00
TOP FOOD AMERICAN BARBEQUE RUB SEASONING,277,1158,9,38,19.1,6.1,0,,Barbeque Rub Seasoning,Powder,UNRESOLVED,UNRESOLVED,Unknown,unresolved,0,0,0,TRUE,2026-04-07T09:21:17.880566+00:00
TOP FOOD BASIL,71,294,3.4,2.5,0.4,4.3,4.3,0.02,Basil Herbs,Solid,UNRESOLVED,UNRESOLVED,Unknown,unresolved,0,0,0,TRUE,2026-04-07T09:21:17.880566+00:00
TOP FOOD BAY LEAF,314,1313,8,75,,8,26,0.023,Bay Leaf,Solid,UNRESOLVED,UNRESOLVED,Unknown,unresolved,0,0,0,TRUE,2026-04-07T09:21:17.880566+00:00
TOP FOOD BLACK PEPPER POWDER,349,1460.22,22,63,1,1,,0.0039,Black Pepper Powder,Powder,UNRESOLVED,UNRESOLVED,Unknown,unresolved,0,0,0,TRUE,2026-04-07T09:21:17.880566+00:00
TOP FOOD BLACK PEPPER POWDER P,251,1050,10,64,0.6,3.3,25,0.02,Black Pepper Powder,Powder,UNRESOLVED,UNRESOLVED,Unknown,unresolved,0,0,0,TRUE,2026-04-07T09:21:17.880566+00:00
TOP FOOD BLACK PEPPER WHOLE P,251,1050,10,64,0.6,3.3,2.5,0.02,Black Pepper,Solid,UNRESOLVED,UNRESOLVED,Unknown,unresolved,0,0,0,TRUE,2026-04-07T09:21:17.880566+00:00
TOP FOOD BLACK PEPPER WITH GRIND,,,,,,,,,Black Pepper With Grind,Solid,UNRESOLVED,UNRESOLVED,Unknown,unresolved,0,0,0,TRUE,2026-04-07T09:21:17.880566+00:00
TOP FOOD C MASALA,,,,,,,,,,,UNRESOLVED,UNRESOLVED,Unknown,unresolved,0,0,0,TRUE,2026-04-07T09:21:17.880566+00:00
TOP FOOD CAYENNE PEPPER,318,1330.51,12,57,,17,,0.03,Cayenne Pepper,Powder,UNRESOLVED,UNRESOLVED,Unknown,unresolved,0,0,0,TRUE,2026-04-07T09:21:17.880566+00:00
TOP FOOD CHIA SEEDS,480,2008.32,16,6,0,31,,0,Chia Seeds,Solid,UNRESOLVED,UNRESOLVED,Unknown,unresolved,0,0,0,TRUE,2026-04-07T09:21:17.880566+00:00
TOP FOOD CHICKEN TIKKA MASALA,106,443,5.7,12,2.8,3.9,8.6,0.33,Chicken Tikka Masala,Powder,UNRESOLVED,UNRESOLVED,Unknown,unresolved,0,0,0,TRUE,2026-04-07T09:21:17.880566+00:00
TOP FOOD CHILLI AND LEMON SEASONING,100,418,4,26,0,1,10,0.213,Seasoning,Powder,UNRESOLVED,UNRESOLVED,Unknown,unresolved,0,0,0,TRUE,2026-04-07T09:21:17.880566+00:00
TOP FOOD CHILLI POWDER,,,,,,,,,,,UNRESOLVED,UNRESOLVED,Unknown,unresolved,0,0,0,TRUE,2026-04-07T09:21:17.880566+00:00
TOP FOOD CINNAMON POWDER,300,1255,5,95,5,15,,,Cinnamon Powder,Powder,UNRESOLVED,UNRESOLVED,Unknown,unresolved,0,0,0,TRUE,2026-04-07T09:21:17.880566+00:00
TOP FOOD CITRIC ACID,,,,,,,,,,,UNRESOLVED,UNRESOLVED,Unknown,unresolved,0,0,0,TRUE,2026-04-07T09:21:17.880566+00:00
TOP FOOD CLOVE POWDER,,,,,,,,,,,UNRESOLVED,UNRESOLVED,Unknown,unresolved,0,0,0,TRUE,2026-04-07T09:21:17.880566+00:00
TOP FOOD CUMIN POWDER,375,1569,18,44,2.3,22,11,0.168,Cumin Powder,Powder,UNRESOLVED,UNRESOLVED,Unknown,unresolved,0,0,0,TRUE,2026-04-07T09:21:17.880566+00:00
TOP FOOD CUMIN SEEDS,375,1569,18,44,2.3,22,11,0.168,Cumin Seeds,Solid,UNRESOLVED,UNRESOLVED,Unknown,unresolved,0,0,0,TRUE,2026-04-07T09:21:17.880566+00:00
TOP FOOD CURRY POWDER,62,259,12.3,45,,13.1,,,Curry Powder,Powder,UNRESOLVED,UNRESOLVED,Unknown,unresolved,0,0,0,TRUE,2026-04-07T09:21:17.880566+00:00
TOP FOOD DHANA JEERA POWDER,436,1824.22,11,57,0,17,32,0.102,Dhana Jeera Powder,Powder,UNRESOLVED,UNRESOLVED,Unknown,unresolved,0,0,0,TRUE,2026-04-07T09:21:17.880566+00:00
TOP FOOD FAJITA SEASONING,306,1280,7.9,56,27,3.4,9.6,,Fajita Seasoning,Powder,UNRESOLVED,UNRESOLVED,Unknown,unresolved,0,0,0,TRUE,2026-04-07T09:21:17.880566+00:00
TOP FOOD GARAM MASALA,400,1673.6,20,80,,20,,0.92,Garam Masala,Powder,UNRESOLVED,UNRESOLVED,Unknown,unresolved,0,0,0,TRUE,2026-04-07T09:21:17.880566+00:00
TOP FOOD GARLIC POWDER,,,,,,,,,,,UNRESOLVED,UNRESOLVED,Unknown,unresolved,0,0,0,TRUE,2026-04-07T09:21:17.880566+00:00
TOP FOOD GARLIC SALT,86.4,361.498,4.3,19.4,0.7,0,2.2,0.285,Garlic Salt,Powder,UNRESOLVED,UNRESOLVED,Unknown,unresolved,0,0,0,TRUE,2026-04-07T09:21:17.880566+00:00
TOP FOOD GINGER POWDER,,,,,,,,,Ginger Powder,Powder,UNRESOLVED,UNRESOLVED,Unknown,unresolved,0,0,0,TRUE,2026-04-07T09:21:17.880566+00:00
TOP FOOD GOLDEN RAISINS SULTANA,302,1263.57,3.4,80,59,0.5,,0.1,Golden Raisins Sultana,Solid,UNRESOLVED,UNRESOLVED,Unknown,unresolved,0,0,0,TRUE,2026-04-07T09:21:17.880566+00:00
TOP FOOD GREEK SPICE BLEND,,,,,,,,,Greek Spice Blend,Powder,UNRESOLVED,UNRESOLVED,Unknown,unresolved,0,0,0,TRUE,2026-04-07T09:21:17.880566+00:00
TOP FOOD GROUND CARDAMOM SPICE,400,1670,5,80,,5,,,Ground Cardamom Spice,Powder,UNRESOLVED,UNRESOLVED,Unknown,unresolved,0,0,0,TRUE,2026-04-07T09:21:17.880566+00:00
TOP FOOD GROUND GARLIC SPICE,,,,,,,,,Ground Garlic Spice,Powder,UNRESOLVED,UNRESOLVED,Unknown,unresolved,0,0,0,TRUE,2026-04-07T09:21:17.880566+00:00
TOP FOOD GROUND ONION SPICE,,,,,,,,,Ground Onion Spice,Powder,UNRESOLVED,UNRESOLVED,Unknown,unresolved,0,0,0,TRUE,2026-04-07T09:21:17.880566+00:00
TOP FOOD HIMALAYAN PINK SALT,0,0,,0,0,0,,,Pink Salt,Solid,UNRESOLVED,UNRESOLVED,Unknown,unresolved,0,0,0,TRUE,2026-04-07T09:21:17.880566+00:00
TOP FOOD HOT BLEND POUSSIN SAUCE,576.667,2412.77,100,0.333333,0.166667,13.3333,,0.666667,Sauce,Paste,UNRESOLVED,UNRESOLVED,Unknown,unresolved,0,0,0,TRUE,2026-04-07T09:21:17.880566+00:00
TOP FOOD INDIAN CHAT MASALA,,,,,,,,,Chat Masala,Powder,UNRESOLVED,UNRESOLVED,Unknown,unresolved,0,0,0,TRUE,2026-04-07T09:21:17.880566+00:00
TOP FOOD ITALIAN SPICE BLEND,,,,,,,,,Italian Spice Blend,Powder,UNRESOLVED,UNRESOLVED,Unknown,unresolved,0,0,0,TRUE,2026-04-07T09:21:17.880566+00:00
TOP FOOD LEMON AND PEPPER SEASONING,,,,,,,,,Seasoning,Powder,UNRESOLVED,UNRESOLVED,Unknown,unresolved,0,0,0,TRUE,2026-04-07T09:21:17.880566+00:00
TOP FOOD LEMON PEPPER AND HERB SEASONING,229,962,5.4,35,15.4,2.4,11.7,9.317,Seasoning,Powder,UNRESOLVED,UNRESOLVED,Unknown,unresolved,0,0,0,TRUE,2026-04-07T09:21:17.880566+00:00
TOP FOOD MILD BLEND POUSSIN SAUCE,340,1422.56,64.6,0.2,0.2,9,,0.45,Sauce,Paste,UNRESOLVED,UNRESOLVED,Unknown,unresolved,0,0,0,TRUE,2026-04-07T09:21:17.880566+00:00
TOP FOOD MORINGA GROUND HERB,30,120,10,15,0,0,,,Ground Herb,Solid,UNRESOLVED,UNRESOLVED,Unknown,unresolved,0,0,0,TRUE,2026-04-07T09:21:17.880566+00:00
TOP FOOD MUSTARD & HERB SEASONING,508,2125.47,26.1,28.1,6.79,,12.2,,Mustard & Herb Seasoning,Powder,UNRESOLVED,UNRESOLVED,Unknown,unresolved,0,0,0,TRUE,2026-04-07T09:21:17.880566+00:00
TOP FOOD OREGANO HERBS,,,,,,,,,Oregano Herbs,Solid,UNRESOLVED,UNRESOLVED,Unknown,unresolved,0,0,0,TRUE,2026-04-07T09:21:17.880566+00:00
TOP FOOD PARSLEY HERBS,36,150.6,3,6.3,0.9,0.8,3.3,0.056,Parsley Herbs,Solid,UNRESOLVED,UNRESOLVED,Unknown,unresolved,0,0,0,TRUE,2026-04-07T09:21:17.880566+00:00
TOP FOOD PASTA SEASONING,,,,,,,,,Seasoning,Powder,UNRESOLVED,UNRESOLVED,Unknown,unresolved,0,0,0,TRUE,2026-04-07T09:21:17.880566+00:00
TOP FOOD PERI PERI SEASONING J,,,,,,,,,,,UNRESOLVED,UNRESOLVED,Unknown,unresolved,0,0,0,TRUE,2026-04-07T09:21:17.880566+00:00
TOP FOOD PILAU MASALA,,,,,,,,,Pilau Masala,Powder,UNRESOLVED,UNRESOLVED,Unknown,unresolved,0,0,0,TRUE,2026-04-07T09:21:17.880566+00:00
TOP FOOD PILAU MASALA GROUND,428,1794,9,66,8,16,,1.06,Pilau Masala,Powder,UNRESOLVED,UNRESOLVED,Unknown,unresolved,0,0,0,TRUE,2026-04-07T09:21:17.880566+00:00
TOP FOOD PILAU WHOLE,,,,,,,,,,,UNRESOLVED,UNRESOLVED,Unknown,unresolved,0,0,0,TRUE,2026-04-07T09:21:17.880566+00:00
TOP FOOD PIZZA SEASONING,,,,,,,,,Seasoning,Powder,UNRESOLVED,UNRESOLVED,Unknown,unresolved,0,0,0,TRUE,2026-04-07T09:21:17.880566+00:00
TOP FOOD ROSEMARY HERBS,,,,,,,,,Rosemary,Solid,UNRESOLVED,UNRESOLVED,Unknown,unresolved,0,0,0,TRUE,2026-04-07T09:21:17.880566+00:00
TOP FOOD SESAME SEEDS SIMSIM J,,,,,,,,,,,UNRESOLVED,UNRESOLVED,Unknown,unresolved,0,0,0,TRUE,2026-04-07T09:21:17.880566+00:00
TOP FOOD SOYA GINGER DRINK MIX,36,150.624,3.6,0.7,0.5,2.1,,0,Drink Mix,Powder,UNRESOLVED,UNRESOLVED,Unknown,unresolved,0,0,0,TRUE,2026-04-07T09:21:17.880566+00:00
TOP FOOD TACO SEASONING,,,,,,,,,Seasoning,Powder,UNRESOLVED,UNRESOLVED,Unknown,unresolved,0,0,0,TRUE,2026-04-07T09:21:17.880566+00:00
TOP FOOD TANDOORI MASALA,,,,,,,,,,,UNRESOLVED,UNRESOLVED,Unknown,unresolved,0,0,0,TRUE,2026-04-07T09:21:17.880566+00:00
TOP FOOD TEA MASALA,,,,,,,,,,,UNRESOLVED,UNRESOLVED,Unknown,unresolved,0,0,0,TRUE,2026-04-07T09:21:17.880566+00:00
TOP FOOD THABAI STINGING NETTLE GROUND HERB,10,40,0,0,0,0,,,Ground Herb,Solid,UNRESOLVED,UNRESOLVED,Unknown,unresolved,0,0,0,TRUE,2026-04-07T09:21:17.880566+00:00
TOP FOOD THYME,285,1192.44,9,64,2,7,37,0.055,Thyme,Solid,UNRESOLVED,UNRESOLVED,Unknown,unresolved,0,0,0,TRUE,2026-04-07T09:21:17.880566+00:00
TOP FOOD TURMERIC P RAJAPURI P,230,962.32,7.7,49.2,0,5,21.4,0,Turmeric Powder,Powder,UNRESOLVED,UNRESOLVED,Unknown,unresolved,0,0,0,TRUE,2026-04-07T09:21:17.880566+00:00
TOP FOOD TURMERIC POWDER,6375,26687.5,125,875,0,125,312.5,1.5625,Turmeric Powder,Powder,UNRESOLVED,UNRESOLVED,Unknown,unresolved,0,0,0,TRUE,2026-04-07T09:21:17.880566+00:00
TOP FOOD WHOLE BLACK PEPPER,,,,,,,,,Whole Black Pepper,Solid,UNRESOLVED,UNRESOLVED,Unknown,unresolved,0,0,0,TRUE,2026-04-07T09:21:17.880566+00:00
TOP FOOD WHOLE CLOVE,170,711,,40,,,,,Whole Clove,Solid,UNRESOLVED,UNRESOLVED,Unknown,unresolved,0,0,0,TRUE,2026-04-07T09:21:17.880566+00:00
TOP FOOD WHOLE SPICE SESAME BLACK SEEDS,40,167.36,0.8,0,0,0,,0.004,Sesame Black Seeds,Solid,UNRESOLVED,UNRESOLVED,Unknown,unresolved,0,0,0,TRUE,2026-04-07T09:21:17.880566+00:00
TOP FOODGARAM MASALA,,,,,,,,,,,UNRESOLVED,UNRESOLVED,Unknown,unresolved,0,0,0,TRUE,2026-04-07T09:21:17.880566+00:00
TOP FOODTURMERIC P RAJAPURI,,,,,,,,,,,UNRESOLVED,UNRESOLVED,Unknown,unresolved,0,0,0,TRUE,2026-04-07T09:21:17.880566+00:00
TOP LURE CLEAR VANILLA ESSENCE,,,,,,,,,Vanilla Essence,Liquid,FOOD FLAVOUR ADDITIVES,FOOD FLAVOUR ADDITIVES,Ultra-processed foods,simulated_lookup_fuzzy,0.755,0.725,0.745,TRUE,2026-04-07T09:21:17.880566+00:00
TOP LURE WHITE VINEGAR,18,74.6667,0,0,0,0,0,0.002,White Vinegar,Liquid,TABLE SAUCES,VINEGAR,Ultra-processed foods,simulated_lookup_fuzzy,0.769,0.739,0.759,TRUE,2026-04-07T09:21:17.880566+00:00
TOTOLE GOLDEN BOUILLON CHICKEN STOCK CUBES GRANULATED,182,761.488,23,19,,1,,,Chicken Stock Cubes,Solid,UNRESOLVED,UNRESOLVED,Unknown,unresolved,0,0,0,TRUE,2026-04-07T09:21:17.880566+00:00
TOTOLE TIAANWANG CHICKEN SEASONING,,,,,,,,,Chicken Seasoning,Solid,UNRESOLVED,UNRESOLVED,Unknown,unresolved,0,0,0,TRUE,2026-04-07T09:21:17.880566+00:00
TOXIC WASTE GREEN SOUR CANDY,333,1393,,87,73,,,,Candy,Solid,UNRESOLVED,UNRESOLVED,Unknown,unresolved,0,0,0,TRUE,2026-04-07T09:21:17.880566+00:00
TREATOS BUTTER COOKIES,507.103,,11.616,56.0633,,27.45,1.09,,,,UNRESOLVED,UNRESOLVED,Unknown,unresolved,0,0,0,TRUE,2026-04-07T09:21:17.880566+00:00
TREATOS CHOCO- CHIP COOKIES,510.427,,4.77,64.0933,,26.1,2.08,,,,"COOKIES, BISCUITS AND WAFERS",COOKIES,Ultra-processed foods,simulated_lookup_fuzzy,0.784,0.754,0.774,TRUE,2026-04-07T09:21:17.880566+00:00
TREATOS CHOCO-CHIP COOKIES,510.427,,4.77,64.0933,,26.1,2.08,,,,"COOKIES, BISCUITS AND WAFERS",COOKIES,Ultra-processed foods,simulated_lookup_fuzzy,0.76,0.73,0.75,TRUE,2026-04-07T09:21:17.880566+00:00
TREATOS COCONUT COOKIES,500.437,,6.99,59.98,,26.73,2.16,,,,"COOKIES, BISCUITS AND WAFERS",COOKIES,Ultra-processed foods,simulated_lookup_fuzzy,0.8,0.77,0.79,TRUE,2026-04-07T09:21:17.880566+00:00
TREATOS DIGESTIVE BICSCUITS,424,1780,9.03,64.12,18.25,20.44,0.79,0.00019,Food,Solid,"COOKIES, BISCUITS AND WAFERS",BISCUITS,Ultra-processed foods,simulated_lookup_fuzzy,0.816,0.786,0.806,TRUE,2026-04-07T09:21:17.880566+00:00
TREATOS DIGESTIVE BISCUITS,424,1780,9.03,64.12,18.25,20.44,0.79,0.00019,Food,Solid,"COOKIES, BISCUITS AND WAFERS",BISCUITS,Ultra-processed foods,simulated_lookup_fuzzy,0.833,0.803,0.823,TRUE,2026-04-07T09:21:17.880566+00:00
TREATOS GINGER COOKIES,477.89,,12.3,58.4,,22.75,2.8,,,,UNRESOLVED,UNRESOLVED,Unknown,unresolved,0,0,0,TRUE,2026-04-07T09:21:17.880566+00:00
TREATOS GINGER SNAP BISCUITS,462.43,1966,7.19,75.7,19.92,0,14.57,0.0005,Food,Solid,UNRESOLVED,UNRESOLVED,Unknown,unresolved,0,0,0,TRUE,2026-04-07T09:21:17.880566+00:00
TREATOS GLUCOSE BISCUITS,463.22,1968.6,7.08,76.02,18.4,14.11,,0.0003,Food,Solid,"COOKIES, BISCUITS AND WAFERS",BISCUITS,Ultra-processed foods,simulated_lookup_fuzzy,0.739,0.709,0.729,TRUE,2026-04-07T09:21:17.880566+00:00
TREATOS MILK BISCUITS,463.12,1967.3,7.09,76.02,18.4,14.52,0,0.0002,Food,Solid,"COOKIES, BISCUITS AND WAFERS",BISCUITS,Ultra-processed foods,simulated_lookup_fuzzy,0.789,0.759,0.779,TRUE,2026-04-07T09:21:17.880566+00:00
TREE TOMATO FRESH JUICE,,,,,,,,,Juice,Liquid,UNRESOLVED,UNRESOLVED,Unknown,unresolved,0,0,0,TRUE,2026-04-07T09:21:17.880566+00:00
TREFF CREAM FLAVOURED BISCUIT CHOCO VANILLA,300,1200,,,,,,,Moong Dal,Solid,UNRESOLVED,UNRESOLVED,Unknown,unresolved,0,0,0,TRUE,2026-04-07T09:21:17.880566+00:00
TREFF CREAM LEMON FRESH BISCUIT,600,2500,,,,,,,Singh Bhujia,Solid,UNRESOLVED,UNRESOLVED,Unknown,unresolved,0,0,0,TRUE,2026-04-07T09:21:17.880566+00:00
TREFF CREAMS BISCUITS CHOCO VANILLA,500,2000,,,,,,,Ratlami Sev,Solid,UNRESOLVED,UNRESOLVED,Unknown,unresolved,0,0,0,TRUE,2026-04-07T09:21:17.880566+00:00
TREFF CREAMS BISCUITS ORANGE,,,,,,,,,,,UNRESOLVED,UNRESOLVED,Unknown,unresolved,0,0,0,TRUE,2026-04-07T09:21:17.880566+00:00
TREFF CREAMS SANDWICH BISCUITS CHOCOLATE,500,2000,,,,,,,Tikha Mitha Mix,Solid,UNRESOLVED,UNRESOLVED,Unknown,unresolved,0,0,0,TRUE,2026-04-07T09:21:17.880566+00:00
TREFF CREAMS SANDWICH BISCUITS MANGO,,,,,,,,,,,UNRESOLVED,UNRESOLVED,Unknown,unresolved,0,0,0,TRUE,2026-04-07T09:21:17.880566+00:00
TREFF CREAMS SANDWICH BISCUITS ORANGE,,,,,,,,,Candy,Solid,UNRESOLVED,UNRESOLVED,Unknown,unresolved,0,0,0,TRUE,2026-04-07T09:21:17.880566+00:00
TREFF CREAMS SANDWICH BISCUITS P A,52.9,221.51,4.2,45.8,26,2.39,6,0.671,Biscuit,Solid,UNRESOLVED,UNRESOLVED,Unknown,unresolved,0,0,0,TRUE,2026-04-07T09:21:17.880566+00:00
TREFF CREAMS SANDWICH BISCUITS STRAWBERRY,603,2522,9,36,2,47,4,0.641,Chatni Ganthiya,Solid,UNRESOLVED,UNRESOLVED,Unknown,unresolved,0,0,0,TRUE,2026-04-07T09:21:17.880566+00:00
TREFF CREAMS SANDWICH BISCUITS VANILLA,1166,,36,54,0,88,0,0,Masala Shing,Solid,UNRESOLVED,UNRESOLVED,Unknown,unresolved,0,0,0,TRUE,2026-04-07T09:21:17.880566+00:00
TRIDENT GUM MINT BLISS 14 STICKS SUGAR FREE,,,,,,,,,,,UNRESOLVED,UNRESOLVED,Unknown,unresolved,0,0,0,TRUE,2026-04-07T09:21:17.880566+00:00
TRIDENT GUM SWEET MINT 14 STICKS SUGAR FREE,,,,,,,,,,,UNRESOLVED,UNRESOLVED,Unknown,unresolved,0,0,0,TRUE,2026-04-07T09:21:17.880566+00:00
TRIDENT GUM WINTERGREEN 14 STICKS SUGAR FREE,,,,,,,,,,,UNRESOLVED,UNRESOLVED,Unknown,unresolved,0,0,0,TRUE,2026-04-07T09:21:17.880566+00:00
TRIDENT ORIGINAL SUGAR FREE STICKS CHEWING GUM WITH XYLITOL 14 STICKS,,,,,,,,,Chewing Gum,Solid,UNRESOLVED,UNRESOLVED,Unknown,unresolved,0,0,0,TRUE,2026-04-07T09:21:17.880566+00:00
TRIDENT SPEARMINT CHEWY GUM 14 STICKS,5,20.92,0,1,0,0,0,0,Chewy Gum,Solid,UNRESOLVED,UNRESOLVED,Unknown,unresolved,0,0,0,TRUE,2026-04-07T09:21:17.880566+00:00
TRIDENT TROPICAL TWIST CHEWY GUM 14 STICKS,1,0,5,100,0,0,0,,Food,Tropical,UNRESOLVED,UNRESOLVED,Unknown,unresolved,0,0,0,TRUE,2026-04-07T09:21:17.880566+00:00
TRIDENT WATERMELON TWIST SUGAR FREE CHEWING GUM 14 STICKS,,,,,,,,,Chewing Gum,Solid,UNRESOLVED,UNRESOLVED,Unknown,unresolved,0,0,0,TRUE,2026-04-07T09:21:17.880566+00:00
TROLLI BLOB MIXED FRUIT GUMMIES,339,1418,4.4,77,58,0.2,,,Gummies,Solid,UNRESOLVED,UNRESOLVED,Unknown,unresolved,0,0,0,TRUE,2026-04-07T09:21:17.880566+00:00
TROLLI GUMMIES CANDY PIZZA,334,1397,4.5,78,58,0.2,,,Pizza Candy,Solid,UNRESOLVED,UNRESOLVED,Unknown,unresolved,0,0,0,TRUE,2026-04-07T09:21:17.880566+00:00
TROLLI GUMMIES SBERRY SOUR STRIP,340,1423,1.8,81,54,1,,,Sour Strips,Solid,UNRESOLVED,UNRESOLVED,Unknown,unresolved,0,0,0,TRUE,2026-04-07T09:21:17.880566+00:00
TROLLI MIX SOUR STRIPS GUMMIES,340,1.423,1.8,81,54,1,,,Gummies,Solid,UNRESOLVED,UNRESOLVED,Unknown,unresolved,0,0,0,TRUE,2026-04-07T09:21:17.880566+00:00
TROPICAL GOLD CROWN HONEY,17,,64,100,,,,,Food,,UNRESOLVED,UNRESOLVED,Unknown,unresolved,0,0,0,TRUE,2026-04-07T09:21:17.880566+00:00
TROPICAL GOLD HONEY,304,1271.93,,82,,,,,Honey,Paste,UNRESOLVED,UNRESOLVED,Unknown,unresolved,0,0,0,TRUE,2026-04-07T09:21:17.880566+00:00
TROPICAL GOLD HONEY SQUEEZE,304,1271.93,,82,,,,,Honey,Paste,UNRESOLVED,UNRESOLVED,Unknown,unresolved,0,0,0,TRUE,2026-04-07T09:21:17.880566+00:00
TROPICAL GOLD UNPROCESSED HONEY,17,,64,100,,,,,Food,,UNRESOLVED,UNRESOLVED,Unknown,unresolved,0,0,0,TRUE,2026-04-07T09:21:17.880566+00:00
TROPICAL HEAT BASIL RUBBED,,,,,,,,,Rubbed Basil,Powder,UNRESOLVED,UNRESOLVED,Unknown,unresolved,0,0,0,TRUE,2026-04-07T09:21:17.880566+00:00
TROPICAL HEAT BLACK PEPPER GROUND,,,,,,,,,Ground Black Pepper,Powder,UNRESOLVED,UNRESOLVED,Unknown,unresolved,0,0,0,TRUE,2026-04-07T09:21:17.880566+00:00
TROPICAL HEAT CARDAMOMS GROUND,,,,,,,,,Ground Cardamom,Powder,UNRESOLVED,UNRESOLVED,Unknown,unresolved,0,0,0,TRUE,2026-04-07T09:21:17.880566+00:00
TROPICAL HEAT CAYENNE PEPPER,,,,,,,,,Ground Cayenne Pepper,Powder,UNRESOLVED,UNRESOLVED,Unknown,unresolved,0,0,0,TRUE,2026-04-07T09:21:17.880566+00:00
TROPICAL HEAT CHEVDA CHILLI LEMON,516,2154,10.1,46.6,7.6,30.7,6.4,0.86,Chevda,Solid,UNRESOLVED,UNRESOLVED,Unknown,unresolved,0,0,0,TRUE,2026-04-07T09:21:17.880566+00:00
TROPICAL HEAT CHEVDA HOT,538,2244,9.99,44.2,7.2,34.4,6,0.9,Chevda,Solid,UNRESOLVED,UNRESOLVED,Unknown,unresolved,0,0,0,TRUE,2026-04-07T09:21:17.880566+00:00
TROPICAL HEAT CHEVDA MASALA,528,2206,10,49.7,6.9,32.3,3.5,0.88,Chevda,Solid,UNRESOLVED,UNRESOLVED,Unknown,unresolved,0,0,0,TRUE,2026-04-07T09:21:17.880566+00:00
TROPICAL HEAT CHEVDA ORIGINAL,528,2206,10,49.7,6.9,32.3,3.5,0.88,Chevda,Solid,UNRESOLVED,UNRESOLVED,Unknown,unresolved,0,0,0,TRUE,2026-04-07T09:21:17.880566+00:00
TROPICAL HEAT CHILLIES GROUND,,,,,,,,,Ground Chillies,Powder,UNRESOLVED,UNRESOLVED,Unknown,unresolved,0,0,0,TRUE,2026-04-07T09:21:17.880566+00:00
TROPICAL HEAT CHIPS MASALA SEASONING,,,,,,,,,,,UNRESOLVED,UNRESOLVED,Unknown,unresolved,0,0,0,TRUE,2026-04-07T09:21:17.880566+00:00
TROPICAL HEAT CHOCOLATE RICE CAKES,486,2036,7.1,28.7,33.8,22.5,2.4,0.5,7.1g,2036kj,UNRESOLVED,UNRESOLVED,Unknown,unresolved,0,0,0,TRUE,2026-04-07T09:21:17.880566+00:00
TROPICAL HEAT CINNAMON GROUND,,,,,,,,,Ground Cinnamon,Powder,UNRESOLVED,UNRESOLVED,Unknown,unresolved,0,0,0,TRUE,2026-04-07T09:21:17.880566+00:00
TROPICAL HEAT CITRIC ACID,,,,,,,,,Citric Acid,Powder,UNRESOLVED,UNRESOLVED,Unknown,unresolved,0,0,0,TRUE,2026-04-07T09:21:17.880566+00:00
TROPICAL HEAT CLOVES GROUND,,,,,,,,,Ground Cloves,Powder,UNRESOLVED,UNRESOLVED,Unknown,unresolved,0,0,0,TRUE,2026-04-07T09:21:17.880566+00:00
TROPICAL HEAT CORIANDER GROUND,,,,,,,,,Ground Coriander,Powder,UNRESOLVED,UNRESOLVED,Unknown,unresolved,0,0,0,TRUE,2026-04-07T09:21:17.880566+00:00
TROPICAL HEAT CUMINSEEDS GROUND,,,,,,,,,Ground Cumin Seed,Powder,UNRESOLVED,UNRESOLVED,Unknown,unresolved,0,0,0,TRUE,2026-04-07T09:21:17.880566+00:00
TROPICAL HEAT DHANA JEERA,,,,,,,,,Dhana Jeera Spices,Powder,UNRESOLVED,UNRESOLVED,Unknown,unresolved,0,0,0,TRUE,2026-04-07T09:21:17.880566+00:00
TROPICAL HEAT EXOTIC SNACKS,,,20,23.3333,6.66667,36.6667,13.3333,0.4,Snacks,Solid,UNRESOLVED,UNRESOLVED,Unknown,unresolved,0,0,0,TRUE,2026-04-07T09:21:17.880566+00:00
TROPICAL HEAT GARAM MASALA,,,,,,,,,Garam Masala,Powder,UNRESOLVED,UNRESOLVED,Unknown,unresolved,0,0,0,TRUE,2026-04-07T09:21:17.880566+00:00
TROPICAL HEAT GARLIC POWDER,,,,,,,,,Garlic Powder,Powder,UNRESOLVED,UNRESOLVED,Unknown,unresolved,0,0,0,TRUE,2026-04-07T09:21:17.880566+00:00
TROPICAL HEAT GINGER GROUND,,,,,,,,,Ground Ginger,Powder,UNRESOLVED,UNRESOLVED,Unknown,unresolved,0,0,0,TRUE,2026-04-07T09:21:17.880566+00:00
TROPICAL HEAT GROUND GINGER,528,2209.16,10,56,2,16,0,0,Ginger,Solid,UNRESOLVED,UNRESOLVED,Unknown,unresolved,0,0,0,TRUE,2026-04-07T09:21:17.880566+00:00
TROPICAL HEAT KENYAN CHEVDA SWEET TAMU,,,,,,,,,,,UNRESOLVED,UNRESOLVED,Unknown,unresolved,0,0,0,TRUE,2026-04-07T09:21:17.880566+00:00
TROPICAL HEAT MEAT TENDERISER,,,,,,,,,Meat Tenderiser Spices,Powder,UNRESOLVED,UNRESOLVED,Unknown,unresolved,0,0,0,TRUE,2026-04-07T09:21:17.880566+00:00
TROPICAL HEAT MILD KENYAN CHEVDA,537,2237,11.8,50.5,6.3,33.2,,,Chevda,Solid,UNRESOLVED,UNRESOLVED,Unknown,unresolved,0,0,0,TRUE,2026-04-07T09:21:17.880566+00:00
TROPICAL HEAT MIXED SPICES,,,,,,,,,Mixed Spices,Powder,UNRESOLVED,UNRESOLVED,Unknown,unresolved,0,0,0,TRUE,2026-04-07T09:21:17.880566+00:00
TROPICAL HEAT MIXED SPICES WHOLE GRINDE,,,,,,,,,Mixed Spices,Powder,UNRESOLVED,UNRESOLVED,Unknown,unresolved,0,0,0,TRUE,2026-04-07T09:21:17.880566+00:00
TROPICAL HEAT NUTMEG GROUND,,,,,,,,,Ground Nutmeg,Powder,UNRESOLVED,UNRESOLVED,Unknown,unresolved,0,0,0,TRUE,2026-04-07T09:21:17.880566+00:00
TROPICAL HEAT P CRSP SALT/VINGR,546,,5.3,48.5,,36.8,3.9,1.37,,,UNRESOLVED,UNRESOLVED,Unknown,unresolved,0,0,0,TRUE,2026-04-07T09:21:17.880566+00:00
TROPICAL HEAT PILAU MASALA GROUND,,,,,,,,,Pilau Masala,Powder,HERBS AND SPICES,SPICES - PILAU MASALA,Unprocessed/Minimally processed foods,simulated_lookup_fuzzy,0.75,0.72,0.74,TRUE,2026-04-07T09:21:17.880566+00:00
TROPICAL HEAT POPS CHEESE NACHOS,472,,6.26,63.15,,21.35,0.72,,,,UNRESOLVED,UNRESOLVED,Unknown,unresolved,0,0,0,TRUE,2026-04-07T09:21:17.880566+00:00
TROPICAL HEAT POPS CHILLI LIME NACHOS,471,,6.4,62.49,,22.05,0.98,,,,UNRESOLVED,UNRESOLVED,Unknown,unresolved,0,0,0,TRUE,2026-04-07T09:21:17.880566+00:00
TROPICAL HEAT POPS SALTED NACHOS,380,,8.7,81.49,,1.87,1,,,,UNRESOLVED,UNRESOLVED,Unknown,unresolved,0,0,0,TRUE,2026-04-07T09:21:17.880566+00:00
TROPICAL HEAT POPS TOMATO NACHOS,484,,6.43,65.71,,21.42,0.72,,,,UNRESOLVED,UNRESOLVED,Unknown,unresolved,0,0,0,TRUE,2026-04-07T09:21:17.880566+00:00
TROPICAL HEAT POTATO CIRSPS CHILL LEMON,543,,5.2,51.7,,35,3.5,1.5,,,UNRESOLVED,UNRESOLVED,Unknown,unresolved,0,0,0,TRUE,2026-04-07T09:21:17.880566+00:00
TROPICAL HEAT PREMIUM GRINDER SEA SALT,46.1,193,5.1,4.1,0,1.3,0,38.667,Sea Salt,Solid,UNRESOLVED,UNRESOLVED,Unknown,unresolved,0,0,0,TRUE,2026-04-07T09:21:17.880566+00:00
TROPICAL HEAT PREMIUM KENYAN BHUSU,600,2510.4,,46.6667,,40,3.33333,0.576667,Kenyan Bhusu,Solid,UNRESOLVED,UNRESOLVED,Unknown,unresolved,0,0,0,TRUE,2026-04-07T09:21:17.880566+00:00
TROPICAL HEAT SAFARI PUFFS CHEESE,540,2255,6,57.4,,31.8,2.9,1.7,Safari Puffs,Solid,UNRESOLVED,UNRESOLVED,Unknown,unresolved,0,0,0,TRUE,2026-04-07T09:21:17.880566+00:00
TROPICAL HEAT SAFARI PUFFS TOMATO,540,2255,6,57.4,,31.8,2.9,1.7,Safari Puffs,Solid,UNRESOLVED,UNRESOLVED,Unknown,unresolved,0,0,0,TRUE,2026-04-07T09:21:17.880566+00:00
TROPICAL HEAT SALAD SEASONING,,,,,,,,,Salad Seasoning,Powder,UNRESOLVED,UNRESOLVED,Unknown,unresolved,0,0,0,TRUE,2026-04-07T09:21:17.880566+00:00
TROPICAL HEAT SNACKS CHEESE&ONION POTATO CRISPS,529,2209,5.6,53.8,,32.4,3.5,1.35,Potato Chips,Cheese and Onion,UNRESOLVED,UNRESOLVED,Unknown,unresolved,0,0,0,TRUE,2026-04-07T09:21:17.880566+00:00
TROPICAL HEAT SNACKS CHILLI LEMON POTATO CRISPS,543,2262,5.2,51.7,,35,3.5,1.5,Chips,Chilli Lemon,UNRESOLVED,UNRESOLVED,Unknown,unresolved,0,0,0,TRUE,2026-04-07T09:21:17.880566+00:00
TROPICAL HEAT SNACKS HEROES POTATO CHIPS CHEESE & ONION,525,2190,6,53.38,,31.12,3.6,1.75,Cheese & Onion Crispy,Solid,UNRESOLVED,UNRESOLVED,Unknown,unresolved,0,0,0,TRUE,2026-04-07T09:21:17.880566+00:00
TROPICAL HEAT SNACKS HEROES POTATO CHIPS CHILLI CHEESE,,,,,,,,,,,UNRESOLVED,UNRESOLVED,Unknown,unresolved,0,0,0,TRUE,2026-04-07T09:21:17.880566+00:00
TROPICAL HEAT SNACKS HEROES POTATO CHIPS FRUIT CHUTNEY,511,2131,6.1,52.74,,29.61,4.4,1.85,Fruit Chutney,Solid,UNRESOLVED,UNRESOLVED,Unknown,unresolved,0,0,0,TRUE,2026-04-07T09:21:17.880566+00:00
TROPICAL HEAT SNACKS HEROES POTATO CHIPS SWEET CHILLI,521.7,2179,6.4,55.4,,30.2,1.3,1.03,Sweet Chilli Crispy,Solid,UNRESOLVED,UNRESOLVED,Unknown,unresolved,0,0,0,TRUE,2026-04-07T09:21:17.880566+00:00
TROPICAL HEAT SNACKS HEROES POTATO CHIPS TOMATO KETCHUP,513,2141,6.1,54.12,,29.3,4.1,0.5,Potato Crisps,Solid,UNRESOLVED,UNRESOLVED,Unknown,unresolved,0,0,0,TRUE,2026-04-07T09:21:17.880566+00:00
TROPICAL HEAT SNACKS MASALA STICKS,546,2277,5.8,42.6,7.6,35.8,3,0.6,Masala Sticks,Solid,UNRESOLVED,UNRESOLVED,Unknown,unresolved,0,0,0,TRUE,2026-04-07T09:21:17.880566+00:00
TROPICAL HEAT SNACKS NYAMA CHOMA POTATO CRISPS,516,2154,8.4,48.9,,30.8,4.7,1.95,Potato Chips,Nyama Choma,UNRESOLVED,UNRESOLVED,Unknown,unresolved,0,0,0,TRUE,2026-04-07T09:21:17.880566+00:00
TROPICAL HEAT SNACKS SAFARI PUFFS CHEESE,540,2255,6,57.4,,31.8,2.9,1.7,Puffs,Solid,UNRESOLVED,UNRESOLVED,Unknown,unresolved,0,0,0,TRUE,2026-04-07T09:21:17.880566+00:00
TROPICAL HEAT SNACKS SAFARI PUFFS TOMATO,540,2255,6,57.4,,31.8,2.9,1.7,Puffs,Solid,UNRESOLVED,UNRESOLVED,Unknown,unresolved,0,0,0,TRUE,2026-04-07T09:21:17.880566+00:00
TROPICAL HEAT SNACKS SALT & VINEGAR POTATO CRISPS,546,2277,5.3,48.5,,36.8,3.9,1.37,Potato Chips,Salt and Vinegar,UNRESOLVED,UNRESOLVED,Unknown,unresolved,0,0,0,TRUE,2026-04-07T09:21:17.880566+00:00
TROPICAL HEAT SNACKS SALT&VINEGAR POTATO CRISPS,546,2277,5.3,48.5,,36.8,3.9,1.37,Potato Chips,Salt and Vinegar,UNRESOLVED,UNRESOLVED,Unknown,unresolved,0,0,0,TRUE,2026-04-07T09:21:17.880566+00:00
TROPICAL HEAT SNACKS SALTED POTATO CRISPS,530,2213,6.7,52.8,,32.5,3.5,1.16,Potato Chips,Salted,UNRESOLVED,UNRESOLVED,Unknown,unresolved,0,0,0,TRUE,2026-04-07T09:21:17.880566+00:00
TROPICAL HEAT SNACKS TOMATO POTATO CRISPS,532,2221,5.8,53.6,,32.7,2.9,0.58,Potato Chips,Tomato,UNRESOLVED,UNRESOLVED,Unknown,unresolved,0,0,0,TRUE,2026-04-07T09:21:17.880566+00:00
TROPICAL HEAT SNACKS TROPNUTS CHILLI LEMON PEANUTS,602,2495,25.9,13.6,,49.3,6.5,0.9,,Solid,UNRESOLVED,UNRESOLVED,Unknown,unresolved,0,0,0,TRUE,2026-04-07T09:21:17.880566+00:00
TROPICAL HEAT SNACKS TROPNUTS FRIED PEANUTS,475,1995,18.4,56.4,,19.6,3.6,1.7,,Solid,UNRESOLVED,UNRESOLVED,Unknown,unresolved,0,0,0,TRUE,2026-04-07T09:21:17.880566+00:00
TROPICAL HEAT SNACKS TROPNUTS FRIED PEAS,,,,,,,,,,,UNRESOLVED,UNRESOLVED,Unknown,unresolved,0,0,0,TRUE,2026-04-07T09:21:17.880566+00:00
TROPICAL HEAT SNACKS TROPNUTS MASALA BHAJIA PEANUTS,,,,,,,,,,,UNRESOLVED,UNRESOLVED,Unknown,unresolved,0,0,0,TRUE,2026-04-07T09:21:17.880566+00:00
TROPICAL HEAT SNACKS TROPNUTS ROASTED PEANUTS,584,2423,24.8,16.4,,46.6,8.5,0,,Solid,UNRESOLVED,UNRESOLVED,Unknown,unresolved,0,0,0,TRUE,2026-04-07T09:21:17.880566+00:00
TROPICAL HEAT SNACKS TROPNUTS ROASTED SALTED PEANUTS,602,2495,18.4,56.4,,49.3,3.6,1.7,,Solid,UNRESOLVED,UNRESOLVED,Unknown,unresolved,0,0,0,TRUE,2026-04-07T09:21:17.880566+00:00
TROPICAL HEAT SNACKS WAVES POTATO CRISPS CHILLI LEMON,543,2262,5.2,51.7,,35,3.5,1.5,Potato Chips,Chilli Lemon,UNRESOLVED,UNRESOLVED,Unknown,unresolved,0,0,0,TRUE,2026-04-07T09:21:17.880566+00:00
TROPICAL HEAT SNACKS WAVES POTATO SALTED CRISPS,530,2213,6.7,52.8,,32.5,3.5,1.16,Potato Chips,Salted,UNRESOLVED,UNRESOLVED,Unknown,unresolved,0,0,0,TRUE,2026-04-07T09:21:17.880566+00:00
TROPICAL HEAT SNACKS WAVES SALT & VINEGAR POTATO CRISPS,546,2277,5.3,48.5,,36.8,3.9,1.37,,Salt and Vinegar,UNRESOLVED,UNRESOLVED,Unknown,unresolved,0,0,0,TRUE,2026-04-07T09:21:17.880566+00:00
TROPICAL HEAT SNACKS WAVES SALTED POTATO CRISPS,530,2213,6.7,52.8,,32.5,3.5,1.16,Potato Chips,Salted,UNRESOLVED,UNRESOLVED,Unknown,unresolved,0,0,0,TRUE,2026-04-07T09:21:17.880566+00:00
TROPICAL HEAT SNACKS WAVES TOMATO POTATO CRISPS,532,2221,5.8,53.6,,32.7,2.9,0.58,Potato Chips,Tomato,UNRESOLVED,UNRESOLVED,Unknown,unresolved,0,0,0,TRUE,2026-04-07T09:21:17.880566+00:00
TROPICAL HEAT SPICES BAY LEAVES,,,,,,,,,Bay Leaves Powder,Powder,UNRESOLVED,UNRESOLVED,Unknown,unresolved,0,0,0,TRUE,2026-04-07T09:21:17.880566+00:00
TROPICAL HEAT SPICES BEEF MASALA,,,,,,,,,Beef Masala,Powder,UNRESOLVED,UNRESOLVED,Unknown,unresolved,0,0,0,TRUE,2026-04-07T09:21:17.880566+00:00
TROPICAL HEAT SPICES BIRYANI MASALA,,,,,,,,,,,UNRESOLVED,UNRESOLVED,Unknown,unresolved,0,0,0,TRUE,2026-04-07T09:21:17.880566+00:00
TROPICAL HEAT SPICES BLACK PEPPER GRINDER,,,,,,,,,Black Pepper With Grinder,Powder,UNRESOLVED,UNRESOLVED,Unknown,unresolved,0,0,0,TRUE,2026-04-07T09:21:17.880566+00:00
TROPICAL HEAT SPICES BLACK PEPPER GROUND,,,,,,,,,Ground Black Pepper,Powder,UNRESOLVED,UNRESOLVED,Unknown,unresolved,0,0,0,TRUE,2026-04-07T09:21:17.880566+00:00
TROPICAL HEAT SPICES CARDAMOMS GROUND,,,,,,,,,Ground Cardamom,Powder,UNRESOLVED,UNRESOLVED,Unknown,unresolved,0,0,0,TRUE,2026-04-07T09:21:17.880566+00:00
TROPICAL HEAT SPICES CAYENNE PEPPER,,,,,,,,,Ground Cayenne Pepper,Powder,UNRESOLVED,UNRESOLVED,Unknown,unresolved,0,0,0,TRUE,2026-04-07T09:21:17.880566+00:00
TROPICAL HEAT SPICES CHICKEN MASALA,,,20,60,,10,,1.7,1.0g,Powder,UNRESOLVED,UNRESOLVED,Unknown,unresolved,0,0,0,TRUE,2026-04-07T09:21:17.880566+00:00
TROPICAL HEAT SPICES CHILLI FLAKES,,,,,,,,,Chilli Flakes,Solid,UNRESOLVED,UNRESOLVED,Unknown,unresolved,0,0,0,TRUE,2026-04-07T09:21:17.880566+00:00
TROPICAL HEAT SPICES CHILLI LEMON SEASONING,,,,,,,,,,,UNRESOLVED,UNRESOLVED,Unknown,unresolved,0,0,0,TRUE,2026-04-07T09:21:17.880566+00:00
TROPICAL HEAT SPICES CHILLIES GROUND,,,,,,,,,Ground Chillies,Powder,UNRESOLVED,UNRESOLVED,Unknown,unresolved,0,0,0,TRUE,2026-04-07T09:21:17.880566+00:00
TROPICAL HEAT SPICES CINNAMON GROUND,,,,,,,,,Ground Cinnamon,Powder,UNRESOLVED,UNRESOLVED,Unknown,unresolved,0,0,0,TRUE,2026-04-07T09:21:17.880566+00:00
TROPICAL HEAT SPICES CITRIC ACID SALT,,,,,,,,,Citric Acid,Powder,UNRESOLVED,UNRESOLVED,Unknown,unresolved,0,0,0,TRUE,2026-04-07T09:21:17.880566+00:00
TROPICAL HEAT SPICES CLOVES GROUND,,,,,,,,,Cloves,Solid,UNRESOLVED,UNRESOLVED,Unknown,unresolved,0,0,0,TRUE,2026-04-07T09:21:17.880566+00:00
TROPICAL HEAT SPICES CORIANDER GROUND,,,,,,,,,Ground Coriander,Powder,UNRESOLVED,UNRESOLVED,Unknown,unresolved,0,0,0,TRUE,2026-04-07T09:21:17.880566+00:00
TROPICAL HEAT SPICES CUMINSEEDS GROUND,,,,,,,,,Ground Cumin Seed,Powder,UNRESOLVED,UNRESOLVED,Unknown,unresolved,0,0,0,TRUE,2026-04-07T09:21:17.880566+00:00
TROPICAL HEAT SPICES CURRY POWDER,,,20,60,,10,,1.8,Curry Powder,Powder,UNRESOLVED,UNRESOLVED,Unknown,unresolved,0,0,0,TRUE,2026-04-07T09:21:17.880566+00:00
TROPICAL HEAT SPICES DHANA JEERA,,,,,,,,,Dhana Jeera Spices,Powder,UNRESOLVED,UNRESOLVED,Unknown,unresolved,0,0,0,TRUE,2026-04-07T09:21:17.880566+00:00
TROPICAL HEAT SPICES FIREBALL GRINDER,,,,,,,,,Fireball With Grinder,Powder,UNRESOLVED,UNRESOLVED,Unknown,unresolved,0,0,0,TRUE,2026-04-07T09:21:17.880566+00:00
TROPICAL HEAT SPICES GARLIC POWDER,,,,,,,,,Garlic Powder,Powder,UNRESOLVED,UNRESOLVED,Unknown,unresolved,0,0,0,TRUE,2026-04-07T09:21:17.880566+00:00
TROPICAL HEAT SPICES GINGER GROUND,,,,,,,,,Ground Ginger,Powder,UNRESOLVED,UNRESOLVED,Unknown,unresolved,0,0,0,TRUE,2026-04-07T09:21:17.880566+00:00
TROPICAL HEAT SPICES GITHERI MASALA,,,20,60,,,,2.4,1.0g,,UNRESOLVED,UNRESOLVED,Unknown,unresolved,0,0,0,TRUE,2026-04-07T09:21:17.880566+00:00
TROPICAL HEAT SPICES MARJORAM LEAVES,,,,,,,,,Rubbed Marjoram,Powder,UNRESOLVED,UNRESOLVED,Unknown,unresolved,0,0,0,TRUE,2026-04-07T09:21:17.880566+00:00
TROPICAL HEAT SPICES MINT LEAVES,,,,,,,,,Rubbed Mint,Powder,UNRESOLVED,UNRESOLVED,Unknown,unresolved,0,0,0,TRUE,2026-04-07T09:21:17.880566+00:00
TROPICAL HEAT SPICES MIXED HERBS,,,,,,,,,Mixed Herbs,Solid,UNRESOLVED,UNRESOLVED,Unknown,unresolved,0,0,0,TRUE,2026-04-07T09:21:17.880566+00:00
TROPICAL HEAT SPICES MIXED SPICES,,,,,,,,,Mixed Spices,Powder,UNRESOLVED,UNRESOLVED,Unknown,unresolved,0,0,0,TRUE,2026-04-07T09:21:17.880566+00:00
TROPICAL HEAT SPICES MIXED SPICES WET & DRY FRY,,,,,,,,,,,UNRESOLVED,UNRESOLVED,Unknown,unresolved,0,0,0,TRUE,2026-04-07T09:21:17.880566+00:00
TROPICAL HEAT SPICES NUTMEG GROUND,,,,,,,,,Ground Nutmeg,Powder,UNRESOLVED,UNRESOLVED,Unknown,unresolved,0,0,0,TRUE,2026-04-07T09:21:17.880566+00:00
TROPICAL HEAT SPICES ONION POWDER,,,,,,,,,Onion Powder,Powder,UNRESOLVED,UNRESOLVED,Unknown,unresolved,0,0,0,TRUE,2026-04-07T09:21:17.880566+00:00
TROPICAL HEAT SPICES OREGANO LEAVES,,,,,,,,,Rubbed Oregano,Powder,UNRESOLVED,UNRESOLVED,Unknown,unresolved,0,0,0,TRUE,2026-04-07T09:21:17.880566+00:00
TROPICAL HEAT SPICES PARSLEY LEAVES,,,,,,,,,Parsley Leaves Powder,Powder,UNRESOLVED,UNRESOLVED,Unknown,unresolved,0,0,0,TRUE,2026-04-07T09:21:17.880566+00:00
TROPICAL HEAT SPICES PASTA SEASONING,,,,,,,,,,,UNRESOLVED,UNRESOLVED,Unknown,unresolved,0,0,0,TRUE,2026-04-07T09:21:17.880566+00:00
TROPICAL HEAT SPICES PERI PERI,5,,2,,,,,,1g,41.84kJ,UNRESOLVED,UNRESOLVED,Unknown,unresolved,0,0,0,TRUE,2026-04-07T09:21:17.880566+00:00
TROPICAL HEAT SPICES PILAU MASALA GROUND,,,,,,,,,Pilau Masala,Powder,UNRESOLVED,UNRESOLVED,Unknown,unresolved,0,0,0,TRUE,2026-04-07T09:21:17.880566+00:00
TROPICAL HEAT SPICES PILAU MASALA WHOL,,,,,,,,,Food,,UNRESOLVED,UNRESOLVED,Unknown,unresolved,0,0,0,TRUE,2026-04-07T09:21:17.880566+00:00
TROPICAL HEAT SPICES ROSEMARY LEAVES,,,,,,,,,Rosemary Leaves,Powder,UNRESOLVED,UNRESOLVED,Unknown,unresolved,0,0,0,TRUE,2026-04-07T09:21:17.880566+00:00
TROPICAL HEAT SPICES SAGE LEAVES,,,,,,,,,Rubbed Sage,Powder,UNRESOLVED,UNRESOLVED,Unknown,unresolved,0,0,0,TRUE,2026-04-07T09:21:17.880566+00:00
TROPICAL HEAT SPICES TEA MASALA,,,,,,,,,Tea Masala,Powder,UNRESOLVED,UNRESOLVED,Unknown,unresolved,0,0,0,TRUE,2026-04-07T09:21:17.880566+00:00
TROPICAL HEAT SPICES THYME LEAVES,,,,,,,,,Rubbed Thyme,Powder,UNRESOLVED,UNRESOLVED,Unknown,unresolved,0,0,0,TRUE,2026-04-07T09:21:17.880566+00:00
TROPICAL HEAT SPICES TURMERIC GROUND,,,,,,,,,Ground Turmeric,Powder,UNRESOLVED,UNRESOLVED,Unknown,unresolved,0,0,0,TRUE,2026-04-07T09:21:17.880566+00:00
TROPICAL HEAT SUPERFIT RICE CAKES SALTED,355,1484,7.8,79.4,1.2,0.7,1.89,1.9,Rice Cakes,Salted,UNRESOLVED,UNRESOLVED,Unknown,unresolved,0,0,0,TRUE,2026-04-07T09:21:17.880566+00:00
TROPICAL HEAT SUPERFIT RICE CAKES UNSALTED,355,1484,7.8,79.4,1.2,0.7,1.89,1.8,Rice Cakes,Unsalted,UNRESOLVED,UNRESOLVED,Unknown,unresolved,0,0,0,TRUE,2026-04-07T09:21:17.880566+00:00
TROPICAL HEAT SWEET TAMU CHEVDA,515,2148,10.9,56.9,8.5,39.9,9.4,,Sweet Tamu Chevda,Solid,UNRESOLVED,UNRESOLVED,Unknown,unresolved,0,0,0,TRUE,2026-04-07T09:21:17.880566+00:00
TROPICAL HEAT TEA MASALA,,,,,,,,,Tea Masala,Powder,UNRESOLVED,UNRESOLVED,Unknown,unresolved,0,0,0,TRUE,2026-04-07T09:21:17.880566+00:00
TROPICAL HEAT TURMERIC GROUND,,,,,,,,,Ground Turmeric,Powder,UNRESOLVED,UNRESOLVED,Unknown,unresolved,0,0,0,TRUE,2026-04-07T09:21:17.880566+00:00
TROPICAL HEAT WAVES CRISPS FRUIT CHUTNEY,,,,,,,,,,,UNRESOLVED,UNRESOLVED,Unknown,unresolved,0,0,0,TRUE,2026-04-07T09:21:17.880566+00:00
TROPICAL HEAT WHITE PEPPER GROUND,,,,,,,,,Ground White Pepper,Powder,UNRESOLVED,UNRESOLVED,Unknown,unresolved,0,0,0,TRUE,2026-04-07T09:21:17.880566+00:00
TROPICAL MIX FRESH JUICE,58,247,0.58,12.6,9.4,0.24,,,Fruit Juice,Liquid,FRESH/FRUIT JUICES - NO ADDED SUGAR,FRESH/FRUIT JUICES - NO ADDED SUGAR,Unprocessed/Minimally processed foods,simulated_lookup_fuzzy,0.723,0.693,0.713,TRUE,2026-04-07T09:21:17.880566+00:00
TROPICAL SUN ALLPURPOSE SEASONING,163,,18,16,12,3.1,0.6,,Food,Powder,UNRESOLVED,UNRESOLVED,Unknown,unresolved,0,0,0,TRUE,2026-04-07T09:21:17.880566+00:00
TROPICAL SUN FISH SEASONING,106,,4.3,13.1,,4.4,8,,Food,Powder,UNRESOLVED,UNRESOLVED,Unknown,unresolved,0,0,0,TRUE,2026-04-07T09:21:17.880566+00:00
TROPICAL SUN ROOT BEER NONALC,35,148,0,8.7,8.7,0,,,American Style Root Beer,Liquid,UNRESOLVED,UNRESOLVED,Unknown,unresolved,0,0,0,TRUE,2026-04-07T09:21:17.880566+00:00
TROPICAL SUN S BBQ SEASONING,,,,,,,,,,,UNRESOLVED,UNRESOLVED,Unknown,unresolved,0,0,0,TRUE,2026-04-07T09:21:17.880566+00:00
TROPICANA FORTIFIED ALL PURPOSE HOME BAKING FLOUR,334,1397.4,10,69,0,1,0,0,Flour,Powder,UNRESOLVED,UNRESOLVED,Unknown,unresolved,0,0,0,TRUE,2026-04-07T09:21:17.880566+00:00
TROPICANA FORTIFIED SELF RAISING FLOUR,339,1418,9,71,0,1,0,0.735,Flour,Powder,UNRESOLVED,UNRESOLVED,Unknown,unresolved,0,0,0,TRUE,2026-04-07T09:21:17.880566+00:00
TROPICANA SLIM CLASSIC SWEETENER X OF,250,1046,,100,,,,,Sweetener,Powder,UNRESOLVED,UNRESOLVED,Unknown,unresolved,0,0,0,TRUE,2026-04-07T09:21:17.880566+00:00
TROPICANA SLIM DIABETIC SWEETENER X OF,250,1046,,100,,,,,Sweetener,Solid,UNRESOLVED,UNRESOLVED,Unknown,unresolved,0,0,0,TRUE,2026-04-07T09:21:17.880566+00:00
TROPICANA SLIM STEVIA DIET STICKS SWEETENER 39 PIECES,250,1046,,100,,,,,Sweetener,Powder,UNRESOLVED,UNRESOLVED,Unknown,unresolved,0,0,0,TRUE,2026-04-07T09:21:17.880566+00:00
TROPICANA SLIM STEVIA SWEETENER TABLET 100 PIECES,250,1046,,150,,,,,Sweetener Tablet,Solid,UNRESOLVED,UNRESOLVED,Unknown,unresolved,0,0,0,TRUE,2026-04-07T09:21:17.880566+00:00
TTROPICAL HEAT SPICES GARAM MASALA,,,,,,,,,Garam Masala,Powder,UNRESOLVED,UNRESOLVED,Unknown,unresolved,0,0,0,TRUE,2026-04-07T09:21:17.880566+00:00
TUNA FRUIT APPLE JUICE,58,242.6,1,12,0,1,0,0,Apple Juice,Liquid,FRUIT DRINKS/SWEETENED JUICES & BOTTLED TEAS,FRUIT DRINKS/SWEETENED JUICE,Ultra-processed foods,simulated_lookup_fuzzy,0.773,0.743,0.763,TRUE,2026-04-07T09:21:17.880566+00:00
TUZO EVERFRESH PURE GHEE,899,3761.42,0.04,0.01,,99.92,,,Ghee,Puree,UNRESOLVED,UNRESOLVED,Unknown,unresolved,0,0,0,TRUE,2026-04-07T09:21:17.880566+00:00
TUZO GHEE,897,3753.05,0,0,0,0,,,Ghee,Liquid,UNRESOLVED,UNRESOLVED,Unknown,unresolved,0,0,0,TRUE,2026-04-07T09:21:17.880566+00:00
TWINKIES ORIGINAL CAKE,,,,,,,,,,,UNRESOLVED,UNRESOLVED,Unknown,unresolved,0,0,0,TRUE,2026-04-07T09:21:17.880566+00:00
TWISCO DRINKING CHOCO 2IN1,359,1502.06,4.6,78,74,1.5,6.5,0.002,Drink Powder,Powder,UNRESOLVED,UNRESOLVED,Unknown,unresolved,0,0,0,TRUE,2026-04-07T09:21:17.880566+00:00
TWIX CHOCOLATE BAR,123,514,2,14,12.2,5.9,,,Chocolate Bar,Solid,MARBLE CAKES,MARBLE CAKES,Ultra-processed foods,simulated_lookup_fuzzy,0.727,0.697,0.717,TRUE,2026-04-07T09:21:17.880566+00:00
U MIX FORTIFIED MANDAZI FLOUR,125,522.857,3.57143,23.2143,1.78571,12.5,0,0.075,Mandazi Flour,Powder,UNRESOLVED,UNRESOLVED,Unknown,unresolved,0,0,0,TRUE,2026-04-07T09:21:17.880566+00:00
UBISCO BUTTER BISCUITS,,,,,,,,,Biscuits,Solid,UNRESOLVED,UNRESOLVED,Unknown,unresolved,0,0,0,TRUE,2026-04-07T09:21:17.880566+00:00
UBISCO DIGESTIVE BISCUITS,,,,,,,,,Biscuits,Solid,"COOKIES, BISCUITS AND WAFERS",BISCUITS,Ultra-processed foods,simulated_lookup_fuzzy,0.809,0.779,0.799,TRUE,2026-04-07T09:21:17.880566+00:00
UBISCO KREAMY BISCUITS CHOCO,,,,,,,,,,,UNRESOLVED,UNRESOLVED,Unknown,unresolved,0,0,0,TRUE,2026-04-07T09:21:17.880566+00:00
UBISCO KREAMY BISCUITS STRAWBERRY,,,,,,,,,,,UNRESOLVED,UNRESOLVED,Unknown,unresolved,0,0,0,TRUE,2026-04-07T09:21:17.880566+00:00
UBISCO NICE BISCUITS,500,2092,7.40741,59.2593,22.2222,25.9259,1.85185,0.203704,Biscuits,Solid,"COOKIES, BISCUITS AND WAFERS",BISCUITS,Ultra-processed foods,simulated_lookup_fuzzy,0.757,0.727,0.747,TRUE,2026-04-07T09:21:17.880566+00:00
UFUTA PURE VEGETABLE COOKING OIL,120,502.08,,,,14,,,Cooking Oil,Liquid,UNRESOLVED,UNRESOLVED,Unknown,unresolved,0,0,0,TRUE,2026-04-07T09:21:17.880566+00:00
UNGA EXE ATTA MARK 1 WHEAT FLOUR,340,1422,10.93,72,,,9.6,,Wheat Flour,Powder,UNRESOLVED,UNRESOLVED,Unknown,unresolved,0,0,0,TRUE,2026-04-07T09:21:17.880566+00:00
UNGA EXE CHAPATI FORTIFIED WHEAT FLOUR,300,1255.2,8.33333,43.3333,1.66667,5,,0.133333,Wheat Flour,Powder,UNRESOLVED,UNRESOLVED,Unknown,unresolved,0,0,0,TRUE,2026-04-07T09:21:17.880566+00:00
UNGA EXE WHOLE MEAL FORTIFIED WHEAT FLOUR,252,1054.36,8.4,51,1.9,1.6,,,Wheat Flour,Powder,UNRESOLVED,UNRESOLVED,Unknown,unresolved,0,0,0,TRUE,2026-04-07T09:21:17.880566+00:00
UNGA WA DOLA ALL PURPOSE FLOUR,364,1522.97,10,76,0.3,1,,0.002,All Purpose Flour,Powder,UNRESOLVED,UNRESOLVED,Unknown,unresolved,0,0,0,TRUE,2026-04-07T09:21:17.880566+00:00
UNGA WA DOLA ATTA FLOUR,340,1422,10.93,72,,,9.6,,Flour,Powder,UNRESOLVED,UNRESOLVED,Unknown,unresolved,0,0,0,TRUE,2026-04-07T09:21:17.880566+00:00
UNGANO BLENDED HOME BAKING FLOUR,,,,,,,,,,,UNRESOLVED,UNRESOLVED,Unknown,unresolved,0,0,0,TRUE,2026-04-07T09:21:17.880566+00:00
UNITED U MIX MANDAZI FLOUR,,,,,,,,,,,UNRESOLVED,UNRESOLVED,Unknown,unresolved,0,0,0,TRUE,2026-04-07T09:21:17.880566+00:00
URBAN WATER,,,,,,,,,Water,Liquid,UNRESOLVED,UNRESOLVED,Unknown,unresolved,0,0,0,TRUE,2026-04-07T09:21:17.880566+00:00
URBAN WATERS PURIFIED DRINKING WATER,0,0,,,,,,0.235,Drinking Water,Liquid,UNRESOLVED,UNRESOLVED,Unknown,unresolved,0,0,0,TRUE,2026-04-07T09:21:17.880566+00:00
VANILLA COCOA CREAM BISCUIT,489.744,2049.08,5.12821,66.6667,,20.5128,,,Cocoa Cream Biscuit,Solid,UNRESOLVED,UNRESOLVED,Unknown,unresolved,0,0,0,TRUE,2026-04-07T09:21:17.880566+00:00
VANINI HEZELNUTS CARAMEL SALT 62 CHOCOLATE,,,,,,,,,,,UNRESOLVED,UNRESOLVED,Unknown,unresolved,0,0,0,TRUE,2026-04-07T09:21:17.880566+00:00
VARVELLO ACETO DI VINO ROSSO RED WINE VINEGAR,21,90,0.05,0.5,0.5,0,,,Vinegar,Liquid,UNRESOLVED,UNRESOLVED,Unknown,unresolved,0,0,0,TRUE,2026-04-07T09:21:17.880566+00:00
VARVELLO APPLE VINEGAR,22,92.048,0,0.9,,0,0,0.005,Vinegar,Liquid,UNRESOLVED,UNRESOLVED,Unknown,unresolved,0,0,0,TRUE,2026-04-07T09:21:17.880566+00:00
VARVELLO GRAN SAPORE APPLE CIDER VINEGAR,22,92.048,0,0.9,,0,0,0.005,Apple Cider Vinegar,Liquid,UNRESOLVED,UNRESOLVED,Unknown,unresolved,0,0,0,TRUE,2026-04-07T09:21:17.880566+00:00
VARVELLO GRAN SAPORE MODENA BALSAMIC VINEGAR,0,0,0,0,0,0,0,0.24,Balsamic Vinegar,Liquid,UNRESOLVED,UNRESOLVED,Unknown,unresolved,0,0,0,TRUE,2026-04-07T09:21:17.880566+00:00
VARVELLO GRAN SAPORE RED GRAPE VINEGAR,21,90,0.05,0.5,0.5,0,,,Vinegar,Liquid,UNRESOLVED,UNRESOLVED,Unknown,unresolved,0,0,0,TRUE,2026-04-07T09:21:17.880566+00:00
VARVELLO GRAN WHITE WINE VINEGAR500,,,,,,,,,,,UNRESOLVED,UNRESOLVED,Unknown,unresolved,0,0,0,TRUE,2026-04-07T09:21:17.880566+00:00
VERTMONT BIO ORGANIC PURE AGAVE SYRUP,,,,,,,,,Syrup,Liquid,UNRESOLVED,UNRESOLVED,Unknown,unresolved,0,0,0,TRUE,2026-04-07T09:21:17.880566+00:00
VIDAL JELLY FILLED PIZZAS HALAL 100,,,,,,,,,,,UNRESOLVED,UNRESOLVED,Unknown,unresolved,0,0,0,TRUE,2026-04-07T09:21:17.880566+00:00
VIDAL JELLY FILLED STRAWBERRIES,,,,,,,,,,,UNRESOLVED,UNRESOLVED,Unknown,unresolved,0,0,0,TRUE,2026-04-07T09:21:17.880566+00:00
VIDAL JELLY MIX,,,,,,,,,,,UNRESOLVED,UNRESOLVED,Unknown,unresolved,0,0,0,TRUE,2026-04-07T09:21:17.880566+00:00
VIDAL MEGA JELLY MIX HALAL,341,1427,4.5,79,55,0.2,0,,Gummi Candy,Solid,UNRESOLVED,UNRESOLVED,Unknown,unresolved,0,0,0,TRUE,2026-04-07T09:21:17.880566+00:00
VIDAL MEGA SWEET MIX BAG,,,,,,,,,,,UNRESOLVED,UNRESOLVED,Unknown,unresolved,0,0,0,TRUE,2026-04-07T09:21:17.880566+00:00
VIDAL RELLE NOLAS STRAWBERRIES,,,,,,,,,,,UNRESOLVED,UNRESOLVED,Unknown,unresolved,0,0,0,TRUE,2026-04-07T09:21:17.880566+00:00
VIDAL STRAWBERRY CREAM DROPS,339,1442,4,79,62,0,,,Gummi Candy,Solid,UNRESOLVED,UNRESOLVED,Unknown,unresolved,0,0,0,TRUE,2026-04-07T09:21:17.880566+00:00
VILLARS HAZELNUT CHIPS MILK CHOCOLATE BAR,565,2364,8.4,48,46,38,2.6,,Chocolate Bar,Solid,UNRESOLVED,UNRESOLVED,Unknown,unresolved,0,0,0,TRUE,2026-04-07T09:21:17.880566+00:00
VILLARS ORANGE MILK CHOCOLATE BAR,525,2195,6.7,55,54,31,2.4,,Chocolate Bar,Solid,UNRESOLVED,UNRESOLVED,Unknown,unresolved,0,0,0,TRUE,2026-04-07T09:21:17.880566+00:00
VILLARS ROASTED ALMONDS MILK CHOCOLATE BAR,565,2355,9,46,46,38,3,,Chocolate Bar,Solid,UNRESOLVED,UNRESOLVED,Unknown,unresolved,0,0,0,TRUE,2026-04-07T09:21:17.880566+00:00
VIMTO CANDY FLOSS,,,,,,,,,,,UNRESOLVED,UNRESOLVED,Unknown,unresolved,0,0,0,TRUE,2026-04-07T09:21:17.880566+00:00
VIMTO SPARKLING FRUIT DRINK,24,100,,6.1,6.1,,,,Fruit Drink,Liquid,FRUIT DRINKS/SWEETENED JUICES & BOTTLED TEAS,FRUIT DRINKS/SWEETENED JUICE,Ultra-processed foods,simulated_lookup_fuzzy,0.875,0.845,0.865,FALSE,2026-04-07T09:21:17.880566+00:00
VIRGINIA GARDEN DARK SOY SAUCE,36,150.62,7,26,22,0,0,7.8,Sauce,Liquid,UNRESOLVED,UNRESOLVED,Unknown,unresolved,0,0,0,TRUE,2026-04-07T09:21:17.880566+00:00
VIRGINIA GREEN GARDEN BARBEQUE SAUCE,,,,,,,,,Barbeque Sauce,Paste,UNRESOLVED,UNRESOLVED,Unknown,unresolved,0,0,0,TRUE,2026-04-07T09:21:17.880566+00:00
VIRGINIA GREEN GARDEN CHOCOLATE SYRUP,259,1083.66,1.7,60.9,510.1,0.93,2.9,0.0372,Syrup,Liquid,UNRESOLVED,UNRESOLVED,Unknown,unresolved,0,0,0,TRUE,2026-04-07T09:21:17.880566+00:00
VIRGINIA GREEN GARDEN HOT SAUCE,8.7,,60,100,,3,,,Food,,UNRESOLVED,UNRESOLVED,Unknown,unresolved,0,0,0,TRUE,2026-04-07T09:21:17.880566+00:00
VIRGINIA GREEN GARDEN NATURAL AND DELICIOUS GOLDEN CREAM,242,1012.5,2,5,,23,,,Cream,Cream,UNRESOLVED,UNRESOLVED,Unknown,unresolved,0,0,0,TRUE,2026-04-07T09:21:17.880566+00:00
VIRGINIA GREEN GARDEN YELLOW MUSTARD,120,502.08,5,9,5,5,0,1,Yellow Mustard,Paste,UNRESOLVED,UNRESOLVED,Unknown,unresolved,0,0,0,TRUE,2026-04-07T09:21:17.880566+00:00
VIRGINIA OYSTER SAUCE,51,213,1.4,11,0,0.3,0.3,2.733,Sauce,Paste,UNRESOLVED,UNRESOLVED,Unknown,unresolved,0,0,0,TRUE,2026-04-07T09:21:17.880566+00:00
VIRTUE ENERGY DRINK PEACH & RASPBERRY,,,,,,,,,,,UNRESOLVED,UNRESOLVED,Unknown,unresolved,0,0,0,TRUE,2026-04-07T09:21:17.880566+00:00
VIRTUE ENERGY DRINK STRAWBERRY & LIME,,,,,,,,,,,UNRESOLVED,UNRESOLVED,Unknown,unresolved,0,0,0,TRUE,2026-04-07T09:21:17.880566+00:00
VIRTUE LEMON AND LIME CLEAN ENERGY DRINK,,,,,,,,,Energy Drink,Liquid,UNRESOLVED,UNRESOLVED,Unknown,unresolved,0,0,0,TRUE,2026-04-07T09:21:17.880566+00:00
VITAFLA HOME BAKING FLOUR,,,,,,,,,,Powder,UNRESOLVED,UNRESOLVED,Unknown,unresolved,0,0,0,TRUE,2026-04-07T09:21:17.880566+00:00
VITRAC APRICOT JAM,260,1047,0,65,64,0,1,0,Apricot Jam,Paste,UNRESOLVED,UNRESOLVED,Unknown,unresolved,0,0,0,TRUE,2026-04-07T09:21:17.880566+00:00
VITRAC BLUEBERRY JAM,260,1087.5,0,65,60,0,0,0,Blueberry Jam,Jelly,UNRESOLVED,UNRESOLVED,Unknown,unresolved,0,0,0,TRUE,2026-04-07T09:21:17.880566+00:00
VITRAC CLOVER HONEY,64,267.7,,17,,,,,Honey,Liquid,UNRESOLVED,UNRESOLVED,Unknown,unresolved,0,0,0,TRUE,2026-04-07T09:21:17.880566+00:00
VITRAC MIXED FRUITS JAM,,,,,,,,,Mixed Fruits Jam,Paste,JAM/OTHER SPREADS,FRUIT JAM,Ultra-processed foods,simulated_lookup_fuzzy,0.818,0.788,0.808,TRUE,2026-04-07T09:21:17.880566+00:00
VITRAC ORANGE JAM,32,133.888,0,8,0,0,0,0,Orange Jam,Jelly,UNRESOLVED,UNRESOLVED,Unknown,unresolved,0,0,0,TRUE,2026-04-07T09:21:17.880566+00:00
VITRAC STRAWBERRY JAM,,,,,,,,,Strawberry Jam,Paste,JAM/OTHER SPREADS,FRUIT JAM,Ultra-processed foods,simulated_lookup_fuzzy,0.829,0.799,0.819,TRUE,2026-04-07T09:21:17.880566+00:00
VOBRO CHOCOLATE BEST WISHES,,,,,,,,,,,UNRESOLVED,UNRESOLVED,Unknown,unresolved,0,0,0,TRUE,2026-04-07T09:21:17.880566+00:00
VOBRO CHOCOLATE CHERRY PASSION,,,,,,,,,,,UNRESOLVED,UNRESOLVED,Unknown,unresolved,0,0,0,TRUE,2026-04-07T09:21:17.880566+00:00
VOBRO CHOCOLATE PANNA COTTA1 PRALINES,,,,,,,,,,,UNRESOLVED,UNRESOLVED,Unknown,unresolved,0,0,0,TRUE,2026-04-07T09:21:17.880566+00:00
VOBRO DELISSIMO HONEY & ALMOND CHOCOLATE,,,,,,,,,,,UNRESOLVED,UNRESOLVED,Unknown,unresolved,0,0,0,TRUE,2026-04-07T09:21:17.880566+00:00
VOBRO FRUTI DI MARE CHRRY&COCOA,,,,,,,,,,,UNRESOLVED,UNRESOLVED,Unknown,unresolved,0,0,0,TRUE,2026-04-07T09:21:17.880566+00:00
VOBRO FRUTTI DI MARE CHOCO,,,,,,,,,,,UNRESOLVED,UNRESOLVED,Unknown,unresolved,0,0,0,TRUE,2026-04-07T09:21:17.880566+00:00
VOBRO FRUTTI DI MARE CHOCOLATE,,,,,,,,,,,UNRESOLVED,UNRESOLVED,Unknown,unresolved,0,0,0,TRUE,2026-04-07T09:21:17.880566+00:00
VOBRO HAZELNUT PASSION CHOCO,,,,,,,,,,,UNRESOLVED,UNRESOLVED,Unknown,unresolved,0,0,0,TRUE,2026-04-07T09:21:17.880566+00:00
VOBRO MARZIPAN PASSION CHOCOLATE,,,,,,,,,,,UNRESOLVED,UNRESOLVED,Unknown,unresolved,0,0,0,TRUE,2026-04-07T09:21:17.880566+00:00
WABA MINERAL WATER,0,0,,,,,,0.00347985,Mineral Water,Liquid,WATER,MINERAL WATER,Unprocessed/Minimally processed foods,simulated_lookup_fuzzy,0.878,0.848,0.868,FALSE,2026-04-07T09:21:17.880566+00:00
WADI FOODS APPLE VINEGAR,,,,,,,,,,,UNRESOLVED,UNRESOLVED,Unknown,unresolved,0,0,0,TRUE,2026-04-07T09:21:17.880566+00:00
WADI FOODS TOMATO PASTE,,,,,,,,,,,TOMATO PASTE,TOMATO PASTE,Processed foods,simulated_lookup_fuzzy,0.75,0.72,0.74,TRUE,2026-04-07T09:21:17.880566+00:00
WAFER MASTER CHOCO CREAM ROLLS,,,,,,,,,,,UNRESOLVED,UNRESOLVED,Unknown,unresolved,0,0,0,TRUE,2026-04-07T09:21:17.880566+00:00
WAFER MASTER CREPE GOFRETTE FP,,,,,,,,,,,UNRESOLVED,UNRESOLVED,Unknown,unresolved,0,0,0,TRUE,2026-04-07T09:21:17.880566+00:00
WAFER MASTER FINDIK HUZELNUT ROLLS TIN,,,,,,,,,,,UNRESOLVED,UNRESOLVED,Unknown,unresolved,0,0,0,TRUE,2026-04-07T09:21:17.880566+00:00
WAFER MASTER FINDIK KRIMALI CREPE HUZELNUT,,,,,,,,,,,UNRESOLVED,UNRESOLVED,Unknown,unresolved,0,0,0,TRUE,2026-04-07T09:21:17.880566+00:00
WAFER MASTER HUZELNUT CREAM ROLL FP,,,,,,,,,,,UNRESOLVED,UNRESOLVED,Unknown,unresolved,0,0,0,TRUE,2026-04-07T09:21:17.880566+00:00
WAFER MASTER PEANUT BUTTER CREAM ROLL,,,,,,,,,,,UNRESOLVED,UNRESOLVED,Unknown,unresolved,0,0,0,TRUE,2026-04-07T09:21:17.880566+00:00
WAFER MASTER STRAWBERRY FLAVOUR ROLLS,,,,,,,,,,,UNRESOLVED,UNRESOLVED,Unknown,unresolved,0,0,0,TRUE,2026-04-07T09:21:17.880566+00:00
WAFER MASTER SUPERROLL HUZELNUT FPK,,,,,,,,,,,UNRESOLVED,UNRESOLVED,Unknown,unresolved,0,0,0,TRUE,2026-04-07T09:21:17.880566+00:00
WAFER MASTER VANILLA CREAM ROLLS,,,,,,,,,,,UNRESOLVED,UNRESOLVED,Unknown,unresolved,0,0,0,TRUE,2026-04-07T09:21:17.880566+00:00
WAFER MASTERCAPUCINO CREAM ROLLS,,,,,,,,,,,UNRESOLVED,UNRESOLVED,Unknown,unresolved,0,0,0,TRUE,2026-04-07T09:21:17.880566+00:00
WAFER MASTERCHOCO CREAM ROLLS TIN,,,,,,,,,,,UNRESOLVED,UNRESOLVED,Unknown,unresolved,0,0,0,TRUE,2026-04-07T09:21:17.880566+00:00
WAFER MASTERHAZELNUT CREAM ROLLS,,,,,,,,,,,UNRESOLVED,UNRESOLVED,Unknown,unresolved,0,0,0,TRUE,2026-04-07T09:21:17.880566+00:00
WAFER MASTERMINIS CHOCO CREAM TIN,,,,,,,,,,,UNRESOLVED,UNRESOLVED,Unknown,unresolved,0,0,0,TRUE,2026-04-07T09:21:17.880566+00:00
WAFER MASTERMINIS HUZELNUT CREAM TIN,,,,,,,,,,,UNRESOLVED,UNRESOLVED,Unknown,unresolved,0,0,0,TRUE,2026-04-07T09:21:17.880566+00:00
WALKERS ECLAIRS MILK CHOCOLATE,513,2146,2,70,52,24,0,0,Milk Chocolate,Solid,UNRESOLVED,UNRESOLVED,Unknown,unresolved,0,0,0,TRUE,2026-04-07T09:21:17.880566+00:00
WALKERS MILK WHITE AND DARK CHOCOLATE CLASSICS,485.4,2031,3.6,65,58,23.1,0,0.09,Chocolate Classics,Solid,UNRESOLVED,UNRESOLVED,Unknown,unresolved,0,0,0,TRUE,2026-04-07T09:21:17.880566+00:00
WALKERS NONSUCH ASSORTED AND CHOCOLATE ECLAIRS TOFFEE,496,2078,2.6,71.6,71.4,22.1,0,,Toffee,Solid,UNRESOLVED,UNRESOLVED,Unknown,unresolved,0,0,0,TRUE,2026-04-07T09:21:17.880566+00:00
WALKERS NONSUCH ENGLISH CREAMY TOFFEE,480,2013,2,72.1,72.1,20.4,0,,Toffee,Solid,UNRESOLVED,UNRESOLVED,Unknown,unresolved,0,0,0,TRUE,2026-04-07T09:21:17.880566+00:00
WALKERS NONSUCH MINT TOFFEES,180,768,0.8,30,20,6.9,0,,Toffee,Solid,UNRESOLVED,UNRESOLVED,Unknown,unresolved,0,0,0,TRUE,2026-04-07T09:21:17.880566+00:00
WALKERS NONSUCH TREACLE TOFFEE,740,1944,1.9,72.1,48.7,19.2,0,,Toffee,Solid,UNRESOLVED,UNRESOLVED,Unknown,unresolved,0,0,0,TRUE,2026-04-07T09:21:17.880566+00:00
WANG LAO JI HERBAL TEA DRINK,38,146,0.9,8.99,5.59,0.9,,,Herbal Tea Drink,Liquid,UNRESOLVED,UNRESOLVED,Unknown,unresolved,0,0,0,TRUE,2026-04-07T09:21:17.880566+00:00
WANG SHOU YI THIRTEEN MIXED SPICE,397,1661,9,70.8,14.9,8.4,,,Mixed Spice,Powder,UNRESOLVED,UNRESOLVED,Unknown,unresolved,0,0,0,TRUE,2026-04-07T09:21:17.880566+00:00
WANG WANG MILK DRINK,190,796,6.4,24.5,13,5.9,,,Milk Drink,Liquid,UNRESOLVED,UNRESOLVED,Unknown,unresolved,0,0,0,TRUE,2026-04-07T09:21:17.880566+00:00
WANG WANG SWEET MILK CREAMY CHEWY CANDY,215,899.56,3.3,77.7,0,10.8,,0.18,Chewy Candy,Solid,UNRESOLVED,UNRESOLVED,Unknown,unresolved,0,0,0,TRUE,2026-04-07T09:21:17.880566+00:00
WANG WANG SWEET RICE BISCUIT,36,150.62,,5,,1,,0.027,Sweet Rice Biscuit,Solid,UNRESOLVED,UNRESOLVED,Unknown,unresolved,0,0,0,TRUE,2026-04-07T09:21:17.880566+00:00
WANGWANG CHINESE RICE CRACKER COOKIES,490,2050.16,4,71,0,21,0,0.75,Cracker Cookies,Solid,UNRESOLVED,UNRESOLVED,Unknown,unresolved,0,0,0,TRUE,2026-04-07T09:21:17.880566+00:00
WARDA LASAGNES PASTA,355,1485,12.5,73,,1.9,1.15,,Lasagnes Pasta,Solid,UNRESOLVED,UNRESOLVED,Unknown,unresolved,0,0,0,TRUE,2026-04-07T09:21:17.880566+00:00
WARDA ROSE BLANCHE COUSCOUS MEDIUM,366,1534,12,72,,1.5,,,Couscous,Solid,UNRESOLVED,UNRESOLVED,Unknown,unresolved,0,0,0,TRUE,2026-04-07T09:21:17.880566+00:00
WARHEADS SOUR BLK CHERRY SODA,,,,,,,,,,,UNRESOLVED,UNRESOLVED,Unknown,unresolved,0,0,0,TRUE,2026-04-07T09:21:17.880566+00:00
WARHEADS SOUR BLUE RASP SODA,,,,,,,,,,,UNRESOLVED,UNRESOLVED,Unknown,unresolved,0,0,0,TRUE,2026-04-07T09:21:17.880566+00:00
WARHEADS SOUR G/APPLE SODA,,,,,,,,,,,UNRESOLVED,UNRESOLVED,Unknown,unresolved,0,0,0,TRUE,2026-04-07T09:21:17.880566+00:00
WARHEADS SOUR PEACH SODA,,,,,,,,,,,UNRESOLVED,UNRESOLVED,Unknown,unresolved,0,0,0,TRUE,2026-04-07T09:21:17.880566+00:00
WARHEADS SOUR WATERMELON SODA,,,,,,,,,,,UNRESOLVED,UNRESOLVED,Unknown,unresolved,0,0,0,TRUE,2026-04-07T09:21:17.880566+00:00
WATERMELON FRESH JUICE,53.87,225.3,0.41,12.81,0,0.11,0.61,1.00E-05,Watermelon Juice,Liquid,UNRESOLVED,UNRESOLVED,Unknown,unresolved,0,0,0,TRUE,2026-04-07T09:21:17.880566+00:00
WEETABIX BANANA CEREAL,358,1480,11.1,66,2,2.3,,0.241,Cereal,Solid,BREAKFAST CEREALS,WHEAT BISCUIT CEREALS,Ultra-processed foods,simulated_lookup_fuzzy,0.811,0.781,0.801,TRUE,2026-04-07T09:21:17.880566+00:00
WEETABIX BRAN FLAKES,360,1520,12,64,12,2.7,,0.00014,Bran Flakes,Solid,BREAKFAST CEREALS,CORN FLAKE CEREALS,Ultra-processed foods,simulated_lookup_fuzzy,0.872,0.842,0.862,FALSE,2026-04-07T09:21:17.880566+00:00
WEETABIX CHOCOLATE,366,1547,10,68,17,3.8,10,0.012,,,BREAKFAST CEREALS,CORN FLAKE CEREALS,Ultra-processed foods,simulated_lookup_fuzzy,0.778,0.748,0.768,TRUE,2026-04-07T09:21:17.880566+00:00
WEETABIX CORN FLAKES FRUITY FRENZY,,,,,,,,,,,UNRESOLVED,UNRESOLVED,Unknown,unresolved,0,0,0,TRUE,2026-04-07T09:21:17.880566+00:00
WEETABIX CORNFLAKES CEREALS,358,1480,11.1,66,2,2.3,,0.241,Cereal,Solid,BREAKFAST CEREALS,CORN FLAKE CEREALS,Ultra-processed foods,simulated_lookup_fuzzy,0.826,0.796,0.816,TRUE,2026-04-07T09:21:17.880566+00:00
WEETABIX CORNFLAKES EXT CRUNCHY,,,,,,,,,,,BREAKFAST CEREALS,CORN FLAKE CEREALS,Ultra-processed foods,simulated_lookup_fuzzy,0.76,0.73,0.75,TRUE,2026-04-07T09:21:17.880566+00:00
WEETABIX CRISPY CRUNCHY CORN FLAKES,367,1555,7.5,80.4,5.1,0.9,3.4,0,Cornflakes,Solid,UNRESOLVED,UNRESOLVED,Unknown,unresolved,0,0,0,TRUE,2026-04-07T09:21:17.880566+00:00
WEETABIX CRUNCH CORNFLAKES,367,1555,7.5,80.4,5.1,0.9,3.4,,Cornflakes,Solid,FRUIT DRINKS/SWEETENED JUICES & BOTTLED TEAS,FRUIT DRINKS/SWEETENED JUICE,Ultra-processed foods,simulated_lookup_fuzzy,0.844,0.814,0.834,TRUE,2026-04-07T09:21:17.880566+00:00
WEETABIX FRUIT AND FIBER CEREALS WHEAT FLAKES,387,1634,8.8,69,21,6.5,,0.00011,Wheat Flakes,Solid,FRUIT DRINKS/SWEETENED JUICES & BOTTLED TEAS,FRUIT DRINKS/SWEETENED JUICE,Ultra-processed foods,unresolved,0,0,0,TRUE,2026-04-07T09:21:17.880566+00:00
WEETABIX OATIBIX JUMBO OATS,376,1588,11.8,62.1,1,6.5,11.1,,Oats,Solid,FRUIT DRINKS/SWEETENED JUICES & BOTTLED TEAS,FRUIT DRINKS/SWEETENED JUICE,Ultra-processed foods,unresolved,0,0,0,TRUE,2026-04-07T09:21:17.880566+00:00
WEETABIX OATIBIX WHOLE GRAIN OATS CEREALS,395,1663,13,64,3.2,8,7.3,,Cereal,Solid,FRUIT DRINKS/SWEETENED JUICES & BOTTLED TEAS,FRUIT DRINKS/SWEETENED JUICE,Ultra-processed foods,unresolved,0,0,0,TRUE,2026-04-07T09:21:17.880566+00:00
WEETABIX OATIBIX WHOLEGRAIN ROLLED OATS,370,1558,11,59,1.1,8,9,,Rolled Oats,Solid,FRUIT DRINKS/SWEETENED JUICES & BOTTLED TEAS,FRUIT DRINKS/SWEETENED JUICE,Ultra-processed foods,unresolved,0,0,0,TRUE,2026-04-07T09:21:17.880566+00:00
WEETABIX OREOS CEREAL,380,1609,6.8,81,31,2.4,3.4,,,,FRUIT DRINKS/SWEETENED JUICES & BOTTLED TEAS,FRUIT DRINKS/SWEETENED JUICE,Ultra-processed foods,unresolved,0,0,0,TRUE,2026-04-07T09:21:17.880566+00:00
WEETABIX ROLLED OATS,370,1558,11,59,1.1,8,9,,Oats,Solid,FRUIT DRINKS/SWEETENED JUICES & BOTTLED TEAS,FRUIT DRINKS/SWEETENED JUICE,Ultra-processed foods,unresolved,0,0,0,TRUE,2026-04-07T09:21:17.880566+00:00
WEETABIX STRAWBERRY FLAVOUR CEREALS BISCUITS,363,1518,10.6,71,13,1.9,10,0.2,Cereals Biscuits,Solid,FRUIT DRINKS/SWEETENED JUICES & BOTTLED TEAS,FRUIT DRINKS/SWEETENED JUICE,Ultra-processed foods,unresolved,0,0,0,TRUE,2026-04-07T09:21:17.880566+00:00
WEETABIX VANILLA FLAVOUR CEREALS BISCUITS,363.5,1506,10.6,71,13.3,1.9,10,0.2,Cereals Biscuits,Solid,FRUIT DRINKS/SWEETENED JUICES & BOTTLED TEAS,FRUIT DRINKS/SWEETENED JUICE,Ultra-processed foods,unresolved,0,0,0,TRUE,2026-04-07T09:21:17.880566+00:00
WEETABIX WEETOS ORANGE CHOCOLATEY HOOPS CEREAL,,,,,,,,,,,FRUIT DRINKS/SWEETENED JUICES & BOTTLED TEAS,FRUIT DRINKS/SWEETENED JUICE,Ultra-processed foods,unresolved,0,0,0,TRUE,2026-04-07T09:21:17.880566+00:00
WEETABIX WHOLEGRAIN BANANA CEREAL,358,1480,11.1,66,2,2.3,,0.241,Cereal,Solid,FRUIT DRINKS/SWEETENED JUICES & BOTTLED TEAS,FRUIT DRINKS/SWEETENED JUICE,Ultra-processed foods,unresolved,0,0,0,TRUE,2026-04-07T09:21:17.880566+00:00
WEETABIX WHOLEGRAIN CEREAL,342,1436,11.5,68.4,4.4,2,10,,,,FRUIT DRINKS/SWEETENED JUICES & BOTTLED TEAS,FRUIT DRINKS/SWEETENED JUICE,Ultra-processed foods,unresolved,0,0,0,TRUE,2026-04-07T09:21:17.880566+00:00
WEETABIX WHOLEGRAIN CEREALS,338,1432,11.5,68.4,4.4,2,10,,Cereal,Solid,ENERGY DRINKS,ENERGY DRINKS,Ultra-processed foods,unresolved,0,0,0,TRUE,2026-04-07T09:21:17.880566+00:00
WERTHER'S ORIGINAL TRADITIONAL BUTTER CANDIES,424,1793,0.3,86.9,71.6,8.4,,,Candies,Solid,WHEAT FLOUR,WHEAT FLOUR - ATTA,Unprocessed/Minimally processed foods,unresolved,0,0,0,TRUE,2026-04-07T09:21:17.880566+00:00
WERTHERS CHOCOLATE BUTTER CANDY BOX,,,,,,,,,,,WHOLE MILK,FRESH MILK,Unprocessed/Minimally processed foods,unresolved,0,0,0,TRUE,2026-04-07T09:21:17.880566+00:00
WHOLE CUMIN,375,1569,18,44,2.3,22,11,0.168,Cumin,Solid,WHOLE MILK,FRESH MILK,Unprocessed/Minimally processed foods,unresolved,0,0,0,TRUE,2026-04-07T09:21:17.880566+00:00
WINNIE'S PURE HEALTH HERBAL SEA SALT WITH IODINE,46.1,193,5.1,4.1,0,1.3,0,38.667,Salt,Powder,ENERGY DRINKS,ENERGY DRINKS,Ultra-processed foods,unresolved,0,0,0,TRUE,2026-04-07T09:21:17.880566+00:00
WINNIE'S PURE HEALTH IODINE SEA SALT,46.1,193,5.1,4.1,0,1.3,0,38.667,Sea Salt,Solid,ENERGY DRINKS,ENERGY DRINKS,Ultra-processed foods,unresolved,0,0,0,TRUE,2026-04-07T09:21:17.880566+00:00
WINNIE'S PURE HEALTH SEA SALT WITH IODINE,46.1,193,5.1,4.1,0,1.3,0,38.667,Sea Salt,Solid,ENERGY DRINKS,ENERGY DRINKS,Ultra-processed foods,unresolved,0,0,0,TRUE,2026-04-07T09:21:17.880566+00:00
WINNIES PURE HEALTH HERBAL TABLE SALT WITH IODINE,46.1,193,5.1,4.1,0,1.3,0,38.667,Sea Salt,Solid,FRUIT DRINKS/SWEETENED JUICES & BOTTLED TEAS,FRUIT DRINKS/SWEETENED JUICE,Ultra-processed foods,unresolved,0,0,0,TRUE,2026-04-07T09:21:17.880566+00:00
WINNIES PURE HEALTH HONEY,140,587.6,,32,,,,0.008,Honey,Solid,FRUIT DRINKS/SWEETENED JUICES & BOTTLED TEAS,FRUIT DRINKS/SWEETENED JUICE,Ultra-processed foods,simulated_lookup_fuzzy,0.81,0.78,0.8,TRUE,2026-04-07T09:21:17.880566+00:00
WINNIES PURE HEALTH PURE WIMBI AFYA FLOUR,,,,,,,,,Wimbi Afya Flour,Powder,FRUIT DRINKS/SWEETENED JUICES & BOTTLED TEAS,FRUIT DRINKS/SWEETENED JUICE,Ultra-processed foods,unresolved,0,0,0,TRUE,2026-04-07T09:21:17.880566+00:00
WINNIES PURE HEALTH TOTO AFYA FLOUR,,,,,,,,,Toto Afya Flour,Powder,FRUIT DRINKS/SWEETENED JUICES & BOTTLED TEAS,FRUIT DRINKS/SWEETENED JUICE,Ultra-processed foods,simulated_lookup_fuzzy,0.75,0.72,0.74,TRUE,2026-04-07T09:21:17.880566+00:00
WINNIES PURE HEALTH UGALI AFYA,,,,,,,,,Ugali Afya,Powder,FRUIT DRINKS/SWEETENED JUICES & BOTTLED TEAS,FRUIT DRINKS/SWEETENED JUICE,Ultra-processed foods,unresolved,0,0,0,TRUE,2026-04-07T09:21:17.880566+00:00
WINNIES PURE HEALTH UGALI AFYA FLOUR,,,,,,,,,Ugali Afya Flour,Powder,FRUIT DRINKS/SWEETENED JUICES & BOTTLED TEAS,FRUIT DRINKS/SWEETENED JUICE,Ultra-processed foods,unresolved,0,0,0,TRUE,2026-04-07T09:21:17.880566+00:00
WINNIES PURE HEALTH UJI AFYA,,,,,,,,,Uji Afya,Powder,FRUIT DRINKS/SWEETENED JUICES & BOTTLED TEAS,FRUIT DRINKS/SWEETENED JUICE,Ultra-processed foods,unresolved,0,0,0,TRUE,2026-04-07T09:21:17.880566+00:00
WINNIES PURE HEATH CHAPATI AFYA,110,460,10.93,23,,,9.6,,Chapati Afya,Powder,FRUIT DRINKS/SWEETENED JUICES & BOTTLED TEAS,FRUIT DRINKS/SWEETENED JUICE,Ultra-processed foods,unresolved,0,0,0,TRUE,2026-04-07T09:21:17.880566+00:00
WITOR'S BOERO LIMONCELLO DARK CHOCOLATE WITH LIQUEUR,,,,,,,,,,,FRUIT DRINKS/SWEETENED JUICES & BOTTLED TEAS,FRUIT DRINKS/SWEETENED JUICE,Ultra-processed foods,unresolved,0,0,0,TRUE,2026-04-07T09:21:17.880566+00:00
WITOR'S CUORE MILK CHOCOLATE TRUFFLE,,,,,,,,,,,FRUIT DRINKS/SWEETENED JUICES & BOTTLED TEAS,FRUIT DRINKS/SWEETENED JUICE,Ultra-processed foods,unresolved,0,0,0,TRUE,2026-04-07T09:21:17.880566+00:00
WITOR'S GOLDEN MILK CHOCOLATE WITH HAZELNUTS,,,,,,,,,,,FRUIT DRINKS/SWEETENED JUICES & BOTTLED TEAS,FRUIT DRINKS/SWEETENED JUICE,Ultra-processed foods,unresolved,0,0,0,TRUE,2026-04-07T09:21:17.880566+00:00
WITOR'S NOIR DARK CHOCOLATE WITH HAZELNUTS,,,,,,,,,,,FRUIT DRINKS/SWEETENED JUICES & BOTTLED TEAS,FRUIT DRINKS/SWEETENED JUICE,Ultra-processed foods,unresolved,0,0,0,TRUE,2026-04-07T09:21:17.880566+00:00
WNNIES PUR HEALTH AROMATIC PISHORI BROWN RICE,336,1405,9.1,77.6,,1.6,2.5,0.00299,Rice,Solid,FRUIT DRINKS/SWEETENED JUICES & BOTTLED TEAS,FRUIT DRINKS/SWEETENED JUICE,Ultra-processed foods,unresolved,0,0,0,TRUE,2026-04-07T09:21:17.880566+00:00
WOODLANDS KITUI HONEY,,,,,,,,,Honey,Liquid,FRUIT DRINKS/SWEETENED JUICES & BOTTLED TEAS,FRUIT DRINKS/SWEETENED JUICE,Ultra-processed foods,unresolved,0,0,0,TRUE,2026-04-07T09:21:17.880566+00:00
WOODLANDS KITUI PURE HONEY,,,,,,,,,Honey,Paste,FRUIT DRINKS/SWEETENED JUICES & BOTTLED TEAS,FRUIT DRINKS/SWEETENED JUICE,Ultra-processed foods,unresolved,0,0,0,TRUE,2026-04-07T09:21:17.880566+00:00
WOODLANDS KITUI PURE HONEY SQUEEZE,,,,,,,,,Honey,Paste,FRUIT DRINKS/SWEETENED JUICES & BOTTLED TEAS,FRUIT DRINKS/SWEETENED JUICE,Ultra-processed foods,unresolved,0,0,0,TRUE,2026-04-07T09:21:17.880566+00:00
WOTS BHARTI BEN CLASSIC SALTED KENYAN BANANA CRISPS,,,,,,,,,Banana Crisps,Solid,FRUIT DRINKS/SWEETENED JUICES & BOTTLED TEAS,FRUIT DRINKS/SWEETENED JUICE,Ultra-processed foods,unresolved,0,0,0,TRUE,2026-04-07T09:21:17.880566+00:00
WOTS BHARTI BEN KENYAN INDIAN MIX BHUSU CHEVDA,600,2510.4,3.7,48.4,,41.6667,0.7,0.576667,Bhusu Chevda,Solid,FRUIT DRINKS/SWEETENED JUICES & BOTTLED TEAS,FRUIT DRINKS/SWEETENED JUICE,Ultra-processed foods,unresolved,0,0,0,TRUE,2026-04-07T09:21:17.880566+00:00
WOTS CHILLI LEMON POTATO CRISPS,160,669,9,44,7,34,,,Potato Crisp,Solid,ENERGY DRINKS,ENERGY DRINKS,Ultra-processed foods,unresolved,0,0,0,TRUE,2026-04-07T09:21:17.880566+00:00
WOTS CLASSIC SALTED POTATO CRISPS,536,2242,7,53,,35,4,0.008,Potato Crisp,Solid,WHEAT FLOUR,WHEAT FLOUR - ATTA,Unprocessed/Minimally processed foods,unresolved,0,0,0,TRUE,2026-04-07T09:21:17.880566+00:00
WOTS COCONUT COOKIES,100,418.4,1,10,3,7,1,0.005,Cookies,Solid,WHOLE MILK,FRESH MILK,Unprocessed/Minimally processed foods,simulated_lookup_fuzzy,0.81,0.78,0.8,TRUE,2026-04-07T09:21:17.880566+00:00
WOTS CUSTARD COOKIES,170,711.28,1,27,10,7,1,0.04,Cookies,Solid,WHOLE MILK,FRESH MILK,Unprocessed/Minimally processed foods,unresolved,0,0,0,TRUE,2026-04-07T09:21:17.880566+00:00
WOTS FRYUMS CHEESE AND ONION SPIRALS,537,2146,8,55,2.8,28,,0.51,Cheese And Onion Spirals,Solid,ENERGY DRINKS,ENERGY DRINKS,Ultra-processed foods,unresolved,0,0,0,TRUE,2026-04-07T09:21:17.880566+00:00
WOTS FRYUMS YUMMY SPIRAL TOMATO,445,1861,7,69,5,15,,0.627,Spiral Tomato,Solid,ENERGY DRINKS,ENERGY DRINKS,Ultra-processed foods,unresolved,0,0,0,TRUE,2026-04-07T09:21:17.880566+00:00
WOTS HOME MADE CASHEWNUT COOKIES,370,1548.08,5,36,0,23,1,0.08,Cookies,Solid,ENERGY DRINKS,ENERGY DRINKS,Ultra-processed foods,unresolved,0,0,0,TRUE,2026-04-07T09:21:17.880566+00:00
WOTS HOME MADE OATS COOKIES,,,,,,,,,Cookies,Solid,FRUIT DRINKS/SWEETENED JUICES & BOTTLED TEAS,FRUIT DRINKS/SWEETENED JUICE,Ultra-processed foods,unresolved,0,0,0,TRUE,2026-04-07T09:21:17.880566+00:00
WOTS KENYAN CHILLI LEMON CHEVDO,90,376,3,15,,10,1,0.11,Chevdo,Solid,FRUIT DRINKS/SWEETENED JUICES & BOTTLED TEAS,FRUIT DRINKS/SWEETENED JUICE,Ultra-processed foods,unresolved,0,0,0,TRUE,2026-04-07T09:21:17.880566+00:00
WOTS KENYAN HOT AND SPICY CHEVDO,160,669,3,15,2,10,1,0.11,Chevdo,Solid,FRUIT DRINKS/SWEETENED JUICES & BOTTLED TEAS,FRUIT DRINKS/SWEETENED JUICE,Ultra-processed foods,unresolved,0,0,0,TRUE,2026-04-07T09:21:17.880566+00:00
WOTS KENYAN ORIGINAL CHEVDO,160,669,3,15,2,10,1,0.11,Chevdo,Solid,FRUIT DRINKS/SWEETENED JUICES & BOTTLED TEAS,FRUIT DRINKS/SWEETENED JUICE,Ultra-processed foods,unresolved,0,0,0,TRUE,2026-04-07T09:21:17.880566+00:00
WOTS KENYAN SUGAR FREE CHEVDO,160,669,3,15,2,10,1,0.11,Chevdo,Solid,FRUIT DRINKS/SWEETENED JUICES & BOTTLED TEAS,FRUIT DRINKS/SWEETENED JUICE,Ultra-processed foods,unresolved,0,0,0,TRUE,2026-04-07T09:21:17.880566+00:00
WOTS PLAIN SEV,545,2280.28,11.8,44.8,0,35.4,6.2,0.96,Sev,Solid,FRUIT DRINKS/SWEETENED JUICES & BOTTLED TEAS,FRUIT DRINKS/SWEETENED JUICE,Ultra-processed foods,unresolved,0,0,0,TRUE,2026-04-07T09:21:17.880566+00:00
WOTS SALTPEPPER BANANA CRISPS,165,690,,20,,8,1,0.073,Banana Crisps,Solid,FRUIT DRINKS/SWEETENED JUICES & BOTTLED TEAS,FRUIT DRINKS/SWEETENED JUICE,Ultra-processed foods,unresolved,0,0,0,TRUE,2026-04-07T09:21:17.880566+00:00
WOTS ZINGY TOMATO POTATO CRISPS,542,2242,5,59,2,31,,0.434,Potato Crisp,Solid,FRUIT DRINKS/SWEETENED JUICES & BOTTLED TEAS,FRUIT DRINKS/SWEETENED JUICE,Ultra-processed foods,unresolved,0,0,0,TRUE,2026-04-07T09:21:17.880566+00:00
WOW CORN PUFF VANILLA,401,1677,6.5,58.1,28,15.9,,0.72,Corn Puff,Solid,FRUIT DRINKS/SWEETENED JUICES & BOTTLED TEAS,FRUIT DRINKS/SWEETENED JUICE,Ultra-processed foods,unresolved,0,0,0,TRUE,2026-04-07T09:21:17.880566+00:00
WOW SALTED SNACKS,554,2317,7,51.7,2.6,35.5,,0.51,Rings Snacks,Solid,FRUIT DRINKS/SWEETENED JUICES & BOTTLED TEAS,FRUIT DRINKS/SWEETENED JUICE,Ultra-processed foods,simulated_lookup_fuzzy,0.741,0.711,0.731,TRUE,2026-04-07T09:21:17.880566+00:00
WOW SUGARED SNACKS,470,1966,9,70,13,17,3,0.49,Sugared Snacks,Solid,FRUIT DRINKS/SWEETENED JUICES & BOTTLED TEAS,FRUIT DRINKS/SWEETENED JUICE,Ultra-processed foods,simulated_lookup_fuzzy,0.759,0.729,0.749,TRUE,2026-04-07T09:21:17.880566+00:00
WOW SUGARED SNACKS PUFFS,470,1966,9,70,13,17,3,0.49,Puff,Solid,FRUIT DRINKS/SWEETENED JUICES & BOTTLED TEAS,FRUIT DRINKS/SWEETENED JUICE,Ultra-processed foods,unresolved,0,0,0,TRUE,2026-04-07T09:21:17.880566+00:00
WOW TOMATO PASTE,106,443,4.2,18.5,10.9,0.21,1.18,0.25,Corn Snacks,Paste,FRUIT DRINKS/SWEETENED JUICES & BOTTLED TEAS,FRUIT DRINKS/SWEETENED JUICE,Ultra-processed foods,simulated_lookup_fuzzy,0.848,0.818,0.838,TRUE,2026-04-07T09:21:17.880566+00:00
WOW VANILLA CORN PUFF,401,1677,6.5,58.1,28,15.9,,0.72,Corn Puff,Solid,FRUIT DRINKS/SWEETENED JUICES & BOTTLED TEAS,FRUIT DRINKS/SWEETENED JUICE,Ultra-processed foods,unresolved,0,0,0,TRUE,2026-04-07T09:21:17.880566+00:00
WRIGLEY'S DOUBLE-MINT CHEWING GUM,8,33.4,,2,2,,,,Chewing Gum,Solid,FRUIT DRINKS/SWEETENED JUICES & BOTTLED TEAS,FRUIT DRINKS/SWEETENED JUICE,Ultra-processed foods,unresolved,0,0,0,TRUE,2026-04-07T09:21:17.880566+00:00
WRIGLEY'S EXTRA STRAWBERRY CHEWING GUM 10 PIECES,168,699,0,67.7,0,0,0,0,Chewing Gum,Solid,FRUIT DRINKS/SWEETENED JUICES & BOTTLED TEAS,FRUIT DRINKS/SWEETENED JUICE,Ultra-processed foods,unresolved,0,0,0,TRUE,2026-04-07T09:21:17.880566+00:00
WRIGLEY'S EXTRA SUGAR FREE TROPICAL CHEWING GUM 30 PIECES,,,,,,,,,,,FRUIT DRINKS/SWEETENED JUICES & BOTTLED TEAS,FRUIT DRINKS/SWEETENED JUICE,Ultra-processed foods,unresolved,0,0,0,TRUE,2026-04-07T09:21:17.880566+00:00
WRIGLEY'S GREEN ARROW GREEN TEA MINT CHEWING GUM,175.2,743,,73,0.1,0.1,0.1,0.009,Chewing Gum,Solid,FRUIT DRINKS/SWEETENED JUICES & BOTTLED TEAS,FRUIT DRINKS/SWEETENED JUICE,Ultra-processed foods,unresolved,0,0,0,TRUE,2026-04-07T09:21:17.880566+00:00
WRIGLEY'S JUICY FRUIT STRAWBERRY CHEWING GUM X 10 PIECES,,,,,,,,,,,ENERGY DRINKS,ENERGY DRINKS,Ultra-processed foods,unresolved,0,0,0,TRUE,2026-04-07T09:21:17.880566+00:00
WRIGLEY'S ORBIT SUGAR FREE BUBBLEMINT CHEWING GUM (10 PIECES),148,615,,61.5,,,,,Chewing Gum,Solid,WHEAT FLOUR,WHEAT FLOUR - ATTA,Unprocessed/Minimally processed foods,unresolved,0,0,0,TRUE,2026-04-07T09:21:17.880566+00:00
WRIGLEY'S P K BREATH FRESHENER MENTHOL CHEWING GUM 10PIECES,,,,,,,,,Chewing Gum,Solid,WHOLE MILK,FRESH MILK,Unprocessed/Minimally processed foods,unresolved,0,0,0,TRUE,2026-04-07T09:21:17.880566+00:00
WRIGLEY'S P K BREATH FRESHENER PEPPER MINT CHEWING GUM 10PIECES,285.714,1142.86,0,71.4286,71.4286,0,0,0,Chewing Gum,Solid,WHOLE MILK,FRESH MILK,Unprocessed/Minimally processed foods,unresolved,0,0,0,TRUE,2026-04-07T09:21:17.880566+00:00
WRIGLEY'S SKITTLES FRUITS CHEW,407,1723,,87,71,,,,,,ENERGY DRINKS,ENERGY DRINKS,Ultra-processed foods,unresolved,0,0,0,TRUE,2026-04-07T09:21:17.880566+00:00
WRIGLEY'S SKITTLES SQUARE CLOUDS SOURS,,,,,,,,,,,ENERGY DRINKS,ENERGY DRINKS,Ultra-processed foods,unresolved,0,0,0,TRUE,2026-04-07T09:21:17.880566+00:00
WRIGLEY'S SKITTLES SQUISHY CLOUDZ FRUITS CANDY,,,,,,,,,,,ENERGY DRINKS,ENERGY DRINKS,Ultra-processed foods,unresolved,0,0,0,TRUE,2026-04-07T09:21:17.880566+00:00
WRIGLEYS EXTRA MINTS TROPICAL,,,,,,,,,,,FRUIT DRINKS/SWEETENED JUICES & BOTTLED TEAS,FRUIT DRINKS/SWEETENED JUICE,Ultra-processed foods,unresolved,0,0,0,TRUE,2026-04-07T09:21:17.880566+00:00
WU JIANG PRESERVED VEGETABLE,50,209.2,,5,0,5,2.5,2.55,Preserved Vegetable,Solid,FRUIT DRINKS/SWEETENED JUICES & BOTTLED TEAS,FRUIT DRINKS/SWEETENED JUICE,Ultra-processed foods,unresolved,0,0,0,TRUE,2026-04-07T09:21:17.880566+00:00
XINFA SWEET POTATO VERMICELLI NOODLES,337.3,1411,0,82.5,0,0,,,Potato Vermicelli Noodles,Solid,FRUIT DRINKS/SWEETENED JUICES & BOTTLED TEAS,FRUIT DRINKS/SWEETENED JUICE,Ultra-processed foods,unresolved,0,0,0,TRUE,2026-04-07T09:21:17.880566+00:00
XU FU JI CARAMEL EGG SACHIMA,505.02,2113,7.8,53.8,16.4,28.8,,0.28,Sachima,Solid,FRUIT DRINKS/SWEETENED JUICES & BOTTLED TEAS,FRUIT DRINKS/SWEETENED JUICE,Ultra-processed foods,unresolved,0,0,0,TRUE,2026-04-07T09:21:17.880566+00:00
XU FU JI STRAWBERRY ROLL COOKIE,525,2197,4.61,65.3,39.2,27.5,,,Roll Cookie,Solid,FRUIT DRINKS/SWEETENED JUICES & BOTTLED TEAS,FRUIT DRINKS/SWEETENED JUICE,Ultra-processed foods,unresolved,0,0,0,TRUE,2026-04-07T09:21:17.880566+00:00
YEGO DIGESTIVE BISCUITS,424.4,489.528,6.1,68.3,,15.2,,,Biscuits,Solid,FRUIT DRINKS/SWEETENED JUICES & BOTTLED TEAS,FRUIT DRINKS/SWEETENED JUICE,Ultra-processed foods,simulated_lookup_fuzzy,0.978,0.948,0.968,FALSE,2026-04-07T09:21:17.880566+00:00
YEGO GLUCOSE,478.99,2004,7.1,82.4,,15,,,Biscuits,Solid,SUGAR - POWDERED,GLUCOSE,Processed Culinary Ingredients,simulated_lookup_fuzzy,0.72,0.69,0.71,TRUE,2026-04-07T09:21:17.880566+00:00
YEGO MARIE BISCUITS,473.5,1979,7.4,78.3,,15.9,,,Biscuits,Solid,"COOKIES, BISCUITS AND WAFERS",BISCUITS,Ultra-processed foods,simulated_lookup_fuzzy,0.973,0.943,0.963,FALSE,2026-04-07T09:21:17.880566+00:00
YEGO NICE BISCUITS,468.5,489.528,6.49,77.2,,13.42,,,Biscuits,Solid,"COOKIES, BISCUITS AND WAFERS",BISCUITS,Ultra-processed foods,simulated_lookup_fuzzy,0.971,0.941,0.961,FALSE,2026-04-07T09:21:17.880566+00:00
YEGO SHORTCAKE BISCUITS,468.5,1960,6.49,77.2,,13.42,,,Biscuits,Solid,"COOKIES, BISCUITS AND WAFERS",BISCUITS,Ultra-processed foods,simulated_lookup_fuzzy,0.978,0.948,0.968,FALSE,2026-04-07T09:21:17.880566+00:00
YEO'S SAMBAL OELECK SAUCE,,,,,,,,,,,FRUIT DRINKS/SWEETENED JUICES & BOTTLED TEAS,FRUIT DRINKS/SWEETENED JUICE,Ultra-processed foods,unresolved,0,0,0,TRUE,2026-04-07T09:21:17.880566+00:00
YESHU COCONUT MILK DRINK,,,,,,,,,Coconut Milk Drink,Liquid,FRUIT DRINKS/SWEETENED JUICES & BOTTLED TEAS,FRUIT DRINKS/SWEETENED JUICE,Ultra-processed foods,unresolved,0,0,0,TRUE,2026-04-07T09:21:17.880566+00:00
YIN LU PURPLE SWEET POTATO AND PURPLE GLUTINOUS RICE SOUP MIX,81,339,1.5,13,6.5,2.5,7.8,,Soup Mix,Solid,FRUIT DRINKS/SWEETENED JUICES & BOTTLED TEAS,FRUIT DRINKS/SWEETENED JUICE,Ultra-processed foods,unresolved,0,0,0,TRUE,2026-04-07T09:21:17.880566+00:00
YINLU BARLEY AND RED BEAN MIXED CONGEE,78.58,329,2.5,1.4,3.2,1.3,,,Congee,Solid,FRUIT DRINKS/SWEETENED JUICES & BOTTLED TEAS,FRUIT DRINKS/SWEETENED JUICE,Ultra-processed foods,unresolved,0,0,0,TRUE,2026-04-07T09:21:17.880566+00:00
YINLU PEANUT MILK PROTEIN DRINK,81,339,1.5,13,6.5,2.5,7.8,,Protein Drink,Liquid,FRUIT DRINKS/SWEETENED JUICES & BOTTLED TEAS,FRUIT DRINKS/SWEETENED JUICE,Ultra-processed foods,unresolved,0,0,0,TRUE,2026-04-07T09:21:17.880566+00:00
YORKIE HONEYCOMB MILK CHOCOLATE,,,,,,,,,,,FRUIT DRINKS/SWEETENED JUICES & BOTTLED TEAS,FRUIT DRINKS/SWEETENED JUICE,Ultra-processed foods,unresolved,0,0,0,TRUE,2026-04-07T09:21:17.880566+00:00
YORKIE ORIGINAL,,,,,,,,,,,FRUIT DRINKS/SWEETENED JUICES & BOTTLED TEAS,FRUIT DRINKS/SWEETENED JUICE,Ultra-processed foods,unresolved,0,0,0,TRUE,2026-04-07T09:21:17.880566+00:00
YORKIE RAISIN & BISCUIT,,,,,,,,,,,FRUIT DRINKS/SWEETENED JUICES & BOTTLED TEAS,FRUIT DRINKS/SWEETENED JUICE,Ultra-processed foods,unresolved,0,0,0,TRUE,2026-04-07T09:21:17.880566+00:00
YOU C1000 HEALTH LEMON VITAMIN DRINK,24,105,0.4,0.1,0.1,,,,Vitamin Drink,Liquid,FRUIT DRINKS/SWEETENED JUICES & BOTTLED TEAS,FRUIT DRINKS/SWEETENED JUICE,Ultra-processed foods,unresolved,0,0,0,TRUE,2026-04-07T09:21:17.880566+00:00
YOU C1000 HEALTH ORANGE DRINK,24,105,0.4,0.1,0.1,,,,Drink,Liquid,FRUIT DRINKS/SWEETENED JUICES & BOTTLED TEAS,FRUIT DRINKS/SWEETENED JUICE,Ultra-processed foods,unresolved,0,0,0,TRUE,2026-04-07T09:21:17.880566+00:00
ZANZIBAR BASIL SPICES,0,0,100,200,,,200,,Basil Spices,Powder,FRUIT DRINKS/SWEETENED JUICES & BOTTLED TEAS,FRUIT DRINKS/SWEETENED JUICE,Ultra-processed foods,unresolved,0,0,0,TRUE,2026-04-07T09:21:17.880566+00:00
ZANZIBAR CHILLI FLAKES SPICES,281.481,1174.07,14.8148,48.1481,7.40741,14.8148,33.3333,2.85185,Chilli Flakes Spices,Powder,FRUIT DRINKS/SWEETENED JUICES & BOTTLED TEAS,FRUIT DRINKS/SWEETENED JUICE,Ultra-processed foods,unresolved,0,0,0,TRUE,2026-04-07T09:21:17.880566+00:00
ZANZIBAR CHIPS MASALA SPICES,428.571,1792.86,10.7143,39.2857,7.14286,28.5714,3.57143,,Chips Masala Spices,Powder,ENERGY DRINKS,ENERGY DRINKS,Ultra-processed foods,unresolved,0,0,0,TRUE,2026-04-07T09:21:17.880566+00:00
ZANZIBAR CURRY POWDER,325,1359.8,13,58,2.8,14,33,0.052,Curry Powder,Powder,WHEAT FLOUR,WHEAT FLOUR - ATTA,Unprocessed/Minimally processed foods,simulated_lookup_fuzzy,0.8,0.77,0.79,TRUE,2026-04-07T09:21:17.880566+00:00
ZANZIBAR GARAM MASALA SPICES,331,1384.9,17,73,2.4,0.7,9,0.06,Garam Masala Spices,Powder,WHOLE MILK,FRESH MILK,Unprocessed/Minimally processed foods,unresolved,0,0,0,TRUE,2026-04-07T09:21:17.880566+00:00
ZANZIBAR GARLIC POWDER SPICES,331,1384.9,17,73,2.4,0.7,9,0.06,Garlic Powder Spices,Powder,WHOLE MILK,FRESH MILK,Unprocessed/Minimally processed foods,unresolved,0,0,0,TRUE,2026-04-07T09:21:17.880566+00:00
ZANZIBAR GITHERI MASALA SPICES,,,,,,,,,Githeri Masala Spices,Powder,ENERGY DRINKS,ENERGY DRINKS,Ultra-processed foods,unresolved,0,0,0,TRUE,2026-04-07T09:21:17.880566+00:00
ZANZIBAR GROUND BEEF MASALA,100,418,13,32,,12,17,1.4,Ground Beef Masala,Powder,ENERGY DRINKS,ENERGY DRINKS,Ultra-processed foods,unresolved,0,0,0,TRUE,2026-04-07T09:21:17.880566+00:00
ZANZIBAR GROUND CINNAMON SPICES,247,1033,4,81,2.2,1.2,53,0.01,Ground Cinnamon Spices,Powder,ENERGY DRINKS,ENERGY DRINKS,Ultra-processed foods,unresolved,0,0,0,TRUE,2026-04-07T09:21:17.880566+00:00
ZANZIBAR GROUND CORIANDER SPICES,300,1250,11.1111,55.5556,,16.6667,44.4444,0.0333333,Ground Coriander Spices,Powder,FRUIT DRINKS/SWEETENED JUICES & BOTTLED TEAS,FRUIT DRINKS/SWEETENED JUICE,Ultra-processed foods,unresolved,0,0,0,TRUE,2026-04-07T09:21:17.880566+00:00
ZANZIBAR GROUND GINGER MASALA,333.333,1388.89,11.1111,72.2222,5.55556,5.55556,16.6667,0.0277778,Ground Ginger Masala,Powder,FRUIT DRINKS/SWEETENED JUICES & BOTTLED TEAS,FRUIT DRINKS/SWEETENED JUICE,Ultra-processed foods,unresolved,0,0,0,TRUE,2026-04-07T09:21:17.880566+00:00
ZANZIBAR GROUND PILAU MASALA,,,,,,,,,Ground Pilau Masala,Powder,FRUIT DRINKS/SWEETENED JUICES & BOTTLED TEAS,FRUIT DRINKS/SWEETENED JUICE,Ultra-processed foods,unresolved,0,0,0,TRUE,2026-04-07T09:21:17.880566+00:00
ZANZIBAR GROUNDED CARDAMOM SPICES,311,1301,11,68,,7,28,0.018,Cardamom Spices,Powder,FRUIT DRINKS/SWEETENED JUICES & BOTTLED TEAS,FRUIT DRINKS/SWEETENED JUICE,Ultra-processed foods,unresolved,0,0,0,TRUE,2026-04-07T09:21:17.880566+00:00
ZANZIBAR GROUNDED CHICKEN MASALA SPICES,154.661,647.034,11.8644,4.66102,2.9661,10.1695,0.911017,0.551059,Grounded Chicken Masala Spices,Powder,FRUIT DRINKS/SWEETENED JUICES & BOTTLED TEAS,FRUIT DRINKS/SWEETENED JUICE,Ultra-processed foods,unresolved,0,0,0,TRUE,2026-04-07T09:21:17.880566+00:00
ZANZIBAR OREGANO SPICES,265,1108,9,69,4,4,42.5,0.025,Oregano Spices,Powder,FRUIT DRINKS/SWEETENED JUICES & BOTTLED TEAS,FRUIT DRINKS/SWEETENED JUICE,Ultra-processed foods,unresolved,0,0,0,TRUE,2026-04-07T09:21:17.880566+00:00
ZANZIBAR PAPRIKA SPICES,282,1179,14,54,10,13,35,0.068,Paprika Spices,Powder,FRUIT DRINKS/SWEETENED JUICES & BOTTLED TEAS,FRUIT DRINKS/SWEETENED JUICE,Ultra-processed foods,unresolved,0,0,0,TRUE,2026-04-07T09:21:17.880566+00:00
ZANZIBAR PARSLEY SPICES,36,150.6,3,6,0.9,0.8,3.3,0.056,Parsley Spices,Powder,FRUIT DRINKS/SWEETENED JUICES & BOTTLED TEAS,FRUIT DRINKS/SWEETENED JUICE,Ultra-processed foods,unresolved,0,0,0,TRUE,2026-04-07T09:21:17.880566+00:00
ZANZIBAR ROSEMARY LEAVES SPICES,,,,,,,,,Rosemary Leaves Spices,Powder,FRUIT DRINKS/SWEETENED JUICES & BOTTLED TEAS,FRUIT DRINKS/SWEETENED JUICE,Ultra-processed foods,unresolved,0,0,0,TRUE,2026-04-07T09:21:17.880566+00:00
ZANZIBAR SPICES CAYENNE CHILLI POWDER,629.032,,9.67742,103.226,,16.129,,,Chilli Powder,,FRUIT DRINKS/SWEETENED JUICES & BOTTLED TEAS,FRUIT DRINKS/SWEETENED JUICE,Ultra-processed foods,unresolved,0,0,0,TRUE,2026-04-07T09:21:17.880566+00:00
ZANZIBAR SPICES CLOVES POWDER,404,1690.34,7.7,64.8,,12.7,,,Cloves Powder,Powder,FRUIT DRINKS/SWEETENED JUICES & BOTTLED TEAS,FRUIT DRINKS/SWEETENED JUICE,Ultra-processed foods,unresolved,0,0,0,TRUE,2026-04-07T09:21:17.880566+00:00
ZANZIBAR SPICES DHANA JEERA SPICE,324,,,22,,19,,,Dhana Jeera Powder,Powder,FRUIT DRINKS/SWEETENED JUICES & BOTTLED TEAS,FRUIT DRINKS/SWEETENED JUICE,Ultra-processed foods,unresolved,0,0,0,TRUE,2026-04-07T09:21:17.880566+00:00
ZANZIBAR SPICES HERBS DE PROVENCE SPICE,,,,,,,,,Herbs De Provence,Powder,FRUIT DRINKS/SWEETENED JUICES & BOTTLED TEAS,FRUIT DRINKS/SWEETENED JUICE,Ultra-processed foods,unresolved,0,0,0,TRUE,2026-04-07T09:21:17.880566+00:00
ZANZIBAR TEA MASALA SPICES,2.05882,8.61345,0.0420168,0.588235,,0.0420168,0.12605,0.000336134,Tea Masala Spices,Powder,FRUIT DRINKS/SWEETENED JUICES & BOTTLED TEAS,FRUIT DRINKS/SWEETENED JUICE,Ultra-processed foods,unresolved,0,0,0,TRUE,2026-04-07T09:21:17.880566+00:00
ZANZIBAR TURMERIC POWDER SPICES,354,1481,8,65,3.2,10,21,0.038,Turmeric Powder Spices,Powder,FRUIT DRINKS/SWEETENED JUICES & BOTTLED TEAS,FRUIT DRINKS/SWEETENED JUICE,Ultra-processed foods,unresolved,0,0,0,TRUE,2026-04-07T09:21:17.880566+00:00
ZAZA MAYONNAISE,,,,,,,,,,,FRUIT DRINKS/SWEETENED JUICES & BOTTLED TEAS,FRUIT DRINKS/SWEETENED JUICE,Ultra-processed foods,simulated_lookup_fuzzy,0.8,0.77,0.79,TRUE,2026-04-07T09:21:17.880566+00:00
ZED CANDY JAWBREAKER ON A STICK MONSTER 5 FLAVOURS LOLLIPOP,,,,,,,,,,,FRUIT DRINKS/SWEETENED JUICES & BOTTLED TEAS,FRUIT DRINKS/SWEETENED JUICE,Ultra-processed foods,unresolved,0,0,0,TRUE,2026-04-07T09:21:17.880566+00:00
ZED CANDY JAWBREAKER STRAWBERRY HARD CANDY BALLS,,,,,,,,,,,FRUIT DRINKS/SWEETENED JUICES & BOTTLED TEAS,FRUIT DRINKS/SWEETENED JUICE,Ultra-processed foods,unresolved,0,0,0,TRUE,2026-04-07T09:21:17.880566+00:00
ZED CANDY JUMBO JAWBREAKER SOUR HARD CANDY BALLS,370.46,1549.64,0,89.5884,0,0,0,,,,ENERGY DRINKS,ENERGY DRINKS,Ultra-processed foods,unresolved,0,0,0,TRUE,2026-04-07T09:21:17.880566+00:00
ZED CANDY SOUR JAWBREAKER HARD CANDY BALLS,370.46,1549.64,0,89.5884,0,0,0,,,,WHEAT FLOUR,WHEAT FLOUR - ATTA,Unprocessed/Minimally processed foods,unresolved,0,0,0,TRUE,2026-04-07T09:21:17.880566+00:00
ZED FRUITS SALAD SOFT CHEWY CANDY,40,167.36,,9,8,,,,Chewy Candy,Solid,WHOLE MILK,FRESH MILK,Unprocessed/Minimally processed foods,unresolved,0,0,0,TRUE,2026-04-07T09:21:17.880566+00:00
ZED FUNNY FACES SOFT CHEWY CANDY,40,167.36,,9,8,0.5,,,Chewy Candy,Solid,WHOLE MILK,FRESH MILK,Unprocessed/Minimally processed foods,unresolved,0,0,0,TRUE,2026-04-07T09:21:17.880566+00:00
ZED GIANT FRUIT JELLY BEANS,380,1606,0,97,74,0,,,Jelly Beans,Solid,ENERGY DRINKS,ENERGY DRINKS,Ultra-processed foods,unresolved,0,0,0,TRUE,2026-04-07T09:21:17.880566+00:00
ZED MAGIC EGGS SOFT CHEWY CANDY,40,167.36,,9,8,0.5,,,Chewy Candy,Solid,ENERGY DRINKS,ENERGY DRINKS,Ultra-processed foods,unresolved,0,0,0,TRUE,2026-04-07T09:21:17.880566+00:00
ZESTA APRICOT JAM,48,200.832,1.4,11,9,0.4,2,0.001,Jam,Jelly,ENERGY DRINKS,ENERGY DRINKS,Ultra-processed foods,unresolved,0,0,0,TRUE,2026-04-07T09:21:17.880566+00:00
ZESTA BAKING POWDER,,,,,,,,,,Cream,FRUIT DRINKS/SWEETENED JUICES & BOTTLED TEAS,FRUIT DRINKS/SWEETENED JUICE,Ultra-processed foods,unresolved,0,0,0,TRUE,2026-04-07T09:21:17.880566+00:00
ZESTA BICARBONATE SODA,,,,,,,,,Soda,Powder,FRUIT DRINKS/SWEETENED JUICES & BOTTLED TEAS,FRUIT DRINKS/SWEETENED JUICE,Ultra-processed foods,simulated_lookup_fuzzy,0.936,0.906,0.926,FALSE,2026-04-07T09:21:17.880566+00:00
ZESTA BROWN VINEGAR,50,209.2,,2.2,1,,,0.011,Vinegar,Liquid,FRUIT DRINKS/SWEETENED JUICES & BOTTLED TEAS,FRUIT DRINKS/SWEETENED JUICE,Ultra-processed foods,simulated_lookup_fuzzy,0.833,0.803,0.823,TRUE,2026-04-07T09:21:17.880566+00:00
ZESTA CASTER SUGAR,400,1673.6,0,100,100,0,0,0.0003,Caster Sugar,Solid,FRUIT DRINKS/SWEETENED JUICES & BOTTLED TEAS,FRUIT DRINKS/SWEETENED JUICE,Ultra-processed foods,unresolved,0,0,0,TRUE,2026-04-07T09:21:17.880566+00:00
ZESTA CHILLI GARLIC SAUCE,,,,,,,,,,,FRUIT DRINKS/SWEETENED JUICES & BOTTLED TEAS,FRUIT DRINKS/SWEETENED JUICE,Ultra-processed foods,simulated_lookup_fuzzy,0.837,0.807,0.827,TRUE,2026-04-07T09:21:17.880566+00:00
ZESTA CHILLI MAYONNAISE,,,,,,,,,,,FRUIT DRINKS/SWEETENED JUICES & BOTTLED TEAS,FRUIT DRINKS/SWEETENED JUICE,Ultra-processed foods,simulated_lookup_fuzzy,0.766,0.736,0.756,TRUE,2026-04-07T09:21:17.880566+00:00
ZESTA CHILLI SAUCE,,,,,,,,,,,TABLE SAUCES,CHILLI/HOT SAUCE,Ultra-processed foods,simulated_lookup_exact,0.99,0.99,0.99,FALSE,2026-04-07T09:21:17.880566+00:00
ZESTA CHILLI TAMARIND SAUCE,205,857.72,0,38,38,5.1,0,0.572,Sauce,Paste,TABLE SAUCES,CHILLI/HOT SAUCE,Ultra-processed foods,simulated_lookup_fuzzy,0.8,0.77,0.79,TRUE,2026-04-07T09:21:17.880566+00:00
ZESTA CHOMA SAUCE,138.08,577.72,0.99,33.53,29.48,,,0.84,Choma Sauce,Paste,TABLE SAUCES,TOMATO SAUCE,Ultra-processed foods,simulated_lookup_fuzzy,0.857,0.827,0.847,FALSE,2026-04-07T09:21:17.880566+00:00
ZESTA CORN FLOUR,357.2,1494,0.88,88.42,,0.01,,1.40E-05,Corn Flour,Powder,MAIZE/CORN FLOUR,CORN FLOUR,Unprocessed/Minimally processed foods,simulated_lookup_fuzzy,0.727,0.697,0.717,TRUE,2026-04-07T09:21:17.880566+00:00
ZESTA CRUNCHY PEANUT BUTTER,642,2686.13,26,20,9,51,5,0.35,Peanut Butter,Paste,UNRESOLVED,UNRESOLVED,Unknown,unresolved,0,0,0,TRUE,2026-04-07T09:21:17.880566+00:00
ZESTA DARK SOY SAUCE,,,,,,,,,,,TABLE SAUCES,TOMATO SAUCE,Ultra-processed foods,simulated_lookup_fuzzy,0.737,0.707,0.727,TRUE,2026-04-07T09:21:17.880566+00:00
ZESTA EGGLESS MAYONNAISE,580,2426.72,1,9,4,,,0.45,Mayonnaise,Paste,TABLE SAUCES,MAYONNAISE,Ultra-processed foods,simulated_lookup_exact,0.99,0.99,0.99,FALSE,2026-04-07T09:21:17.880566+00:00
ZESTA FRUITY SPICY SAUCE,,,,,,,,,,,UNRESOLVED,UNRESOLVED,Unknown,unresolved,0,0,0,TRUE,2026-04-07T09:21:17.880566+00:00
ZESTA GOOSEBERRY JAM,318.4,1332.18,1.2,78.41,,0.1,0.8,,Gooseberry Jam,Jelly,JAM/OTHER SPREADS,FRUIT JAM,Ultra-processed foods,simulated_lookup_fuzzy,0.8,0.77,0.79,TRUE,2026-04-07T09:21:17.880566+00:00
ZESTA GRAVY BROWNING,189,799,17.3,30.4,2.4,0.4,6.7,0,Gravy Browning,Liquid,UNRESOLVED,UNRESOLVED,Unknown,unresolved,0,0,0,TRUE,2026-04-07T09:21:17.880566+00:00
ZESTA HOT&SWEET C/SAUCE,,,,,,,,,,,TABLE SAUCES,CHILLI/HOT SAUCE,Ultra-processed foods,simulated_lookup_fuzzy,0.913,0.883,0.903,FALSE,2026-04-07T09:21:17.880566+00:00
ZESTA HOT&SWEET SAUCE,,,,,,,,,,,TABLE SAUCES,CHILLI/HOT SAUCE,Ultra-processed foods,simulated_lookup_fuzzy,0.955,0.925,0.945,FALSE,2026-04-07T09:21:17.880566+00:00
ZESTA ICING SUGAR,400,1700,,100,97,,,,Icing Sugar,Powder,SUGAR - POWDERED,ICING SUGAR,Processed Culinary Ingredients,simulated_lookup_fuzzy,0.895,0.865,0.885,FALSE,2026-04-07T09:21:17.880566+00:00
ZESTA KETCHUP,,,,,,,,,,,UNRESOLVED,UNRESOLVED,Unknown,unresolved,0,0,0,TRUE,2026-04-07T09:21:17.880566+00:00
ZESTA LIGHT SOY SAUCE,,,,,,,,,,,TABLE SAUCES,CHILLI/HOT SAUCE,Ultra-processed foods,simulated_lookup_fuzzy,0.727,0.697,0.717,TRUE,2026-04-07T09:21:17.880566+00:00
ZESTA MANDAZI BORA BAKING POWDER,,,,,,,,,,,UNRESOLVED,UNRESOLVED,Unknown,unresolved,0,0,0,TRUE,2026-04-07T09:21:17.880566+00:00
ZESTA MAYONNAISE BARBECUE SAUCE,,,,,,,,,,,UNRESOLVED,UNRESOLVED,Unknown,unresolved,0,0,0,TRUE,2026-04-07T09:21:17.880566+00:00
ZESTA MIXED FRUIT JAM,320,1338.88,1,77,0,0,1,0,Jam,Paste,JAM/OTHER SPREADS,FRUIT JAM,Ultra-processed foods,simulated_lookup_exact,0.99,0.99,0.99,FALSE,2026-04-07T09:21:17.880566+00:00
ZESTA ORANGE MARMALADE FRUIT JAM,245,1025.08,0.3,65,60,0.3,0.7,0.037,Jam,Jelly,JAM/OTHER SPREADS,MARMALADE,Ultra-processed foods,simulated_lookup_fuzzy,0.815,0.785,0.805,TRUE,2026-04-07T09:21:17.880566+00:00
ZESTA ORANGE MARMALADE JAM,317.2,1327.16,1,77.76,0,0.1,1.6,0,Jam,Paste,JAM/OTHER SPREADS,MARMALADE,Ultra-processed foods,simulated_lookup_fuzzy,0.917,0.887,0.907,FALSE,2026-04-07T09:21:17.880566+00:00
ZESTA PINEAPPLE JAM,270,1129.68,70,65,,10,,0.61,Jam,Jelly,JAM/OTHER SPREADS,FRUIT JAM,Ultra-processed foods,simulated_lookup_fuzzy,0.85,0.82,0.84,FALSE,2026-04-07T09:21:17.880566+00:00
ZESTA PREMIUM TOMATO KETCHUP,103,430.95,1.35,39.59,22.47,0.1,,0.00011,Ketchup,Paste,TABLE SAUCES,TOMATO KETCHUP,Ultra-processed foods,simulated_lookup_fuzzy,0.72,0.69,0.71,TRUE,2026-04-07T09:21:17.880566+00:00
ZESTA PURE NATURAL HONEY SQUEEZE,333.333,1394.67,,80,80,,,0.0133333,Honey,Paste,UNRESOLVED,UNRESOLVED,Unknown,unresolved,0,0,0,TRUE,2026-04-07T09:21:17.880566+00:00
ZESTA RASPBERRY JAM,232,970.68,0.5,56,0.3,0.5,3.9,0.007,Raspberry Jam,Jelly,JAM/OTHER SPREADS,FRUIT JAM,Ultra-processed foods,simulated_lookup_fuzzy,0.872,0.842,0.862,FALSE,2026-04-07T09:21:17.880566+00:00
ZESTA RED PLUM FRUIT JAM,280,1171.52,0.4,70,48.5,0.1,1.1,0.032,Jam,Jelly,JAM/OTHER SPREADS,FRUIT JAM,Ultra-processed foods,simulated_lookup_fuzzy,0.857,0.827,0.847,FALSE,2026-04-07T09:21:17.880566+00:00
ZESTA RED PLUM JAM,278,1163,0.35,69,0.6,0.15,1.2,0.0214,Jam,Jelly,JAM/OTHER SPREADS,FRUIT JAM,Ultra-processed foods,simulated_lookup_exact,0.99,0.99,0.99,FALSE,2026-04-07T09:21:17.880566+00:00
ZESTA SAUCE 8PIECES GIFT,,,,,,,,,,,UNRESOLVED,UNRESOLVED,Unknown,unresolved,0,0,0,TRUE,2026-04-07T09:21:17.880566+00:00
ZESTA SMOOTH PEANUT BUTTER,93,389.11,4,3,1,7,1.5,0.003,Peanut Butter,Paste,PEANUT BUTTER,PEANUT BUTTER,Ultra-processed foods,simulated_lookup_fuzzy,0.731,0.701,0.721,TRUE,2026-04-07T09:21:17.880566+00:00
ZESTA STRAWBERRY JAM,318.4,1332.19,1.19,78,,0.1,0.8,,Jam,Jelly,JAM/OTHER SPREADS,FRUIT JAM,Ultra-processed foods,simulated_lookup_exact,0.99,0.99,0.99,FALSE,2026-04-07T09:21:17.880566+00:00
ZESTA TESTED DOUBLE ACTION BAKING POWDER,110,460.2,,20,,,,4.6,Baking Powder,Powder,UNRESOLVED,UNRESOLVED,Unknown,unresolved,0,0,0,TRUE,2026-04-07T09:21:17.880566+00:00
ZESTA TOMATO GARLIC SAUCE,,,,,,,,,,,TABLE SAUCES,TOMATO SAUCE,Ultra-processed foods,simulated_lookup_fuzzy,0.837,0.807,0.827,TRUE,2026-04-07T09:21:17.880566+00:00
ZESTA TOMATO KETCHUP,,,,,,,,,,,TABLE SAUCES,TOMATO KETCHUP,Ultra-processed foods,simulated_lookup_fuzzy,0.857,0.827,0.847,FALSE,2026-04-07T09:21:17.880566+00:00
ZESTA TOMATO KETCHUP HOT,,,,,,,,,,,TABLE SAUCES,TOMATO KETCHUP,Ultra-processed foods,simulated_lookup_fuzzy,0.783,0.753,0.773,TRUE,2026-04-07T09:21:17.880566+00:00
ZESTA TOMATO SAUCE,103,430.952,1,16,22,,5,,Tomato Sauce,Paste,TABLE SAUCES,TOMATO SAUCE,Ultra-processed foods,simulated_lookup_exact,0.99,0.99,0.99,FALSE,2026-04-07T09:21:17.880566+00:00
ZESTA VANILLA ESSENCE,,,,,,,,,Essence,Liquid,FOOD FLAVOUR ADDITIVES,FOOD FLAVOUR ADDITIVES,Ultra-processed foods,simulated_lookup_fuzzy,0.818,0.788,0.808,TRUE,2026-04-07T09:21:17.880566+00:00
ZESTA VERRY BERRY JAM,200,836.8,0,53.3,46.7,0,0,0,Jam,Jelly,JAM/OTHER SPREADS,FRUIT JAM,Ultra-processed foods,simulated_lookup_fuzzy,0.78,0.75,0.77,TRUE,2026-04-07T09:21:17.880566+00:00
ZESTA WHITE VINEGAR,,,,,,,,,White Vinegar,Liquid,TABLE SAUCES,VINEGAR,Ultra-processed foods,simulated_lookup_fuzzy,0.833,0.803,0.823,TRUE,2026-04-07T09:21:17.880566+00:00
ZESTA YELLOW MUSTARD,,,,,,,,,,,UNRESOLVED,UNRESOLVED,Unknown,unresolved,0,0,0,TRUE,2026-04-07T09:21:17.880566+00:00
